00:03.203  blend            | Read blend: "C:\Users\yigit\angora-tur10\adim10\web-calisma\web-hazir.blend"
09:39:10 | INFO: Data are loaded, start creating Blender stuff
09:39:10 | INFO: Blender create Mesh node EK_A04_F18_34_sarkit
09:39:11 | INFO: Blender create Mesh node EK_A04_F18_34_zincir_halka.059
09:39:11 | INFO: Blender create Mesh node EK_A04_F18_34_zincir_halka.060
09:39:11 | INFO: Blender create Mesh node EK_A04_F18_34_zincir_halka.061
09:39:11 | INFO: Blender create Mesh node EK_A04_F18_34_zincir_halka.062
09:39:11 | INFO: Blender create Mesh node EK_A04_F18_34_zincir_halka.063
09:39:11 | INFO: Blender create Mesh node EK_A04_F18_34_zincir_halka.064
09:39:11 | INFO: Blender create Mesh node EK_A04_F18_34_zincir_halka.065
09:39:11 | INFO: Blender create Mesh node EK_A04_F18_34_zincir_halka.066
09:39:11 | INFO: Blender create Mesh node EK_A04_F18_34_zincir_halka.067
09:39:11 | INFO: Blender create Mesh node EK_A04_F18_34_zincir_halka.068
09:39:11 | INFO: Blender create Mesh node EK_A04_F18_34_zincir_halka.069
09:39:11 | INFO: Blender create Mesh node EK_A04_F18_34_zincir_halka.070
09:39:11 | INFO: Blender create Mesh node EK_A04_F18_34_zincir_halka.071
09:39:11 | INFO: Blender create Mesh node EK_A04_F18_34_zincir_halka.072
09:39:11 | INFO: Blender create Mesh node EK_A04_F18_34_zincir_halka.073
09:39:11 | INFO: Blender create Mesh node EK_A04_F18_34_zincir_halka.074
09:39:11 | INFO: Blender create Mesh node EK_A04_F18_34_zincir_halka.075
09:39:11 | INFO: Blender create Mesh node EK_A04_F18_34_zincir_halka.076
09:39:11 | INFO: Blender create Mesh node EK_A04_F18_34_zincir_halka.077
09:39:11 | INFO: Blender create Mesh node EK_A04_F18_alt_aplik_cam
09:39:11 | INFO: Blender create Mesh node EK_A04_F18_alt_aplik_kol
09:39:11 | INFO: Blender create Mesh node EK_A04_F18_alt_aplik_rozet
09:39:11 | INFO: Blender create Mesh node EK_A04_F40_plafonyer_opal
09:39:11 | INFO: Blender create Mesh node EK_A04_F40_plafonyer_rozet
09:39:11 | INFO: Blender create Mesh node EK_A04_F40_plafonyer_topuz
09:39:11 | INFO: Blender create Mesh node EK_A04_K04_esik_kapagi
09:39:11 | INFO: Blender create Mesh node EK_A04_K05_esik_kapagi
09:39:11 | INFO: Blender create Mesh node EK_A04_K06_esik_kapagi
09:39:11 | INFO: Blender create Mesh node EK_A04_K07_esik_kapagi
09:39:11 | INFO: Blender create Mesh node EK_A04_K08_esik_kapagi
09:39:11 | INFO: Blender create Mesh node EK_A04_K09_esik_kapagi
09:39:11 | INFO: Blender create Mesh node EK_A04_K09_kasa_ic_kaplama
09:39:11 | INFO: Blender create Mesh node EK_A04_K09_kasa_ic_kaplama.001
09:39:11 | INFO: Blender create Mesh node EK_A04_K09_kasa_ust_kaplama
09:39:11 | INFO: Blender create Mesh node EK_A04_K10_esik_kapagi
09:39:11 | INFO: Blender create Mesh node EK_A04_K10_kasa_ic_kaplama
09:39:11 | INFO: Blender create Mesh node EK_A04_K10_kasa_ic_kaplama.001
09:39:11 | INFO: Blender create Mesh node EK_A04_K10_kasa_ust_kaplama
09:39:11 | INFO: Blender create Mesh node EK_A04_K11_esik_kapagi
09:39:11 | INFO: Blender create Mesh node EK_A04_K11_kasa_ic_kaplama
09:39:11 | INFO: Blender create Mesh node EK_A04_K11_kasa_ic_kaplama.001
09:39:11 | INFO: Blender create Mesh node EK_A04_K11_kasa_ust_kaplama
09:39:11 | INFO: Blender create Mesh node EK_A04_K12_esik_kapagi
09:39:11 | INFO: Blender create Mesh node EK_A04_K12_kasa_ic_kaplama
09:39:11 | INFO: Blender create Mesh node EK_A04_K12_kasa_ic_kaplama.001
09:39:11 | INFO: Blender create Mesh node EK_A04_K12_kasa_ust_kaplama
09:39:11 | INFO: Blender create Mesh node EK_A04_K13_esik_kapagi
09:39:11 | INFO: Blender create Mesh node EK_A04_K13_kasa_ic_kaplama
09:39:11 | INFO: Blender create Mesh node EK_A04_K13_kasa_ic_kaplama.001
09:39:11 | INFO: Blender create Mesh node EK_A04_K13_kasa_ust_kaplama
09:39:11 | INFO: Blender create Mesh node EK_A05_F42_yuvarlak_1
09:39:11 | INFO: Blender create Mesh node EK_A05_F42_yuvarlak_2
09:39:11 | INFO: Blender create Mesh node EK_A05_F42_yuvarlak_3
09:39:11 | INFO: Blender create Mesh node EK_A05_kartonpiyer_birlesik
09:39:11 | INFO: Blender create Mesh node EK_A08_Cift_kasa
09:39:11 | INFO: Blender create Mesh node EK_A08_Cift_kasa.001
09:39:11 | INFO: Blender create Mesh node EK_A08_Cift_pervaz
09:39:11 | INFO: Blender create Mesh node EK_A08_Cift_pervaz.001
09:39:11 | INFO: Blender create Mesh node EK_A08_Cift_pervaz.002
09:39:11 | INFO: Blender create Mesh node EK_A08_Cift_pervaz.003
09:39:11 | INFO: Blender create Mesh node EK_A08_Cift_sag_alt
09:39:11 | INFO: Blender create Mesh node EK_A08_Cift_sag_cam
09:39:11 | INFO: Blender create Mesh node EK_A08_Cift_sag_dikme
09:39:11 | INFO: Blender create Mesh node EK_A08_Cift_sag_dikme.001
09:39:11 | INFO: Blender create Mesh node EK_A08_Cift_sag_kol
09:39:11 | INFO: Blender create Mesh node EK_A08_Cift_sag_mentese
09:39:11 | INFO: Blender create Mesh node EK_A08_Cift_sag_mentese.001
09:39:11 | INFO: Blender create Mesh node EK_A08_Cift_sag_mentese.002
09:39:11 | INFO: Blender create Mesh node EK_A08_Cift_sag_ust
09:39:11 | INFO: Blender create Mesh node EK_A08_Cift_sol_alt
09:39:11 | INFO: Blender create Mesh node EK_A08_Cift_sol_cam
09:39:11 | INFO: Blender create Mesh node EK_A08_Cift_sol_dikme
09:39:11 | INFO: Blender create Mesh node EK_A08_Cift_sol_dikme.001
09:39:11 | INFO: Blender create Mesh node EK_A08_Cift_sol_kol
09:39:11 | INFO: Blender create Mesh node EK_A08_Cift_sol_mentese
09:39:11 | INFO: Blender create Mesh node EK_A08_Cift_sol_mentese.001
09:39:11 | INFO: Blender create Mesh node EK_A08_Cift_sol_mentese.002
09:39:11 | INFO: Blender create Mesh node EK_A08_Cift_sol_ust
09:39:11 | INFO: Blender create Mesh node EK_A08_Cift_ust_kasa
09:39:11 | INFO: Blender create Mesh node EK_A08_F02_dolu_merdiven_alti
09:39:11 | INFO: Blender create Mesh node EK_A09_F47_tek_duvar
09:39:11 | INFO: Blender create Mesh node EK_M1_supurgelik_001
09:39:11 | INFO: Blender create Mesh node EK_M1_supurgelik_002
09:39:11 | INFO: Blender create Mesh node EK_M1_supurgelik_003
09:39:11 | INFO: Blender create Mesh node EK_M1_supurgelik_004
09:39:11 | INFO: Blender create Mesh node EK_M1_supurgelik_005
09:39:11 | INFO: Blender create Mesh node EK_M1_supurgelik_006
09:39:11 | INFO: Blender create Mesh node EK_M1_supurgelik_007
09:39:11 | INFO: Blender create Mesh node EK_M1_supurgelik_008
09:39:11 | INFO: Blender create Mesh node EK_M1_supurgelik_009
09:39:11 | INFO: Blender create Mesh node EK_M1_supurgelik_010
09:39:11 | INFO: Blender create Mesh node EK_M1_supurgelik_011
09:39:11 | INFO: Blender create Mesh node EK_M1_supurgelik_012
09:39:11 | INFO: Blender create Mesh node EK_M1_supurgelik_013
09:39:11 | INFO: Blender create Mesh node EK_M1_supurgelik_014
09:39:11 | INFO: Blender create Mesh node EK_M1_supurgelik_015
09:39:11 | INFO: Blender create Mesh node EK_M1_supurgelik_016
09:39:11 | INFO: Blender create Mesh node EK_M1_supurgelik_017
09:39:11 | INFO: Blender create Mesh node EK_M1_supurgelik_018
09:39:11 | INFO: Blender create Mesh node EK_M1_supurgelik_019
09:39:11 | INFO: Blender create Mesh node EK_M1_supurgelik_020
09:39:11 | INFO: Blender create Mesh node EK_M1_supurgelik_021
09:39:11 | INFO: Blender create Mesh node EK_M1_supurgelik_022
09:39:11 | INFO: Blender create Mesh node EK_M1_supurgelik_023
09:39:11 | INFO: Blender create Mesh node EK_M1_supurgelik_024
09:39:11 | INFO: Blender create Mesh node EK_M1_supurgelik_025
09:39:11 | INFO: Blender create Mesh node EK_M1_supurgelik_026
09:39:11 | INFO: Blender create Mesh node EK_M1_supurgelik_027
09:39:11 | INFO: Blender create Mesh node EK_M1_supurgelik_028
09:39:11 | INFO: Blender create Mesh node EK_M1_supurgelik_029
09:39:11 | INFO: Blender create Mesh node EK_M1_supurgelik_030
09:39:11 | INFO: Blender create Mesh node EK_M1_supurgelik_031
09:39:11 | INFO: Blender create Mesh node EK_M1_supurgelik_032
09:39:11 | INFO: Blender create Mesh node EK_M1_supurgelik_033
09:39:11 | INFO: Blender create Mesh node EK_M1_supurgelik_034
09:39:11 | INFO: Blender create Mesh node EK_M1_supurgelik_035
09:39:11 | INFO: Blender create Mesh node EK_M1_supurgelik_036
09:39:11 | INFO: Blender create Mesh node EK_M1_supurgelik_037
09:39:11 | INFO: Blender create Mesh node EK_M1_supurgelik_038
09:39:11 | INFO: Blender create Mesh node EK_M1_supurgelik_039
09:39:11 | INFO: Blender create Mesh node EK_M1_supurgelik_040
09:39:11 | INFO: Blender create Mesh node EK_M1_supurgelik_041
09:39:11 | INFO: Blender create Mesh node EK_M1_supurgelik_042
09:39:11 | INFO: Blender create Mesh node EK_M1_supurgelik_043
09:39:11 | INFO: Blender create Mesh node EK_M1_supurgelik_044
09:39:11 | INFO: Blender create Mesh node EK_M1_supurgelik_045
09:39:11 | INFO: Blender create Mesh node EK_M1_supurgelik_046
09:39:11 | INFO: Blender create Mesh node EK_M1_supurgelik_047
09:39:11 | INFO: Blender create Mesh node EK_M1_supurgelik_048
09:39:11 | INFO: Blender create Mesh node EK_M1_supurgelik_049
09:39:11 | INFO: Blender create Mesh node EK_M1_supurgelik_050
09:39:11 | INFO: Blender create Mesh node EK_M1_supurgelik_051
09:39:11 | INFO: Blender create Mesh node EK_M1_supurgelik_052
09:39:11 | INFO: Blender create Mesh node EK_M1_supurgelik_053
09:39:11 | INFO: Blender create Mesh node EK_M1_supurgelik_054
09:39:11 | INFO: Blender create Mesh node EK_M1_supurgelik_055
09:39:11 | INFO: Blender create Mesh node EK_M1_supurgelik_056
09:39:11 | INFO: Blender create Mesh node EK_M1_supurgelik_057
09:39:11 | INFO: Blender create Mesh node EK_M1_supurgelik_058
09:39:11 | INFO: Blender create Mesh node EK_M1_supurgelik_059
09:39:11 | INFO: Blender create Mesh node EK_M1_supurgelik_060
09:39:11 | INFO: Blender create Mesh node EK_M1_supurgelik_061
09:39:11 | INFO: Blender create Mesh node EK_M1_supurgelik_062
09:39:11 | INFO: Blender create Mesh node EK_M1_supurgelik_063
09:39:11 | INFO: Blender create Mesh node EK_M1_supurgelik_064
09:39:11 | INFO: Blender create Mesh node EK_M1_supurgelik_065
09:39:11 | INFO: Blender create Mesh node EK_M1_supurgelik_066
09:39:11 | INFO: Blender create Mesh node EK_M1_supurgelik_067
09:39:11 | INFO: Blender create Mesh node EK_M1_supurgelik_068
09:39:11 | INFO: Blender create Mesh node EK_M1_supurgelik_069
09:39:11 | INFO: Blender create Mesh node EK_M1_supurgelik_070
09:39:11 | INFO: Blender create Mesh node EK_M1_supurgelik_071
09:39:11 | INFO: Blender create Mesh node EK_M1_supurgelik_072
09:39:11 | INFO: Blender create Mesh node EK_M1_supurgelik_073
09:39:11 | INFO: Blender create Mesh node EK_M1_supurgelik_074
09:39:11 | INFO: Blender create Mesh node EK_M1_supurgelik_075
09:39:11 | INFO: Blender create Mesh node EK_M1_supurgelik_076
09:39:11 | INFO: Blender create Mesh node EK_M1_supurgelik_077
09:39:11 | INFO: Blender create Mesh node EK_M1_supurgelik_078
09:39:11 | INFO: Blender create Mesh node EK_M1_supurgelik_079
09:39:11 | INFO: Blender create Mesh node EK_M1_supurgelik_080
09:39:11 | INFO: Blender create Mesh node EK_M1_supurgelik_081
09:39:11 | INFO: Blender create Mesh node EK_M1_supurgelik_082
09:39:11 | INFO: Blender create Mesh node EK_M1_supurgelik_083
09:39:11 | INFO: Blender create Mesh node EK_M1_supurgelik_084
09:39:11 | INFO: Blender create Mesh node EK_M1_supurgelik_085
09:39:11 | INFO: Blender create Mesh node EK_M1_supurgelik_086
09:39:11 | INFO: Blender create Mesh node EK_M1_supurgelik_087
09:39:11 | INFO: Blender create Mesh node EK_M1_supurgelik_088
09:39:11 | INFO: Blender create Mesh node EK_M1_supurgelik_089
09:39:11 | INFO: Blender create Mesh node EK_M1_supurgelik_090
09:39:11 | INFO: Blender create Mesh node EK_M1_supurgelik_091
09:39:11 | INFO: Blender create Mesh node EK_M1_supurgelik_092
09:39:11 | INFO: Blender create Mesh node EK_M1_supurgelik_093
09:39:11 | INFO: Blender create Mesh node EK_M1_supurgelik_094
09:39:11 | INFO: Blender create Mesh node EK_M1_supurgelik_095
09:39:11 | INFO: Blender create Mesh node EK_M1_supurgelik_096
09:39:11 | INFO: Blender create Mesh node EK_M1_supurgelik_097
09:39:11 | INFO: Blender create Mesh node EK_M1_supurgelik_098
09:39:11 | INFO: Blender create Mesh node EK_M1_supurgelik_099
09:39:11 | INFO: Blender create Mesh node EK_M1_supurgelik_100
09:39:11 | INFO: Blender create Mesh node EK_M1_supurgelik_101
09:39:11 | INFO: Blender create Mesh node EK_M1_supurgelik_102
09:39:11 | INFO: Blender create Mesh node EK_M1_supurgelik_103
09:39:11 | INFO: Blender create Mesh node EK_M1_supurgelik_104
09:39:11 | INFO: Blender create Mesh node EK_M1_supurgelik_105
09:39:11 | INFO: Blender create Mesh node EK_M1_supurgelik_106
09:39:11 | INFO: Blender create Mesh node EK_M1_supurgelik_107
09:39:11 | INFO: Blender create Mesh node EK_M1_supurgelik_108
09:39:11 | INFO: Blender create Mesh node EK_M1_supurgelik_109
09:39:11 | INFO: Blender create Mesh node EK_M1_supurgelik_110
09:39:11 | INFO: Blender create Mesh node EK_M1_supurgelik_111
09:39:11 | INFO: Blender create Mesh node EK_M1_supurgelik_112
09:39:11 | INFO: Blender create Mesh node EK_M1_supurgelik_113
09:39:11 | INFO: Blender create Mesh node EK_M1_supurgelik_114
09:39:11 | INFO: Blender create Mesh node EK_M1_supurgelik_115
09:39:11 | INFO: Blender create Mesh node EK_M1_supurgelik_116
09:39:11 | INFO: Blender create Mesh node EK_M1_supurgelik_117
09:39:11 | INFO: Blender create Mesh node EK_M1_supurgelik_118
09:39:11 | INFO: Blender create Mesh node EK_M1_supurgelik_284
09:39:11 | INFO: Blender create Mesh node EK_M1_supurgelik_285
09:39:11 | INFO: Blender create Mesh node EK_M1_supurgelik_286
09:39:11 | INFO: Blender create Mesh node EK_M1_supurgelik_287
09:39:11 | INFO: Blender create Mesh node EK_M1_supurgelik_288
09:39:11 | INFO: Blender create Mesh node EK_M1_supurgelik_289
09:39:11 | INFO: Blender create Mesh node EK_M1_supurgelik_290
09:39:11 | INFO: Blender create Mesh node EK_M1_supurgelik_291
09:39:11 | INFO: Blender create Mesh node EK_M1_supurgelik_292
09:39:11 | INFO: Blender create Mesh node EK_M1_supurgelik_293
09:39:11 | INFO: Blender create Mesh node EK_M1_supurgelik_294
09:39:11 | INFO: Blender create Mesh node EK_M2_K0_0_basamak
09:39:11 | INFO: Blender create Mesh node EK_M2_K0_0_basamak.001
09:39:11 | INFO: Blender create Mesh node EK_M2_K0_0_basamak.002
09:39:11 | INFO: Blender create Mesh node EK_M2_K0_0_basamak.003
09:39:11 | INFO: Blender create Mesh node EK_M2_K0_0_basamak.004
09:39:11 | INFO: Blender create Mesh node EK_M2_K0_0_basamak.005
09:39:11 | INFO: Blender create Mesh node EK_M2_K0_0_basamak.006
09:39:11 | INFO: Blender create Mesh node EK_M2_K0_0_basamak.007
09:39:11 | INFO: Blender create Mesh node EK_M2_K0_0_basamak.008
09:39:11 | INFO: Blender create Mesh node EK_M2_K0_0_beyaz_altyapi
09:39:11 | INFO: Blender create Mesh node EK_M2_K0_0_riht
09:39:11 | INFO: Blender create Mesh node EK_M2_K0_0_riht.001
09:39:11 | INFO: Blender create Mesh node EK_M2_K0_0_riht.002
09:39:11 | INFO: Blender create Mesh node EK_M2_K0_0_riht.003
09:39:11 | INFO: Blender create Mesh node EK_M2_K0_0_riht.004
09:39:11 | INFO: Blender create Mesh node EK_M2_K0_0_riht.005
09:39:11 | INFO: Blender create Mesh node EK_M2_K0_0_riht.006
09:39:11 | INFO: Blender create Mesh node EK_M2_K0_0_riht.007
09:39:11 | INFO: Blender create Mesh node EK_M2_K0_0_riht.008
09:39:11 | INFO: Blender create Mesh node EK_M2_K0_1_basamak
09:39:11 | INFO: Blender create Mesh node EK_M2_K0_1_basamak.001
09:39:11 | INFO: Blender create Mesh node EK_M2_K0_1_basamak.002
09:39:11 | INFO: Blender create Mesh node EK_M2_K0_1_basamak.003
09:39:11 | INFO: Blender create Mesh node EK_M2_K0_1_basamak.004
09:39:11 | INFO: Blender create Mesh node EK_M2_K0_1_basamak.005
09:39:11 | INFO: Blender create Mesh node EK_M2_K0_1_basamak.006
09:39:11 | INFO: Blender create Mesh node EK_M2_K0_1_basamak.007
09:39:11 | INFO: Blender create Mesh node EK_M2_K0_1_basamak.008
09:39:11 | INFO: Blender create Mesh node EK_M2_K0_1_beyaz_altyapi
09:39:11 | INFO: Blender create Mesh node EK_M2_K0_1_riht
09:39:11 | INFO: Blender create Mesh node EK_M2_K0_1_riht.001
09:39:11 | INFO: Blender create Mesh node EK_M2_K0_1_riht.002
09:39:11 | INFO: Blender create Mesh node EK_M2_K0_1_riht.003
09:39:11 | INFO: Blender create Mesh node EK_M2_K0_1_riht.004
09:39:11 | INFO: Blender create Mesh node EK_M2_K0_1_riht.005
09:39:11 | INFO: Blender create Mesh node EK_M2_K0_1_riht.006
09:39:11 | INFO: Blender create Mesh node EK_M2_K0_1_riht.007
09:39:11 | INFO: Blender create Mesh node EK_M2_K0_1_riht.008
09:39:11 | INFO: Blender create Mesh node EK_M2_K0_sahanlik
09:39:11 | INFO: Blender create Mesh node EK_M2_K0_sahanlik_alti
09:39:11 | INFO: Blender create Mesh node EK_M2_K1_0_basamak
09:39:11 | INFO: Blender create Mesh node EK_M2_K1_0_basamak.001
09:39:11 | INFO: Blender create Mesh node EK_M2_K1_0_basamak.002
09:39:11 | INFO: Blender create Mesh node EK_M2_K1_0_basamak.003
09:39:11 | INFO: Blender create Mesh node EK_M2_K1_0_basamak.004
09:39:11 | INFO: Blender create Mesh node EK_M2_K1_0_basamak.005
09:39:11 | INFO: Blender create Mesh node EK_M2_K1_0_basamak.006
09:39:11 | INFO: Blender create Mesh node EK_M2_K1_0_basamak.007
09:39:11 | INFO: Blender create Mesh node EK_M2_K1_0_basamak.008
09:39:11 | INFO: Blender create Mesh node EK_M2_K1_0_basamak.009
09:39:11 | INFO: Blender create Mesh node EK_M2_K1_0_beyaz_altyapi
09:39:11 | INFO: Blender create Mesh node EK_M2_K1_0_riht
09:39:11 | INFO: Blender create Mesh node EK_M2_K1_0_riht.001
09:39:11 | INFO: Blender create Mesh node EK_M2_K1_0_riht.002
09:39:11 | INFO: Blender create Mesh node EK_M2_K1_0_riht.003
09:39:11 | INFO: Blender create Mesh node EK_M2_K1_0_riht.004
09:39:11 | INFO: Blender create Mesh node EK_M2_K1_0_riht.005
09:39:11 | INFO: Blender create Mesh node EK_M2_K1_0_riht.006
09:39:11 | INFO: Blender create Mesh node EK_M2_K1_0_riht.007
09:39:11 | INFO: Blender create Mesh node EK_M2_K1_0_riht.008
09:39:11 | INFO: Blender create Mesh node EK_M2_K1_0_riht.009
09:39:11 | INFO: Blender create Mesh node EK_M2_K1_1_basamak
09:39:11 | INFO: Blender create Mesh node EK_M2_K1_1_basamak.001
09:39:11 | INFO: Blender create Mesh node EK_M2_K1_1_basamak.002
09:39:11 | INFO: Blender create Mesh node EK_M2_K1_1_basamak.003
09:39:11 | INFO: Blender create Mesh node EK_M2_K1_1_basamak.004
09:39:11 | INFO: Blender create Mesh node EK_M2_K1_1_basamak.005
09:39:11 | INFO: Blender create Mesh node EK_M2_K1_1_basamak.006
09:39:11 | INFO: Blender create Mesh node EK_M2_K1_1_basamak.007
09:39:11 | INFO: Blender create Mesh node EK_M2_K1_1_basamak.008
09:39:11 | INFO: Blender create Mesh node EK_M2_K1_1_beyaz_altyapi
09:39:11 | INFO: Blender create Mesh node EK_M2_K1_1_riht
09:39:11 | INFO: Blender create Mesh node EK_M2_K1_1_riht.001
09:39:11 | INFO: Blender create Mesh node EK_M2_K1_1_riht.002
09:39:11 | INFO: Blender create Mesh node EK_M2_K1_1_riht.003
09:39:11 | INFO: Blender create Mesh node EK_M2_K1_1_riht.004
09:39:11 | INFO: Blender create Mesh node EK_M2_K1_1_riht.005
09:39:11 | INFO: Blender create Mesh node EK_M2_K1_1_riht.006
09:39:11 | INFO: Blender create Mesh node EK_M2_K1_1_riht.007
09:39:11 | INFO: Blender create Mesh node EK_M2_K1_1_riht.008
09:39:11 | INFO: Blender create Mesh node EK_M2_K1_sahanlik
09:39:11 | INFO: Blender create Mesh node EK_M2_K1_sahanlik_alti
09:39:11 | INFO: Blender create Mesh node EK_M3_04_esik_doseme.001
09:39:11 | INFO: Blender create Mesh node EK_M3_05_esik_doseme.001
09:39:11 | INFO: Blender create Mesh node EK_M3_06_esik_doseme.001
09:39:11 | INFO: Blender create Mesh node EK_M3_07_esik_doseme.001
09:39:11 | INFO: Blender create Mesh node EK_M3_08_esik_doseme.001
09:39:11 | INFO: Blender create Mesh node EK_M3_09_dik_profil.024
09:39:11 | INFO: Blender create Mesh node EK_M3_09_dik_profil.025
09:39:11 | INFO: Blender create Mesh node EK_M3_09_dik_profil.026
09:39:11 | INFO: Blender create Mesh node EK_M3_09_dik_profil.027
09:39:11 | INFO: Blender create Mesh node EK_M3_09_dik_profil.028
09:39:11 | INFO: Blender create Mesh node EK_M3_09_dik_profil.029
09:39:11 | INFO: Blender create Mesh node EK_M3_09_dik_profil.030
09:39:11 | INFO: Blender create Mesh node EK_M3_09_dik_profil.031
09:39:11 | INFO: Blender create Mesh node EK_M3_09_dik_profil.032
09:39:11 | INFO: Blender create Mesh node EK_M3_09_dik_profil.033
09:39:11 | INFO: Blender create Mesh node EK_M3_09_dik_profil.034
09:39:11 | INFO: Blender create Mesh node EK_M3_09_dik_profil.035
09:39:11 | INFO: Blender create Mesh node EK_M3_09_dik_profil.036
09:39:11 | INFO: Blender create Mesh node EK_M3_09_dik_profil.037
09:39:11 | INFO: Blender create Mesh node EK_M3_09_dik_profil.038
09:39:11 | INFO: Blender create Mesh node EK_M3_09_dik_profil.039
09:39:11 | INFO: Blender create Mesh node EK_M3_09_dik_profil.040
09:39:11 | INFO: Blender create Mesh node EK_M3_09_dik_profil.041
09:39:11 | INFO: Blender create Mesh node EK_M3_09_dik_profil.042
09:39:11 | INFO: Blender create Mesh node EK_M3_09_dik_profil.043
09:39:11 | INFO: Blender create Mesh node EK_M3_09_dik_profil.044
09:39:11 | INFO: Blender create Mesh node EK_M3_09_dik_profil.045
09:39:11 | INFO: Blender create Mesh node EK_M3_09_dik_profil.046
09:39:11 | INFO: Blender create Mesh node EK_M3_09_dik_profil.047
09:39:11 | INFO: Blender create Mesh node EK_M3_09_esik_doseme.001
09:39:11 | INFO: Blender create Mesh node EK_M3_09_gobek.012
09:39:11 | INFO: Blender create Mesh node EK_M3_09_gobek.013
09:39:11 | INFO: Blender create Mesh node EK_M3_09_gobek.014
09:39:11 | INFO: Blender create Mesh node EK_M3_09_gobek.015
09:39:11 | INFO: Blender create Mesh node EK_M3_09_gobek.016
09:39:11 | INFO: Blender create Mesh node EK_M3_09_gobek.017
09:39:11 | INFO: Blender create Mesh node EK_M3_09_gobek.018
09:39:11 | INFO: Blender create Mesh node EK_M3_09_gobek.019
09:39:11 | INFO: Blender create Mesh node EK_M3_09_gobek.020
09:39:11 | INFO: Blender create Mesh node EK_M3_09_gobek.021
09:39:11 | INFO: Blender create Mesh node EK_M3_09_gobek.022
09:39:11 | INFO: Blender create Mesh node EK_M3_09_gobek.023
09:39:11 | INFO: Blender create Mesh node EK_M3_09_kanat.001
09:39:11 | INFO: Blender create Mesh node EK_M3_09_kasa.002
09:39:11 | INFO: Blender create Mesh node EK_M3_09_kasa.003
09:39:11 | INFO: Blender create Mesh node EK_M3_09_mentese
09:39:11 | INFO: Blender create Mesh node EK_M3_09_mentese.001
09:39:11 | INFO: Blender create Mesh node EK_M3_09_mentese.002
09:39:11 | INFO: Blender create Mesh node EK_M3_09_pervaz.004
09:39:11 | INFO: Blender create Mesh node EK_M3_09_pervaz.005
09:39:11 | INFO: Blender create Mesh node EK_M3_09_pervaz.006
09:39:11 | INFO: Blender create Mesh node EK_M3_09_pervaz.007
09:39:11 | INFO: Blender create Mesh node EK_Sphere.021
09:39:11 | INFO: Blender create Mesh node EK_Sphere.022
09:39:11 | INFO: Blender create Mesh node EK_M3_09_topuz_mili
09:39:11 | INFO: Blender create Mesh node EK_M3_09_topuz_mili.001
09:39:11 | INFO: Blender create Mesh node EK_M3_09_ust_kasa.001
09:39:11 | INFO: Blender create Mesh node EK_M3_09_ust_pervaz.002
09:39:11 | INFO: Blender create Mesh node EK_M3_09_ust_pervaz.003
09:39:11 | INFO: Blender create Mesh node EK_M3_09_yatay_profil.024
09:39:11 | INFO: Blender create Mesh node EK_M3_09_yatay_profil.025
09:39:11 | INFO: Blender create Mesh node EK_M3_09_yatay_profil.026
09:39:11 | INFO: Blender create Mesh node EK_M3_09_yatay_profil.027
09:39:11 | INFO: Blender create Mesh node EK_M3_09_yatay_profil.028
09:39:11 | INFO: Blender create Mesh node EK_M3_09_yatay_profil.029
09:39:11 | INFO: Blender create Mesh node EK_M3_09_yatay_profil.030
09:39:11 | INFO: Blender create Mesh node EK_M3_09_yatay_profil.031
09:39:11 | INFO: Blender create Mesh node EK_M3_09_yatay_profil.032
09:39:11 | INFO: Blender create Mesh node EK_M3_09_yatay_profil.033
09:39:11 | INFO: Blender create Mesh node EK_M3_09_yatay_profil.034
09:39:11 | INFO: Blender create Mesh node EK_M3_09_yatay_profil.035
09:39:11 | INFO: Blender create Mesh node EK_M3_09_yatay_profil.036
09:39:11 | INFO: Blender create Mesh node EK_M3_09_yatay_profil.037
09:39:11 | INFO: Blender create Mesh node EK_M3_09_yatay_profil.038
09:39:11 | INFO: Blender create Mesh node EK_M3_09_yatay_profil.039
09:39:11 | INFO: Blender create Mesh node EK_M3_09_yatay_profil.040
09:39:11 | INFO: Blender create Mesh node EK_M3_09_yatay_profil.041
09:39:11 | INFO: Blender create Mesh node EK_M3_09_yatay_profil.042
09:39:11 | INFO: Blender create Mesh node EK_M3_09_yatay_profil.043
09:39:11 | INFO: Blender create Mesh node EK_M3_09_yatay_profil.044
09:39:11 | INFO: Blender create Mesh node EK_M3_09_yatay_profil.045
09:39:11 | INFO: Blender create Mesh node EK_M3_09_yatay_profil.046
09:39:11 | INFO: Blender create Mesh node EK_M3_09_yatay_profil.047
09:39:11 | INFO: Blender create Mesh node EK_M3_10_dik_profil.024
09:39:11 | INFO: Blender create Mesh node EK_M3_10_dik_profil.025
09:39:11 | INFO: Blender create Mesh node EK_M3_10_dik_profil.026
09:39:11 | INFO: Blender create Mesh node EK_M3_10_dik_profil.027
09:39:11 | INFO: Blender create Mesh node EK_M3_10_dik_profil.028
09:39:11 | INFO: Blender create Mesh node EK_M3_10_dik_profil.029
09:39:11 | INFO: Blender create Mesh node EK_M3_10_dik_profil.030
09:39:11 | INFO: Blender create Mesh node EK_M3_10_dik_profil.031
09:39:12 | INFO: Blender create Mesh node EK_M3_10_dik_profil.032
09:39:12 | INFO: Blender create Mesh node EK_M3_10_dik_profil.033
09:39:12 | INFO: Blender create Mesh node EK_M3_10_dik_profil.034
09:39:12 | INFO: Blender create Mesh node EK_M3_10_dik_profil.035
09:39:12 | INFO: Blender create Mesh node EK_M3_10_dik_profil.036
09:39:12 | INFO: Blender create Mesh node EK_M3_10_dik_profil.037
09:39:12 | INFO: Blender create Mesh node EK_M3_10_dik_profil.038
09:39:12 | INFO: Blender create Mesh node EK_M3_10_dik_profil.039
09:39:12 | INFO: Blender create Mesh node EK_M3_10_dik_profil.040
09:39:12 | INFO: Blender create Mesh node EK_M3_10_dik_profil.041
09:39:12 | INFO: Blender create Mesh node EK_M3_10_dik_profil.042
09:39:12 | INFO: Blender create Mesh node EK_M3_10_dik_profil.043
09:39:12 | INFO: Blender create Mesh node EK_M3_10_dik_profil.044
09:39:12 | INFO: Blender create Mesh node EK_M3_10_dik_profil.045
09:39:12 | INFO: Blender create Mesh node EK_M3_10_dik_profil.046
09:39:12 | INFO: Blender create Mesh node EK_M3_10_dik_profil.047
09:39:12 | INFO: Blender create Mesh node EK_M3_10_doseme_boslugu.001
09:39:12 | INFO: Blender create Mesh node EK_M3_10_esik_doseme.001
09:39:12 | INFO: Blender create Mesh node EK_M3_10_gobek.012
09:39:12 | INFO: Blender create Mesh node EK_M3_10_gobek.013
09:39:12 | INFO: Blender create Mesh node EK_M3_10_gobek.014
09:39:12 | INFO: Blender create Mesh node EK_M3_10_gobek.015
09:39:12 | INFO: Blender create Mesh node EK_M3_10_gobek.016
09:39:12 | INFO: Blender create Mesh node EK_M3_10_gobek.017
09:39:12 | INFO: Blender create Mesh node EK_M3_10_gobek.018
09:39:12 | INFO: Blender create Mesh node EK_M3_10_gobek.019
09:39:12 | INFO: Blender create Mesh node EK_M3_10_gobek.020
09:39:12 | INFO: Blender create Mesh node EK_M3_10_gobek.021
09:39:12 | INFO: Blender create Mesh node EK_M3_10_gobek.022
09:39:12 | INFO: Blender create Mesh node EK_M3_10_gobek.023
09:39:12 | INFO: Blender create Mesh node EK_M3_10_kanat.001
09:39:12 | INFO: Blender create Mesh node EK_M3_10_kasa.002
09:39:12 | INFO: Blender create Mesh node EK_M3_10_kasa.003
09:39:12 | INFO: Blender create Mesh node EK_M3_10_mentese
09:39:12 | INFO: Blender create Mesh node EK_M3_10_mentese.001
09:39:12 | INFO: Blender create Mesh node EK_M3_10_mentese.002
09:39:12 | INFO: Blender create Mesh node EK_M3_10_pervaz.004
09:39:12 | INFO: Blender create Mesh node EK_M3_10_pervaz.005
09:39:12 | INFO: Blender create Mesh node EK_M3_10_pervaz.006
09:39:12 | INFO: Blender create Mesh node EK_M3_10_pervaz.007
09:39:12 | INFO: Blender create Mesh node EK_Sphere.023
09:39:12 | INFO: Blender create Mesh node EK_Sphere.024
09:39:12 | INFO: Blender create Mesh node EK_M3_10_topuz_mili
09:39:12 | INFO: Blender create Mesh node EK_M3_10_topuz_mili.001
09:39:12 | INFO: Blender create Mesh node EK_M3_10_ust_kasa.001
09:39:12 | INFO: Blender create Mesh node EK_M3_10_ust_pervaz.002
09:39:12 | INFO: Blender create Mesh node EK_M3_10_ust_pervaz.003
09:39:12 | INFO: Blender create Mesh node EK_M3_10_yatay_profil.024
09:39:12 | INFO: Blender create Mesh node EK_M3_10_yatay_profil.025
09:39:12 | INFO: Blender create Mesh node EK_M3_10_yatay_profil.026
09:39:12 | INFO: Blender create Mesh node EK_M3_10_yatay_profil.027
09:39:12 | INFO: Blender create Mesh node EK_M3_10_yatay_profil.028
09:39:12 | INFO: Blender create Mesh node EK_M3_10_yatay_profil.029
09:39:12 | INFO: Blender create Mesh node EK_M3_10_yatay_profil.030
09:39:12 | INFO: Blender create Mesh node EK_M3_10_yatay_profil.031
09:39:12 | INFO: Blender create Mesh node EK_M3_10_yatay_profil.032
09:39:12 | INFO: Blender create Mesh node EK_M3_10_yatay_profil.033
09:39:12 | INFO: Blender create Mesh node EK_M3_10_yatay_profil.034
09:39:12 | INFO: Blender create Mesh node EK_M3_10_yatay_profil.035
09:39:12 | INFO: Blender create Mesh node EK_M3_10_yatay_profil.036
09:39:12 | INFO: Blender create Mesh node EK_M3_10_yatay_profil.037
09:39:12 | INFO: Blender create Mesh node EK_M3_10_yatay_profil.038
09:39:12 | INFO: Blender create Mesh node EK_M3_10_yatay_profil.039
09:39:12 | INFO: Blender create Mesh node EK_M3_10_yatay_profil.040
09:39:12 | INFO: Blender create Mesh node EK_M3_10_yatay_profil.041
09:39:12 | INFO: Blender create Mesh node EK_M3_10_yatay_profil.042
09:39:12 | INFO: Blender create Mesh node EK_M3_10_yatay_profil.043
09:39:12 | INFO: Blender create Mesh node EK_M3_10_yatay_profil.044
09:39:12 | INFO: Blender create Mesh node EK_M3_10_yatay_profil.045
09:39:12 | INFO: Blender create Mesh node EK_M3_10_yatay_profil.046
09:39:12 | INFO: Blender create Mesh node EK_M3_10_yatay_profil.047
09:39:12 | INFO: Blender create Mesh node EK_M3_11_esik_doseme.001
09:39:12 | INFO: Blender create Mesh node EK_M3_11_kanat.001
09:39:12 | INFO: Blender create Mesh node EK_M3_11_kasa.002
09:39:12 | INFO: Blender create Mesh node EK_M3_11_kasa.003
09:39:12 | INFO: Blender create Mesh node EK_M3_11_kulp
09:39:12 | INFO: Blender create Mesh node EK_M3_11_kulp.001
09:39:12 | INFO: Blender create Mesh node EK_M3_11_mentese
09:39:12 | INFO: Blender create Mesh node EK_M3_11_mentese.001
09:39:12 | INFO: Blender create Mesh node EK_M3_11_mentese.002
09:39:12 | INFO: Blender create Mesh node EK_M3_11_pervaz.004
09:39:12 | INFO: Blender create Mesh node EK_M3_11_pervaz.005
09:39:12 | INFO: Blender create Mesh node EK_M3_11_pervaz.006
09:39:12 | INFO: Blender create Mesh node EK_M3_11_pervaz.007
09:39:12 | INFO: Blender create Mesh node EK_M3_11_ust_kasa.001
09:39:12 | INFO: Blender create Mesh node EK_M3_11_ust_pervaz.002
09:39:12 | INFO: Blender create Mesh node EK_M3_11_ust_pervaz.003
09:39:12 | INFO: Blender create Mesh node EK_M3_12_dik_profil.024
09:39:12 | INFO: Blender create Mesh node EK_M3_12_dik_profil.025
09:39:12 | INFO: Blender create Mesh node EK_M3_12_dik_profil.026
09:39:12 | INFO: Blender create Mesh node EK_M3_12_dik_profil.027
09:39:12 | INFO: Blender create Mesh node EK_M3_12_dik_profil.028
09:39:12 | INFO: Blender create Mesh node EK_M3_12_dik_profil.029
09:39:12 | INFO: Blender create Mesh node EK_M3_12_dik_profil.030
09:39:12 | INFO: Blender create Mesh node EK_M3_12_dik_profil.031
09:39:12 | INFO: Blender create Mesh node EK_M3_12_dik_profil.032
09:39:12 | INFO: Blender create Mesh node EK_M3_12_dik_profil.033
09:39:12 | INFO: Blender create Mesh node EK_M3_12_dik_profil.034
09:39:12 | INFO: Blender create Mesh node EK_M3_12_dik_profil.035
09:39:12 | INFO: Blender create Mesh node EK_M3_12_dik_profil.036
09:39:12 | INFO: Blender create Mesh node EK_M3_12_dik_profil.037
09:39:12 | INFO: Blender create Mesh node EK_M3_12_dik_profil.038
09:39:12 | INFO: Blender create Mesh node EK_M3_12_dik_profil.039
09:39:12 | INFO: Blender create Mesh node EK_M3_12_dik_profil.040
09:39:12 | INFO: Blender create Mesh node EK_M3_12_dik_profil.041
09:39:12 | INFO: Blender create Mesh node EK_M3_12_dik_profil.042
09:39:12 | INFO: Blender create Mesh node EK_M3_12_dik_profil.043
09:39:12 | INFO: Blender create Mesh node EK_M3_12_dik_profil.044
09:39:12 | INFO: Blender create Mesh node EK_M3_12_dik_profil.045
09:39:12 | INFO: Blender create Mesh node EK_M3_12_dik_profil.046
09:39:12 | INFO: Blender create Mesh node EK_M3_12_dik_profil.047
09:39:12 | INFO: Blender create Mesh node EK_M3_12_esik_doseme.001
09:39:12 | INFO: Blender create Mesh node EK_M3_12_gobek.012
09:39:12 | INFO: Blender create Mesh node EK_M3_12_gobek.013
09:39:12 | INFO: Blender create Mesh node EK_M3_12_gobek.014
09:39:12 | INFO: Blender create Mesh node EK_M3_12_gobek.015
09:39:12 | INFO: Blender create Mesh node EK_M3_12_gobek.016
09:39:12 | INFO: Blender create Mesh node EK_M3_12_gobek.017
09:39:12 | INFO: Blender create Mesh node EK_M3_12_gobek.018
09:39:12 | INFO: Blender create Mesh node EK_M3_12_gobek.019
09:39:12 | INFO: Blender create Mesh node EK_M3_12_gobek.020
09:39:12 | INFO: Blender create Mesh node EK_M3_12_gobek.021
09:39:12 | INFO: Blender create Mesh node EK_M3_12_gobek.022
09:39:12 | INFO: Blender create Mesh node EK_M3_12_gobek.023
09:39:12 | INFO: Blender create Mesh node EK_M3_12_kanat.001
09:39:12 | INFO: Blender create Mesh node EK_M3_12_kasa.002
09:39:12 | INFO: Blender create Mesh node EK_M3_12_kasa.003
09:39:12 | INFO: Blender create Mesh node EK_M3_12_mentese
09:39:12 | INFO: Blender create Mesh node EK_M3_12_mentese.001
09:39:12 | INFO: Blender create Mesh node EK_M3_12_mentese.002
09:39:12 | INFO: Blender create Mesh node EK_M3_12_pervaz.004
09:39:12 | INFO: Blender create Mesh node EK_M3_12_pervaz.005
09:39:12 | INFO: Blender create Mesh node EK_M3_12_pervaz.006
09:39:12 | INFO: Blender create Mesh node EK_M3_12_pervaz.007
09:39:12 | INFO: Blender create Mesh node EK_Sphere.025
09:39:12 | INFO: Blender create Mesh node EK_Sphere.026
09:39:12 | INFO: Blender create Mesh node EK_M3_12_topuz_mili
09:39:12 | INFO: Blender create Mesh node EK_M3_12_topuz_mili.001
09:39:12 | INFO: Blender create Mesh node EK_M3_12_ust_kasa.001
09:39:12 | INFO: Blender create Mesh node EK_M3_12_ust_pervaz.002
09:39:12 | INFO: Blender create Mesh node EK_M3_12_ust_pervaz.003
09:39:12 | INFO: Blender create Mesh node EK_M3_12_yatay_profil.024
09:39:12 | INFO: Blender create Mesh node EK_M3_12_yatay_profil.025
09:39:12 | INFO: Blender create Mesh node EK_M3_12_yatay_profil.026
09:39:12 | INFO: Blender create Mesh node EK_M3_12_yatay_profil.027
09:39:12 | INFO: Blender create Mesh node EK_M3_12_yatay_profil.028
09:39:12 | INFO: Blender create Mesh node EK_M3_12_yatay_profil.029
09:39:12 | INFO: Blender create Mesh node EK_M3_12_yatay_profil.030
09:39:12 | INFO: Blender create Mesh node EK_M3_12_yatay_profil.031
09:39:12 | INFO: Blender create Mesh node EK_M3_12_yatay_profil.032
09:39:12 | INFO: Blender create Mesh node EK_M3_12_yatay_profil.033
09:39:12 | INFO: Blender create Mesh node EK_M3_12_yatay_profil.034
09:39:12 | INFO: Blender create Mesh node EK_M3_12_yatay_profil.035
09:39:12 | INFO: Blender create Mesh node EK_M3_12_yatay_profil.036
09:39:12 | INFO: Blender create Mesh node EK_M3_12_yatay_profil.037
09:39:12 | INFO: Blender create Mesh node EK_M3_12_yatay_profil.038
09:39:12 | INFO: Blender create Mesh node EK_M3_12_yatay_profil.039
09:39:12 | INFO: Blender create Mesh node EK_M3_12_yatay_profil.040
09:39:12 | INFO: Blender create Mesh node EK_M3_12_yatay_profil.041
09:39:12 | INFO: Blender create Mesh node EK_M3_12_yatay_profil.042
09:39:12 | INFO: Blender create Mesh node EK_M3_12_yatay_profil.043
09:39:12 | INFO: Blender create Mesh node EK_M3_12_yatay_profil.044
09:39:12 | INFO: Blender create Mesh node EK_M3_12_yatay_profil.045
09:39:12 | INFO: Blender create Mesh node EK_M3_12_yatay_profil.046
09:39:12 | INFO: Blender create Mesh node EK_M3_12_yatay_profil.047
09:39:12 | INFO: Blender create Mesh node EK_M3_13_dik_profil.024
09:39:12 | INFO: Blender create Mesh node EK_M3_13_dik_profil.025
09:39:12 | INFO: Blender create Mesh node EK_M3_13_dik_profil.026
09:39:12 | INFO: Blender create Mesh node EK_M3_13_dik_profil.027
09:39:12 | INFO: Blender create Mesh node EK_M3_13_dik_profil.028
09:39:12 | INFO: Blender create Mesh node EK_M3_13_dik_profil.029
09:39:12 | INFO: Blender create Mesh node EK_M3_13_dik_profil.030
09:39:12 | INFO: Blender create Mesh node EK_M3_13_dik_profil.031
09:39:12 | INFO: Blender create Mesh node EK_M3_13_dik_profil.032
09:39:12 | INFO: Blender create Mesh node EK_M3_13_dik_profil.033
09:39:12 | INFO: Blender create Mesh node EK_M3_13_dik_profil.034
09:39:12 | INFO: Blender create Mesh node EK_M3_13_dik_profil.035
09:39:12 | INFO: Blender create Mesh node EK_M3_13_dik_profil.036
09:39:12 | INFO: Blender create Mesh node EK_M3_13_dik_profil.037
09:39:12 | INFO: Blender create Mesh node EK_M3_13_dik_profil.038
09:39:12 | INFO: Blender create Mesh node EK_M3_13_dik_profil.039
09:39:12 | INFO: Blender create Mesh node EK_M3_13_dik_profil.040
09:39:12 | INFO: Blender create Mesh node EK_M3_13_dik_profil.041
09:39:12 | INFO: Blender create Mesh node EK_M3_13_dik_profil.042
09:39:12 | INFO: Blender create Mesh node EK_M3_13_dik_profil.043
09:39:12 | INFO: Blender create Mesh node EK_M3_13_dik_profil.044
09:39:12 | INFO: Blender create Mesh node EK_M3_13_dik_profil.045
09:39:12 | INFO: Blender create Mesh node EK_M3_13_dik_profil.046
09:39:12 | INFO: Blender create Mesh node EK_M3_13_dik_profil.047
09:39:12 | INFO: Blender create Mesh node EK_M3_13_esik_doseme.001
09:39:12 | INFO: Blender create Mesh node EK_M3_13_gobek.012
09:39:12 | INFO: Blender create Mesh node EK_M3_13_gobek.013
09:39:12 | INFO: Blender create Mesh node EK_M3_13_gobek.014
09:39:12 | INFO: Blender create Mesh node EK_M3_13_gobek.015
09:39:12 | INFO: Blender create Mesh node EK_M3_13_gobek.016
09:39:12 | INFO: Blender create Mesh node EK_M3_13_gobek.017
09:39:12 | INFO: Blender create Mesh node EK_M3_13_gobek.018
09:39:12 | INFO: Blender create Mesh node EK_M3_13_gobek.019
09:39:12 | INFO: Blender create Mesh node EK_M3_13_gobek.020
09:39:12 | INFO: Blender create Mesh node EK_M3_13_gobek.021
09:39:12 | INFO: Blender create Mesh node EK_M3_13_gobek.022
09:39:12 | INFO: Blender create Mesh node EK_M3_13_gobek.023
09:39:12 | INFO: Blender create Mesh node EK_M3_13_kanat.001
09:39:12 | INFO: Blender create Mesh node EK_M3_13_kasa.002
09:39:12 | INFO: Blender create Mesh node EK_M3_13_kasa.003
09:39:12 | INFO: Blender create Mesh node EK_M3_13_kasa_bini
09:39:12 | INFO: Blender create Mesh node EK_M3_13_kasa_bini.001
09:39:12 | INFO: Blender create Mesh node EK_M3_13_kulp.002
09:39:12 | INFO: Blender create Mesh node EK_M3_13_kulp.003
09:39:12 | INFO: Blender create Mesh node EK_M3_13_mentese.003
09:39:12 | INFO: Blender create Mesh node EK_M3_13_mentese.004
09:39:12 | INFO: Blender create Mesh node EK_M3_13_mentese.005
09:39:12 | INFO: Blender create Mesh node EK_M3_13_pervaz.004
09:39:12 | INFO: Blender create Mesh node EK_M3_13_pervaz.005
09:39:12 | INFO: Blender create Mesh node EK_M3_13_pervaz.006
09:39:12 | INFO: Blender create Mesh node EK_M3_13_pervaz.007
09:39:12 | INFO: Blender create Mesh node EK_M3_13_ust_bini
09:39:12 | INFO: Blender create Mesh node EK_M3_13_ust_kasa.001
09:39:12 | INFO: Blender create Mesh node EK_M3_13_ust_pervaz.002
09:39:12 | INFO: Blender create Mesh node EK_M3_13_ust_pervaz.003
09:39:12 | INFO: Blender create Mesh node EK_M3_13_yatay_profil.024
09:39:12 | INFO: Blender create Mesh node EK_M3_13_yatay_profil.025
09:39:12 | INFO: Blender create Mesh node EK_M3_13_yatay_profil.026
09:39:12 | INFO: Blender create Mesh node EK_M3_13_yatay_profil.027
09:39:12 | INFO: Blender create Mesh node EK_M3_13_yatay_profil.028
09:39:12 | INFO: Blender create Mesh node EK_M3_13_yatay_profil.029
09:39:12 | INFO: Blender create Mesh node EK_M3_13_yatay_profil.030
09:39:12 | INFO: Blender create Mesh node EK_M3_13_yatay_profil.031
09:39:12 | INFO: Blender create Mesh node EK_M3_13_yatay_profil.032
09:39:12 | INFO: Blender create Mesh node EK_M3_13_yatay_profil.033
09:39:12 | INFO: Blender create Mesh node EK_M3_13_yatay_profil.034
09:39:12 | INFO: Blender create Mesh node EK_M3_13_yatay_profil.035
09:39:12 | INFO: Blender create Mesh node EK_M3_13_yatay_profil.036
09:39:12 | INFO: Blender create Mesh node EK_M3_13_yatay_profil.037
09:39:12 | INFO: Blender create Mesh node EK_M3_13_yatay_profil.038
09:39:12 | INFO: Blender create Mesh node EK_M3_13_yatay_profil.039
09:39:12 | INFO: Blender create Mesh node EK_M3_13_yatay_profil.040
09:39:12 | INFO: Blender create Mesh node EK_M3_13_yatay_profil.041
09:39:12 | INFO: Blender create Mesh node EK_M3_13_yatay_profil.042
09:39:12 | INFO: Blender create Mesh node EK_M3_13_yatay_profil.043
09:39:12 | INFO: Blender create Mesh node EK_M3_13_yatay_profil.044
09:39:12 | INFO: Blender create Mesh node EK_M3_13_yatay_profil.045
09:39:12 | INFO: Blender create Mesh node EK_M3_13_yatay_profil.046
09:39:12 | INFO: Blender create Mesh node EK_M3_13_yatay_profil.047
09:39:12 | INFO: Blender create Mesh node EK_M6_Antre_boru
09:39:12 | INFO: Blender create Mesh node EK_M6_Antre_boru.001
09:39:12 | INFO: Blender create Mesh node EK_M6_Antre_dilim_00
09:39:12 | INFO: Blender create Mesh node EK_M6_Antre_dilim_01
09:39:12 | INFO: Blender create Mesh node EK_M6_Antre_dilim_02
09:39:12 | INFO: Blender create Mesh node EK_M6_Antre_dilim_03
09:39:12 | INFO: Blender create Mesh node EK_M6_Antre_dilim_04
09:39:12 | INFO: Blender create Mesh node EK_M6_Antre_dilim_05
09:39:12 | INFO: Blender create Mesh node EK_M6_Antre_dilim_06
09:39:12 | INFO: Blender create Mesh node EK_M6_Antre_dilim_07
09:39:12 | INFO: Blender create Mesh node EK_M6_Antre_dilim_08
09:39:12 | INFO: Blender create Mesh node EK_M6_Antre_dilim_09
09:39:12 | INFO: Blender create Mesh node EK_M6_Antre_duvar_askisi
09:39:12 | INFO: Blender create Mesh node EK_M6_Antre_duvar_askisi.001
09:39:12 | INFO: Blender create Mesh node EK_M6_Antre_duvar_askisi.002
09:39:12 | INFO: Blender create Mesh node EK_M6_Antre_duvar_askisi.003
09:39:12 | INFO: Blender create Mesh node EK_M6_Antre_kollektor
09:39:12 | INFO: Blender create Mesh node EK_M6_Antre_kollektor.001
09:39:12 | INFO: Blender create Mesh node EK_M6_Antre_vana
09:39:12 | INFO: Blender create Mesh node EK_M6_Antre_vana.001
09:39:12 | INFO: Blender create Mesh node Mesh_15183.103
09:39:12 | INFO: Blender create Mesh node Mesh_15183.002
09:39:12 | INFO: Blender create Mesh node Mesh_11.004
09:39:12 | INFO: Blender create Mesh node Mesh_11.004
09:39:12 | INFO: Blender create Mesh node Mesh_3020.002
09:39:12 | INFO: Blender create Mesh node Mesh_3020.002
09:39:12 | INFO: Blender create Mesh node Cube.003
09:39:12 | INFO: Blender create Mesh node Cube.003
09:39:12 | INFO: Blender create Mesh node Cube.001
09:39:12 | INFO: Blender create Mesh node Mesh_15183.114
09:39:12 | INFO: Blender create Mesh node Mesh_15183.114
09:39:12 | INFO: Blender create Mesh node Mesh_15183.003
09:39:12 | INFO: Blender create Mesh node Mesh_3020.001
09:39:12 | INFO: Blender create Mesh node Mesh_3020.001
09:39:12 | INFO: Blender create Mesh node Mesh_15183.008
09:39:12 | INFO: Blender create Mesh node Mesh_15183.008
09:39:12 | INFO: Blender create Mesh node Mesh_15183.001
09:39:12 | INFO: Blender create Mesh node Mesh_15183.001
09:39:12 | INFO: Blender create Mesh node Mesh_93.005
09:39:12 | INFO: Blender create Mesh node Mesh_93.005
09:39:13 | INFO: Blender create Mesh node EK_Mesh_93.001
09:39:13 | INFO: Blender create Mesh node EK_Mesh_93.001
09:39:13 | INFO: Blender create Mesh node Mesh_15183.104
09:39:13 | INFO: Blender create Mesh node Mesh_15183.104
09:39:13 | INFO: Blender create Mesh node Mesh_15183.107
09:39:13 | INFO: Blender create Mesh node Mesh_242
09:39:13 | INFO: Blender create Mesh node Mesh_242
09:39:13 | INFO: Blender create Mesh node Mesh_3020.004
09:39:13 | INFO: Blender create Mesh node Mesh_3020.004
09:39:13 | INFO: Blender create Mesh node Mesh_11.003
09:39:13 | INFO: Blender create Mesh node Mesh_11.003
09:39:13 | INFO: Blender create Mesh node Mesh_3020.009
09:39:13 | INFO: Blender create Mesh node Mesh_3020.009
09:39:13 | INFO: Blender create Mesh node antique_wood (2) | interior-common.118
09:39:13 | INFO: Blender create Mesh node Mesh_11.001
09:39:13 | INFO: Blender create Mesh node Mesh_11.001
09:39:14 | INFO: glTF import finished in 3.05s
09:39:14 | INFO: Data are loaded, start creating Blender stuff
09:39:14 | INFO: Blender create Mesh node EK_A04_F18_34_zincir_halka
09:39:14 | INFO: Blender create Mesh node EK_A04_F18_34_zincir_halka.001
09:39:14 | INFO: Blender create Mesh node EK_A04_F18_34_zincir_halka.002
09:39:14 | INFO: Blender create Mesh node EK_A04_F18_34_zincir_halka.003
09:39:14 | INFO: Blender create Mesh node EK_A04_F18_34_zincir_halka.004
09:39:14 | INFO: Blender create Mesh node EK_A04_F18_34_zincir_halka.005
09:39:14 | INFO: Blender create Mesh node EK_A04_F18_34_zincir_halka.006
09:39:14 | INFO: Blender create Mesh node EK_A04_F18_34_zincir_halka.007
09:39:14 | INFO: Blender create Mesh node EK_A04_F18_34_zincir_halka.008
09:39:14 | INFO: Blender create Mesh node EK_A04_F18_34_zincir_halka.009
09:39:14 | INFO: Blender create Mesh node EK_A04_F18_34_zincir_halka.010
09:39:14 | INFO: Blender create Mesh node EK_A04_F18_34_zincir_halka.011
09:39:14 | INFO: Blender create Mesh node EK_A04_F18_34_zincir_halka.012
09:39:14 | INFO: Blender create Mesh node EK_A04_F18_34_zincir_halka.013
09:39:14 | INFO: Blender create Mesh node EK_A04_F18_34_zincir_halka.014
09:39:14 | INFO: Blender create Mesh node EK_A04_F18_34_zincir_halka.015
09:39:14 | INFO: Blender create Mesh node EK_A04_F18_34_zincir_halka.016
09:39:14 | INFO: Blender create Mesh node EK_A04_F18_34_zincir_halka.017
09:39:14 | INFO: Blender create Mesh node EK_A04_F18_34_zincir_halka.018
09:39:14 | INFO: Blender create Mesh node EK_A04_F18_34_zincir_halka.019
09:39:14 | INFO: Blender create Mesh node EK_A04_F18_34_zincir_halka.020
09:39:14 | INFO: Blender create Mesh node EK_A04_F18_34_zincir_halka.021
09:39:14 | INFO: Blender create Mesh node EK_A04_F18_34_zincir_halka.022
09:39:14 | INFO: Blender create Mesh node EK_A04_F18_34_zincir_halka.023
09:39:14 | INFO: Blender create Mesh node EK_A04_F18_34_zincir_halka.024
09:39:14 | INFO: Blender create Mesh node EK_A04_F18_34_zincir_halka.025
09:39:14 | INFO: Blender create Mesh node EK_A04_F18_34_zincir_halka.026
09:39:14 | INFO: Blender create Mesh node EK_A04_F18_34_zincir_halka.027
09:39:14 | INFO: Blender create Mesh node EK_A04_F18_34_zincir_halka.028
09:39:14 | INFO: Blender create Mesh node EK_A04_F18_34_zincir_halka.029
09:39:14 | INFO: Blender create Mesh node EK_A04_F18_34_zincir_halka.030
09:39:14 | INFO: Blender create Mesh node EK_A04_F18_34_zincir_halka.031
09:39:14 | INFO: Blender create Mesh node EK_A04_F18_34_zincir_halka.032
09:39:14 | INFO: Blender create Mesh node EK_A04_F18_34_zincir_halka.033
09:39:14 | INFO: Blender create Mesh node EK_A04_F18_34_zincir_halka.034
09:39:14 | INFO: Blender create Mesh node EK_A04_F18_34_zincir_halka.035
09:39:14 | INFO: Blender create Mesh node EK_A04_F18_34_zincir_halka.036
09:39:14 | INFO: Blender create Mesh node EK_A04_F18_34_zincir_halka.037
09:39:14 | INFO: Blender create Mesh node EK_A04_F18_34_zincir_halka.038
09:39:14 | INFO: Blender create Mesh node EK_A04_F18_34_zincir_halka.039
09:39:14 | INFO: Blender create Mesh node EK_A04_F18_34_zincir_halka.040
09:39:14 | INFO: Blender create Mesh node EK_A04_F18_34_zincir_halka.041
09:39:14 | INFO: Blender create Mesh node EK_A04_F18_34_zincir_halka.042
09:39:14 | INFO: Blender create Mesh node EK_A04_F18_34_zincir_halka.043
09:39:14 | INFO: Blender create Mesh node EK_A04_F18_34_zincir_halka.044
09:39:14 | INFO: Blender create Mesh node EK_A04_F18_34_zincir_halka.045
09:39:14 | INFO: Blender create Mesh node EK_A04_F18_34_zincir_halka.046
09:39:14 | INFO: Blender create Mesh node EK_A04_F18_34_zincir_halka.047
09:39:14 | INFO: Blender create Mesh node EK_A04_F18_34_zincir_halka.048
09:39:14 | INFO: Blender create Mesh node EK_A04_F18_34_zincir_halka.049
09:39:14 | INFO: Blender create Mesh node EK_A04_F18_34_zincir_halka.050
09:39:14 | INFO: Blender create Mesh node EK_A04_F18_34_zincir_halka.051
09:39:14 | INFO: Blender create Mesh node EK_A04_F18_34_zincir_halka.052
09:39:14 | INFO: Blender create Mesh node EK_A04_F18_34_zincir_halka.053
09:39:14 | INFO: Blender create Mesh node EK_A04_F18_34_zincir_halka.054
09:39:14 | INFO: Blender create Mesh node EK_A04_F18_34_zincir_halka.055
09:39:14 | INFO: Blender create Mesh node EK_A04_F18_34_zincir_halka.056
09:39:14 | INFO: Blender create Mesh node EK_A04_F18_34_zincir_halka.057
09:39:14 | INFO: Blender create Mesh node EK_A04_F18_34_zincir_halka.058
09:39:14 | INFO: Blender create Mesh node EK_A04_F18_34_zincir_tavan
09:39:14 | INFO: Blender create Mesh node EK_A04_F18_plafonyer_opal
09:39:14 | INFO: Blender create Mesh node EK_A04_F18_plafonyer_rozet
09:39:14 | INFO: Blender create Mesh node EK_A04_F18_plafonyer_topuz
09:39:14 | INFO: Blender create Mesh node EK_A04_F18_ust_aplik_cam
09:39:14 | INFO: Blender create Mesh node EK_A04_F18_ust_aplik_kol
09:39:14 | INFO: Blender create Mesh node EK_A04_F18_ust_aplik_rozet
09:39:14 | INFO: Blender create Mesh node EK_A04_F29_sol_kiris
09:39:14 | INFO: Blender create Mesh node EK_A04_F29_spot_0
09:39:14 | INFO: Blender create Mesh node EK_A04_F29_spot_1
09:39:14 | INFO: Blender create Mesh node EK_A04_K01_esik_kapagi
09:39:14 | INFO: Blender create Mesh node EK_A04_K01_kasa_ic_kaplama
09:39:14 | INFO: Blender create Mesh node EK_A04_K01_kasa_ic_kaplama.001
09:39:14 | INFO: Blender create Mesh node EK_A04_K01_kasa_ust_kaplama
09:39:14 | INFO: Blender create Mesh node EK_A04_K02_esik_kapagi
09:39:14 | INFO: Blender create Mesh node EK_A04_K02_kasa_ic_kaplama
09:39:14 | INFO: Blender create Mesh node EK_A04_K02_kasa_ic_kaplama.001
09:39:14 | INFO: Blender create Mesh node EK_A04_K02_kasa_ust_kaplama
09:39:14 | INFO: Blender create Mesh node EK_A04_K03_esik_kapagi
09:39:14 | INFO: Blender create Mesh node EK_A04_K03_kasa_ic_kaplama
09:39:14 | INFO: Blender create Mesh node EK_A04_K03_kasa_ic_kaplama.001
09:39:14 | INFO: Blender create Mesh node EK_A04_K03_kasa_ust_kaplama
09:39:14 | INFO: Blender create Mesh node EK_A04_K04_kasa_ic_kaplama
09:39:14 | INFO: Blender create Mesh node EK_A04_K04_kasa_ic_kaplama.001
09:39:14 | INFO: Blender create Mesh node EK_A04_K04_kasa_ust_kaplama
09:39:14 | INFO: Blender create Mesh node EK_A04_K05_kasa_ic_kaplama
09:39:14 | INFO: Blender create Mesh node EK_A04_K05_kasa_ic_kaplama.001
09:39:14 | INFO: Blender create Mesh node EK_A04_K05_kasa_ust_kaplama
09:39:14 | INFO: Blender create Mesh node EK_A04_K06_kasa_ic_kaplama
09:39:14 | INFO: Blender create Mesh node EK_A04_K06_kasa_ic_kaplama.001
09:39:14 | INFO: Blender create Mesh node EK_A04_K06_kasa_ust_kaplama
09:39:14 | INFO: Blender create Mesh node EK_A04_K07_kasa_ic_kaplama
09:39:14 | INFO: Blender create Mesh node EK_A04_K07_kasa_ic_kaplama.001
09:39:14 | INFO: Blender create Mesh node EK_A04_K07_kasa_ust_kaplama
09:39:14 | INFO: Blender create Mesh node EK_A04_K08_kasa_ic_kaplama
09:39:14 | INFO: Blender create Mesh node EK_A04_K08_kasa_ic_kaplama.001
09:39:14 | INFO: Blender create Mesh node EK_A04_K08_kasa_ust_kaplama
09:39:14 | INFO: Blender create Mesh node EK_A08_D16_X0_ayna.001
09:39:14 | INFO: Blender create Mesh node EK_A08_D16_X0_dikme.002
09:39:14 | INFO: Blender create Mesh node EK_A08_D16_X0_dikme.003
09:39:14 | INFO: Blender create Mesh node EK_A08_D16_X0_ray.002
09:39:14 | INFO: Blender create Mesh node EK_A08_D16_X0_ray.003
09:39:14 | INFO: Blender create Mesh node EK_A08_D16_X1_ayna.001
09:39:14 | INFO: Blender create Mesh node EK_A08_D16_X1_dikme.002
09:39:14 | INFO: Blender create Mesh node EK_A08_D16_X1_dikme.003
09:39:14 | INFO: Blender create Mesh node EK_A08_D16_X1_ray.002
09:39:14 | INFO: Blender create Mesh node EK_A08_D16_X1_ray.003
09:39:14 | INFO: Blender create Mesh node EK_A08_D16_Y0_ayna.001
09:39:14 | INFO: Blender create Mesh node EK_A08_D16_Y0_dikme.002
09:39:14 | INFO: Blender create Mesh node EK_A08_D16_Y0_dikme.003
09:39:14 | INFO: Blender create Mesh node EK_A08_D16_Y0_ray.002
09:39:14 | INFO: Blender create Mesh node EK_A08_D16_Y0_ray.003
09:39:14 | INFO: Blender create Mesh node EK_A08_D16_Y1_ayna.001
09:39:14 | INFO: Blender create Mesh node EK_A08_D16_Y1_dikme.002
09:39:14 | INFO: Blender create Mesh node EK_A08_D16_Y1_dikme.003
09:39:14 | INFO: Blender create Mesh node EK_A08_D16_Y1_ray.002
09:39:14 | INFO: Blender create Mesh node EK_A08_D16_Y1_ray.003
09:39:14 | INFO: Blender create Mesh node EK_A08_F06_aplik_kol
09:39:14 | INFO: Blender create Mesh node EK_A08_F06_aplik_rozet
09:39:14 | INFO: Blender create Mesh node EK_A08_F06_opal
09:39:14 | INFO: Blender create Mesh node EK_A08_F13_17_ampul
09:39:14 | INFO: Blender create Mesh node EK_A08_F13_17_ampul.001
09:39:14 | INFO: Blender create Mesh node EK_A08_F13_17_ampul.002
09:39:14 | INFO: Blender create Mesh node EK_A08_F13_17_kol
09:39:14 | INFO: Blender create Mesh node EK_A08_F13_17_kol.001
09:39:14 | INFO: Blender create Mesh node EK_A08_F13_17_kol.002
09:39:14 | INFO: Blender create Mesh node EK_A08_F13_17_rozet
09:39:14 | INFO: Blender create Mesh node EK_A08_F13_17_spot
09:39:14 | INFO: Blender create Mesh node EK_A08_F13_17_spot.001
09:39:14 | INFO: Blender create Mesh node EK_A08_F13_17_spot.002
09:39:14 | INFO: Blender create Mesh node EK_A09_F32_bordur_arka
09:39:14 | INFO: Blender create Mesh node EK_A09_F32_bordur_sol
09:39:14 | INFO: Blender create Mesh node EK_M1_supurgelik_119
09:39:14 | INFO: Blender create Mesh node EK_M1_supurgelik_120
09:39:14 | INFO: Blender create Mesh node EK_M1_supurgelik_121
09:39:14 | INFO: Blender create Mesh node EK_M1_supurgelik_122
09:39:14 | INFO: Blender create Mesh node EK_M1_supurgelik_123
09:39:14 | INFO: Blender create Mesh node EK_M1_supurgelik_124
09:39:14 | INFO: Blender create Mesh node EK_M1_supurgelik_125
09:39:14 | INFO: Blender create Mesh node EK_M1_supurgelik_126
09:39:14 | INFO: Blender create Mesh node EK_M1_supurgelik_127
09:39:14 | INFO: Blender create Mesh node EK_M1_supurgelik_128
09:39:14 | INFO: Blender create Mesh node EK_M1_supurgelik_129
09:39:14 | INFO: Blender create Mesh node EK_M1_supurgelik_130
09:39:14 | INFO: Blender create Mesh node EK_M1_supurgelik_131
09:39:14 | INFO: Blender create Mesh node EK_M1_supurgelik_132
09:39:14 | INFO: Blender create Mesh node EK_M1_supurgelik_133
09:39:14 | INFO: Blender create Mesh node EK_M1_supurgelik_134
09:39:14 | INFO: Blender create Mesh node EK_M1_supurgelik_135
09:39:14 | INFO: Blender create Mesh node EK_M1_supurgelik_136
09:39:14 | INFO: Blender create Mesh node EK_M1_supurgelik_137
09:39:14 | INFO: Blender create Mesh node EK_M1_supurgelik_138
09:39:14 | INFO: Blender create Mesh node EK_M1_supurgelik_139
09:39:14 | INFO: Blender create Mesh node EK_M1_supurgelik_140
09:39:14 | INFO: Blender create Mesh node EK_M1_supurgelik_141
09:39:14 | INFO: Blender create Mesh node EK_M1_supurgelik_142
09:39:14 | INFO: Blender create Mesh node EK_M1_supurgelik_143
09:39:14 | INFO: Blender create Mesh node EK_M1_supurgelik_144
09:39:14 | INFO: Blender create Mesh node EK_M1_supurgelik_145
09:39:14 | INFO: Blender create Mesh node EK_M1_supurgelik_146
09:39:14 | INFO: Blender create Mesh node EK_M1_supurgelik_147
09:39:14 | INFO: Blender create Mesh node EK_M1_supurgelik_148
09:39:14 | INFO: Blender create Mesh node EK_M1_supurgelik_149
09:39:14 | INFO: Blender create Mesh node EK_M1_supurgelik_150
09:39:14 | INFO: Blender create Mesh node EK_M1_supurgelik_151
09:39:14 | INFO: Blender create Mesh node EK_M1_supurgelik_152
09:39:14 | INFO: Blender create Mesh node EK_M1_supurgelik_153
09:39:14 | INFO: Blender create Mesh node EK_M1_supurgelik_154
09:39:14 | INFO: Blender create Mesh node EK_M1_supurgelik_155
09:39:14 | INFO: Blender create Mesh node EK_M1_supurgelik_156
09:39:14 | INFO: Blender create Mesh node EK_M1_supurgelik_157
09:39:14 | INFO: Blender create Mesh node EK_M1_supurgelik_158
09:39:14 | INFO: Blender create Mesh node EK_M1_supurgelik_159
09:39:14 | INFO: Blender create Mesh node EK_M1_supurgelik_160
09:39:14 | INFO: Blender create Mesh node EK_M1_supurgelik_161
09:39:14 | INFO: Blender create Mesh node EK_M1_supurgelik_162
09:39:14 | INFO: Blender create Mesh node EK_M1_supurgelik_163
09:39:14 | INFO: Blender create Mesh node EK_M1_supurgelik_164
09:39:14 | INFO: Blender create Mesh node EK_M1_supurgelik_165
09:39:14 | INFO: Blender create Mesh node EK_M1_supurgelik_166
09:39:14 | INFO: Blender create Mesh node EK_M1_supurgelik_167
09:39:14 | INFO: Blender create Mesh node EK_M1_supurgelik_168
09:39:14 | INFO: Blender create Mesh node EK_M1_supurgelik_169
09:39:14 | INFO: Blender create Mesh node EK_M1_supurgelik_170
09:39:14 | INFO: Blender create Mesh node EK_M1_supurgelik_171
09:39:14 | INFO: Blender create Mesh node EK_M1_supurgelik_172
09:39:14 | INFO: Blender create Mesh node EK_M1_supurgelik_173
09:39:14 | INFO: Blender create Mesh node EK_M1_supurgelik_174
09:39:14 | INFO: Blender create Mesh node EK_M1_supurgelik_175
09:39:14 | INFO: Blender create Mesh node EK_M1_supurgelik_176
09:39:14 | INFO: Blender create Mesh node EK_M1_supurgelik_177
09:39:14 | INFO: Blender create Mesh node EK_M1_supurgelik_178
09:39:14 | INFO: Blender create Mesh node EK_M1_supurgelik_179
09:39:14 | INFO: Blender create Mesh node EK_M1_supurgelik_180
09:39:14 | INFO: Blender create Mesh node EK_M1_supurgelik_181
09:39:14 | INFO: Blender create Mesh node EK_M1_supurgelik_182
09:39:14 | INFO: Blender create Mesh node EK_M1_supurgelik_183
09:39:14 | INFO: Blender create Mesh node EK_M1_supurgelik_184
09:39:14 | INFO: Blender create Mesh node EK_M1_supurgelik_185
09:39:14 | INFO: Blender create Mesh node EK_M1_supurgelik_186
09:39:14 | INFO: Blender create Mesh node EK_M1_supurgelik_187
09:39:14 | INFO: Blender create Mesh node EK_M1_supurgelik_188
09:39:14 | INFO: Blender create Mesh node EK_M1_supurgelik_189
09:39:14 | INFO: Blender create Mesh node EK_M1_supurgelik_190
09:39:14 | INFO: Blender create Mesh node EK_M1_supurgelik_191
09:39:14 | INFO: Blender create Mesh node EK_M1_supurgelik_192
09:39:14 | INFO: Blender create Mesh node EK_M1_supurgelik_193
09:39:14 | INFO: Blender create Mesh node EK_M1_supurgelik_194
09:39:14 | INFO: Blender create Mesh node EK_M1_supurgelik_195
09:39:14 | INFO: Blender create Mesh node EK_M1_supurgelik_196
09:39:14 | INFO: Blender create Mesh node EK_M1_supurgelik_197
09:39:14 | INFO: Blender create Mesh node EK_M1_supurgelik_198
09:39:14 | INFO: Blender create Mesh node EK_M1_supurgelik_199
09:39:14 | INFO: Blender create Mesh node EK_M1_supurgelik_200
09:39:14 | INFO: Blender create Mesh node EK_M1_supurgelik_201
09:39:14 | INFO: Blender create Mesh node EK_M1_supurgelik_202
09:39:14 | INFO: Blender create Mesh node EK_M1_supurgelik_203
09:39:14 | INFO: Blender create Mesh node EK_M1_supurgelik_204
09:39:14 | INFO: Blender create Mesh node EK_M1_supurgelik_205
09:39:14 | INFO: Blender create Mesh node EK_M1_supurgelik_206
09:39:14 | INFO: Blender create Mesh node EK_M1_supurgelik_207
09:39:14 | INFO: Blender create Mesh node EK_M1_supurgelik_208
09:39:14 | INFO: Blender create Mesh node EK_M1_supurgelik_209
09:39:14 | INFO: Blender create Mesh node EK_M1_supurgelik_210
09:39:14 | INFO: Blender create Mesh node EK_M1_supurgelik_211
09:39:14 | INFO: Blender create Mesh node EK_M1_supurgelik_212
09:39:14 | INFO: Blender create Mesh node EK_M1_supurgelik_213
09:39:14 | INFO: Blender create Mesh node EK_M1_supurgelik_214
09:39:14 | INFO: Blender create Mesh node EK_M1_supurgelik_215
09:39:14 | INFO: Blender create Mesh node EK_M1_supurgelik_216
09:39:14 | INFO: Blender create Mesh node EK_M1_supurgelik_217
09:39:14 | INFO: Blender create Mesh node EK_M1_supurgelik_218
09:39:14 | INFO: Blender create Mesh node EK_M1_supurgelik_219
09:39:14 | INFO: Blender create Mesh node EK_M1_supurgelik_220
09:39:14 | INFO: Blender create Mesh node EK_M1_supurgelik_221
09:39:14 | INFO: Blender create Mesh node EK_M1_supurgelik_222
09:39:14 | INFO: Blender create Mesh node EK_M1_supurgelik_223
09:39:14 | INFO: Blender create Mesh node EK_M1_supurgelik_224
09:39:14 | INFO: Blender create Mesh node EK_M1_supurgelik_225
09:39:14 | INFO: Blender create Mesh node EK_M1_supurgelik_226
09:39:14 | INFO: Blender create Mesh node EK_M1_supurgelik_227
09:39:14 | INFO: Blender create Mesh node EK_M1_supurgelik_228
09:39:14 | INFO: Blender create Mesh node EK_M1_supurgelik_229
09:39:14 | INFO: Blender create Mesh node EK_M1_supurgelik_230
09:39:14 | INFO: Blender create Mesh node EK_M1_supurgelik_231
09:39:14 | INFO: Blender create Mesh node EK_M1_supurgelik_232
09:39:14 | INFO: Blender create Mesh node EK_M1_supurgelik_233
09:39:14 | INFO: Blender create Mesh node EK_M1_supurgelik_234
09:39:14 | INFO: Blender create Mesh node EK_M1_supurgelik_235
09:39:14 | INFO: Blender create Mesh node EK_M1_supurgelik_236
09:39:14 | INFO: Blender create Mesh node EK_M1_supurgelik_237
09:39:14 | INFO: Blender create Mesh node EK_M1_supurgelik_238
09:39:14 | INFO: Blender create Mesh node EK_M1_supurgelik_239
09:39:14 | INFO: Blender create Mesh node EK_M1_supurgelik_240
09:39:14 | INFO: Blender create Mesh node EK_M1_supurgelik_241
09:39:14 | INFO: Blender create Mesh node EK_M1_supurgelik_242
09:39:14 | INFO: Blender create Mesh node EK_M1_supurgelik_243
09:39:14 | INFO: Blender create Mesh node EK_M1_supurgelik_244
09:39:14 | INFO: Blender create Mesh node EK_M1_supurgelik_245
09:39:14 | INFO: Blender create Mesh node EK_M1_supurgelik_246
09:39:14 | INFO: Blender create Mesh node EK_M1_supurgelik_247
09:39:14 | INFO: Blender create Mesh node EK_M1_supurgelik_248
09:39:14 | INFO: Blender create Mesh node EK_M1_supurgelik_249
09:39:14 | INFO: Blender create Mesh node EK_M1_supurgelik_250
09:39:14 | INFO: Blender create Mesh node EK_M1_supurgelik_251
09:39:14 | INFO: Blender create Mesh node EK_M1_supurgelik_252
09:39:14 | INFO: Blender create Mesh node EK_M1_supurgelik_253
09:39:14 | INFO: Blender create Mesh node EK_M1_supurgelik_254
09:39:14 | INFO: Blender create Mesh node EK_M1_supurgelik_255
09:39:14 | INFO: Blender create Mesh node EK_M1_supurgelik_256
09:39:14 | INFO: Blender create Mesh node EK_M1_supurgelik_257
09:39:14 | INFO: Blender create Mesh node EK_M1_supurgelik_258
09:39:14 | INFO: Blender create Mesh node EK_M1_supurgelik_259
09:39:14 | INFO: Blender create Mesh node EK_M1_supurgelik_260
09:39:14 | INFO: Blender create Mesh node EK_M1_supurgelik_261
09:39:14 | INFO: Blender create Mesh node EK_M1_supurgelik_262
09:39:14 | INFO: Blender create Mesh node EK_M1_supurgelik_263
09:39:14 | INFO: Blender create Mesh node EK_M1_supurgelik_264
09:39:14 | INFO: Blender create Mesh node EK_M1_supurgelik_265
09:39:14 | INFO: Blender create Mesh node EK_M1_supurgelik_266
09:39:14 | INFO: Blender create Mesh node EK_M1_supurgelik_267
09:39:14 | INFO: Blender create Mesh node EK_M1_supurgelik_268
09:39:14 | INFO: Blender create Mesh node EK_M1_supurgelik_269
09:39:14 | INFO: Blender create Mesh node EK_M1_supurgelik_270
09:39:14 | INFO: Blender create Mesh node EK_M1_supurgelik_271
09:39:14 | INFO: Blender create Mesh node EK_M1_supurgelik_272
09:39:14 | INFO: Blender create Mesh node EK_M1_supurgelik_273
09:39:14 | INFO: Blender create Mesh node EK_M1_supurgelik_274
09:39:14 | INFO: Blender create Mesh node EK_M1_supurgelik_275
09:39:14 | INFO: Blender create Mesh node EK_M1_supurgelik_276
09:39:14 | INFO: Blender create Mesh node EK_M1_supurgelik_277
09:39:14 | INFO: Blender create Mesh node EK_M1_supurgelik_278
09:39:14 | INFO: Blender create Mesh node EK_M1_supurgelik_279
09:39:14 | INFO: Blender create Mesh node EK_M1_supurgelik_280
09:39:14 | INFO: Blender create Mesh node EK_M1_supurgelik_281
09:39:14 | INFO: Blender create Mesh node EK_M1_supurgelik_282
09:39:14 | INFO: Blender create Mesh node EK_M1_supurgelik_283
09:39:14 | INFO: Blender create Mesh node EK_M2_K2_0_basamak
09:39:14 | INFO: Blender create Mesh node EK_M2_K2_0_basamak.001
09:39:14 | INFO: Blender create Mesh node EK_M2_K2_0_basamak.002
09:39:14 | INFO: Blender create Mesh node EK_M2_K2_0_basamak.003
09:39:14 | INFO: Blender create Mesh node EK_M2_K2_0_basamak.004
09:39:14 | INFO: Blender create Mesh node EK_M2_K2_0_basamak.005
09:39:14 | INFO: Blender create Mesh node EK_M2_K2_0_basamak.006
09:39:14 | INFO: Blender create Mesh node EK_M2_K2_0_basamak.007
09:39:14 | INFO: Blender create Mesh node EK_M2_K2_0_basamak.008
09:39:14 | INFO: Blender create Mesh node EK_M2_K2_0_beyaz_altyapi
09:39:14 | INFO: Blender create Mesh node EK_M2_K2_0_riht
09:39:14 | INFO: Blender create Mesh node EK_M2_K2_0_riht.001
09:39:14 | INFO: Blender create Mesh node EK_M2_K2_0_riht.002
09:39:14 | INFO: Blender create Mesh node EK_M2_K2_0_riht.003
09:39:14 | INFO: Blender create Mesh node EK_M2_K2_0_riht.004
09:39:14 | INFO: Blender create Mesh node EK_M2_K2_0_riht.005
09:39:14 | INFO: Blender create Mesh node EK_M2_K2_0_riht.006
09:39:14 | INFO: Blender create Mesh node EK_M2_K2_0_riht.007
09:39:14 | INFO: Blender create Mesh node EK_M2_K2_0_riht.008
09:39:14 | INFO: Blender create Mesh node EK_M2_K2_1_basamak
09:39:14 | INFO: Blender create Mesh node EK_M2_K2_1_basamak.001
09:39:14 | INFO: Blender create Mesh node EK_M2_K2_1_basamak.002
09:39:14 | INFO: Blender create Mesh node EK_M2_K2_1_basamak.003
09:39:14 | INFO: Blender create Mesh node EK_M2_K2_1_basamak.004
09:39:14 | INFO: Blender create Mesh node EK_M2_K2_1_basamak.005
09:39:14 | INFO: Blender create Mesh node EK_M2_K2_1_basamak.006
09:39:14 | INFO: Blender create Mesh node EK_M2_K2_1_basamak.007
09:39:14 | INFO: Blender create Mesh node EK_M2_K2_1_basamak.008
09:39:14 | INFO: Blender create Mesh node EK_M2_K2_1_beyaz_altyapi
09:39:14 | INFO: Blender create Mesh node EK_M2_K2_1_riht
09:39:14 | INFO: Blender create Mesh node EK_M2_K2_1_riht.001
09:39:14 | INFO: Blender create Mesh node EK_M2_K2_1_riht.002
09:39:14 | INFO: Blender create Mesh node EK_M2_K2_1_riht.003
09:39:14 | INFO: Blender create Mesh node EK_M2_K2_1_riht.004
09:39:14 | INFO: Blender create Mesh node EK_M2_K2_1_riht.005
09:39:14 | INFO: Blender create Mesh node EK_M2_K2_1_riht.006
09:39:14 | INFO: Blender create Mesh node EK_M2_K2_1_riht.007
09:39:14 | INFO: Blender create Mesh node EK_M2_K2_1_riht.008
09:39:14 | INFO: Blender create Mesh node EK_M2_K2_sahanlik
09:39:14 | INFO: Blender create Mesh node EK_M2_K2_sahanlik_alti
09:39:14 | INFO: Blender create Mesh node EK_M3_01_dik_profil.012
09:39:14 | INFO: Blender create Mesh node EK_M3_01_dik_profil.013
09:39:14 | INFO: Blender create Mesh node EK_M3_01_dik_profil.014
09:39:14 | INFO: Blender create Mesh node EK_M3_01_dik_profil.015
09:39:14 | INFO: Blender create Mesh node EK_M3_01_dik_profil.016
09:39:14 | INFO: Blender create Mesh node EK_M3_01_dik_profil.017
09:39:14 | INFO: Blender create Mesh node EK_M3_01_dik_profil.018
09:39:14 | INFO: Blender create Mesh node EK_M3_01_dik_profil.019
09:39:14 | INFO: Blender create Mesh node EK_M3_01_dik_profil.020
09:39:14 | INFO: Blender create Mesh node EK_M3_01_dik_profil.021
09:39:14 | INFO: Blender create Mesh node EK_M3_01_dik_profil.022
09:39:14 | INFO: Blender create Mesh node EK_M3_01_dik_profil.023
09:39:14 | INFO: Blender create Mesh node EK_M3_01_esik_doseme.001
09:39:14 | INFO: Blender create Mesh node EK_M3_01_gobek.006
09:39:14 | INFO: Blender create Mesh node EK_M3_01_gobek.007
09:39:14 | INFO: Blender create Mesh node EK_M3_01_gobek.008
09:39:15 | INFO: Blender create Mesh node EK_M3_01_gobek.009
09:39:15 | INFO: Blender create Mesh node EK_M3_01_gobek.010
09:39:15 | INFO: Blender create Mesh node EK_M3_01_gobek.011
09:39:15 | INFO: Blender create Mesh node EK_M3_01_kanat.001
09:39:15 | INFO: Blender create Mesh node EK_M3_01_kasa.002
09:39:15 | INFO: Blender create Mesh node EK_M3_01_kasa.003
09:39:15 | INFO: Blender create Mesh node EK_M3_01_kulp
09:39:15 | INFO: Blender create Mesh node EK_M3_01_kulp.001
09:39:15 | INFO: Blender create Mesh node EK_M3_01_mentese
09:39:15 | INFO: Blender create Mesh node EK_M3_01_mentese.001
09:39:15 | INFO: Blender create Mesh node EK_M3_01_mentese.002
09:39:15 | INFO: Blender create Mesh node EK_M3_01_pervaz.004
09:39:15 | INFO: Blender create Mesh node EK_M3_01_pervaz.005
09:39:15 | INFO: Blender create Mesh node EK_M3_01_pervaz.006
09:39:15 | INFO: Blender create Mesh node EK_M3_01_pervaz.007
09:39:15 | INFO: Blender create Mesh node EK_M3_01_ust_kasa.001
09:39:15 | INFO: Blender create Mesh node EK_M3_01_ust_pervaz.002
09:39:15 | INFO: Blender create Mesh node EK_M3_01_ust_pervaz.003
09:39:15 | INFO: Blender create Mesh node EK_M3_01_yatay_profil.012
09:39:15 | INFO: Blender create Mesh node EK_M3_01_yatay_profil.013
09:39:15 | INFO: Blender create Mesh node EK_M3_01_yatay_profil.014
09:39:15 | INFO: Blender create Mesh node EK_M3_01_yatay_profil.015
09:39:15 | INFO: Blender create Mesh node EK_M3_01_yatay_profil.016
09:39:15 | INFO: Blender create Mesh node EK_M3_01_yatay_profil.017
09:39:15 | INFO: Blender create Mesh node EK_M3_01_yatay_profil.018
09:39:15 | INFO: Blender create Mesh node EK_M3_01_yatay_profil.019
09:39:15 | INFO: Blender create Mesh node EK_M3_01_yatay_profil.020
09:39:15 | INFO: Blender create Mesh node EK_M3_01_yatay_profil.021
09:39:15 | INFO: Blender create Mesh node EK_M3_01_yatay_profil.022
09:39:15 | INFO: Blender create Mesh node EK_M3_01_yatay_profil.023
09:39:15 | INFO: Blender create Mesh node EK_M3_02_dik_profil.024
09:39:15 | INFO: Blender create Mesh node EK_M3_02_dik_profil.025
09:39:15 | INFO: Blender create Mesh node EK_M3_02_dik_profil.026
09:39:15 | INFO: Blender create Mesh node EK_M3_02_dik_profil.027
09:39:15 | INFO: Blender create Mesh node EK_M3_02_dik_profil.028
09:39:15 | INFO: Blender create Mesh node EK_M3_02_dik_profil.029
09:39:15 | INFO: Blender create Mesh node EK_M3_02_dik_profil.030
09:39:15 | INFO: Blender create Mesh node EK_M3_02_dik_profil.031
09:39:15 | INFO: Blender create Mesh node EK_M3_02_dik_profil.032
09:39:15 | INFO: Blender create Mesh node EK_M3_02_dik_profil.033
09:39:15 | INFO: Blender create Mesh node EK_M3_02_dik_profil.034
09:39:15 | INFO: Blender create Mesh node EK_M3_02_dik_profil.035
09:39:15 | INFO: Blender create Mesh node EK_M3_02_dik_profil.036
09:39:15 | INFO: Blender create Mesh node EK_M3_02_dik_profil.037
09:39:15 | INFO: Blender create Mesh node EK_M3_02_dik_profil.038
09:39:15 | INFO: Blender create Mesh node EK_M3_02_dik_profil.039
09:39:15 | INFO: Blender create Mesh node EK_M3_02_dik_profil.040
09:39:15 | INFO: Blender create Mesh node EK_M3_02_dik_profil.041
09:39:15 | INFO: Blender create Mesh node EK_M3_02_dik_profil.042
09:39:15 | INFO: Blender create Mesh node EK_M3_02_dik_profil.043
09:39:15 | INFO: Blender create Mesh node EK_M3_02_dik_profil.044
09:39:15 | INFO: Blender create Mesh node EK_M3_02_dik_profil.045
09:39:15 | INFO: Blender create Mesh node EK_M3_02_dik_profil.046
09:39:15 | INFO: Blender create Mesh node EK_M3_02_dik_profil.047
09:39:15 | INFO: Blender create Mesh node EK_M3_02_esik_doseme.001
09:39:15 | INFO: Blender create Mesh node EK_M3_02_gobek.012
09:39:15 | INFO: Blender create Mesh node EK_M3_02_gobek.013
09:39:15 | INFO: Blender create Mesh node EK_M3_02_gobek.014
09:39:15 | INFO: Blender create Mesh node EK_M3_02_gobek.015
09:39:15 | INFO: Blender create Mesh node EK_M3_02_gobek.016
09:39:15 | INFO: Blender create Mesh node EK_M3_02_gobek.017
09:39:15 | INFO: Blender create Mesh node EK_M3_02_gobek.018
09:39:15 | INFO: Blender create Mesh node EK_M3_02_gobek.019
09:39:15 | INFO: Blender create Mesh node EK_M3_02_gobek.020
09:39:15 | INFO: Blender create Mesh node EK_M3_02_gobek.021
09:39:15 | INFO: Blender create Mesh node EK_M3_02_gobek.022
09:39:15 | INFO: Blender create Mesh node EK_M3_02_gobek.023
09:39:15 | INFO: Blender create Mesh node EK_M3_02_kanat.001
09:39:15 | INFO: Blender create Mesh node EK_M3_02_kasa.002
09:39:15 | INFO: Blender create Mesh node EK_M3_02_kasa.003
09:39:15 | INFO: Blender create Mesh node EK_M3_02_mentese
09:39:15 | INFO: Blender create Mesh node EK_M3_02_mentese.001
09:39:15 | INFO: Blender create Mesh node EK_M3_02_mentese.002
09:39:15 | INFO: Blender create Mesh node EK_M3_02_pervaz.004
09:39:15 | INFO: Blender create Mesh node EK_M3_02_pervaz.005
09:39:15 | INFO: Blender create Mesh node EK_M3_02_pervaz.006
09:39:15 | INFO: Blender create Mesh node EK_M3_02_pervaz.007
09:39:15 | INFO: Blender create Mesh node EK_Sphere.009
09:39:15 | INFO: Blender create Mesh node EK_Sphere.010
09:39:15 | INFO: Blender create Mesh node EK_M3_02_topuz_mili
09:39:15 | INFO: Blender create Mesh node EK_M3_02_topuz_mili.001
09:39:15 | INFO: Blender create Mesh node EK_M3_02_ust_kasa.001
09:39:15 | INFO: Blender create Mesh node EK_M3_02_ust_pervaz.002
09:39:15 | INFO: Blender create Mesh node EK_M3_02_ust_pervaz.003
09:39:15 | INFO: Blender create Mesh node EK_M3_02_yatay_profil.024
09:39:15 | INFO: Blender create Mesh node EK_M3_02_yatay_profil.025
09:39:15 | INFO: Blender create Mesh node EK_M3_02_yatay_profil.026
09:39:15 | INFO: Blender create Mesh node EK_M3_02_yatay_profil.027
09:39:15 | INFO: Blender create Mesh node EK_M3_02_yatay_profil.028
09:39:15 | INFO: Blender create Mesh node EK_M3_02_yatay_profil.029
09:39:15 | INFO: Blender create Mesh node EK_M3_02_yatay_profil.030
09:39:15 | INFO: Blender create Mesh node EK_M3_02_yatay_profil.031
09:39:15 | INFO: Blender create Mesh node EK_M3_02_yatay_profil.032
09:39:15 | INFO: Blender create Mesh node EK_M3_02_yatay_profil.033
09:39:15 | INFO: Blender create Mesh node EK_M3_02_yatay_profil.034
09:39:15 | INFO: Blender create Mesh node EK_M3_02_yatay_profil.035
09:39:15 | INFO: Blender create Mesh node EK_M3_02_yatay_profil.036
09:39:15 | INFO: Blender create Mesh node EK_M3_02_yatay_profil.037
09:39:15 | INFO: Blender create Mesh node EK_M3_02_yatay_profil.038
09:39:15 | INFO: Blender create Mesh node EK_M3_02_yatay_profil.039
09:39:15 | INFO: Blender create Mesh node EK_M3_02_yatay_profil.040
09:39:15 | INFO: Blender create Mesh node EK_M3_02_yatay_profil.041
09:39:15 | INFO: Blender create Mesh node EK_M3_02_yatay_profil.042
09:39:15 | INFO: Blender create Mesh node EK_M3_02_yatay_profil.043
09:39:15 | INFO: Blender create Mesh node EK_M3_02_yatay_profil.044
09:39:15 | INFO: Blender create Mesh node EK_M3_02_yatay_profil.045
09:39:15 | INFO: Blender create Mesh node EK_M3_02_yatay_profil.046
09:39:15 | INFO: Blender create Mesh node EK_M3_02_yatay_profil.047
09:39:15 | INFO: Blender create Mesh node EK_M3_03_dik_profil.024
09:39:15 | INFO: Blender create Mesh node EK_M3_03_dik_profil.025
09:39:15 | INFO: Blender create Mesh node EK_M3_03_dik_profil.026
09:39:15 | INFO: Blender create Mesh node EK_M3_03_dik_profil.027
09:39:15 | INFO: Blender create Mesh node EK_M3_03_dik_profil.028
09:39:15 | INFO: Blender create Mesh node EK_M3_03_dik_profil.029
09:39:15 | INFO: Blender create Mesh node EK_M3_03_dik_profil.030
09:39:15 | INFO: Blender create Mesh node EK_M3_03_dik_profil.031
09:39:15 | INFO: Blender create Mesh node EK_M3_03_dik_profil.032
09:39:15 | INFO: Blender create Mesh node EK_M3_03_dik_profil.033
09:39:15 | INFO: Blender create Mesh node EK_M3_03_dik_profil.034
09:39:15 | INFO: Blender create Mesh node EK_M3_03_dik_profil.035
09:39:15 | INFO: Blender create Mesh node EK_M3_03_dik_profil.036
09:39:15 | INFO: Blender create Mesh node EK_M3_03_dik_profil.037
09:39:15 | INFO: Blender create Mesh node EK_M3_03_dik_profil.038
09:39:15 | INFO: Blender create Mesh node EK_M3_03_dik_profil.039
09:39:15 | INFO: Blender create Mesh node EK_M3_03_dik_profil.040
09:39:15 | INFO: Blender create Mesh node EK_M3_03_dik_profil.041
09:39:15 | INFO: Blender create Mesh node EK_M3_03_dik_profil.042
09:39:15 | INFO: Blender create Mesh node EK_M3_03_dik_profil.043
09:39:15 | INFO: Blender create Mesh node EK_M3_03_dik_profil.044
09:39:15 | INFO: Blender create Mesh node EK_M3_03_dik_profil.045
09:39:15 | INFO: Blender create Mesh node EK_M3_03_dik_profil.046
09:39:15 | INFO: Blender create Mesh node EK_M3_03_dik_profil.047
09:39:15 | INFO: Blender create Mesh node EK_M3_03_esik_doseme.001
09:39:15 | INFO: Blender create Mesh node EK_M3_03_gobek.012
09:39:15 | INFO: Blender create Mesh node EK_M3_03_gobek.013
09:39:15 | INFO: Blender create Mesh node EK_M3_03_gobek.014
09:39:15 | INFO: Blender create Mesh node EK_M3_03_gobek.015
09:39:15 | INFO: Blender create Mesh node EK_M3_03_gobek.016
09:39:15 | INFO: Blender create Mesh node EK_M3_03_gobek.017
09:39:15 | INFO: Blender create Mesh node EK_M3_03_gobek.018
09:39:15 | INFO: Blender create Mesh node EK_M3_03_gobek.019
09:39:15 | INFO: Blender create Mesh node EK_M3_03_gobek.020
09:39:15 | INFO: Blender create Mesh node EK_M3_03_gobek.021
09:39:15 | INFO: Blender create Mesh node EK_M3_03_gobek.022
09:39:15 | INFO: Blender create Mesh node EK_M3_03_gobek.023
09:39:15 | INFO: Blender create Mesh node EK_M3_03_kanat.001
09:39:15 | INFO: Blender create Mesh node EK_M3_03_kasa.002
09:39:15 | INFO: Blender create Mesh node EK_M3_03_kasa.003
09:39:15 | INFO: Blender create Mesh node EK_M3_03_mentese
09:39:15 | INFO: Blender create Mesh node EK_M3_03_mentese.001
09:39:15 | INFO: Blender create Mesh node EK_M3_03_mentese.002
09:39:15 | INFO: Blender create Mesh node EK_M3_03_pervaz.004
09:39:15 | INFO: Blender create Mesh node EK_M3_03_pervaz.005
09:39:15 | INFO: Blender create Mesh node EK_M3_03_pervaz.006
09:39:15 | INFO: Blender create Mesh node EK_M3_03_pervaz.007
09:39:15 | INFO: Blender create Mesh node EK_Sphere.011
09:39:15 | INFO: Blender create Mesh node EK_Sphere.012
09:39:15 | INFO: Blender create Mesh node EK_M3_03_topuz_mili
09:39:15 | INFO: Blender create Mesh node EK_M3_03_topuz_mili.001
09:39:15 | INFO: Blender create Mesh node EK_M3_03_ust_kasa.001
09:39:15 | INFO: Blender create Mesh node EK_M3_03_ust_pervaz.002
09:39:15 | INFO: Blender create Mesh node EK_M3_03_ust_pervaz.003
09:39:15 | INFO: Blender create Mesh node EK_M3_03_yatay_profil.024
09:39:15 | INFO: Blender create Mesh node EK_M3_03_yatay_profil.025
09:39:15 | INFO: Blender create Mesh node EK_M3_03_yatay_profil.026
09:39:15 | INFO: Blender create Mesh node EK_M3_03_yatay_profil.027
09:39:15 | INFO: Blender create Mesh node EK_M3_03_yatay_profil.028
09:39:15 | INFO: Blender create Mesh node EK_M3_03_yatay_profil.029
09:39:15 | INFO: Blender create Mesh node EK_M3_03_yatay_profil.030
09:39:15 | INFO: Blender create Mesh node EK_M3_03_yatay_profil.031
09:39:15 | INFO: Blender create Mesh node EK_M3_03_yatay_profil.032
09:39:15 | INFO: Blender create Mesh node EK_M3_03_yatay_profil.033
09:39:15 | INFO: Blender create Mesh node EK_M3_03_yatay_profil.034
09:39:15 | INFO: Blender create Mesh node EK_M3_03_yatay_profil.035
09:39:15 | INFO: Blender create Mesh node EK_M3_03_yatay_profil.036
09:39:15 | INFO: Blender create Mesh node EK_M3_03_yatay_profil.037
09:39:15 | INFO: Blender create Mesh node EK_M3_03_yatay_profil.038
09:39:15 | INFO: Blender create Mesh node EK_M3_03_yatay_profil.039
09:39:15 | INFO: Blender create Mesh node EK_M3_03_yatay_profil.040
09:39:15 | INFO: Blender create Mesh node EK_M3_03_yatay_profil.041
09:39:15 | INFO: Blender create Mesh node EK_M3_03_yatay_profil.042
09:39:15 | INFO: Blender create Mesh node EK_M3_03_yatay_profil.043
09:39:15 | INFO: Blender create Mesh node EK_M3_03_yatay_profil.044
09:39:15 | INFO: Blender create Mesh node EK_M3_03_yatay_profil.045
09:39:15 | INFO: Blender create Mesh node EK_M3_03_yatay_profil.046
09:39:15 | INFO: Blender create Mesh node EK_M3_03_yatay_profil.047
09:39:15 | INFO: Blender create Mesh node EK_M3_04_dik_profil.024
09:39:15 | INFO: Blender create Mesh node EK_M3_04_dik_profil.025
09:39:15 | INFO: Blender create Mesh node EK_M3_04_dik_profil.026
09:39:15 | INFO: Blender create Mesh node EK_M3_04_dik_profil.027
09:39:15 | INFO: Blender create Mesh node EK_M3_04_dik_profil.028
09:39:15 | INFO: Blender create Mesh node EK_M3_04_dik_profil.029
09:39:15 | INFO: Blender create Mesh node EK_M3_04_dik_profil.030
09:39:15 | INFO: Blender create Mesh node EK_M3_04_dik_profil.031
09:39:15 | INFO: Blender create Mesh node EK_M3_04_dik_profil.032
09:39:15 | INFO: Blender create Mesh node EK_M3_04_dik_profil.033
09:39:15 | INFO: Blender create Mesh node EK_M3_04_dik_profil.034
09:39:15 | INFO: Blender create Mesh node EK_M3_04_dik_profil.035
09:39:15 | INFO: Blender create Mesh node EK_M3_04_dik_profil.036
09:39:15 | INFO: Blender create Mesh node EK_M3_04_dik_profil.037
09:39:15 | INFO: Blender create Mesh node EK_M3_04_dik_profil.038
09:39:15 | INFO: Blender create Mesh node EK_M3_04_dik_profil.039
09:39:15 | INFO: Blender create Mesh node EK_M3_04_dik_profil.040
09:39:15 | INFO: Blender create Mesh node EK_M3_04_dik_profil.041
09:39:15 | INFO: Blender create Mesh node EK_M3_04_dik_profil.042
09:39:15 | INFO: Blender create Mesh node EK_M3_04_dik_profil.043
09:39:15 | INFO: Blender create Mesh node EK_M3_04_dik_profil.044
09:39:15 | INFO: Blender create Mesh node EK_M3_04_dik_profil.045
09:39:15 | INFO: Blender create Mesh node EK_M3_04_dik_profil.046
09:39:15 | INFO: Blender create Mesh node EK_M3_04_dik_profil.047
09:39:15 | INFO: Blender create Mesh node EK_M3_04_gobek.012
09:39:15 | INFO: Blender create Mesh node EK_M3_04_gobek.013
09:39:15 | INFO: Blender create Mesh node EK_M3_04_gobek.014
09:39:15 | INFO: Blender create Mesh node EK_M3_04_gobek.015
09:39:15 | INFO: Blender create Mesh node EK_M3_04_gobek.016
09:39:15 | INFO: Blender create Mesh node EK_M3_04_gobek.017
09:39:15 | INFO: Blender create Mesh node EK_M3_04_gobek.018
09:39:15 | INFO: Blender create Mesh node EK_M3_04_gobek.019
09:39:15 | INFO: Blender create Mesh node EK_M3_04_gobek.020
09:39:15 | INFO: Blender create Mesh node EK_M3_04_gobek.021
09:39:15 | INFO: Blender create Mesh node EK_M3_04_gobek.022
09:39:15 | INFO: Blender create Mesh node EK_M3_04_gobek.023
09:39:15 | INFO: Blender create Mesh node EK_M3_04_kanat.001
09:39:15 | INFO: Blender create Mesh node EK_M3_04_kasa.002
09:39:15 | INFO: Blender create Mesh node EK_M3_04_kasa.003
09:39:15 | INFO: Blender create Mesh node EK_M3_04_mentese
09:39:15 | INFO: Blender create Mesh node EK_M3_04_mentese.001
09:39:15 | INFO: Blender create Mesh node EK_M3_04_mentese.002
09:39:15 | INFO: Blender create Mesh node EK_M3_04_pervaz.004
09:39:15 | INFO: Blender create Mesh node EK_M3_04_pervaz.005
09:39:15 | INFO: Blender create Mesh node EK_M3_04_pervaz.006
09:39:15 | INFO: Blender create Mesh node EK_M3_04_pervaz.007
09:39:15 | INFO: Blender create Mesh node EK_Sphere.013
09:39:15 | INFO: Blender create Mesh node EK_Sphere.014
09:39:15 | INFO: Blender create Mesh node EK_M3_04_topuz_mili
09:39:15 | INFO: Blender create Mesh node EK_M3_04_topuz_mili.001
09:39:15 | INFO: Blender create Mesh node EK_M3_04_ust_kasa.001
09:39:15 | INFO: Blender create Mesh node EK_M3_04_ust_pervaz.002
09:39:15 | INFO: Blender create Mesh node EK_M3_04_ust_pervaz.003
09:39:15 | INFO: Blender create Mesh node EK_M3_04_yatay_profil.024
09:39:15 | INFO: Blender create Mesh node EK_M3_04_yatay_profil.025
09:39:15 | INFO: Blender create Mesh node EK_M3_04_yatay_profil.026
09:39:15 | INFO: Blender create Mesh node EK_M3_04_yatay_profil.027
09:39:15 | INFO: Blender create Mesh node EK_M3_04_yatay_profil.028
09:39:15 | INFO: Blender create Mesh node EK_M3_04_yatay_profil.029
09:39:15 | INFO: Blender create Mesh node EK_M3_04_yatay_profil.030
09:39:15 | INFO: Blender create Mesh node EK_M3_04_yatay_profil.031
09:39:15 | INFO: Blender create Mesh node EK_M3_04_yatay_profil.032
09:39:15 | INFO: Blender create Mesh node EK_M3_04_yatay_profil.033
09:39:15 | INFO: Blender create Mesh node EK_M3_04_yatay_profil.034
09:39:15 | INFO: Blender create Mesh node EK_M3_04_yatay_profil.035
09:39:15 | INFO: Blender create Mesh node EK_M3_04_yatay_profil.036
09:39:15 | INFO: Blender create Mesh node EK_M3_04_yatay_profil.037
09:39:15 | INFO: Blender create Mesh node EK_M3_04_yatay_profil.038
09:39:15 | INFO: Blender create Mesh node EK_M3_04_yatay_profil.039
09:39:15 | INFO: Blender create Mesh node EK_M3_04_yatay_profil.040
09:39:15 | INFO: Blender create Mesh node EK_M3_04_yatay_profil.041
09:39:15 | INFO: Blender create Mesh node EK_M3_04_yatay_profil.042
09:39:15 | INFO: Blender create Mesh node EK_M3_04_yatay_profil.043
09:39:15 | INFO: Blender create Mesh node EK_M3_04_yatay_profil.044
09:39:15 | INFO: Blender create Mesh node EK_M3_04_yatay_profil.045
09:39:15 | INFO: Blender create Mesh node EK_M3_04_yatay_profil.046
09:39:15 | INFO: Blender create Mesh node EK_M3_04_yatay_profil.047
09:39:15 | INFO: Blender create Mesh node EK_M3_05_dik_profil.024
09:39:15 | INFO: Blender create Mesh node EK_M3_05_dik_profil.025
09:39:15 | INFO: Blender create Mesh node EK_M3_05_dik_profil.026
09:39:15 | INFO: Blender create Mesh node EK_M3_05_dik_profil.027
09:39:15 | INFO: Blender create Mesh node EK_M3_05_dik_profil.028
09:39:15 | INFO: Blender create Mesh node EK_M3_05_dik_profil.029
09:39:15 | INFO: Blender create Mesh node EK_M3_05_dik_profil.030
09:39:15 | INFO: Blender create Mesh node EK_M3_05_dik_profil.031
09:39:15 | INFO: Blender create Mesh node EK_M3_05_dik_profil.032
09:39:15 | INFO: Blender create Mesh node EK_M3_05_dik_profil.033
09:39:15 | INFO: Blender create Mesh node EK_M3_05_dik_profil.034
09:39:15 | INFO: Blender create Mesh node EK_M3_05_dik_profil.035
09:39:15 | INFO: Blender create Mesh node EK_M3_05_dik_profil.036
09:39:15 | INFO: Blender create Mesh node EK_M3_05_dik_profil.037
09:39:15 | INFO: Blender create Mesh node EK_M3_05_dik_profil.038
09:39:15 | INFO: Blender create Mesh node EK_M3_05_dik_profil.039
09:39:15 | INFO: Blender create Mesh node EK_M3_05_dik_profil.040
09:39:15 | INFO: Blender create Mesh node EK_M3_05_dik_profil.041
09:39:15 | INFO: Blender create Mesh node EK_M3_05_dik_profil.042
09:39:15 | INFO: Blender create Mesh node EK_M3_05_dik_profil.043
09:39:15 | INFO: Blender create Mesh node EK_M3_05_dik_profil.044
09:39:15 | INFO: Blender create Mesh node EK_M3_05_dik_profil.045
09:39:15 | INFO: Blender create Mesh node EK_M3_05_dik_profil.046
09:39:15 | INFO: Blender create Mesh node EK_M3_05_dik_profil.047
09:39:15 | INFO: Blender create Mesh node EK_M3_05_gobek.012
09:39:15 | INFO: Blender create Mesh node EK_M3_05_gobek.013
09:39:15 | INFO: Blender create Mesh node EK_M3_05_gobek.014
09:39:15 | INFO: Blender create Mesh node EK_M3_05_gobek.015
09:39:15 | INFO: Blender create Mesh node EK_M3_05_gobek.016
09:39:15 | INFO: Blender create Mesh node EK_M3_05_gobek.017
09:39:15 | INFO: Blender create Mesh node EK_M3_05_gobek.018
09:39:15 | INFO: Blender create Mesh node EK_M3_05_gobek.019
09:39:15 | INFO: Blender create Mesh node EK_M3_05_gobek.020
09:39:15 | INFO: Blender create Mesh node EK_M3_05_gobek.021
09:39:15 | INFO: Blender create Mesh node EK_M3_05_gobek.022
09:39:15 | INFO: Blender create Mesh node EK_M3_05_gobek.023
09:39:15 | INFO: Blender create Mesh node EK_M3_05_kanat.001
09:39:15 | INFO: Blender create Mesh node EK_M3_05_kasa.002
09:39:15 | INFO: Blender create Mesh node EK_M3_05_kasa.003
09:39:15 | INFO: Blender create Mesh node EK_M3_05_kulp
09:39:15 | INFO: Blender create Mesh node EK_M3_05_kulp.001
09:39:15 | INFO: Blender create Mesh node EK_M3_05_mentese
09:39:15 | INFO: Blender create Mesh node EK_M3_05_mentese.001
09:39:15 | INFO: Blender create Mesh node EK_M3_05_mentese.002
09:39:15 | INFO: Blender create Mesh node EK_M3_05_pervaz.004
09:39:15 | INFO: Blender create Mesh node EK_M3_05_pervaz.005
09:39:15 | INFO: Blender create Mesh node EK_M3_05_pervaz.006
09:39:15 | INFO: Blender create Mesh node EK_M3_05_pervaz.007
09:39:15 | INFO: Blender create Mesh node EK_M3_05_ust_kasa.001
09:39:15 | INFO: Blender create Mesh node EK_M3_05_ust_pervaz.002
09:39:15 | INFO: Blender create Mesh node EK_M3_05_ust_pervaz.003
09:39:15 | INFO: Blender create Mesh node EK_M3_05_yatay_profil.024
09:39:15 | INFO: Blender create Mesh node EK_M3_05_yatay_profil.025
09:39:15 | INFO: Blender create Mesh node EK_M3_05_yatay_profil.026
09:39:15 | INFO: Blender create Mesh node EK_M3_05_yatay_profil.027
09:39:15 | INFO: Blender create Mesh node EK_M3_05_yatay_profil.028
09:39:15 | INFO: Blender create Mesh node EK_M3_05_yatay_profil.029
09:39:15 | INFO: Blender create Mesh node EK_M3_05_yatay_profil.030
09:39:15 | INFO: Blender create Mesh node EK_M3_05_yatay_profil.031
09:39:15 | INFO: Blender create Mesh node EK_M3_05_yatay_profil.032
09:39:15 | INFO: Blender create Mesh node EK_M3_05_yatay_profil.033
09:39:15 | INFO: Blender create Mesh node EK_M3_05_yatay_profil.034
09:39:15 | INFO: Blender create Mesh node EK_M3_05_yatay_profil.035
09:39:15 | INFO: Blender create Mesh node EK_M3_05_yatay_profil.036
09:39:15 | INFO: Blender create Mesh node EK_M3_05_yatay_profil.037
09:39:15 | INFO: Blender create Mesh node EK_M3_05_yatay_profil.038
09:39:15 | INFO: Blender create Mesh node EK_M3_05_yatay_profil.039
09:39:15 | INFO: Blender create Mesh node EK_M3_05_yatay_profil.040
09:39:15 | INFO: Blender create Mesh node EK_M3_05_yatay_profil.041
09:39:15 | INFO: Blender create Mesh node EK_M3_05_yatay_profil.042
09:39:15 | INFO: Blender create Mesh node EK_M3_05_yatay_profil.043
09:39:15 | INFO: Blender create Mesh node EK_M3_05_yatay_profil.044
09:39:15 | INFO: Blender create Mesh node EK_M3_05_yatay_profil.045
09:39:15 | INFO: Blender create Mesh node EK_M3_05_yatay_profil.046
09:39:15 | INFO: Blender create Mesh node EK_M3_05_yatay_profil.047
09:39:15 | INFO: Blender create Mesh node EK_M3_06_dik_profil.024
09:39:15 | INFO: Blender create Mesh node EK_M3_06_dik_profil.025
09:39:15 | INFO: Blender create Mesh node EK_M3_06_dik_profil.026
09:39:15 | INFO: Blender create Mesh node EK_M3_06_dik_profil.027
09:39:15 | INFO: Blender create Mesh node EK_M3_06_dik_profil.028
09:39:15 | INFO: Blender create Mesh node EK_M3_06_dik_profil.029
09:39:15 | INFO: Blender create Mesh node EK_M3_06_dik_profil.030
09:39:15 | INFO: Blender create Mesh node EK_M3_06_dik_profil.031
09:39:15 | INFO: Blender create Mesh node EK_M3_06_dik_profil.032
09:39:15 | INFO: Blender create Mesh node EK_M3_06_dik_profil.033
09:39:15 | INFO: Blender create Mesh node EK_M3_06_dik_profil.034
09:39:15 | INFO: Blender create Mesh node EK_M3_06_dik_profil.035
09:39:15 | INFO: Blender create Mesh node EK_M3_06_dik_profil.036
09:39:15 | INFO: Blender create Mesh node EK_M3_06_dik_profil.037
09:39:15 | INFO: Blender create Mesh node EK_M3_06_dik_profil.038
09:39:15 | INFO: Blender create Mesh node EK_M3_06_dik_profil.039
09:39:15 | INFO: Blender create Mesh node EK_M3_06_dik_profil.040
09:39:15 | INFO: Blender create Mesh node EK_M3_06_dik_profil.041
09:39:15 | INFO: Blender create Mesh node EK_M3_06_dik_profil.042
09:39:15 | INFO: Blender create Mesh node EK_M3_06_dik_profil.043
09:39:15 | INFO: Blender create Mesh node EK_M3_06_dik_profil.044
09:39:15 | INFO: Blender create Mesh node EK_M3_06_dik_profil.045
09:39:15 | INFO: Blender create Mesh node EK_M3_06_dik_profil.046
09:39:15 | INFO: Blender create Mesh node EK_M3_06_dik_profil.047
09:39:15 | INFO: Blender create Mesh node EK_M3_06_gobek.012
09:39:15 | INFO: Blender create Mesh node EK_M3_06_gobek.013
09:39:15 | INFO: Blender create Mesh node EK_M3_06_gobek.014
09:39:15 | INFO: Blender create Mesh node EK_M3_06_gobek.015
09:39:15 | INFO: Blender create Mesh node EK_M3_06_gobek.016
09:39:15 | INFO: Blender create Mesh node EK_M3_06_gobek.017
09:39:15 | INFO: Blender create Mesh node EK_M3_06_gobek.018
09:39:15 | INFO: Blender create Mesh node EK_M3_06_gobek.019
09:39:15 | INFO: Blender create Mesh node EK_M3_06_gobek.020
09:39:15 | INFO: Blender create Mesh node EK_M3_06_gobek.021
09:39:15 | INFO: Blender create Mesh node EK_M3_06_gobek.022
09:39:15 | INFO: Blender create Mesh node EK_M3_06_gobek.023
09:39:15 | INFO: Blender create Mesh node EK_M3_06_kanat.001
09:39:15 | INFO: Blender create Mesh node EK_M3_06_kasa.002
09:39:16 | INFO: Blender create Mesh node EK_M3_06_kasa.003
09:39:16 | INFO: Blender create Mesh node EK_M3_06_mentese
09:39:16 | INFO: Blender create Mesh node EK_M3_06_mentese.001
09:39:16 | INFO: Blender create Mesh node EK_M3_06_mentese.002
09:39:16 | INFO: Blender create Mesh node EK_M3_06_pervaz.004
09:39:16 | INFO: Blender create Mesh node EK_M3_06_pervaz.005
09:39:16 | INFO: Blender create Mesh node EK_M3_06_pervaz.006
09:39:16 | INFO: Blender create Mesh node EK_M3_06_pervaz.007
09:39:16 | INFO: Blender create Mesh node EK_Sphere.015
09:39:16 | INFO: Blender create Mesh node EK_Sphere.016
09:39:16 | INFO: Blender create Mesh node EK_M3_06_topuz_mili
09:39:16 | INFO: Blender create Mesh node EK_M3_06_topuz_mili.001
09:39:16 | INFO: Blender create Mesh node EK_M3_06_ust_kasa.001
09:39:16 | INFO: Blender create Mesh node EK_M3_06_ust_pervaz.002
09:39:16 | INFO: Blender create Mesh node EK_M3_06_ust_pervaz.003
09:39:16 | INFO: Blender create Mesh node EK_M3_06_yatay_profil.024
09:39:16 | INFO: Blender create Mesh node EK_M3_06_yatay_profil.025
09:39:16 | INFO: Blender create Mesh node EK_M3_06_yatay_profil.026
09:39:16 | INFO: Blender create Mesh node EK_M3_06_yatay_profil.027
09:39:16 | INFO: Blender create Mesh node EK_M3_06_yatay_profil.028
09:39:16 | INFO: Blender create Mesh node EK_M3_06_yatay_profil.029
09:39:16 | INFO: Blender create Mesh node EK_M3_06_yatay_profil.030
09:39:16 | INFO: Blender create Mesh node EK_M3_06_yatay_profil.031
09:39:16 | INFO: Blender create Mesh node EK_M3_06_yatay_profil.032
09:39:16 | INFO: Blender create Mesh node EK_M3_06_yatay_profil.033
09:39:16 | INFO: Blender create Mesh node EK_M3_06_yatay_profil.034
09:39:16 | INFO: Blender create Mesh node EK_M3_06_yatay_profil.035
09:39:16 | INFO: Blender create Mesh node EK_M3_06_yatay_profil.036
09:39:16 | INFO: Blender create Mesh node EK_M3_06_yatay_profil.037
09:39:16 | INFO: Blender create Mesh node EK_M3_06_yatay_profil.038
09:39:16 | INFO: Blender create Mesh node EK_M3_06_yatay_profil.039
09:39:16 | INFO: Blender create Mesh node EK_M3_06_yatay_profil.040
09:39:16 | INFO: Blender create Mesh node EK_M3_06_yatay_profil.041
09:39:16 | INFO: Blender create Mesh node EK_M3_06_yatay_profil.042
09:39:16 | INFO: Blender create Mesh node EK_M3_06_yatay_profil.043
09:39:16 | INFO: Blender create Mesh node EK_M3_06_yatay_profil.044
09:39:16 | INFO: Blender create Mesh node EK_M3_06_yatay_profil.045
09:39:16 | INFO: Blender create Mesh node EK_M3_06_yatay_profil.046
09:39:16 | INFO: Blender create Mesh node EK_M3_06_yatay_profil.047
09:39:16 | INFO: Blender create Mesh node EK_M3_07_dik_profil.024
09:39:16 | INFO: Blender create Mesh node EK_M3_07_dik_profil.025
09:39:16 | INFO: Blender create Mesh node EK_M3_07_dik_profil.026
09:39:16 | INFO: Blender create Mesh node EK_M3_07_dik_profil.027
09:39:16 | INFO: Blender create Mesh node EK_M3_07_dik_profil.028
09:39:16 | INFO: Blender create Mesh node EK_M3_07_dik_profil.029
09:39:16 | INFO: Blender create Mesh node EK_M3_07_dik_profil.030
09:39:16 | INFO: Blender create Mesh node EK_M3_07_dik_profil.031
09:39:16 | INFO: Blender create Mesh node EK_M3_07_dik_profil.032
09:39:16 | INFO: Blender create Mesh node EK_M3_07_dik_profil.033
09:39:16 | INFO: Blender create Mesh node EK_M3_07_dik_profil.034
09:39:16 | INFO: Blender create Mesh node EK_M3_07_dik_profil.035
09:39:16 | INFO: Blender create Mesh node EK_M3_07_dik_profil.036
09:39:16 | INFO: Blender create Mesh node EK_M3_07_dik_profil.037
09:39:16 | INFO: Blender create Mesh node EK_M3_07_dik_profil.038
09:39:16 | INFO: Blender create Mesh node EK_M3_07_dik_profil.039
09:39:16 | INFO: Blender create Mesh node EK_M3_07_dik_profil.040
09:39:16 | INFO: Blender create Mesh node EK_M3_07_dik_profil.041
09:39:16 | INFO: Blender create Mesh node EK_M3_07_dik_profil.042
09:39:16 | INFO: Blender create Mesh node EK_M3_07_dik_profil.043
09:39:16 | INFO: Blender create Mesh node EK_M3_07_dik_profil.044
09:39:16 | INFO: Blender create Mesh node EK_M3_07_dik_profil.045
09:39:16 | INFO: Blender create Mesh node EK_M3_07_dik_profil.046
09:39:16 | INFO: Blender create Mesh node EK_M3_07_dik_profil.047
09:39:16 | INFO: Blender create Mesh node EK_M3_07_gobek.012
09:39:16 | INFO: Blender create Mesh node EK_M3_07_gobek.013
09:39:16 | INFO: Blender create Mesh node EK_M3_07_gobek.014
09:39:16 | INFO: Blender create Mesh node EK_M3_07_gobek.015
09:39:16 | INFO: Blender create Mesh node EK_M3_07_gobek.016
09:39:16 | INFO: Blender create Mesh node EK_M3_07_gobek.017
09:39:16 | INFO: Blender create Mesh node EK_M3_07_gobek.018
09:39:16 | INFO: Blender create Mesh node EK_M3_07_gobek.019
09:39:16 | INFO: Blender create Mesh node EK_M3_07_gobek.020
09:39:16 | INFO: Blender create Mesh node EK_M3_07_gobek.021
09:39:16 | INFO: Blender create Mesh node EK_M3_07_gobek.022
09:39:16 | INFO: Blender create Mesh node EK_M3_07_gobek.023
09:39:16 | INFO: Blender create Mesh node EK_M3_07_kanat.001
09:39:16 | INFO: Blender create Mesh node EK_M3_07_kasa.002
09:39:16 | INFO: Blender create Mesh node EK_M3_07_kasa.003
09:39:16 | INFO: Blender create Mesh node EK_M3_07_mentese
09:39:16 | INFO: Blender create Mesh node EK_M3_07_mentese.001
09:39:16 | INFO: Blender create Mesh node EK_M3_07_mentese.002
09:39:16 | INFO: Blender create Mesh node EK_M3_07_pervaz.004
09:39:16 | INFO: Blender create Mesh node EK_M3_07_pervaz.005
09:39:16 | INFO: Blender create Mesh node EK_M3_07_pervaz.006
09:39:16 | INFO: Blender create Mesh node EK_M3_07_pervaz.007
09:39:16 | INFO: Blender create Mesh node EK_Sphere.017
09:39:16 | INFO: Blender create Mesh node EK_Sphere.018
09:39:16 | INFO: Blender create Mesh node EK_M3_07_topuz_mili
09:39:16 | INFO: Blender create Mesh node EK_M3_07_topuz_mili.001
09:39:16 | INFO: Blender create Mesh node EK_M3_07_ust_kasa.001
09:39:16 | INFO: Blender create Mesh node EK_M3_07_ust_pervaz.002
09:39:16 | INFO: Blender create Mesh node EK_M3_07_ust_pervaz.003
09:39:16 | INFO: Blender create Mesh node EK_M3_07_yatay_profil.024
09:39:16 | INFO: Blender create Mesh node EK_M3_07_yatay_profil.025
09:39:16 | INFO: Blender create Mesh node EK_M3_07_yatay_profil.026
09:39:16 | INFO: Blender create Mesh node EK_M3_07_yatay_profil.027
09:39:16 | INFO: Blender create Mesh node EK_M3_07_yatay_profil.028
09:39:16 | INFO: Blender create Mesh node EK_M3_07_yatay_profil.029
09:39:16 | INFO: Blender create Mesh node EK_M3_07_yatay_profil.030
09:39:16 | INFO: Blender create Mesh node EK_M3_07_yatay_profil.031
09:39:16 | INFO: Blender create Mesh node EK_M3_07_yatay_profil.032
09:39:16 | INFO: Blender create Mesh node EK_M3_07_yatay_profil.033
09:39:16 | INFO: Blender create Mesh node EK_M3_07_yatay_profil.034
09:39:16 | INFO: Blender create Mesh node EK_M3_07_yatay_profil.035
09:39:16 | INFO: Blender create Mesh node EK_M3_07_yatay_profil.036
09:39:16 | INFO: Blender create Mesh node EK_M3_07_yatay_profil.037
09:39:16 | INFO: Blender create Mesh node EK_M3_07_yatay_profil.038
09:39:16 | INFO: Blender create Mesh node EK_M3_07_yatay_profil.039
09:39:16 | INFO: Blender create Mesh node EK_M3_07_yatay_profil.040
09:39:16 | INFO: Blender create Mesh node EK_M3_07_yatay_profil.041
09:39:16 | INFO: Blender create Mesh node EK_M3_07_yatay_profil.042
09:39:16 | INFO: Blender create Mesh node EK_M3_07_yatay_profil.043
09:39:16 | INFO: Blender create Mesh node EK_M3_07_yatay_profil.044
09:39:16 | INFO: Blender create Mesh node EK_M3_07_yatay_profil.045
09:39:16 | INFO: Blender create Mesh node EK_M3_07_yatay_profil.046
09:39:16 | INFO: Blender create Mesh node EK_M3_07_yatay_profil.047
09:39:16 | INFO: Blender create Mesh node EK_M3_08_dik_profil.024
09:39:16 | INFO: Blender create Mesh node EK_M3_08_dik_profil.025
09:39:16 | INFO: Blender create Mesh node EK_M3_08_dik_profil.026
09:39:16 | INFO: Blender create Mesh node EK_M3_08_dik_profil.027
09:39:16 | INFO: Blender create Mesh node EK_M3_08_dik_profil.028
09:39:16 | INFO: Blender create Mesh node EK_M3_08_dik_profil.029
09:39:16 | INFO: Blender create Mesh node EK_M3_08_dik_profil.030
09:39:16 | INFO: Blender create Mesh node EK_M3_08_dik_profil.031
09:39:16 | INFO: Blender create Mesh node EK_M3_08_dik_profil.032
09:39:16 | INFO: Blender create Mesh node EK_M3_08_dik_profil.033
09:39:16 | INFO: Blender create Mesh node EK_M3_08_dik_profil.034
09:39:16 | INFO: Blender create Mesh node EK_M3_08_dik_profil.035
09:39:16 | INFO: Blender create Mesh node EK_M3_08_dik_profil.036
09:39:16 | INFO: Blender create Mesh node EK_M3_08_dik_profil.037
09:39:16 | INFO: Blender create Mesh node EK_M3_08_dik_profil.038
09:39:16 | INFO: Blender create Mesh node EK_M3_08_dik_profil.039
09:39:16 | INFO: Blender create Mesh node EK_M3_08_dik_profil.040
09:39:16 | INFO: Blender create Mesh node EK_M3_08_dik_profil.041
09:39:16 | INFO: Blender create Mesh node EK_M3_08_dik_profil.042
09:39:16 | INFO: Blender create Mesh node EK_M3_08_dik_profil.043
09:39:16 | INFO: Blender create Mesh node EK_M3_08_dik_profil.044
09:39:16 | INFO: Blender create Mesh node EK_M3_08_dik_profil.045
09:39:16 | INFO: Blender create Mesh node EK_M3_08_dik_profil.046
09:39:16 | INFO: Blender create Mesh node EK_M3_08_dik_profil.047
09:39:16 | INFO: Blender create Mesh node EK_M3_08_gobek.012
09:39:16 | INFO: Blender create Mesh node EK_M3_08_gobek.013
09:39:16 | INFO: Blender create Mesh node EK_M3_08_gobek.014
09:39:16 | INFO: Blender create Mesh node EK_M3_08_gobek.015
09:39:16 | INFO: Blender create Mesh node EK_M3_08_gobek.016
09:39:16 | INFO: Blender create Mesh node EK_M3_08_gobek.017
09:39:16 | INFO: Blender create Mesh node EK_M3_08_gobek.018
09:39:16 | INFO: Blender create Mesh node EK_M3_08_gobek.019
09:39:16 | INFO: Blender create Mesh node EK_M3_08_gobek.020
09:39:16 | INFO: Blender create Mesh node EK_M3_08_gobek.021
09:39:16 | INFO: Blender create Mesh node EK_M3_08_gobek.022
09:39:16 | INFO: Blender create Mesh node EK_M3_08_gobek.023
09:39:16 | INFO: Blender create Mesh node EK_M3_08_kanat.001
09:39:16 | INFO: Blender create Mesh node EK_M3_08_kasa.002
09:39:16 | INFO: Blender create Mesh node EK_M3_08_kasa.003
09:39:16 | INFO: Blender create Mesh node EK_M3_08_mentese
09:39:16 | INFO: Blender create Mesh node EK_M3_08_mentese.001
09:39:16 | INFO: Blender create Mesh node EK_M3_08_mentese.002
09:39:16 | INFO: Blender create Mesh node EK_M3_08_pervaz.004
09:39:16 | INFO: Blender create Mesh node EK_M3_08_pervaz.005
09:39:16 | INFO: Blender create Mesh node EK_M3_08_pervaz.006
09:39:16 | INFO: Blender create Mesh node EK_M3_08_pervaz.007
09:39:16 | INFO: Blender create Mesh node EK_Sphere.019
09:39:16 | INFO: Blender create Mesh node EK_Sphere.020
09:39:16 | INFO: Blender create Mesh node EK_M3_08_topuz_mili
09:39:16 | INFO: Blender create Mesh node EK_M3_08_topuz_mili.001
09:39:16 | INFO: Blender create Mesh node EK_M3_08_ust_kasa.001
09:39:16 | INFO: Blender create Mesh node EK_M3_08_ust_pervaz.002
09:39:16 | INFO: Blender create Mesh node EK_M3_08_ust_pervaz.003
09:39:16 | INFO: Blender create Mesh node EK_M3_08_yatay_profil.024
09:39:16 | INFO: Blender create Mesh node EK_M3_08_yatay_profil.025
09:39:16 | INFO: Blender create Mesh node EK_M3_08_yatay_profil.026
09:39:16 | INFO: Blender create Mesh node EK_M3_08_yatay_profil.027
09:39:16 | INFO: Blender create Mesh node EK_M3_08_yatay_profil.028
09:39:16 | INFO: Blender create Mesh node EK_M3_08_yatay_profil.029
09:39:16 | INFO: Blender create Mesh node EK_M3_08_yatay_profil.030
09:39:16 | INFO: Blender create Mesh node EK_M3_08_yatay_profil.031
09:39:16 | INFO: Blender create Mesh node EK_M3_08_yatay_profil.032
09:39:16 | INFO: Blender create Mesh node EK_M3_08_yatay_profil.033
09:39:16 | INFO: Blender create Mesh node EK_M3_08_yatay_profil.034
09:39:16 | INFO: Blender create Mesh node EK_M3_08_yatay_profil.035
09:39:16 | INFO: Blender create Mesh node EK_M3_08_yatay_profil.036
09:39:16 | INFO: Blender create Mesh node EK_M3_08_yatay_profil.037
09:39:16 | INFO: Blender create Mesh node EK_M3_08_yatay_profil.038
09:39:16 | INFO: Blender create Mesh node EK_M3_08_yatay_profil.039
09:39:16 | INFO: Blender create Mesh node EK_M3_08_yatay_profil.040
09:39:16 | INFO: Blender create Mesh node EK_M3_08_yatay_profil.041
09:39:16 | INFO: Blender create Mesh node EK_M3_08_yatay_profil.042
09:39:16 | INFO: Blender create Mesh node EK_M3_08_yatay_profil.043
09:39:16 | INFO: Blender create Mesh node EK_M3_08_yatay_profil.044
09:39:16 | INFO: Blender create Mesh node EK_M3_08_yatay_profil.045
09:39:16 | INFO: Blender create Mesh node EK_M3_08_yatay_profil.046
09:39:16 | INFO: Blender create Mesh node EK_M3_08_yatay_profil.047
09:39:16 | INFO: Blender create Mesh node EK_M3C_kapi_ustu
09:39:16 | INFO: Blender create Mesh node EK_M3C_sag_yan
09:39:16 | INFO: Blender create Mesh node EK_M3C_sol_yan
09:39:16 | INFO: Blender create Mesh node Mesh_15183.100
09:39:16 | INFO: Blender create Mesh node Mesh_15183.108
09:39:16 | INFO: Blender create Mesh node Mesh_15183.109
09:39:16 | INFO: Blender create Mesh node Mesh_97
09:39:16 | INFO: Blender create Mesh node Mesh_11.004
09:39:16 | INFO: Blender create Mesh node Mesh_11.004
09:39:16 | INFO: Blender create Mesh node Mesh_3020.002
09:39:16 | INFO: Blender create Mesh node Mesh_3020.002
09:39:16 | INFO: Blender create Mesh node Cube.003
09:39:17 | INFO: Blender create Mesh node Cube.003
09:39:17 | INFO: Blender create Mesh node Cube.001
09:39:17 | INFO: Blender create Mesh node Cube.001
09:39:17 | INFO: Blender create Mesh node Mesh_15183.114
09:39:17 | INFO: Blender create Mesh node Mesh_15183.114
09:39:17 | INFO: Blender create Mesh node Mesh_15183.003
09:39:17 | INFO: Blender create Mesh node Mesh_3020.001
09:39:17 | INFO: Blender create Mesh node Mesh_3020.001
09:39:17 | INFO: Blender create Mesh node Mesh_15183.008
09:39:17 | INFO: Blender create Mesh node Mesh_15183.001
09:39:17 | INFO: Blender create Mesh node Mesh_93.005
09:39:17 | INFO: Blender create Mesh node Mesh_93.005
09:39:18 | INFO: Blender create Mesh node EK_Mesh_93.001
09:39:18 | INFO: Blender create Mesh node EK_Mesh_93.001
09:39:18 | INFO: Blender create Mesh node Mesh_15183.099
09:39:18 | INFO: Blender create Mesh node Mesh_15183.099
09:39:18 | INFO: Blender create Mesh node Mesh_15183.107
09:39:18 | INFO: Blender create Mesh node Mesh_242
09:39:18 | INFO: Blender create Mesh node Mesh_242
09:39:18 | INFO: Blender create Mesh node Mesh_3020.004
09:39:18 | INFO: Blender create Mesh node Mesh_3020.004
09:39:18 | INFO: Blender create Mesh node Mesh_3020.009
09:39:18 | INFO: Blender create Mesh node Mesh_3020.009
09:39:18 | INFO: Blender create Mesh node antique_wood (2) | interior-common.118
09:39:18 | INFO: Blender create Mesh node antique_wood (2) | interior-common.118
09:39:18 | INFO: Blender create Mesh node Mesh_11.001
09:39:18 | INFO: Blender create Mesh node Mesh_11.001
09:39:18 | INFO: glTF import finished in 4.66s
09:39:19 | INFO: Data are loaded, start creating Blender stuff
09:39:19 | INFO: Blender create Mesh node antique_wood (2) | interior-common.019
09:39:19 | INFO: Blender create Mesh node antique_wood (2) | interior-common.049
09:39:19 | INFO: Blender create Mesh node antique_wood (2) | interior-common.084
09:39:19 | INFO: Blender create Mesh node antique_wood (2) | interior-common.058
09:39:19 | INFO: Blender create Mesh node antique_wood (2) | interior-common.100
09:39:19 | INFO: Blender create Mesh node antique_wood (2) | interior-common.110
09:39:19 | INFO: Blender create Mesh node antique_wood (2) | interior-common.116
09:39:19 | INFO: Blender create Mesh node antique_wood (2) | interior-common.087
09:39:19 | INFO: Blender create Mesh node antique_wood (2) | interior-common.087
09:39:19 | INFO: Blender create Mesh node antique_wood (2) | interior-common.087
09:39:19 | INFO: Blender create Mesh node antique_wood (2) | interior-common.087
09:39:19 | INFO: Blender create Mesh node antique_wood (2) | interior-common.017
09:39:19 | INFO: Blender create Mesh node antique_wood (2) | interior-common.017
09:39:19 | INFO: Blender create Mesh node antique_wood (2) | interior-common.017
09:39:19 | INFO: Blender create Mesh node antique_wood (2) | interior-common.013
09:39:19 | INFO: Blender create Mesh node antique_wood (2) | interior-common.013
09:39:19 | INFO: Blender create Mesh node antique_wood (2) | interior-common.013
09:39:19 | INFO: Blender create Mesh node antique_wood (2) | interior-common.013
09:39:19 | INFO: Blender create Mesh node antique_wood (2) | interior-common.043
09:39:19 | INFO: Blender create Mesh node antique_wood (2) | interior-common.043
09:39:19 | INFO: Blender create Mesh node antique_wood (2) | interior-common.043
09:39:19 | INFO: Blender create Mesh node antique_wood (2) | interior-common.001
09:39:19 | INFO: Blender create Mesh node antique_wood (2) | interior-common.001
09:39:19 | INFO: Blender create Mesh node antique_wood (2) | interior-common.001
09:39:19 | INFO: Blender create Mesh node antique_wood (2) | interior-common.016
09:39:19 | INFO: Blender create Mesh node antique_wood (2) | interior-common.016
09:39:19 | INFO: Blender create Mesh node antique_wood (2) | interior-common.016
09:39:19 | INFO: Blender create Mesh node antique_wood (2) | interior-common.016
09:39:19 | INFO: Blender create Mesh node antique_wood (2) | interior-common.060
09:39:19 | INFO: Blender create Mesh node antique_wood (2) | interior-common.060
09:39:19 | INFO: Blender create Mesh node antique_wood (2) | interior-common.060
09:39:19 | INFO: Blender create Mesh node antique_wood (2) | interior-common.060
09:39:19 | INFO: Blender create Mesh node EK_antique_wood (2) | interior-common.002
09:39:19 | INFO: Blender create Mesh node EK_antique_wood (2) | interior-common.002
09:39:19 | INFO: Blender create Mesh node EK_antique_wood (2) | interior-common.002
09:39:19 | INFO: Blender create Mesh node EK_antique_wood (2) | interior-common.003
09:39:19 | INFO: Blender create Mesh node EK_antique_wood (2) | interior-common.003
09:39:19 | INFO: Blender create Mesh node EK_antique_wood (2) | interior-common.003
09:39:19 | INFO: Blender create Mesh node antique_wood (2) | interior-common.120
09:39:19 | INFO: Blender create Mesh node antique_wood (2) | interior-common.120
09:39:19 | INFO: Blender create Mesh node antique_wood (2) | interior-common.067
09:39:19 | INFO: Blender create Mesh node antique_wood (2) | interior-common.067
09:39:19 | INFO: Blender create Mesh node antique_wood (2) | interior-common.067
09:39:19 | INFO: Blender create Mesh node antique_wood (2) | interior-common.067
09:39:19 | INFO: Blender create Mesh node antique_wood (2) | interior-common.140
09:39:19 | INFO: Blender create Mesh node antique_wood (2) | interior-common.140
09:39:19 | INFO: Blender create Mesh node antique_wood (2) | interior-common.140
09:39:19 | INFO: Blender create Mesh node antique_wood (2) | interior-common.140
09:39:20 | INFO: Blender create Mesh node antique_wood (2) | interior-common.094
09:39:20 | INFO: Blender create Mesh node antique_wood (2) | interior-common.094
09:39:20 | INFO: Blender create Mesh node antique_wood (2) | interior-common.094
09:39:20 | INFO: Blender create Mesh node antique_wood (2) | interior-common.047
09:39:20 | INFO: Blender create Mesh node antique_wood (2) | interior-common.047
09:39:20 | INFO: Blender create Mesh node antique_wood (2) | interior-common.047
09:39:20 | INFO: Blender create Mesh node antique_wood (2) | interior-common.047
09:39:20 | INFO: Blender create Mesh node antique_wood (2) | interior-common.065
09:39:20 | INFO: Blender create Mesh node antique_wood (2) | interior-common.065
09:39:20 | INFO: Blender create Mesh node antique_wood (2) | interior-common.065
09:39:20 | INFO: Blender create Mesh node antique_wood (2) | interior-common.065
09:39:20 | INFO: Blender create Mesh node antique_wood (2) | interior-common.073
09:39:21 | INFO: Blender create Mesh node antique_wood (2) | interior-common.073
09:39:21 | INFO: Blender create Mesh node antique_wood (2) | interior-common.073
09:39:21 | INFO: Blender create Mesh node antique_wood (2) | interior-common.073
09:39:21 | INFO: glTF import finished in 2.49s
[web] BOUNDS 1621 pass True max 4.76837158203125e-07
00:17.546  cycles           | WARNING HIPEW initialization failed: Error opening HIP dynamic library
00:37.906  render           | Saved: 'C:\Users\yigit\angora-tur10\adim10\web-calisma\reload\render_02.png'
[web] render 2 exposure 0.84
00:49.296  render           | Saved: 'C:\Users\yigit\angora-tur10\adim10\web-calisma\reload\render_16.png'
[web] render 16 exposure 1.97
00:59.609  render           | Saved: 'C:\Users\yigit\angora-tur10\adim10\web-calisma\reload\render_18.png'
[web] render 18 exposure 2.44
01:09.484  render           | Saved: 'C:\Users\yigit\angora-tur10\adim10\web-calisma\reload\render_21.png'
[web] render 21 exposure 3.11
01:19.796  render           | Saved: 'C:\Users\yigit\angora-tur10\adim10\web-calisma\reload\render_34.png'
[web] render 34 exposure 1.96
01:31.796  render           | Saved: 'C:\Users\yigit\angora-tur10\adim10\web-calisma\reload\render_42.png'
[web] render 42 exposure 2.61
[web] TAMAM 6
Blender 5.2.1 LTS (hash 9e2066aef7ef built 2026-08-25 02:38:20)

Blender quit
