20:11:04 | INFO: Data are loaded, start creating Blender stuff
20:11:04 | INFO: Blender create Mesh node Mesh_15183.008
20:11:04 | INFO: Blender create Mesh node Mesh_3020.001
20:11:04 | INFO: Blender create Mesh node Mesh_15183.003
20:11:04 | INFO: Blender create Mesh node Mesh_11.004
20:11:04 | INFO: Blender create Mesh node antique_wood (2) | interior-common.118
20:11:04 | INFO: Blender create Mesh node Mesh_3020.004
20:11:04 | INFO: Blender create Mesh node Cube.001
20:11:04 | INFO: Blender create Mesh node Mesh_3020.009
20:11:05 | INFO: Blender create Mesh node Mesh_15183.114
20:11:05 | INFO: Blender create Mesh node Cube.003
20:11:05 | INFO: Blender create Mesh node Mesh_93.005
20:11:07 | INFO: Blender create Mesh node Mesh_3020.002
20:11:07 | INFO: Blender create Mesh node Mesh_242
20:11:07 | INFO: Blender create Mesh node Mesh_11.003
20:11:07 | INFO: Blender create Mesh node Mesh_11.001
20:11:07 | INFO: Blender create Mesh node Mesh_15183.002
20:11:07 | INFO: Blender create Mesh node Mesh_15183.104
20:11:07 | INFO: Blender create Mesh node Mesh_15183.109
20:11:07 | INFO: Blender create Mesh node Mesh_97
20:11:07 | INFO: Blender create Mesh node Mesh_15183.103
20:11:07 | INFO: Blender create Mesh node Mesh_15183.107
20:11:07 | INFO: Blender create Mesh node Mesh_15183.108
20:11:07 | INFO: Blender create Mesh node Mesh_15183.099
20:11:07 | INFO: Blender create Mesh node Mesh_15183.100
20:11:07 | INFO: Blender create Mesh node Mesh_15183.001
20:11:07 | INFO: glTF import finished in 3.06s
20:11:07 | INFO: Data are loaded, start creating Blender stuff
20:11:07 | INFO: Blender create Mesh node antique_wood (2) | interior-common.087
20:11:07 | INFO: Blender create Mesh node antique_wood (2) | interior-common.017
20:11:07 | INFO: Blender create Mesh node antique_wood (2) | interior-common.013
20:11:07 | INFO: Blender create Mesh node antique_wood (2) | interior-common.043
20:11:07 | INFO: Blender create Mesh node antique_wood (2) | interior-common.001
20:11:07 | INFO: Blender create Mesh node antique_wood (2) | interior-common.016
20:11:07 | INFO: Blender create Mesh node antique_wood (2) | interior-common.084
20:11:07 | INFO: Blender create Mesh node antique_wood (2) | interior-common.060
20:11:07 | INFO: Blender create Mesh node antique_wood (2) | interior-common.058
20:11:07 | INFO: Blender create Mesh node antique_wood (2) | interior-common.067
20:11:07 | INFO: Blender create Mesh node antique_wood (2) | interior-common.140
20:11:08 | INFO: Blender create Mesh node antique_wood (2) | interior-common.094
20:11:08 | INFO: Blender create Mesh node antique_wood (2) | interior-common.047
20:11:08 | INFO: Blender create Mesh node antique_wood (2) | interior-common.065
20:11:08 | INFO: Blender create Mesh node antique_wood (2) | interior-common.073
20:11:09 | INFO: Blender create Mesh node antique_wood (2) | interior-common.019
20:11:09 | INFO: Blender create Mesh node antique_wood (2) | interior-common.049
20:11:09 | INFO: Blender create Mesh node antique_wood (2) | interior-common.100
20:11:09 | INFO: Blender create Mesh node antique_wood (2) | interior-common.120
20:11:09 | INFO: Blender create Mesh node antique_wood (2) | interior-common.110
20:11:09 | INFO: Blender create Mesh node antique_wood (2) | interior-common.116
20:11:09 | INFO: glTF import finished in 1.56s
20:11:09 | INFO: Data are loaded, start creating Blender stuff
20:11:09 | INFO: Blender create Mesh node A04_F18_34_sarkit
20:11:09 | INFO: Blender create Mesh node A04_F18_34_zincir_halka
20:11:09 | INFO: Blender create Mesh node A04_F18_34_zincir_halka.001
20:11:09 | INFO: Blender create Mesh node A04_F18_34_zincir_halka.002
20:11:09 | INFO: Blender create Mesh node A04_F18_34_zincir_halka.003
20:11:09 | INFO: Blender create Mesh node A04_F18_34_zincir_halka.004
20:11:09 | INFO: Blender create Mesh node A04_F18_34_zincir_halka.005
20:11:09 | INFO: Blender create Mesh node A04_F18_34_zincir_halka.006
20:11:09 | INFO: Blender create Mesh node A04_F18_34_zincir_halka.007
20:11:09 | INFO: Blender create Mesh node A04_F18_34_zincir_halka.008
20:11:09 | INFO: Blender create Mesh node A04_F18_34_zincir_halka.009
20:11:09 | INFO: Blender create Mesh node A04_F18_34_zincir_halka.010
20:11:09 | INFO: Blender create Mesh node A04_F18_34_zincir_halka.011
20:11:09 | INFO: Blender create Mesh node A04_F18_34_zincir_halka.012
20:11:09 | INFO: Blender create Mesh node A04_F18_34_zincir_halka.013
20:11:09 | INFO: Blender create Mesh node A04_F18_34_zincir_halka.014
20:11:09 | INFO: Blender create Mesh node A04_F18_34_zincir_halka.015
20:11:09 | INFO: Blender create Mesh node A04_F18_34_zincir_halka.016
20:11:09 | INFO: Blender create Mesh node A04_F18_34_zincir_halka.017
20:11:09 | INFO: Blender create Mesh node A04_F18_34_zincir_halka.018
20:11:09 | INFO: Blender create Mesh node A04_F18_34_zincir_halka.019
20:11:09 | INFO: Blender create Mesh node A04_F18_34_zincir_halka.020
20:11:09 | INFO: Blender create Mesh node A04_F18_34_zincir_halka.021
20:11:09 | INFO: Blender create Mesh node A04_F18_34_zincir_halka.022
20:11:09 | INFO: Blender create Mesh node A04_F18_34_zincir_halka.023
20:11:09 | INFO: Blender create Mesh node A04_F18_34_zincir_halka.024
20:11:09 | INFO: Blender create Mesh node A04_F18_34_zincir_halka.025
20:11:09 | INFO: Blender create Mesh node A04_F18_34_zincir_halka.026
20:11:09 | INFO: Blender create Mesh node A04_F18_34_zincir_halka.027
20:11:09 | INFO: Blender create Mesh node A04_F18_34_zincir_halka.028
20:11:09 | INFO: Blender create Mesh node A04_F18_34_zincir_halka.029
20:11:09 | INFO: Blender create Mesh node A04_F18_34_zincir_halka.030
20:11:09 | INFO: Blender create Mesh node A04_F18_34_zincir_halka.031
20:11:09 | INFO: Blender create Mesh node A04_F18_34_zincir_halka.032
20:11:09 | INFO: Blender create Mesh node A04_F18_34_zincir_halka.033
20:11:09 | INFO: Blender create Mesh node A04_F18_34_zincir_halka.034
20:11:09 | INFO: Blender create Mesh node A04_F18_34_zincir_halka.035
20:11:09 | INFO: Blender create Mesh node A04_F18_34_zincir_halka.036
20:11:09 | INFO: Blender create Mesh node A04_F18_34_zincir_halka.037
20:11:09 | INFO: Blender create Mesh node A04_F18_34_zincir_halka.038
20:11:09 | INFO: Blender create Mesh node A04_F18_34_zincir_halka.039
20:11:09 | INFO: Blender create Mesh node A04_F18_34_zincir_halka.040
20:11:09 | INFO: Blender create Mesh node A04_F18_34_zincir_halka.041
20:11:09 | INFO: Blender create Mesh node A04_F18_34_zincir_halka.042
20:11:09 | INFO: Blender create Mesh node A04_F18_34_zincir_halka.043
20:11:09 | INFO: Blender create Mesh node A04_F18_34_zincir_halka.044
20:11:09 | INFO: Blender create Mesh node A04_F18_34_zincir_halka.045
20:11:09 | INFO: Blender create Mesh node A04_F18_34_zincir_halka.046
20:11:09 | INFO: Blender create Mesh node A04_F18_34_zincir_halka.047
20:11:09 | INFO: Blender create Mesh node A04_F18_34_zincir_halka.048
20:11:09 | INFO: Blender create Mesh node A04_F18_34_zincir_halka.049
20:11:09 | INFO: Blender create Mesh node A04_F18_34_zincir_halka.050
20:11:09 | INFO: Blender create Mesh node A04_F18_34_zincir_halka.051
20:11:09 | INFO: Blender create Mesh node A04_F18_34_zincir_halka.052
20:11:09 | INFO: Blender create Mesh node A04_F18_34_zincir_halka.053
20:11:09 | INFO: Blender create Mesh node A04_F18_34_zincir_halka.054
20:11:09 | INFO: Blender create Mesh node A04_F18_34_zincir_halka.055
20:11:09 | INFO: Blender create Mesh node A04_F18_34_zincir_halka.056
20:11:09 | INFO: Blender create Mesh node A04_F18_34_zincir_halka.057
20:11:09 | INFO: Blender create Mesh node A04_F18_34_zincir_halka.058
20:11:09 | INFO: Blender create Mesh node A04_F18_34_zincir_halka.059
20:11:09 | INFO: Blender create Mesh node A04_F18_34_zincir_halka.060
20:11:09 | INFO: Blender create Mesh node A04_F18_34_zincir_halka.061
20:11:09 | INFO: Blender create Mesh node A04_F18_34_zincir_halka.062
20:11:09 | INFO: Blender create Mesh node A04_F18_34_zincir_halka.063
20:11:09 | INFO: Blender create Mesh node A04_F18_34_zincir_halka.064
20:11:09 | INFO: Blender create Mesh node A04_F18_34_zincir_halka.065
20:11:09 | INFO: Blender create Mesh node A04_F18_34_zincir_halka.066
20:11:09 | INFO: Blender create Mesh node A04_F18_34_zincir_halka.067
20:11:09 | INFO: Blender create Mesh node A04_F18_34_zincir_halka.068
20:11:09 | INFO: Blender create Mesh node A04_F18_34_zincir_halka.069
20:11:09 | INFO: Blender create Mesh node A04_F18_34_zincir_halka.070
20:11:09 | INFO: Blender create Mesh node A04_F18_34_zincir_halka.071
20:11:09 | INFO: Blender create Mesh node A04_F18_34_zincir_halka.072
20:11:09 | INFO: Blender create Mesh node A04_F18_34_zincir_halka.073
20:11:09 | INFO: Blender create Mesh node A04_F18_34_zincir_halka.074
20:11:09 | INFO: Blender create Mesh node A04_F18_34_zincir_halka.075
20:11:09 | INFO: Blender create Mesh node A04_F18_34_zincir_halka.076
20:11:09 | INFO: Blender create Mesh node A04_F18_34_zincir_halka.077
20:11:09 | INFO: Blender create Mesh node A04_F18_34_zincir_tavan
20:11:09 | INFO: Blender create Mesh node A04_F18_alt_aplik_cam
20:11:09 | INFO: Blender create Mesh node A04_F18_alt_aplik_kol
20:11:09 | INFO: Blender create Mesh node A04_F18_alt_aplik_rozet
20:11:09 | INFO: Blender create Mesh node A04_F18_plafonyer_opal
20:11:09 | INFO: Blender create Mesh node A04_F18_plafonyer_rozet
20:11:09 | INFO: Blender create Mesh node A04_F18_plafonyer_topuz
20:11:09 | INFO: Blender create Mesh node A04_F18_ust_aplik_cam
20:11:09 | INFO: Blender create Mesh node A04_F18_ust_aplik_kol
20:11:09 | INFO: Blender create Mesh node A04_F18_ust_aplik_rozet
20:11:09 | INFO: Blender create Mesh node A04_F29_sol_kiris
20:11:09 | INFO: Blender create Mesh node A04_F29_spot_0
20:11:09 | INFO: Blender create Mesh node A04_F29_spot_1
20:11:09 | INFO: Blender create Mesh node A04_F40_plafonyer_opal
20:11:09 | INFO: Blender create Mesh node A04_F40_plafonyer_rozet
20:11:09 | INFO: Blender create Mesh node A04_F40_plafonyer_topuz
20:11:09 | INFO: Blender create Mesh node A04_K01_esik_kapagi
20:11:09 | INFO: Blender create Mesh node A04_K01_kasa_ic_kaplama
20:11:09 | INFO: Blender create Mesh node A04_K01_kasa_ic_kaplama.001
20:11:09 | INFO: Blender create Mesh node A04_K01_kasa_ust_kaplama
20:11:09 | INFO: Blender create Mesh node A04_K02_esik_kapagi
20:11:09 | INFO: Blender create Mesh node A04_K02_kasa_ic_kaplama
20:11:09 | INFO: Blender create Mesh node A04_K02_kasa_ic_kaplama.001
20:11:09 | INFO: Blender create Mesh node A04_K02_kasa_ust_kaplama
20:11:09 | INFO: Blender create Mesh node A04_K03_esik_kapagi
20:11:09 | INFO: Blender create Mesh node A04_K03_kasa_ic_kaplama
20:11:09 | INFO: Blender create Mesh node A04_K03_kasa_ic_kaplama.001
20:11:09 | INFO: Blender create Mesh node A04_K03_kasa_ust_kaplama
20:11:09 | INFO: Blender create Mesh node A04_K04_esik_kapagi
20:11:09 | INFO: Blender create Mesh node A04_K04_kasa_ic_kaplama
20:11:09 | INFO: Blender create Mesh node A04_K04_kasa_ic_kaplama.001
20:11:09 | INFO: Blender create Mesh node A04_K04_kasa_ust_kaplama
20:11:09 | INFO: Blender create Mesh node A04_K05_esik_kapagi
20:11:09 | INFO: Blender create Mesh node A04_K05_kasa_ic_kaplama
20:11:09 | INFO: Blender create Mesh node A04_K05_kasa_ic_kaplama.001
20:11:09 | INFO: Blender create Mesh node A04_K05_kasa_ust_kaplama
20:11:09 | INFO: Blender create Mesh node A04_K06_esik_kapagi
20:11:09 | INFO: Blender create Mesh node A04_K06_kasa_ic_kaplama
20:11:09 | INFO: Blender create Mesh node A04_K06_kasa_ic_kaplama.001
20:11:09 | INFO: Blender create Mesh node A04_K06_kasa_ust_kaplama
20:11:09 | INFO: Blender create Mesh node A04_K07_esik_kapagi
20:11:09 | INFO: Blender create Mesh node A04_K07_kasa_ic_kaplama
20:11:09 | INFO: Blender create Mesh node A04_K07_kasa_ic_kaplama.001
20:11:09 | INFO: Blender create Mesh node A04_K07_kasa_ust_kaplama
20:11:09 | INFO: Blender create Mesh node A04_K08_esik_kapagi
20:11:09 | INFO: Blender create Mesh node A04_K08_kasa_ic_kaplama
20:11:09 | INFO: Blender create Mesh node A04_K08_kasa_ic_kaplama.001
20:11:09 | INFO: Blender create Mesh node A04_K08_kasa_ust_kaplama
20:11:09 | INFO: Blender create Mesh node A04_K09_esik_kapagi
20:11:09 | INFO: Blender create Mesh node A04_K09_kasa_ic_kaplama
20:11:09 | INFO: Blender create Mesh node A04_K09_kasa_ic_kaplama.001
20:11:09 | INFO: Blender create Mesh node A04_K09_kasa_ust_kaplama
20:11:09 | INFO: Blender create Mesh node A04_K10_esik_kapagi
20:11:09 | INFO: Blender create Mesh node A04_K10_kasa_ic_kaplama
20:11:09 | INFO: Blender create Mesh node A04_K10_kasa_ic_kaplama.001
20:11:09 | INFO: Blender create Mesh node A04_K10_kasa_ust_kaplama
20:11:09 | INFO: Blender create Mesh node A04_K11_esik_kapagi
20:11:09 | INFO: Blender create Mesh node A04_K11_kasa_ic_kaplama
20:11:09 | INFO: Blender create Mesh node A04_K11_kasa_ic_kaplama.001
20:11:09 | INFO: Blender create Mesh node A04_K11_kasa_ust_kaplama
20:11:09 | INFO: Blender create Mesh node A04_K12_esik_kapagi
20:11:09 | INFO: Blender create Mesh node A04_K12_kasa_ic_kaplama
20:11:09 | INFO: Blender create Mesh node A04_K12_kasa_ic_kaplama.001
20:11:09 | INFO: Blender create Mesh node A04_K12_kasa_ust_kaplama
20:11:09 | INFO: Blender create Mesh node A04_K13_esik_kapagi
20:11:09 | INFO: Blender create Mesh node A04_K13_kasa_ic_kaplama
20:11:09 | INFO: Blender create Mesh node A04_K13_kasa_ic_kaplama.001
20:11:09 | INFO: Blender create Mesh node A04_K13_kasa_ust_kaplama
20:11:09 | INFO: Blender create Mesh node A05_F42_yuvarlak_1
20:11:09 | INFO: Blender create Mesh node A05_F42_yuvarlak_2
20:11:09 | INFO: Blender create Mesh node A05_F42_yuvarlak_3
20:11:09 | INFO: Blender create Mesh node A05_kartonpiyer_birlesik
20:11:09 | INFO: Blender create Mesh node M1_supurgelik_001
20:11:09 | INFO: Blender create Mesh node M1_supurgelik_002
20:11:09 | INFO: Blender create Mesh node M1_supurgelik_003
20:11:09 | INFO: Blender create Mesh node M1_supurgelik_004
20:11:09 | INFO: Blender create Mesh node M1_supurgelik_005
20:11:09 | INFO: Blender create Mesh node M1_supurgelik_006
20:11:09 | INFO: Blender create Mesh node M1_supurgelik_007
20:11:09 | INFO: Blender create Mesh node M1_supurgelik_008
20:11:09 | INFO: Blender create Mesh node M1_supurgelik_009
20:11:09 | INFO: Blender create Mesh node M1_supurgelik_010
20:11:09 | INFO: Blender create Mesh node M1_supurgelik_011
20:11:09 | INFO: Blender create Mesh node M1_supurgelik_012
20:11:09 | INFO: Blender create Mesh node M1_supurgelik_013
20:11:09 | INFO: Blender create Mesh node M1_supurgelik_014
20:11:09 | INFO: Blender create Mesh node M1_supurgelik_015
20:11:09 | INFO: Blender create Mesh node M1_supurgelik_016
20:11:09 | INFO: Blender create Mesh node M1_supurgelik_017
20:11:09 | INFO: Blender create Mesh node M1_supurgelik_018
20:11:09 | INFO: Blender create Mesh node M1_supurgelik_019
20:11:09 | INFO: Blender create Mesh node M1_supurgelik_020
20:11:09 | INFO: Blender create Mesh node M1_supurgelik_021
20:11:09 | INFO: Blender create Mesh node M1_supurgelik_022
20:11:09 | INFO: Blender create Mesh node M1_supurgelik_023
20:11:09 | INFO: Blender create Mesh node M1_supurgelik_024
20:11:09 | INFO: Blender create Mesh node M1_supurgelik_025
20:11:09 | INFO: Blender create Mesh node M1_supurgelik_026
20:11:09 | INFO: Blender create Mesh node M1_supurgelik_027
20:11:09 | INFO: Blender create Mesh node M1_supurgelik_028
20:11:09 | INFO: Blender create Mesh node M1_supurgelik_029
20:11:09 | INFO: Blender create Mesh node M1_supurgelik_030
20:11:09 | INFO: Blender create Mesh node M1_supurgelik_031
20:11:09 | INFO: Blender create Mesh node M1_supurgelik_032
20:11:09 | INFO: Blender create Mesh node M1_supurgelik_033
20:11:09 | INFO: Blender create Mesh node M1_supurgelik_034
20:11:09 | INFO: Blender create Mesh node M1_supurgelik_035
20:11:09 | INFO: Blender create Mesh node M1_supurgelik_036
20:11:09 | INFO: Blender create Mesh node M1_supurgelik_037
20:11:09 | INFO: Blender create Mesh node M1_supurgelik_038
20:11:09 | INFO: Blender create Mesh node M1_supurgelik_039
20:11:09 | INFO: Blender create Mesh node M1_supurgelik_040
20:11:09 | INFO: Blender create Mesh node M1_supurgelik_041
20:11:09 | INFO: Blender create Mesh node M1_supurgelik_042
20:11:09 | INFO: Blender create Mesh node M1_supurgelik_043
20:11:09 | INFO: Blender create Mesh node M1_supurgelik_044
20:11:09 | INFO: Blender create Mesh node M1_supurgelik_045
20:11:09 | INFO: Blender create Mesh node M1_supurgelik_046
20:11:09 | INFO: Blender create Mesh node M1_supurgelik_047
20:11:09 | INFO: Blender create Mesh node M1_supurgelik_048
20:11:09 | INFO: Blender create Mesh node M1_supurgelik_049
20:11:09 | INFO: Blender create Mesh node M1_supurgelik_050
20:11:09 | INFO: Blender create Mesh node M1_supurgelik_051
20:11:09 | INFO: Blender create Mesh node M1_supurgelik_052
20:11:09 | INFO: Blender create Mesh node M1_supurgelik_053
20:11:09 | INFO: Blender create Mesh node M1_supurgelik_054
20:11:09 | INFO: Blender create Mesh node M1_supurgelik_055
20:11:09 | INFO: Blender create Mesh node M1_supurgelik_056
20:11:09 | INFO: Blender create Mesh node M1_supurgelik_057
20:11:09 | INFO: Blender create Mesh node M1_supurgelik_058
20:11:09 | INFO: Blender create Mesh node M1_supurgelik_059
20:11:09 | INFO: Blender create Mesh node M1_supurgelik_060
20:11:09 | INFO: Blender create Mesh node M1_supurgelik_061
20:11:10 | INFO: Blender create Mesh node M1_supurgelik_062
20:11:10 | INFO: Blender create Mesh node M1_supurgelik_063
20:11:10 | INFO: Blender create Mesh node M1_supurgelik_064
20:11:10 | INFO: Blender create Mesh node M1_supurgelik_065
20:11:10 | INFO: Blender create Mesh node M1_supurgelik_066
20:11:10 | INFO: Blender create Mesh node M1_supurgelik_067
20:11:10 | INFO: Blender create Mesh node M1_supurgelik_068
20:11:10 | INFO: Blender create Mesh node M1_supurgelik_069
20:11:10 | INFO: Blender create Mesh node M1_supurgelik_070
20:11:10 | INFO: Blender create Mesh node M1_supurgelik_071
20:11:10 | INFO: Blender create Mesh node M1_supurgelik_072
20:11:10 | INFO: Blender create Mesh node M1_supurgelik_073
20:11:10 | INFO: Blender create Mesh node M1_supurgelik_074
20:11:10 | INFO: Blender create Mesh node M1_supurgelik_075
20:11:10 | INFO: Blender create Mesh node M1_supurgelik_076
20:11:10 | INFO: Blender create Mesh node M1_supurgelik_077
20:11:10 | INFO: Blender create Mesh node M1_supurgelik_078
20:11:10 | INFO: Blender create Mesh node M1_supurgelik_079
20:11:10 | INFO: Blender create Mesh node M1_supurgelik_080
20:11:10 | INFO: Blender create Mesh node M1_supurgelik_081
20:11:10 | INFO: Blender create Mesh node M1_supurgelik_082
20:11:10 | INFO: Blender create Mesh node M1_supurgelik_083
20:11:10 | INFO: Blender create Mesh node M1_supurgelik_084
20:11:10 | INFO: Blender create Mesh node M1_supurgelik_085
20:11:10 | INFO: Blender create Mesh node M1_supurgelik_086
20:11:10 | INFO: Blender create Mesh node M1_supurgelik_087
20:11:10 | INFO: Blender create Mesh node M1_supurgelik_088
20:11:10 | INFO: Blender create Mesh node M1_supurgelik_089
20:11:10 | INFO: Blender create Mesh node M1_supurgelik_090
20:11:10 | INFO: Blender create Mesh node M1_supurgelik_091
20:11:10 | INFO: Blender create Mesh node M1_supurgelik_092
20:11:10 | INFO: Blender create Mesh node M1_supurgelik_093
20:11:10 | INFO: Blender create Mesh node M1_supurgelik_094
20:11:10 | INFO: Blender create Mesh node M1_supurgelik_095
20:11:10 | INFO: Blender create Mesh node M1_supurgelik_096
20:11:10 | INFO: Blender create Mesh node M1_supurgelik_097
20:11:10 | INFO: Blender create Mesh node M1_supurgelik_098
20:11:10 | INFO: Blender create Mesh node M1_supurgelik_099
20:11:10 | INFO: Blender create Mesh node M1_supurgelik_100
20:11:10 | INFO: Blender create Mesh node M1_supurgelik_101
20:11:10 | INFO: Blender create Mesh node M1_supurgelik_102
20:11:10 | INFO: Blender create Mesh node M1_supurgelik_103
20:11:10 | INFO: Blender create Mesh node M1_supurgelik_104
20:11:10 | INFO: Blender create Mesh node M1_supurgelik_105
20:11:10 | INFO: Blender create Mesh node M1_supurgelik_106
20:11:10 | INFO: Blender create Mesh node M1_supurgelik_107
20:11:10 | INFO: Blender create Mesh node M1_supurgelik_108
20:11:10 | INFO: Blender create Mesh node M1_supurgelik_109
20:11:10 | INFO: Blender create Mesh node M1_supurgelik_110
20:11:10 | INFO: Blender create Mesh node M1_supurgelik_111
20:11:10 | INFO: Blender create Mesh node M1_supurgelik_112
20:11:10 | INFO: Blender create Mesh node M1_supurgelik_113
20:11:10 | INFO: Blender create Mesh node M1_supurgelik_114
20:11:10 | INFO: Blender create Mesh node M1_supurgelik_115
20:11:10 | INFO: Blender create Mesh node M1_supurgelik_116
20:11:10 | INFO: Blender create Mesh node M1_supurgelik_117
20:11:10 | INFO: Blender create Mesh node M1_supurgelik_118
20:11:10 | INFO: Blender create Mesh node M1_supurgelik_119
20:11:10 | INFO: Blender create Mesh node M1_supurgelik_120
20:11:10 | INFO: Blender create Mesh node M1_supurgelik_121
20:11:10 | INFO: Blender create Mesh node M1_supurgelik_122
20:11:10 | INFO: Blender create Mesh node M1_supurgelik_123
20:11:10 | INFO: Blender create Mesh node M1_supurgelik_124
20:11:10 | INFO: Blender create Mesh node M1_supurgelik_125
20:11:10 | INFO: Blender create Mesh node M1_supurgelik_126
20:11:10 | INFO: Blender create Mesh node M1_supurgelik_127
20:11:10 | INFO: Blender create Mesh node M1_supurgelik_128
20:11:10 | INFO: Blender create Mesh node M1_supurgelik_129
20:11:10 | INFO: Blender create Mesh node M1_supurgelik_130
20:11:10 | INFO: Blender create Mesh node M1_supurgelik_131
20:11:10 | INFO: Blender create Mesh node M1_supurgelik_132
20:11:10 | INFO: Blender create Mesh node M1_supurgelik_133
20:11:10 | INFO: Blender create Mesh node M1_supurgelik_134
20:11:10 | INFO: Blender create Mesh node M1_supurgelik_135
20:11:10 | INFO: Blender create Mesh node M1_supurgelik_136
20:11:10 | INFO: Blender create Mesh node M1_supurgelik_137
20:11:10 | INFO: Blender create Mesh node M1_supurgelik_138
20:11:10 | INFO: Blender create Mesh node M1_supurgelik_139
20:11:10 | INFO: Blender create Mesh node M1_supurgelik_140
20:11:10 | INFO: Blender create Mesh node M1_supurgelik_141
20:11:10 | INFO: Blender create Mesh node M1_supurgelik_142
20:11:10 | INFO: Blender create Mesh node M1_supurgelik_143
20:11:10 | INFO: Blender create Mesh node M1_supurgelik_144
20:11:10 | INFO: Blender create Mesh node M1_supurgelik_145
20:11:10 | INFO: Blender create Mesh node M1_supurgelik_146
20:11:10 | INFO: Blender create Mesh node M1_supurgelik_147
20:11:10 | INFO: Blender create Mesh node M1_supurgelik_148
20:11:10 | INFO: Blender create Mesh node M1_supurgelik_149
20:11:10 | INFO: Blender create Mesh node M1_supurgelik_150
20:11:10 | INFO: Blender create Mesh node M1_supurgelik_151
20:11:10 | INFO: Blender create Mesh node M1_supurgelik_152
20:11:10 | INFO: Blender create Mesh node M1_supurgelik_153
20:11:10 | INFO: Blender create Mesh node M1_supurgelik_154
20:11:10 | INFO: Blender create Mesh node M1_supurgelik_155
20:11:10 | INFO: Blender create Mesh node M1_supurgelik_156
20:11:10 | INFO: Blender create Mesh node M1_supurgelik_157
20:11:10 | INFO: Blender create Mesh node M1_supurgelik_158
20:11:10 | INFO: Blender create Mesh node M1_supurgelik_159
20:11:10 | INFO: Blender create Mesh node M1_supurgelik_160
20:11:10 | INFO: Blender create Mesh node M1_supurgelik_161
20:11:10 | INFO: Blender create Mesh node M1_supurgelik_162
20:11:10 | INFO: Blender create Mesh node M1_supurgelik_163
20:11:10 | INFO: Blender create Mesh node M1_supurgelik_164
20:11:10 | INFO: Blender create Mesh node M1_supurgelik_165
20:11:10 | INFO: Blender create Mesh node M1_supurgelik_166
20:11:10 | INFO: Blender create Mesh node M1_supurgelik_167
20:11:10 | INFO: Blender create Mesh node M1_supurgelik_168
20:11:10 | INFO: Blender create Mesh node M1_supurgelik_169
20:11:10 | INFO: Blender create Mesh node M1_supurgelik_170
20:11:10 | INFO: Blender create Mesh node M1_supurgelik_171
20:11:10 | INFO: Blender create Mesh node M1_supurgelik_172
20:11:10 | INFO: Blender create Mesh node M1_supurgelik_173
20:11:10 | INFO: Blender create Mesh node M1_supurgelik_174
20:11:10 | INFO: Blender create Mesh node M1_supurgelik_175
20:11:10 | INFO: Blender create Mesh node M1_supurgelik_176
20:11:10 | INFO: Blender create Mesh node M1_supurgelik_177
20:11:10 | INFO: Blender create Mesh node M1_supurgelik_178
20:11:10 | INFO: Blender create Mesh node M1_supurgelik_179
20:11:10 | INFO: Blender create Mesh node M1_supurgelik_180
20:11:10 | INFO: Blender create Mesh node M1_supurgelik_181
20:11:10 | INFO: Blender create Mesh node M1_supurgelik_182
20:11:10 | INFO: Blender create Mesh node M1_supurgelik_183
20:11:10 | INFO: Blender create Mesh node M1_supurgelik_184
20:11:10 | INFO: Blender create Mesh node M1_supurgelik_185
20:11:10 | INFO: Blender create Mesh node M1_supurgelik_186
20:11:10 | INFO: Blender create Mesh node M1_supurgelik_187
20:11:10 | INFO: Blender create Mesh node M1_supurgelik_188
20:11:10 | INFO: Blender create Mesh node M1_supurgelik_189
20:11:10 | INFO: Blender create Mesh node M1_supurgelik_190
20:11:10 | INFO: Blender create Mesh node M1_supurgelik_191
20:11:10 | INFO: Blender create Mesh node M1_supurgelik_192
20:11:10 | INFO: Blender create Mesh node M1_supurgelik_193
20:11:10 | INFO: Blender create Mesh node M1_supurgelik_194
20:11:10 | INFO: Blender create Mesh node M1_supurgelik_195
20:11:10 | INFO: Blender create Mesh node M1_supurgelik_196
20:11:10 | INFO: Blender create Mesh node M1_supurgelik_197
20:11:10 | INFO: Blender create Mesh node M1_supurgelik_198
20:11:10 | INFO: Blender create Mesh node M1_supurgelik_199
20:11:10 | INFO: Blender create Mesh node M1_supurgelik_200
20:11:10 | INFO: Blender create Mesh node M1_supurgelik_201
20:11:10 | INFO: Blender create Mesh node M1_supurgelik_202
20:11:10 | INFO: Blender create Mesh node M1_supurgelik_203
20:11:10 | INFO: Blender create Mesh node M1_supurgelik_204
20:11:10 | INFO: Blender create Mesh node M1_supurgelik_205
20:11:10 | INFO: Blender create Mesh node M1_supurgelik_206
20:11:10 | INFO: Blender create Mesh node M1_supurgelik_207
20:11:10 | INFO: Blender create Mesh node M1_supurgelik_208
20:11:10 | INFO: Blender create Mesh node M1_supurgelik_209
20:11:10 | INFO: Blender create Mesh node M1_supurgelik_210
20:11:10 | INFO: Blender create Mesh node M1_supurgelik_211
20:11:10 | INFO: Blender create Mesh node M1_supurgelik_212
20:11:10 | INFO: Blender create Mesh node M1_supurgelik_213
20:11:10 | INFO: Blender create Mesh node M1_supurgelik_214
20:11:10 | INFO: Blender create Mesh node M1_supurgelik_215
20:11:10 | INFO: Blender create Mesh node M1_supurgelik_216
20:11:10 | INFO: Blender create Mesh node M1_supurgelik_217
20:11:10 | INFO: Blender create Mesh node M1_supurgelik_218
20:11:10 | INFO: Blender create Mesh node M1_supurgelik_219
20:11:10 | INFO: Blender create Mesh node M1_supurgelik_220
20:11:10 | INFO: Blender create Mesh node M1_supurgelik_221
20:11:10 | INFO: Blender create Mesh node M1_supurgelik_222
20:11:10 | INFO: Blender create Mesh node M1_supurgelik_223
20:11:10 | INFO: Blender create Mesh node M1_supurgelik_224
20:11:10 | INFO: Blender create Mesh node M1_supurgelik_225
20:11:10 | INFO: Blender create Mesh node M1_supurgelik_226
20:11:10 | INFO: Blender create Mesh node M1_supurgelik_227
20:11:10 | INFO: Blender create Mesh node M1_supurgelik_228
20:11:10 | INFO: Blender create Mesh node M1_supurgelik_229
20:11:10 | INFO: Blender create Mesh node M1_supurgelik_230
20:11:10 | INFO: Blender create Mesh node M1_supurgelik_231
20:11:10 | INFO: Blender create Mesh node M1_supurgelik_232
20:11:10 | INFO: Blender create Mesh node M1_supurgelik_233
20:11:10 | INFO: Blender create Mesh node M1_supurgelik_234
20:11:10 | INFO: Blender create Mesh node M1_supurgelik_235
20:11:10 | INFO: Blender create Mesh node M1_supurgelik_236
20:11:10 | INFO: Blender create Mesh node M1_supurgelik_237
20:11:10 | INFO: Blender create Mesh node M1_supurgelik_238
20:11:10 | INFO: Blender create Mesh node M1_supurgelik_239
20:11:10 | INFO: Blender create Mesh node M1_supurgelik_240
20:11:10 | INFO: Blender create Mesh node M1_supurgelik_241
20:11:10 | INFO: Blender create Mesh node M1_supurgelik_242
20:11:10 | INFO: Blender create Mesh node M1_supurgelik_243
20:11:10 | INFO: Blender create Mesh node M1_supurgelik_244
20:11:10 | INFO: Blender create Mesh node M1_supurgelik_245
20:11:10 | INFO: Blender create Mesh node M1_supurgelik_246
20:11:10 | INFO: Blender create Mesh node M1_supurgelik_247
20:11:10 | INFO: Blender create Mesh node M1_supurgelik_248
20:11:10 | INFO: Blender create Mesh node M1_supurgelik_249
20:11:10 | INFO: Blender create Mesh node M1_supurgelik_250
20:11:10 | INFO: Blender create Mesh node M1_supurgelik_251
20:11:10 | INFO: Blender create Mesh node M1_supurgelik_252
20:11:10 | INFO: Blender create Mesh node M1_supurgelik_253
20:11:10 | INFO: Blender create Mesh node M1_supurgelik_254
20:11:10 | INFO: Blender create Mesh node M1_supurgelik_255
20:11:10 | INFO: Blender create Mesh node M1_supurgelik_256
20:11:10 | INFO: Blender create Mesh node M1_supurgelik_257
20:11:10 | INFO: Blender create Mesh node M1_supurgelik_258
20:11:10 | INFO: Blender create Mesh node M1_supurgelik_259
20:11:10 | INFO: Blender create Mesh node M1_supurgelik_260
20:11:10 | INFO: Blender create Mesh node M1_supurgelik_261
20:11:10 | INFO: Blender create Mesh node M1_supurgelik_262
20:11:10 | INFO: Blender create Mesh node M1_supurgelik_263
20:11:10 | INFO: Blender create Mesh node M1_supurgelik_264
20:11:10 | INFO: Blender create Mesh node M1_supurgelik_265
20:11:10 | INFO: Blender create Mesh node M1_supurgelik_266
20:11:10 | INFO: Blender create Mesh node M1_supurgelik_267
20:11:10 | INFO: Blender create Mesh node M1_supurgelik_268
20:11:10 | INFO: Blender create Mesh node M1_supurgelik_269
20:11:10 | INFO: Blender create Mesh node M1_supurgelik_270
20:11:10 | INFO: Blender create Mesh node M1_supurgelik_271
20:11:10 | INFO: Blender create Mesh node M1_supurgelik_272
20:11:10 | INFO: Blender create Mesh node M1_supurgelik_273
20:11:10 | INFO: Blender create Mesh node M1_supurgelik_274
20:11:10 | INFO: Blender create Mesh node M1_supurgelik_275
20:11:10 | INFO: Blender create Mesh node M1_supurgelik_276
20:11:10 | INFO: Blender create Mesh node M1_supurgelik_277
20:11:10 | INFO: Blender create Mesh node M1_supurgelik_278
20:11:10 | INFO: Blender create Mesh node M1_supurgelik_279
20:11:10 | INFO: Blender create Mesh node M1_supurgelik_280
20:11:10 | INFO: Blender create Mesh node M1_supurgelik_281
20:11:10 | INFO: Blender create Mesh node M1_supurgelik_282
20:11:10 | INFO: Blender create Mesh node M1_supurgelik_283
20:11:10 | INFO: Blender create Mesh node M1_supurgelik_284
20:11:10 | INFO: Blender create Mesh node M1_supurgelik_285
20:11:10 | INFO: Blender create Mesh node M1_supurgelik_286
20:11:10 | INFO: Blender create Mesh node M1_supurgelik_287
20:11:10 | INFO: Blender create Mesh node M1_supurgelik_288
20:11:10 | INFO: Blender create Mesh node M1_supurgelik_289
20:11:10 | INFO: Blender create Mesh node M1_supurgelik_290
20:11:10 | INFO: Blender create Mesh node M1_supurgelik_291
20:11:10 | INFO: Blender create Mesh node M1_supurgelik_292
20:11:10 | INFO: Blender create Mesh node M1_supurgelik_293
20:11:10 | INFO: Blender create Mesh node M1_supurgelik_294
20:11:10 | INFO: Blender create Mesh node M2_K0_0_basamak.009
20:11:10 | INFO: Blender create Mesh node M2_K0_0_basamak.010
20:11:10 | INFO: Blender create Mesh node M2_K0_0_basamak.011
20:11:10 | INFO: Blender create Mesh node M2_K0_0_basamak.012
20:11:10 | INFO: Blender create Mesh node M2_K0_0_basamak.013
20:11:10 | INFO: Blender create Mesh node M2_K0_0_basamak.014
20:11:10 | INFO: Blender create Mesh node M2_K0_0_basamak.015
20:11:10 | INFO: Blender create Mesh node M2_K0_0_basamak.016
20:11:10 | INFO: Blender create Mesh node M2_K0_0_basamak.017
20:11:10 | INFO: Blender create Mesh node M2_K0_0_beyaz_altyapi.001
20:11:10 | INFO: Blender create Mesh node M2_K0_0_korkuluk_ayak.002
20:11:10 | INFO: Blender create Mesh node M2_K0_0_korkuluk_ayak.003
20:11:10 | INFO: Blender create Mesh node M2_K0_0_korkuluk_ayak.005
20:11:10 | INFO: Blender create Mesh node M2_K0_0_korkuluk_C_surgun.016
20:11:10 | INFO: Blender create Mesh node M2_K0_0_korkuluk_C_surgun.017
20:11:10 | INFO: Blender create Mesh node M2_K0_0_korkuluk_C_surgun.018
20:11:10 | INFO: Blender create Mesh node M2_K0_0_korkuluk_C_surgun.019
20:11:10 | INFO: Blender create Mesh node M2_K0_0_korkuluk_C_surgun.020
20:11:10 | INFO: Blender create Mesh node M2_K0_0_korkuluk_C_surgun.021
20:11:10 | INFO: Blender create Mesh node M2_K0_0_korkuluk_C_surgun.022
20:11:10 | INFO: Blender create Mesh node M2_K0_0_korkuluk_C_surgun.023
20:11:10 | INFO: Blender create Mesh node M2_K0_0_korkuluk_C_surgun.024
20:11:10 | INFO: Blender create Mesh node M2_K0_0_korkuluk_C_surgun.025
20:11:10 | INFO: Blender create Mesh node M2_K0_0_korkuluk_C_surgun.026
20:11:10 | INFO: Blender create Mesh node M2_K0_0_korkuluk_C_surgun.027
20:11:10 | INFO: Blender create Mesh node M2_K0_0_korkuluk_C_surgun.028
20:11:10 | INFO: Blender create Mesh node M2_K0_0_korkuluk_C_surgun.029
20:11:10 | INFO: Blender create Mesh node M2_K0_0_korkuluk_C_surgun.030
20:11:10 | INFO: Blender create Mesh node M2_K0_0_korkuluk_C_surgun.031
20:11:10 | INFO: Blender create Mesh node M2_K0_0_korkuluk_cerceve.002
20:11:10 | INFO: Blender create Mesh node M2_K0_0_korkuluk_cerceve.003
20:11:10 | INFO: Blender create Mesh node M2_K0_0_korkuluk_dikme.002
20:11:10 | INFO: Blender create Mesh node M2_K0_0_korkuluk_dikme.003
20:11:10 | INFO: Blender create Mesh node M2_K0_0_korkuluk_dikme.005
20:11:10 | INFO: Blender create Mesh node M2_K0_0_korkuluk_kupeste.001
20:11:10 | INFO: Blender create Mesh node M2_K0_0_korkuluk_S_ana.016
20:11:10 | INFO: Blender create Mesh node M2_K0_0_korkuluk_S_ana.017
20:11:10 | INFO: Blender create Mesh node M2_K0_0_korkuluk_S_ana.018
20:11:10 | INFO: Blender create Mesh node M2_K0_0_korkuluk_S_ana.019
20:11:10 | INFO: Blender create Mesh node M2_K0_0_korkuluk_S_ana.020
20:11:10 | INFO: Blender create Mesh node M2_K0_0_korkuluk_S_ana.021
20:11:10 | INFO: Blender create Mesh node M2_K0_0_korkuluk_S_ana.022
20:11:10 | INFO: Blender create Mesh node M2_K0_0_korkuluk_S_ana.023
20:11:10 | INFO: Blender create Mesh node M2_K0_0_korkuluk_S_ana.024
20:11:10 | INFO: Blender create Mesh node M2_K0_0_korkuluk_S_ana.025
20:11:10 | INFO: Blender create Mesh node M2_K0_0_korkuluk_S_ana.026
20:11:10 | INFO: Blender create Mesh node M2_K0_0_korkuluk_S_ana.027
20:11:10 | INFO: Blender create Mesh node M2_K0_0_korkuluk_S_ana.028
20:11:10 | INFO: Blender create Mesh node M2_K0_0_korkuluk_S_ana.029
20:11:10 | INFO: Blender create Mesh node M2_K0_0_korkuluk_S_ana.030
20:11:10 | INFO: Blender create Mesh node M2_K0_0_korkuluk_S_ana.031
20:11:10 | INFO: Blender create Mesh node M2_K0_0_riht.009
20:11:10 | INFO: Blender create Mesh node M2_K0_0_riht.010
20:11:10 | INFO: Blender create Mesh node M2_K0_0_riht.011
20:11:10 | INFO: Blender create Mesh node M2_K0_0_riht.012
20:11:10 | INFO: Blender create Mesh node M2_K0_0_riht.013
20:11:10 | INFO: Blender create Mesh node M2_K0_0_riht.014
20:11:10 | INFO: Blender create Mesh node M2_K0_0_riht.015
20:11:10 | INFO: Blender create Mesh node M2_K0_0_riht.016
20:11:10 | INFO: Blender create Mesh node M2_K0_0_riht.017
20:11:10 | INFO: Blender create Mesh node M2_K0_1_basamak.009
20:11:10 | INFO: Blender create Mesh node M2_K0_1_basamak.010
20:11:10 | INFO: Blender create Mesh node M2_K0_1_basamak.011
20:11:10 | INFO: Blender create Mesh node M2_K0_1_basamak.012
20:11:10 | INFO: Blender create Mesh node M2_K0_1_basamak.013
20:11:10 | INFO: Blender create Mesh node M2_K0_1_basamak.014
20:11:10 | INFO: Blender create Mesh node M2_K0_1_basamak.015
20:11:10 | INFO: Blender create Mesh node M2_K0_1_basamak.016
20:11:10 | INFO: Blender create Mesh node M2_K0_1_basamak.017
20:11:10 | INFO: Blender create Mesh node M2_K0_1_beyaz_altyapi.001
20:11:10 | INFO: Blender create Mesh node M2_K0_1_korkuluk_ayak.002
20:11:10 | INFO: Blender create Mesh node M2_K0_1_korkuluk_ayak.003
20:11:10 | INFO: Blender create Mesh node M2_K0_1_korkuluk_ayak.005
20:11:10 | INFO: Blender create Mesh node M2_K0_1_korkuluk_C_surgun.016
20:11:10 | INFO: Blender create Mesh node M2_K0_1_korkuluk_C_surgun.017
20:11:10 | INFO: Blender create Mesh node M2_K0_1_korkuluk_C_surgun.018
20:11:10 | INFO: Blender create Mesh node M2_K0_1_korkuluk_C_surgun.019
20:11:10 | INFO: Blender create Mesh node M2_K0_1_korkuluk_C_surgun.020
20:11:10 | INFO: Blender create Mesh node M2_K0_1_korkuluk_C_surgun.021
20:11:10 | INFO: Blender create Mesh node M2_K0_1_korkuluk_C_surgun.022
20:11:10 | INFO: Blender create Mesh node M2_K0_1_korkuluk_C_surgun.023
20:11:10 | INFO: Blender create Mesh node M2_K0_1_korkuluk_C_surgun.024
20:11:10 | INFO: Blender create Mesh node M2_K0_1_korkuluk_C_surgun.025
20:11:10 | INFO: Blender create Mesh node M2_K0_1_korkuluk_C_surgun.026
20:11:10 | INFO: Blender create Mesh node M2_K0_1_korkuluk_C_surgun.027
20:11:10 | INFO: Blender create Mesh node M2_K0_1_korkuluk_C_surgun.028
20:11:10 | INFO: Blender create Mesh node M2_K0_1_korkuluk_C_surgun.029
20:11:10 | INFO: Blender create Mesh node M2_K0_1_korkuluk_C_surgun.030
20:11:10 | INFO: Blender create Mesh node M2_K0_1_korkuluk_C_surgun.031
20:11:10 | INFO: Blender create Mesh node M2_K0_1_korkuluk_cerceve.002
20:11:10 | INFO: Blender create Mesh node M2_K0_1_korkuluk_cerceve.003
20:11:10 | INFO: Blender create Mesh node M2_K0_1_korkuluk_dikme.002
20:11:10 | INFO: Blender create Mesh node M2_K0_1_korkuluk_dikme.003
20:11:10 | INFO: Blender create Mesh node M2_K0_1_korkuluk_dikme.005
20:11:10 | INFO: Blender create Mesh node M2_K0_1_korkuluk_kupeste.001
20:11:10 | INFO: Blender create Mesh node M2_K0_1_korkuluk_S_ana.016
20:11:10 | INFO: Blender create Mesh node M2_K0_1_korkuluk_S_ana.017
20:11:10 | INFO: Blender create Mesh node M2_K0_1_korkuluk_S_ana.018
20:11:10 | INFO: Blender create Mesh node M2_K0_1_korkuluk_S_ana.019
20:11:10 | INFO: Blender create Mesh node M2_K0_1_korkuluk_S_ana.020
20:11:10 | INFO: Blender create Mesh node M2_K0_1_korkuluk_S_ana.021
20:11:10 | INFO: Blender create Mesh node M2_K0_1_korkuluk_S_ana.022
20:11:10 | INFO: Blender create Mesh node M2_K0_1_korkuluk_S_ana.023
20:11:10 | INFO: Blender create Mesh node M2_K0_1_korkuluk_S_ana.024
20:11:10 | INFO: Blender create Mesh node M2_K0_1_korkuluk_S_ana.025
20:11:10 | INFO: Blender create Mesh node M2_K0_1_korkuluk_S_ana.026
20:11:10 | INFO: Blender create Mesh node M2_K0_1_korkuluk_S_ana.027
20:11:10 | INFO: Blender create Mesh node M2_K0_1_korkuluk_S_ana.028
20:11:10 | INFO: Blender create Mesh node M2_K0_1_korkuluk_S_ana.029
20:11:10 | INFO: Blender create Mesh node M2_K0_1_korkuluk_S_ana.030
20:11:10 | INFO: Blender create Mesh node M2_K0_1_korkuluk_S_ana.031
20:11:10 | INFO: Blender create Mesh node M2_K0_1_riht.009
20:11:10 | INFO: Blender create Mesh node M2_K0_1_riht.010
20:11:10 | INFO: Blender create Mesh node M2_K0_1_riht.011
20:11:10 | INFO: Blender create Mesh node M2_K0_1_riht.012
20:11:10 | INFO: Blender create Mesh node M2_K0_1_riht.013
20:11:10 | INFO: Blender create Mesh node M2_K0_1_riht.014
20:11:10 | INFO: Blender create Mesh node M2_K0_1_riht.015
20:11:10 | INFO: Blender create Mesh node M2_K0_1_riht.016
20:11:10 | INFO: Blender create Mesh node M2_K0_1_riht.017
20:11:10 | INFO: Blender create Mesh node M2_K0_bosluk_korkuluk_0_ayak.002
20:11:10 | INFO: Blender create Mesh node M2_K0_bosluk_korkuluk_0_ayak.003
20:11:10 | INFO: Blender create Mesh node M2_K0_bosluk_korkuluk_0_C_surgun.020
20:11:10 | INFO: Blender create Mesh node M2_K0_bosluk_korkuluk_0_C_surgun.021
20:11:10 | INFO: Blender create Mesh node M2_K0_bosluk_korkuluk_0_C_surgun.022
20:11:10 | INFO: Blender create Mesh node M2_K0_bosluk_korkuluk_0_C_surgun.023
20:11:10 | INFO: Blender create Mesh node M2_K0_bosluk_korkuluk_0_C_surgun.024
20:11:10 | INFO: Blender create Mesh node M2_K0_bosluk_korkuluk_0_C_surgun.025
20:11:10 | INFO: Blender create Mesh node M2_K0_bosluk_korkuluk_0_C_surgun.026
20:11:10 | INFO: Blender create Mesh node M2_K0_bosluk_korkuluk_0_C_surgun.027
20:11:10 | INFO: Blender create Mesh node M2_K0_bosluk_korkuluk_0_C_surgun.028
20:11:10 | INFO: Blender create Mesh node M2_K0_bosluk_korkuluk_0_C_surgun.029
20:11:10 | INFO: Blender create Mesh node M2_K0_bosluk_korkuluk_0_C_surgun.030
20:11:10 | INFO: Blender create Mesh node M2_K0_bosluk_korkuluk_0_C_surgun.031
20:11:10 | INFO: Blender create Mesh node M2_K0_bosluk_korkuluk_0_C_surgun.032
20:11:10 | INFO: Blender create Mesh node M2_K0_bosluk_korkuluk_0_C_surgun.033
20:11:10 | INFO: Blender create Mesh node M2_K0_bosluk_korkuluk_0_C_surgun.034
20:11:10 | INFO: Blender create Mesh node M2_K0_bosluk_korkuluk_0_C_surgun.035
20:11:10 | INFO: Blender create Mesh node M2_K0_bosluk_korkuluk_0_C_surgun.036
20:11:10 | INFO: Blender create Mesh node M2_K0_bosluk_korkuluk_0_C_surgun.037
20:11:10 | INFO: Blender create Mesh node M2_K0_bosluk_korkuluk_0_C_surgun.038
20:11:10 | INFO: Blender create Mesh node M2_K0_bosluk_korkuluk_0_C_surgun.039
20:11:10 | INFO: Blender create Mesh node M2_K0_bosluk_korkuluk_0_cerceve.002
20:11:10 | INFO: Blender create Mesh node M2_K0_bosluk_korkuluk_0_cerceve.003
20:11:10 | INFO: Blender create Mesh node M2_K0_bosluk_korkuluk_0_dikme.002
20:11:10 | INFO: Blender create Mesh node M2_K0_bosluk_korkuluk_0_dikme.003
20:11:10 | INFO: Blender create Mesh node M2_K0_bosluk_korkuluk_0_kucuk_C_bordur.034
20:11:10 | INFO: Blender create Mesh node M2_K0_bosluk_korkuluk_0_kucuk_C_bordur.035
20:11:10 | INFO: Blender create Mesh node M2_K0_bosluk_korkuluk_0_kucuk_C_bordur.036
20:11:10 | INFO: Blender create Mesh node M2_K0_bosluk_korkuluk_0_kucuk_C_bordur.037
20:11:10 | INFO: Blender create Mesh node M2_K0_bosluk_korkuluk_0_kucuk_C_bordur.038
20:11:10 | INFO: Blender create Mesh node M2_K0_bosluk_korkuluk_0_kucuk_C_bordur.039
20:11:10 | INFO: Blender create Mesh node M2_K0_bosluk_korkuluk_0_kucuk_C_bordur.040
20:11:10 | INFO: Blender create Mesh node M2_K0_bosluk_korkuluk_0_kucuk_C_bordur.041
20:11:10 | INFO: Blender create Mesh node M2_K0_bosluk_korkuluk_0_kucuk_C_bordur.042
20:11:10 | INFO: Blender create Mesh node M2_K0_bosluk_korkuluk_0_kucuk_C_bordur.043
20:11:10 | INFO: Blender create Mesh node M2_K0_bosluk_korkuluk_0_kucuk_C_bordur.044
20:11:10 | INFO: Blender create Mesh node M2_K0_bosluk_korkuluk_0_kucuk_C_bordur.045
20:11:10 | INFO: Blender create Mesh node M2_K0_bosluk_korkuluk_0_kucuk_C_bordur.046
20:11:10 | INFO: Blender create Mesh node M2_K0_bosluk_korkuluk_0_kucuk_C_bordur.047
20:11:10 | INFO: Blender create Mesh node M2_K0_bosluk_korkuluk_0_kucuk_C_bordur.048
20:11:10 | INFO: Blender create Mesh node M2_K0_bosluk_korkuluk_0_kucuk_C_bordur.049
20:11:10 | INFO: Blender create Mesh node M2_K0_bosluk_korkuluk_0_kucuk_C_bordur.050
20:11:10 | INFO: Blender create Mesh node M2_K0_bosluk_korkuluk_0_kucuk_C_bordur.051
20:11:10 | INFO: Blender create Mesh node M2_K0_bosluk_korkuluk_0_kucuk_C_bordur.052
20:11:10 | INFO: Blender create Mesh node M2_K0_bosluk_korkuluk_0_kucuk_C_bordur.053
20:11:10 | INFO: Blender create Mesh node M2_K0_bosluk_korkuluk_0_kucuk_C_bordur.054
20:11:10 | INFO: Blender create Mesh node M2_K0_bosluk_korkuluk_0_kucuk_C_bordur.055
20:11:10 | INFO: Blender create Mesh node M2_K0_bosluk_korkuluk_0_kucuk_C_bordur.056
20:11:10 | INFO: Blender create Mesh node M2_K0_bosluk_korkuluk_0_kucuk_C_bordur.057
20:11:10 | INFO: Blender create Mesh node M2_K0_bosluk_korkuluk_0_kucuk_C_bordur.058
20:11:10 | INFO: Blender create Mesh node M2_K0_bosluk_korkuluk_0_kucuk_C_bordur.059
20:11:10 | INFO: Blender create Mesh node M2_K0_bosluk_korkuluk_0_kucuk_C_bordur.060
20:11:10 | INFO: Blender create Mesh node M2_K0_bosluk_korkuluk_0_kucuk_C_bordur.061
20:11:10 | INFO: Blender create Mesh node M2_K0_bosluk_korkuluk_0_kucuk_C_bordur.062
20:11:10 | INFO: Blender create Mesh node M2_K0_bosluk_korkuluk_0_kucuk_C_bordur.063
20:11:10 | INFO: Blender create Mesh node M2_K0_bosluk_korkuluk_0_kucuk_C_bordur.064
20:11:10 | INFO: Blender create Mesh node M2_K0_bosluk_korkuluk_0_kucuk_C_bordur.065
20:11:10 | INFO: Blender create Mesh node M2_K0_bosluk_korkuluk_0_kucuk_C_bordur.066
20:11:10 | INFO: Blender create Mesh node M2_K0_bosluk_korkuluk_0_kucuk_C_bordur.067
20:11:10 | INFO: Blender create Mesh node M2_K0_bosluk_korkuluk_0_kupeste.001
20:11:10 | INFO: Blender create Mesh node M2_K0_bosluk_korkuluk_0_S_ana.010
20:11:10 | INFO: Blender create Mesh node M2_K0_bosluk_korkuluk_0_S_ana.011
20:11:10 | INFO: Blender create Mesh node M2_K0_bosluk_korkuluk_0_S_ana.012
20:11:10 | INFO: Blender create Mesh node M2_K0_bosluk_korkuluk_0_S_ana.013
20:11:10 | INFO: Blender create Mesh node M2_K0_bosluk_korkuluk_0_S_ana.014
20:11:10 | INFO: Blender create Mesh node M2_K0_bosluk_korkuluk_0_S_ana.015
20:11:10 | INFO: Blender create Mesh node M2_K0_bosluk_korkuluk_0_S_ana.016
20:11:10 | INFO: Blender create Mesh node M2_K0_bosluk_korkuluk_0_S_ana.017
20:11:10 | INFO: Blender create Mesh node M2_K0_bosluk_korkuluk_0_S_ana.018
20:11:10 | INFO: Blender create Mesh node M2_K0_bosluk_korkuluk_0_S_ana.019
20:11:10 | INFO: Blender create Mesh node M2_K0_sahanlik.001
20:11:10 | INFO: Blender create Mesh node M2_K0_sahanlik_alti.001
20:11:10 | INFO: Blender create Mesh node M2_K1_0_basamak.010
20:11:10 | INFO: Blender create Mesh node M2_K1_0_basamak.011
20:11:10 | INFO: Blender create Mesh node M2_K1_0_basamak.012
20:11:10 | INFO: Blender create Mesh node M2_K1_0_basamak.013
20:11:10 | INFO: Blender create Mesh node M2_K1_0_basamak.014
20:11:10 | INFO: Blender create Mesh node M2_K1_0_basamak.015
20:11:10 | INFO: Blender create Mesh node M2_K1_0_basamak.016
20:11:10 | INFO: Blender create Mesh node M2_K1_0_basamak.017
20:11:11 | INFO: Blender create Mesh node M2_K1_0_basamak.018
20:11:11 | INFO: Blender create Mesh node M2_K1_0_basamak.019
20:11:11 | INFO: Blender create Mesh node M2_K1_0_beyaz_altyapi.001
20:11:11 | INFO: Blender create Mesh node M2_K1_0_korkuluk_ayak.002
20:11:11 | INFO: Blender create Mesh node M2_K1_0_korkuluk_ayak.003
20:11:11 | INFO: Blender create Mesh node M2_K1_0_korkuluk_ayak.005
20:11:11 | INFO: Blender create Mesh node M2_K1_0_korkuluk_C_surgun.024
20:11:11 | INFO: Blender create Mesh node M2_K1_0_korkuluk_C_surgun.025
20:11:11 | INFO: Blender create Mesh node M2_K1_0_korkuluk_C_surgun.026
20:11:11 | INFO: Blender create Mesh node M2_K1_0_korkuluk_C_surgun.027
20:11:11 | INFO: Blender create Mesh node M2_K1_0_korkuluk_C_surgun.028
20:11:11 | INFO: Blender create Mesh node M2_K1_0_korkuluk_C_surgun.029
20:11:11 | INFO: Blender create Mesh node M2_K1_0_korkuluk_C_surgun.030
20:11:11 | INFO: Blender create Mesh node M2_K1_0_korkuluk_C_surgun.031
20:11:11 | INFO: Blender create Mesh node M2_K1_0_korkuluk_C_surgun.032
20:11:11 | INFO: Blender create Mesh node M2_K1_0_korkuluk_C_surgun.033
20:11:11 | INFO: Blender create Mesh node M2_K1_0_korkuluk_C_surgun.034
20:11:11 | INFO: Blender create Mesh node M2_K1_0_korkuluk_C_surgun.035
20:11:11 | INFO: Blender create Mesh node M2_K1_0_korkuluk_C_surgun.036
20:11:11 | INFO: Blender create Mesh node M2_K1_0_korkuluk_C_surgun.037
20:11:11 | INFO: Blender create Mesh node M2_K1_0_korkuluk_C_surgun.038
20:11:11 | INFO: Blender create Mesh node M2_K1_0_korkuluk_C_surgun.039
20:11:11 | INFO: Blender create Mesh node M2_K1_0_korkuluk_C_surgun.040
20:11:11 | INFO: Blender create Mesh node M2_K1_0_korkuluk_C_surgun.041
20:11:11 | INFO: Blender create Mesh node M2_K1_0_korkuluk_C_surgun.042
20:11:11 | INFO: Blender create Mesh node M2_K1_0_korkuluk_C_surgun.043
20:11:11 | INFO: Blender create Mesh node M2_K1_0_korkuluk_C_surgun.044
20:11:11 | INFO: Blender create Mesh node M2_K1_0_korkuluk_C_surgun.045
20:11:11 | INFO: Blender create Mesh node M2_K1_0_korkuluk_C_surgun.046
20:11:11 | INFO: Blender create Mesh node M2_K1_0_korkuluk_C_surgun.047
20:11:11 | INFO: Blender create Mesh node M2_K1_0_korkuluk_cerceve.002
20:11:11 | INFO: Blender create Mesh node M2_K1_0_korkuluk_cerceve.003
20:11:11 | INFO: Blender create Mesh node M2_K1_0_korkuluk_dikme.002
20:11:11 | INFO: Blender create Mesh node M2_K1_0_korkuluk_dikme.003
20:11:11 | INFO: Blender create Mesh node M2_K1_0_korkuluk_dikme.005
20:11:11 | INFO: Blender create Mesh node M2_K1_0_korkuluk_kucuk_C_bordur.042
20:11:11 | INFO: Blender create Mesh node M2_K1_0_korkuluk_kucuk_C_bordur.043
20:11:11 | INFO: Blender create Mesh node M2_K1_0_korkuluk_kucuk_C_bordur.044
20:11:11 | INFO: Blender create Mesh node M2_K1_0_korkuluk_kucuk_C_bordur.045
20:11:11 | INFO: Blender create Mesh node M2_K1_0_korkuluk_kucuk_C_bordur.046
20:11:11 | INFO: Blender create Mesh node M2_K1_0_korkuluk_kucuk_C_bordur.047
20:11:11 | INFO: Blender create Mesh node M2_K1_0_korkuluk_kucuk_C_bordur.048
20:11:11 | INFO: Blender create Mesh node M2_K1_0_korkuluk_kucuk_C_bordur.049
20:11:11 | INFO: Blender create Mesh node M2_K1_0_korkuluk_kucuk_C_bordur.050
20:11:11 | INFO: Blender create Mesh node M2_K1_0_korkuluk_kucuk_C_bordur.051
20:11:11 | INFO: Blender create Mesh node M2_K1_0_korkuluk_kucuk_C_bordur.052
20:11:11 | INFO: Blender create Mesh node M2_K1_0_korkuluk_kucuk_C_bordur.053
20:11:11 | INFO: Blender create Mesh node M2_K1_0_korkuluk_kucuk_C_bordur.054
20:11:11 | INFO: Blender create Mesh node M2_K1_0_korkuluk_kucuk_C_bordur.055
20:11:11 | INFO: Blender create Mesh node M2_K1_0_korkuluk_kucuk_C_bordur.056
20:11:11 | INFO: Blender create Mesh node M2_K1_0_korkuluk_kucuk_C_bordur.057
20:11:11 | INFO: Blender create Mesh node M2_K1_0_korkuluk_kucuk_C_bordur.058
20:11:11 | INFO: Blender create Mesh node M2_K1_0_korkuluk_kucuk_C_bordur.059
20:11:11 | INFO: Blender create Mesh node M2_K1_0_korkuluk_kucuk_C_bordur.060
20:11:11 | INFO: Blender create Mesh node M2_K1_0_korkuluk_kucuk_C_bordur.061
20:11:11 | INFO: Blender create Mesh node M2_K1_0_korkuluk_kucuk_C_bordur.062
20:11:11 | INFO: Blender create Mesh node M2_K1_0_korkuluk_kucuk_C_bordur.063
20:11:11 | INFO: Blender create Mesh node M2_K1_0_korkuluk_kucuk_C_bordur.064
20:11:11 | INFO: Blender create Mesh node M2_K1_0_korkuluk_kucuk_C_bordur.065
20:11:11 | INFO: Blender create Mesh node M2_K1_0_korkuluk_kucuk_C_bordur.066
20:11:11 | INFO: Blender create Mesh node M2_K1_0_korkuluk_kucuk_C_bordur.067
20:11:11 | INFO: Blender create Mesh node M2_K1_0_korkuluk_kucuk_C_bordur.068
20:11:11 | INFO: Blender create Mesh node M2_K1_0_korkuluk_kucuk_C_bordur.069
20:11:11 | INFO: Blender create Mesh node M2_K1_0_korkuluk_kucuk_C_bordur.070
20:11:11 | INFO: Blender create Mesh node M2_K1_0_korkuluk_kucuk_C_bordur.071
20:11:11 | INFO: Blender create Mesh node M2_K1_0_korkuluk_kucuk_C_bordur.072
20:11:11 | INFO: Blender create Mesh node M2_K1_0_korkuluk_kucuk_C_bordur.073
20:11:11 | INFO: Blender create Mesh node M2_K1_0_korkuluk_kucuk_C_bordur.074
20:11:11 | INFO: Blender create Mesh node M2_K1_0_korkuluk_kucuk_C_bordur.075
20:11:11 | INFO: Blender create Mesh node M2_K1_0_korkuluk_kucuk_C_bordur.076
20:11:11 | INFO: Blender create Mesh node M2_K1_0_korkuluk_kucuk_C_bordur.077
20:11:11 | INFO: Blender create Mesh node M2_K1_0_korkuluk_kucuk_C_bordur.078
20:11:11 | INFO: Blender create Mesh node M2_K1_0_korkuluk_kucuk_C_bordur.079
20:11:11 | INFO: Blender create Mesh node M2_K1_0_korkuluk_kucuk_C_bordur.080
20:11:11 | INFO: Blender create Mesh node M2_K1_0_korkuluk_kucuk_C_bordur.081
20:11:11 | INFO: Blender create Mesh node M2_K1_0_korkuluk_kucuk_C_bordur.082
20:11:11 | INFO: Blender create Mesh node M2_K1_0_korkuluk_kucuk_C_bordur.083
20:11:11 | INFO: Blender create Mesh node M2_K1_0_korkuluk_kupeste.001
20:11:11 | INFO: Blender create Mesh node M2_K1_0_korkuluk_S_ana.012
20:11:11 | INFO: Blender create Mesh node M2_K1_0_korkuluk_S_ana.013
20:11:11 | INFO: Blender create Mesh node M2_K1_0_korkuluk_S_ana.014
20:11:11 | INFO: Blender create Mesh node M2_K1_0_korkuluk_S_ana.015
20:11:11 | INFO: Blender create Mesh node M2_K1_0_korkuluk_S_ana.016
20:11:11 | INFO: Blender create Mesh node M2_K1_0_korkuluk_S_ana.017
20:11:11 | INFO: Blender create Mesh node M2_K1_0_korkuluk_S_ana.018
20:11:11 | INFO: Blender create Mesh node M2_K1_0_korkuluk_S_ana.019
20:11:11 | INFO: Blender create Mesh node M2_K1_0_korkuluk_S_ana.020
20:11:11 | INFO: Blender create Mesh node M2_K1_0_korkuluk_S_ana.021
20:11:11 | INFO: Blender create Mesh node M2_K1_0_korkuluk_S_ana.022
20:11:11 | INFO: Blender create Mesh node M2_K1_0_korkuluk_S_ana.023
20:11:11 | INFO: Blender create Mesh node M2_K1_0_riht.010
20:11:11 | INFO: Blender create Mesh node M2_K1_0_riht.011
20:11:11 | INFO: Blender create Mesh node M2_K1_0_riht.012
20:11:11 | INFO: Blender create Mesh node M2_K1_0_riht.013
20:11:11 | INFO: Blender create Mesh node M2_K1_0_riht.014
20:11:11 | INFO: Blender create Mesh node M2_K1_0_riht.015
20:11:11 | INFO: Blender create Mesh node M2_K1_0_riht.016
20:11:11 | INFO: Blender create Mesh node M2_K1_0_riht.017
20:11:11 | INFO: Blender create Mesh node M2_K1_0_riht.018
20:11:11 | INFO: Blender create Mesh node M2_K1_0_riht.019
20:11:11 | INFO: Blender create Mesh node M2_K1_1_basamak.009
20:11:11 | INFO: Blender create Mesh node M2_K1_1_basamak.010
20:11:11 | INFO: Blender create Mesh node M2_K1_1_basamak.011
20:11:11 | INFO: Blender create Mesh node M2_K1_1_basamak.012
20:11:11 | INFO: Blender create Mesh node M2_K1_1_basamak.013
20:11:11 | INFO: Blender create Mesh node M2_K1_1_basamak.014
20:11:11 | INFO: Blender create Mesh node M2_K1_1_basamak.015
20:11:11 | INFO: Blender create Mesh node M2_K1_1_basamak.016
20:11:11 | INFO: Blender create Mesh node M2_K1_1_basamak.017
20:11:11 | INFO: Blender create Mesh node M2_K1_1_beyaz_altyapi.001
20:11:11 | INFO: Blender create Mesh node M2_K1_1_korkuluk_ayak.002
20:11:11 | INFO: Blender create Mesh node M2_K1_1_korkuluk_ayak.003
20:11:11 | INFO: Blender create Mesh node M2_K1_1_korkuluk_ayak.005
20:11:11 | INFO: Blender create Mesh node M2_K1_1_korkuluk_C_surgun.024
20:11:11 | INFO: Blender create Mesh node M2_K1_1_korkuluk_C_surgun.025
20:11:11 | INFO: Blender create Mesh node M2_K1_1_korkuluk_C_surgun.026
20:11:11 | INFO: Blender create Mesh node M2_K1_1_korkuluk_C_surgun.027
20:11:11 | INFO: Blender create Mesh node M2_K1_1_korkuluk_C_surgun.028
20:11:11 | INFO: Blender create Mesh node M2_K1_1_korkuluk_C_surgun.029
20:11:11 | INFO: Blender create Mesh node M2_K1_1_korkuluk_C_surgun.030
20:11:11 | INFO: Blender create Mesh node M2_K1_1_korkuluk_C_surgun.031
20:11:11 | INFO: Blender create Mesh node M2_K1_1_korkuluk_C_surgun.032
20:11:11 | INFO: Blender create Mesh node M2_K1_1_korkuluk_C_surgun.033
20:11:11 | INFO: Blender create Mesh node M2_K1_1_korkuluk_C_surgun.034
20:11:11 | INFO: Blender create Mesh node M2_K1_1_korkuluk_C_surgun.035
20:11:11 | INFO: Blender create Mesh node M2_K1_1_korkuluk_C_surgun.036
20:11:11 | INFO: Blender create Mesh node M2_K1_1_korkuluk_C_surgun.037
20:11:11 | INFO: Blender create Mesh node M2_K1_1_korkuluk_C_surgun.038
20:11:11 | INFO: Blender create Mesh node M2_K1_1_korkuluk_C_surgun.039
20:11:11 | INFO: Blender create Mesh node M2_K1_1_korkuluk_C_surgun.040
20:11:11 | INFO: Blender create Mesh node M2_K1_1_korkuluk_C_surgun.041
20:11:11 | INFO: Blender create Mesh node M2_K1_1_korkuluk_C_surgun.042
20:11:11 | INFO: Blender create Mesh node M2_K1_1_korkuluk_C_surgun.043
20:11:11 | INFO: Blender create Mesh node M2_K1_1_korkuluk_C_surgun.044
20:11:11 | INFO: Blender create Mesh node M2_K1_1_korkuluk_C_surgun.045
20:11:11 | INFO: Blender create Mesh node M2_K1_1_korkuluk_C_surgun.046
20:11:11 | INFO: Blender create Mesh node M2_K1_1_korkuluk_C_surgun.047
20:11:11 | INFO: Blender create Mesh node M2_K1_1_korkuluk_cerceve.002
20:11:11 | INFO: Blender create Mesh node M2_K1_1_korkuluk_cerceve.003
20:11:11 | INFO: Blender create Mesh node M2_K1_1_korkuluk_dikme.002
20:11:11 | INFO: Blender create Mesh node M2_K1_1_korkuluk_dikme.003
20:11:11 | INFO: Blender create Mesh node M2_K1_1_korkuluk_dikme.005
20:11:11 | INFO: Blender create Mesh node M2_K1_1_korkuluk_kucuk_C_bordur.038
20:11:11 | INFO: Blender create Mesh node M2_K1_1_korkuluk_kucuk_C_bordur.039
20:11:11 | INFO: Blender create Mesh node M2_K1_1_korkuluk_kucuk_C_bordur.040
20:11:11 | INFO: Blender create Mesh node M2_K1_1_korkuluk_kucuk_C_bordur.041
20:11:11 | INFO: Blender create Mesh node M2_K1_1_korkuluk_kucuk_C_bordur.042
20:11:11 | INFO: Blender create Mesh node M2_K1_1_korkuluk_kucuk_C_bordur.043
20:11:11 | INFO: Blender create Mesh node M2_K1_1_korkuluk_kucuk_C_bordur.044
20:11:11 | INFO: Blender create Mesh node M2_K1_1_korkuluk_kucuk_C_bordur.045
20:11:11 | INFO: Blender create Mesh node M2_K1_1_korkuluk_kucuk_C_bordur.046
20:11:11 | INFO: Blender create Mesh node M2_K1_1_korkuluk_kucuk_C_bordur.047
20:11:11 | INFO: Blender create Mesh node M2_K1_1_korkuluk_kucuk_C_bordur.048
20:11:11 | INFO: Blender create Mesh node M2_K1_1_korkuluk_kucuk_C_bordur.049
20:11:11 | INFO: Blender create Mesh node M2_K1_1_korkuluk_kucuk_C_bordur.050
20:11:11 | INFO: Blender create Mesh node M2_K1_1_korkuluk_kucuk_C_bordur.051
20:11:11 | INFO: Blender create Mesh node M2_K1_1_korkuluk_kucuk_C_bordur.052
20:11:11 | INFO: Blender create Mesh node M2_K1_1_korkuluk_kucuk_C_bordur.053
20:11:11 | INFO: Blender create Mesh node M2_K1_1_korkuluk_kucuk_C_bordur.054
20:11:11 | INFO: Blender create Mesh node M2_K1_1_korkuluk_kucuk_C_bordur.055
20:11:11 | INFO: Blender create Mesh node M2_K1_1_korkuluk_kucuk_C_bordur.056
20:11:11 | INFO: Blender create Mesh node M2_K1_1_korkuluk_kucuk_C_bordur.057
20:11:11 | INFO: Blender create Mesh node M2_K1_1_korkuluk_kucuk_C_bordur.058
20:11:11 | INFO: Blender create Mesh node M2_K1_1_korkuluk_kucuk_C_bordur.059
20:11:11 | INFO: Blender create Mesh node M2_K1_1_korkuluk_kucuk_C_bordur.060
20:11:11 | INFO: Blender create Mesh node M2_K1_1_korkuluk_kucuk_C_bordur.061
20:11:11 | INFO: Blender create Mesh node M2_K1_1_korkuluk_kucuk_C_bordur.062
20:11:11 | INFO: Blender create Mesh node M2_K1_1_korkuluk_kucuk_C_bordur.063
20:11:11 | INFO: Blender create Mesh node M2_K1_1_korkuluk_kucuk_C_bordur.064
20:11:11 | INFO: Blender create Mesh node M2_K1_1_korkuluk_kucuk_C_bordur.065
20:11:11 | INFO: Blender create Mesh node M2_K1_1_korkuluk_kucuk_C_bordur.066
20:11:11 | INFO: Blender create Mesh node M2_K1_1_korkuluk_kucuk_C_bordur.067
20:11:11 | INFO: Blender create Mesh node M2_K1_1_korkuluk_kucuk_C_bordur.068
20:11:11 | INFO: Blender create Mesh node M2_K1_1_korkuluk_kucuk_C_bordur.069
20:11:11 | INFO: Blender create Mesh node M2_K1_1_korkuluk_kucuk_C_bordur.070
20:11:11 | INFO: Blender create Mesh node M2_K1_1_korkuluk_kucuk_C_bordur.071
20:11:11 | INFO: Blender create Mesh node M2_K1_1_korkuluk_kucuk_C_bordur.072
20:11:11 | INFO: Blender create Mesh node M2_K1_1_korkuluk_kucuk_C_bordur.073
20:11:11 | INFO: Blender create Mesh node M2_K1_1_korkuluk_kucuk_C_bordur.074
20:11:11 | INFO: Blender create Mesh node M2_K1_1_korkuluk_kucuk_C_bordur.075
20:11:11 | INFO: Blender create Mesh node M2_K1_1_korkuluk_kupeste.001
20:11:11 | INFO: Blender create Mesh node M2_K1_1_korkuluk_S_ana.012
20:11:11 | INFO: Blender create Mesh node M2_K1_1_korkuluk_S_ana.013
20:11:11 | INFO: Blender create Mesh node M2_K1_1_korkuluk_S_ana.014
20:11:11 | INFO: Blender create Mesh node M2_K1_1_korkuluk_S_ana.015
20:11:11 | INFO: Blender create Mesh node M2_K1_1_korkuluk_S_ana.016
20:11:11 | INFO: Blender create Mesh node M2_K1_1_korkuluk_S_ana.017
20:11:11 | INFO: Blender create Mesh node M2_K1_1_korkuluk_S_ana.018
20:11:11 | INFO: Blender create Mesh node M2_K1_1_korkuluk_S_ana.019
20:11:11 | INFO: Blender create Mesh node M2_K1_1_korkuluk_S_ana.020
20:11:11 | INFO: Blender create Mesh node M2_K1_1_korkuluk_S_ana.021
20:11:11 | INFO: Blender create Mesh node M2_K1_1_korkuluk_S_ana.022
20:11:11 | INFO: Blender create Mesh node M2_K1_1_korkuluk_S_ana.023
20:11:11 | INFO: Blender create Mesh node M2_K1_1_riht.009
20:11:11 | INFO: Blender create Mesh node M2_K1_1_riht.010
20:11:11 | INFO: Blender create Mesh node M2_K1_1_riht.011
20:11:11 | INFO: Blender create Mesh node M2_K1_1_riht.012
20:11:11 | INFO: Blender create Mesh node M2_K1_1_riht.013
20:11:11 | INFO: Blender create Mesh node M2_K1_1_riht.014
20:11:11 | INFO: Blender create Mesh node M2_K1_1_riht.015
20:11:11 | INFO: Blender create Mesh node M2_K1_1_riht.016
20:11:11 | INFO: Blender create Mesh node M2_K1_1_riht.017
20:11:11 | INFO: Blender create Mesh node M2_K1_bosluk_korkuluk_0_ayak.002
20:11:11 | INFO: Blender create Mesh node M2_K1_bosluk_korkuluk_0_ayak.003
20:11:11 | INFO: Blender create Mesh node M2_K1_bosluk_korkuluk_0_C_surgun.016
20:11:11 | INFO: Blender create Mesh node M2_K1_bosluk_korkuluk_0_C_surgun.017
20:11:11 | INFO: Blender create Mesh node M2_K1_bosluk_korkuluk_0_C_surgun.018
20:11:11 | INFO: Blender create Mesh node M2_K1_bosluk_korkuluk_0_C_surgun.019
20:11:11 | INFO: Blender create Mesh node M2_K1_bosluk_korkuluk_0_C_surgun.020
20:11:11 | INFO: Blender create Mesh node M2_K1_bosluk_korkuluk_0_C_surgun.021
20:11:11 | INFO: Blender create Mesh node M2_K1_bosluk_korkuluk_0_C_surgun.022
20:11:11 | INFO: Blender create Mesh node M2_K1_bosluk_korkuluk_0_C_surgun.023
20:11:11 | INFO: Blender create Mesh node M2_K1_bosluk_korkuluk_0_C_surgun.024
20:11:11 | INFO: Blender create Mesh node M2_K1_bosluk_korkuluk_0_C_surgun.025
20:11:11 | INFO: Blender create Mesh node M2_K1_bosluk_korkuluk_0_C_surgun.026
20:11:11 | INFO: Blender create Mesh node M2_K1_bosluk_korkuluk_0_C_surgun.027
20:11:11 | INFO: Blender create Mesh node M2_K1_bosluk_korkuluk_0_C_surgun.028
20:11:11 | INFO: Blender create Mesh node M2_K1_bosluk_korkuluk_0_C_surgun.029
20:11:11 | INFO: Blender create Mesh node M2_K1_bosluk_korkuluk_0_C_surgun.030
20:11:11 | INFO: Blender create Mesh node M2_K1_bosluk_korkuluk_0_C_surgun.031
20:11:11 | INFO: Blender create Mesh node M2_K1_bosluk_korkuluk_0_cerceve.002
20:11:11 | INFO: Blender create Mesh node M2_K1_bosluk_korkuluk_0_cerceve.003
20:11:11 | INFO: Blender create Mesh node M2_K1_bosluk_korkuluk_0_dikme.002
20:11:11 | INFO: Blender create Mesh node M2_K1_bosluk_korkuluk_0_dikme.003
20:11:11 | INFO: Blender create Mesh node M2_K1_bosluk_korkuluk_0_kucuk_C_bordur.030
20:11:11 | INFO: Blender create Mesh node M2_K1_bosluk_korkuluk_0_kucuk_C_bordur.031
20:11:11 | INFO: Blender create Mesh node M2_K1_bosluk_korkuluk_0_kucuk_C_bordur.032
20:11:11 | INFO: Blender create Mesh node M2_K1_bosluk_korkuluk_0_kucuk_C_bordur.033
20:11:11 | INFO: Blender create Mesh node M2_K1_bosluk_korkuluk_0_kucuk_C_bordur.034
20:11:11 | INFO: Blender create Mesh node M2_K1_bosluk_korkuluk_0_kucuk_C_bordur.035
20:11:11 | INFO: Blender create Mesh node M2_K1_bosluk_korkuluk_0_kucuk_C_bordur.036
20:11:11 | INFO: Blender create Mesh node M2_K1_bosluk_korkuluk_0_kucuk_C_bordur.037
20:11:11 | INFO: Blender create Mesh node M2_K1_bosluk_korkuluk_0_kucuk_C_bordur.038
20:11:11 | INFO: Blender create Mesh node M2_K1_bosluk_korkuluk_0_kucuk_C_bordur.039
20:11:11 | INFO: Blender create Mesh node M2_K1_bosluk_korkuluk_0_kucuk_C_bordur.040
20:11:11 | INFO: Blender create Mesh node M2_K1_bosluk_korkuluk_0_kucuk_C_bordur.041
20:11:11 | INFO: Blender create Mesh node M2_K1_bosluk_korkuluk_0_kucuk_C_bordur.042
20:11:11 | INFO: Blender create Mesh node M2_K1_bosluk_korkuluk_0_kucuk_C_bordur.043
20:11:11 | INFO: Blender create Mesh node M2_K1_bosluk_korkuluk_0_kucuk_C_bordur.044
20:11:11 | INFO: Blender create Mesh node M2_K1_bosluk_korkuluk_0_kucuk_C_bordur.045
20:11:11 | INFO: Blender create Mesh node M2_K1_bosluk_korkuluk_0_kucuk_C_bordur.046
20:11:11 | INFO: Blender create Mesh node M2_K1_bosluk_korkuluk_0_kucuk_C_bordur.047
20:11:11 | INFO: Blender create Mesh node M2_K1_bosluk_korkuluk_0_kucuk_C_bordur.048
20:11:11 | INFO: Blender create Mesh node M2_K1_bosluk_korkuluk_0_kucuk_C_bordur.049
20:11:11 | INFO: Blender create Mesh node M2_K1_bosluk_korkuluk_0_kucuk_C_bordur.050
20:11:11 | INFO: Blender create Mesh node M2_K1_bosluk_korkuluk_0_kucuk_C_bordur.051
20:11:11 | INFO: Blender create Mesh node M2_K1_bosluk_korkuluk_0_kucuk_C_bordur.052
20:11:11 | INFO: Blender create Mesh node M2_K1_bosluk_korkuluk_0_kucuk_C_bordur.053
20:11:11 | INFO: Blender create Mesh node M2_K1_bosluk_korkuluk_0_kucuk_C_bordur.054
20:11:11 | INFO: Blender create Mesh node M2_K1_bosluk_korkuluk_0_kucuk_C_bordur.055
20:11:11 | INFO: Blender create Mesh node M2_K1_bosluk_korkuluk_0_kucuk_C_bordur.056
20:11:11 | INFO: Blender create Mesh node M2_K1_bosluk_korkuluk_0_kucuk_C_bordur.057
20:11:11 | INFO: Blender create Mesh node M2_K1_bosluk_korkuluk_0_kucuk_C_bordur.058
20:11:11 | INFO: Blender create Mesh node M2_K1_bosluk_korkuluk_0_kucuk_C_bordur.059
20:11:11 | INFO: Blender create Mesh node M2_K1_bosluk_korkuluk_0_kupeste.001
20:11:11 | INFO: Blender create Mesh node M2_K1_bosluk_korkuluk_0_S_ana.008
20:11:11 | INFO: Blender create Mesh node M2_K1_bosluk_korkuluk_0_S_ana.009
20:11:11 | INFO: Blender create Mesh node M2_K1_bosluk_korkuluk_0_S_ana.010
20:11:11 | INFO: Blender create Mesh node M2_K1_bosluk_korkuluk_0_S_ana.011
20:11:11 | INFO: Blender create Mesh node M2_K1_bosluk_korkuluk_0_S_ana.012
20:11:11 | INFO: Blender create Mesh node M2_K1_bosluk_korkuluk_0_S_ana.013
20:11:11 | INFO: Blender create Mesh node M2_K1_bosluk_korkuluk_0_S_ana.014
20:11:11 | INFO: Blender create Mesh node M2_K1_bosluk_korkuluk_0_S_ana.015
20:11:11 | INFO: Blender create Mesh node M2_K1_bosluk_korkuluk_1_ayak.002
20:11:11 | INFO: Blender create Mesh node M2_K1_bosluk_korkuluk_1_ayak.003
20:11:11 | INFO: Blender create Mesh node M2_K1_bosluk_korkuluk_1_C_surgun.020
20:11:11 | INFO: Blender create Mesh node M2_K1_bosluk_korkuluk_1_C_surgun.021
20:11:11 | INFO: Blender create Mesh node M2_K1_bosluk_korkuluk_1_C_surgun.022
20:11:11 | INFO: Blender create Mesh node M2_K1_bosluk_korkuluk_1_C_surgun.023
20:11:11 | INFO: Blender create Mesh node M2_K1_bosluk_korkuluk_1_C_surgun.024
20:11:11 | INFO: Blender create Mesh node M2_K1_bosluk_korkuluk_1_C_surgun.025
20:11:11 | INFO: Blender create Mesh node M2_K1_bosluk_korkuluk_1_C_surgun.026
20:11:11 | INFO: Blender create Mesh node M2_K1_bosluk_korkuluk_1_C_surgun.027
20:11:11 | INFO: Blender create Mesh node M2_K1_bosluk_korkuluk_1_C_surgun.028
20:11:11 | INFO: Blender create Mesh node M2_K1_bosluk_korkuluk_1_C_surgun.029
20:11:11 | INFO: Blender create Mesh node M2_K1_bosluk_korkuluk_1_C_surgun.030
20:11:11 | INFO: Blender create Mesh node M2_K1_bosluk_korkuluk_1_C_surgun.031
20:11:11 | INFO: Blender create Mesh node M2_K1_bosluk_korkuluk_1_C_surgun.032
20:11:11 | INFO: Blender create Mesh node M2_K1_bosluk_korkuluk_1_C_surgun.033
20:11:11 | INFO: Blender create Mesh node M2_K1_bosluk_korkuluk_1_C_surgun.034
20:11:11 | INFO: Blender create Mesh node M2_K1_bosluk_korkuluk_1_C_surgun.035
20:11:11 | INFO: Blender create Mesh node M2_K1_bosluk_korkuluk_1_C_surgun.036
20:11:11 | INFO: Blender create Mesh node M2_K1_bosluk_korkuluk_1_C_surgun.037
20:11:11 | INFO: Blender create Mesh node M2_K1_bosluk_korkuluk_1_C_surgun.038
20:11:11 | INFO: Blender create Mesh node M2_K1_bosluk_korkuluk_1_C_surgun.039
20:11:11 | INFO: Blender create Mesh node M2_K1_bosluk_korkuluk_1_cerceve.002
20:11:11 | INFO: Blender create Mesh node M2_K1_bosluk_korkuluk_1_cerceve.003
20:11:11 | INFO: Blender create Mesh node M2_K1_bosluk_korkuluk_1_dikme.002
20:11:11 | INFO: Blender create Mesh node M2_K1_bosluk_korkuluk_1_dikme.003
20:11:11 | INFO: Blender create Mesh node M2_K1_bosluk_korkuluk_1_kucuk_C_bordur.032
20:11:11 | INFO: Blender create Mesh node M2_K1_bosluk_korkuluk_1_kucuk_C_bordur.033
20:11:11 | INFO: Blender create Mesh node M2_K1_bosluk_korkuluk_1_kucuk_C_bordur.034
20:11:11 | INFO: Blender create Mesh node M2_K1_bosluk_korkuluk_1_kucuk_C_bordur.035
20:11:11 | INFO: Blender create Mesh node M2_K1_bosluk_korkuluk_1_kucuk_C_bordur.036
20:11:11 | INFO: Blender create Mesh node M2_K1_bosluk_korkuluk_1_kucuk_C_bordur.037
20:11:11 | INFO: Blender create Mesh node M2_K1_bosluk_korkuluk_1_kucuk_C_bordur.038
20:11:11 | INFO: Blender create Mesh node M2_K1_bosluk_korkuluk_1_kucuk_C_bordur.039
20:11:11 | INFO: Blender create Mesh node M2_K1_bosluk_korkuluk_1_kucuk_C_bordur.040
20:11:12 | INFO: Blender create Mesh node M2_K1_bosluk_korkuluk_1_kucuk_C_bordur.041
20:11:12 | INFO: Blender create Mesh node M2_K1_bosluk_korkuluk_1_kucuk_C_bordur.042
20:11:12 | INFO: Blender create Mesh node M2_K1_bosluk_korkuluk_1_kucuk_C_bordur.043
20:11:12 | INFO: Blender create Mesh node M2_K1_bosluk_korkuluk_1_kucuk_C_bordur.044
20:11:12 | INFO: Blender create Mesh node M2_K1_bosluk_korkuluk_1_kucuk_C_bordur.045
20:11:12 | INFO: Blender create Mesh node M2_K1_bosluk_korkuluk_1_kucuk_C_bordur.046
20:11:12 | INFO: Blender create Mesh node M2_K1_bosluk_korkuluk_1_kucuk_C_bordur.047
20:11:12 | INFO: Blender create Mesh node M2_K1_bosluk_korkuluk_1_kucuk_C_bordur.048
20:11:12 | INFO: Blender create Mesh node M2_K1_bosluk_korkuluk_1_kucuk_C_bordur.049
20:11:12 | INFO: Blender create Mesh node M2_K1_bosluk_korkuluk_1_kucuk_C_bordur.050
20:11:12 | INFO: Blender create Mesh node M2_K1_bosluk_korkuluk_1_kucuk_C_bordur.051
20:11:12 | INFO: Blender create Mesh node M2_K1_bosluk_korkuluk_1_kucuk_C_bordur.052
20:11:12 | INFO: Blender create Mesh node M2_K1_bosluk_korkuluk_1_kucuk_C_bordur.053
20:11:12 | INFO: Blender create Mesh node M2_K1_bosluk_korkuluk_1_kucuk_C_bordur.054
20:11:12 | INFO: Blender create Mesh node M2_K1_bosluk_korkuluk_1_kucuk_C_bordur.055
20:11:12 | INFO: Blender create Mesh node M2_K1_bosluk_korkuluk_1_kucuk_C_bordur.056
20:11:12 | INFO: Blender create Mesh node M2_K1_bosluk_korkuluk_1_kucuk_C_bordur.057
20:11:12 | INFO: Blender create Mesh node M2_K1_bosluk_korkuluk_1_kucuk_C_bordur.058
20:11:12 | INFO: Blender create Mesh node M2_K1_bosluk_korkuluk_1_kucuk_C_bordur.059
20:11:12 | INFO: Blender create Mesh node M2_K1_bosluk_korkuluk_1_kucuk_C_bordur.060
20:11:12 | INFO: Blender create Mesh node M2_K1_bosluk_korkuluk_1_kucuk_C_bordur.061
20:11:12 | INFO: Blender create Mesh node M2_K1_bosluk_korkuluk_1_kucuk_C_bordur.062
20:11:12 | INFO: Blender create Mesh node M2_K1_bosluk_korkuluk_1_kucuk_C_bordur.063
20:11:12 | INFO: Blender create Mesh node M2_K1_bosluk_korkuluk_1_kupeste.001
20:11:12 | INFO: Blender create Mesh node M2_K1_bosluk_korkuluk_1_S_ana.010
20:11:12 | INFO: Blender create Mesh node M2_K1_bosluk_korkuluk_1_S_ana.011
20:11:12 | INFO: Blender create Mesh node M2_K1_bosluk_korkuluk_1_S_ana.012
20:11:12 | INFO: Blender create Mesh node M2_K1_bosluk_korkuluk_1_S_ana.013
20:11:12 | INFO: Blender create Mesh node M2_K1_bosluk_korkuluk_1_S_ana.014
20:11:12 | INFO: Blender create Mesh node M2_K1_bosluk_korkuluk_1_S_ana.015
20:11:12 | INFO: Blender create Mesh node M2_K1_bosluk_korkuluk_1_S_ana.016
20:11:12 | INFO: Blender create Mesh node M2_K1_bosluk_korkuluk_1_S_ana.017
20:11:12 | INFO: Blender create Mesh node M2_K1_bosluk_korkuluk_1_S_ana.018
20:11:12 | INFO: Blender create Mesh node M2_K1_bosluk_korkuluk_1_S_ana.019
20:11:12 | INFO: Blender create Mesh node M2_K1_sahanlik.001
20:11:12 | INFO: Blender create Mesh node M2_K1_sahanlik_alti.001
20:11:12 | INFO: Blender create Mesh node M2_K2_0_basamak.009
20:11:12 | INFO: Blender create Mesh node M2_K2_0_basamak.010
20:11:12 | INFO: Blender create Mesh node M2_K2_0_basamak.011
20:11:12 | INFO: Blender create Mesh node M2_K2_0_basamak.012
20:11:12 | INFO: Blender create Mesh node M2_K2_0_basamak.013
20:11:12 | INFO: Blender create Mesh node M2_K2_0_basamak.014
20:11:12 | INFO: Blender create Mesh node M2_K2_0_basamak.015
20:11:12 | INFO: Blender create Mesh node M2_K2_0_basamak.016
20:11:12 | INFO: Blender create Mesh node M2_K2_0_basamak.017
20:11:12 | INFO: Blender create Mesh node M2_K2_0_beyaz_altyapi.001
20:11:12 | INFO: Blender create Mesh node M2_K2_0_korkuluk_ayak.002
20:11:12 | INFO: Blender create Mesh node M2_K2_0_korkuluk_ayak.003
20:11:12 | INFO: Blender create Mesh node M2_K2_0_korkuluk_ayak.005
20:11:12 | INFO: Blender create Mesh node M2_K2_0_korkuluk_C_surgun.028
20:11:12 | INFO: Blender create Mesh node M2_K2_0_korkuluk_C_surgun.029
20:11:12 | INFO: Blender create Mesh node M2_K2_0_korkuluk_C_surgun.030
20:11:12 | INFO: Blender create Mesh node M2_K2_0_korkuluk_C_surgun.031
20:11:12 | INFO: Blender create Mesh node M2_K2_0_korkuluk_C_surgun.032
20:11:12 | INFO: Blender create Mesh node M2_K2_0_korkuluk_C_surgun.033
20:11:12 | INFO: Blender create Mesh node M2_K2_0_korkuluk_C_surgun.034
20:11:12 | INFO: Blender create Mesh node M2_K2_0_korkuluk_C_surgun.035
20:11:12 | INFO: Blender create Mesh node M2_K2_0_korkuluk_C_surgun.036
20:11:12 | INFO: Blender create Mesh node M2_K2_0_korkuluk_C_surgun.037
20:11:12 | INFO: Blender create Mesh node M2_K2_0_korkuluk_C_surgun.038
20:11:12 | INFO: Blender create Mesh node M2_K2_0_korkuluk_C_surgun.039
20:11:12 | INFO: Blender create Mesh node M2_K2_0_korkuluk_C_surgun.040
20:11:12 | INFO: Blender create Mesh node M2_K2_0_korkuluk_C_surgun.041
20:11:12 | INFO: Blender create Mesh node M2_K2_0_korkuluk_C_surgun.042
20:11:12 | INFO: Blender create Mesh node M2_K2_0_korkuluk_C_surgun.043
20:11:12 | INFO: Blender create Mesh node M2_K2_0_korkuluk_C_surgun.044
20:11:12 | INFO: Blender create Mesh node M2_K2_0_korkuluk_C_surgun.045
20:11:12 | INFO: Blender create Mesh node M2_K2_0_korkuluk_C_surgun.046
20:11:12 | INFO: Blender create Mesh node M2_K2_0_korkuluk_C_surgun.047
20:11:12 | INFO: Blender create Mesh node M2_K2_0_korkuluk_C_surgun.048
20:11:12 | INFO: Blender create Mesh node M2_K2_0_korkuluk_C_surgun.049
20:11:12 | INFO: Blender create Mesh node M2_K2_0_korkuluk_C_surgun.050
20:11:12 | INFO: Blender create Mesh node M2_K2_0_korkuluk_C_surgun.051
20:11:12 | INFO: Blender create Mesh node M2_K2_0_korkuluk_C_surgun.052
20:11:12 | INFO: Blender create Mesh node M2_K2_0_korkuluk_C_surgun.053
20:11:12 | INFO: Blender create Mesh node M2_K2_0_korkuluk_C_surgun.054
20:11:12 | INFO: Blender create Mesh node M2_K2_0_korkuluk_C_surgun.055
20:11:12 | INFO: Blender create Mesh node M2_K2_0_korkuluk_cerceve.002
20:11:12 | INFO: Blender create Mesh node M2_K2_0_korkuluk_cerceve.003
20:11:12 | INFO: Blender create Mesh node M2_K2_0_korkuluk_dikme.002
20:11:12 | INFO: Blender create Mesh node M2_K2_0_korkuluk_dikme.003
20:11:12 | INFO: Blender create Mesh node M2_K2_0_korkuluk_dikme.005
20:11:12 | INFO: Blender create Mesh node M2_K2_0_korkuluk_kucuk_C_bordur.048
20:11:12 | INFO: Blender create Mesh node M2_K2_0_korkuluk_kucuk_C_bordur.049
20:11:12 | INFO: Blender create Mesh node M2_K2_0_korkuluk_kucuk_C_bordur.050
20:11:12 | INFO: Blender create Mesh node M2_K2_0_korkuluk_kucuk_C_bordur.051
20:11:12 | INFO: Blender create Mesh node M2_K2_0_korkuluk_kucuk_C_bordur.052
20:11:12 | INFO: Blender create Mesh node M2_K2_0_korkuluk_kucuk_C_bordur.053
20:11:12 | INFO: Blender create Mesh node M2_K2_0_korkuluk_kucuk_C_bordur.054
20:11:12 | INFO: Blender create Mesh node M2_K2_0_korkuluk_kucuk_C_bordur.055
20:11:12 | INFO: Blender create Mesh node M2_K2_0_korkuluk_kucuk_C_bordur.056
20:11:12 | INFO: Blender create Mesh node M2_K2_0_korkuluk_kucuk_C_bordur.057
20:11:12 | INFO: Blender create Mesh node M2_K2_0_korkuluk_kucuk_C_bordur.058
20:11:12 | INFO: Blender create Mesh node M2_K2_0_korkuluk_kucuk_C_bordur.059
20:11:12 | INFO: Blender create Mesh node M2_K2_0_korkuluk_kucuk_C_bordur.060
20:11:12 | INFO: Blender create Mesh node M2_K2_0_korkuluk_kucuk_C_bordur.061
20:11:12 | INFO: Blender create Mesh node M2_K2_0_korkuluk_kucuk_C_bordur.062
20:11:12 | INFO: Blender create Mesh node M2_K2_0_korkuluk_kucuk_C_bordur.063
20:11:12 | INFO: Blender create Mesh node M2_K2_0_korkuluk_kucuk_C_bordur.064
20:11:12 | INFO: Blender create Mesh node M2_K2_0_korkuluk_kucuk_C_bordur.065
20:11:12 | INFO: Blender create Mesh node M2_K2_0_korkuluk_kucuk_C_bordur.066
20:11:12 | INFO: Blender create Mesh node M2_K2_0_korkuluk_kucuk_C_bordur.067
20:11:12 | INFO: Blender create Mesh node M2_K2_0_korkuluk_kucuk_C_bordur.068
20:11:12 | INFO: Blender create Mesh node M2_K2_0_korkuluk_kucuk_C_bordur.069
20:11:12 | INFO: Blender create Mesh node M2_K2_0_korkuluk_kucuk_C_bordur.070
20:11:12 | INFO: Blender create Mesh node M2_K2_0_korkuluk_kucuk_C_bordur.071
20:11:12 | INFO: Blender create Mesh node M2_K2_0_korkuluk_kucuk_C_bordur.072
20:11:12 | INFO: Blender create Mesh node M2_K2_0_korkuluk_kucuk_C_bordur.073
20:11:12 | INFO: Blender create Mesh node M2_K2_0_korkuluk_kucuk_C_bordur.074
20:11:12 | INFO: Blender create Mesh node M2_K2_0_korkuluk_kucuk_C_bordur.075
20:11:12 | INFO: Blender create Mesh node M2_K2_0_korkuluk_kucuk_C_bordur.076
20:11:12 | INFO: Blender create Mesh node M2_K2_0_korkuluk_kucuk_C_bordur.077
20:11:12 | INFO: Blender create Mesh node M2_K2_0_korkuluk_kucuk_C_bordur.078
20:11:12 | INFO: Blender create Mesh node M2_K2_0_korkuluk_kucuk_C_bordur.079
20:11:12 | INFO: Blender create Mesh node M2_K2_0_korkuluk_kucuk_C_bordur.080
20:11:12 | INFO: Blender create Mesh node M2_K2_0_korkuluk_kucuk_C_bordur.081
20:11:12 | INFO: Blender create Mesh node M2_K2_0_korkuluk_kucuk_C_bordur.082
20:11:12 | INFO: Blender create Mesh node M2_K2_0_korkuluk_kucuk_C_bordur.083
20:11:12 | INFO: Blender create Mesh node M2_K2_0_korkuluk_kucuk_C_bordur.084
20:11:12 | INFO: Blender create Mesh node M2_K2_0_korkuluk_kucuk_C_bordur.085
20:11:12 | INFO: Blender create Mesh node M2_K2_0_korkuluk_kucuk_C_bordur.086
20:11:12 | INFO: Blender create Mesh node M2_K2_0_korkuluk_kucuk_C_bordur.087
20:11:12 | INFO: Blender create Mesh node M2_K2_0_korkuluk_kucuk_C_bordur.088
20:11:12 | INFO: Blender create Mesh node M2_K2_0_korkuluk_kucuk_C_bordur.089
20:11:12 | INFO: Blender create Mesh node M2_K2_0_korkuluk_kucuk_C_bordur.090
20:11:12 | INFO: Blender create Mesh node M2_K2_0_korkuluk_kucuk_C_bordur.091
20:11:12 | INFO: Blender create Mesh node M2_K2_0_korkuluk_kucuk_C_bordur.092
20:11:12 | INFO: Blender create Mesh node M2_K2_0_korkuluk_kucuk_C_bordur.093
20:11:12 | INFO: Blender create Mesh node M2_K2_0_korkuluk_kucuk_C_bordur.094
20:11:12 | INFO: Blender create Mesh node M2_K2_0_korkuluk_kucuk_C_bordur.095
20:11:12 | INFO: Blender create Mesh node M2_K2_0_korkuluk_kupeste.001
20:11:12 | INFO: Blender create Mesh node M2_K2_0_korkuluk_S_ana.014
20:11:12 | INFO: Blender create Mesh node M2_K2_0_korkuluk_S_ana.015
20:11:12 | INFO: Blender create Mesh node M2_K2_0_korkuluk_S_ana.016
20:11:12 | INFO: Blender create Mesh node M2_K2_0_korkuluk_S_ana.017
20:11:12 | INFO: Blender create Mesh node M2_K2_0_korkuluk_S_ana.018
20:11:12 | INFO: Blender create Mesh node M2_K2_0_korkuluk_S_ana.019
20:11:12 | INFO: Blender create Mesh node M2_K2_0_korkuluk_S_ana.020
20:11:12 | INFO: Blender create Mesh node M2_K2_0_korkuluk_S_ana.021
20:11:12 | INFO: Blender create Mesh node M2_K2_0_korkuluk_S_ana.022
20:11:12 | INFO: Blender create Mesh node M2_K2_0_korkuluk_S_ana.023
20:11:12 | INFO: Blender create Mesh node M2_K2_0_korkuluk_S_ana.024
20:11:12 | INFO: Blender create Mesh node M2_K2_0_korkuluk_S_ana.025
20:11:12 | INFO: Blender create Mesh node M2_K2_0_korkuluk_S_ana.026
20:11:12 | INFO: Blender create Mesh node M2_K2_0_korkuluk_S_ana.027
20:11:12 | INFO: Blender create Mesh node M2_K2_0_riht.009
20:11:12 | INFO: Blender create Mesh node M2_K2_0_riht.010
20:11:12 | INFO: Blender create Mesh node M2_K2_0_riht.011
20:11:12 | INFO: Blender create Mesh node M2_K2_0_riht.012
20:11:12 | INFO: Blender create Mesh node M2_K2_0_riht.013
20:11:12 | INFO: Blender create Mesh node M2_K2_0_riht.014
20:11:12 | INFO: Blender create Mesh node M2_K2_0_riht.015
20:11:12 | INFO: Blender create Mesh node M2_K2_0_riht.016
20:11:12 | INFO: Blender create Mesh node M2_K2_0_riht.017
20:11:12 | INFO: Blender create Mesh node M2_K2_1_basamak.009
20:11:12 | INFO: Blender create Mesh node M2_K2_1_basamak.010
20:11:12 | INFO: Blender create Mesh node M2_K2_1_basamak.011
20:11:12 | INFO: Blender create Mesh node M2_K2_1_basamak.012
20:11:12 | INFO: Blender create Mesh node M2_K2_1_basamak.013
20:11:12 | INFO: Blender create Mesh node M2_K2_1_basamak.014
20:11:12 | INFO: Blender create Mesh node M2_K2_1_basamak.015
20:11:12 | INFO: Blender create Mesh node M2_K2_1_basamak.016
20:11:12 | INFO: Blender create Mesh node M2_K2_1_basamak.017
20:11:12 | INFO: Blender create Mesh node M2_K2_1_beyaz_altyapi.001
20:11:12 | INFO: Blender create Mesh node M2_K2_1_korkuluk_ayak.002
20:11:12 | INFO: Blender create Mesh node M2_K2_1_korkuluk_ayak.003
20:11:12 | INFO: Blender create Mesh node M2_K2_1_korkuluk_C_surgun.016
20:11:12 | INFO: Blender create Mesh node M2_K2_1_korkuluk_C_surgun.017
20:11:12 | INFO: Blender create Mesh node M2_K2_1_korkuluk_C_surgun.018
20:11:12 | INFO: Blender create Mesh node M2_K2_1_korkuluk_C_surgun.019
20:11:12 | INFO: Blender create Mesh node M2_K2_1_korkuluk_C_surgun.020
20:11:12 | INFO: Blender create Mesh node M2_K2_1_korkuluk_C_surgun.021
20:11:12 | INFO: Blender create Mesh node M2_K2_1_korkuluk_C_surgun.022
20:11:12 | INFO: Blender create Mesh node M2_K2_1_korkuluk_C_surgun.023
20:11:12 | INFO: Blender create Mesh node M2_K2_1_korkuluk_C_surgun.024
20:11:12 | INFO: Blender create Mesh node M2_K2_1_korkuluk_C_surgun.025
20:11:12 | INFO: Blender create Mesh node M2_K2_1_korkuluk_C_surgun.026
20:11:12 | INFO: Blender create Mesh node M2_K2_1_korkuluk_C_surgun.027
20:11:12 | INFO: Blender create Mesh node M2_K2_1_korkuluk_C_surgun.028
20:11:12 | INFO: Blender create Mesh node M2_K2_1_korkuluk_C_surgun.029
20:11:12 | INFO: Blender create Mesh node M2_K2_1_korkuluk_C_surgun.030
20:11:12 | INFO: Blender create Mesh node M2_K2_1_korkuluk_C_surgun.031
20:11:12 | INFO: Blender create Mesh node M2_K2_1_korkuluk_cerceve.002
20:11:12 | INFO: Blender create Mesh node M2_K2_1_korkuluk_cerceve.003
20:11:12 | INFO: Blender create Mesh node M2_K2_1_korkuluk_dikme.002
20:11:12 | INFO: Blender create Mesh node M2_K2_1_korkuluk_dikme.003
20:11:12 | INFO: Blender create Mesh node M2_K2_1_korkuluk_kupeste.001
20:11:12 | INFO: Blender create Mesh node M2_K2_1_korkuluk_pirinc_baglanti.004
20:11:12 | INFO: Blender create Mesh node M2_K2_1_korkuluk_pirinc_baglanti.005
20:11:12 | INFO: Blender create Mesh node M2_K2_1_korkuluk_pirinc_baglanti.006
20:11:12 | INFO: Blender create Mesh node M2_K2_1_korkuluk_pirinc_baglanti.007
20:11:12 | INFO: Blender create Mesh node M2_K2_1_korkuluk_S_ana.008
20:11:12 | INFO: Blender create Mesh node M2_K2_1_korkuluk_S_ana.009
20:11:12 | INFO: Blender create Mesh node M2_K2_1_korkuluk_S_ana.010
20:11:12 | INFO: Blender create Mesh node M2_K2_1_korkuluk_S_ana.011
20:11:12 | INFO: Blender create Mesh node M2_K2_1_korkuluk_S_ana.012
20:11:12 | INFO: Blender create Mesh node M2_K2_1_korkuluk_S_ana.013
20:11:12 | INFO: Blender create Mesh node M2_K2_1_korkuluk_S_ana.014
20:11:12 | INFO: Blender create Mesh node M2_K2_1_korkuluk_S_ana.015
20:11:12 | INFO: Blender create Mesh node M2_K2_1_korkuluk_zambak_sap.008
20:11:12 | INFO: Blender create Mesh node M2_K2_1_korkuluk_zambak_sap.009
20:11:12 | INFO: Blender create Mesh node M2_K2_1_korkuluk_zambak_sap.010
20:11:12 | INFO: Blender create Mesh node M2_K2_1_korkuluk_zambak_sap.011
20:11:12 | INFO: Blender create Mesh node M2_K2_1_korkuluk_zambak_sap.012
20:11:12 | INFO: Blender create Mesh node M2_K2_1_korkuluk_zambak_sap.013
20:11:12 | INFO: Blender create Mesh node M2_K2_1_korkuluk_zambak_sap.014
20:11:12 | INFO: Blender create Mesh node M2_K2_1_korkuluk_zambak_sap.015
20:11:12 | INFO: Blender create Mesh node M2_K2_1_korkuluk_zambak_yaprak.024
20:11:12 | INFO: Blender create Mesh node M2_K2_1_korkuluk_zambak_yaprak.025
20:11:12 | INFO: Blender create Mesh node M2_K2_1_korkuluk_zambak_yaprak.026
20:11:12 | INFO: Blender create Mesh node M2_K2_1_korkuluk_zambak_yaprak.027
20:11:12 | INFO: Blender create Mesh node M2_K2_1_korkuluk_zambak_yaprak.028
20:11:12 | INFO: Blender create Mesh node M2_K2_1_korkuluk_zambak_yaprak.029
20:11:12 | INFO: Blender create Mesh node M2_K2_1_korkuluk_zambak_yaprak.030
20:11:12 | INFO: Blender create Mesh node M2_K2_1_korkuluk_zambak_yaprak.031
20:11:12 | INFO: Blender create Mesh node M2_K2_1_korkuluk_zambak_yaprak.032
20:11:12 | INFO: Blender create Mesh node M2_K2_1_korkuluk_zambak_yaprak.033
20:11:12 | INFO: Blender create Mesh node M2_K2_1_korkuluk_zambak_yaprak.034
20:11:12 | INFO: Blender create Mesh node M2_K2_1_korkuluk_zambak_yaprak.035
20:11:12 | INFO: Blender create Mesh node M2_K2_1_korkuluk_zambak_yaprak.036
20:11:12 | INFO: Blender create Mesh node M2_K2_1_korkuluk_zambak_yaprak.037
20:11:12 | INFO: Blender create Mesh node M2_K2_1_korkuluk_zambak_yaprak.038
20:11:12 | INFO: Blender create Mesh node M2_K2_1_korkuluk_zambak_yaprak.039
20:11:12 | INFO: Blender create Mesh node M2_K2_1_korkuluk_zambak_yaprak.040
20:11:12 | INFO: Blender create Mesh node M2_K2_1_korkuluk_zambak_yaprak.041
20:11:12 | INFO: Blender create Mesh node M2_K2_1_korkuluk_zambak_yaprak.042
20:11:12 | INFO: Blender create Mesh node M2_K2_1_korkuluk_zambak_yaprak.043
20:11:12 | INFO: Blender create Mesh node M2_K2_1_korkuluk_zambak_yaprak.044
20:11:12 | INFO: Blender create Mesh node M2_K2_1_korkuluk_zambak_yaprak.045
20:11:12 | INFO: Blender create Mesh node M2_K2_1_korkuluk_zambak_yaprak.046
20:11:12 | INFO: Blender create Mesh node M2_K2_1_korkuluk_zambak_yaprak.047
20:11:12 | INFO: Blender create Mesh node M2_K2_1_riht.009
20:11:12 | INFO: Blender create Mesh node M2_K2_1_riht.010
20:11:12 | INFO: Blender create Mesh node M2_K2_1_riht.011
20:11:12 | INFO: Blender create Mesh node M2_K2_1_riht.012
20:11:12 | INFO: Blender create Mesh node M2_K2_1_riht.013
20:11:12 | INFO: Blender create Mesh node M2_K2_1_riht.014
20:11:12 | INFO: Blender create Mesh node M2_K2_1_riht.015
20:11:12 | INFO: Blender create Mesh node M2_K2_1_riht.016
20:11:12 | INFO: Blender create Mesh node M2_K2_1_riht.017
20:11:12 | INFO: Blender create Mesh node M2_K2_bosluk_korkuluk_0_ayak.002
20:11:12 | INFO: Blender create Mesh node M2_K2_bosluk_korkuluk_0_ayak.003
20:11:12 | INFO: Blender create Mesh node M2_K2_bosluk_korkuluk_0_C_surgun.012
20:11:12 | INFO: Blender create Mesh node M2_K2_bosluk_korkuluk_0_C_surgun.013
20:11:12 | INFO: Blender create Mesh node M2_K2_bosluk_korkuluk_0_C_surgun.014
20:11:12 | INFO: Blender create Mesh node M2_K2_bosluk_korkuluk_0_C_surgun.015
20:11:12 | INFO: Blender create Mesh node M2_K2_bosluk_korkuluk_0_C_surgun.016
20:11:12 | INFO: Blender create Mesh node M2_K2_bosluk_korkuluk_0_C_surgun.017
20:11:12 | INFO: Blender create Mesh node M2_K2_bosluk_korkuluk_0_C_surgun.018
20:11:12 | INFO: Blender create Mesh node M2_K2_bosluk_korkuluk_0_C_surgun.019
20:11:12 | INFO: Blender create Mesh node M2_K2_bosluk_korkuluk_0_C_surgun.020
20:11:12 | INFO: Blender create Mesh node M2_K2_bosluk_korkuluk_0_C_surgun.021
20:11:12 | INFO: Blender create Mesh node M2_K2_bosluk_korkuluk_0_C_surgun.022
20:11:12 | INFO: Blender create Mesh node M2_K2_bosluk_korkuluk_0_C_surgun.023
20:11:12 | INFO: Blender create Mesh node M2_K2_bosluk_korkuluk_0_cerceve.002
20:11:12 | INFO: Blender create Mesh node M2_K2_bosluk_korkuluk_0_cerceve.003
20:11:12 | INFO: Blender create Mesh node M2_K2_bosluk_korkuluk_0_dikme.002
20:11:12 | INFO: Blender create Mesh node M2_K2_bosluk_korkuluk_0_dikme.003
20:11:12 | INFO: Blender create Mesh node M2_K2_bosluk_korkuluk_0_kupeste.001
20:11:12 | INFO: Blender create Mesh node M2_K2_bosluk_korkuluk_0_pirinc_baglanti.003
20:11:12 | INFO: Blender create Mesh node M2_K2_bosluk_korkuluk_0_pirinc_baglanti.004
20:11:12 | INFO: Blender create Mesh node M2_K2_bosluk_korkuluk_0_pirinc_baglanti.005
20:11:12 | INFO: Blender create Mesh node M2_K2_bosluk_korkuluk_0_S_ana.006
20:11:12 | INFO: Blender create Mesh node M2_K2_bosluk_korkuluk_0_S_ana.007
20:11:12 | INFO: Blender create Mesh node M2_K2_bosluk_korkuluk_0_S_ana.008
20:11:12 | INFO: Blender create Mesh node M2_K2_bosluk_korkuluk_0_S_ana.009
20:11:12 | INFO: Blender create Mesh node M2_K2_bosluk_korkuluk_0_S_ana.010
20:11:12 | INFO: Blender create Mesh node M2_K2_bosluk_korkuluk_0_S_ana.011
20:11:12 | INFO: Blender create Mesh node M2_K2_bosluk_korkuluk_0_zambak_sap.006
20:11:12 | INFO: Blender create Mesh node M2_K2_bosluk_korkuluk_0_zambak_sap.007
20:11:12 | INFO: Blender create Mesh node M2_K2_bosluk_korkuluk_0_zambak_sap.008
20:11:12 | INFO: Blender create Mesh node M2_K2_bosluk_korkuluk_0_zambak_sap.009
20:11:12 | INFO: Blender create Mesh node M2_K2_bosluk_korkuluk_0_zambak_sap.010
20:11:12 | INFO: Blender create Mesh node M2_K2_bosluk_korkuluk_0_zambak_sap.011
20:11:12 | INFO: Blender create Mesh node M2_K2_bosluk_korkuluk_0_zambak_yaprak.018
20:11:12 | INFO: Blender create Mesh node M2_K2_bosluk_korkuluk_0_zambak_yaprak.019
20:11:12 | INFO: Blender create Mesh node M2_K2_bosluk_korkuluk_0_zambak_yaprak.020
20:11:12 | INFO: Blender create Mesh node M2_K2_bosluk_korkuluk_0_zambak_yaprak.021
20:11:13 | INFO: Blender create Mesh node M2_K2_bosluk_korkuluk_0_zambak_yaprak.022
20:11:13 | INFO: Blender create Mesh node M2_K2_bosluk_korkuluk_0_zambak_yaprak.023
20:11:13 | INFO: Blender create Mesh node M2_K2_bosluk_korkuluk_0_zambak_yaprak.024
20:11:13 | INFO: Blender create Mesh node M2_K2_bosluk_korkuluk_0_zambak_yaprak.025
20:11:13 | INFO: Blender create Mesh node M2_K2_bosluk_korkuluk_0_zambak_yaprak.026
20:11:13 | INFO: Blender create Mesh node M2_K2_bosluk_korkuluk_0_zambak_yaprak.027
20:11:13 | INFO: Blender create Mesh node M2_K2_bosluk_korkuluk_0_zambak_yaprak.028
20:11:13 | INFO: Blender create Mesh node M2_K2_bosluk_korkuluk_0_zambak_yaprak.029
20:11:13 | INFO: Blender create Mesh node M2_K2_bosluk_korkuluk_0_zambak_yaprak.030
20:11:13 | INFO: Blender create Mesh node M2_K2_bosluk_korkuluk_0_zambak_yaprak.031
20:11:13 | INFO: Blender create Mesh node M2_K2_bosluk_korkuluk_0_zambak_yaprak.032
20:11:13 | INFO: Blender create Mesh node M2_K2_bosluk_korkuluk_0_zambak_yaprak.033
20:11:13 | INFO: Blender create Mesh node M2_K2_bosluk_korkuluk_0_zambak_yaprak.034
20:11:13 | INFO: Blender create Mesh node M2_K2_bosluk_korkuluk_0_zambak_yaprak.035
20:11:13 | INFO: Blender create Mesh node M2_K2_sahanlik.001
20:11:13 | INFO: Blender create Mesh node M2_K2_sahanlik_alti.001
20:11:13 | INFO: Blender create Mesh node M3_01_dik_profil.012
20:11:13 | INFO: Blender create Mesh node M3_01_dik_profil.013
20:11:13 | INFO: Blender create Mesh node M3_01_dik_profil.014
20:11:13 | INFO: Blender create Mesh node M3_01_dik_profil.015
20:11:13 | INFO: Blender create Mesh node M3_01_dik_profil.016
20:11:13 | INFO: Blender create Mesh node M3_01_dik_profil.017
20:11:13 | INFO: Blender create Mesh node M3_01_dik_profil.018
20:11:13 | INFO: Blender create Mesh node M3_01_dik_profil.019
20:11:13 | INFO: Blender create Mesh node M3_01_dik_profil.020
20:11:13 | INFO: Blender create Mesh node M3_01_dik_profil.021
20:11:13 | INFO: Blender create Mesh node M3_01_dik_profil.022
20:11:13 | INFO: Blender create Mesh node M3_01_dik_profil.023
20:11:13 | INFO: Blender create Mesh node M3_01_esik_doseme.001
20:11:13 | INFO: Blender create Mesh node M3_01_gobek.006
20:11:13 | INFO: Blender create Mesh node M3_01_gobek.007
20:11:13 | INFO: Blender create Mesh node M3_01_gobek.008
20:11:13 | INFO: Blender create Mesh node M3_01_gobek.009
20:11:13 | INFO: Blender create Mesh node M3_01_gobek.010
20:11:13 | INFO: Blender create Mesh node M3_01_gobek.011
20:11:13 | INFO: Blender create Mesh node M3_01_kanat.001
20:11:13 | INFO: Blender create Mesh node M3_01_kasa.002
20:11:13 | INFO: Blender create Mesh node M3_01_kasa.003
20:11:13 | INFO: Blender create Mesh node M3_01_kulp
20:11:13 | INFO: Blender create Mesh node M3_01_kulp.001
20:11:13 | INFO: Blender create Mesh node M3_01_mentese
20:11:13 | INFO: Blender create Mesh node M3_01_mentese.001
20:11:13 | INFO: Blender create Mesh node M3_01_mentese.002
20:11:13 | INFO: Blender create Mesh node M3_01_pervaz.004
20:11:13 | INFO: Blender create Mesh node M3_01_pervaz.005
20:11:13 | INFO: Blender create Mesh node M3_01_pervaz.006
20:11:13 | INFO: Blender create Mesh node M3_01_pervaz.007
20:11:13 | INFO: Blender create Mesh node M3_01_ust_kasa.001
20:11:13 | INFO: Blender create Mesh node M3_01_ust_pervaz.002
20:11:13 | INFO: Blender create Mesh node M3_01_ust_pervaz.003
20:11:13 | INFO: Blender create Mesh node M3_01_yatay_profil.012
20:11:13 | INFO: Blender create Mesh node M3_01_yatay_profil.013
20:11:13 | INFO: Blender create Mesh node M3_01_yatay_profil.014
20:11:13 | INFO: Blender create Mesh node M3_01_yatay_profil.015
20:11:13 | INFO: Blender create Mesh node M3_01_yatay_profil.016
20:11:13 | INFO: Blender create Mesh node M3_01_yatay_profil.017
20:11:13 | INFO: Blender create Mesh node M3_01_yatay_profil.018
20:11:13 | INFO: Blender create Mesh node M3_01_yatay_profil.019
20:11:13 | INFO: Blender create Mesh node M3_01_yatay_profil.020
20:11:13 | INFO: Blender create Mesh node M3_01_yatay_profil.021
20:11:13 | INFO: Blender create Mesh node M3_01_yatay_profil.022
20:11:13 | INFO: Blender create Mesh node M3_01_yatay_profil.023
20:11:13 | INFO: Blender create Mesh node M3_02_dik_profil.024
20:11:13 | INFO: Blender create Mesh node M3_02_dik_profil.025
20:11:13 | INFO: Blender create Mesh node M3_02_dik_profil.026
20:11:13 | INFO: Blender create Mesh node M3_02_dik_profil.027
20:11:13 | INFO: Blender create Mesh node M3_02_dik_profil.028
20:11:13 | INFO: Blender create Mesh node M3_02_dik_profil.029
20:11:13 | INFO: Blender create Mesh node M3_02_dik_profil.030
20:11:13 | INFO: Blender create Mesh node M3_02_dik_profil.031
20:11:13 | INFO: Blender create Mesh node M3_02_dik_profil.032
20:11:13 | INFO: Blender create Mesh node M3_02_dik_profil.033
20:11:13 | INFO: Blender create Mesh node M3_02_dik_profil.034
20:11:13 | INFO: Blender create Mesh node M3_02_dik_profil.035
20:11:13 | INFO: Blender create Mesh node M3_02_dik_profil.036
20:11:13 | INFO: Blender create Mesh node M3_02_dik_profil.037
20:11:13 | INFO: Blender create Mesh node M3_02_dik_profil.038
20:11:13 | INFO: Blender create Mesh node M3_02_dik_profil.039
20:11:13 | INFO: Blender create Mesh node M3_02_dik_profil.040
20:11:13 | INFO: Blender create Mesh node M3_02_dik_profil.041
20:11:13 | INFO: Blender create Mesh node M3_02_dik_profil.042
20:11:13 | INFO: Blender create Mesh node M3_02_dik_profil.043
20:11:13 | INFO: Blender create Mesh node M3_02_dik_profil.044
20:11:13 | INFO: Blender create Mesh node M3_02_dik_profil.045
20:11:13 | INFO: Blender create Mesh node M3_02_dik_profil.046
20:11:13 | INFO: Blender create Mesh node M3_02_dik_profil.047
20:11:13 | INFO: Blender create Mesh node M3_02_esik_doseme.001
20:11:13 | INFO: Blender create Mesh node M3_02_gobek.012
20:11:13 | INFO: Blender create Mesh node M3_02_gobek.013
20:11:13 | INFO: Blender create Mesh node M3_02_gobek.014
20:11:13 | INFO: Blender create Mesh node M3_02_gobek.015
20:11:13 | INFO: Blender create Mesh node M3_02_gobek.016
20:11:13 | INFO: Blender create Mesh node M3_02_gobek.017
20:11:13 | INFO: Blender create Mesh node M3_02_gobek.018
20:11:13 | INFO: Blender create Mesh node M3_02_gobek.019
20:11:13 | INFO: Blender create Mesh node M3_02_gobek.020
20:11:13 | INFO: Blender create Mesh node M3_02_gobek.021
20:11:13 | INFO: Blender create Mesh node M3_02_gobek.022
20:11:13 | INFO: Blender create Mesh node M3_02_gobek.023
20:11:13 | INFO: Blender create Mesh node M3_02_kanat.001
20:11:13 | INFO: Blender create Mesh node M3_02_kasa.002
20:11:13 | INFO: Blender create Mesh node M3_02_kasa.003
20:11:13 | INFO: Blender create Mesh node M3_02_mentese
20:11:13 | INFO: Blender create Mesh node M3_02_mentese.001
20:11:13 | INFO: Blender create Mesh node M3_02_mentese.002
20:11:13 | INFO: Blender create Mesh node M3_02_pervaz.004
20:11:13 | INFO: Blender create Mesh node M3_02_pervaz.005
20:11:13 | INFO: Blender create Mesh node M3_02_pervaz.006
20:11:13 | INFO: Blender create Mesh node M3_02_pervaz.007
20:11:13 | INFO: Blender create Mesh node Sphere.009
20:11:13 | INFO: Blender create Mesh node Sphere.010
20:11:13 | INFO: Blender create Mesh node M3_02_topuz_mili
20:11:13 | INFO: Blender create Mesh node M3_02_topuz_mili.001
20:11:13 | INFO: Blender create Mesh node M3_02_ust_kasa.001
20:11:13 | INFO: Blender create Mesh node M3_02_ust_pervaz.002
20:11:13 | INFO: Blender create Mesh node M3_02_ust_pervaz.003
20:11:13 | INFO: Blender create Mesh node M3_02_yatay_profil.024
20:11:13 | INFO: Blender create Mesh node M3_02_yatay_profil.025
20:11:13 | INFO: Blender create Mesh node M3_02_yatay_profil.026
20:11:13 | INFO: Blender create Mesh node M3_02_yatay_profil.027
20:11:13 | INFO: Blender create Mesh node M3_02_yatay_profil.028
20:11:13 | INFO: Blender create Mesh node M3_02_yatay_profil.029
20:11:13 | INFO: Blender create Mesh node M3_02_yatay_profil.030
20:11:13 | INFO: Blender create Mesh node M3_02_yatay_profil.031
20:11:13 | INFO: Blender create Mesh node M3_02_yatay_profil.032
20:11:13 | INFO: Blender create Mesh node M3_02_yatay_profil.033
20:11:13 | INFO: Blender create Mesh node M3_02_yatay_profil.034
20:11:13 | INFO: Blender create Mesh node M3_02_yatay_profil.035
20:11:13 | INFO: Blender create Mesh node M3_02_yatay_profil.036
20:11:13 | INFO: Blender create Mesh node M3_02_yatay_profil.037
20:11:13 | INFO: Blender create Mesh node M3_02_yatay_profil.038
20:11:13 | INFO: Blender create Mesh node M3_02_yatay_profil.039
20:11:13 | INFO: Blender create Mesh node M3_02_yatay_profil.040
20:11:13 | INFO: Blender create Mesh node M3_02_yatay_profil.041
20:11:13 | INFO: Blender create Mesh node M3_02_yatay_profil.042
20:11:13 | INFO: Blender create Mesh node M3_02_yatay_profil.043
20:11:13 | INFO: Blender create Mesh node M3_02_yatay_profil.044
20:11:13 | INFO: Blender create Mesh node M3_02_yatay_profil.045
20:11:13 | INFO: Blender create Mesh node M3_02_yatay_profil.046
20:11:13 | INFO: Blender create Mesh node M3_02_yatay_profil.047
20:11:13 | INFO: Blender create Mesh node M3_03_dik_profil.024
20:11:13 | INFO: Blender create Mesh node M3_03_dik_profil.025
20:11:13 | INFO: Blender create Mesh node M3_03_dik_profil.026
20:11:13 | INFO: Blender create Mesh node M3_03_dik_profil.027
20:11:13 | INFO: Blender create Mesh node M3_03_dik_profil.028
20:11:13 | INFO: Blender create Mesh node M3_03_dik_profil.029
20:11:13 | INFO: Blender create Mesh node M3_03_dik_profil.030
20:11:13 | INFO: Blender create Mesh node M3_03_dik_profil.031
20:11:13 | INFO: Blender create Mesh node M3_03_dik_profil.032
20:11:13 | INFO: Blender create Mesh node M3_03_dik_profil.033
20:11:13 | INFO: Blender create Mesh node M3_03_dik_profil.034
20:11:13 | INFO: Blender create Mesh node M3_03_dik_profil.035
20:11:13 | INFO: Blender create Mesh node M3_03_dik_profil.036
20:11:13 | INFO: Blender create Mesh node M3_03_dik_profil.037
20:11:13 | INFO: Blender create Mesh node M3_03_dik_profil.038
20:11:13 | INFO: Blender create Mesh node M3_03_dik_profil.039
20:11:13 | INFO: Blender create Mesh node M3_03_dik_profil.040
20:11:13 | INFO: Blender create Mesh node M3_03_dik_profil.041
20:11:13 | INFO: Blender create Mesh node M3_03_dik_profil.042
20:11:13 | INFO: Blender create Mesh node M3_03_dik_profil.043
20:11:13 | INFO: Blender create Mesh node M3_03_dik_profil.044
20:11:13 | INFO: Blender create Mesh node M3_03_dik_profil.045
20:11:13 | INFO: Blender create Mesh node M3_03_dik_profil.046
20:11:13 | INFO: Blender create Mesh node M3_03_dik_profil.047
20:11:13 | INFO: Blender create Mesh node M3_03_esik_doseme.001
20:11:13 | INFO: Blender create Mesh node M3_03_gobek.012
20:11:13 | INFO: Blender create Mesh node M3_03_gobek.013
20:11:13 | INFO: Blender create Mesh node M3_03_gobek.014
20:11:13 | INFO: Blender create Mesh node M3_03_gobek.015
20:11:13 | INFO: Blender create Mesh node M3_03_gobek.016
20:11:13 | INFO: Blender create Mesh node M3_03_gobek.017
20:11:13 | INFO: Blender create Mesh node M3_03_gobek.018
20:11:13 | INFO: Blender create Mesh node M3_03_gobek.019
20:11:13 | INFO: Blender create Mesh node M3_03_gobek.020
20:11:13 | INFO: Blender create Mesh node M3_03_gobek.021
20:11:13 | INFO: Blender create Mesh node M3_03_gobek.022
20:11:13 | INFO: Blender create Mesh node M3_03_gobek.023
20:11:13 | INFO: Blender create Mesh node M3_03_kanat.001
20:11:13 | INFO: Blender create Mesh node M3_03_kasa.002
20:11:13 | INFO: Blender create Mesh node M3_03_kasa.003
20:11:13 | INFO: Blender create Mesh node M3_03_mentese
20:11:13 | INFO: Blender create Mesh node M3_03_mentese.001
20:11:13 | INFO: Blender create Mesh node M3_03_mentese.002
20:11:13 | INFO: Blender create Mesh node M3_03_pervaz.004
20:11:13 | INFO: Blender create Mesh node M3_03_pervaz.005
20:11:13 | INFO: Blender create Mesh node M3_03_pervaz.006
20:11:13 | INFO: Blender create Mesh node M3_03_pervaz.007
20:11:13 | INFO: Blender create Mesh node Sphere.011
20:11:13 | INFO: Blender create Mesh node Sphere.012
20:11:13 | INFO: Blender create Mesh node M3_03_topuz_mili
20:11:13 | INFO: Blender create Mesh node M3_03_topuz_mili.001
20:11:13 | INFO: Blender create Mesh node M3_03_ust_kasa.001
20:11:13 | INFO: Blender create Mesh node M3_03_ust_pervaz.002
20:11:13 | INFO: Blender create Mesh node M3_03_ust_pervaz.003
20:11:13 | INFO: Blender create Mesh node M3_03_yatay_profil.024
20:11:13 | INFO: Blender create Mesh node M3_03_yatay_profil.025
20:11:13 | INFO: Blender create Mesh node M3_03_yatay_profil.026
20:11:13 | INFO: Blender create Mesh node M3_03_yatay_profil.027
20:11:13 | INFO: Blender create Mesh node M3_03_yatay_profil.028
20:11:13 | INFO: Blender create Mesh node M3_03_yatay_profil.029
20:11:13 | INFO: Blender create Mesh node M3_03_yatay_profil.030
20:11:13 | INFO: Blender create Mesh node M3_03_yatay_profil.031
20:11:13 | INFO: Blender create Mesh node M3_03_yatay_profil.032
20:11:13 | INFO: Blender create Mesh node M3_03_yatay_profil.033
20:11:13 | INFO: Blender create Mesh node M3_03_yatay_profil.034
20:11:13 | INFO: Blender create Mesh node M3_03_yatay_profil.035
20:11:13 | INFO: Blender create Mesh node M3_03_yatay_profil.036
20:11:13 | INFO: Blender create Mesh node M3_03_yatay_profil.037
20:11:13 | INFO: Blender create Mesh node M3_03_yatay_profil.038
20:11:13 | INFO: Blender create Mesh node M3_03_yatay_profil.039
20:11:13 | INFO: Blender create Mesh node M3_03_yatay_profil.040
20:11:13 | INFO: Blender create Mesh node M3_03_yatay_profil.041
20:11:13 | INFO: Blender create Mesh node M3_03_yatay_profil.042
20:11:13 | INFO: Blender create Mesh node M3_03_yatay_profil.043
20:11:13 | INFO: Blender create Mesh node M3_03_yatay_profil.044
20:11:13 | INFO: Blender create Mesh node M3_03_yatay_profil.045
20:11:13 | INFO: Blender create Mesh node M3_03_yatay_profil.046
20:11:13 | INFO: Blender create Mesh node M3_03_yatay_profil.047
20:11:13 | INFO: Blender create Mesh node M3_04_dik_profil.024
20:11:13 | INFO: Blender create Mesh node M3_04_dik_profil.025
20:11:13 | INFO: Blender create Mesh node M3_04_dik_profil.026
20:11:13 | INFO: Blender create Mesh node M3_04_dik_profil.027
20:11:13 | INFO: Blender create Mesh node M3_04_dik_profil.028
20:11:13 | INFO: Blender create Mesh node M3_04_dik_profil.029
20:11:13 | INFO: Blender create Mesh node M3_04_dik_profil.030
20:11:13 | INFO: Blender create Mesh node M3_04_dik_profil.031
20:11:13 | INFO: Blender create Mesh node M3_04_dik_profil.032
20:11:13 | INFO: Blender create Mesh node M3_04_dik_profil.033
20:11:13 | INFO: Blender create Mesh node M3_04_dik_profil.034
20:11:13 | INFO: Blender create Mesh node M3_04_dik_profil.035
20:11:13 | INFO: Blender create Mesh node M3_04_dik_profil.036
20:11:13 | INFO: Blender create Mesh node M3_04_dik_profil.037
20:11:13 | INFO: Blender create Mesh node M3_04_dik_profil.038
20:11:13 | INFO: Blender create Mesh node M3_04_dik_profil.039
20:11:13 | INFO: Blender create Mesh node M3_04_dik_profil.040
20:11:13 | INFO: Blender create Mesh node M3_04_dik_profil.041
20:11:13 | INFO: Blender create Mesh node M3_04_dik_profil.042
20:11:13 | INFO: Blender create Mesh node M3_04_dik_profil.043
20:11:13 | INFO: Blender create Mesh node M3_04_dik_profil.044
20:11:13 | INFO: Blender create Mesh node M3_04_dik_profil.045
20:11:13 | INFO: Blender create Mesh node M3_04_dik_profil.046
20:11:13 | INFO: Blender create Mesh node M3_04_dik_profil.047
20:11:13 | INFO: Blender create Mesh node M3_04_esik_doseme.001
20:11:13 | INFO: Blender create Mesh node M3_04_gobek.012
20:11:13 | INFO: Blender create Mesh node M3_04_gobek.013
20:11:13 | INFO: Blender create Mesh node M3_04_gobek.014
20:11:13 | INFO: Blender create Mesh node M3_04_gobek.015
20:11:13 | INFO: Blender create Mesh node M3_04_gobek.016
20:11:13 | INFO: Blender create Mesh node M3_04_gobek.017
20:11:13 | INFO: Blender create Mesh node M3_04_gobek.018
20:11:13 | INFO: Blender create Mesh node M3_04_gobek.019
20:11:13 | INFO: Blender create Mesh node M3_04_gobek.020
20:11:13 | INFO: Blender create Mesh node M3_04_gobek.021
20:11:14 | INFO: Blender create Mesh node M3_04_gobek.022
20:11:14 | INFO: Blender create Mesh node M3_04_gobek.023
20:11:14 | INFO: Blender create Mesh node M3_04_kanat.001
20:11:14 | INFO: Blender create Mesh node M3_04_kasa.002
20:11:14 | INFO: Blender create Mesh node M3_04_kasa.003
20:11:14 | INFO: Blender create Mesh node M3_04_mentese
20:11:14 | INFO: Blender create Mesh node M3_04_mentese.001
20:11:14 | INFO: Blender create Mesh node M3_04_mentese.002
20:11:14 | INFO: Blender create Mesh node M3_04_pervaz.004
20:11:14 | INFO: Blender create Mesh node M3_04_pervaz.005
20:11:14 | INFO: Blender create Mesh node M3_04_pervaz.006
20:11:14 | INFO: Blender create Mesh node M3_04_pervaz.007
20:11:14 | INFO: Blender create Mesh node Sphere.013
20:11:14 | INFO: Blender create Mesh node Sphere.014
20:11:14 | INFO: Blender create Mesh node M3_04_topuz_mili
20:11:14 | INFO: Blender create Mesh node M3_04_topuz_mili.001
20:11:14 | INFO: Blender create Mesh node M3_04_ust_kasa.001
20:11:14 | INFO: Blender create Mesh node M3_04_ust_pervaz.002
20:11:14 | INFO: Blender create Mesh node M3_04_ust_pervaz.003
20:11:14 | INFO: Blender create Mesh node M3_04_yatay_profil.024
20:11:14 | INFO: Blender create Mesh node M3_04_yatay_profil.025
20:11:14 | INFO: Blender create Mesh node M3_04_yatay_profil.026
20:11:14 | INFO: Blender create Mesh node M3_04_yatay_profil.027
20:11:14 | INFO: Blender create Mesh node M3_04_yatay_profil.028
20:11:14 | INFO: Blender create Mesh node M3_04_yatay_profil.029
20:11:14 | INFO: Blender create Mesh node M3_04_yatay_profil.030
20:11:14 | INFO: Blender create Mesh node M3_04_yatay_profil.031
20:11:14 | INFO: Blender create Mesh node M3_04_yatay_profil.032
20:11:14 | INFO: Blender create Mesh node M3_04_yatay_profil.033
20:11:14 | INFO: Blender create Mesh node M3_04_yatay_profil.034
20:11:14 | INFO: Blender create Mesh node M3_04_yatay_profil.035
20:11:14 | INFO: Blender create Mesh node M3_04_yatay_profil.036
20:11:14 | INFO: Blender create Mesh node M3_04_yatay_profil.037
20:11:14 | INFO: Blender create Mesh node M3_04_yatay_profil.038
20:11:14 | INFO: Blender create Mesh node M3_04_yatay_profil.039
20:11:14 | INFO: Blender create Mesh node M3_04_yatay_profil.040
20:11:14 | INFO: Blender create Mesh node M3_04_yatay_profil.041
20:11:14 | INFO: Blender create Mesh node M3_04_yatay_profil.042
20:11:14 | INFO: Blender create Mesh node M3_04_yatay_profil.043
20:11:14 | INFO: Blender create Mesh node M3_04_yatay_profil.044
20:11:14 | INFO: Blender create Mesh node M3_04_yatay_profil.045
20:11:14 | INFO: Blender create Mesh node M3_04_yatay_profil.046
20:11:14 | INFO: Blender create Mesh node M3_04_yatay_profil.047
20:11:14 | INFO: Blender create Mesh node M3_05_dik_profil.024
20:11:14 | INFO: Blender create Mesh node M3_05_dik_profil.025
20:11:14 | INFO: Blender create Mesh node M3_05_dik_profil.026
20:11:14 | INFO: Blender create Mesh node M3_05_dik_profil.027
20:11:14 | INFO: Blender create Mesh node M3_05_dik_profil.028
20:11:14 | INFO: Blender create Mesh node M3_05_dik_profil.029
20:11:14 | INFO: Blender create Mesh node M3_05_dik_profil.030
20:11:14 | INFO: Blender create Mesh node M3_05_dik_profil.031
20:11:14 | INFO: Blender create Mesh node M3_05_dik_profil.032
20:11:14 | INFO: Blender create Mesh node M3_05_dik_profil.033
20:11:14 | INFO: Blender create Mesh node M3_05_dik_profil.034
20:11:14 | INFO: Blender create Mesh node M3_05_dik_profil.035
20:11:14 | INFO: Blender create Mesh node M3_05_dik_profil.036
20:11:14 | INFO: Blender create Mesh node M3_05_dik_profil.037
20:11:14 | INFO: Blender create Mesh node M3_05_dik_profil.038
20:11:14 | INFO: Blender create Mesh node M3_05_dik_profil.039
20:11:14 | INFO: Blender create Mesh node M3_05_dik_profil.040
20:11:14 | INFO: Blender create Mesh node M3_05_dik_profil.041
20:11:14 | INFO: Blender create Mesh node M3_05_dik_profil.042
20:11:14 | INFO: Blender create Mesh node M3_05_dik_profil.043
20:11:14 | INFO: Blender create Mesh node M3_05_dik_profil.044
20:11:14 | INFO: Blender create Mesh node M3_05_dik_profil.045
20:11:14 | INFO: Blender create Mesh node M3_05_dik_profil.046
20:11:14 | INFO: Blender create Mesh node M3_05_dik_profil.047
20:11:14 | INFO: Blender create Mesh node M3_05_esik_doseme.001
20:11:14 | INFO: Blender create Mesh node M3_05_gobek.012
20:11:14 | INFO: Blender create Mesh node M3_05_gobek.013
20:11:14 | INFO: Blender create Mesh node M3_05_gobek.014
20:11:14 | INFO: Blender create Mesh node M3_05_gobek.015
20:11:14 | INFO: Blender create Mesh node M3_05_gobek.016
20:11:14 | INFO: Blender create Mesh node M3_05_gobek.017
20:11:14 | INFO: Blender create Mesh node M3_05_gobek.018
20:11:14 | INFO: Blender create Mesh node M3_05_gobek.019
20:11:14 | INFO: Blender create Mesh node M3_05_gobek.020
20:11:14 | INFO: Blender create Mesh node M3_05_gobek.021
20:11:14 | INFO: Blender create Mesh node M3_05_gobek.022
20:11:14 | INFO: Blender create Mesh node M3_05_gobek.023
20:11:14 | INFO: Blender create Mesh node M3_05_kanat.001
20:11:14 | INFO: Blender create Mesh node M3_05_kasa.002
20:11:14 | INFO: Blender create Mesh node M3_05_kasa.003
20:11:14 | INFO: Blender create Mesh node M3_05_kulp
20:11:14 | INFO: Blender create Mesh node M3_05_kulp.001
20:11:14 | INFO: Blender create Mesh node M3_05_mentese
20:11:14 | INFO: Blender create Mesh node M3_05_mentese.001
20:11:14 | INFO: Blender create Mesh node M3_05_mentese.002
20:11:14 | INFO: Blender create Mesh node M3_05_pervaz.004
20:11:14 | INFO: Blender create Mesh node M3_05_pervaz.005
20:11:14 | INFO: Blender create Mesh node M3_05_pervaz.006
20:11:14 | INFO: Blender create Mesh node M3_05_pervaz.007
20:11:14 | INFO: Blender create Mesh node M3_05_ust_kasa.001
20:11:14 | INFO: Blender create Mesh node M3_05_ust_pervaz.002
20:11:14 | INFO: Blender create Mesh node M3_05_ust_pervaz.003
20:11:14 | INFO: Blender create Mesh node M3_05_yatay_profil.024
20:11:14 | INFO: Blender create Mesh node M3_05_yatay_profil.025
20:11:14 | INFO: Blender create Mesh node M3_05_yatay_profil.026
20:11:14 | INFO: Blender create Mesh node M3_05_yatay_profil.027
20:11:14 | INFO: Blender create Mesh node M3_05_yatay_profil.028
20:11:14 | INFO: Blender create Mesh node M3_05_yatay_profil.029
20:11:14 | INFO: Blender create Mesh node M3_05_yatay_profil.030
20:11:14 | INFO: Blender create Mesh node M3_05_yatay_profil.031
20:11:14 | INFO: Blender create Mesh node M3_05_yatay_profil.032
20:11:14 | INFO: Blender create Mesh node M3_05_yatay_profil.033
20:11:14 | INFO: Blender create Mesh node M3_05_yatay_profil.034
20:11:14 | INFO: Blender create Mesh node M3_05_yatay_profil.035
20:11:14 | INFO: Blender create Mesh node M3_05_yatay_profil.036
20:11:14 | INFO: Blender create Mesh node M3_05_yatay_profil.037
20:11:14 | INFO: Blender create Mesh node M3_05_yatay_profil.038
20:11:14 | INFO: Blender create Mesh node M3_05_yatay_profil.039
20:11:14 | INFO: Blender create Mesh node M3_05_yatay_profil.040
20:11:14 | INFO: Blender create Mesh node M3_05_yatay_profil.041
20:11:14 | INFO: Blender create Mesh node M3_05_yatay_profil.042
20:11:14 | INFO: Blender create Mesh node M3_05_yatay_profil.043
20:11:14 | INFO: Blender create Mesh node M3_05_yatay_profil.044
20:11:14 | INFO: Blender create Mesh node M3_05_yatay_profil.045
20:11:14 | INFO: Blender create Mesh node M3_05_yatay_profil.046
20:11:14 | INFO: Blender create Mesh node M3_05_yatay_profil.047
20:11:14 | INFO: Blender create Mesh node M3_06_dik_profil.024
20:11:14 | INFO: Blender create Mesh node M3_06_dik_profil.025
20:11:14 | INFO: Blender create Mesh node M3_06_dik_profil.026
20:11:14 | INFO: Blender create Mesh node M3_06_dik_profil.027
20:11:14 | INFO: Blender create Mesh node M3_06_dik_profil.028
20:11:14 | INFO: Blender create Mesh node M3_06_dik_profil.029
20:11:14 | INFO: Blender create Mesh node M3_06_dik_profil.030
20:11:14 | INFO: Blender create Mesh node M3_06_dik_profil.031
20:11:14 | INFO: Blender create Mesh node M3_06_dik_profil.032
20:11:14 | INFO: Blender create Mesh node M3_06_dik_profil.033
20:11:14 | INFO: Blender create Mesh node M3_06_dik_profil.034
20:11:14 | INFO: Blender create Mesh node M3_06_dik_profil.035
20:11:14 | INFO: Blender create Mesh node M3_06_dik_profil.036
20:11:14 | INFO: Blender create Mesh node M3_06_dik_profil.037
20:11:14 | INFO: Blender create Mesh node M3_06_dik_profil.038
20:11:14 | INFO: Blender create Mesh node M3_06_dik_profil.039
20:11:14 | INFO: Blender create Mesh node M3_06_dik_profil.040
20:11:14 | INFO: Blender create Mesh node M3_06_dik_profil.041
20:11:14 | INFO: Blender create Mesh node M3_06_dik_profil.042
20:11:14 | INFO: Blender create Mesh node M3_06_dik_profil.043
20:11:14 | INFO: Blender create Mesh node M3_06_dik_profil.044
20:11:14 | INFO: Blender create Mesh node M3_06_dik_profil.045
20:11:14 | INFO: Blender create Mesh node M3_06_dik_profil.046
20:11:14 | INFO: Blender create Mesh node M3_06_dik_profil.047
20:11:14 | INFO: Blender create Mesh node M3_06_esik_doseme.001
20:11:14 | INFO: Blender create Mesh node M3_06_gobek.012
20:11:14 | INFO: Blender create Mesh node M3_06_gobek.013
20:11:14 | INFO: Blender create Mesh node M3_06_gobek.014
20:11:14 | INFO: Blender create Mesh node M3_06_gobek.015
20:11:14 | INFO: Blender create Mesh node M3_06_gobek.016
20:11:14 | INFO: Blender create Mesh node M3_06_gobek.017
20:11:14 | INFO: Blender create Mesh node M3_06_gobek.018
20:11:14 | INFO: Blender create Mesh node M3_06_gobek.019
20:11:14 | INFO: Blender create Mesh node M3_06_gobek.020
20:11:14 | INFO: Blender create Mesh node M3_06_gobek.021
20:11:14 | INFO: Blender create Mesh node M3_06_gobek.022
20:11:14 | INFO: Blender create Mesh node M3_06_gobek.023
20:11:14 | INFO: Blender create Mesh node M3_06_kanat.001
20:11:14 | INFO: Blender create Mesh node M3_06_kasa.002
20:11:14 | INFO: Blender create Mesh node M3_06_kasa.003
20:11:14 | INFO: Blender create Mesh node M3_06_mentese
20:11:14 | INFO: Blender create Mesh node M3_06_mentese.001
20:11:14 | INFO: Blender create Mesh node M3_06_mentese.002
20:11:14 | INFO: Blender create Mesh node M3_06_pervaz.004
20:11:14 | INFO: Blender create Mesh node M3_06_pervaz.005
20:11:14 | INFO: Blender create Mesh node M3_06_pervaz.006
20:11:14 | INFO: Blender create Mesh node M3_06_pervaz.007
20:11:14 | INFO: Blender create Mesh node Sphere.015
20:11:14 | INFO: Blender create Mesh node Sphere.016
20:11:14 | INFO: Blender create Mesh node M3_06_topuz_mili
20:11:14 | INFO: Blender create Mesh node M3_06_topuz_mili.001
20:11:14 | INFO: Blender create Mesh node M3_06_ust_kasa.001
20:11:14 | INFO: Blender create Mesh node M3_06_ust_pervaz.002
20:11:14 | INFO: Blender create Mesh node M3_06_ust_pervaz.003
20:11:14 | INFO: Blender create Mesh node M3_06_yatay_profil.024
20:11:14 | INFO: Blender create Mesh node M3_06_yatay_profil.025
20:11:14 | INFO: Blender create Mesh node M3_06_yatay_profil.026
20:11:14 | INFO: Blender create Mesh node M3_06_yatay_profil.027
20:11:14 | INFO: Blender create Mesh node M3_06_yatay_profil.028
20:11:14 | INFO: Blender create Mesh node M3_06_yatay_profil.029
20:11:14 | INFO: Blender create Mesh node M3_06_yatay_profil.030
20:11:14 | INFO: Blender create Mesh node M3_06_yatay_profil.031
20:11:14 | INFO: Blender create Mesh node M3_06_yatay_profil.032
20:11:14 | INFO: Blender create Mesh node M3_06_yatay_profil.033
20:11:14 | INFO: Blender create Mesh node M3_06_yatay_profil.034
20:11:14 | INFO: Blender create Mesh node M3_06_yatay_profil.035
20:11:14 | INFO: Blender create Mesh node M3_06_yatay_profil.036
20:11:14 | INFO: Blender create Mesh node M3_06_yatay_profil.037
20:11:14 | INFO: Blender create Mesh node M3_06_yatay_profil.038
20:11:14 | INFO: Blender create Mesh node M3_06_yatay_profil.039
20:11:14 | INFO: Blender create Mesh node M3_06_yatay_profil.040
20:11:14 | INFO: Blender create Mesh node M3_06_yatay_profil.041
20:11:14 | INFO: Blender create Mesh node M3_06_yatay_profil.042
20:11:14 | INFO: Blender create Mesh node M3_06_yatay_profil.043
20:11:14 | INFO: Blender create Mesh node M3_06_yatay_profil.044
20:11:14 | INFO: Blender create Mesh node M3_06_yatay_profil.045
20:11:14 | INFO: Blender create Mesh node M3_06_yatay_profil.046
20:11:14 | INFO: Blender create Mesh node M3_06_yatay_profil.047
20:11:14 | INFO: Blender create Mesh node M3_07_dik_profil.024
20:11:14 | INFO: Blender create Mesh node M3_07_dik_profil.025
20:11:14 | INFO: Blender create Mesh node M3_07_dik_profil.026
20:11:14 | INFO: Blender create Mesh node M3_07_dik_profil.027
20:11:14 | INFO: Blender create Mesh node M3_07_dik_profil.028
20:11:14 | INFO: Blender create Mesh node M3_07_dik_profil.029
20:11:14 | INFO: Blender create Mesh node M3_07_dik_profil.030
20:11:14 | INFO: Blender create Mesh node M3_07_dik_profil.031
20:11:14 | INFO: Blender create Mesh node M3_07_dik_profil.032
20:11:14 | INFO: Blender create Mesh node M3_07_dik_profil.033
20:11:14 | INFO: Blender create Mesh node M3_07_dik_profil.034
20:11:14 | INFO: Blender create Mesh node M3_07_dik_profil.035
20:11:14 | INFO: Blender create Mesh node M3_07_dik_profil.036
20:11:14 | INFO: Blender create Mesh node M3_07_dik_profil.037
20:11:14 | INFO: Blender create Mesh node M3_07_dik_profil.038
20:11:14 | INFO: Blender create Mesh node M3_07_dik_profil.039
20:11:14 | INFO: Blender create Mesh node M3_07_dik_profil.040
20:11:14 | INFO: Blender create Mesh node M3_07_dik_profil.041
20:11:14 | INFO: Blender create Mesh node M3_07_dik_profil.042
20:11:14 | INFO: Blender create Mesh node M3_07_dik_profil.043
20:11:14 | INFO: Blender create Mesh node M3_07_dik_profil.044
20:11:14 | INFO: Blender create Mesh node M3_07_dik_profil.045
20:11:14 | INFO: Blender create Mesh node M3_07_dik_profil.046
20:11:14 | INFO: Blender create Mesh node M3_07_dik_profil.047
20:11:14 | INFO: Blender create Mesh node M3_07_esik_doseme.001
20:11:14 | INFO: Blender create Mesh node M3_07_gobek.012
20:11:14 | INFO: Blender create Mesh node M3_07_gobek.013
20:11:14 | INFO: Blender create Mesh node M3_07_gobek.014
20:11:14 | INFO: Blender create Mesh node M3_07_gobek.015
20:11:14 | INFO: Blender create Mesh node M3_07_gobek.016
20:11:14 | INFO: Blender create Mesh node M3_07_gobek.017
20:11:14 | INFO: Blender create Mesh node M3_07_gobek.018
20:11:14 | INFO: Blender create Mesh node M3_07_gobek.019
20:11:14 | INFO: Blender create Mesh node M3_07_gobek.020
20:11:14 | INFO: Blender create Mesh node M3_07_gobek.021
20:11:14 | INFO: Blender create Mesh node M3_07_gobek.022
20:11:14 | INFO: Blender create Mesh node M3_07_gobek.023
20:11:14 | INFO: Blender create Mesh node M3_07_kanat.001
20:11:14 | INFO: Blender create Mesh node M3_07_kasa.002
20:11:14 | INFO: Blender create Mesh node M3_07_kasa.003
20:11:14 | INFO: Blender create Mesh node M3_07_mentese
20:11:14 | INFO: Blender create Mesh node M3_07_mentese.001
20:11:14 | INFO: Blender create Mesh node M3_07_mentese.002
20:11:14 | INFO: Blender create Mesh node M3_07_pervaz.004
20:11:14 | INFO: Blender create Mesh node M3_07_pervaz.005
20:11:14 | INFO: Blender create Mesh node M3_07_pervaz.006
20:11:14 | INFO: Blender create Mesh node M3_07_pervaz.007
20:11:14 | INFO: Blender create Mesh node Sphere.017
20:11:14 | INFO: Blender create Mesh node Sphere.018
20:11:14 | INFO: Blender create Mesh node M3_07_topuz_mili
20:11:14 | INFO: Blender create Mesh node M3_07_topuz_mili.001
20:11:14 | INFO: Blender create Mesh node M3_07_ust_kasa.001
20:11:14 | INFO: Blender create Mesh node M3_07_ust_pervaz.002
20:11:15 | INFO: Blender create Mesh node M3_07_ust_pervaz.003
20:11:15 | INFO: Blender create Mesh node M3_07_yatay_profil.024
20:11:15 | INFO: Blender create Mesh node M3_07_yatay_profil.025
20:11:15 | INFO: Blender create Mesh node M3_07_yatay_profil.026
20:11:15 | INFO: Blender create Mesh node M3_07_yatay_profil.027
20:11:15 | INFO: Blender create Mesh node M3_07_yatay_profil.028
20:11:15 | INFO: Blender create Mesh node M3_07_yatay_profil.029
20:11:15 | INFO: Blender create Mesh node M3_07_yatay_profil.030
20:11:15 | INFO: Blender create Mesh node M3_07_yatay_profil.031
20:11:15 | INFO: Blender create Mesh node M3_07_yatay_profil.032
20:11:15 | INFO: Blender create Mesh node M3_07_yatay_profil.033
20:11:15 | INFO: Blender create Mesh node M3_07_yatay_profil.034
20:11:15 | INFO: Blender create Mesh node M3_07_yatay_profil.035
20:11:15 | INFO: Blender create Mesh node M3_07_yatay_profil.036
20:11:15 | INFO: Blender create Mesh node M3_07_yatay_profil.037
20:11:15 | INFO: Blender create Mesh node M3_07_yatay_profil.038
20:11:15 | INFO: Blender create Mesh node M3_07_yatay_profil.039
20:11:15 | INFO: Blender create Mesh node M3_07_yatay_profil.040
20:11:15 | INFO: Blender create Mesh node M3_07_yatay_profil.041
20:11:15 | INFO: Blender create Mesh node M3_07_yatay_profil.042
20:11:15 | INFO: Blender create Mesh node M3_07_yatay_profil.043
20:11:15 | INFO: Blender create Mesh node M3_07_yatay_profil.044
20:11:15 | INFO: Blender create Mesh node M3_07_yatay_profil.045
20:11:15 | INFO: Blender create Mesh node M3_07_yatay_profil.046
20:11:15 | INFO: Blender create Mesh node M3_07_yatay_profil.047
20:11:15 | INFO: Blender create Mesh node M3_08_dik_profil.024
20:11:15 | INFO: Blender create Mesh node M3_08_dik_profil.025
20:11:15 | INFO: Blender create Mesh node M3_08_dik_profil.026
20:11:15 | INFO: Blender create Mesh node M3_08_dik_profil.027
20:11:15 | INFO: Blender create Mesh node M3_08_dik_profil.028
20:11:15 | INFO: Blender create Mesh node M3_08_dik_profil.029
20:11:15 | INFO: Blender create Mesh node M3_08_dik_profil.030
20:11:15 | INFO: Blender create Mesh node M3_08_dik_profil.031
20:11:15 | INFO: Blender create Mesh node M3_08_dik_profil.032
20:11:15 | INFO: Blender create Mesh node M3_08_dik_profil.033
20:11:15 | INFO: Blender create Mesh node M3_08_dik_profil.034
20:11:15 | INFO: Blender create Mesh node M3_08_dik_profil.035
20:11:15 | INFO: Blender create Mesh node M3_08_dik_profil.036
20:11:15 | INFO: Blender create Mesh node M3_08_dik_profil.037
20:11:15 | INFO: Blender create Mesh node M3_08_dik_profil.038
20:11:15 | INFO: Blender create Mesh node M3_08_dik_profil.039
20:11:15 | INFO: Blender create Mesh node M3_08_dik_profil.040
20:11:15 | INFO: Blender create Mesh node M3_08_dik_profil.041
20:11:15 | INFO: Blender create Mesh node M3_08_dik_profil.042
20:11:15 | INFO: Blender create Mesh node M3_08_dik_profil.043
20:11:15 | INFO: Blender create Mesh node M3_08_dik_profil.044
20:11:15 | INFO: Blender create Mesh node M3_08_dik_profil.045
20:11:15 | INFO: Blender create Mesh node M3_08_dik_profil.046
20:11:15 | INFO: Blender create Mesh node M3_08_dik_profil.047
20:11:15 | INFO: Blender create Mesh node M3_08_esik_doseme.001
20:11:15 | INFO: Blender create Mesh node M3_08_gobek.012
20:11:15 | INFO: Blender create Mesh node M3_08_gobek.013
20:11:15 | INFO: Blender create Mesh node M3_08_gobek.014
20:11:15 | INFO: Blender create Mesh node M3_08_gobek.015
20:11:15 | INFO: Blender create Mesh node M3_08_gobek.016
20:11:15 | INFO: Blender create Mesh node M3_08_gobek.017
20:11:15 | INFO: Blender create Mesh node M3_08_gobek.018
20:11:15 | INFO: Blender create Mesh node M3_08_gobek.019
20:11:15 | INFO: Blender create Mesh node M3_08_gobek.020
20:11:15 | INFO: Blender create Mesh node M3_08_gobek.021
20:11:15 | INFO: Blender create Mesh node M3_08_gobek.022
20:11:15 | INFO: Blender create Mesh node M3_08_gobek.023
20:11:15 | INFO: Blender create Mesh node M3_08_kanat.001
20:11:15 | INFO: Blender create Mesh node M3_08_kasa.002
20:11:15 | INFO: Blender create Mesh node M3_08_kasa.003
20:11:15 | INFO: Blender create Mesh node M3_08_mentese
20:11:15 | INFO: Blender create Mesh node M3_08_mentese.001
20:11:15 | INFO: Blender create Mesh node M3_08_mentese.002
20:11:15 | INFO: Blender create Mesh node M3_08_pervaz.004
20:11:15 | INFO: Blender create Mesh node M3_08_pervaz.005
20:11:15 | INFO: Blender create Mesh node M3_08_pervaz.006
20:11:15 | INFO: Blender create Mesh node M3_08_pervaz.007
20:11:15 | INFO: Blender create Mesh node Sphere.019
20:11:15 | INFO: Blender create Mesh node Sphere.020
20:11:15 | INFO: Blender create Mesh node M3_08_topuz_mili
20:11:15 | INFO: Blender create Mesh node M3_08_topuz_mili.001
20:11:15 | INFO: Blender create Mesh node M3_08_ust_kasa.001
20:11:15 | INFO: Blender create Mesh node M3_08_ust_pervaz.002
20:11:15 | INFO: Blender create Mesh node M3_08_ust_pervaz.003
20:11:15 | INFO: Blender create Mesh node M3_08_yatay_profil.024
20:11:15 | INFO: Blender create Mesh node M3_08_yatay_profil.025
20:11:15 | INFO: Blender create Mesh node M3_08_yatay_profil.026
20:11:15 | INFO: Blender create Mesh node M3_08_yatay_profil.027
20:11:15 | INFO: Blender create Mesh node M3_08_yatay_profil.028
20:11:15 | INFO: Blender create Mesh node M3_08_yatay_profil.029
20:11:15 | INFO: Blender create Mesh node M3_08_yatay_profil.030
20:11:15 | INFO: Blender create Mesh node M3_08_yatay_profil.031
20:11:15 | INFO: Blender create Mesh node M3_08_yatay_profil.032
20:11:15 | INFO: Blender create Mesh node M3_08_yatay_profil.033
20:11:15 | INFO: Blender create Mesh node M3_08_yatay_profil.034
20:11:15 | INFO: Blender create Mesh node M3_08_yatay_profil.035
20:11:15 | INFO: Blender create Mesh node M3_08_yatay_profil.036
20:11:15 | INFO: Blender create Mesh node M3_08_yatay_profil.037
20:11:15 | INFO: Blender create Mesh node M3_08_yatay_profil.038
20:11:15 | INFO: Blender create Mesh node M3_08_yatay_profil.039
20:11:15 | INFO: Blender create Mesh node M3_08_yatay_profil.040
20:11:15 | INFO: Blender create Mesh node M3_08_yatay_profil.041
20:11:15 | INFO: Blender create Mesh node M3_08_yatay_profil.042
20:11:15 | INFO: Blender create Mesh node M3_08_yatay_profil.043
20:11:15 | INFO: Blender create Mesh node M3_08_yatay_profil.044
20:11:15 | INFO: Blender create Mesh node M3_08_yatay_profil.045
20:11:15 | INFO: Blender create Mesh node M3_08_yatay_profil.046
20:11:15 | INFO: Blender create Mesh node M3_08_yatay_profil.047
20:11:15 | INFO: Blender create Mesh node M3_09_dik_profil.024
20:11:15 | INFO: Blender create Mesh node M3_09_dik_profil.025
20:11:15 | INFO: Blender create Mesh node M3_09_dik_profil.026
20:11:15 | INFO: Blender create Mesh node M3_09_dik_profil.027
20:11:15 | INFO: Blender create Mesh node M3_09_dik_profil.028
20:11:15 | INFO: Blender create Mesh node M3_09_dik_profil.029
20:11:15 | INFO: Blender create Mesh node M3_09_dik_profil.030
20:11:15 | INFO: Blender create Mesh node M3_09_dik_profil.031
20:11:15 | INFO: Blender create Mesh node M3_09_dik_profil.032
20:11:15 | INFO: Blender create Mesh node M3_09_dik_profil.033
20:11:15 | INFO: Blender create Mesh node M3_09_dik_profil.034
20:11:15 | INFO: Blender create Mesh node M3_09_dik_profil.035
20:11:15 | INFO: Blender create Mesh node M3_09_dik_profil.036
20:11:15 | INFO: Blender create Mesh node M3_09_dik_profil.037
20:11:15 | INFO: Blender create Mesh node M3_09_dik_profil.038
20:11:15 | INFO: Blender create Mesh node M3_09_dik_profil.039
20:11:15 | INFO: Blender create Mesh node M3_09_dik_profil.040
20:11:15 | INFO: Blender create Mesh node M3_09_dik_profil.041
20:11:15 | INFO: Blender create Mesh node M3_09_dik_profil.042
20:11:15 | INFO: Blender create Mesh node M3_09_dik_profil.043
20:11:15 | INFO: Blender create Mesh node M3_09_dik_profil.044
20:11:15 | INFO: Blender create Mesh node M3_09_dik_profil.045
20:11:15 | INFO: Blender create Mesh node M3_09_dik_profil.046
20:11:15 | INFO: Blender create Mesh node M3_09_dik_profil.047
20:11:15 | INFO: Blender create Mesh node M3_09_esik_doseme.001
20:11:15 | INFO: Blender create Mesh node M3_09_gobek.012
20:11:15 | INFO: Blender create Mesh node M3_09_gobek.013
20:11:15 | INFO: Blender create Mesh node M3_09_gobek.014
20:11:15 | INFO: Blender create Mesh node M3_09_gobek.015
20:11:15 | INFO: Blender create Mesh node M3_09_gobek.016
20:11:15 | INFO: Blender create Mesh node M3_09_gobek.017
20:11:15 | INFO: Blender create Mesh node M3_09_gobek.018
20:11:15 | INFO: Blender create Mesh node M3_09_gobek.019
20:11:15 | INFO: Blender create Mesh node M3_09_gobek.020
20:11:15 | INFO: Blender create Mesh node M3_09_gobek.021
20:11:15 | INFO: Blender create Mesh node M3_09_gobek.022
20:11:15 | INFO: Blender create Mesh node M3_09_gobek.023
20:11:15 | INFO: Blender create Mesh node M3_09_kanat.001
20:11:15 | INFO: Blender create Mesh node M3_09_kasa.002
20:11:15 | INFO: Blender create Mesh node M3_09_kasa.003
20:11:15 | INFO: Blender create Mesh node M3_09_mentese
20:11:15 | INFO: Blender create Mesh node M3_09_mentese.001
20:11:15 | INFO: Blender create Mesh node M3_09_mentese.002
20:11:15 | INFO: Blender create Mesh node M3_09_pervaz.004
20:11:15 | INFO: Blender create Mesh node M3_09_pervaz.005
20:11:15 | INFO: Blender create Mesh node M3_09_pervaz.006
20:11:15 | INFO: Blender create Mesh node M3_09_pervaz.007
20:11:15 | INFO: Blender create Mesh node Sphere.021
20:11:15 | INFO: Blender create Mesh node Sphere.022
20:11:15 | INFO: Blender create Mesh node M3_09_topuz_mili
20:11:15 | INFO: Blender create Mesh node M3_09_topuz_mili.001
20:11:15 | INFO: Blender create Mesh node M3_09_ust_kasa.001
20:11:15 | INFO: Blender create Mesh node M3_09_ust_pervaz.002
20:11:15 | INFO: Blender create Mesh node M3_09_ust_pervaz.003
20:11:15 | INFO: Blender create Mesh node M3_09_yatay_profil.024
20:11:15 | INFO: Blender create Mesh node M3_09_yatay_profil.025
20:11:15 | INFO: Blender create Mesh node M3_09_yatay_profil.026
20:11:15 | INFO: Blender create Mesh node M3_09_yatay_profil.027
20:11:15 | INFO: Blender create Mesh node M3_09_yatay_profil.028
20:11:15 | INFO: Blender create Mesh node M3_09_yatay_profil.029
20:11:15 | INFO: Blender create Mesh node M3_09_yatay_profil.030
20:11:15 | INFO: Blender create Mesh node M3_09_yatay_profil.031
20:11:15 | INFO: Blender create Mesh node M3_09_yatay_profil.032
20:11:15 | INFO: Blender create Mesh node M3_09_yatay_profil.033
20:11:15 | INFO: Blender create Mesh node M3_09_yatay_profil.034
20:11:15 | INFO: Blender create Mesh node M3_09_yatay_profil.035
20:11:15 | INFO: Blender create Mesh node M3_09_yatay_profil.036
20:11:15 | INFO: Blender create Mesh node M3_09_yatay_profil.037
20:11:15 | INFO: Blender create Mesh node M3_09_yatay_profil.038
20:11:15 | INFO: Blender create Mesh node M3_09_yatay_profil.039
20:11:15 | INFO: Blender create Mesh node M3_09_yatay_profil.040
20:11:15 | INFO: Blender create Mesh node M3_09_yatay_profil.041
20:11:15 | INFO: Blender create Mesh node M3_09_yatay_profil.042
20:11:15 | INFO: Blender create Mesh node M3_09_yatay_profil.043
20:11:15 | INFO: Blender create Mesh node M3_09_yatay_profil.044
20:11:15 | INFO: Blender create Mesh node M3_09_yatay_profil.045
20:11:15 | INFO: Blender create Mesh node M3_09_yatay_profil.046
20:11:15 | INFO: Blender create Mesh node M3_09_yatay_profil.047
20:11:15 | INFO: Blender create Mesh node M3_10_dik_profil.024
20:11:15 | INFO: Blender create Mesh node M3_10_dik_profil.025
20:11:15 | INFO: Blender create Mesh node M3_10_dik_profil.026
20:11:15 | INFO: Blender create Mesh node M3_10_dik_profil.027
20:11:15 | INFO: Blender create Mesh node M3_10_dik_profil.028
20:11:15 | INFO: Blender create Mesh node M3_10_dik_profil.029
20:11:15 | INFO: Blender create Mesh node M3_10_dik_profil.030
20:11:15 | INFO: Blender create Mesh node M3_10_dik_profil.031
20:11:15 | INFO: Blender create Mesh node M3_10_dik_profil.032
20:11:15 | INFO: Blender create Mesh node M3_10_dik_profil.033
20:11:15 | INFO: Blender create Mesh node M3_10_dik_profil.034
20:11:15 | INFO: Blender create Mesh node M3_10_dik_profil.035
20:11:15 | INFO: Blender create Mesh node M3_10_dik_profil.036
20:11:15 | INFO: Blender create Mesh node M3_10_dik_profil.037
20:11:15 | INFO: Blender create Mesh node M3_10_dik_profil.038
20:11:15 | INFO: Blender create Mesh node M3_10_dik_profil.039
20:11:15 | INFO: Blender create Mesh node M3_10_dik_profil.040
20:11:15 | INFO: Blender create Mesh node M3_10_dik_profil.041
20:11:15 | INFO: Blender create Mesh node M3_10_dik_profil.042
20:11:15 | INFO: Blender create Mesh node M3_10_dik_profil.043
20:11:15 | INFO: Blender create Mesh node M3_10_dik_profil.044
20:11:15 | INFO: Blender create Mesh node M3_10_dik_profil.045
20:11:15 | INFO: Blender create Mesh node M3_10_dik_profil.046
20:11:15 | INFO: Blender create Mesh node M3_10_dik_profil.047
20:11:15 | INFO: Blender create Mesh node M3_10_doseme_boslugu.001
20:11:15 | INFO: Blender create Mesh node M3_10_esik_doseme.001
20:11:15 | INFO: Blender create Mesh node M3_10_gobek.012
20:11:15 | INFO: Blender create Mesh node M3_10_gobek.013
20:11:15 | INFO: Blender create Mesh node M3_10_gobek.014
20:11:15 | INFO: Blender create Mesh node M3_10_gobek.015
20:11:15 | INFO: Blender create Mesh node M3_10_gobek.016
20:11:15 | INFO: Blender create Mesh node M3_10_gobek.017
20:11:15 | INFO: Blender create Mesh node M3_10_gobek.018
20:11:15 | INFO: Blender create Mesh node M3_10_gobek.019
20:11:15 | INFO: Blender create Mesh node M3_10_gobek.020
20:11:15 | INFO: Blender create Mesh node M3_10_gobek.021
20:11:15 | INFO: Blender create Mesh node M3_10_gobek.022
20:11:15 | INFO: Blender create Mesh node M3_10_gobek.023
20:11:15 | INFO: Blender create Mesh node M3_10_kanat.001
20:11:15 | INFO: Blender create Mesh node M3_10_kasa.002
20:11:15 | INFO: Blender create Mesh node M3_10_kasa.003
20:11:15 | INFO: Blender create Mesh node M3_10_mentese
20:11:15 | INFO: Blender create Mesh node M3_10_mentese.001
20:11:15 | INFO: Blender create Mesh node M3_10_mentese.002
20:11:15 | INFO: Blender create Mesh node M3_10_pervaz.004
20:11:15 | INFO: Blender create Mesh node M3_10_pervaz.005
20:11:15 | INFO: Blender create Mesh node M3_10_pervaz.006
20:11:15 | INFO: Blender create Mesh node M3_10_pervaz.007
20:11:15 | INFO: Blender create Mesh node Sphere.023
20:11:15 | INFO: Blender create Mesh node Sphere.024
20:11:15 | INFO: Blender create Mesh node M3_10_topuz_mili
20:11:15 | INFO: Blender create Mesh node M3_10_topuz_mili.001
20:11:15 | INFO: Blender create Mesh node M3_10_ust_kasa.001
20:11:15 | INFO: Blender create Mesh node M3_10_ust_pervaz.002
20:11:15 | INFO: Blender create Mesh node M3_10_ust_pervaz.003
20:11:15 | INFO: Blender create Mesh node M3_10_yatay_profil.024
20:11:15 | INFO: Blender create Mesh node M3_10_yatay_profil.025
20:11:15 | INFO: Blender create Mesh node M3_10_yatay_profil.026
20:11:15 | INFO: Blender create Mesh node M3_10_yatay_profil.027
20:11:15 | INFO: Blender create Mesh node M3_10_yatay_profil.028
20:11:15 | INFO: Blender create Mesh node M3_10_yatay_profil.029
20:11:15 | INFO: Blender create Mesh node M3_10_yatay_profil.030
20:11:15 | INFO: Blender create Mesh node M3_10_yatay_profil.031
20:11:15 | INFO: Blender create Mesh node M3_10_yatay_profil.032
20:11:15 | INFO: Blender create Mesh node M3_10_yatay_profil.033
20:11:15 | INFO: Blender create Mesh node M3_10_yatay_profil.034
20:11:15 | INFO: Blender create Mesh node M3_10_yatay_profil.035
20:11:15 | INFO: Blender create Mesh node M3_10_yatay_profil.036
20:11:15 | INFO: Blender create Mesh node M3_10_yatay_profil.037
20:11:15 | INFO: Blender create Mesh node M3_10_yatay_profil.038
20:11:15 | INFO: Blender create Mesh node M3_10_yatay_profil.039
20:11:15 | INFO: Blender create Mesh node M3_10_yatay_profil.040
20:11:15 | INFO: Blender create Mesh node M3_10_yatay_profil.041
20:11:15 | INFO: Blender create Mesh node M3_10_yatay_profil.042
20:11:16 | INFO: Blender create Mesh node M3_10_yatay_profil.043
20:11:16 | INFO: Blender create Mesh node M3_10_yatay_profil.044
20:11:16 | INFO: Blender create Mesh node M3_10_yatay_profil.045
20:11:16 | INFO: Blender create Mesh node M3_10_yatay_profil.046
20:11:16 | INFO: Blender create Mesh node M3_10_yatay_profil.047
20:11:16 | INFO: Blender create Mesh node M3_11_esik_doseme.001
20:11:16 | INFO: Blender create Mesh node M3_11_kanat.001
20:11:16 | INFO: Blender create Mesh node M3_11_kasa.002
20:11:16 | INFO: Blender create Mesh node M3_11_kasa.003
20:11:16 | INFO: Blender create Mesh node M3_11_kulp
20:11:16 | INFO: Blender create Mesh node M3_11_kulp.001
20:11:16 | INFO: Blender create Mesh node M3_11_mentese
20:11:16 | INFO: Blender create Mesh node M3_11_mentese.001
20:11:16 | INFO: Blender create Mesh node M3_11_mentese.002
20:11:16 | INFO: Blender create Mesh node M3_11_pervaz.004
20:11:16 | INFO: Blender create Mesh node M3_11_pervaz.005
20:11:16 | INFO: Blender create Mesh node M3_11_pervaz.006
20:11:16 | INFO: Blender create Mesh node M3_11_pervaz.007
20:11:16 | INFO: Blender create Mesh node M3_11_ust_kasa.001
20:11:16 | INFO: Blender create Mesh node M3_11_ust_pervaz.002
20:11:16 | INFO: Blender create Mesh node M3_11_ust_pervaz.003
20:11:16 | INFO: Blender create Mesh node M3_12_dik_profil.024
20:11:16 | INFO: Blender create Mesh node M3_12_dik_profil.025
20:11:16 | INFO: Blender create Mesh node M3_12_dik_profil.026
20:11:16 | INFO: Blender create Mesh node M3_12_dik_profil.027
20:11:16 | INFO: Blender create Mesh node M3_12_dik_profil.028
20:11:16 | INFO: Blender create Mesh node M3_12_dik_profil.029
20:11:16 | INFO: Blender create Mesh node M3_12_dik_profil.030
20:11:16 | INFO: Blender create Mesh node M3_12_dik_profil.031
20:11:16 | INFO: Blender create Mesh node M3_12_dik_profil.032
20:11:16 | INFO: Blender create Mesh node M3_12_dik_profil.033
20:11:16 | INFO: Blender create Mesh node M3_12_dik_profil.034
20:11:16 | INFO: Blender create Mesh node M3_12_dik_profil.035
20:11:16 | INFO: Blender create Mesh node M3_12_dik_profil.036
20:11:16 | INFO: Blender create Mesh node M3_12_dik_profil.037
20:11:16 | INFO: Blender create Mesh node M3_12_dik_profil.038
20:11:16 | INFO: Blender create Mesh node M3_12_dik_profil.039
20:11:16 | INFO: Blender create Mesh node M3_12_dik_profil.040
20:11:16 | INFO: Blender create Mesh node M3_12_dik_profil.041
20:11:16 | INFO: Blender create Mesh node M3_12_dik_profil.042
20:11:16 | INFO: Blender create Mesh node M3_12_dik_profil.043
20:11:16 | INFO: Blender create Mesh node M3_12_dik_profil.044
20:11:16 | INFO: Blender create Mesh node M3_12_dik_profil.045
20:11:16 | INFO: Blender create Mesh node M3_12_dik_profil.046
20:11:16 | INFO: Blender create Mesh node M3_12_dik_profil.047
20:11:16 | INFO: Blender create Mesh node M3_12_esik_doseme.001
20:11:16 | INFO: Blender create Mesh node M3_12_gobek.012
20:11:16 | INFO: Blender create Mesh node M3_12_gobek.013
20:11:16 | INFO: Blender create Mesh node M3_12_gobek.014
20:11:16 | INFO: Blender create Mesh node M3_12_gobek.015
20:11:16 | INFO: Blender create Mesh node M3_12_gobek.016
20:11:16 | INFO: Blender create Mesh node M3_12_gobek.017
20:11:16 | INFO: Blender create Mesh node M3_12_gobek.018
20:11:16 | INFO: Blender create Mesh node M3_12_gobek.019
20:11:16 | INFO: Blender create Mesh node M3_12_gobek.020
20:11:16 | INFO: Blender create Mesh node M3_12_gobek.021
20:11:16 | INFO: Blender create Mesh node M3_12_gobek.022
20:11:16 | INFO: Blender create Mesh node M3_12_gobek.023
20:11:16 | INFO: Blender create Mesh node M3_12_kanat.001
20:11:16 | INFO: Blender create Mesh node M3_12_kasa.002
20:11:16 | INFO: Blender create Mesh node M3_12_kasa.003
20:11:16 | INFO: Blender create Mesh node M3_12_mentese
20:11:16 | INFO: Blender create Mesh node M3_12_mentese.001
20:11:16 | INFO: Blender create Mesh node M3_12_mentese.002
20:11:16 | INFO: Blender create Mesh node M3_12_pervaz.004
20:11:16 | INFO: Blender create Mesh node M3_12_pervaz.005
20:11:16 | INFO: Blender create Mesh node M3_12_pervaz.006
20:11:16 | INFO: Blender create Mesh node M3_12_pervaz.007
20:11:16 | INFO: Blender create Mesh node Sphere.025
20:11:16 | INFO: Blender create Mesh node Sphere.026
20:11:16 | INFO: Blender create Mesh node M3_12_topuz_mili
20:11:16 | INFO: Blender create Mesh node M3_12_topuz_mili.001
20:11:16 | INFO: Blender create Mesh node M3_12_ust_kasa.001
20:11:16 | INFO: Blender create Mesh node M3_12_ust_pervaz.002
20:11:16 | INFO: Blender create Mesh node M3_12_ust_pervaz.003
20:11:16 | INFO: Blender create Mesh node M3_12_yatay_profil.024
20:11:16 | INFO: Blender create Mesh node M3_12_yatay_profil.025
20:11:16 | INFO: Blender create Mesh node M3_12_yatay_profil.026
20:11:16 | INFO: Blender create Mesh node M3_12_yatay_profil.027
20:11:16 | INFO: Blender create Mesh node M3_12_yatay_profil.028
20:11:16 | INFO: Blender create Mesh node M3_12_yatay_profil.029
20:11:16 | INFO: Blender create Mesh node M3_12_yatay_profil.030
20:11:16 | INFO: Blender create Mesh node M3_12_yatay_profil.031
20:11:16 | INFO: Blender create Mesh node M3_12_yatay_profil.032
20:11:16 | INFO: Blender create Mesh node M3_12_yatay_profil.033
20:11:16 | INFO: Blender create Mesh node M3_12_yatay_profil.034
20:11:16 | INFO: Blender create Mesh node M3_12_yatay_profil.035
20:11:16 | INFO: Blender create Mesh node M3_12_yatay_profil.036
20:11:16 | INFO: Blender create Mesh node M3_12_yatay_profil.037
20:11:16 | INFO: Blender create Mesh node M3_12_yatay_profil.038
20:11:16 | INFO: Blender create Mesh node M3_12_yatay_profil.039
20:11:16 | INFO: Blender create Mesh node M3_12_yatay_profil.040
20:11:16 | INFO: Blender create Mesh node M3_12_yatay_profil.041
20:11:16 | INFO: Blender create Mesh node M3_12_yatay_profil.042
20:11:16 | INFO: Blender create Mesh node M3_12_yatay_profil.043
20:11:16 | INFO: Blender create Mesh node M3_12_yatay_profil.044
20:11:16 | INFO: Blender create Mesh node M3_12_yatay_profil.045
20:11:16 | INFO: Blender create Mesh node M3_12_yatay_profil.046
20:11:16 | INFO: Blender create Mesh node M3_12_yatay_profil.047
20:11:16 | INFO: Blender create Mesh node M3_13_dik_profil.024
20:11:16 | INFO: Blender create Mesh node M3_13_dik_profil.025
20:11:16 | INFO: Blender create Mesh node M3_13_dik_profil.026
20:11:16 | INFO: Blender create Mesh node M3_13_dik_profil.027
20:11:16 | INFO: Blender create Mesh node M3_13_dik_profil.028
20:11:16 | INFO: Blender create Mesh node M3_13_dik_profil.029
20:11:16 | INFO: Blender create Mesh node M3_13_dik_profil.030
20:11:16 | INFO: Blender create Mesh node M3_13_dik_profil.031
20:11:16 | INFO: Blender create Mesh node M3_13_dik_profil.032
20:11:16 | INFO: Blender create Mesh node M3_13_dik_profil.033
20:11:16 | INFO: Blender create Mesh node M3_13_dik_profil.034
20:11:16 | INFO: Blender create Mesh node M3_13_dik_profil.035
20:11:16 | INFO: Blender create Mesh node M3_13_dik_profil.036
20:11:16 | INFO: Blender create Mesh node M3_13_dik_profil.037
20:11:16 | INFO: Blender create Mesh node M3_13_dik_profil.038
20:11:16 | INFO: Blender create Mesh node M3_13_dik_profil.039
20:11:16 | INFO: Blender create Mesh node M3_13_dik_profil.040
20:11:16 | INFO: Blender create Mesh node M3_13_dik_profil.041
20:11:16 | INFO: Blender create Mesh node M3_13_dik_profil.042
20:11:16 | INFO: Blender create Mesh node M3_13_dik_profil.043
20:11:16 | INFO: Blender create Mesh node M3_13_dik_profil.044
20:11:16 | INFO: Blender create Mesh node M3_13_dik_profil.045
20:11:16 | INFO: Blender create Mesh node M3_13_dik_profil.046
20:11:16 | INFO: Blender create Mesh node M3_13_dik_profil.047
20:11:16 | INFO: Blender create Mesh node M3_13_esik_doseme.001
20:11:16 | INFO: Blender create Mesh node M3_13_gobek.012
20:11:16 | INFO: Blender create Mesh node M3_13_gobek.013
20:11:16 | INFO: Blender create Mesh node M3_13_gobek.014
20:11:16 | INFO: Blender create Mesh node M3_13_gobek.015
20:11:16 | INFO: Blender create Mesh node M3_13_gobek.016
20:11:16 | INFO: Blender create Mesh node M3_13_gobek.017
20:11:16 | INFO: Blender create Mesh node M3_13_gobek.018
20:11:16 | INFO: Blender create Mesh node M3_13_gobek.019
20:11:16 | INFO: Blender create Mesh node M3_13_gobek.020
20:11:16 | INFO: Blender create Mesh node M3_13_gobek.021
20:11:16 | INFO: Blender create Mesh node M3_13_gobek.022
20:11:16 | INFO: Blender create Mesh node M3_13_gobek.023
20:11:16 | INFO: Blender create Mesh node M3_13_kanat.001
20:11:16 | INFO: Blender create Mesh node M3_13_kasa.002
20:11:16 | INFO: Blender create Mesh node M3_13_kasa.003
20:11:16 | INFO: Blender create Mesh node M3_13_kasa_bini
20:11:16 | INFO: Blender create Mesh node M3_13_kasa_bini.001
20:11:16 | INFO: Blender create Mesh node M3_13_kulp.002
20:11:16 | INFO: Blender create Mesh node M3_13_kulp.003
20:11:16 | INFO: Blender create Mesh node M3_13_mentese.003
20:11:16 | INFO: Blender create Mesh node M3_13_mentese.004
20:11:16 | INFO: Blender create Mesh node M3_13_mentese.005
20:11:16 | INFO: Blender create Mesh node M3_13_pervaz.004
20:11:16 | INFO: Blender create Mesh node M3_13_pervaz.005
20:11:16 | INFO: Blender create Mesh node M3_13_pervaz.006
20:11:16 | INFO: Blender create Mesh node M3_13_pervaz.007
20:11:16 | INFO: Blender create Mesh node M3_13_ust_bini
20:11:16 | INFO: Blender create Mesh node M3_13_ust_kasa.001
20:11:16 | INFO: Blender create Mesh node M3_13_ust_pervaz.002
20:11:16 | INFO: Blender create Mesh node M3_13_ust_pervaz.003
20:11:16 | INFO: Blender create Mesh node M3_13_yatay_profil.024
20:11:16 | INFO: Blender create Mesh node M3_13_yatay_profil.025
20:11:16 | INFO: Blender create Mesh node M3_13_yatay_profil.026
20:11:16 | INFO: Blender create Mesh node M3_13_yatay_profil.027
20:11:16 | INFO: Blender create Mesh node M3_13_yatay_profil.028
20:11:16 | INFO: Blender create Mesh node M3_13_yatay_profil.029
20:11:16 | INFO: Blender create Mesh node M3_13_yatay_profil.030
20:11:16 | INFO: Blender create Mesh node M3_13_yatay_profil.031
20:11:16 | INFO: Blender create Mesh node M3_13_yatay_profil.032
20:11:16 | INFO: Blender create Mesh node M3_13_yatay_profil.033
20:11:16 | INFO: Blender create Mesh node M3_13_yatay_profil.034
20:11:16 | INFO: Blender create Mesh node M3_13_yatay_profil.035
20:11:16 | INFO: Blender create Mesh node M3_13_yatay_profil.036
20:11:16 | INFO: Blender create Mesh node M3_13_yatay_profil.037
20:11:16 | INFO: Blender create Mesh node M3_13_yatay_profil.038
20:11:16 | INFO: Blender create Mesh node M3_13_yatay_profil.039
20:11:16 | INFO: Blender create Mesh node M3_13_yatay_profil.040
20:11:16 | INFO: Blender create Mesh node M3_13_yatay_profil.041
20:11:16 | INFO: Blender create Mesh node M3_13_yatay_profil.042
20:11:16 | INFO: Blender create Mesh node M3_13_yatay_profil.043
20:11:16 | INFO: Blender create Mesh node M3_13_yatay_profil.044
20:11:16 | INFO: Blender create Mesh node M3_13_yatay_profil.045
20:11:16 | INFO: Blender create Mesh node M3_13_yatay_profil.046
20:11:16 | INFO: Blender create Mesh node M3_13_yatay_profil.047
20:11:16 | INFO: Blender create Mesh node M3C_kapi_ustu
20:11:16 | INFO: Blender create Mesh node M3C_sag_yan
20:11:16 | INFO: Blender create Mesh node M3C_sol_yan
20:11:16 | INFO: Blender create Mesh node M3G_Cam_ara_cita.004
20:11:16 | INFO: Blender create Mesh node M3G_Cam_ara_cita.005
20:11:16 | INFO: Blender create Mesh node M3G_Cam_ara_cita.006
20:11:16 | INFO: Blender create Mesh node M3G_Cam_ara_cita.007
20:11:16 | INFO: Blender create Mesh node M3G_Floral_cam.001
20:11:16 | INFO: Blender create Mesh node M3G_Kanat_alt.001
20:11:16 | INFO: Blender create Mesh node M3G_Kanat_dikme.002
20:11:16 | INFO: Blender create Mesh node M3G_Kanat_dikme.003
20:11:16 | INFO: Blender create Mesh node M3G_Kanat_ust.001
20:11:16 | INFO: Blender create Mesh node M3G_Kasa.002
20:11:16 | INFO: Blender create Mesh node M3G_Kasa.003
20:11:16 | INFO: Blender create Mesh node M3G_Kol.002
20:11:16 | INFO: Blender create Mesh node M3G_Kol.003
20:11:16 | INFO: Blender create Mesh node M3G_Mentese.003
20:11:16 | INFO: Blender create Mesh node M3G_Mentese.004
20:11:16 | INFO: Blender create Mesh node M3G_Mentese.005
20:11:16 | INFO: Blender create Mesh node M3G_Pervaz.004
20:11:16 | INFO: Blender create Mesh node M3G_Pervaz.005
20:11:16 | INFO: Blender create Mesh node M3G_Pervaz.006
20:11:16 | INFO: Blender create Mesh node M3G_Pervaz.007
20:11:16 | INFO: Blender create Mesh node M3G_Ust_kasa.001
20:11:16 | INFO: Blender create Mesh node M3G_Ust_pervaz.002
20:11:16 | INFO: Blender create Mesh node M3G_Ust_pervaz.003
20:11:16 | INFO: Blender create Mesh node M6_Antre_boru
20:11:16 | INFO: Blender create Mesh node M6_Antre_boru.001
20:11:16 | INFO: Blender create Mesh node M6_Antre_dilim_00
20:11:16 | INFO: Blender create Mesh node M6_Antre_dilim_01
20:11:16 | INFO: Blender create Mesh node M6_Antre_dilim_02
20:11:16 | INFO: Blender create Mesh node M6_Antre_dilim_03
20:11:16 | INFO: Blender create Mesh node M6_Antre_dilim_04
20:11:16 | INFO: Blender create Mesh node M6_Antre_dilim_05
20:11:16 | INFO: Blender create Mesh node M6_Antre_dilim_06
20:11:16 | INFO: Blender create Mesh node M6_Antre_dilim_07
20:11:16 | INFO: Blender create Mesh node M6_Antre_dilim_08
20:11:16 | INFO: Blender create Mesh node M6_Antre_dilim_09
20:11:16 | INFO: Blender create Mesh node M6_Antre_duvar_askisi
20:11:16 | INFO: Blender create Mesh node M6_Antre_duvar_askisi.001
20:11:16 | INFO: Blender create Mesh node M6_Antre_duvar_askisi.002
20:11:16 | INFO: Blender create Mesh node M6_Antre_duvar_askisi.003
20:11:16 | INFO: Blender create Mesh node M6_Antre_kollektor
20:11:16 | INFO: Blender create Mesh node M6_Antre_kollektor.001
20:11:16 | INFO: Blender create Mesh node M6_Antre_vana
20:11:16 | INFO: Blender create Mesh node M6_Antre_vana.001
20:11:17 | INFO: glTF import finished in 7.64s
[kontrol] ekler yüklendi: C:\Users\yigit\Downloads\angora-main (2)\angora-main\build\web\26092026\EKLER.glb
[kontrol] silindi mobilya BLCK 28 yüz
[kontrol] silindi mimari interior.002 132 yüz
[kontrol] silindi mimari wood_dark (4) 17809 yüz
[kontrol] silindi mimari metal (5) 17483 yüz
[kontrol] silindi mimari Lift | Photographed walnut door finish (4).001 1149 yüz
[kontrol] silindi mobilya metal1 8260 yüz
[kontrol] silindi mobilya ROUGHNSS90 4602 yüz
[kontrol] silindi mobilya wht 68 yüz
[kontrol] silindi mobilya WOOD1 722 yüz
[kontrol] silindi mobilya WOOD2 920 yüz
[kontrol] silindi mobilya metal3 189 yüz
[kontrol] silindi mobilya bulb_warm 748 yüz
[foto-doku] 35 malzeme 387714 yüz
C:\Users\yigit\Downloads\angora-main (2)\angora-main\tools\blender\08_kontrol_render.py:119: DeprecationWarning: 'World.use_nodes' is expected to be removed in Blender 6.0
  world = bpy.data.worlds.new('Gok'); scene.world = world; world.use_nodes = True
00:57.484  cycles           | WARNING HIPEW initialization failed: Error opening HIP dynamic library
01:09.266  render           | Saved: 'C:\Users\yigit\angora-tur10\adim05\detay_parke.png'
[yakin] {'malzeme': 'parke', 'foto': 29, 'kaynak_pixel': (0.28, 0.84), 'kamera': [0.09982237219810486, 1.2897603511810303, 10.37862491607666], 'hedef': [-0.48051926493644714, 2.332096576690674, 9.469372749328613], 'mesafe_m': 1.5, 'materyal': 'FOTO_03_WOOD-FL', 'pozlama': 3.059999942779541}
01:21.719  render           | Saved: 'C:\Users\yigit\angora-tur10\adim05\detay_merdiven.png'
[yakin] {'malzeme': 'merdiven', 'foto': 18, 'kaynak_pixel': (0.24, 0.66), 'kamera': [0.45544254779815674, 2.5925850868225098, 7.510339260101318], 'hedef': [1.8827000856399536, 2.3667874336242676, 7.107907295227051], 'mesafe_m': 1.5, 'materyal': 'FOTO_10_M2_Ceviz_basamak', 'pozlama': 2.430000066757202}
01:34.891  render           | Saved: 'C:\Users\yigit\angora-tur10\adim05\detay_kapi.png'
[yakin] {'malzeme': 'kapi', 'foto': 34, 'kaynak_pixel': (0.9, 0.56), 'kamera': [0.4859362840652466, -1.0735459327697754, 7.769332408905029], 'hedef': [1.9528484344482422, -0.8079180121421814, 7.60316801071167], 'mesafe_m': 1.5, 'materyal': 'FOTO_09_M3_Ceviz_gobek', 'pozlama': 2.190000057220459}
01:48.516  render           | Saved: 'C:\Users\yigit\angora-tur10\adim05\detay_kupeste.png'
[yakin] {'malzeme': 'kupeste', 'foto': 34, 'kaynak_pixel': (0.6, 0.72), 'kamera': [-0.7957503199577332, -1.2719511985778809, 7.893456935882568], 'hedef': [0.315068781375885, -0.4172711968421936, 7.359038829803467], 'mesafe_m': 1.5, 'materyal': 'FOTO_15_M2_Koyu_ceviz_kupeşte', 'pozlama': 2.190000057220459}
02:01.609  render           | Saved: 'C:\Users\yigit\angora-tur10\adim05\detay_mutfak_dolabi.png'
[yakin] {'malzeme': 'mutfak_dolabi', 'foto': 21, 'kaynak_pixel': (0.66, 0.38), 'kamera': [-2.980930805206299, -1.5748178958892822, 4.908417701721191], 'hedef': [-3.8028030395507812, -0.3388376235961914, 5.124932765960693], 'mesafe_m': 1.5, 'materyal': 'FOTO_05_wood_honey', 'pozlama': 2.869999885559082}
02:15.484  render           | Saved: 'C:\Users\yigit\angora-tur10\adim05\detay_karo.png'
[yakin] {'malzeme': 'karo', 'foto': 42, 'kaynak_pixel': (0.54, 0.88), 'kamera': [0.9471180438995361, 0.13291925191879272, 3.9389727115631104], 'hedef': [2.1829679012298584, -0.002903580665588379, 3.099790096282959], 'mesafe_m': 1.5, 'materyal': 'FOTO_04_terra_floor', 'pozlama': 2.1500000953674316}
Blender 5.2.1 LTS (hash 9e2066aef7ef built 2026-08-25 02:38:20)

Blender quit
