23:28:44 | INFO: Data are loaded, start creating Blender stuff
23:28:44 | INFO: Blender create Mesh node Mesh_15183.008
23:28:44 | INFO: Blender create Mesh node Mesh_3020.001
23:28:44 | INFO: Blender create Mesh node Mesh_15183.003
23:28:44 | INFO: Blender create Mesh node Mesh_11.004
23:28:44 | INFO: Blender create Mesh node antique_wood (2) | interior-common.118
23:28:44 | INFO: Blender create Mesh node Mesh_3020.004
23:28:44 | INFO: Blender create Mesh node Cube.001
23:28:44 | INFO: Blender create Mesh node Mesh_3020.009
23:28:44 | INFO: Blender create Mesh node Mesh_15183.114
23:28:44 | INFO: Blender create Mesh node Cube.003
23:28:44 | INFO: Blender create Mesh node Mesh_93.005
23:28:45 | INFO: Blender create Mesh node Mesh_3020.002
23:28:45 | INFO: Blender create Mesh node Mesh_242
23:28:45 | INFO: Blender create Mesh node Mesh_11.003
23:28:45 | INFO: Blender create Mesh node Mesh_11.001
23:28:45 | INFO: Blender create Mesh node Mesh_15183.002
23:28:45 | INFO: Blender create Mesh node Mesh_15183.104
23:28:45 | INFO: Blender create Mesh node Mesh_15183.109
23:28:45 | INFO: Blender create Mesh node Mesh_97
23:28:45 | INFO: Blender create Mesh node Mesh_15183.103
23:28:45 | INFO: Blender create Mesh node Mesh_15183.107
23:28:45 | INFO: Blender create Mesh node Mesh_15183.108
23:28:45 | INFO: Blender create Mesh node Mesh_15183.099
23:28:45 | INFO: Blender create Mesh node Mesh_15183.100
23:28:45 | INFO: Blender create Mesh node Mesh_15183.001
23:28:45 | INFO: glTF import finished in 1.88s
23:28:45 | INFO: Data are loaded, start creating Blender stuff
23:28:45 | INFO: Blender create Mesh node antique_wood (2) | interior-common.087
23:28:45 | INFO: Blender create Mesh node antique_wood (2) | interior-common.017
23:28:45 | INFO: Blender create Mesh node antique_wood (2) | interior-common.013
23:28:45 | INFO: Blender create Mesh node antique_wood (2) | interior-common.043
23:28:45 | INFO: Blender create Mesh node antique_wood (2) | interior-common.001
23:28:45 | INFO: Blender create Mesh node antique_wood (2) | interior-common.016
23:28:46 | INFO: Blender create Mesh node antique_wood (2) | interior-common.084
23:28:46 | INFO: Blender create Mesh node antique_wood (2) | interior-common.060
23:28:46 | INFO: Blender create Mesh node antique_wood (2) | interior-common.058
23:28:46 | INFO: Blender create Mesh node antique_wood (2) | interior-common.067
23:28:46 | INFO: Blender create Mesh node antique_wood (2) | interior-common.140
23:28:46 | INFO: Blender create Mesh node antique_wood (2) | interior-common.094
23:28:46 | INFO: Blender create Mesh node antique_wood (2) | interior-common.047
23:28:46 | INFO: Blender create Mesh node antique_wood (2) | interior-common.065
23:28:46 | INFO: Blender create Mesh node antique_wood (2) | interior-common.073
23:28:46 | INFO: Blender create Mesh node antique_wood (2) | interior-common.019
23:28:46 | INFO: Blender create Mesh node antique_wood (2) | interior-common.049
23:28:46 | INFO: Blender create Mesh node antique_wood (2) | interior-common.100
23:28:46 | INFO: Blender create Mesh node antique_wood (2) | interior-common.120
23:28:46 | INFO: Blender create Mesh node antique_wood (2) | interior-common.110
23:28:46 | INFO: Blender create Mesh node antique_wood (2) | interior-common.116
23:28:46 | INFO: glTF import finished in 0.99s
23:28:47 | INFO: Data are loaded, start creating Blender stuff
23:28:47 | INFO: Blender create Mesh node A04_F18_34_sarkit
23:28:47 | INFO: Blender create Mesh node A04_F18_34_zincir_halka
23:28:47 | INFO: Blender create Mesh node A04_F18_34_zincir_halka.001
23:28:47 | INFO: Blender create Mesh node A04_F18_34_zincir_halka.002
23:28:47 | INFO: Blender create Mesh node A04_F18_34_zincir_halka.003
23:28:47 | INFO: Blender create Mesh node A04_F18_34_zincir_halka.004
23:28:47 | INFO: Blender create Mesh node A04_F18_34_zincir_halka.005
23:28:47 | INFO: Blender create Mesh node A04_F18_34_zincir_halka.006
23:28:47 | INFO: Blender create Mesh node A04_F18_34_zincir_halka.007
23:28:47 | INFO: Blender create Mesh node A04_F18_34_zincir_halka.008
23:28:47 | INFO: Blender create Mesh node A04_F18_34_zincir_halka.009
23:28:47 | INFO: Blender create Mesh node A04_F18_34_zincir_halka.010
23:28:47 | INFO: Blender create Mesh node A04_F18_34_zincir_halka.011
23:28:47 | INFO: Blender create Mesh node A04_F18_34_zincir_halka.012
23:28:47 | INFO: Blender create Mesh node A04_F18_34_zincir_halka.013
23:28:47 | INFO: Blender create Mesh node A04_F18_34_zincir_halka.014
23:28:47 | INFO: Blender create Mesh node A04_F18_34_zincir_halka.015
23:28:47 | INFO: Blender create Mesh node A04_F18_34_zincir_halka.016
23:28:47 | INFO: Blender create Mesh node A04_F18_34_zincir_halka.017
23:28:47 | INFO: Blender create Mesh node A04_F18_34_zincir_halka.018
23:28:47 | INFO: Blender create Mesh node A04_F18_34_zincir_halka.019
23:28:47 | INFO: Blender create Mesh node A04_F18_34_zincir_halka.020
23:28:47 | INFO: Blender create Mesh node A04_F18_34_zincir_halka.021
23:28:47 | INFO: Blender create Mesh node A04_F18_34_zincir_halka.022
23:28:47 | INFO: Blender create Mesh node A04_F18_34_zincir_halka.023
23:28:47 | INFO: Blender create Mesh node A04_F18_34_zincir_halka.024
23:28:47 | INFO: Blender create Mesh node A04_F18_34_zincir_halka.025
23:28:47 | INFO: Blender create Mesh node A04_F18_34_zincir_halka.026
23:28:47 | INFO: Blender create Mesh node A04_F18_34_zincir_halka.027
23:28:47 | INFO: Blender create Mesh node A04_F18_34_zincir_halka.028
23:28:47 | INFO: Blender create Mesh node A04_F18_34_zincir_halka.029
23:28:47 | INFO: Blender create Mesh node A04_F18_34_zincir_halka.030
23:28:47 | INFO: Blender create Mesh node A04_F18_34_zincir_halka.031
23:28:47 | INFO: Blender create Mesh node A04_F18_34_zincir_halka.032
23:28:47 | INFO: Blender create Mesh node A04_F18_34_zincir_halka.033
23:28:47 | INFO: Blender create Mesh node A04_F18_34_zincir_halka.034
23:28:47 | INFO: Blender create Mesh node A04_F18_34_zincir_halka.035
23:28:47 | INFO: Blender create Mesh node A04_F18_34_zincir_halka.036
23:28:47 | INFO: Blender create Mesh node A04_F18_34_zincir_halka.037
23:28:47 | INFO: Blender create Mesh node A04_F18_34_zincir_halka.038
23:28:47 | INFO: Blender create Mesh node A04_F18_34_zincir_halka.039
23:28:47 | INFO: Blender create Mesh node A04_F18_34_zincir_halka.040
23:28:47 | INFO: Blender create Mesh node A04_F18_34_zincir_halka.041
23:28:47 | INFO: Blender create Mesh node A04_F18_34_zincir_halka.042
23:28:47 | INFO: Blender create Mesh node A04_F18_34_zincir_halka.043
23:28:47 | INFO: Blender create Mesh node A04_F18_34_zincir_halka.044
23:28:47 | INFO: Blender create Mesh node A04_F18_34_zincir_halka.045
23:28:47 | INFO: Blender create Mesh node A04_F18_34_zincir_halka.046
23:28:47 | INFO: Blender create Mesh node A04_F18_34_zincir_halka.047
23:28:47 | INFO: Blender create Mesh node A04_F18_34_zincir_halka.048
23:28:47 | INFO: Blender create Mesh node A04_F18_34_zincir_halka.049
23:28:47 | INFO: Blender create Mesh node A04_F18_34_zincir_halka.050
23:28:47 | INFO: Blender create Mesh node A04_F18_34_zincir_halka.051
23:28:47 | INFO: Blender create Mesh node A04_F18_34_zincir_halka.052
23:28:47 | INFO: Blender create Mesh node A04_F18_34_zincir_halka.053
23:28:47 | INFO: Blender create Mesh node A04_F18_34_zincir_halka.054
23:28:47 | INFO: Blender create Mesh node A04_F18_34_zincir_halka.055
23:28:47 | INFO: Blender create Mesh node A04_F18_34_zincir_halka.056
23:28:47 | INFO: Blender create Mesh node A04_F18_34_zincir_halka.057
23:28:47 | INFO: Blender create Mesh node A04_F18_34_zincir_halka.058
23:28:47 | INFO: Blender create Mesh node A04_F18_34_zincir_halka.059
23:28:47 | INFO: Blender create Mesh node A04_F18_34_zincir_halka.060
23:28:47 | INFO: Blender create Mesh node A04_F18_34_zincir_halka.061
23:28:47 | INFO: Blender create Mesh node A04_F18_34_zincir_halka.062
23:28:47 | INFO: Blender create Mesh node A04_F18_34_zincir_halka.063
23:28:47 | INFO: Blender create Mesh node A04_F18_34_zincir_halka.064
23:28:47 | INFO: Blender create Mesh node A04_F18_34_zincir_halka.065
23:28:47 | INFO: Blender create Mesh node A04_F18_34_zincir_halka.066
23:28:47 | INFO: Blender create Mesh node A04_F18_34_zincir_halka.067
23:28:47 | INFO: Blender create Mesh node A04_F18_34_zincir_halka.068
23:28:47 | INFO: Blender create Mesh node A04_F18_34_zincir_halka.069
23:28:47 | INFO: Blender create Mesh node A04_F18_34_zincir_halka.070
23:28:47 | INFO: Blender create Mesh node A04_F18_34_zincir_halka.071
23:28:47 | INFO: Blender create Mesh node A04_F18_34_zincir_halka.072
23:28:47 | INFO: Blender create Mesh node A04_F18_34_zincir_halka.073
23:28:47 | INFO: Blender create Mesh node A04_F18_34_zincir_halka.074
23:28:47 | INFO: Blender create Mesh node A04_F18_34_zincir_halka.075
23:28:47 | INFO: Blender create Mesh node A04_F18_34_zincir_halka.076
23:28:47 | INFO: Blender create Mesh node A04_F18_34_zincir_halka.077
23:28:47 | INFO: Blender create Mesh node A04_F18_34_zincir_tavan
23:28:47 | INFO: Blender create Mesh node A04_F18_alt_aplik_cam
23:28:47 | INFO: Blender create Mesh node A04_F18_alt_aplik_kol
23:28:47 | INFO: Blender create Mesh node A04_F18_alt_aplik_rozet
23:28:47 | INFO: Blender create Mesh node A04_F18_plafonyer_opal
23:28:47 | INFO: Blender create Mesh node A04_F18_plafonyer_rozet
23:28:47 | INFO: Blender create Mesh node A04_F18_plafonyer_topuz
23:28:47 | INFO: Blender create Mesh node A04_F18_ust_aplik_cam
23:28:47 | INFO: Blender create Mesh node A04_F18_ust_aplik_kol
23:28:47 | INFO: Blender create Mesh node A04_F18_ust_aplik_rozet
23:28:47 | INFO: Blender create Mesh node A04_F29_sol_kiris
23:28:47 | INFO: Blender create Mesh node A04_F29_spot_0
23:28:47 | INFO: Blender create Mesh node A04_F29_spot_1
23:28:47 | INFO: Blender create Mesh node A04_F40_plafonyer_opal
23:28:47 | INFO: Blender create Mesh node A04_F40_plafonyer_rozet
23:28:47 | INFO: Blender create Mesh node A04_F40_plafonyer_topuz
23:28:47 | INFO: Blender create Mesh node A04_K01_esik_kapagi
23:28:47 | INFO: Blender create Mesh node A04_K01_kasa_ic_kaplama
23:28:47 | INFO: Blender create Mesh node A04_K01_kasa_ic_kaplama.001
23:28:47 | INFO: Blender create Mesh node A04_K01_kasa_ust_kaplama
23:28:47 | INFO: Blender create Mesh node A04_K02_esik_kapagi
23:28:47 | INFO: Blender create Mesh node A04_K02_kasa_ic_kaplama
23:28:47 | INFO: Blender create Mesh node A04_K02_kasa_ic_kaplama.001
23:28:47 | INFO: Blender create Mesh node A04_K02_kasa_ust_kaplama
23:28:47 | INFO: Blender create Mesh node A04_K03_esik_kapagi
23:28:47 | INFO: Blender create Mesh node A04_K03_kasa_ic_kaplama
23:28:47 | INFO: Blender create Mesh node A04_K03_kasa_ic_kaplama.001
23:28:47 | INFO: Blender create Mesh node A04_K03_kasa_ust_kaplama
23:28:47 | INFO: Blender create Mesh node A04_K04_esik_kapagi
23:28:47 | INFO: Blender create Mesh node A04_K04_kasa_ic_kaplama
23:28:47 | INFO: Blender create Mesh node A04_K04_kasa_ic_kaplama.001
23:28:47 | INFO: Blender create Mesh node A04_K04_kasa_ust_kaplama
23:28:47 | INFO: Blender create Mesh node A04_K05_esik_kapagi
23:28:47 | INFO: Blender create Mesh node A04_K05_kasa_ic_kaplama
23:28:47 | INFO: Blender create Mesh node A04_K05_kasa_ic_kaplama.001
23:28:47 | INFO: Blender create Mesh node A04_K05_kasa_ust_kaplama
23:28:47 | INFO: Blender create Mesh node A04_K06_esik_kapagi
23:28:47 | INFO: Blender create Mesh node A04_K06_kasa_ic_kaplama
23:28:47 | INFO: Blender create Mesh node A04_K06_kasa_ic_kaplama.001
23:28:47 | INFO: Blender create Mesh node A04_K06_kasa_ust_kaplama
23:28:47 | INFO: Blender create Mesh node A04_K07_esik_kapagi
23:28:47 | INFO: Blender create Mesh node A04_K07_kasa_ic_kaplama
23:28:47 | INFO: Blender create Mesh node A04_K07_kasa_ic_kaplama.001
23:28:47 | INFO: Blender create Mesh node A04_K07_kasa_ust_kaplama
23:28:47 | INFO: Blender create Mesh node A04_K08_esik_kapagi
23:28:47 | INFO: Blender create Mesh node A04_K08_kasa_ic_kaplama
23:28:47 | INFO: Blender create Mesh node A04_K08_kasa_ic_kaplama.001
23:28:47 | INFO: Blender create Mesh node A04_K08_kasa_ust_kaplama
23:28:47 | INFO: Blender create Mesh node A04_K09_esik_kapagi
23:28:47 | INFO: Blender create Mesh node A04_K09_kasa_ic_kaplama
23:28:47 | INFO: Blender create Mesh node A04_K09_kasa_ic_kaplama.001
23:28:47 | INFO: Blender create Mesh node A04_K09_kasa_ust_kaplama
23:28:47 | INFO: Blender create Mesh node A04_K10_esik_kapagi
23:28:47 | INFO: Blender create Mesh node A04_K10_kasa_ic_kaplama
23:28:47 | INFO: Blender create Mesh node A04_K10_kasa_ic_kaplama.001
23:28:47 | INFO: Blender create Mesh node A04_K10_kasa_ust_kaplama
23:28:47 | INFO: Blender create Mesh node A04_K11_esik_kapagi
23:28:47 | INFO: Blender create Mesh node A04_K11_kasa_ic_kaplama
23:28:47 | INFO: Blender create Mesh node A04_K11_kasa_ic_kaplama.001
23:28:47 | INFO: Blender create Mesh node A04_K11_kasa_ust_kaplama
23:28:47 | INFO: Blender create Mesh node A04_K12_esik_kapagi
23:28:47 | INFO: Blender create Mesh node A04_K12_kasa_ic_kaplama
23:28:47 | INFO: Blender create Mesh node A04_K12_kasa_ic_kaplama.001
23:28:47 | INFO: Blender create Mesh node A04_K12_kasa_ust_kaplama
23:28:47 | INFO: Blender create Mesh node A04_K13_esik_kapagi
23:28:47 | INFO: Blender create Mesh node A04_K13_kasa_ic_kaplama
23:28:47 | INFO: Blender create Mesh node A04_K13_kasa_ic_kaplama.001
23:28:47 | INFO: Blender create Mesh node A04_K13_kasa_ust_kaplama
23:28:47 | INFO: Blender create Mesh node A05_F42_yuvarlak_1
23:28:47 | INFO: Blender create Mesh node A05_F42_yuvarlak_2
23:28:47 | INFO: Blender create Mesh node A05_F42_yuvarlak_3
23:28:47 | INFO: Blender create Mesh node A05_kartonpiyer_birlesik
23:28:47 | INFO: Blender create Mesh node A08_Cift_kasa
23:28:47 | INFO: Blender create Mesh node A08_Cift_kasa.001
23:28:47 | INFO: Blender create Mesh node A08_Cift_pervaz
23:28:47 | INFO: Blender create Mesh node A08_Cift_pervaz.001
23:28:47 | INFO: Blender create Mesh node A08_Cift_pervaz.002
23:28:47 | INFO: Blender create Mesh node A08_Cift_pervaz.003
23:28:47 | INFO: Blender create Mesh node A08_Cift_sag_alt
23:28:47 | INFO: Blender create Mesh node A08_Cift_sag_cam
23:28:47 | INFO: Blender create Mesh node A08_Cift_sag_dikme
23:28:47 | INFO: Blender create Mesh node A08_Cift_sag_dikme.001
23:28:47 | INFO: Blender create Mesh node A08_Cift_sag_kol
23:28:47 | INFO: Blender create Mesh node A08_Cift_sag_mentese
23:28:47 | INFO: Blender create Mesh node A08_Cift_sag_mentese.001
23:28:47 | INFO: Blender create Mesh node A08_Cift_sag_mentese.002
23:28:47 | INFO: Blender create Mesh node A08_Cift_sag_ust
23:28:47 | INFO: Blender create Mesh node A08_Cift_sol_alt
23:28:47 | INFO: Blender create Mesh node A08_Cift_sol_cam
23:28:47 | INFO: Blender create Mesh node A08_Cift_sol_dikme
23:28:47 | INFO: Blender create Mesh node A08_Cift_sol_dikme.001
23:28:47 | INFO: Blender create Mesh node A08_Cift_sol_kol
23:28:47 | INFO: Blender create Mesh node A08_Cift_sol_mentese
23:28:47 | INFO: Blender create Mesh node A08_Cift_sol_mentese.001
23:28:47 | INFO: Blender create Mesh node A08_Cift_sol_mentese.002
23:28:47 | INFO: Blender create Mesh node A08_Cift_sol_ust
23:28:47 | INFO: Blender create Mesh node A08_Cift_ust_kasa
23:28:47 | INFO: Blender create Mesh node A08_D16_X0_ayna.001
23:28:47 | INFO: Blender create Mesh node A08_D16_X0_dikme.002
23:28:47 | INFO: Blender create Mesh node A08_D16_X0_dikme.003
23:28:47 | INFO: Blender create Mesh node A08_D16_X0_ray.002
23:28:47 | INFO: Blender create Mesh node A08_D16_X0_ray.003
23:28:47 | INFO: Blender create Mesh node A08_D16_X1_ayna.001
23:28:47 | INFO: Blender create Mesh node A08_D16_X1_dikme.002
23:28:47 | INFO: Blender create Mesh node A08_D16_X1_dikme.003
23:28:47 | INFO: Blender create Mesh node A08_D16_X1_ray.002
23:28:47 | INFO: Blender create Mesh node A08_D16_X1_ray.003
23:28:47 | INFO: Blender create Mesh node A08_D16_Y0_ayna.001
23:28:47 | INFO: Blender create Mesh node A08_D16_Y0_dikme.002
23:28:47 | INFO: Blender create Mesh node A08_D16_Y0_dikme.003
23:28:47 | INFO: Blender create Mesh node A08_D16_Y0_ray.002
23:28:47 | INFO: Blender create Mesh node A08_D16_Y0_ray.003
23:28:47 | INFO: Blender create Mesh node A08_D16_Y1_ayna.001
23:28:47 | INFO: Blender create Mesh node A08_D16_Y1_dikme.002
23:28:47 | INFO: Blender create Mesh node A08_D16_Y1_dikme.003
23:28:47 | INFO: Blender create Mesh node A08_D16_Y1_ray.002
23:28:47 | INFO: Blender create Mesh node A08_D16_Y1_ray.003
23:28:47 | INFO: Blender create Mesh node A08_F02_dolu_merdiven_alti
23:28:47 | INFO: Blender create Mesh node A08_F06_aplik_kol
23:28:47 | INFO: Blender create Mesh node A08_F06_aplik_rozet
23:28:47 | INFO: Blender create Mesh node A08_F06_opal
23:28:47 | INFO: Blender create Mesh node A08_F13_17_ampul
23:28:47 | INFO: Blender create Mesh node A08_F13_17_ampul.001
23:28:47 | INFO: Blender create Mesh node A08_F13_17_ampul.002
23:28:47 | INFO: Blender create Mesh node A08_F13_17_kol
23:28:47 | INFO: Blender create Mesh node A08_F13_17_kol.001
23:28:47 | INFO: Blender create Mesh node A08_F13_17_kol.002
23:28:47 | INFO: Blender create Mesh node A08_F13_17_rozet
23:28:47 | INFO: Blender create Mesh node A08_F13_17_spot
23:28:47 | INFO: Blender create Mesh node A08_F13_17_spot.001
23:28:47 | INFO: Blender create Mesh node A08_F13_17_spot.002
23:28:47 | INFO: Blender create Mesh node A08_F18_galeri_ayak
23:28:47 | INFO: Blender create Mesh node A08_F18_galeri_ayak.001
23:28:47 | INFO: Blender create Mesh node A08_F18_galeri_cerceve
23:28:47 | INFO: Blender create Mesh node A08_F18_galeri_cerceve.001
23:28:47 | INFO: Blender create Mesh node A08_F18_galeri_dikme
23:28:47 | INFO: Blender create Mesh node A08_F18_galeri_dikme.001
23:28:47 | INFO: Blender create Mesh node A08_F18_galeri_kupeste
23:28:47 | INFO: Blender create Mesh node A08_motif_prototip
23:28:47 | INFO: Blender create Mesh node A08_Final_F47_ic_duvar.001
23:28:47 | INFO: Blender create Mesh node M1_supurgelik_001
23:28:47 | INFO: Blender create Mesh node M1_supurgelik_002
23:28:47 | INFO: Blender create Mesh node M1_supurgelik_003
23:28:47 | INFO: Blender create Mesh node M1_supurgelik_004
23:28:47 | INFO: Blender create Mesh node M1_supurgelik_005
23:28:47 | INFO: Blender create Mesh node M1_supurgelik_006
23:28:47 | INFO: Blender create Mesh node M1_supurgelik_007
23:28:47 | INFO: Blender create Mesh node M1_supurgelik_008
23:28:47 | INFO: Blender create Mesh node M1_supurgelik_009
23:28:47 | INFO: Blender create Mesh node M1_supurgelik_010
23:28:47 | INFO: Blender create Mesh node M1_supurgelik_011
23:28:47 | INFO: Blender create Mesh node M1_supurgelik_012
23:28:47 | INFO: Blender create Mesh node M1_supurgelik_013
23:28:47 | INFO: Blender create Mesh node M1_supurgelik_014
23:28:47 | INFO: Blender create Mesh node M1_supurgelik_015
23:28:47 | INFO: Blender create Mesh node M1_supurgelik_016
23:28:47 | INFO: Blender create Mesh node M1_supurgelik_017
23:28:47 | INFO: Blender create Mesh node M1_supurgelik_018
23:28:47 | INFO: Blender create Mesh node M1_supurgelik_019
23:28:47 | INFO: Blender create Mesh node M1_supurgelik_020
23:28:47 | INFO: Blender create Mesh node M1_supurgelik_021
23:28:47 | INFO: Blender create Mesh node M1_supurgelik_022
23:28:47 | INFO: Blender create Mesh node M1_supurgelik_023
23:28:47 | INFO: Blender create Mesh node M1_supurgelik_024
23:28:47 | INFO: Blender create Mesh node M1_supurgelik_025
23:28:47 | INFO: Blender create Mesh node M1_supurgelik_026
23:28:47 | INFO: Blender create Mesh node M1_supurgelik_027
23:28:47 | INFO: Blender create Mesh node M1_supurgelik_028
23:28:47 | INFO: Blender create Mesh node M1_supurgelik_029
23:28:47 | INFO: Blender create Mesh node M1_supurgelik_030
23:28:47 | INFO: Blender create Mesh node M1_supurgelik_031
23:28:47 | INFO: Blender create Mesh node M1_supurgelik_032
23:28:47 | INFO: Blender create Mesh node M1_supurgelik_033
23:28:47 | INFO: Blender create Mesh node M1_supurgelik_034
23:28:47 | INFO: Blender create Mesh node M1_supurgelik_035
23:28:47 | INFO: Blender create Mesh node M1_supurgelik_036
23:28:47 | INFO: Blender create Mesh node M1_supurgelik_037
23:28:47 | INFO: Blender create Mesh node M1_supurgelik_038
23:28:47 | INFO: Blender create Mesh node M1_supurgelik_039
23:28:47 | INFO: Blender create Mesh node M1_supurgelik_040
23:28:47 | INFO: Blender create Mesh node M1_supurgelik_041
23:28:47 | INFO: Blender create Mesh node M1_supurgelik_042
23:28:47 | INFO: Blender create Mesh node M1_supurgelik_043
23:28:47 | INFO: Blender create Mesh node M1_supurgelik_044
23:28:47 | INFO: Blender create Mesh node M1_supurgelik_045
23:28:47 | INFO: Blender create Mesh node M1_supurgelik_046
23:28:47 | INFO: Blender create Mesh node M1_supurgelik_047
23:28:47 | INFO: Blender create Mesh node M1_supurgelik_048
23:28:47 | INFO: Blender create Mesh node M1_supurgelik_049
23:28:47 | INFO: Blender create Mesh node M1_supurgelik_050
23:28:47 | INFO: Blender create Mesh node M1_supurgelik_051
23:28:47 | INFO: Blender create Mesh node M1_supurgelik_052
23:28:47 | INFO: Blender create Mesh node M1_supurgelik_053
23:28:47 | INFO: Blender create Mesh node M1_supurgelik_054
23:28:47 | INFO: Blender create Mesh node M1_supurgelik_055
23:28:47 | INFO: Blender create Mesh node M1_supurgelik_056
23:28:47 | INFO: Blender create Mesh node M1_supurgelik_057
23:28:47 | INFO: Blender create Mesh node M1_supurgelik_058
23:28:47 | INFO: Blender create Mesh node M1_supurgelik_059
23:28:47 | INFO: Blender create Mesh node M1_supurgelik_060
23:28:47 | INFO: Blender create Mesh node M1_supurgelik_061
23:28:47 | INFO: Blender create Mesh node M1_supurgelik_062
23:28:47 | INFO: Blender create Mesh node M1_supurgelik_063
23:28:47 | INFO: Blender create Mesh node M1_supurgelik_064
23:28:47 | INFO: Blender create Mesh node M1_supurgelik_065
23:28:47 | INFO: Blender create Mesh node M1_supurgelik_066
23:28:47 | INFO: Blender create Mesh node M1_supurgelik_067
23:28:47 | INFO: Blender create Mesh node M1_supurgelik_068
23:28:47 | INFO: Blender create Mesh node M1_supurgelik_069
23:28:47 | INFO: Blender create Mesh node M1_supurgelik_070
23:28:47 | INFO: Blender create Mesh node M1_supurgelik_071
23:28:47 | INFO: Blender create Mesh node M1_supurgelik_072
23:28:47 | INFO: Blender create Mesh node M1_supurgelik_073
23:28:47 | INFO: Blender create Mesh node M1_supurgelik_074
23:28:47 | INFO: Blender create Mesh node M1_supurgelik_075
23:28:47 | INFO: Blender create Mesh node M1_supurgelik_076
23:28:47 | INFO: Blender create Mesh node M1_supurgelik_077
23:28:47 | INFO: Blender create Mesh node M1_supurgelik_078
23:28:47 | INFO: Blender create Mesh node M1_supurgelik_079
23:28:47 | INFO: Blender create Mesh node M1_supurgelik_080
23:28:47 | INFO: Blender create Mesh node M1_supurgelik_081
23:28:47 | INFO: Blender create Mesh node M1_supurgelik_082
23:28:47 | INFO: Blender create Mesh node M1_supurgelik_083
23:28:47 | INFO: Blender create Mesh node M1_supurgelik_084
23:28:47 | INFO: Blender create Mesh node M1_supurgelik_085
23:28:47 | INFO: Blender create Mesh node M1_supurgelik_086
23:28:47 | INFO: Blender create Mesh node M1_supurgelik_087
23:28:47 | INFO: Blender create Mesh node M1_supurgelik_088
23:28:47 | INFO: Blender create Mesh node M1_supurgelik_089
23:28:47 | INFO: Blender create Mesh node M1_supurgelik_090
23:28:47 | INFO: Blender create Mesh node M1_supurgelik_091
23:28:47 | INFO: Blender create Mesh node M1_supurgelik_092
23:28:47 | INFO: Blender create Mesh node M1_supurgelik_093
23:28:47 | INFO: Blender create Mesh node M1_supurgelik_094
23:28:47 | INFO: Blender create Mesh node M1_supurgelik_095
23:28:47 | INFO: Blender create Mesh node M1_supurgelik_096
23:28:47 | INFO: Blender create Mesh node M1_supurgelik_097
23:28:47 | INFO: Blender create Mesh node M1_supurgelik_098
23:28:47 | INFO: Blender create Mesh node M1_supurgelik_099
23:28:47 | INFO: Blender create Mesh node M1_supurgelik_100
23:28:47 | INFO: Blender create Mesh node M1_supurgelik_101
23:28:47 | INFO: Blender create Mesh node M1_supurgelik_102
23:28:47 | INFO: Blender create Mesh node M1_supurgelik_103
23:28:47 | INFO: Blender create Mesh node M1_supurgelik_104
23:28:47 | INFO: Blender create Mesh node M1_supurgelik_105
23:28:47 | INFO: Blender create Mesh node M1_supurgelik_106
23:28:47 | INFO: Blender create Mesh node M1_supurgelik_107
23:28:47 | INFO: Blender create Mesh node M1_supurgelik_108
23:28:47 | INFO: Blender create Mesh node M1_supurgelik_109
23:28:47 | INFO: Blender create Mesh node M1_supurgelik_110
23:28:47 | INFO: Blender create Mesh node M1_supurgelik_111
23:28:47 | INFO: Blender create Mesh node M1_supurgelik_112
23:28:47 | INFO: Blender create Mesh node M1_supurgelik_113
23:28:47 | INFO: Blender create Mesh node M1_supurgelik_114
23:28:47 | INFO: Blender create Mesh node M1_supurgelik_115
23:28:47 | INFO: Blender create Mesh node M1_supurgelik_116
23:28:47 | INFO: Blender create Mesh node M1_supurgelik_117
23:28:47 | INFO: Blender create Mesh node M1_supurgelik_118
23:28:47 | INFO: Blender create Mesh node M1_supurgelik_119
23:28:47 | INFO: Blender create Mesh node M1_supurgelik_120
23:28:47 | INFO: Blender create Mesh node M1_supurgelik_121
23:28:47 | INFO: Blender create Mesh node M1_supurgelik_122
23:28:47 | INFO: Blender create Mesh node M1_supurgelik_123
23:28:47 | INFO: Blender create Mesh node M1_supurgelik_124
23:28:47 | INFO: Blender create Mesh node M1_supurgelik_125
23:28:47 | INFO: Blender create Mesh node M1_supurgelik_126
23:28:47 | INFO: Blender create Mesh node M1_supurgelik_127
23:28:47 | INFO: Blender create Mesh node M1_supurgelik_128
23:28:47 | INFO: Blender create Mesh node M1_supurgelik_129
23:28:47 | INFO: Blender create Mesh node M1_supurgelik_130
23:28:47 | INFO: Blender create Mesh node M1_supurgelik_131
23:28:47 | INFO: Blender create Mesh node M1_supurgelik_132
23:28:47 | INFO: Blender create Mesh node M1_supurgelik_133
23:28:47 | INFO: Blender create Mesh node M1_supurgelik_134
23:28:47 | INFO: Blender create Mesh node M1_supurgelik_135
23:28:47 | INFO: Blender create Mesh node M1_supurgelik_136
23:28:47 | INFO: Blender create Mesh node M1_supurgelik_137
23:28:47 | INFO: Blender create Mesh node M1_supurgelik_138
23:28:47 | INFO: Blender create Mesh node M1_supurgelik_139
23:28:47 | INFO: Blender create Mesh node M1_supurgelik_140
23:28:47 | INFO: Blender create Mesh node M1_supurgelik_141
23:28:47 | INFO: Blender create Mesh node M1_supurgelik_142
23:28:47 | INFO: Blender create Mesh node M1_supurgelik_143
23:28:47 | INFO: Blender create Mesh node M1_supurgelik_144
23:28:47 | INFO: Blender create Mesh node M1_supurgelik_145
23:28:47 | INFO: Blender create Mesh node M1_supurgelik_146
23:28:47 | INFO: Blender create Mesh node M1_supurgelik_147
23:28:47 | INFO: Blender create Mesh node M1_supurgelik_148
23:28:47 | INFO: Blender create Mesh node M1_supurgelik_149
23:28:47 | INFO: Blender create Mesh node M1_supurgelik_150
23:28:47 | INFO: Blender create Mesh node M1_supurgelik_151
23:28:47 | INFO: Blender create Mesh node M1_supurgelik_152
23:28:47 | INFO: Blender create Mesh node M1_supurgelik_153
23:28:47 | INFO: Blender create Mesh node M1_supurgelik_154
23:28:47 | INFO: Blender create Mesh node M1_supurgelik_155
23:28:47 | INFO: Blender create Mesh node M1_supurgelik_156
23:28:47 | INFO: Blender create Mesh node M1_supurgelik_157
23:28:47 | INFO: Blender create Mesh node M1_supurgelik_158
23:28:47 | INFO: Blender create Mesh node M1_supurgelik_159
23:28:47 | INFO: Blender create Mesh node M1_supurgelik_160
23:28:47 | INFO: Blender create Mesh node M1_supurgelik_161
23:28:47 | INFO: Blender create Mesh node M1_supurgelik_162
23:28:47 | INFO: Blender create Mesh node M1_supurgelik_163
23:28:47 | INFO: Blender create Mesh node M1_supurgelik_164
23:28:47 | INFO: Blender create Mesh node M1_supurgelik_165
23:28:47 | INFO: Blender create Mesh node M1_supurgelik_166
23:28:47 | INFO: Blender create Mesh node M1_supurgelik_167
23:28:47 | INFO: Blender create Mesh node M1_supurgelik_168
23:28:47 | INFO: Blender create Mesh node M1_supurgelik_169
23:28:47 | INFO: Blender create Mesh node M1_supurgelik_170
23:28:47 | INFO: Blender create Mesh node M1_supurgelik_171
23:28:47 | INFO: Blender create Mesh node M1_supurgelik_172
23:28:47 | INFO: Blender create Mesh node M1_supurgelik_173
23:28:47 | INFO: Blender create Mesh node M1_supurgelik_174
23:28:47 | INFO: Blender create Mesh node M1_supurgelik_175
23:28:47 | INFO: Blender create Mesh node M1_supurgelik_176
23:28:47 | INFO: Blender create Mesh node M1_supurgelik_177
23:28:47 | INFO: Blender create Mesh node M1_supurgelik_178
23:28:47 | INFO: Blender create Mesh node M1_supurgelik_179
23:28:47 | INFO: Blender create Mesh node M1_supurgelik_180
23:28:47 | INFO: Blender create Mesh node M1_supurgelik_181
23:28:47 | INFO: Blender create Mesh node M1_supurgelik_182
23:28:47 | INFO: Blender create Mesh node M1_supurgelik_183
23:28:47 | INFO: Blender create Mesh node M1_supurgelik_184
23:28:47 | INFO: Blender create Mesh node M1_supurgelik_185
23:28:47 | INFO: Blender create Mesh node M1_supurgelik_186
23:28:47 | INFO: Blender create Mesh node M1_supurgelik_187
23:28:47 | INFO: Blender create Mesh node M1_supurgelik_188
23:28:47 | INFO: Blender create Mesh node M1_supurgelik_189
23:28:47 | INFO: Blender create Mesh node M1_supurgelik_190
23:28:47 | INFO: Blender create Mesh node M1_supurgelik_191
23:28:47 | INFO: Blender create Mesh node M1_supurgelik_192
23:28:47 | INFO: Blender create Mesh node M1_supurgelik_193
23:28:47 | INFO: Blender create Mesh node M1_supurgelik_194
23:28:47 | INFO: Blender create Mesh node M1_supurgelik_195
23:28:47 | INFO: Blender create Mesh node M1_supurgelik_196
23:28:47 | INFO: Blender create Mesh node M1_supurgelik_197
23:28:47 | INFO: Blender create Mesh node M1_supurgelik_198
23:28:47 | INFO: Blender create Mesh node M1_supurgelik_199
23:28:47 | INFO: Blender create Mesh node M1_supurgelik_200
23:28:47 | INFO: Blender create Mesh node M1_supurgelik_201
23:28:47 | INFO: Blender create Mesh node M1_supurgelik_202
23:28:47 | INFO: Blender create Mesh node M1_supurgelik_203
23:28:47 | INFO: Blender create Mesh node M1_supurgelik_204
23:28:47 | INFO: Blender create Mesh node M1_supurgelik_205
23:28:47 | INFO: Blender create Mesh node M1_supurgelik_206
23:28:47 | INFO: Blender create Mesh node M1_supurgelik_207
23:28:47 | INFO: Blender create Mesh node M1_supurgelik_208
23:28:47 | INFO: Blender create Mesh node M1_supurgelik_209
23:28:47 | INFO: Blender create Mesh node M1_supurgelik_210
23:28:47 | INFO: Blender create Mesh node M1_supurgelik_211
23:28:47 | INFO: Blender create Mesh node M1_supurgelik_212
23:28:47 | INFO: Blender create Mesh node M1_supurgelik_213
23:28:47 | INFO: Blender create Mesh node M1_supurgelik_214
23:28:47 | INFO: Blender create Mesh node M1_supurgelik_215
23:28:47 | INFO: Blender create Mesh node M1_supurgelik_216
23:28:47 | INFO: Blender create Mesh node M1_supurgelik_217
23:28:47 | INFO: Blender create Mesh node M1_supurgelik_218
23:28:47 | INFO: Blender create Mesh node M1_supurgelik_219
23:28:47 | INFO: Blender create Mesh node M1_supurgelik_220
23:28:47 | INFO: Blender create Mesh node M1_supurgelik_221
23:28:47 | INFO: Blender create Mesh node M1_supurgelik_222
23:28:47 | INFO: Blender create Mesh node M1_supurgelik_223
23:28:47 | INFO: Blender create Mesh node M1_supurgelik_224
23:28:47 | INFO: Blender create Mesh node M1_supurgelik_225
23:28:47 | INFO: Blender create Mesh node M1_supurgelik_226
23:28:47 | INFO: Blender create Mesh node M1_supurgelik_227
23:28:47 | INFO: Blender create Mesh node M1_supurgelik_228
23:28:47 | INFO: Blender create Mesh node M1_supurgelik_229
23:28:47 | INFO: Blender create Mesh node M1_supurgelik_230
23:28:47 | INFO: Blender create Mesh node M1_supurgelik_231
23:28:47 | INFO: Blender create Mesh node M1_supurgelik_232
23:28:47 | INFO: Blender create Mesh node M1_supurgelik_233
23:28:47 | INFO: Blender create Mesh node M1_supurgelik_234
23:28:47 | INFO: Blender create Mesh node M1_supurgelik_235
23:28:47 | INFO: Blender create Mesh node M1_supurgelik_236
23:28:47 | INFO: Blender create Mesh node M1_supurgelik_237
23:28:47 | INFO: Blender create Mesh node M1_supurgelik_238
23:28:47 | INFO: Blender create Mesh node M1_supurgelik_239
23:28:47 | INFO: Blender create Mesh node M1_supurgelik_240
23:28:47 | INFO: Blender create Mesh node M1_supurgelik_241
23:28:47 | INFO: Blender create Mesh node M1_supurgelik_242
23:28:47 | INFO: Blender create Mesh node M1_supurgelik_243
23:28:47 | INFO: Blender create Mesh node M1_supurgelik_244
23:28:47 | INFO: Blender create Mesh node M1_supurgelik_245
23:28:47 | INFO: Blender create Mesh node M1_supurgelik_246
23:28:47 | INFO: Blender create Mesh node M1_supurgelik_247
23:28:47 | INFO: Blender create Mesh node M1_supurgelik_248
23:28:47 | INFO: Blender create Mesh node M1_supurgelik_249
23:28:47 | INFO: Blender create Mesh node M1_supurgelik_250
23:28:47 | INFO: Blender create Mesh node M1_supurgelik_251
23:28:47 | INFO: Blender create Mesh node M1_supurgelik_252
23:28:47 | INFO: Blender create Mesh node M1_supurgelik_253
23:28:47 | INFO: Blender create Mesh node M1_supurgelik_254
23:28:47 | INFO: Blender create Mesh node M1_supurgelik_255
23:28:47 | INFO: Blender create Mesh node M1_supurgelik_256
23:28:47 | INFO: Blender create Mesh node M1_supurgelik_257
23:28:47 | INFO: Blender create Mesh node M1_supurgelik_258
23:28:47 | INFO: Blender create Mesh node M1_supurgelik_259
23:28:47 | INFO: Blender create Mesh node M1_supurgelik_260
23:28:47 | INFO: Blender create Mesh node M1_supurgelik_261
23:28:47 | INFO: Blender create Mesh node M1_supurgelik_262
23:28:47 | INFO: Blender create Mesh node M1_supurgelik_263
23:28:47 | INFO: Blender create Mesh node M1_supurgelik_264
23:28:47 | INFO: Blender create Mesh node M1_supurgelik_265
23:28:47 | INFO: Blender create Mesh node M1_supurgelik_266
23:28:47 | INFO: Blender create Mesh node M1_supurgelik_267
23:28:47 | INFO: Blender create Mesh node M1_supurgelik_268
23:28:47 | INFO: Blender create Mesh node M1_supurgelik_269
23:28:47 | INFO: Blender create Mesh node M1_supurgelik_270
23:28:47 | INFO: Blender create Mesh node M1_supurgelik_271
23:28:47 | INFO: Blender create Mesh node M1_supurgelik_272
23:28:47 | INFO: Blender create Mesh node M1_supurgelik_273
23:28:47 | INFO: Blender create Mesh node M1_supurgelik_274
23:28:47 | INFO: Blender create Mesh node M1_supurgelik_275
23:28:47 | INFO: Blender create Mesh node M1_supurgelik_276
23:28:47 | INFO: Blender create Mesh node M1_supurgelik_277
23:28:47 | INFO: Blender create Mesh node M1_supurgelik_278
23:28:47 | INFO: Blender create Mesh node M1_supurgelik_279
23:28:47 | INFO: Blender create Mesh node M1_supurgelik_280
23:28:47 | INFO: Blender create Mesh node M1_supurgelik_281
23:28:47 | INFO: Blender create Mesh node M1_supurgelik_282
23:28:47 | INFO: Blender create Mesh node M1_supurgelik_283
23:28:47 | INFO: Blender create Mesh node M1_supurgelik_284
23:28:47 | INFO: Blender create Mesh node M1_supurgelik_285
23:28:47 | INFO: Blender create Mesh node M1_supurgelik_286
23:28:47 | INFO: Blender create Mesh node M1_supurgelik_287
23:28:47 | INFO: Blender create Mesh node M1_supurgelik_288
23:28:47 | INFO: Blender create Mesh node M1_supurgelik_289
23:28:47 | INFO: Blender create Mesh node M1_supurgelik_290
23:28:47 | INFO: Blender create Mesh node M1_supurgelik_291
23:28:47 | INFO: Blender create Mesh node M1_supurgelik_292
23:28:47 | INFO: Blender create Mesh node M1_supurgelik_293
23:28:47 | INFO: Blender create Mesh node M1_supurgelik_294
23:28:47 | INFO: Blender create Mesh node M2_K0_0_basamak
23:28:47 | INFO: Blender create Mesh node M2_K0_0_basamak.001
23:28:47 | INFO: Blender create Mesh node M2_K0_0_basamak.002
23:28:47 | INFO: Blender create Mesh node M2_K0_0_basamak.003
23:28:47 | INFO: Blender create Mesh node M2_K0_0_basamak.004
23:28:47 | INFO: Blender create Mesh node M2_K0_0_basamak.005
23:28:47 | INFO: Blender create Mesh node M2_K0_0_basamak.006
23:28:47 | INFO: Blender create Mesh node M2_K0_0_basamak.007
23:28:47 | INFO: Blender create Mesh node M2_K0_0_basamak.008
23:28:47 | INFO: Blender create Mesh node M2_K0_0_beyaz_altyapi
23:28:47 | INFO: Blender create Mesh node M2_K0_0_korkuluk_ayak
23:28:47 | INFO: Blender create Mesh node M2_K0_0_korkuluk_ayak.001
23:28:47 | INFO: Blender create Mesh node M2_K0_0_korkuluk_ayak.004
23:28:47 | INFO: Blender create Mesh node M2_K0_0_korkuluk_cerceve
23:28:47 | INFO: Blender create Mesh node M2_K0_0_korkuluk_cerceve.001
23:28:47 | INFO: Blender create Mesh node M2_K0_0_korkuluk_dikme
23:28:47 | INFO: Blender create Mesh node M2_K0_0_korkuluk_dikme.001
23:28:47 | INFO: Blender create Mesh node M2_K0_0_korkuluk_dikme.004
23:28:47 | INFO: Blender create Mesh node M2_K0_0_korkuluk_kupeste
23:28:47 | INFO: Blender create Mesh node M2_K0_0_riht
23:28:47 | INFO: Blender create Mesh node M2_K0_0_riht.001
23:28:47 | INFO: Blender create Mesh node M2_K0_0_riht.002
23:28:47 | INFO: Blender create Mesh node M2_K0_0_riht.003
23:28:47 | INFO: Blender create Mesh node M2_K0_0_riht.004
23:28:47 | INFO: Blender create Mesh node M2_K0_0_riht.005
23:28:47 | INFO: Blender create Mesh node M2_K0_0_riht.006
23:28:47 | INFO: Blender create Mesh node M2_K0_0_riht.007
23:28:47 | INFO: Blender create Mesh node M2_K0_0_riht.008
23:28:47 | INFO: Blender create Mesh node M2_K0_1_basamak
23:28:47 | INFO: Blender create Mesh node M2_K0_1_basamak.001
23:28:47 | INFO: Blender create Mesh node M2_K0_1_basamak.002
23:28:47 | INFO: Blender create Mesh node M2_K0_1_basamak.003
23:28:47 | INFO: Blender create Mesh node M2_K0_1_basamak.004
23:28:47 | INFO: Blender create Mesh node M2_K0_1_basamak.005
23:28:47 | INFO: Blender create Mesh node M2_K0_1_basamak.006
23:28:47 | INFO: Blender create Mesh node M2_K0_1_basamak.007
23:28:47 | INFO: Blender create Mesh node M2_K0_1_basamak.008
23:28:47 | INFO: Blender create Mesh node M2_K0_1_beyaz_altyapi
23:28:47 | INFO: Blender create Mesh node M2_K0_1_korkuluk_ayak
23:28:47 | INFO: Blender create Mesh node M2_K0_1_korkuluk_ayak.001
23:28:47 | INFO: Blender create Mesh node M2_K0_1_korkuluk_ayak.004
23:28:47 | INFO: Blender create Mesh node M2_K0_1_korkuluk_cerceve
23:28:47 | INFO: Blender create Mesh node M2_K0_1_korkuluk_cerceve.001
23:28:47 | INFO: Blender create Mesh node M2_K0_1_korkuluk_dikme
23:28:47 | INFO: Blender create Mesh node M2_K0_1_korkuluk_dikme.001
23:28:47 | INFO: Blender create Mesh node M2_K0_1_korkuluk_dikme.004
23:28:47 | INFO: Blender create Mesh node M2_K0_1_korkuluk_kupeste
23:28:47 | INFO: Blender create Mesh node M2_K0_1_riht
23:28:47 | INFO: Blender create Mesh node M2_K0_1_riht.001
23:28:47 | INFO: Blender create Mesh node M2_K0_1_riht.002
23:28:47 | INFO: Blender create Mesh node M2_K0_1_riht.003
23:28:47 | INFO: Blender create Mesh node M2_K0_1_riht.004
23:28:47 | INFO: Blender create Mesh node M2_K0_1_riht.005
23:28:47 | INFO: Blender create Mesh node M2_K0_1_riht.006
23:28:47 | INFO: Blender create Mesh node M2_K0_1_riht.007
23:28:47 | INFO: Blender create Mesh node M2_K0_1_riht.008
23:28:47 | INFO: Blender create Mesh node M2_K0_bosluk_korkuluk_0_ayak
23:28:47 | INFO: Blender create Mesh node M2_K0_bosluk_korkuluk_0_ayak.001
23:28:47 | INFO: Blender create Mesh node M2_K0_bosluk_korkuluk_0_ayak.004
23:28:47 | INFO: Blender create Mesh node M2_K0_bosluk_korkuluk_0_cerceve
23:28:47 | INFO: Blender create Mesh node M2_K0_bosluk_korkuluk_0_cerceve.001
23:28:47 | INFO: Blender create Mesh node M2_K0_bosluk_korkuluk_0_dikme
23:28:47 | INFO: Blender create Mesh node M2_K0_bosluk_korkuluk_0_dikme.001
23:28:47 | INFO: Blender create Mesh node M2_K0_bosluk_korkuluk_0_dikme.004
23:28:47 | INFO: Blender create Mesh node M2_K0_bosluk_korkuluk_0_kupeste
23:28:47 | INFO: Blender create Mesh node M2_K0_sahanlik
23:28:47 | INFO: Blender create Mesh node M2_K0_sahanlik_alti
23:28:47 | INFO: Blender create Mesh node M2_K1_0_basamak
23:28:47 | INFO: Blender create Mesh node M2_K1_0_basamak.001
23:28:47 | INFO: Blender create Mesh node M2_K1_0_basamak.002
23:28:47 | INFO: Blender create Mesh node M2_K1_0_basamak.003
23:28:47 | INFO: Blender create Mesh node M2_K1_0_basamak.004
23:28:47 | INFO: Blender create Mesh node M2_K1_0_basamak.005
23:28:47 | INFO: Blender create Mesh node M2_K1_0_basamak.006
23:28:47 | INFO: Blender create Mesh node M2_K1_0_basamak.007
23:28:47 | INFO: Blender create Mesh node M2_K1_0_basamak.008
23:28:47 | INFO: Blender create Mesh node M2_K1_0_basamak.009
23:28:47 | INFO: Blender create Mesh node M2_K1_0_beyaz_altyapi
23:28:47 | INFO: Blender create Mesh node M2_K1_0_korkuluk_ayak
23:28:47 | INFO: Blender create Mesh node M2_K1_0_korkuluk_ayak.001
23:28:47 | INFO: Blender create Mesh node M2_K1_0_korkuluk_ayak.004
23:28:47 | INFO: Blender create Mesh node M2_K1_0_korkuluk_cerceve
23:28:47 | INFO: Blender create Mesh node M2_K1_0_korkuluk_cerceve.001
23:28:47 | INFO: Blender create Mesh node M2_K1_0_korkuluk_dikme
23:28:47 | INFO: Blender create Mesh node M2_K1_0_korkuluk_dikme.001
23:28:47 | INFO: Blender create Mesh node M2_K1_0_korkuluk_dikme.004
23:28:47 | INFO: Blender create Mesh node M2_K1_0_korkuluk_kupeste
23:28:47 | INFO: Blender create Mesh node M2_K1_0_riht
23:28:47 | INFO: Blender create Mesh node M2_K1_0_riht.001
23:28:47 | INFO: Blender create Mesh node M2_K1_0_riht.002
23:28:47 | INFO: Blender create Mesh node M2_K1_0_riht.003
23:28:47 | INFO: Blender create Mesh node M2_K1_0_riht.004
23:28:47 | INFO: Blender create Mesh node M2_K1_0_riht.005
23:28:47 | INFO: Blender create Mesh node M2_K1_0_riht.006
23:28:47 | INFO: Blender create Mesh node M2_K1_0_riht.007
23:28:47 | INFO: Blender create Mesh node M2_K1_0_riht.008
23:28:47 | INFO: Blender create Mesh node M2_K1_0_riht.009
23:28:47 | INFO: Blender create Mesh node M2_K1_1_basamak
23:28:47 | INFO: Blender create Mesh node M2_K1_1_basamak.001
23:28:47 | INFO: Blender create Mesh node M2_K1_1_basamak.002
23:28:47 | INFO: Blender create Mesh node M2_K1_1_basamak.003
23:28:47 | INFO: Blender create Mesh node M2_K1_1_basamak.004
23:28:47 | INFO: Blender create Mesh node M2_K1_1_basamak.005
23:28:47 | INFO: Blender create Mesh node M2_K1_1_basamak.006
23:28:47 | INFO: Blender create Mesh node M2_K1_1_basamak.007
23:28:47 | INFO: Blender create Mesh node M2_K1_1_basamak.008
23:28:47 | INFO: Blender create Mesh node M2_K1_1_beyaz_altyapi
23:28:47 | INFO: Blender create Mesh node M2_K1_1_korkuluk_ayak
23:28:47 | INFO: Blender create Mesh node M2_K1_1_korkuluk_ayak.001
23:28:47 | INFO: Blender create Mesh node M2_K1_1_korkuluk_ayak.004
23:28:47 | INFO: Blender create Mesh node M2_K1_1_korkuluk_cerceve
23:28:47 | INFO: Blender create Mesh node M2_K1_1_korkuluk_cerceve.001
23:28:47 | INFO: Blender create Mesh node M2_K1_1_korkuluk_dikme
23:28:47 | INFO: Blender create Mesh node M2_K1_1_korkuluk_dikme.001
23:28:47 | INFO: Blender create Mesh node M2_K1_1_korkuluk_dikme.004
23:28:47 | INFO: Blender create Mesh node M2_K1_1_korkuluk_kupeste
23:28:47 | INFO: Blender create Mesh node M2_K1_1_riht
23:28:47 | INFO: Blender create Mesh node M2_K1_1_riht.001
23:28:47 | INFO: Blender create Mesh node M2_K1_1_riht.002
23:28:47 | INFO: Blender create Mesh node M2_K1_1_riht.003
23:28:47 | INFO: Blender create Mesh node M2_K1_1_riht.004
23:28:47 | INFO: Blender create Mesh node M2_K1_1_riht.005
23:28:47 | INFO: Blender create Mesh node M2_K1_1_riht.006
23:28:47 | INFO: Blender create Mesh node M2_K1_1_riht.007
23:28:47 | INFO: Blender create Mesh node M2_K1_1_riht.008
23:28:47 | INFO: Blender create Mesh node M2_K1_bosluk_korkuluk_0_ayak
23:28:47 | INFO: Blender create Mesh node M2_K1_bosluk_korkuluk_0_ayak.001
23:28:47 | INFO: Blender create Mesh node M2_K1_bosluk_korkuluk_0_cerceve
23:28:47 | INFO: Blender create Mesh node M2_K1_bosluk_korkuluk_0_cerceve.001
23:28:47 | INFO: Blender create Mesh node M2_K1_bosluk_korkuluk_0_dikme
23:28:47 | INFO: Blender create Mesh node M2_K1_bosluk_korkuluk_0_dikme.001
23:28:47 | INFO: Blender create Mesh node M2_K1_bosluk_korkuluk_0_kupeste
23:28:47 | INFO: Blender create Mesh node M2_K1_bosluk_korkuluk_1_ayak
23:28:47 | INFO: Blender create Mesh node M2_K1_bosluk_korkuluk_1_ayak.001
23:28:47 | INFO: Blender create Mesh node M2_K1_bosluk_korkuluk_1_cerceve
23:28:47 | INFO: Blender create Mesh node M2_K1_bosluk_korkuluk_1_cerceve.001
23:28:47 | INFO: Blender create Mesh node M2_K1_bosluk_korkuluk_1_dikme
23:28:47 | INFO: Blender create Mesh node M2_K1_bosluk_korkuluk_1_dikme.001
23:28:47 | INFO: Blender create Mesh node M2_K1_bosluk_korkuluk_1_kupeste
23:28:47 | INFO: Blender create Mesh node M2_K1_sahanlik
23:28:47 | INFO: Blender create Mesh node M2_K1_sahanlik_alti
23:28:47 | INFO: Blender create Mesh node M2_K2_0_basamak
23:28:47 | INFO: Blender create Mesh node M2_K2_0_basamak.001
23:28:47 | INFO: Blender create Mesh node M2_K2_0_basamak.002
23:28:47 | INFO: Blender create Mesh node M2_K2_0_basamak.003
23:28:47 | INFO: Blender create Mesh node M2_K2_0_basamak.004
23:28:47 | INFO: Blender create Mesh node M2_K2_0_basamak.005
23:28:47 | INFO: Blender create Mesh node M2_K2_0_basamak.006
23:28:47 | INFO: Blender create Mesh node M2_K2_0_basamak.007
23:28:47 | INFO: Blender create Mesh node M2_K2_0_basamak.008
23:28:47 | INFO: Blender create Mesh node M2_K2_0_beyaz_altyapi
23:28:47 | INFO: Blender create Mesh node M2_K2_0_korkuluk_ayak
23:28:47 | INFO: Blender create Mesh node M2_K2_0_korkuluk_ayak.001
23:28:47 | INFO: Blender create Mesh node M2_K2_0_korkuluk_ayak.004
23:28:47 | INFO: Blender create Mesh node M2_K2_0_korkuluk_cerceve
23:28:47 | INFO: Blender create Mesh node M2_K2_0_korkuluk_cerceve.001
23:28:47 | INFO: Blender create Mesh node M2_K2_0_korkuluk_dikme
23:28:47 | INFO: Blender create Mesh node M2_K2_0_korkuluk_dikme.001
23:28:47 | INFO: Blender create Mesh node M2_K2_0_korkuluk_dikme.004
23:28:47 | INFO: Blender create Mesh node M2_K2_0_korkuluk_kupeste
23:28:47 | INFO: Blender create Mesh node M2_K2_0_riht
23:28:47 | INFO: Blender create Mesh node M2_K2_0_riht.001
23:28:47 | INFO: Blender create Mesh node M2_K2_0_riht.002
23:28:47 | INFO: Blender create Mesh node M2_K2_0_riht.003
23:28:47 | INFO: Blender create Mesh node M2_K2_0_riht.004
23:28:47 | INFO: Blender create Mesh node M2_K2_0_riht.005
23:28:47 | INFO: Blender create Mesh node M2_K2_0_riht.006
23:28:47 | INFO: Blender create Mesh node M2_K2_0_riht.007
23:28:47 | INFO: Blender create Mesh node M2_K2_0_riht.008
23:28:47 | INFO: Blender create Mesh node M2_K2_1_basamak
23:28:47 | INFO: Blender create Mesh node M2_K2_1_basamak.001
23:28:47 | INFO: Blender create Mesh node M2_K2_1_basamak.002
23:28:47 | INFO: Blender create Mesh node M2_K2_1_basamak.003
23:28:47 | INFO: Blender create Mesh node M2_K2_1_basamak.004
23:28:47 | INFO: Blender create Mesh node M2_K2_1_basamak.005
23:28:47 | INFO: Blender create Mesh node M2_K2_1_basamak.006
23:28:47 | INFO: Blender create Mesh node M2_K2_1_basamak.007
23:28:47 | INFO: Blender create Mesh node M2_K2_1_basamak.008
23:28:47 | INFO: Blender create Mesh node M2_K2_1_beyaz_altyapi
23:28:47 | INFO: Blender create Mesh node M2_K2_1_korkuluk_ayak
23:28:47 | INFO: Blender create Mesh node M2_K2_1_korkuluk_ayak.001
23:28:47 | INFO: Blender create Mesh node M2_K2_1_korkuluk_ayak.004
23:28:47 | INFO: Blender create Mesh node M2_K2_1_korkuluk_cerceve
23:28:47 | INFO: Blender create Mesh node M2_K2_1_korkuluk_cerceve.001
23:28:47 | INFO: Blender create Mesh node M2_K2_1_korkuluk_dikme
23:28:47 | INFO: Blender create Mesh node M2_K2_1_korkuluk_dikme.001
23:28:47 | INFO: Blender create Mesh node M2_K2_1_korkuluk_dikme.004
23:28:47 | INFO: Blender create Mesh node M2_K2_1_korkuluk_kupeste
23:28:47 | INFO: Blender create Mesh node M2_K2_1_riht
23:28:47 | INFO: Blender create Mesh node M2_K2_1_riht.001
23:28:47 | INFO: Blender create Mesh node M2_K2_1_riht.002
23:28:47 | INFO: Blender create Mesh node M2_K2_1_riht.003
23:28:47 | INFO: Blender create Mesh node M2_K2_1_riht.004
23:28:47 | INFO: Blender create Mesh node M2_K2_1_riht.005
23:28:47 | INFO: Blender create Mesh node M2_K2_1_riht.006
23:28:47 | INFO: Blender create Mesh node M2_K2_1_riht.007
23:28:47 | INFO: Blender create Mesh node M2_K2_1_riht.008
23:28:47 | INFO: Blender create Mesh node M2_K2_bosluk_korkuluk_0_ayak
23:28:47 | INFO: Blender create Mesh node M2_K2_bosluk_korkuluk_0_ayak.001
23:28:47 | INFO: Blender create Mesh node M2_K2_bosluk_korkuluk_0_cerceve
23:28:47 | INFO: Blender create Mesh node M2_K2_bosluk_korkuluk_0_cerceve.001
23:28:47 | INFO: Blender create Mesh node M2_K2_bosluk_korkuluk_0_dikme
23:28:47 | INFO: Blender create Mesh node M2_K2_bosluk_korkuluk_0_dikme.001
23:28:47 | INFO: Blender create Mesh node M2_K2_bosluk_korkuluk_0_kupeste
23:28:47 | INFO: Blender create Mesh node M2_K2_sahanlik
23:28:47 | INFO: Blender create Mesh node M2_K2_sahanlik_alti
23:28:47 | INFO: Blender create Mesh node M3_01_dik_profil.012
23:28:47 | INFO: Blender create Mesh node M3_01_dik_profil.013
23:28:47 | INFO: Blender create Mesh node M3_01_dik_profil.014
23:28:47 | INFO: Blender create Mesh node M3_01_dik_profil.015
23:28:47 | INFO: Blender create Mesh node M3_01_dik_profil.016
23:28:47 | INFO: Blender create Mesh node M3_01_dik_profil.017
23:28:47 | INFO: Blender create Mesh node M3_01_dik_profil.018
23:28:47 | INFO: Blender create Mesh node M3_01_dik_profil.019
23:28:47 | INFO: Blender create Mesh node M3_01_dik_profil.020
23:28:47 | INFO: Blender create Mesh node M3_01_dik_profil.021
23:28:47 | INFO: Blender create Mesh node M3_01_dik_profil.022
23:28:47 | INFO: Blender create Mesh node M3_01_dik_profil.023
23:28:47 | INFO: Blender create Mesh node M3_01_esik_doseme.001
23:28:48 | INFO: Blender create Mesh node M3_01_gobek.006
23:28:48 | INFO: Blender create Mesh node M3_01_gobek.007
23:28:48 | INFO: Blender create Mesh node M3_01_gobek.008
23:28:48 | INFO: Blender create Mesh node M3_01_gobek.009
23:28:48 | INFO: Blender create Mesh node M3_01_gobek.010
23:28:48 | INFO: Blender create Mesh node M3_01_gobek.011
23:28:48 | INFO: Blender create Mesh node M3_01_kanat.001
23:28:48 | INFO: Blender create Mesh node M3_01_kasa.002
23:28:48 | INFO: Blender create Mesh node M3_01_kasa.003
23:28:48 | INFO: Blender create Mesh node M3_01_kulp
23:28:48 | INFO: Blender create Mesh node M3_01_kulp.001
23:28:48 | INFO: Blender create Mesh node M3_01_mentese
23:28:48 | INFO: Blender create Mesh node M3_01_mentese.001
23:28:48 | INFO: Blender create Mesh node M3_01_mentese.002
23:28:48 | INFO: Blender create Mesh node M3_01_pervaz.004
23:28:48 | INFO: Blender create Mesh node M3_01_pervaz.005
23:28:48 | INFO: Blender create Mesh node M3_01_pervaz.006
23:28:48 | INFO: Blender create Mesh node M3_01_pervaz.007
23:28:48 | INFO: Blender create Mesh node M3_01_ust_kasa.001
23:28:48 | INFO: Blender create Mesh node M3_01_ust_pervaz.002
23:28:48 | INFO: Blender create Mesh node M3_01_ust_pervaz.003
23:28:48 | INFO: Blender create Mesh node M3_01_yatay_profil.012
23:28:48 | INFO: Blender create Mesh node M3_01_yatay_profil.013
23:28:48 | INFO: Blender create Mesh node M3_01_yatay_profil.014
23:28:48 | INFO: Blender create Mesh node M3_01_yatay_profil.015
23:28:48 | INFO: Blender create Mesh node M3_01_yatay_profil.016
23:28:48 | INFO: Blender create Mesh node M3_01_yatay_profil.017
23:28:48 | INFO: Blender create Mesh node M3_01_yatay_profil.018
23:28:48 | INFO: Blender create Mesh node M3_01_yatay_profil.019
23:28:48 | INFO: Blender create Mesh node M3_01_yatay_profil.020
23:28:48 | INFO: Blender create Mesh node M3_01_yatay_profil.021
23:28:48 | INFO: Blender create Mesh node M3_01_yatay_profil.022
23:28:48 | INFO: Blender create Mesh node M3_01_yatay_profil.023
23:28:48 | INFO: Blender create Mesh node M3_02_dik_profil.024
23:28:48 | INFO: Blender create Mesh node M3_02_dik_profil.025
23:28:48 | INFO: Blender create Mesh node M3_02_dik_profil.026
23:28:48 | INFO: Blender create Mesh node M3_02_dik_profil.027
23:28:48 | INFO: Blender create Mesh node M3_02_dik_profil.028
23:28:48 | INFO: Blender create Mesh node M3_02_dik_profil.029
23:28:48 | INFO: Blender create Mesh node M3_02_dik_profil.030
23:28:48 | INFO: Blender create Mesh node M3_02_dik_profil.031
23:28:48 | INFO: Blender create Mesh node M3_02_dik_profil.032
23:28:48 | INFO: Blender create Mesh node M3_02_dik_profil.033
23:28:48 | INFO: Blender create Mesh node M3_02_dik_profil.034
23:28:48 | INFO: Blender create Mesh node M3_02_dik_profil.035
23:28:48 | INFO: Blender create Mesh node M3_02_dik_profil.036
23:28:48 | INFO: Blender create Mesh node M3_02_dik_profil.037
23:28:48 | INFO: Blender create Mesh node M3_02_dik_profil.038
23:28:48 | INFO: Blender create Mesh node M3_02_dik_profil.039
23:28:48 | INFO: Blender create Mesh node M3_02_dik_profil.040
23:28:48 | INFO: Blender create Mesh node M3_02_dik_profil.041
23:28:48 | INFO: Blender create Mesh node M3_02_dik_profil.042
23:28:48 | INFO: Blender create Mesh node M3_02_dik_profil.043
23:28:48 | INFO: Blender create Mesh node M3_02_dik_profil.044
23:28:48 | INFO: Blender create Mesh node M3_02_dik_profil.045
23:28:48 | INFO: Blender create Mesh node M3_02_dik_profil.046
23:28:48 | INFO: Blender create Mesh node M3_02_dik_profil.047
23:28:48 | INFO: Blender create Mesh node M3_02_esik_doseme.001
23:28:48 | INFO: Blender create Mesh node M3_02_gobek.012
23:28:48 | INFO: Blender create Mesh node M3_02_gobek.013
23:28:48 | INFO: Blender create Mesh node M3_02_gobek.014
23:28:48 | INFO: Blender create Mesh node M3_02_gobek.015
23:28:48 | INFO: Blender create Mesh node M3_02_gobek.016
23:28:48 | INFO: Blender create Mesh node M3_02_gobek.017
23:28:48 | INFO: Blender create Mesh node M3_02_gobek.018
23:28:48 | INFO: Blender create Mesh node M3_02_gobek.019
23:28:48 | INFO: Blender create Mesh node M3_02_gobek.020
23:28:48 | INFO: Blender create Mesh node M3_02_gobek.021
23:28:48 | INFO: Blender create Mesh node M3_02_gobek.022
23:28:48 | INFO: Blender create Mesh node M3_02_gobek.023
23:28:48 | INFO: Blender create Mesh node M3_02_kanat.001
23:28:48 | INFO: Blender create Mesh node M3_02_kasa.002
23:28:48 | INFO: Blender create Mesh node M3_02_kasa.003
23:28:48 | INFO: Blender create Mesh node M3_02_mentese
23:28:48 | INFO: Blender create Mesh node M3_02_mentese.001
23:28:48 | INFO: Blender create Mesh node M3_02_mentese.002
23:28:48 | INFO: Blender create Mesh node M3_02_pervaz.004
23:28:48 | INFO: Blender create Mesh node M3_02_pervaz.005
23:28:48 | INFO: Blender create Mesh node M3_02_pervaz.006
23:28:48 | INFO: Blender create Mesh node M3_02_pervaz.007
23:28:48 | INFO: Blender create Mesh node Sphere.009
23:28:48 | INFO: Blender create Mesh node Sphere.010
23:28:48 | INFO: Blender create Mesh node M3_02_topuz_mili
23:28:48 | INFO: Blender create Mesh node M3_02_topuz_mili.001
23:28:48 | INFO: Blender create Mesh node M3_02_ust_kasa.001
23:28:48 | INFO: Blender create Mesh node M3_02_ust_pervaz.002
23:28:48 | INFO: Blender create Mesh node M3_02_ust_pervaz.003
23:28:48 | INFO: Blender create Mesh node M3_02_yatay_profil.024
23:28:48 | INFO: Blender create Mesh node M3_02_yatay_profil.025
23:28:48 | INFO: Blender create Mesh node M3_02_yatay_profil.026
23:28:48 | INFO: Blender create Mesh node M3_02_yatay_profil.027
23:28:48 | INFO: Blender create Mesh node M3_02_yatay_profil.028
23:28:48 | INFO: Blender create Mesh node M3_02_yatay_profil.029
23:28:48 | INFO: Blender create Mesh node M3_02_yatay_profil.030
23:28:48 | INFO: Blender create Mesh node M3_02_yatay_profil.031
23:28:48 | INFO: Blender create Mesh node M3_02_yatay_profil.032
23:28:48 | INFO: Blender create Mesh node M3_02_yatay_profil.033
23:28:48 | INFO: Blender create Mesh node M3_02_yatay_profil.034
23:28:48 | INFO: Blender create Mesh node M3_02_yatay_profil.035
23:28:48 | INFO: Blender create Mesh node M3_02_yatay_profil.036
23:28:48 | INFO: Blender create Mesh node M3_02_yatay_profil.037
23:28:48 | INFO: Blender create Mesh node M3_02_yatay_profil.038
23:28:48 | INFO: Blender create Mesh node M3_02_yatay_profil.039
23:28:48 | INFO: Blender create Mesh node M3_02_yatay_profil.040
23:28:48 | INFO: Blender create Mesh node M3_02_yatay_profil.041
23:28:48 | INFO: Blender create Mesh node M3_02_yatay_profil.042
23:28:48 | INFO: Blender create Mesh node M3_02_yatay_profil.043
23:28:48 | INFO: Blender create Mesh node M3_02_yatay_profil.044
23:28:48 | INFO: Blender create Mesh node M3_02_yatay_profil.045
23:28:48 | INFO: Blender create Mesh node M3_02_yatay_profil.046
23:28:48 | INFO: Blender create Mesh node M3_02_yatay_profil.047
23:28:48 | INFO: Blender create Mesh node M3_03_dik_profil.024
23:28:48 | INFO: Blender create Mesh node M3_03_dik_profil.025
23:28:48 | INFO: Blender create Mesh node M3_03_dik_profil.026
23:28:48 | INFO: Blender create Mesh node M3_03_dik_profil.027
23:28:48 | INFO: Blender create Mesh node M3_03_dik_profil.028
23:28:48 | INFO: Blender create Mesh node M3_03_dik_profil.029
23:28:48 | INFO: Blender create Mesh node M3_03_dik_profil.030
23:28:48 | INFO: Blender create Mesh node M3_03_dik_profil.031
23:28:48 | INFO: Blender create Mesh node M3_03_dik_profil.032
23:28:48 | INFO: Blender create Mesh node M3_03_dik_profil.033
23:28:48 | INFO: Blender create Mesh node M3_03_dik_profil.034
23:28:48 | INFO: Blender create Mesh node M3_03_dik_profil.035
23:28:48 | INFO: Blender create Mesh node M3_03_dik_profil.036
23:28:48 | INFO: Blender create Mesh node M3_03_dik_profil.037
23:28:48 | INFO: Blender create Mesh node M3_03_dik_profil.038
23:28:48 | INFO: Blender create Mesh node M3_03_dik_profil.039
23:28:48 | INFO: Blender create Mesh node M3_03_dik_profil.040
23:28:48 | INFO: Blender create Mesh node M3_03_dik_profil.041
23:28:48 | INFO: Blender create Mesh node M3_03_dik_profil.042
23:28:48 | INFO: Blender create Mesh node M3_03_dik_profil.043
23:28:48 | INFO: Blender create Mesh node M3_03_dik_profil.044
23:28:48 | INFO: Blender create Mesh node M3_03_dik_profil.045
23:28:48 | INFO: Blender create Mesh node M3_03_dik_profil.046
23:28:48 | INFO: Blender create Mesh node M3_03_dik_profil.047
23:28:48 | INFO: Blender create Mesh node M3_03_esik_doseme.001
23:28:48 | INFO: Blender create Mesh node M3_03_gobek.012
23:28:48 | INFO: Blender create Mesh node M3_03_gobek.013
23:28:48 | INFO: Blender create Mesh node M3_03_gobek.014
23:28:48 | INFO: Blender create Mesh node M3_03_gobek.015
23:28:48 | INFO: Blender create Mesh node M3_03_gobek.016
23:28:48 | INFO: Blender create Mesh node M3_03_gobek.017
23:28:48 | INFO: Blender create Mesh node M3_03_gobek.018
23:28:48 | INFO: Blender create Mesh node M3_03_gobek.019
23:28:48 | INFO: Blender create Mesh node M3_03_gobek.020
23:28:48 | INFO: Blender create Mesh node M3_03_gobek.021
23:28:48 | INFO: Blender create Mesh node M3_03_gobek.022
23:28:48 | INFO: Blender create Mesh node M3_03_gobek.023
23:28:48 | INFO: Blender create Mesh node M3_03_kanat.001
23:28:48 | INFO: Blender create Mesh node M3_03_kasa.002
23:28:48 | INFO: Blender create Mesh node M3_03_kasa.003
23:28:48 | INFO: Blender create Mesh node M3_03_mentese
23:28:48 | INFO: Blender create Mesh node M3_03_mentese.001
23:28:48 | INFO: Blender create Mesh node M3_03_mentese.002
23:28:48 | INFO: Blender create Mesh node M3_03_pervaz.004
23:28:48 | INFO: Blender create Mesh node M3_03_pervaz.005
23:28:48 | INFO: Blender create Mesh node M3_03_pervaz.006
23:28:48 | INFO: Blender create Mesh node M3_03_pervaz.007
23:28:48 | INFO: Blender create Mesh node Sphere.011
23:28:48 | INFO: Blender create Mesh node Sphere.012
23:28:48 | INFO: Blender create Mesh node M3_03_topuz_mili
23:28:48 | INFO: Blender create Mesh node M3_03_topuz_mili.001
23:28:48 | INFO: Blender create Mesh node M3_03_ust_kasa.001
23:28:48 | INFO: Blender create Mesh node M3_03_ust_pervaz.002
23:28:48 | INFO: Blender create Mesh node M3_03_ust_pervaz.003
23:28:48 | INFO: Blender create Mesh node M3_03_yatay_profil.024
23:28:48 | INFO: Blender create Mesh node M3_03_yatay_profil.025
23:28:48 | INFO: Blender create Mesh node M3_03_yatay_profil.026
23:28:48 | INFO: Blender create Mesh node M3_03_yatay_profil.027
23:28:48 | INFO: Blender create Mesh node M3_03_yatay_profil.028
23:28:48 | INFO: Blender create Mesh node M3_03_yatay_profil.029
23:28:48 | INFO: Blender create Mesh node M3_03_yatay_profil.030
23:28:48 | INFO: Blender create Mesh node M3_03_yatay_profil.031
23:28:48 | INFO: Blender create Mesh node M3_03_yatay_profil.032
23:28:48 | INFO: Blender create Mesh node M3_03_yatay_profil.033
23:28:48 | INFO: Blender create Mesh node M3_03_yatay_profil.034
23:28:48 | INFO: Blender create Mesh node M3_03_yatay_profil.035
23:28:48 | INFO: Blender create Mesh node M3_03_yatay_profil.036
23:28:48 | INFO: Blender create Mesh node M3_03_yatay_profil.037
23:28:48 | INFO: Blender create Mesh node M3_03_yatay_profil.038
23:28:48 | INFO: Blender create Mesh node M3_03_yatay_profil.039
23:28:48 | INFO: Blender create Mesh node M3_03_yatay_profil.040
23:28:48 | INFO: Blender create Mesh node M3_03_yatay_profil.041
23:28:48 | INFO: Blender create Mesh node M3_03_yatay_profil.042
23:28:48 | INFO: Blender create Mesh node M3_03_yatay_profil.043
23:28:48 | INFO: Blender create Mesh node M3_03_yatay_profil.044
23:28:48 | INFO: Blender create Mesh node M3_03_yatay_profil.045
23:28:48 | INFO: Blender create Mesh node M3_03_yatay_profil.046
23:28:48 | INFO: Blender create Mesh node M3_03_yatay_profil.047
23:28:48 | INFO: Blender create Mesh node M3_04_dik_profil.024
23:28:48 | INFO: Blender create Mesh node M3_04_dik_profil.025
23:28:48 | INFO: Blender create Mesh node M3_04_dik_profil.026
23:28:48 | INFO: Blender create Mesh node M3_04_dik_profil.027
23:28:48 | INFO: Blender create Mesh node M3_04_dik_profil.028
23:28:48 | INFO: Blender create Mesh node M3_04_dik_profil.029
23:28:48 | INFO: Blender create Mesh node M3_04_dik_profil.030
23:28:48 | INFO: Blender create Mesh node M3_04_dik_profil.031
23:28:48 | INFO: Blender create Mesh node M3_04_dik_profil.032
23:28:48 | INFO: Blender create Mesh node M3_04_dik_profil.033
23:28:48 | INFO: Blender create Mesh node M3_04_dik_profil.034
23:28:48 | INFO: Blender create Mesh node M3_04_dik_profil.035
23:28:48 | INFO: Blender create Mesh node M3_04_dik_profil.036
23:28:48 | INFO: Blender create Mesh node M3_04_dik_profil.037
23:28:48 | INFO: Blender create Mesh node M3_04_dik_profil.038
23:28:48 | INFO: Blender create Mesh node M3_04_dik_profil.039
23:28:48 | INFO: Blender create Mesh node M3_04_dik_profil.040
23:28:48 | INFO: Blender create Mesh node M3_04_dik_profil.041
23:28:48 | INFO: Blender create Mesh node M3_04_dik_profil.042
23:28:48 | INFO: Blender create Mesh node M3_04_dik_profil.043
23:28:48 | INFO: Blender create Mesh node M3_04_dik_profil.044
23:28:48 | INFO: Blender create Mesh node M3_04_dik_profil.045
23:28:48 | INFO: Blender create Mesh node M3_04_dik_profil.046
23:28:48 | INFO: Blender create Mesh node M3_04_dik_profil.047
23:28:48 | INFO: Blender create Mesh node M3_04_esik_doseme.001
23:28:48 | INFO: Blender create Mesh node M3_04_gobek.012
23:28:48 | INFO: Blender create Mesh node M3_04_gobek.013
23:28:48 | INFO: Blender create Mesh node M3_04_gobek.014
23:28:48 | INFO: Blender create Mesh node M3_04_gobek.015
23:28:48 | INFO: Blender create Mesh node M3_04_gobek.016
23:28:48 | INFO: Blender create Mesh node M3_04_gobek.017
23:28:48 | INFO: Blender create Mesh node M3_04_gobek.018
23:28:48 | INFO: Blender create Mesh node M3_04_gobek.019
23:28:48 | INFO: Blender create Mesh node M3_04_gobek.020
23:28:48 | INFO: Blender create Mesh node M3_04_gobek.021
23:28:48 | INFO: Blender create Mesh node M3_04_gobek.022
23:28:48 | INFO: Blender create Mesh node M3_04_gobek.023
23:28:48 | INFO: Blender create Mesh node M3_04_kanat.001
23:28:48 | INFO: Blender create Mesh node M3_04_kasa.002
23:28:48 | INFO: Blender create Mesh node M3_04_kasa.003
23:28:48 | INFO: Blender create Mesh node M3_04_mentese
23:28:48 | INFO: Blender create Mesh node M3_04_mentese.001
23:28:48 | INFO: Blender create Mesh node M3_04_mentese.002
23:28:48 | INFO: Blender create Mesh node M3_04_pervaz.004
23:28:48 | INFO: Blender create Mesh node M3_04_pervaz.005
23:28:48 | INFO: Blender create Mesh node M3_04_pervaz.006
23:28:48 | INFO: Blender create Mesh node M3_04_pervaz.007
23:28:48 | INFO: Blender create Mesh node Sphere.013
23:28:48 | INFO: Blender create Mesh node Sphere.014
23:28:48 | INFO: Blender create Mesh node M3_04_topuz_mili
23:28:48 | INFO: Blender create Mesh node M3_04_topuz_mili.001
23:28:48 | INFO: Blender create Mesh node M3_04_ust_kasa.001
23:28:48 | INFO: Blender create Mesh node M3_04_ust_pervaz.002
23:28:48 | INFO: Blender create Mesh node M3_04_ust_pervaz.003
23:28:48 | INFO: Blender create Mesh node M3_04_yatay_profil.024
23:28:48 | INFO: Blender create Mesh node M3_04_yatay_profil.025
23:28:48 | INFO: Blender create Mesh node M3_04_yatay_profil.026
23:28:48 | INFO: Blender create Mesh node M3_04_yatay_profil.027
23:28:48 | INFO: Blender create Mesh node M3_04_yatay_profil.028
23:28:48 | INFO: Blender create Mesh node M3_04_yatay_profil.029
23:28:48 | INFO: Blender create Mesh node M3_04_yatay_profil.030
23:28:48 | INFO: Blender create Mesh node M3_04_yatay_profil.031
23:28:48 | INFO: Blender create Mesh node M3_04_yatay_profil.032
23:28:48 | INFO: Blender create Mesh node M3_04_yatay_profil.033
23:28:48 | INFO: Blender create Mesh node M3_04_yatay_profil.034
23:28:48 | INFO: Blender create Mesh node M3_04_yatay_profil.035
23:28:48 | INFO: Blender create Mesh node M3_04_yatay_profil.036
23:28:48 | INFO: Blender create Mesh node M3_04_yatay_profil.037
23:28:48 | INFO: Blender create Mesh node M3_04_yatay_profil.038
23:28:48 | INFO: Blender create Mesh node M3_04_yatay_profil.039
23:28:48 | INFO: Blender create Mesh node M3_04_yatay_profil.040
23:28:48 | INFO: Blender create Mesh node M3_04_yatay_profil.041
23:28:48 | INFO: Blender create Mesh node M3_04_yatay_profil.042
23:28:48 | INFO: Blender create Mesh node M3_04_yatay_profil.043
23:28:48 | INFO: Blender create Mesh node M3_04_yatay_profil.044
23:28:48 | INFO: Blender create Mesh node M3_04_yatay_profil.045
23:28:48 | INFO: Blender create Mesh node M3_04_yatay_profil.046
23:28:48 | INFO: Blender create Mesh node M3_04_yatay_profil.047
23:28:48 | INFO: Blender create Mesh node M3_05_dik_profil.024
23:28:48 | INFO: Blender create Mesh node M3_05_dik_profil.025
23:28:48 | INFO: Blender create Mesh node M3_05_dik_profil.026
23:28:48 | INFO: Blender create Mesh node M3_05_dik_profil.027
23:28:48 | INFO: Blender create Mesh node M3_05_dik_profil.028
23:28:48 | INFO: Blender create Mesh node M3_05_dik_profil.029
23:28:48 | INFO: Blender create Mesh node M3_05_dik_profil.030
23:28:48 | INFO: Blender create Mesh node M3_05_dik_profil.031
23:28:48 | INFO: Blender create Mesh node M3_05_dik_profil.032
23:28:48 | INFO: Blender create Mesh node M3_05_dik_profil.033
23:28:48 | INFO: Blender create Mesh node M3_05_dik_profil.034
23:28:48 | INFO: Blender create Mesh node M3_05_dik_profil.035
23:28:48 | INFO: Blender create Mesh node M3_05_dik_profil.036
23:28:48 | INFO: Blender create Mesh node M3_05_dik_profil.037
23:28:48 | INFO: Blender create Mesh node M3_05_dik_profil.038
23:28:48 | INFO: Blender create Mesh node M3_05_dik_profil.039
23:28:48 | INFO: Blender create Mesh node M3_05_dik_profil.040
23:28:48 | INFO: Blender create Mesh node M3_05_dik_profil.041
23:28:48 | INFO: Blender create Mesh node M3_05_dik_profil.042
23:28:48 | INFO: Blender create Mesh node M3_05_dik_profil.043
23:28:48 | INFO: Blender create Mesh node M3_05_dik_profil.044
23:28:48 | INFO: Blender create Mesh node M3_05_dik_profil.045
23:28:48 | INFO: Blender create Mesh node M3_05_dik_profil.046
23:28:48 | INFO: Blender create Mesh node M3_05_dik_profil.047
23:28:48 | INFO: Blender create Mesh node M3_05_esik_doseme.001
23:28:48 | INFO: Blender create Mesh node M3_05_gobek.012
23:28:48 | INFO: Blender create Mesh node M3_05_gobek.013
23:28:48 | INFO: Blender create Mesh node M3_05_gobek.014
23:28:48 | INFO: Blender create Mesh node M3_05_gobek.015
23:28:48 | INFO: Blender create Mesh node M3_05_gobek.016
23:28:48 | INFO: Blender create Mesh node M3_05_gobek.017
23:28:48 | INFO: Blender create Mesh node M3_05_gobek.018
23:28:48 | INFO: Blender create Mesh node M3_05_gobek.019
23:28:48 | INFO: Blender create Mesh node M3_05_gobek.020
23:28:48 | INFO: Blender create Mesh node M3_05_gobek.021
23:28:48 | INFO: Blender create Mesh node M3_05_gobek.022
23:28:48 | INFO: Blender create Mesh node M3_05_gobek.023
23:28:48 | INFO: Blender create Mesh node M3_05_kanat.001
23:28:48 | INFO: Blender create Mesh node M3_05_kasa.002
23:28:48 | INFO: Blender create Mesh node M3_05_kasa.003
23:28:48 | INFO: Blender create Mesh node M3_05_kulp
23:28:48 | INFO: Blender create Mesh node M3_05_kulp.001
23:28:48 | INFO: Blender create Mesh node M3_05_mentese
23:28:48 | INFO: Blender create Mesh node M3_05_mentese.001
23:28:48 | INFO: Blender create Mesh node M3_05_mentese.002
23:28:48 | INFO: Blender create Mesh node M3_05_pervaz.004
23:28:48 | INFO: Blender create Mesh node M3_05_pervaz.005
23:28:48 | INFO: Blender create Mesh node M3_05_pervaz.006
23:28:48 | INFO: Blender create Mesh node M3_05_pervaz.007
23:28:48 | INFO: Blender create Mesh node M3_05_ust_kasa.001
23:28:48 | INFO: Blender create Mesh node M3_05_ust_pervaz.002
23:28:48 | INFO: Blender create Mesh node M3_05_ust_pervaz.003
23:28:48 | INFO: Blender create Mesh node M3_05_yatay_profil.024
23:28:48 | INFO: Blender create Mesh node M3_05_yatay_profil.025
23:28:48 | INFO: Blender create Mesh node M3_05_yatay_profil.026
23:28:48 | INFO: Blender create Mesh node M3_05_yatay_profil.027
23:28:48 | INFO: Blender create Mesh node M3_05_yatay_profil.028
23:28:48 | INFO: Blender create Mesh node M3_05_yatay_profil.029
23:28:48 | INFO: Blender create Mesh node M3_05_yatay_profil.030
23:28:48 | INFO: Blender create Mesh node M3_05_yatay_profil.031
23:28:48 | INFO: Blender create Mesh node M3_05_yatay_profil.032
23:28:48 | INFO: Blender create Mesh node M3_05_yatay_profil.033
23:28:48 | INFO: Blender create Mesh node M3_05_yatay_profil.034
23:28:48 | INFO: Blender create Mesh node M3_05_yatay_profil.035
23:28:48 | INFO: Blender create Mesh node M3_05_yatay_profil.036
23:28:48 | INFO: Blender create Mesh node M3_05_yatay_profil.037
23:28:48 | INFO: Blender create Mesh node M3_05_yatay_profil.038
23:28:48 | INFO: Blender create Mesh node M3_05_yatay_profil.039
23:28:48 | INFO: Blender create Mesh node M3_05_yatay_profil.040
23:28:48 | INFO: Blender create Mesh node M3_05_yatay_profil.041
23:28:48 | INFO: Blender create Mesh node M3_05_yatay_profil.042
23:28:48 | INFO: Blender create Mesh node M3_05_yatay_profil.043
23:28:48 | INFO: Blender create Mesh node M3_05_yatay_profil.044
23:28:48 | INFO: Blender create Mesh node M3_05_yatay_profil.045
23:28:48 | INFO: Blender create Mesh node M3_05_yatay_profil.046
23:28:48 | INFO: Blender create Mesh node M3_05_yatay_profil.047
23:28:48 | INFO: Blender create Mesh node M3_06_dik_profil.024
23:28:48 | INFO: Blender create Mesh node M3_06_dik_profil.025
23:28:48 | INFO: Blender create Mesh node M3_06_dik_profil.026
23:28:48 | INFO: Blender create Mesh node M3_06_dik_profil.027
23:28:48 | INFO: Blender create Mesh node M3_06_dik_profil.028
23:28:48 | INFO: Blender create Mesh node M3_06_dik_profil.029
23:28:48 | INFO: Blender create Mesh node M3_06_dik_profil.030
23:28:48 | INFO: Blender create Mesh node M3_06_dik_profil.031
23:28:48 | INFO: Blender create Mesh node M3_06_dik_profil.032
23:28:48 | INFO: Blender create Mesh node M3_06_dik_profil.033
23:28:48 | INFO: Blender create Mesh node M3_06_dik_profil.034
23:28:48 | INFO: Blender create Mesh node M3_06_dik_profil.035
23:28:48 | INFO: Blender create Mesh node M3_06_dik_profil.036
23:28:48 | INFO: Blender create Mesh node M3_06_dik_profil.037
23:28:48 | INFO: Blender create Mesh node M3_06_dik_profil.038
23:28:48 | INFO: Blender create Mesh node M3_06_dik_profil.039
23:28:48 | INFO: Blender create Mesh node M3_06_dik_profil.040
23:28:48 | INFO: Blender create Mesh node M3_06_dik_profil.041
23:28:48 | INFO: Blender create Mesh node M3_06_dik_profil.042
23:28:48 | INFO: Blender create Mesh node M3_06_dik_profil.043
23:28:48 | INFO: Blender create Mesh node M3_06_dik_profil.044
23:28:48 | INFO: Blender create Mesh node M3_06_dik_profil.045
23:28:48 | INFO: Blender create Mesh node M3_06_dik_profil.046
23:28:48 | INFO: Blender create Mesh node M3_06_dik_profil.047
23:28:48 | INFO: Blender create Mesh node M3_06_esik_doseme.001
23:28:48 | INFO: Blender create Mesh node M3_06_gobek.012
23:28:48 | INFO: Blender create Mesh node M3_06_gobek.013
23:28:48 | INFO: Blender create Mesh node M3_06_gobek.014
23:28:48 | INFO: Blender create Mesh node M3_06_gobek.015
23:28:48 | INFO: Blender create Mesh node M3_06_gobek.016
23:28:48 | INFO: Blender create Mesh node M3_06_gobek.017
23:28:48 | INFO: Blender create Mesh node M3_06_gobek.018
23:28:48 | INFO: Blender create Mesh node M3_06_gobek.019
23:28:48 | INFO: Blender create Mesh node M3_06_gobek.020
23:28:48 | INFO: Blender create Mesh node M3_06_gobek.021
23:28:48 | INFO: Blender create Mesh node M3_06_gobek.022
23:28:48 | INFO: Blender create Mesh node M3_06_gobek.023
23:28:48 | INFO: Blender create Mesh node M3_06_kanat.001
23:28:48 | INFO: Blender create Mesh node M3_06_kasa.002
23:28:48 | INFO: Blender create Mesh node M3_06_kasa.003
23:28:48 | INFO: Blender create Mesh node M3_06_mentese
23:28:48 | INFO: Blender create Mesh node M3_06_mentese.001
23:28:48 | INFO: Blender create Mesh node M3_06_mentese.002
23:28:48 | INFO: Blender create Mesh node M3_06_pervaz.004
23:28:48 | INFO: Blender create Mesh node M3_06_pervaz.005
23:28:48 | INFO: Blender create Mesh node M3_06_pervaz.006
23:28:48 | INFO: Blender create Mesh node M3_06_pervaz.007
23:28:48 | INFO: Blender create Mesh node Sphere.015
23:28:48 | INFO: Blender create Mesh node Sphere.016
23:28:48 | INFO: Blender create Mesh node M3_06_topuz_mili
23:28:48 | INFO: Blender create Mesh node M3_06_topuz_mili.001
23:28:48 | INFO: Blender create Mesh node M3_06_ust_kasa.001
23:28:48 | INFO: Blender create Mesh node M3_06_ust_pervaz.002
23:28:48 | INFO: Blender create Mesh node M3_06_ust_pervaz.003
23:28:48 | INFO: Blender create Mesh node M3_06_yatay_profil.024
23:28:48 | INFO: Blender create Mesh node M3_06_yatay_profil.025
23:28:48 | INFO: Blender create Mesh node M3_06_yatay_profil.026
23:28:48 | INFO: Blender create Mesh node M3_06_yatay_profil.027
23:28:48 | INFO: Blender create Mesh node M3_06_yatay_profil.028
23:28:48 | INFO: Blender create Mesh node M3_06_yatay_profil.029
23:28:48 | INFO: Blender create Mesh node M3_06_yatay_profil.030
23:28:48 | INFO: Blender create Mesh node M3_06_yatay_profil.031
23:28:48 | INFO: Blender create Mesh node M3_06_yatay_profil.032
23:28:48 | INFO: Blender create Mesh node M3_06_yatay_profil.033
23:28:48 | INFO: Blender create Mesh node M3_06_yatay_profil.034
23:28:48 | INFO: Blender create Mesh node M3_06_yatay_profil.035
23:28:48 | INFO: Blender create Mesh node M3_06_yatay_profil.036
23:28:48 | INFO: Blender create Mesh node M3_06_yatay_profil.037
23:28:48 | INFO: Blender create Mesh node M3_06_yatay_profil.038
23:28:48 | INFO: Blender create Mesh node M3_06_yatay_profil.039
23:28:48 | INFO: Blender create Mesh node M3_06_yatay_profil.040
23:28:48 | INFO: Blender create Mesh node M3_06_yatay_profil.041
23:28:48 | INFO: Blender create Mesh node M3_06_yatay_profil.042
23:28:48 | INFO: Blender create Mesh node M3_06_yatay_profil.043
23:28:48 | INFO: Blender create Mesh node M3_06_yatay_profil.044
23:28:48 | INFO: Blender create Mesh node M3_06_yatay_profil.045
23:28:48 | INFO: Blender create Mesh node M3_06_yatay_profil.046
23:28:48 | INFO: Blender create Mesh node M3_06_yatay_profil.047
23:28:48 | INFO: Blender create Mesh node M3_07_dik_profil.024
23:28:48 | INFO: Blender create Mesh node M3_07_dik_profil.025
23:28:48 | INFO: Blender create Mesh node M3_07_dik_profil.026
23:28:48 | INFO: Blender create Mesh node M3_07_dik_profil.027
23:28:48 | INFO: Blender create Mesh node M3_07_dik_profil.028
23:28:48 | INFO: Blender create Mesh node M3_07_dik_profil.029
23:28:48 | INFO: Blender create Mesh node M3_07_dik_profil.030
23:28:48 | INFO: Blender create Mesh node M3_07_dik_profil.031
23:28:48 | INFO: Blender create Mesh node M3_07_dik_profil.032
23:28:48 | INFO: Blender create Mesh node M3_07_dik_profil.033
23:28:48 | INFO: Blender create Mesh node M3_07_dik_profil.034
23:28:48 | INFO: Blender create Mesh node M3_07_dik_profil.035
23:28:48 | INFO: Blender create Mesh node M3_07_dik_profil.036
23:28:48 | INFO: Blender create Mesh node M3_07_dik_profil.037
23:28:48 | INFO: Blender create Mesh node M3_07_dik_profil.038
23:28:48 | INFO: Blender create Mesh node M3_07_dik_profil.039
23:28:48 | INFO: Blender create Mesh node M3_07_dik_profil.040
23:28:48 | INFO: Blender create Mesh node M3_07_dik_profil.041
23:28:48 | INFO: Blender create Mesh node M3_07_dik_profil.042
23:28:48 | INFO: Blender create Mesh node M3_07_dik_profil.043
23:28:48 | INFO: Blender create Mesh node M3_07_dik_profil.044
23:28:48 | INFO: Blender create Mesh node M3_07_dik_profil.045
23:28:48 | INFO: Blender create Mesh node M3_07_dik_profil.046
23:28:48 | INFO: Blender create Mesh node M3_07_dik_profil.047
23:28:48 | INFO: Blender create Mesh node M3_07_esik_doseme.001
23:28:48 | INFO: Blender create Mesh node M3_07_gobek.012
23:28:48 | INFO: Blender create Mesh node M3_07_gobek.013
23:28:48 | INFO: Blender create Mesh node M3_07_gobek.014
23:28:48 | INFO: Blender create Mesh node M3_07_gobek.015
23:28:48 | INFO: Blender create Mesh node M3_07_gobek.016
23:28:48 | INFO: Blender create Mesh node M3_07_gobek.017
23:28:48 | INFO: Blender create Mesh node M3_07_gobek.018
23:28:48 | INFO: Blender create Mesh node M3_07_gobek.019
23:28:48 | INFO: Blender create Mesh node M3_07_gobek.020
23:28:48 | INFO: Blender create Mesh node M3_07_gobek.021
23:28:48 | INFO: Blender create Mesh node M3_07_gobek.022
23:28:48 | INFO: Blender create Mesh node M3_07_gobek.023
23:28:48 | INFO: Blender create Mesh node M3_07_kanat.001
23:28:48 | INFO: Blender create Mesh node M3_07_kasa.002
23:28:48 | INFO: Blender create Mesh node M3_07_kasa.003
23:28:48 | INFO: Blender create Mesh node M3_07_mentese
23:28:48 | INFO: Blender create Mesh node M3_07_mentese.001
23:28:48 | INFO: Blender create Mesh node M3_07_mentese.002
23:28:48 | INFO: Blender create Mesh node M3_07_pervaz.004
23:28:48 | INFO: Blender create Mesh node M3_07_pervaz.005
23:28:48 | INFO: Blender create Mesh node M3_07_pervaz.006
23:28:48 | INFO: Blender create Mesh node M3_07_pervaz.007
23:28:48 | INFO: Blender create Mesh node Sphere.017
23:28:48 | INFO: Blender create Mesh node Sphere.018
23:28:48 | INFO: Blender create Mesh node M3_07_topuz_mili
23:28:48 | INFO: Blender create Mesh node M3_07_topuz_mili.001
23:28:48 | INFO: Blender create Mesh node M3_07_ust_kasa.001
23:28:48 | INFO: Blender create Mesh node M3_07_ust_pervaz.002
23:28:48 | INFO: Blender create Mesh node M3_07_ust_pervaz.003
23:28:48 | INFO: Blender create Mesh node M3_07_yatay_profil.024
23:28:48 | INFO: Blender create Mesh node M3_07_yatay_profil.025
23:28:48 | INFO: Blender create Mesh node M3_07_yatay_profil.026
23:28:48 | INFO: Blender create Mesh node M3_07_yatay_profil.027
23:28:48 | INFO: Blender create Mesh node M3_07_yatay_profil.028
23:28:48 | INFO: Blender create Mesh node M3_07_yatay_profil.029
23:28:48 | INFO: Blender create Mesh node M3_07_yatay_profil.030
23:28:48 | INFO: Blender create Mesh node M3_07_yatay_profil.031
23:28:48 | INFO: Blender create Mesh node M3_07_yatay_profil.032
23:28:48 | INFO: Blender create Mesh node M3_07_yatay_profil.033
23:28:48 | INFO: Blender create Mesh node M3_07_yatay_profil.034
23:28:48 | INFO: Blender create Mesh node M3_07_yatay_profil.035
23:28:48 | INFO: Blender create Mesh node M3_07_yatay_profil.036
23:28:48 | INFO: Blender create Mesh node M3_07_yatay_profil.037
23:28:48 | INFO: Blender create Mesh node M3_07_yatay_profil.038
23:28:48 | INFO: Blender create Mesh node M3_07_yatay_profil.039
23:28:48 | INFO: Blender create Mesh node M3_07_yatay_profil.040
23:28:48 | INFO: Blender create Mesh node M3_07_yatay_profil.041
23:28:48 | INFO: Blender create Mesh node M3_07_yatay_profil.042
23:28:48 | INFO: Blender create Mesh node M3_07_yatay_profil.043
23:28:48 | INFO: Blender create Mesh node M3_07_yatay_profil.044
23:28:48 | INFO: Blender create Mesh node M3_07_yatay_profil.045
23:28:48 | INFO: Blender create Mesh node M3_07_yatay_profil.046
23:28:48 | INFO: Blender create Mesh node M3_07_yatay_profil.047
23:28:48 | INFO: Blender create Mesh node M3_08_dik_profil.024
23:28:48 | INFO: Blender create Mesh node M3_08_dik_profil.025
23:28:48 | INFO: Blender create Mesh node M3_08_dik_profil.026
23:28:48 | INFO: Blender create Mesh node M3_08_dik_profil.027
23:28:48 | INFO: Blender create Mesh node M3_08_dik_profil.028
23:28:48 | INFO: Blender create Mesh node M3_08_dik_profil.029
23:28:48 | INFO: Blender create Mesh node M3_08_dik_profil.030
23:28:48 | INFO: Blender create Mesh node M3_08_dik_profil.031
23:28:48 | INFO: Blender create Mesh node M3_08_dik_profil.032
23:28:48 | INFO: Blender create Mesh node M3_08_dik_profil.033
23:28:48 | INFO: Blender create Mesh node M3_08_dik_profil.034
23:28:48 | INFO: Blender create Mesh node M3_08_dik_profil.035
23:28:48 | INFO: Blender create Mesh node M3_08_dik_profil.036
23:28:48 | INFO: Blender create Mesh node M3_08_dik_profil.037
23:28:48 | INFO: Blender create Mesh node M3_08_dik_profil.038
23:28:48 | INFO: Blender create Mesh node M3_08_dik_profil.039
23:28:48 | INFO: Blender create Mesh node M3_08_dik_profil.040
23:28:48 | INFO: Blender create Mesh node M3_08_dik_profil.041
23:28:48 | INFO: Blender create Mesh node M3_08_dik_profil.042
23:28:48 | INFO: Blender create Mesh node M3_08_dik_profil.043
23:28:48 | INFO: Blender create Mesh node M3_08_dik_profil.044
23:28:48 | INFO: Blender create Mesh node M3_08_dik_profil.045
23:28:48 | INFO: Blender create Mesh node M3_08_dik_profil.046
23:28:48 | INFO: Blender create Mesh node M3_08_dik_profil.047
23:28:48 | INFO: Blender create Mesh node M3_08_esik_doseme.001
23:28:48 | INFO: Blender create Mesh node M3_08_gobek.012
23:28:48 | INFO: Blender create Mesh node M3_08_gobek.013
23:28:48 | INFO: Blender create Mesh node M3_08_gobek.014
23:28:48 | INFO: Blender create Mesh node M3_08_gobek.015
23:28:48 | INFO: Blender create Mesh node M3_08_gobek.016
23:28:48 | INFO: Blender create Mesh node M3_08_gobek.017
23:28:48 | INFO: Blender create Mesh node M3_08_gobek.018
23:28:48 | INFO: Blender create Mesh node M3_08_gobek.019
23:28:48 | INFO: Blender create Mesh node M3_08_gobek.020
23:28:48 | INFO: Blender create Mesh node M3_08_gobek.021
23:28:48 | INFO: Blender create Mesh node M3_08_gobek.022
23:28:48 | INFO: Blender create Mesh node M3_08_gobek.023
23:28:48 | INFO: Blender create Mesh node M3_08_kanat.001
23:28:48 | INFO: Blender create Mesh node M3_08_kasa.002
23:28:48 | INFO: Blender create Mesh node M3_08_kasa.003
23:28:48 | INFO: Blender create Mesh node M3_08_mentese
23:28:48 | INFO: Blender create Mesh node M3_08_mentese.001
23:28:48 | INFO: Blender create Mesh node M3_08_mentese.002
23:28:48 | INFO: Blender create Mesh node M3_08_pervaz.004
23:28:48 | INFO: Blender create Mesh node M3_08_pervaz.005
23:28:48 | INFO: Blender create Mesh node M3_08_pervaz.006
23:28:48 | INFO: Blender create Mesh node M3_08_pervaz.007
23:28:48 | INFO: Blender create Mesh node Sphere.019
23:28:48 | INFO: Blender create Mesh node Sphere.020
23:28:48 | INFO: Blender create Mesh node M3_08_topuz_mili
23:28:48 | INFO: Blender create Mesh node M3_08_topuz_mili.001
23:28:48 | INFO: Blender create Mesh node M3_08_ust_kasa.001
23:28:48 | INFO: Blender create Mesh node M3_08_ust_pervaz.002
23:28:48 | INFO: Blender create Mesh node M3_08_ust_pervaz.003
23:28:48 | INFO: Blender create Mesh node M3_08_yatay_profil.024
23:28:48 | INFO: Blender create Mesh node M3_08_yatay_profil.025
23:28:48 | INFO: Blender create Mesh node M3_08_yatay_profil.026
23:28:48 | INFO: Blender create Mesh node M3_08_yatay_profil.027
23:28:48 | INFO: Blender create Mesh node M3_08_yatay_profil.028
23:28:48 | INFO: Blender create Mesh node M3_08_yatay_profil.029
23:28:48 | INFO: Blender create Mesh node M3_08_yatay_profil.030
23:28:48 | INFO: Blender create Mesh node M3_08_yatay_profil.031
23:28:48 | INFO: Blender create Mesh node M3_08_yatay_profil.032
23:28:48 | INFO: Blender create Mesh node M3_08_yatay_profil.033
23:28:48 | INFO: Blender create Mesh node M3_08_yatay_profil.034
23:28:48 | INFO: Blender create Mesh node M3_08_yatay_profil.035
23:28:48 | INFO: Blender create Mesh node M3_08_yatay_profil.036
23:28:48 | INFO: Blender create Mesh node M3_08_yatay_profil.037
23:28:48 | INFO: Blender create Mesh node M3_08_yatay_profil.038
23:28:48 | INFO: Blender create Mesh node M3_08_yatay_profil.039
23:28:48 | INFO: Blender create Mesh node M3_08_yatay_profil.040
23:28:48 | INFO: Blender create Mesh node M3_08_yatay_profil.041
23:28:48 | INFO: Blender create Mesh node M3_08_yatay_profil.042
23:28:48 | INFO: Blender create Mesh node M3_08_yatay_profil.043
23:28:48 | INFO: Blender create Mesh node M3_08_yatay_profil.044
23:28:48 | INFO: Blender create Mesh node M3_08_yatay_profil.045
23:28:48 | INFO: Blender create Mesh node M3_08_yatay_profil.046
23:28:48 | INFO: Blender create Mesh node M3_08_yatay_profil.047
23:28:48 | INFO: Blender create Mesh node M3_09_dik_profil.024
23:28:48 | INFO: Blender create Mesh node M3_09_dik_profil.025
23:28:48 | INFO: Blender create Mesh node M3_09_dik_profil.026
23:28:48 | INFO: Blender create Mesh node M3_09_dik_profil.027
23:28:48 | INFO: Blender create Mesh node M3_09_dik_profil.028
23:28:48 | INFO: Blender create Mesh node M3_09_dik_profil.029
23:28:48 | INFO: Blender create Mesh node M3_09_dik_profil.030
23:28:48 | INFO: Blender create Mesh node M3_09_dik_profil.031
23:28:48 | INFO: Blender create Mesh node M3_09_dik_profil.032
23:28:48 | INFO: Blender create Mesh node M3_09_dik_profil.033
23:28:48 | INFO: Blender create Mesh node M3_09_dik_profil.034
23:28:48 | INFO: Blender create Mesh node M3_09_dik_profil.035
23:28:48 | INFO: Blender create Mesh node M3_09_dik_profil.036
23:28:48 | INFO: Blender create Mesh node M3_09_dik_profil.037
23:28:48 | INFO: Blender create Mesh node M3_09_dik_profil.038
23:28:48 | INFO: Blender create Mesh node M3_09_dik_profil.039
23:28:48 | INFO: Blender create Mesh node M3_09_dik_profil.040
23:28:48 | INFO: Blender create Mesh node M3_09_dik_profil.041
23:28:48 | INFO: Blender create Mesh node M3_09_dik_profil.042
23:28:48 | INFO: Blender create Mesh node M3_09_dik_profil.043
23:28:48 | INFO: Blender create Mesh node M3_09_dik_profil.044
23:28:48 | INFO: Blender create Mesh node M3_09_dik_profil.045
23:28:48 | INFO: Blender create Mesh node M3_09_dik_profil.046
23:28:48 | INFO: Blender create Mesh node M3_09_dik_profil.047
23:28:48 | INFO: Blender create Mesh node M3_09_esik_doseme.001
23:28:48 | INFO: Blender create Mesh node M3_09_gobek.012
23:28:48 | INFO: Blender create Mesh node M3_09_gobek.013
23:28:48 | INFO: Blender create Mesh node M3_09_gobek.014
23:28:48 | INFO: Blender create Mesh node M3_09_gobek.015
23:28:48 | INFO: Blender create Mesh node M3_09_gobek.016
23:28:48 | INFO: Blender create Mesh node M3_09_gobek.017
23:28:48 | INFO: Blender create Mesh node M3_09_gobek.018
23:28:48 | INFO: Blender create Mesh node M3_09_gobek.019
23:28:48 | INFO: Blender create Mesh node M3_09_gobek.020
23:28:48 | INFO: Blender create Mesh node M3_09_gobek.021
23:28:48 | INFO: Blender create Mesh node M3_09_gobek.022
23:28:48 | INFO: Blender create Mesh node M3_09_gobek.023
23:28:48 | INFO: Blender create Mesh node M3_09_kanat.001
23:28:48 | INFO: Blender create Mesh node M3_09_kasa.002
23:28:48 | INFO: Blender create Mesh node M3_09_kasa.003
23:28:48 | INFO: Blender create Mesh node M3_09_mentese
23:28:48 | INFO: Blender create Mesh node M3_09_mentese.001
23:28:48 | INFO: Blender create Mesh node M3_09_mentese.002
23:28:48 | INFO: Blender create Mesh node M3_09_pervaz.004
23:28:48 | INFO: Blender create Mesh node M3_09_pervaz.005
23:28:48 | INFO: Blender create Mesh node M3_09_pervaz.006
23:28:48 | INFO: Blender create Mesh node M3_09_pervaz.007
23:28:48 | INFO: Blender create Mesh node Sphere.021
23:28:48 | INFO: Blender create Mesh node Sphere.022
23:28:48 | INFO: Blender create Mesh node M3_09_topuz_mili
23:28:48 | INFO: Blender create Mesh node M3_09_topuz_mili.001
23:28:48 | INFO: Blender create Mesh node M3_09_ust_kasa.001
23:28:48 | INFO: Blender create Mesh node M3_09_ust_pervaz.002
23:28:48 | INFO: Blender create Mesh node M3_09_ust_pervaz.003
23:28:48 | INFO: Blender create Mesh node M3_09_yatay_profil.024
23:28:49 | INFO: Blender create Mesh node M3_09_yatay_profil.025
23:28:49 | INFO: Blender create Mesh node M3_09_yatay_profil.026
23:28:49 | INFO: Blender create Mesh node M3_09_yatay_profil.027
23:28:49 | INFO: Blender create Mesh node M3_09_yatay_profil.028
23:28:49 | INFO: Blender create Mesh node M3_09_yatay_profil.029
23:28:49 | INFO: Blender create Mesh node M3_09_yatay_profil.030
23:28:49 | INFO: Blender create Mesh node M3_09_yatay_profil.031
23:28:49 | INFO: Blender create Mesh node M3_09_yatay_profil.032
23:28:49 | INFO: Blender create Mesh node M3_09_yatay_profil.033
23:28:49 | INFO: Blender create Mesh node M3_09_yatay_profil.034
23:28:49 | INFO: Blender create Mesh node M3_09_yatay_profil.035
23:28:49 | INFO: Blender create Mesh node M3_09_yatay_profil.036
23:28:49 | INFO: Blender create Mesh node M3_09_yatay_profil.037
23:28:49 | INFO: Blender create Mesh node M3_09_yatay_profil.038
23:28:49 | INFO: Blender create Mesh node M3_09_yatay_profil.039
23:28:49 | INFO: Blender create Mesh node M3_09_yatay_profil.040
23:28:49 | INFO: Blender create Mesh node M3_09_yatay_profil.041
23:28:49 | INFO: Blender create Mesh node M3_09_yatay_profil.042
23:28:49 | INFO: Blender create Mesh node M3_09_yatay_profil.043
23:28:49 | INFO: Blender create Mesh node M3_09_yatay_profil.044
23:28:49 | INFO: Blender create Mesh node M3_09_yatay_profil.045
23:28:49 | INFO: Blender create Mesh node M3_09_yatay_profil.046
23:28:49 | INFO: Blender create Mesh node M3_09_yatay_profil.047
23:28:49 | INFO: Blender create Mesh node M3_10_dik_profil.024
23:28:49 | INFO: Blender create Mesh node M3_10_dik_profil.025
23:28:49 | INFO: Blender create Mesh node M3_10_dik_profil.026
23:28:49 | INFO: Blender create Mesh node M3_10_dik_profil.027
23:28:49 | INFO: Blender create Mesh node M3_10_dik_profil.028
23:28:49 | INFO: Blender create Mesh node M3_10_dik_profil.029
23:28:49 | INFO: Blender create Mesh node M3_10_dik_profil.030
23:28:49 | INFO: Blender create Mesh node M3_10_dik_profil.031
23:28:49 | INFO: Blender create Mesh node M3_10_dik_profil.032
23:28:49 | INFO: Blender create Mesh node M3_10_dik_profil.033
23:28:49 | INFO: Blender create Mesh node M3_10_dik_profil.034
23:28:49 | INFO: Blender create Mesh node M3_10_dik_profil.035
23:28:49 | INFO: Blender create Mesh node M3_10_dik_profil.036
23:28:49 | INFO: Blender create Mesh node M3_10_dik_profil.037
23:28:49 | INFO: Blender create Mesh node M3_10_dik_profil.038
23:28:49 | INFO: Blender create Mesh node M3_10_dik_profil.039
23:28:49 | INFO: Blender create Mesh node M3_10_dik_profil.040
23:28:49 | INFO: Blender create Mesh node M3_10_dik_profil.041
23:28:49 | INFO: Blender create Mesh node M3_10_dik_profil.042
23:28:49 | INFO: Blender create Mesh node M3_10_dik_profil.043
23:28:49 | INFO: Blender create Mesh node M3_10_dik_profil.044
23:28:49 | INFO: Blender create Mesh node M3_10_dik_profil.045
23:28:49 | INFO: Blender create Mesh node M3_10_dik_profil.046
23:28:49 | INFO: Blender create Mesh node M3_10_dik_profil.047
23:28:49 | INFO: Blender create Mesh node M3_10_doseme_boslugu.001
23:28:49 | INFO: Blender create Mesh node M3_10_esik_doseme.001
23:28:49 | INFO: Blender create Mesh node M3_10_gobek.012
23:28:49 | INFO: Blender create Mesh node M3_10_gobek.013
23:28:49 | INFO: Blender create Mesh node M3_10_gobek.014
23:28:49 | INFO: Blender create Mesh node M3_10_gobek.015
23:28:49 | INFO: Blender create Mesh node M3_10_gobek.016
23:28:49 | INFO: Blender create Mesh node M3_10_gobek.017
23:28:49 | INFO: Blender create Mesh node M3_10_gobek.018
23:28:49 | INFO: Blender create Mesh node M3_10_gobek.019
23:28:49 | INFO: Blender create Mesh node M3_10_gobek.020
23:28:49 | INFO: Blender create Mesh node M3_10_gobek.021
23:28:49 | INFO: Blender create Mesh node M3_10_gobek.022
23:28:49 | INFO: Blender create Mesh node M3_10_gobek.023
23:28:49 | INFO: Blender create Mesh node M3_10_kanat.001
23:28:49 | INFO: Blender create Mesh node M3_10_kasa.002
23:28:49 | INFO: Blender create Mesh node M3_10_kasa.003
23:28:49 | INFO: Blender create Mesh node M3_10_mentese
23:28:49 | INFO: Blender create Mesh node M3_10_mentese.001
23:28:49 | INFO: Blender create Mesh node M3_10_mentese.002
23:28:49 | INFO: Blender create Mesh node M3_10_pervaz.004
23:28:49 | INFO: Blender create Mesh node M3_10_pervaz.005
23:28:49 | INFO: Blender create Mesh node M3_10_pervaz.006
23:28:49 | INFO: Blender create Mesh node M3_10_pervaz.007
23:28:49 | INFO: Blender create Mesh node Sphere.023
23:28:49 | INFO: Blender create Mesh node Sphere.024
23:28:49 | INFO: Blender create Mesh node M3_10_topuz_mili
23:28:49 | INFO: Blender create Mesh node M3_10_topuz_mili.001
23:28:49 | INFO: Blender create Mesh node M3_10_ust_kasa.001
23:28:49 | INFO: Blender create Mesh node M3_10_ust_pervaz.002
23:28:49 | INFO: Blender create Mesh node M3_10_ust_pervaz.003
23:28:49 | INFO: Blender create Mesh node M3_10_yatay_profil.024
23:28:49 | INFO: Blender create Mesh node M3_10_yatay_profil.025
23:28:49 | INFO: Blender create Mesh node M3_10_yatay_profil.026
23:28:49 | INFO: Blender create Mesh node M3_10_yatay_profil.027
23:28:49 | INFO: Blender create Mesh node M3_10_yatay_profil.028
23:28:49 | INFO: Blender create Mesh node M3_10_yatay_profil.029
23:28:49 | INFO: Blender create Mesh node M3_10_yatay_profil.030
23:28:49 | INFO: Blender create Mesh node M3_10_yatay_profil.031
23:28:49 | INFO: Blender create Mesh node M3_10_yatay_profil.032
23:28:49 | INFO: Blender create Mesh node M3_10_yatay_profil.033
23:28:49 | INFO: Blender create Mesh node M3_10_yatay_profil.034
23:28:49 | INFO: Blender create Mesh node M3_10_yatay_profil.035
23:28:49 | INFO: Blender create Mesh node M3_10_yatay_profil.036
23:28:49 | INFO: Blender create Mesh node M3_10_yatay_profil.037
23:28:49 | INFO: Blender create Mesh node M3_10_yatay_profil.038
23:28:49 | INFO: Blender create Mesh node M3_10_yatay_profil.039
23:28:49 | INFO: Blender create Mesh node M3_10_yatay_profil.040
23:28:49 | INFO: Blender create Mesh node M3_10_yatay_profil.041
23:28:49 | INFO: Blender create Mesh node M3_10_yatay_profil.042
23:28:49 | INFO: Blender create Mesh node M3_10_yatay_profil.043
23:28:49 | INFO: Blender create Mesh node M3_10_yatay_profil.044
23:28:49 | INFO: Blender create Mesh node M3_10_yatay_profil.045
23:28:49 | INFO: Blender create Mesh node M3_10_yatay_profil.046
23:28:49 | INFO: Blender create Mesh node M3_10_yatay_profil.047
23:28:49 | INFO: Blender create Mesh node M3_11_esik_doseme.001
23:28:49 | INFO: Blender create Mesh node M3_11_kanat.001
23:28:49 | INFO: Blender create Mesh node M3_11_kasa.002
23:28:49 | INFO: Blender create Mesh node M3_11_kasa.003
23:28:49 | INFO: Blender create Mesh node M3_11_kulp
23:28:49 | INFO: Blender create Mesh node M3_11_kulp.001
23:28:49 | INFO: Blender create Mesh node M3_11_mentese
23:28:49 | INFO: Blender create Mesh node M3_11_mentese.001
23:28:49 | INFO: Blender create Mesh node M3_11_mentese.002
23:28:49 | INFO: Blender create Mesh node M3_11_pervaz.004
23:28:49 | INFO: Blender create Mesh node M3_11_pervaz.005
23:28:49 | INFO: Blender create Mesh node M3_11_pervaz.006
23:28:49 | INFO: Blender create Mesh node M3_11_pervaz.007
23:28:49 | INFO: Blender create Mesh node M3_11_ust_kasa.001
23:28:49 | INFO: Blender create Mesh node M3_11_ust_pervaz.002
23:28:49 | INFO: Blender create Mesh node M3_11_ust_pervaz.003
23:28:49 | INFO: Blender create Mesh node M3_12_dik_profil.024
23:28:49 | INFO: Blender create Mesh node M3_12_dik_profil.025
23:28:49 | INFO: Blender create Mesh node M3_12_dik_profil.026
23:28:49 | INFO: Blender create Mesh node M3_12_dik_profil.027
23:28:49 | INFO: Blender create Mesh node M3_12_dik_profil.028
23:28:49 | INFO: Blender create Mesh node M3_12_dik_profil.029
23:28:49 | INFO: Blender create Mesh node M3_12_dik_profil.030
23:28:49 | INFO: Blender create Mesh node M3_12_dik_profil.031
23:28:49 | INFO: Blender create Mesh node M3_12_dik_profil.032
23:28:49 | INFO: Blender create Mesh node M3_12_dik_profil.033
23:28:49 | INFO: Blender create Mesh node M3_12_dik_profil.034
23:28:49 | INFO: Blender create Mesh node M3_12_dik_profil.035
23:28:49 | INFO: Blender create Mesh node M3_12_dik_profil.036
23:28:49 | INFO: Blender create Mesh node M3_12_dik_profil.037
23:28:49 | INFO: Blender create Mesh node M3_12_dik_profil.038
23:28:49 | INFO: Blender create Mesh node M3_12_dik_profil.039
23:28:49 | INFO: Blender create Mesh node M3_12_dik_profil.040
23:28:49 | INFO: Blender create Mesh node M3_12_dik_profil.041
23:28:49 | INFO: Blender create Mesh node M3_12_dik_profil.042
23:28:49 | INFO: Blender create Mesh node M3_12_dik_profil.043
23:28:49 | INFO: Blender create Mesh node M3_12_dik_profil.044
23:28:49 | INFO: Blender create Mesh node M3_12_dik_profil.045
23:28:49 | INFO: Blender create Mesh node M3_12_dik_profil.046
23:28:49 | INFO: Blender create Mesh node M3_12_dik_profil.047
23:28:49 | INFO: Blender create Mesh node M3_12_esik_doseme.001
23:28:49 | INFO: Blender create Mesh node M3_12_gobek.012
23:28:49 | INFO: Blender create Mesh node M3_12_gobek.013
23:28:49 | INFO: Blender create Mesh node M3_12_gobek.014
23:28:49 | INFO: Blender create Mesh node M3_12_gobek.015
23:28:49 | INFO: Blender create Mesh node M3_12_gobek.016
23:28:49 | INFO: Blender create Mesh node M3_12_gobek.017
23:28:49 | INFO: Blender create Mesh node M3_12_gobek.018
23:28:49 | INFO: Blender create Mesh node M3_12_gobek.019
23:28:49 | INFO: Blender create Mesh node M3_12_gobek.020
23:28:49 | INFO: Blender create Mesh node M3_12_gobek.021
23:28:49 | INFO: Blender create Mesh node M3_12_gobek.022
23:28:49 | INFO: Blender create Mesh node M3_12_gobek.023
23:28:49 | INFO: Blender create Mesh node M3_12_kanat.001
23:28:49 | INFO: Blender create Mesh node M3_12_kasa.002
23:28:49 | INFO: Blender create Mesh node M3_12_kasa.003
23:28:49 | INFO: Blender create Mesh node M3_12_mentese
23:28:49 | INFO: Blender create Mesh node M3_12_mentese.001
23:28:49 | INFO: Blender create Mesh node M3_12_mentese.002
23:28:49 | INFO: Blender create Mesh node M3_12_pervaz.004
23:28:49 | INFO: Blender create Mesh node M3_12_pervaz.005
23:28:49 | INFO: Blender create Mesh node M3_12_pervaz.006
23:28:49 | INFO: Blender create Mesh node M3_12_pervaz.007
23:28:49 | INFO: Blender create Mesh node Sphere.025
23:28:49 | INFO: Blender create Mesh node Sphere.026
23:28:49 | INFO: Blender create Mesh node M3_12_topuz_mili
23:28:49 | INFO: Blender create Mesh node M3_12_topuz_mili.001
23:28:49 | INFO: Blender create Mesh node M3_12_ust_kasa.001
23:28:49 | INFO: Blender create Mesh node M3_12_ust_pervaz.002
23:28:49 | INFO: Blender create Mesh node M3_12_ust_pervaz.003
23:28:49 | INFO: Blender create Mesh node M3_12_yatay_profil.024
23:28:49 | INFO: Blender create Mesh node M3_12_yatay_profil.025
23:28:49 | INFO: Blender create Mesh node M3_12_yatay_profil.026
23:28:49 | INFO: Blender create Mesh node M3_12_yatay_profil.027
23:28:49 | INFO: Blender create Mesh node M3_12_yatay_profil.028
23:28:49 | INFO: Blender create Mesh node M3_12_yatay_profil.029
23:28:49 | INFO: Blender create Mesh node M3_12_yatay_profil.030
23:28:49 | INFO: Blender create Mesh node M3_12_yatay_profil.031
23:28:49 | INFO: Blender create Mesh node M3_12_yatay_profil.032
23:28:49 | INFO: Blender create Mesh node M3_12_yatay_profil.033
23:28:49 | INFO: Blender create Mesh node M3_12_yatay_profil.034
23:28:49 | INFO: Blender create Mesh node M3_12_yatay_profil.035
23:28:49 | INFO: Blender create Mesh node M3_12_yatay_profil.036
23:28:49 | INFO: Blender create Mesh node M3_12_yatay_profil.037
23:28:49 | INFO: Blender create Mesh node M3_12_yatay_profil.038
23:28:49 | INFO: Blender create Mesh node M3_12_yatay_profil.039
23:28:49 | INFO: Blender create Mesh node M3_12_yatay_profil.040
23:28:49 | INFO: Blender create Mesh node M3_12_yatay_profil.041
23:28:49 | INFO: Blender create Mesh node M3_12_yatay_profil.042
23:28:49 | INFO: Blender create Mesh node M3_12_yatay_profil.043
23:28:49 | INFO: Blender create Mesh node M3_12_yatay_profil.044
23:28:49 | INFO: Blender create Mesh node M3_12_yatay_profil.045
23:28:49 | INFO: Blender create Mesh node M3_12_yatay_profil.046
23:28:49 | INFO: Blender create Mesh node M3_12_yatay_profil.047
23:28:49 | INFO: Blender create Mesh node M3_13_dik_profil.024
23:28:49 | INFO: Blender create Mesh node M3_13_dik_profil.025
23:28:49 | INFO: Blender create Mesh node M3_13_dik_profil.026
23:28:49 | INFO: Blender create Mesh node M3_13_dik_profil.027
23:28:49 | INFO: Blender create Mesh node M3_13_dik_profil.028
23:28:49 | INFO: Blender create Mesh node M3_13_dik_profil.029
23:28:49 | INFO: Blender create Mesh node M3_13_dik_profil.030
23:28:49 | INFO: Blender create Mesh node M3_13_dik_profil.031
23:28:49 | INFO: Blender create Mesh node M3_13_dik_profil.032
23:28:49 | INFO: Blender create Mesh node M3_13_dik_profil.033
23:28:49 | INFO: Blender create Mesh node M3_13_dik_profil.034
23:28:49 | INFO: Blender create Mesh node M3_13_dik_profil.035
23:28:49 | INFO: Blender create Mesh node M3_13_dik_profil.036
23:28:49 | INFO: Blender create Mesh node M3_13_dik_profil.037
23:28:49 | INFO: Blender create Mesh node M3_13_dik_profil.038
23:28:49 | INFO: Blender create Mesh node M3_13_dik_profil.039
23:28:49 | INFO: Blender create Mesh node M3_13_dik_profil.040
23:28:49 | INFO: Blender create Mesh node M3_13_dik_profil.041
23:28:49 | INFO: Blender create Mesh node M3_13_dik_profil.042
23:28:49 | INFO: Blender create Mesh node M3_13_dik_profil.043
23:28:49 | INFO: Blender create Mesh node M3_13_dik_profil.044
23:28:49 | INFO: Blender create Mesh node M3_13_dik_profil.045
23:28:49 | INFO: Blender create Mesh node M3_13_dik_profil.046
23:28:49 | INFO: Blender create Mesh node M3_13_dik_profil.047
23:28:49 | INFO: Blender create Mesh node M3_13_esik_doseme.001
23:28:49 | INFO: Blender create Mesh node M3_13_gobek.012
23:28:49 | INFO: Blender create Mesh node M3_13_gobek.013
23:28:49 | INFO: Blender create Mesh node M3_13_gobek.014
23:28:49 | INFO: Blender create Mesh node M3_13_gobek.015
23:28:49 | INFO: Blender create Mesh node M3_13_gobek.016
23:28:49 | INFO: Blender create Mesh node M3_13_gobek.017
23:28:49 | INFO: Blender create Mesh node M3_13_gobek.018
23:28:49 | INFO: Blender create Mesh node M3_13_gobek.019
23:28:49 | INFO: Blender create Mesh node M3_13_gobek.020
23:28:49 | INFO: Blender create Mesh node M3_13_gobek.021
23:28:49 | INFO: Blender create Mesh node M3_13_gobek.022
23:28:49 | INFO: Blender create Mesh node M3_13_gobek.023
23:28:49 | INFO: Blender create Mesh node M3_13_kanat.001
23:28:49 | INFO: Blender create Mesh node M3_13_kasa.002
23:28:49 | INFO: Blender create Mesh node M3_13_kasa.003
23:28:49 | INFO: Blender create Mesh node M3_13_kasa_bini
23:28:49 | INFO: Blender create Mesh node M3_13_kasa_bini.001
23:28:49 | INFO: Blender create Mesh node M3_13_kulp.002
23:28:49 | INFO: Blender create Mesh node M3_13_kulp.003
23:28:49 | INFO: Blender create Mesh node M3_13_mentese.003
23:28:49 | INFO: Blender create Mesh node M3_13_mentese.004
23:28:49 | INFO: Blender create Mesh node M3_13_mentese.005
23:28:49 | INFO: Blender create Mesh node M3_13_pervaz.004
23:28:49 | INFO: Blender create Mesh node M3_13_pervaz.005
23:28:49 | INFO: Blender create Mesh node M3_13_pervaz.006
23:28:49 | INFO: Blender create Mesh node M3_13_pervaz.007
23:28:49 | INFO: Blender create Mesh node M3_13_ust_bini
23:28:49 | INFO: Blender create Mesh node M3_13_ust_kasa.001
23:28:49 | INFO: Blender create Mesh node M3_13_ust_pervaz.002
23:28:49 | INFO: Blender create Mesh node M3_13_ust_pervaz.003
23:28:49 | INFO: Blender create Mesh node M3_13_yatay_profil.024
23:28:49 | INFO: Blender create Mesh node M3_13_yatay_profil.025
23:28:49 | INFO: Blender create Mesh node M3_13_yatay_profil.026
23:28:49 | INFO: Blender create Mesh node M3_13_yatay_profil.027
23:28:49 | INFO: Blender create Mesh node M3_13_yatay_profil.028
23:28:49 | INFO: Blender create Mesh node M3_13_yatay_profil.029
23:28:49 | INFO: Blender create Mesh node M3_13_yatay_profil.030
23:28:49 | INFO: Blender create Mesh node M3_13_yatay_profil.031
23:28:49 | INFO: Blender create Mesh node M3_13_yatay_profil.032
23:28:49 | INFO: Blender create Mesh node M3_13_yatay_profil.033
23:28:49 | INFO: Blender create Mesh node M3_13_yatay_profil.034
23:28:49 | INFO: Blender create Mesh node M3_13_yatay_profil.035
23:28:49 | INFO: Blender create Mesh node M3_13_yatay_profil.036
23:28:49 | INFO: Blender create Mesh node M3_13_yatay_profil.037
23:28:49 | INFO: Blender create Mesh node M3_13_yatay_profil.038
23:28:49 | INFO: Blender create Mesh node M3_13_yatay_profil.039
23:28:49 | INFO: Blender create Mesh node M3_13_yatay_profil.040
23:28:49 | INFO: Blender create Mesh node M3_13_yatay_profil.041
23:28:49 | INFO: Blender create Mesh node M3_13_yatay_profil.042
23:28:49 | INFO: Blender create Mesh node M3_13_yatay_profil.043
23:28:49 | INFO: Blender create Mesh node M3_13_yatay_profil.044
23:28:49 | INFO: Blender create Mesh node M3_13_yatay_profil.045
23:28:49 | INFO: Blender create Mesh node M3_13_yatay_profil.046
23:28:49 | INFO: Blender create Mesh node M3_13_yatay_profil.047
23:28:49 | INFO: Blender create Mesh node M3C_kapi_ustu
23:28:49 | INFO: Blender create Mesh node M3C_sag_yan
23:28:49 | INFO: Blender create Mesh node M3C_sol_yan
23:28:49 | INFO: Blender create Mesh node M6_Antre_boru
23:28:49 | INFO: Blender create Mesh node M6_Antre_boru.001
23:28:49 | INFO: Blender create Mesh node M6_Antre_dilim_00
23:28:49 | INFO: Blender create Mesh node M6_Antre_dilim_01
23:28:49 | INFO: Blender create Mesh node M6_Antre_dilim_02
23:28:49 | INFO: Blender create Mesh node M6_Antre_dilim_03
23:28:49 | INFO: Blender create Mesh node M6_Antre_dilim_04
23:28:49 | INFO: Blender create Mesh node M6_Antre_dilim_05
23:28:49 | INFO: Blender create Mesh node M6_Antre_dilim_06
23:28:49 | INFO: Blender create Mesh node M6_Antre_dilim_07
23:28:49 | INFO: Blender create Mesh node M6_Antre_dilim_08
23:28:49 | INFO: Blender create Mesh node M6_Antre_dilim_09
23:28:49 | INFO: Blender create Mesh node M6_Antre_duvar_askisi
23:28:49 | INFO: Blender create Mesh node M6_Antre_duvar_askisi.001
23:28:49 | INFO: Blender create Mesh node M6_Antre_duvar_askisi.002
23:28:49 | INFO: Blender create Mesh node M6_Antre_duvar_askisi.003
23:28:49 | INFO: Blender create Mesh node M6_Antre_kollektor
23:28:49 | INFO: Blender create Mesh node M6_Antre_kollektor.001
23:28:49 | INFO: Blender create Mesh node M6_Antre_vana
23:28:49 | INFO: Blender create Mesh node M6_Antre_vana.001
23:28:49 | INFO: glTF import finished in 2.53s
[kontrol] ekler yüklendi: C:\Users\yigit\Downloads\angora-main (2)\angora-main\build\web\26092026\EKLER.glb
[kontrol] silindi mobilya FINISH | Silver mirror 71 yüz
[kontrol] silindi mobilya bulb_warm 748 yüz
[kontrol] silindi mobilya BLCK 28 yüz
[kontrol] silindi mimari metal (5) 17483 yüz
[kontrol] silindi mimari Lift | Photographed walnut door finish (4).001 1149 yüz
[kontrol] silindi mobilya metal1 8505 yüz
[kontrol] silindi mobilya ROUGHNSS90 4668 yüz
[kontrol] silindi mobilya wht 68 yüz
[kontrol] silindi mobilya WOOD1 722 yüz
[kontrol] silindi mobilya WOOD2 14594 yüz
[kontrol] silindi mimari wood_dark (4) 17809 yüz
[kontrol] silindi mobilya metal3 189 yüz
[kontrol] silindi mimari interior.002 33 yüz
[foto-doku] 49 malzeme 393381 yüz
C:\Users\yigit\Downloads\angora-main (2)\angora-main\tools\blender\08_kontrol_render.py:119: DeprecationWarning: 'World.use_nodes' is expected to be removed in Blender 6.0
  world = bpy.data.worlds.new('Gok'); scene.world = world; world.use_nodes = True
00:36.891  cycles           | WARNING HIPEW initialization failed: Error opening HIP dynamic library
00:39.750  render           | Saved: 'C:\Users\yigit\angora-tur10\adim08\kontrol\_olcum_01.png'
00:47.844  render           | Saved: 'C:\Users\yigit\angora-tur10\adim08\kontrol\render_01.png'
[kontrol] render 1 pozlama 1.19 -> C:\Users\yigit\angora-tur10\adim08\kontrol\render_01.png
00:50.422  render           | Saved: 'C:\Users\yigit\angora-tur10\adim08\kontrol\_olcum_02.png'
00:58.688  render           | Saved: 'C:\Users\yigit\angora-tur10\adim08\kontrol\render_02.png'
[kontrol] render 2 pozlama 0.9 -> C:\Users\yigit\angora-tur10\adim08\kontrol\render_02.png
01:01.282  render           | Saved: 'C:\Users\yigit\angora-tur10\adim08\kontrol\_olcum_06.png'
01:09.188  render           | Saved: 'C:\Users\yigit\angora-tur10\adim08\kontrol\render_06.png'
[kontrol] render 6 pozlama 2.29 -> C:\Users\yigit\angora-tur10\adim08\kontrol\render_06.png
01:11.907  render           | Saved: 'C:\Users\yigit\angora-tur10\adim08\kontrol\_olcum_11.png'
01:20.516  render           | Saved: 'C:\Users\yigit\angora-tur10\adim08\kontrol\render_11.png'
[kontrol] render 11 pozlama 0.85 -> C:\Users\yigit\angora-tur10\adim08\kontrol\render_11.png
01:23.157  render           | Saved: 'C:\Users\yigit\angora-tur10\adim08\kontrol\_olcum_13.png'
01:32.047  render           | Saved: 'C:\Users\yigit\angora-tur10\adim08\kontrol\render_13.png'
[kontrol] render 13 pozlama -0.31 -> C:\Users\yigit\angora-tur10\adim08\kontrol\render_13.png
01:34.704  render           | Saved: 'C:\Users\yigit\angora-tur10\adim08\kontrol\_olcum_16.png'
01:43.094  render           | Saved: 'C:\Users\yigit\angora-tur10\adim08\kontrol\render_16.png'
[kontrol] render 16 pozlama 1.39 -> C:\Users\yigit\angora-tur10\adim08\kontrol\render_16.png
01:45.782  render           | Saved: 'C:\Users\yigit\angora-tur10\adim08\kontrol\_olcum_18.png'
01:54.579  render           | Saved: 'C:\Users\yigit\angora-tur10\adim08\kontrol\render_18.png'
[kontrol] render 18 pozlama 2.41 -> C:\Users\yigit\angora-tur10\adim08\kontrol\render_18.png
01:57.282  render           | Saved: 'C:\Users\yigit\angora-tur10\adim08\kontrol\_olcum_21.png'
02:05.782  render           | Saved: 'C:\Users\yigit\angora-tur10\adim08\kontrol\render_21.png'
[kontrol] render 21 pozlama 3.08 -> C:\Users\yigit\angora-tur10\adim08\kontrol\render_21.png
02:08.610  render           | Saved: 'C:\Users\yigit\angora-tur10\adim08\kontrol\_olcum_32.png'
02:22.563  render           | Saved: 'C:\Users\yigit\angora-tur10\adim08\kontrol\render_32.png'
[kontrol] render 32 pozlama 0.47 -> C:\Users\yigit\angora-tur10\adim08\kontrol\render_32.png
02:25.375  render           | Saved: 'C:\Users\yigit\angora-tur10\adim08\kontrol\_olcum_40.png'
02:37.125  render           | Saved: 'C:\Users\yigit\angora-tur10\adim08\kontrol\render_40.png'
[kontrol] render 40 pozlama 2.42 -> C:\Users\yigit\angora-tur10\adim08\kontrol\render_40.png
02:39.938  render           | Saved: 'C:\Users\yigit\angora-tur10\adim08\kontrol\_olcum_41.png'
02:51.110  render           | Saved: 'C:\Users\yigit\angora-tur10\adim08\kontrol\render_41.png'
[kontrol] render 41 pozlama 4.24 -> C:\Users\yigit\angora-tur10\adim08\kontrol\render_41.png
02:53.938  render           | Saved: 'C:\Users\yigit\angora-tur10\adim08\kontrol\_olcum_47.png'
03:02.938  render           | Saved: 'C:\Users\yigit\angora-tur10\adim08\kontrol\render_47.png'
[kontrol] render 47 pozlama 1.19 -> C:\Users\yigit\angora-tur10\adim08\kontrol\render_47.png
03:05.766  render           | Saved: 'C:\Users\yigit\angora-tur10\adim08\kontrol\_olcum_17.png'
03:14.938  render           | Saved: 'C:\Users\yigit\angora-tur10\adim08\kontrol\render_17.png'
[kontrol] render 17 pozlama -0.45 -> C:\Users\yigit\angora-tur10\adim08\kontrol\render_17.png
[kontrol] TAMAM 13
03:23.266  render           | Saved: 'C:\Users\yigit\angora-tur10\adim08\detay_ceviz.png'
[yakin] {'malzeme': 'ceviz', 'foto': 16, 'kaynak_pixel': (0.5, 0.44), 'kamera': [1.210606336593628, 5.024576187133789, 8.003127098083496], 'hedef': [2.3199996948242188, 4.021337509155273, 8.116084098815918], 'mesafe_m': 1.5, 'materyal': 'FOTO_20_A08_Ceviz', 'pozlama': 0.699999988079071}
03:31.391  render           | Saved: 'C:\Users\yigit\angora-tur10\adim08\detay_kiraz.png'
[yakin] {'malzeme': 'kiraz', 'foto': 21, 'kaynak_pixel': (0.7, 0.44), 'kamera': [-2.945373058319092, -1.4190421104431152, 4.784964561462402], 'hedef': [-3.695683002471924, -0.12460732460021973, 4.892081260681152], 'mesafe_m': 1.5, 'materyal': 'FOTO_21_wood_honey', 'pozlama': 3.0799999237060547}
03:39.454  render           | Saved: 'C:\Users\yigit\angora-tur10\adim08\detay_mutfak_cerceve.png'
[yakin] {'malzeme': 'mutfak_cerceve', 'foto': 1, 'kaynak_pixel': (0.64, 0.84), 'kamera': [-1.8654718399047852, 4.692824840545654, 1.4089484214782715], 'hedef': [-3.0165727138519287, 3.9232656955718994, 0.8321075439453125], 'mesafe_m': 1.5, 'materyal': 'FOTO_22_R31 | R33 antique nook walnut', 'pozlama': 1.190000057220459}
03:47.266  render           | Saved: 'C:\Users\yigit\angora-tur10\adim08\detay_terrakota.png'
[yakin] {'malzeme': 'terrakota', 'foto': 1, 'kaynak_pixel': (0.24, 0.88), 'kamera': [-2.3037967681884766, 2.841653823852539, 0.6019524335861206], 'hedef': [-2.7610387802124023, 1.5461840629577637, -0.00028312206268310547], 'mesafe_m': 1.5, 'materyal': 'FOTO_26_terra_floor', 'pozlama': 1.190000057220459}
03:55.438  render           | Saved: 'C:\Users\yigit\angora-tur10\adim08\detay_seramik.png'
[yakin] {'malzeme': 'seramik', 'foto': 32, 'kaynak_pixel': (0.62, 0.92), 'kamera': [1.9032559394836426, 6.666311264038086, 7.38735818862915], 'hedef': [2.0732498168945312, 7.756319522857666, 6.370999813079834], 'mesafe_m': 1.5, 'materyal': 'FOTO_27_R31 | R33 master pale cream tile', 'pozlama': 0.44999998807907104}
Blender 5.2.1 LTS (hash 9e2066aef7ef built 2026-08-25 02:38:20)

Blender quit
