22:57:29 | INFO: Data are loaded, start creating Blender stuff
22:57:29 | INFO: Blender create Mesh node Mesh_15183.008
22:57:29 | INFO: Blender create Mesh node Mesh_3020.001
22:57:29 | INFO: Blender create Mesh node Mesh_15183.003
22:57:29 | INFO: Blender create Mesh node Mesh_11.004
22:57:29 | INFO: Blender create Mesh node antique_wood (2) | interior-common.118
22:57:29 | INFO: Blender create Mesh node Mesh_3020.004
22:57:29 | INFO: Blender create Mesh node Cube.001
22:57:29 | INFO: Blender create Mesh node Mesh_3020.009
22:57:30 | INFO: Blender create Mesh node Mesh_15183.114
22:57:30 | INFO: Blender create Mesh node Cube.003
22:57:30 | INFO: Blender create Mesh node Mesh_93.005
22:57:31 | INFO: Blender create Mesh node Mesh_3020.002
22:57:31 | INFO: Blender create Mesh node Mesh_242
22:57:31 | INFO: Blender create Mesh node Mesh_11.003
22:57:31 | INFO: Blender create Mesh node Mesh_11.001
22:57:31 | INFO: Blender create Mesh node Mesh_15183.002
22:57:31 | INFO: Blender create Mesh node Mesh_15183.104
22:57:31 | INFO: Blender create Mesh node Mesh_15183.109
22:57:31 | INFO: Blender create Mesh node Mesh_97
22:57:31 | INFO: Blender create Mesh node Mesh_15183.103
22:57:31 | INFO: Blender create Mesh node Mesh_15183.107
22:57:31 | INFO: Blender create Mesh node Mesh_15183.108
22:57:31 | INFO: Blender create Mesh node Mesh_15183.099
22:57:31 | INFO: Blender create Mesh node Mesh_15183.100
22:57:31 | INFO: Blender create Mesh node Mesh_15183.001
22:57:31 | INFO: glTF import finished in 1.90s
22:57:31 | INFO: Data are loaded, start creating Blender stuff
22:57:31 | INFO: Blender create Mesh node antique_wood (2) | interior-common.087
22:57:31 | INFO: Blender create Mesh node antique_wood (2) | interior-common.017
22:57:31 | INFO: Blender create Mesh node antique_wood (2) | interior-common.013
22:57:31 | INFO: Blender create Mesh node antique_wood (2) | interior-common.043
22:57:31 | INFO: Blender create Mesh node antique_wood (2) | interior-common.001
22:57:31 | INFO: Blender create Mesh node antique_wood (2) | interior-common.016
22:57:31 | INFO: Blender create Mesh node antique_wood (2) | interior-common.084
22:57:31 | INFO: Blender create Mesh node antique_wood (2) | interior-common.060
22:57:31 | INFO: Blender create Mesh node antique_wood (2) | interior-common.058
22:57:31 | INFO: Blender create Mesh node antique_wood (2) | interior-common.067
22:57:31 | INFO: Blender create Mesh node antique_wood (2) | interior-common.140
22:57:32 | INFO: Blender create Mesh node antique_wood (2) | interior-common.094
22:57:32 | INFO: Blender create Mesh node antique_wood (2) | interior-common.047
22:57:32 | INFO: Blender create Mesh node antique_wood (2) | interior-common.065
22:57:32 | INFO: Blender create Mesh node antique_wood (2) | interior-common.073
22:57:32 | INFO: Blender create Mesh node antique_wood (2) | interior-common.019
22:57:32 | INFO: Blender create Mesh node antique_wood (2) | interior-common.049
22:57:32 | INFO: Blender create Mesh node antique_wood (2) | interior-common.100
22:57:32 | INFO: Blender create Mesh node antique_wood (2) | interior-common.120
22:57:32 | INFO: Blender create Mesh node antique_wood (2) | interior-common.110
22:57:32 | INFO: Blender create Mesh node antique_wood (2) | interior-common.116
22:57:32 | INFO: glTF import finished in 1.13s
22:57:32 | INFO: Data are loaded, start creating Blender stuff
22:57:32 | INFO: Blender create Mesh node A04_F18_34_sarkit
22:57:32 | INFO: Blender create Mesh node A04_F18_34_zincir_halka
22:57:32 | INFO: Blender create Mesh node A04_F18_34_zincir_halka.001
22:57:32 | INFO: Blender create Mesh node A04_F18_34_zincir_halka.002
22:57:32 | INFO: Blender create Mesh node A04_F18_34_zincir_halka.003
22:57:32 | INFO: Blender create Mesh node A04_F18_34_zincir_halka.004
22:57:32 | INFO: Blender create Mesh node A04_F18_34_zincir_halka.005
22:57:32 | INFO: Blender create Mesh node A04_F18_34_zincir_halka.006
22:57:32 | INFO: Blender create Mesh node A04_F18_34_zincir_halka.007
22:57:32 | INFO: Blender create Mesh node A04_F18_34_zincir_halka.008
22:57:32 | INFO: Blender create Mesh node A04_F18_34_zincir_halka.009
22:57:32 | INFO: Blender create Mesh node A04_F18_34_zincir_halka.010
22:57:32 | INFO: Blender create Mesh node A04_F18_34_zincir_halka.011
22:57:32 | INFO: Blender create Mesh node A04_F18_34_zincir_halka.012
22:57:32 | INFO: Blender create Mesh node A04_F18_34_zincir_halka.013
22:57:32 | INFO: Blender create Mesh node A04_F18_34_zincir_halka.014
22:57:32 | INFO: Blender create Mesh node A04_F18_34_zincir_halka.015
22:57:32 | INFO: Blender create Mesh node A04_F18_34_zincir_halka.016
22:57:32 | INFO: Blender create Mesh node A04_F18_34_zincir_halka.017
22:57:32 | INFO: Blender create Mesh node A04_F18_34_zincir_halka.018
22:57:32 | INFO: Blender create Mesh node A04_F18_34_zincir_halka.019
22:57:32 | INFO: Blender create Mesh node A04_F18_34_zincir_halka.020
22:57:32 | INFO: Blender create Mesh node A04_F18_34_zincir_halka.021
22:57:32 | INFO: Blender create Mesh node A04_F18_34_zincir_halka.022
22:57:32 | INFO: Blender create Mesh node A04_F18_34_zincir_halka.023
22:57:32 | INFO: Blender create Mesh node A04_F18_34_zincir_halka.024
22:57:32 | INFO: Blender create Mesh node A04_F18_34_zincir_halka.025
22:57:32 | INFO: Blender create Mesh node A04_F18_34_zincir_halka.026
22:57:32 | INFO: Blender create Mesh node A04_F18_34_zincir_halka.027
22:57:32 | INFO: Blender create Mesh node A04_F18_34_zincir_halka.028
22:57:32 | INFO: Blender create Mesh node A04_F18_34_zincir_halka.029
22:57:32 | INFO: Blender create Mesh node A04_F18_34_zincir_halka.030
22:57:32 | INFO: Blender create Mesh node A04_F18_34_zincir_halka.031
22:57:32 | INFO: Blender create Mesh node A04_F18_34_zincir_halka.032
22:57:32 | INFO: Blender create Mesh node A04_F18_34_zincir_halka.033
22:57:32 | INFO: Blender create Mesh node A04_F18_34_zincir_halka.034
22:57:32 | INFO: Blender create Mesh node A04_F18_34_zincir_halka.035
22:57:32 | INFO: Blender create Mesh node A04_F18_34_zincir_halka.036
22:57:32 | INFO: Blender create Mesh node A04_F18_34_zincir_halka.037
22:57:32 | INFO: Blender create Mesh node A04_F18_34_zincir_halka.038
22:57:32 | INFO: Blender create Mesh node A04_F18_34_zincir_halka.039
22:57:32 | INFO: Blender create Mesh node A04_F18_34_zincir_halka.040
22:57:32 | INFO: Blender create Mesh node A04_F18_34_zincir_halka.041
22:57:32 | INFO: Blender create Mesh node A04_F18_34_zincir_halka.042
22:57:32 | INFO: Blender create Mesh node A04_F18_34_zincir_halka.043
22:57:32 | INFO: Blender create Mesh node A04_F18_34_zincir_halka.044
22:57:32 | INFO: Blender create Mesh node A04_F18_34_zincir_halka.045
22:57:32 | INFO: Blender create Mesh node A04_F18_34_zincir_halka.046
22:57:32 | INFO: Blender create Mesh node A04_F18_34_zincir_halka.047
22:57:32 | INFO: Blender create Mesh node A04_F18_34_zincir_halka.048
22:57:32 | INFO: Blender create Mesh node A04_F18_34_zincir_halka.049
22:57:32 | INFO: Blender create Mesh node A04_F18_34_zincir_halka.050
22:57:32 | INFO: Blender create Mesh node A04_F18_34_zincir_halka.051
22:57:32 | INFO: Blender create Mesh node A04_F18_34_zincir_halka.052
22:57:32 | INFO: Blender create Mesh node A04_F18_34_zincir_halka.053
22:57:32 | INFO: Blender create Mesh node A04_F18_34_zincir_halka.054
22:57:32 | INFO: Blender create Mesh node A04_F18_34_zincir_halka.055
22:57:32 | INFO: Blender create Mesh node A04_F18_34_zincir_halka.056
22:57:32 | INFO: Blender create Mesh node A04_F18_34_zincir_halka.057
22:57:32 | INFO: Blender create Mesh node A04_F18_34_zincir_halka.058
22:57:32 | INFO: Blender create Mesh node A04_F18_34_zincir_halka.059
22:57:32 | INFO: Blender create Mesh node A04_F18_34_zincir_halka.060
22:57:32 | INFO: Blender create Mesh node A04_F18_34_zincir_halka.061
22:57:32 | INFO: Blender create Mesh node A04_F18_34_zincir_halka.062
22:57:32 | INFO: Blender create Mesh node A04_F18_34_zincir_halka.063
22:57:32 | INFO: Blender create Mesh node A04_F18_34_zincir_halka.064
22:57:32 | INFO: Blender create Mesh node A04_F18_34_zincir_halka.065
22:57:32 | INFO: Blender create Mesh node A04_F18_34_zincir_halka.066
22:57:32 | INFO: Blender create Mesh node A04_F18_34_zincir_halka.067
22:57:32 | INFO: Blender create Mesh node A04_F18_34_zincir_halka.068
22:57:32 | INFO: Blender create Mesh node A04_F18_34_zincir_halka.069
22:57:32 | INFO: Blender create Mesh node A04_F18_34_zincir_halka.070
22:57:32 | INFO: Blender create Mesh node A04_F18_34_zincir_halka.071
22:57:32 | INFO: Blender create Mesh node A04_F18_34_zincir_halka.072
22:57:32 | INFO: Blender create Mesh node A04_F18_34_zincir_halka.073
22:57:32 | INFO: Blender create Mesh node A04_F18_34_zincir_halka.074
22:57:33 | INFO: Blender create Mesh node A04_F18_34_zincir_halka.075
22:57:33 | INFO: Blender create Mesh node A04_F18_34_zincir_halka.076
22:57:33 | INFO: Blender create Mesh node A04_F18_34_zincir_halka.077
22:57:33 | INFO: Blender create Mesh node A04_F18_34_zincir_tavan
22:57:33 | INFO: Blender create Mesh node A04_F18_alt_aplik_cam
22:57:33 | INFO: Blender create Mesh node A04_F18_alt_aplik_kol
22:57:33 | INFO: Blender create Mesh node A04_F18_alt_aplik_rozet
22:57:33 | INFO: Blender create Mesh node A04_F18_plafonyer_opal
22:57:33 | INFO: Blender create Mesh node A04_F18_plafonyer_rozet
22:57:33 | INFO: Blender create Mesh node A04_F18_plafonyer_topuz
22:57:33 | INFO: Blender create Mesh node A04_F18_ust_aplik_cam
22:57:33 | INFO: Blender create Mesh node A04_F18_ust_aplik_kol
22:57:33 | INFO: Blender create Mesh node A04_F18_ust_aplik_rozet
22:57:33 | INFO: Blender create Mesh node A04_F29_sol_kiris
22:57:33 | INFO: Blender create Mesh node A04_F29_spot_0
22:57:33 | INFO: Blender create Mesh node A04_F29_spot_1
22:57:33 | INFO: Blender create Mesh node A04_F40_plafonyer_opal
22:57:33 | INFO: Blender create Mesh node A04_F40_plafonyer_rozet
22:57:33 | INFO: Blender create Mesh node A04_F40_plafonyer_topuz
22:57:33 | INFO: Blender create Mesh node A04_K01_esik_kapagi
22:57:33 | INFO: Blender create Mesh node A04_K01_kasa_ic_kaplama
22:57:33 | INFO: Blender create Mesh node A04_K01_kasa_ic_kaplama.001
22:57:33 | INFO: Blender create Mesh node A04_K01_kasa_ust_kaplama
22:57:33 | INFO: Blender create Mesh node A04_K02_esik_kapagi
22:57:33 | INFO: Blender create Mesh node A04_K02_kasa_ic_kaplama
22:57:33 | INFO: Blender create Mesh node A04_K02_kasa_ic_kaplama.001
22:57:33 | INFO: Blender create Mesh node A04_K02_kasa_ust_kaplama
22:57:33 | INFO: Blender create Mesh node A04_K03_esik_kapagi
22:57:33 | INFO: Blender create Mesh node A04_K03_kasa_ic_kaplama
22:57:33 | INFO: Blender create Mesh node A04_K03_kasa_ic_kaplama.001
22:57:33 | INFO: Blender create Mesh node A04_K03_kasa_ust_kaplama
22:57:33 | INFO: Blender create Mesh node A04_K04_esik_kapagi
22:57:33 | INFO: Blender create Mesh node A04_K04_kasa_ic_kaplama
22:57:33 | INFO: Blender create Mesh node A04_K04_kasa_ic_kaplama.001
22:57:33 | INFO: Blender create Mesh node A04_K04_kasa_ust_kaplama
22:57:33 | INFO: Blender create Mesh node A04_K05_esik_kapagi
22:57:33 | INFO: Blender create Mesh node A04_K05_kasa_ic_kaplama
22:57:33 | INFO: Blender create Mesh node A04_K05_kasa_ic_kaplama.001
22:57:33 | INFO: Blender create Mesh node A04_K05_kasa_ust_kaplama
22:57:33 | INFO: Blender create Mesh node A04_K06_esik_kapagi
22:57:33 | INFO: Blender create Mesh node A04_K06_kasa_ic_kaplama
22:57:33 | INFO: Blender create Mesh node A04_K06_kasa_ic_kaplama.001
22:57:33 | INFO: Blender create Mesh node A04_K06_kasa_ust_kaplama
22:57:33 | INFO: Blender create Mesh node A04_K07_esik_kapagi
22:57:33 | INFO: Blender create Mesh node A04_K07_kasa_ic_kaplama
22:57:33 | INFO: Blender create Mesh node A04_K07_kasa_ic_kaplama.001
22:57:33 | INFO: Blender create Mesh node A04_K07_kasa_ust_kaplama
22:57:33 | INFO: Blender create Mesh node A04_K08_esik_kapagi
22:57:33 | INFO: Blender create Mesh node A04_K08_kasa_ic_kaplama
22:57:33 | INFO: Blender create Mesh node A04_K08_kasa_ic_kaplama.001
22:57:33 | INFO: Blender create Mesh node A04_K08_kasa_ust_kaplama
22:57:33 | INFO: Blender create Mesh node A04_K09_esik_kapagi
22:57:33 | INFO: Blender create Mesh node A04_K09_kasa_ic_kaplama
22:57:33 | INFO: Blender create Mesh node A04_K09_kasa_ic_kaplama.001
22:57:33 | INFO: Blender create Mesh node A04_K09_kasa_ust_kaplama
22:57:33 | INFO: Blender create Mesh node A04_K10_esik_kapagi
22:57:33 | INFO: Blender create Mesh node A04_K10_kasa_ic_kaplama
22:57:33 | INFO: Blender create Mesh node A04_K10_kasa_ic_kaplama.001
22:57:33 | INFO: Blender create Mesh node A04_K10_kasa_ust_kaplama
22:57:33 | INFO: Blender create Mesh node A04_K11_esik_kapagi
22:57:33 | INFO: Blender create Mesh node A04_K11_kasa_ic_kaplama
22:57:33 | INFO: Blender create Mesh node A04_K11_kasa_ic_kaplama.001
22:57:33 | INFO: Blender create Mesh node A04_K11_kasa_ust_kaplama
22:57:33 | INFO: Blender create Mesh node A04_K12_esik_kapagi
22:57:33 | INFO: Blender create Mesh node A04_K12_kasa_ic_kaplama
22:57:33 | INFO: Blender create Mesh node A04_K12_kasa_ic_kaplama.001
22:57:33 | INFO: Blender create Mesh node A04_K12_kasa_ust_kaplama
22:57:33 | INFO: Blender create Mesh node A04_K13_esik_kapagi
22:57:33 | INFO: Blender create Mesh node A04_K13_kasa_ic_kaplama
22:57:33 | INFO: Blender create Mesh node A04_K13_kasa_ic_kaplama.001
22:57:33 | INFO: Blender create Mesh node A04_K13_kasa_ust_kaplama
22:57:33 | INFO: Blender create Mesh node A05_F42_yuvarlak_1
22:57:33 | INFO: Blender create Mesh node A05_F42_yuvarlak_2
22:57:33 | INFO: Blender create Mesh node A05_F42_yuvarlak_3
22:57:33 | INFO: Blender create Mesh node A05_kartonpiyer_birlesik
22:57:33 | INFO: Blender create Mesh node M1_supurgelik_001
22:57:33 | INFO: Blender create Mesh node M1_supurgelik_002
22:57:33 | INFO: Blender create Mesh node M1_supurgelik_003
22:57:33 | INFO: Blender create Mesh node M1_supurgelik_004
22:57:33 | INFO: Blender create Mesh node M1_supurgelik_005
22:57:33 | INFO: Blender create Mesh node M1_supurgelik_006
22:57:33 | INFO: Blender create Mesh node M1_supurgelik_007
22:57:33 | INFO: Blender create Mesh node M1_supurgelik_008
22:57:33 | INFO: Blender create Mesh node M1_supurgelik_009
22:57:33 | INFO: Blender create Mesh node M1_supurgelik_010
22:57:33 | INFO: Blender create Mesh node M1_supurgelik_011
22:57:33 | INFO: Blender create Mesh node M1_supurgelik_012
22:57:33 | INFO: Blender create Mesh node M1_supurgelik_013
22:57:33 | INFO: Blender create Mesh node M1_supurgelik_014
22:57:33 | INFO: Blender create Mesh node M1_supurgelik_015
22:57:33 | INFO: Blender create Mesh node M1_supurgelik_016
22:57:33 | INFO: Blender create Mesh node M1_supurgelik_017
22:57:33 | INFO: Blender create Mesh node M1_supurgelik_018
22:57:33 | INFO: Blender create Mesh node M1_supurgelik_019
22:57:33 | INFO: Blender create Mesh node M1_supurgelik_020
22:57:33 | INFO: Blender create Mesh node M1_supurgelik_021
22:57:33 | INFO: Blender create Mesh node M1_supurgelik_022
22:57:33 | INFO: Blender create Mesh node M1_supurgelik_023
22:57:33 | INFO: Blender create Mesh node M1_supurgelik_024
22:57:33 | INFO: Blender create Mesh node M1_supurgelik_025
22:57:33 | INFO: Blender create Mesh node M1_supurgelik_026
22:57:33 | INFO: Blender create Mesh node M1_supurgelik_027
22:57:33 | INFO: Blender create Mesh node M1_supurgelik_028
22:57:33 | INFO: Blender create Mesh node M1_supurgelik_029
22:57:33 | INFO: Blender create Mesh node M1_supurgelik_030
22:57:33 | INFO: Blender create Mesh node M1_supurgelik_031
22:57:33 | INFO: Blender create Mesh node M1_supurgelik_032
22:57:33 | INFO: Blender create Mesh node M1_supurgelik_033
22:57:33 | INFO: Blender create Mesh node M1_supurgelik_034
22:57:33 | INFO: Blender create Mesh node M1_supurgelik_035
22:57:33 | INFO: Blender create Mesh node M1_supurgelik_036
22:57:33 | INFO: Blender create Mesh node M1_supurgelik_037
22:57:33 | INFO: Blender create Mesh node M1_supurgelik_038
22:57:33 | INFO: Blender create Mesh node M1_supurgelik_039
22:57:33 | INFO: Blender create Mesh node M1_supurgelik_040
22:57:33 | INFO: Blender create Mesh node M1_supurgelik_041
22:57:33 | INFO: Blender create Mesh node M1_supurgelik_042
22:57:33 | INFO: Blender create Mesh node M1_supurgelik_043
22:57:33 | INFO: Blender create Mesh node M1_supurgelik_044
22:57:33 | INFO: Blender create Mesh node M1_supurgelik_045
22:57:33 | INFO: Blender create Mesh node M1_supurgelik_046
22:57:33 | INFO: Blender create Mesh node M1_supurgelik_047
22:57:33 | INFO: Blender create Mesh node M1_supurgelik_048
22:57:33 | INFO: Blender create Mesh node M1_supurgelik_049
22:57:33 | INFO: Blender create Mesh node M1_supurgelik_050
22:57:33 | INFO: Blender create Mesh node M1_supurgelik_051
22:57:33 | INFO: Blender create Mesh node M1_supurgelik_052
22:57:33 | INFO: Blender create Mesh node M1_supurgelik_053
22:57:33 | INFO: Blender create Mesh node M1_supurgelik_054
22:57:33 | INFO: Blender create Mesh node M1_supurgelik_055
22:57:33 | INFO: Blender create Mesh node M1_supurgelik_056
22:57:33 | INFO: Blender create Mesh node M1_supurgelik_057
22:57:33 | INFO: Blender create Mesh node M1_supurgelik_058
22:57:33 | INFO: Blender create Mesh node M1_supurgelik_059
22:57:33 | INFO: Blender create Mesh node M1_supurgelik_060
22:57:33 | INFO: Blender create Mesh node M1_supurgelik_061
22:57:33 | INFO: Blender create Mesh node M1_supurgelik_062
22:57:33 | INFO: Blender create Mesh node M1_supurgelik_063
22:57:33 | INFO: Blender create Mesh node M1_supurgelik_064
22:57:33 | INFO: Blender create Mesh node M1_supurgelik_065
22:57:33 | INFO: Blender create Mesh node M1_supurgelik_066
22:57:33 | INFO: Blender create Mesh node M1_supurgelik_067
22:57:33 | INFO: Blender create Mesh node M1_supurgelik_068
22:57:33 | INFO: Blender create Mesh node M1_supurgelik_069
22:57:33 | INFO: Blender create Mesh node M1_supurgelik_070
22:57:33 | INFO: Blender create Mesh node M1_supurgelik_071
22:57:33 | INFO: Blender create Mesh node M1_supurgelik_072
22:57:33 | INFO: Blender create Mesh node M1_supurgelik_073
22:57:33 | INFO: Blender create Mesh node M1_supurgelik_074
22:57:33 | INFO: Blender create Mesh node M1_supurgelik_075
22:57:33 | INFO: Blender create Mesh node M1_supurgelik_076
22:57:33 | INFO: Blender create Mesh node M1_supurgelik_077
22:57:33 | INFO: Blender create Mesh node M1_supurgelik_078
22:57:33 | INFO: Blender create Mesh node M1_supurgelik_079
22:57:33 | INFO: Blender create Mesh node M1_supurgelik_080
22:57:33 | INFO: Blender create Mesh node M1_supurgelik_081
22:57:33 | INFO: Blender create Mesh node M1_supurgelik_082
22:57:33 | INFO: Blender create Mesh node M1_supurgelik_083
22:57:33 | INFO: Blender create Mesh node M1_supurgelik_084
22:57:33 | INFO: Blender create Mesh node M1_supurgelik_085
22:57:33 | INFO: Blender create Mesh node M1_supurgelik_086
22:57:33 | INFO: Blender create Mesh node M1_supurgelik_087
22:57:33 | INFO: Blender create Mesh node M1_supurgelik_088
22:57:33 | INFO: Blender create Mesh node M1_supurgelik_089
22:57:33 | INFO: Blender create Mesh node M1_supurgelik_090
22:57:33 | INFO: Blender create Mesh node M1_supurgelik_091
22:57:33 | INFO: Blender create Mesh node M1_supurgelik_092
22:57:33 | INFO: Blender create Mesh node M1_supurgelik_093
22:57:33 | INFO: Blender create Mesh node M1_supurgelik_094
22:57:33 | INFO: Blender create Mesh node M1_supurgelik_095
22:57:33 | INFO: Blender create Mesh node M1_supurgelik_096
22:57:33 | INFO: Blender create Mesh node M1_supurgelik_097
22:57:33 | INFO: Blender create Mesh node M1_supurgelik_098
22:57:33 | INFO: Blender create Mesh node M1_supurgelik_099
22:57:33 | INFO: Blender create Mesh node M1_supurgelik_100
22:57:33 | INFO: Blender create Mesh node M1_supurgelik_101
22:57:33 | INFO: Blender create Mesh node M1_supurgelik_102
22:57:33 | INFO: Blender create Mesh node M1_supurgelik_103
22:57:33 | INFO: Blender create Mesh node M1_supurgelik_104
22:57:33 | INFO: Blender create Mesh node M1_supurgelik_105
22:57:33 | INFO: Blender create Mesh node M1_supurgelik_106
22:57:33 | INFO: Blender create Mesh node M1_supurgelik_107
22:57:33 | INFO: Blender create Mesh node M1_supurgelik_108
22:57:33 | INFO: Blender create Mesh node M1_supurgelik_109
22:57:33 | INFO: Blender create Mesh node M1_supurgelik_110
22:57:33 | INFO: Blender create Mesh node M1_supurgelik_111
22:57:33 | INFO: Blender create Mesh node M1_supurgelik_112
22:57:33 | INFO: Blender create Mesh node M1_supurgelik_113
22:57:33 | INFO: Blender create Mesh node M1_supurgelik_114
22:57:33 | INFO: Blender create Mesh node M1_supurgelik_115
22:57:33 | INFO: Blender create Mesh node M1_supurgelik_116
22:57:33 | INFO: Blender create Mesh node M1_supurgelik_117
22:57:33 | INFO: Blender create Mesh node M1_supurgelik_118
22:57:33 | INFO: Blender create Mesh node M1_supurgelik_119
22:57:33 | INFO: Blender create Mesh node M1_supurgelik_120
22:57:33 | INFO: Blender create Mesh node M1_supurgelik_121
22:57:33 | INFO: Blender create Mesh node M1_supurgelik_122
22:57:33 | INFO: Blender create Mesh node M1_supurgelik_123
22:57:33 | INFO: Blender create Mesh node M1_supurgelik_124
22:57:33 | INFO: Blender create Mesh node M1_supurgelik_125
22:57:33 | INFO: Blender create Mesh node M1_supurgelik_126
22:57:33 | INFO: Blender create Mesh node M1_supurgelik_127
22:57:33 | INFO: Blender create Mesh node M1_supurgelik_128
22:57:33 | INFO: Blender create Mesh node M1_supurgelik_129
22:57:33 | INFO: Blender create Mesh node M1_supurgelik_130
22:57:33 | INFO: Blender create Mesh node M1_supurgelik_131
22:57:33 | INFO: Blender create Mesh node M1_supurgelik_132
22:57:33 | INFO: Blender create Mesh node M1_supurgelik_133
22:57:33 | INFO: Blender create Mesh node M1_supurgelik_134
22:57:33 | INFO: Blender create Mesh node M1_supurgelik_135
22:57:33 | INFO: Blender create Mesh node M1_supurgelik_136
22:57:33 | INFO: Blender create Mesh node M1_supurgelik_137
22:57:33 | INFO: Blender create Mesh node M1_supurgelik_138
22:57:33 | INFO: Blender create Mesh node M1_supurgelik_139
22:57:33 | INFO: Blender create Mesh node M1_supurgelik_140
22:57:33 | INFO: Blender create Mesh node M1_supurgelik_141
22:57:33 | INFO: Blender create Mesh node M1_supurgelik_142
22:57:33 | INFO: Blender create Mesh node M1_supurgelik_143
22:57:33 | INFO: Blender create Mesh node M1_supurgelik_144
22:57:33 | INFO: Blender create Mesh node M1_supurgelik_145
22:57:33 | INFO: Blender create Mesh node M1_supurgelik_146
22:57:33 | INFO: Blender create Mesh node M1_supurgelik_147
22:57:33 | INFO: Blender create Mesh node M1_supurgelik_148
22:57:33 | INFO: Blender create Mesh node M1_supurgelik_149
22:57:33 | INFO: Blender create Mesh node M1_supurgelik_150
22:57:33 | INFO: Blender create Mesh node M1_supurgelik_151
22:57:33 | INFO: Blender create Mesh node M1_supurgelik_152
22:57:33 | INFO: Blender create Mesh node M1_supurgelik_153
22:57:33 | INFO: Blender create Mesh node M1_supurgelik_154
22:57:33 | INFO: Blender create Mesh node M1_supurgelik_155
22:57:33 | INFO: Blender create Mesh node M1_supurgelik_156
22:57:33 | INFO: Blender create Mesh node M1_supurgelik_157
22:57:33 | INFO: Blender create Mesh node M1_supurgelik_158
22:57:33 | INFO: Blender create Mesh node M1_supurgelik_159
22:57:33 | INFO: Blender create Mesh node M1_supurgelik_160
22:57:33 | INFO: Blender create Mesh node M1_supurgelik_161
22:57:33 | INFO: Blender create Mesh node M1_supurgelik_162
22:57:33 | INFO: Blender create Mesh node M1_supurgelik_163
22:57:33 | INFO: Blender create Mesh node M1_supurgelik_164
22:57:33 | INFO: Blender create Mesh node M1_supurgelik_165
22:57:33 | INFO: Blender create Mesh node M1_supurgelik_166
22:57:33 | INFO: Blender create Mesh node M1_supurgelik_167
22:57:33 | INFO: Blender create Mesh node M1_supurgelik_168
22:57:33 | INFO: Blender create Mesh node M1_supurgelik_169
22:57:33 | INFO: Blender create Mesh node M1_supurgelik_170
22:57:33 | INFO: Blender create Mesh node M1_supurgelik_171
22:57:33 | INFO: Blender create Mesh node M1_supurgelik_172
22:57:33 | INFO: Blender create Mesh node M1_supurgelik_173
22:57:33 | INFO: Blender create Mesh node M1_supurgelik_174
22:57:33 | INFO: Blender create Mesh node M1_supurgelik_175
22:57:33 | INFO: Blender create Mesh node M1_supurgelik_176
22:57:33 | INFO: Blender create Mesh node M1_supurgelik_177
22:57:33 | INFO: Blender create Mesh node M1_supurgelik_178
22:57:33 | INFO: Blender create Mesh node M1_supurgelik_179
22:57:33 | INFO: Blender create Mesh node M1_supurgelik_180
22:57:33 | INFO: Blender create Mesh node M1_supurgelik_181
22:57:33 | INFO: Blender create Mesh node M1_supurgelik_182
22:57:33 | INFO: Blender create Mesh node M1_supurgelik_183
22:57:33 | INFO: Blender create Mesh node M1_supurgelik_184
22:57:33 | INFO: Blender create Mesh node M1_supurgelik_185
22:57:33 | INFO: Blender create Mesh node M1_supurgelik_186
22:57:33 | INFO: Blender create Mesh node M1_supurgelik_187
22:57:33 | INFO: Blender create Mesh node M1_supurgelik_188
22:57:33 | INFO: Blender create Mesh node M1_supurgelik_189
22:57:33 | INFO: Blender create Mesh node M1_supurgelik_190
22:57:33 | INFO: Blender create Mesh node M1_supurgelik_191
22:57:33 | INFO: Blender create Mesh node M1_supurgelik_192
22:57:33 | INFO: Blender create Mesh node M1_supurgelik_193
22:57:33 | INFO: Blender create Mesh node M1_supurgelik_194
22:57:33 | INFO: Blender create Mesh node M1_supurgelik_195
22:57:33 | INFO: Blender create Mesh node M1_supurgelik_196
22:57:33 | INFO: Blender create Mesh node M1_supurgelik_197
22:57:33 | INFO: Blender create Mesh node M1_supurgelik_198
22:57:33 | INFO: Blender create Mesh node M1_supurgelik_199
22:57:33 | INFO: Blender create Mesh node M1_supurgelik_200
22:57:33 | INFO: Blender create Mesh node M1_supurgelik_201
22:57:33 | INFO: Blender create Mesh node M1_supurgelik_202
22:57:33 | INFO: Blender create Mesh node M1_supurgelik_203
22:57:33 | INFO: Blender create Mesh node M1_supurgelik_204
22:57:33 | INFO: Blender create Mesh node M1_supurgelik_205
22:57:33 | INFO: Blender create Mesh node M1_supurgelik_206
22:57:33 | INFO: Blender create Mesh node M1_supurgelik_207
22:57:33 | INFO: Blender create Mesh node M1_supurgelik_208
22:57:33 | INFO: Blender create Mesh node M1_supurgelik_209
22:57:33 | INFO: Blender create Mesh node M1_supurgelik_210
22:57:33 | INFO: Blender create Mesh node M1_supurgelik_211
22:57:33 | INFO: Blender create Mesh node M1_supurgelik_212
22:57:33 | INFO: Blender create Mesh node M1_supurgelik_213
22:57:33 | INFO: Blender create Mesh node M1_supurgelik_214
22:57:33 | INFO: Blender create Mesh node M1_supurgelik_215
22:57:33 | INFO: Blender create Mesh node M1_supurgelik_216
22:57:33 | INFO: Blender create Mesh node M1_supurgelik_217
22:57:33 | INFO: Blender create Mesh node M1_supurgelik_218
22:57:33 | INFO: Blender create Mesh node M1_supurgelik_219
22:57:33 | INFO: Blender create Mesh node M1_supurgelik_220
22:57:33 | INFO: Blender create Mesh node M1_supurgelik_221
22:57:33 | INFO: Blender create Mesh node M1_supurgelik_222
22:57:33 | INFO: Blender create Mesh node M1_supurgelik_223
22:57:33 | INFO: Blender create Mesh node M1_supurgelik_224
22:57:33 | INFO: Blender create Mesh node M1_supurgelik_225
22:57:33 | INFO: Blender create Mesh node M1_supurgelik_226
22:57:33 | INFO: Blender create Mesh node M1_supurgelik_227
22:57:33 | INFO: Blender create Mesh node M1_supurgelik_228
22:57:33 | INFO: Blender create Mesh node M1_supurgelik_229
22:57:33 | INFO: Blender create Mesh node M1_supurgelik_230
22:57:33 | INFO: Blender create Mesh node M1_supurgelik_231
22:57:33 | INFO: Blender create Mesh node M1_supurgelik_232
22:57:33 | INFO: Blender create Mesh node M1_supurgelik_233
22:57:33 | INFO: Blender create Mesh node M1_supurgelik_234
22:57:33 | INFO: Blender create Mesh node M1_supurgelik_235
22:57:33 | INFO: Blender create Mesh node M1_supurgelik_236
22:57:33 | INFO: Blender create Mesh node M1_supurgelik_237
22:57:33 | INFO: Blender create Mesh node M1_supurgelik_238
22:57:33 | INFO: Blender create Mesh node M1_supurgelik_239
22:57:33 | INFO: Blender create Mesh node M1_supurgelik_240
22:57:33 | INFO: Blender create Mesh node M1_supurgelik_241
22:57:33 | INFO: Blender create Mesh node M1_supurgelik_242
22:57:33 | INFO: Blender create Mesh node M1_supurgelik_243
22:57:33 | INFO: Blender create Mesh node M1_supurgelik_244
22:57:33 | INFO: Blender create Mesh node M1_supurgelik_245
22:57:33 | INFO: Blender create Mesh node M1_supurgelik_246
22:57:33 | INFO: Blender create Mesh node M1_supurgelik_247
22:57:33 | INFO: Blender create Mesh node M1_supurgelik_248
22:57:33 | INFO: Blender create Mesh node M1_supurgelik_249
22:57:33 | INFO: Blender create Mesh node M1_supurgelik_250
22:57:33 | INFO: Blender create Mesh node M1_supurgelik_251
22:57:33 | INFO: Blender create Mesh node M1_supurgelik_252
22:57:33 | INFO: Blender create Mesh node M1_supurgelik_253
22:57:33 | INFO: Blender create Mesh node M1_supurgelik_254
22:57:33 | INFO: Blender create Mesh node M1_supurgelik_255
22:57:33 | INFO: Blender create Mesh node M1_supurgelik_256
22:57:33 | INFO: Blender create Mesh node M1_supurgelik_257
22:57:33 | INFO: Blender create Mesh node M1_supurgelik_258
22:57:33 | INFO: Blender create Mesh node M1_supurgelik_259
22:57:33 | INFO: Blender create Mesh node M1_supurgelik_260
22:57:33 | INFO: Blender create Mesh node M1_supurgelik_261
22:57:33 | INFO: Blender create Mesh node M1_supurgelik_262
22:57:33 | INFO: Blender create Mesh node M1_supurgelik_263
22:57:33 | INFO: Blender create Mesh node M1_supurgelik_264
22:57:33 | INFO: Blender create Mesh node M1_supurgelik_265
22:57:33 | INFO: Blender create Mesh node M1_supurgelik_266
22:57:33 | INFO: Blender create Mesh node M1_supurgelik_267
22:57:33 | INFO: Blender create Mesh node M1_supurgelik_268
22:57:33 | INFO: Blender create Mesh node M1_supurgelik_269
22:57:33 | INFO: Blender create Mesh node M1_supurgelik_270
22:57:33 | INFO: Blender create Mesh node M1_supurgelik_271
22:57:33 | INFO: Blender create Mesh node M1_supurgelik_272
22:57:33 | INFO: Blender create Mesh node M1_supurgelik_273
22:57:33 | INFO: Blender create Mesh node M1_supurgelik_274
22:57:33 | INFO: Blender create Mesh node M1_supurgelik_275
22:57:33 | INFO: Blender create Mesh node M1_supurgelik_276
22:57:33 | INFO: Blender create Mesh node M1_supurgelik_277
22:57:33 | INFO: Blender create Mesh node M1_supurgelik_278
22:57:33 | INFO: Blender create Mesh node M1_supurgelik_279
22:57:33 | INFO: Blender create Mesh node M1_supurgelik_280
22:57:33 | INFO: Blender create Mesh node M1_supurgelik_281
22:57:33 | INFO: Blender create Mesh node M1_supurgelik_282
22:57:33 | INFO: Blender create Mesh node M1_supurgelik_283
22:57:33 | INFO: Blender create Mesh node M1_supurgelik_284
22:57:33 | INFO: Blender create Mesh node M1_supurgelik_285
22:57:33 | INFO: Blender create Mesh node M1_supurgelik_286
22:57:33 | INFO: Blender create Mesh node M1_supurgelik_287
22:57:33 | INFO: Blender create Mesh node M1_supurgelik_288
22:57:33 | INFO: Blender create Mesh node M1_supurgelik_289
22:57:33 | INFO: Blender create Mesh node M1_supurgelik_290
22:57:33 | INFO: Blender create Mesh node M1_supurgelik_291
22:57:33 | INFO: Blender create Mesh node M1_supurgelik_292
22:57:33 | INFO: Blender create Mesh node M1_supurgelik_293
22:57:33 | INFO: Blender create Mesh node M1_supurgelik_294
22:57:33 | INFO: Blender create Mesh node M2_K0_0_basamak.027
22:57:33 | INFO: Blender create Mesh node M2_K0_0_basamak.010
22:57:33 | INFO: Blender create Mesh node M2_K0_0_basamak.011
22:57:33 | INFO: Blender create Mesh node M2_K0_0_basamak.012
22:57:33 | INFO: Blender create Mesh node M2_K0_0_basamak.013
22:57:33 | INFO: Blender create Mesh node M2_K0_0_basamak.014
22:57:33 | INFO: Blender create Mesh node M2_K0_0_basamak.015
22:57:33 | INFO: Blender create Mesh node M2_K0_0_basamak.016
22:57:33 | INFO: Blender create Mesh node M2_K0_0_basamak.017
22:57:33 | INFO: Blender create Mesh node M2_K0_0_beyaz_altyapi.001
22:57:33 | INFO: Blender create Mesh node M2_K0_0_korkuluk_ayak.002
22:57:33 | INFO: Blender create Mesh node M2_K0_0_korkuluk_ayak.003
22:57:33 | INFO: Blender create Mesh node M2_K0_0_korkuluk_ayak.005
22:57:33 | INFO: Blender create Mesh node M2_K0_0_korkuluk_C_surgun.016
22:57:33 | INFO: Blender create Mesh node M2_K0_0_korkuluk_C_surgun.017
22:57:33 | INFO: Blender create Mesh node M2_K0_0_korkuluk_C_surgun.018
22:57:33 | INFO: Blender create Mesh node M2_K0_0_korkuluk_C_surgun.019
22:57:33 | INFO: Blender create Mesh node M2_K0_0_korkuluk_C_surgun.020
22:57:33 | INFO: Blender create Mesh node M2_K0_0_korkuluk_C_surgun.021
22:57:33 | INFO: Blender create Mesh node M2_K0_0_korkuluk_C_surgun.022
22:57:33 | INFO: Blender create Mesh node M2_K0_0_korkuluk_C_surgun.023
22:57:33 | INFO: Blender create Mesh node M2_K0_0_korkuluk_C_surgun.024
22:57:33 | INFO: Blender create Mesh node M2_K0_0_korkuluk_C_surgun.025
22:57:33 | INFO: Blender create Mesh node M2_K0_0_korkuluk_C_surgun.026
22:57:33 | INFO: Blender create Mesh node M2_K0_0_korkuluk_C_surgun.027
22:57:33 | INFO: Blender create Mesh node M2_K0_0_korkuluk_C_surgun.028
22:57:33 | INFO: Blender create Mesh node M2_K0_0_korkuluk_C_surgun.029
22:57:33 | INFO: Blender create Mesh node M2_K0_0_korkuluk_C_surgun.030
22:57:33 | INFO: Blender create Mesh node M2_K0_0_korkuluk_C_surgun.031
22:57:33 | INFO: Blender create Mesh node M2_K0_0_korkuluk_cerceve.002
22:57:33 | INFO: Blender create Mesh node M2_K0_0_korkuluk_cerceve.003
22:57:33 | INFO: Blender create Mesh node M2_K0_0_korkuluk_dikme.002
22:57:33 | INFO: Blender create Mesh node M2_K0_0_korkuluk_dikme.003
22:57:33 | INFO: Blender create Mesh node M2_K0_0_korkuluk_dikme.005
22:57:33 | INFO: Blender create Mesh node M2_K0_0_korkuluk_kupeste.001
22:57:33 | INFO: Blender create Mesh node M2_K0_0_korkuluk_S_ana.016
22:57:33 | INFO: Blender create Mesh node M2_K0_0_korkuluk_S_ana.017
22:57:33 | INFO: Blender create Mesh node M2_K0_0_korkuluk_S_ana.018
22:57:33 | INFO: Blender create Mesh node M2_K0_0_korkuluk_S_ana.019
22:57:33 | INFO: Blender create Mesh node M2_K0_0_korkuluk_S_ana.020
22:57:33 | INFO: Blender create Mesh node M2_K0_0_korkuluk_S_ana.021
22:57:33 | INFO: Blender create Mesh node M2_K0_0_korkuluk_S_ana.022
22:57:33 | INFO: Blender create Mesh node M2_K0_0_korkuluk_S_ana.023
22:57:33 | INFO: Blender create Mesh node M2_K0_0_korkuluk_S_ana.024
22:57:33 | INFO: Blender create Mesh node M2_K0_0_korkuluk_S_ana.025
22:57:33 | INFO: Blender create Mesh node M2_K0_0_korkuluk_S_ana.026
22:57:33 | INFO: Blender create Mesh node M2_K0_0_korkuluk_S_ana.027
22:57:33 | INFO: Blender create Mesh node M2_K0_0_korkuluk_S_ana.028
22:57:33 | INFO: Blender create Mesh node M2_K0_0_korkuluk_S_ana.029
22:57:33 | INFO: Blender create Mesh node M2_K0_0_korkuluk_S_ana.030
22:57:33 | INFO: Blender create Mesh node M2_K0_0_korkuluk_S_ana.031
22:57:33 | INFO: Blender create Mesh node M2_K0_0_riht.027
22:57:33 | INFO: Blender create Mesh node M2_K0_0_riht.010
22:57:33 | INFO: Blender create Mesh node M2_K0_0_riht.011
22:57:33 | INFO: Blender create Mesh node M2_K0_0_riht.012
22:57:33 | INFO: Blender create Mesh node M2_K0_0_riht.013
22:57:33 | INFO: Blender create Mesh node M2_K0_0_riht.014
22:57:33 | INFO: Blender create Mesh node M2_K0_0_riht.015
22:57:33 | INFO: Blender create Mesh node M2_K0_0_riht.016
22:57:33 | INFO: Blender create Mesh node M2_K0_0_riht.017
22:57:33 | INFO: Blender create Mesh node M2_K0_1_basamak.027
22:57:33 | INFO: Blender create Mesh node M2_K0_1_basamak.010
22:57:33 | INFO: Blender create Mesh node M2_K0_1_basamak.011
22:57:33 | INFO: Blender create Mesh node M2_K0_1_basamak.012
22:57:33 | INFO: Blender create Mesh node M2_K0_1_basamak.013
22:57:33 | INFO: Blender create Mesh node M2_K0_1_basamak.014
22:57:33 | INFO: Blender create Mesh node M2_K0_1_basamak.015
22:57:33 | INFO: Blender create Mesh node M2_K0_1_basamak.016
22:57:33 | INFO: Blender create Mesh node M2_K0_1_basamak.017
22:57:33 | INFO: Blender create Mesh node M2_K0_1_beyaz_altyapi.001
22:57:33 | INFO: Blender create Mesh node M2_K0_1_korkuluk_ayak.002
22:57:33 | INFO: Blender create Mesh node M2_K0_1_korkuluk_ayak.003
22:57:33 | INFO: Blender create Mesh node M2_K0_1_korkuluk_ayak.005
22:57:33 | INFO: Blender create Mesh node M2_K0_1_korkuluk_C_surgun.016
22:57:33 | INFO: Blender create Mesh node M2_K0_1_korkuluk_C_surgun.017
22:57:33 | INFO: Blender create Mesh node M2_K0_1_korkuluk_C_surgun.018
22:57:33 | INFO: Blender create Mesh node M2_K0_1_korkuluk_C_surgun.019
22:57:33 | INFO: Blender create Mesh node M2_K0_1_korkuluk_C_surgun.020
22:57:33 | INFO: Blender create Mesh node M2_K0_1_korkuluk_C_surgun.021
22:57:33 | INFO: Blender create Mesh node M2_K0_1_korkuluk_C_surgun.022
22:57:33 | INFO: Blender create Mesh node M2_K0_1_korkuluk_C_surgun.023
22:57:33 | INFO: Blender create Mesh node M2_K0_1_korkuluk_C_surgun.024
22:57:33 | INFO: Blender create Mesh node M2_K0_1_korkuluk_C_surgun.025
22:57:33 | INFO: Blender create Mesh node M2_K0_1_korkuluk_C_surgun.026
22:57:33 | INFO: Blender create Mesh node M2_K0_1_korkuluk_C_surgun.027
22:57:33 | INFO: Blender create Mesh node M2_K0_1_korkuluk_C_surgun.028
22:57:33 | INFO: Blender create Mesh node M2_K0_1_korkuluk_C_surgun.029
22:57:33 | INFO: Blender create Mesh node M2_K0_1_korkuluk_C_surgun.030
22:57:33 | INFO: Blender create Mesh node M2_K0_1_korkuluk_C_surgun.031
22:57:33 | INFO: Blender create Mesh node M2_K0_1_korkuluk_cerceve.002
22:57:33 | INFO: Blender create Mesh node M2_K0_1_korkuluk_cerceve.003
22:57:33 | INFO: Blender create Mesh node M2_K0_1_korkuluk_dikme.002
22:57:33 | INFO: Blender create Mesh node M2_K0_1_korkuluk_dikme.003
22:57:33 | INFO: Blender create Mesh node M2_K0_1_korkuluk_dikme.005
22:57:33 | INFO: Blender create Mesh node M2_K0_1_korkuluk_kupeste.001
22:57:33 | INFO: Blender create Mesh node M2_K0_1_korkuluk_S_ana.016
22:57:33 | INFO: Blender create Mesh node M2_K0_1_korkuluk_S_ana.017
22:57:33 | INFO: Blender create Mesh node M2_K0_1_korkuluk_S_ana.018
22:57:33 | INFO: Blender create Mesh node M2_K0_1_korkuluk_S_ana.019
22:57:33 | INFO: Blender create Mesh node M2_K0_1_korkuluk_S_ana.020
22:57:33 | INFO: Blender create Mesh node M2_K0_1_korkuluk_S_ana.021
22:57:33 | INFO: Blender create Mesh node M2_K0_1_korkuluk_S_ana.022
22:57:33 | INFO: Blender create Mesh node M2_K0_1_korkuluk_S_ana.023
22:57:33 | INFO: Blender create Mesh node M2_K0_1_korkuluk_S_ana.024
22:57:33 | INFO: Blender create Mesh node M2_K0_1_korkuluk_S_ana.025
22:57:33 | INFO: Blender create Mesh node M2_K0_1_korkuluk_S_ana.026
22:57:33 | INFO: Blender create Mesh node M2_K0_1_korkuluk_S_ana.027
22:57:33 | INFO: Blender create Mesh node M2_K0_1_korkuluk_S_ana.028
22:57:33 | INFO: Blender create Mesh node M2_K0_1_korkuluk_S_ana.029
22:57:33 | INFO: Blender create Mesh node M2_K0_1_korkuluk_S_ana.030
22:57:33 | INFO: Blender create Mesh node M2_K0_1_korkuluk_S_ana.031
22:57:33 | INFO: Blender create Mesh node M2_K0_1_riht.027
22:57:33 | INFO: Blender create Mesh node M2_K0_1_riht.010
22:57:33 | INFO: Blender create Mesh node M2_K0_1_riht.011
22:57:33 | INFO: Blender create Mesh node M2_K0_1_riht.012
22:57:33 | INFO: Blender create Mesh node M2_K0_1_riht.013
22:57:33 | INFO: Blender create Mesh node M2_K0_1_riht.014
22:57:33 | INFO: Blender create Mesh node M2_K0_1_riht.015
22:57:33 | INFO: Blender create Mesh node M2_K0_1_riht.016
22:57:33 | INFO: Blender create Mesh node M2_K0_1_riht.017
22:57:33 | INFO: Blender create Mesh node M2_K0_bosluk_korkuluk_0_ayak.002
22:57:33 | INFO: Blender create Mesh node M2_K0_bosluk_korkuluk_0_ayak.003
22:57:33 | INFO: Blender create Mesh node M2_K0_bosluk_korkuluk_0_C_surgun.020
22:57:33 | INFO: Blender create Mesh node M2_K0_bosluk_korkuluk_0_C_surgun.021
22:57:33 | INFO: Blender create Mesh node M2_K0_bosluk_korkuluk_0_C_surgun.022
22:57:33 | INFO: Blender create Mesh node M2_K0_bosluk_korkuluk_0_C_surgun.023
22:57:33 | INFO: Blender create Mesh node M2_K0_bosluk_korkuluk_0_C_surgun.024
22:57:33 | INFO: Blender create Mesh node M2_K0_bosluk_korkuluk_0_C_surgun.025
22:57:33 | INFO: Blender create Mesh node M2_K0_bosluk_korkuluk_0_C_surgun.026
22:57:33 | INFO: Blender create Mesh node M2_K0_bosluk_korkuluk_0_C_surgun.027
22:57:33 | INFO: Blender create Mesh node M2_K0_bosluk_korkuluk_0_C_surgun.028
22:57:33 | INFO: Blender create Mesh node M2_K0_bosluk_korkuluk_0_C_surgun.029
22:57:33 | INFO: Blender create Mesh node M2_K0_bosluk_korkuluk_0_C_surgun.030
22:57:33 | INFO: Blender create Mesh node M2_K0_bosluk_korkuluk_0_C_surgun.031
22:57:33 | INFO: Blender create Mesh node M2_K0_bosluk_korkuluk_0_C_surgun.032
22:57:33 | INFO: Blender create Mesh node M2_K0_bosluk_korkuluk_0_C_surgun.033
22:57:33 | INFO: Blender create Mesh node M2_K0_bosluk_korkuluk_0_C_surgun.034
22:57:33 | INFO: Blender create Mesh node M2_K0_bosluk_korkuluk_0_C_surgun.035
22:57:33 | INFO: Blender create Mesh node M2_K0_bosluk_korkuluk_0_C_surgun.036
22:57:33 | INFO: Blender create Mesh node M2_K0_bosluk_korkuluk_0_C_surgun.037
22:57:33 | INFO: Blender create Mesh node M2_K0_bosluk_korkuluk_0_C_surgun.038
22:57:33 | INFO: Blender create Mesh node M2_K0_bosluk_korkuluk_0_C_surgun.039
22:57:33 | INFO: Blender create Mesh node M2_K0_bosluk_korkuluk_0_cerceve.002
22:57:33 | INFO: Blender create Mesh node M2_K0_bosluk_korkuluk_0_cerceve.003
22:57:33 | INFO: Blender create Mesh node M2_K0_bosluk_korkuluk_0_dikme.002
22:57:33 | INFO: Blender create Mesh node M2_K0_bosluk_korkuluk_0_dikme.003
22:57:33 | INFO: Blender create Mesh node M2_K0_bosluk_korkuluk_0_kucuk_C_bordur.034
22:57:33 | INFO: Blender create Mesh node M2_K0_bosluk_korkuluk_0_kucuk_C_bordur.035
22:57:33 | INFO: Blender create Mesh node M2_K0_bosluk_korkuluk_0_kucuk_C_bordur.036
22:57:33 | INFO: Blender create Mesh node M2_K0_bosluk_korkuluk_0_kucuk_C_bordur.037
22:57:33 | INFO: Blender create Mesh node M2_K0_bosluk_korkuluk_0_kucuk_C_bordur.038
22:57:33 | INFO: Blender create Mesh node M2_K0_bosluk_korkuluk_0_kucuk_C_bordur.039
22:57:33 | INFO: Blender create Mesh node M2_K0_bosluk_korkuluk_0_kucuk_C_bordur.040
22:57:33 | INFO: Blender create Mesh node M2_K0_bosluk_korkuluk_0_kucuk_C_bordur.041
22:57:33 | INFO: Blender create Mesh node M2_K0_bosluk_korkuluk_0_kucuk_C_bordur.042
22:57:33 | INFO: Blender create Mesh node M2_K0_bosluk_korkuluk_0_kucuk_C_bordur.043
22:57:33 | INFO: Blender create Mesh node M2_K0_bosluk_korkuluk_0_kucuk_C_bordur.044
22:57:33 | INFO: Blender create Mesh node M2_K0_bosluk_korkuluk_0_kucuk_C_bordur.045
22:57:33 | INFO: Blender create Mesh node M2_K0_bosluk_korkuluk_0_kucuk_C_bordur.046
22:57:33 | INFO: Blender create Mesh node M2_K0_bosluk_korkuluk_0_kucuk_C_bordur.047
22:57:33 | INFO: Blender create Mesh node M2_K0_bosluk_korkuluk_0_kucuk_C_bordur.048
22:57:33 | INFO: Blender create Mesh node M2_K0_bosluk_korkuluk_0_kucuk_C_bordur.049
22:57:33 | INFO: Blender create Mesh node M2_K0_bosluk_korkuluk_0_kucuk_C_bordur.050
22:57:33 | INFO: Blender create Mesh node M2_K0_bosluk_korkuluk_0_kucuk_C_bordur.051
22:57:33 | INFO: Blender create Mesh node M2_K0_bosluk_korkuluk_0_kucuk_C_bordur.052
22:57:33 | INFO: Blender create Mesh node M2_K0_bosluk_korkuluk_0_kucuk_C_bordur.053
22:57:33 | INFO: Blender create Mesh node M2_K0_bosluk_korkuluk_0_kucuk_C_bordur.054
22:57:33 | INFO: Blender create Mesh node M2_K0_bosluk_korkuluk_0_kucuk_C_bordur.055
22:57:33 | INFO: Blender create Mesh node M2_K0_bosluk_korkuluk_0_kucuk_C_bordur.056
22:57:33 | INFO: Blender create Mesh node M2_K0_bosluk_korkuluk_0_kucuk_C_bordur.057
22:57:33 | INFO: Blender create Mesh node M2_K0_bosluk_korkuluk_0_kucuk_C_bordur.058
22:57:33 | INFO: Blender create Mesh node M2_K0_bosluk_korkuluk_0_kucuk_C_bordur.059
22:57:33 | INFO: Blender create Mesh node M2_K0_bosluk_korkuluk_0_kucuk_C_bordur.060
22:57:33 | INFO: Blender create Mesh node M2_K0_bosluk_korkuluk_0_kucuk_C_bordur.061
22:57:33 | INFO: Blender create Mesh node M2_K0_bosluk_korkuluk_0_kucuk_C_bordur.062
22:57:33 | INFO: Blender create Mesh node M2_K0_bosluk_korkuluk_0_kucuk_C_bordur.063
22:57:33 | INFO: Blender create Mesh node M2_K0_bosluk_korkuluk_0_kucuk_C_bordur.064
22:57:33 | INFO: Blender create Mesh node M2_K0_bosluk_korkuluk_0_kucuk_C_bordur.065
22:57:33 | INFO: Blender create Mesh node M2_K0_bosluk_korkuluk_0_kucuk_C_bordur.066
22:57:33 | INFO: Blender create Mesh node M2_K0_bosluk_korkuluk_0_kucuk_C_bordur.067
22:57:33 | INFO: Blender create Mesh node M2_K0_bosluk_korkuluk_0_kupeste.001
22:57:33 | INFO: Blender create Mesh node M2_K0_bosluk_korkuluk_0_S_ana.010
22:57:33 | INFO: Blender create Mesh node M2_K0_bosluk_korkuluk_0_S_ana.011
22:57:33 | INFO: Blender create Mesh node M2_K0_bosluk_korkuluk_0_S_ana.012
22:57:33 | INFO: Blender create Mesh node M2_K0_bosluk_korkuluk_0_S_ana.013
22:57:33 | INFO: Blender create Mesh node M2_K0_bosluk_korkuluk_0_S_ana.014
22:57:33 | INFO: Blender create Mesh node M2_K0_bosluk_korkuluk_0_S_ana.015
22:57:33 | INFO: Blender create Mesh node M2_K0_bosluk_korkuluk_0_S_ana.016
22:57:33 | INFO: Blender create Mesh node M2_K0_bosluk_korkuluk_0_S_ana.017
22:57:33 | INFO: Blender create Mesh node M2_K0_bosluk_korkuluk_0_S_ana.018
22:57:33 | INFO: Blender create Mesh node M2_K0_bosluk_korkuluk_0_S_ana.019
22:57:33 | INFO: Blender create Mesh node M2_K0_sahanlik.001
22:57:33 | INFO: Blender create Mesh node M2_K0_sahanlik_alti.001
22:57:33 | INFO: Blender create Mesh node M2_K1_0_basamak.030
22:57:33 | INFO: Blender create Mesh node M2_K1_0_basamak.011
22:57:33 | INFO: Blender create Mesh node M2_K1_0_basamak.012
22:57:33 | INFO: Blender create Mesh node M2_K1_0_basamak.013
22:57:33 | INFO: Blender create Mesh node M2_K1_0_basamak.014
22:57:33 | INFO: Blender create Mesh node M2_K1_0_basamak.015
22:57:33 | INFO: Blender create Mesh node M2_K1_0_basamak.016
22:57:33 | INFO: Blender create Mesh node M2_K1_0_basamak.017
22:57:33 | INFO: Blender create Mesh node M2_K1_0_basamak.018
22:57:33 | INFO: Blender create Mesh node M2_K1_0_basamak.019
22:57:33 | INFO: Blender create Mesh node M2_K1_0_beyaz_altyapi.001
22:57:33 | INFO: Blender create Mesh node M2_K1_0_korkuluk_ayak.002
22:57:33 | INFO: Blender create Mesh node M2_K1_0_korkuluk_ayak.003
22:57:33 | INFO: Blender create Mesh node M2_K1_0_korkuluk_ayak.005
22:57:33 | INFO: Blender create Mesh node M2_K1_0_korkuluk_C_surgun.024
22:57:33 | INFO: Blender create Mesh node M2_K1_0_korkuluk_C_surgun.025
22:57:33 | INFO: Blender create Mesh node M2_K1_0_korkuluk_C_surgun.026
22:57:33 | INFO: Blender create Mesh node M2_K1_0_korkuluk_C_surgun.027
22:57:33 | INFO: Blender create Mesh node M2_K1_0_korkuluk_C_surgun.028
22:57:33 | INFO: Blender create Mesh node M2_K1_0_korkuluk_C_surgun.029
22:57:33 | INFO: Blender create Mesh node M2_K1_0_korkuluk_C_surgun.030
22:57:33 | INFO: Blender create Mesh node M2_K1_0_korkuluk_C_surgun.031
22:57:33 | INFO: Blender create Mesh node M2_K1_0_korkuluk_C_surgun.032
22:57:33 | INFO: Blender create Mesh node M2_K1_0_korkuluk_C_surgun.033
22:57:33 | INFO: Blender create Mesh node M2_K1_0_korkuluk_C_surgun.034
22:57:33 | INFO: Blender create Mesh node M2_K1_0_korkuluk_C_surgun.035
22:57:33 | INFO: Blender create Mesh node M2_K1_0_korkuluk_C_surgun.036
22:57:33 | INFO: Blender create Mesh node M2_K1_0_korkuluk_C_surgun.037
22:57:33 | INFO: Blender create Mesh node M2_K1_0_korkuluk_C_surgun.038
22:57:33 | INFO: Blender create Mesh node M2_K1_0_korkuluk_C_surgun.039
22:57:33 | INFO: Blender create Mesh node M2_K1_0_korkuluk_C_surgun.040
22:57:33 | INFO: Blender create Mesh node M2_K1_0_korkuluk_C_surgun.041
22:57:33 | INFO: Blender create Mesh node M2_K1_0_korkuluk_C_surgun.042
22:57:33 | INFO: Blender create Mesh node M2_K1_0_korkuluk_C_surgun.043
22:57:33 | INFO: Blender create Mesh node M2_K1_0_korkuluk_C_surgun.044
22:57:33 | INFO: Blender create Mesh node M2_K1_0_korkuluk_C_surgun.045
22:57:33 | INFO: Blender create Mesh node M2_K1_0_korkuluk_C_surgun.046
22:57:33 | INFO: Blender create Mesh node M2_K1_0_korkuluk_C_surgun.047
22:57:33 | INFO: Blender create Mesh node M2_K1_0_korkuluk_cerceve.002
22:57:33 | INFO: Blender create Mesh node M2_K1_0_korkuluk_cerceve.003
22:57:33 | INFO: Blender create Mesh node M2_K1_0_korkuluk_dikme.002
22:57:33 | INFO: Blender create Mesh node M2_K1_0_korkuluk_dikme.003
22:57:33 | INFO: Blender create Mesh node M2_K1_0_korkuluk_dikme.005
22:57:33 | INFO: Blender create Mesh node M2_K1_0_korkuluk_kucuk_C_bordur.042
22:57:33 | INFO: Blender create Mesh node M2_K1_0_korkuluk_kucuk_C_bordur.043
22:57:33 | INFO: Blender create Mesh node M2_K1_0_korkuluk_kucuk_C_bordur.044
22:57:33 | INFO: Blender create Mesh node M2_K1_0_korkuluk_kucuk_C_bordur.045
22:57:33 | INFO: Blender create Mesh node M2_K1_0_korkuluk_kucuk_C_bordur.046
22:57:33 | INFO: Blender create Mesh node M2_K1_0_korkuluk_kucuk_C_bordur.047
22:57:33 | INFO: Blender create Mesh node M2_K1_0_korkuluk_kucuk_C_bordur.048
22:57:33 | INFO: Blender create Mesh node M2_K1_0_korkuluk_kucuk_C_bordur.049
22:57:33 | INFO: Blender create Mesh node M2_K1_0_korkuluk_kucuk_C_bordur.050
22:57:33 | INFO: Blender create Mesh node M2_K1_0_korkuluk_kucuk_C_bordur.051
22:57:33 | INFO: Blender create Mesh node M2_K1_0_korkuluk_kucuk_C_bordur.052
22:57:33 | INFO: Blender create Mesh node M2_K1_0_korkuluk_kucuk_C_bordur.053
22:57:33 | INFO: Blender create Mesh node M2_K1_0_korkuluk_kucuk_C_bordur.054
22:57:33 | INFO: Blender create Mesh node M2_K1_0_korkuluk_kucuk_C_bordur.055
22:57:33 | INFO: Blender create Mesh node M2_K1_0_korkuluk_kucuk_C_bordur.056
22:57:33 | INFO: Blender create Mesh node M2_K1_0_korkuluk_kucuk_C_bordur.057
22:57:33 | INFO: Blender create Mesh node M2_K1_0_korkuluk_kucuk_C_bordur.058
22:57:33 | INFO: Blender create Mesh node M2_K1_0_korkuluk_kucuk_C_bordur.059
22:57:33 | INFO: Blender create Mesh node M2_K1_0_korkuluk_kucuk_C_bordur.060
22:57:33 | INFO: Blender create Mesh node M2_K1_0_korkuluk_kucuk_C_bordur.061
22:57:33 | INFO: Blender create Mesh node M2_K1_0_korkuluk_kucuk_C_bordur.062
22:57:33 | INFO: Blender create Mesh node M2_K1_0_korkuluk_kucuk_C_bordur.063
22:57:33 | INFO: Blender create Mesh node M2_K1_0_korkuluk_kucuk_C_bordur.064
22:57:33 | INFO: Blender create Mesh node M2_K1_0_korkuluk_kucuk_C_bordur.065
22:57:33 | INFO: Blender create Mesh node M2_K1_0_korkuluk_kucuk_C_bordur.066
22:57:33 | INFO: Blender create Mesh node M2_K1_0_korkuluk_kucuk_C_bordur.067
22:57:33 | INFO: Blender create Mesh node M2_K1_0_korkuluk_kucuk_C_bordur.068
22:57:33 | INFO: Blender create Mesh node M2_K1_0_korkuluk_kucuk_C_bordur.069
22:57:33 | INFO: Blender create Mesh node M2_K1_0_korkuluk_kucuk_C_bordur.070
22:57:33 | INFO: Blender create Mesh node M2_K1_0_korkuluk_kucuk_C_bordur.071
22:57:33 | INFO: Blender create Mesh node M2_K1_0_korkuluk_kucuk_C_bordur.072
22:57:33 | INFO: Blender create Mesh node M2_K1_0_korkuluk_kucuk_C_bordur.073
22:57:33 | INFO: Blender create Mesh node M2_K1_0_korkuluk_kucuk_C_bordur.074
22:57:33 | INFO: Blender create Mesh node M2_K1_0_korkuluk_kucuk_C_bordur.075
22:57:33 | INFO: Blender create Mesh node M2_K1_0_korkuluk_kucuk_C_bordur.076
22:57:33 | INFO: Blender create Mesh node M2_K1_0_korkuluk_kucuk_C_bordur.077
22:57:33 | INFO: Blender create Mesh node M2_K1_0_korkuluk_kucuk_C_bordur.078
22:57:33 | INFO: Blender create Mesh node M2_K1_0_korkuluk_kucuk_C_bordur.079
22:57:33 | INFO: Blender create Mesh node M2_K1_0_korkuluk_kucuk_C_bordur.080
22:57:34 | INFO: Blender create Mesh node M2_K1_0_korkuluk_kucuk_C_bordur.081
22:57:34 | INFO: Blender create Mesh node M2_K1_0_korkuluk_kucuk_C_bordur.082
22:57:34 | INFO: Blender create Mesh node M2_K1_0_korkuluk_kucuk_C_bordur.083
22:57:34 | INFO: Blender create Mesh node M2_K1_0_korkuluk_kupeste.001
22:57:34 | INFO: Blender create Mesh node M2_K1_0_korkuluk_S_ana.012
22:57:34 | INFO: Blender create Mesh node M2_K1_0_korkuluk_S_ana.013
22:57:34 | INFO: Blender create Mesh node M2_K1_0_korkuluk_S_ana.014
22:57:34 | INFO: Blender create Mesh node M2_K1_0_korkuluk_S_ana.015
22:57:34 | INFO: Blender create Mesh node M2_K1_0_korkuluk_S_ana.016
22:57:34 | INFO: Blender create Mesh node M2_K1_0_korkuluk_S_ana.017
22:57:34 | INFO: Blender create Mesh node M2_K1_0_korkuluk_S_ana.018
22:57:34 | INFO: Blender create Mesh node M2_K1_0_korkuluk_S_ana.019
22:57:34 | INFO: Blender create Mesh node M2_K1_0_korkuluk_S_ana.020
22:57:34 | INFO: Blender create Mesh node M2_K1_0_korkuluk_S_ana.021
22:57:34 | INFO: Blender create Mesh node M2_K1_0_korkuluk_S_ana.022
22:57:34 | INFO: Blender create Mesh node M2_K1_0_korkuluk_S_ana.023
22:57:34 | INFO: Blender create Mesh node M2_K1_0_riht.030
22:57:34 | INFO: Blender create Mesh node M2_K1_0_riht.011
22:57:34 | INFO: Blender create Mesh node M2_K1_0_riht.012
22:57:34 | INFO: Blender create Mesh node M2_K1_0_riht.013
22:57:34 | INFO: Blender create Mesh node M2_K1_0_riht.014
22:57:34 | INFO: Blender create Mesh node M2_K1_0_riht.015
22:57:34 | INFO: Blender create Mesh node M2_K1_0_riht.016
22:57:34 | INFO: Blender create Mesh node M2_K1_0_riht.017
22:57:34 | INFO: Blender create Mesh node M2_K1_0_riht.018
22:57:34 | INFO: Blender create Mesh node M2_K1_0_riht.019
22:57:34 | INFO: Blender create Mesh node M2_K1_1_basamak.027
22:57:34 | INFO: Blender create Mesh node M2_K1_1_basamak.010
22:57:34 | INFO: Blender create Mesh node M2_K1_1_basamak.011
22:57:34 | INFO: Blender create Mesh node M2_K1_1_basamak.012
22:57:34 | INFO: Blender create Mesh node M2_K1_1_basamak.013
22:57:34 | INFO: Blender create Mesh node M2_K1_1_basamak.014
22:57:34 | INFO: Blender create Mesh node M2_K1_1_basamak.015
22:57:34 | INFO: Blender create Mesh node M2_K1_1_basamak.016
22:57:34 | INFO: Blender create Mesh node M2_K1_1_basamak.017
22:57:34 | INFO: Blender create Mesh node M2_K1_1_beyaz_altyapi.001
22:57:34 | INFO: Blender create Mesh node M2_K1_1_korkuluk_ayak.002
22:57:34 | INFO: Blender create Mesh node M2_K1_1_korkuluk_ayak.003
22:57:34 | INFO: Blender create Mesh node M2_K1_1_korkuluk_ayak.005
22:57:34 | INFO: Blender create Mesh node M2_K1_1_korkuluk_C_surgun.024
22:57:34 | INFO: Blender create Mesh node M2_K1_1_korkuluk_C_surgun.025
22:57:34 | INFO: Blender create Mesh node M2_K1_1_korkuluk_C_surgun.026
22:57:34 | INFO: Blender create Mesh node M2_K1_1_korkuluk_C_surgun.027
22:57:34 | INFO: Blender create Mesh node M2_K1_1_korkuluk_C_surgun.028
22:57:34 | INFO: Blender create Mesh node M2_K1_1_korkuluk_C_surgun.029
22:57:34 | INFO: Blender create Mesh node M2_K1_1_korkuluk_C_surgun.030
22:57:34 | INFO: Blender create Mesh node M2_K1_1_korkuluk_C_surgun.031
22:57:34 | INFO: Blender create Mesh node M2_K1_1_korkuluk_C_surgun.032
22:57:34 | INFO: Blender create Mesh node M2_K1_1_korkuluk_C_surgun.033
22:57:34 | INFO: Blender create Mesh node M2_K1_1_korkuluk_C_surgun.034
22:57:34 | INFO: Blender create Mesh node M2_K1_1_korkuluk_C_surgun.035
22:57:34 | INFO: Blender create Mesh node M2_K1_1_korkuluk_C_surgun.036
22:57:34 | INFO: Blender create Mesh node M2_K1_1_korkuluk_C_surgun.037
22:57:34 | INFO: Blender create Mesh node M2_K1_1_korkuluk_C_surgun.038
22:57:34 | INFO: Blender create Mesh node M2_K1_1_korkuluk_C_surgun.039
22:57:34 | INFO: Blender create Mesh node M2_K1_1_korkuluk_C_surgun.040
22:57:34 | INFO: Blender create Mesh node M2_K1_1_korkuluk_C_surgun.041
22:57:34 | INFO: Blender create Mesh node M2_K1_1_korkuluk_C_surgun.042
22:57:34 | INFO: Blender create Mesh node M2_K1_1_korkuluk_C_surgun.043
22:57:34 | INFO: Blender create Mesh node M2_K1_1_korkuluk_C_surgun.044
22:57:34 | INFO: Blender create Mesh node M2_K1_1_korkuluk_C_surgun.045
22:57:34 | INFO: Blender create Mesh node M2_K1_1_korkuluk_C_surgun.046
22:57:34 | INFO: Blender create Mesh node M2_K1_1_korkuluk_C_surgun.047
22:57:34 | INFO: Blender create Mesh node M2_K1_1_korkuluk_cerceve.002
22:57:34 | INFO: Blender create Mesh node M2_K1_1_korkuluk_cerceve.003
22:57:34 | INFO: Blender create Mesh node M2_K1_1_korkuluk_dikme.002
22:57:34 | INFO: Blender create Mesh node M2_K1_1_korkuluk_dikme.003
22:57:34 | INFO: Blender create Mesh node M2_K1_1_korkuluk_dikme.005
22:57:34 | INFO: Blender create Mesh node M2_K1_1_korkuluk_kucuk_C_bordur.038
22:57:34 | INFO: Blender create Mesh node M2_K1_1_korkuluk_kucuk_C_bordur.039
22:57:34 | INFO: Blender create Mesh node M2_K1_1_korkuluk_kucuk_C_bordur.040
22:57:34 | INFO: Blender create Mesh node M2_K1_1_korkuluk_kucuk_C_bordur.041
22:57:34 | INFO: Blender create Mesh node M2_K1_1_korkuluk_kucuk_C_bordur.042
22:57:34 | INFO: Blender create Mesh node M2_K1_1_korkuluk_kucuk_C_bordur.043
22:57:34 | INFO: Blender create Mesh node M2_K1_1_korkuluk_kucuk_C_bordur.044
22:57:34 | INFO: Blender create Mesh node M2_K1_1_korkuluk_kucuk_C_bordur.045
22:57:34 | INFO: Blender create Mesh node M2_K1_1_korkuluk_kucuk_C_bordur.046
22:57:34 | INFO: Blender create Mesh node M2_K1_1_korkuluk_kucuk_C_bordur.047
22:57:34 | INFO: Blender create Mesh node M2_K1_1_korkuluk_kucuk_C_bordur.048
22:57:34 | INFO: Blender create Mesh node M2_K1_1_korkuluk_kucuk_C_bordur.049
22:57:34 | INFO: Blender create Mesh node M2_K1_1_korkuluk_kucuk_C_bordur.050
22:57:34 | INFO: Blender create Mesh node M2_K1_1_korkuluk_kucuk_C_bordur.051
22:57:34 | INFO: Blender create Mesh node M2_K1_1_korkuluk_kucuk_C_bordur.052
22:57:34 | INFO: Blender create Mesh node M2_K1_1_korkuluk_kucuk_C_bordur.053
22:57:34 | INFO: Blender create Mesh node M2_K1_1_korkuluk_kucuk_C_bordur.054
22:57:34 | INFO: Blender create Mesh node M2_K1_1_korkuluk_kucuk_C_bordur.055
22:57:34 | INFO: Blender create Mesh node M2_K1_1_korkuluk_kucuk_C_bordur.056
22:57:34 | INFO: Blender create Mesh node M2_K1_1_korkuluk_kucuk_C_bordur.057
22:57:34 | INFO: Blender create Mesh node M2_K1_1_korkuluk_kucuk_C_bordur.058
22:57:34 | INFO: Blender create Mesh node M2_K1_1_korkuluk_kucuk_C_bordur.059
22:57:34 | INFO: Blender create Mesh node M2_K1_1_korkuluk_kucuk_C_bordur.060
22:57:34 | INFO: Blender create Mesh node M2_K1_1_korkuluk_kucuk_C_bordur.061
22:57:34 | INFO: Blender create Mesh node M2_K1_1_korkuluk_kucuk_C_bordur.062
22:57:34 | INFO: Blender create Mesh node M2_K1_1_korkuluk_kucuk_C_bordur.063
22:57:34 | INFO: Blender create Mesh node M2_K1_1_korkuluk_kucuk_C_bordur.064
22:57:34 | INFO: Blender create Mesh node M2_K1_1_korkuluk_kucuk_C_bordur.065
22:57:34 | INFO: Blender create Mesh node M2_K1_1_korkuluk_kucuk_C_bordur.066
22:57:34 | INFO: Blender create Mesh node M2_K1_1_korkuluk_kucuk_C_bordur.067
22:57:34 | INFO: Blender create Mesh node M2_K1_1_korkuluk_kucuk_C_bordur.068
22:57:34 | INFO: Blender create Mesh node M2_K1_1_korkuluk_kucuk_C_bordur.069
22:57:34 | INFO: Blender create Mesh node M2_K1_1_korkuluk_kucuk_C_bordur.070
22:57:34 | INFO: Blender create Mesh node M2_K1_1_korkuluk_kucuk_C_bordur.071
22:57:34 | INFO: Blender create Mesh node M2_K1_1_korkuluk_kucuk_C_bordur.072
22:57:34 | INFO: Blender create Mesh node M2_K1_1_korkuluk_kucuk_C_bordur.073
22:57:34 | INFO: Blender create Mesh node M2_K1_1_korkuluk_kucuk_C_bordur.074
22:57:34 | INFO: Blender create Mesh node M2_K1_1_korkuluk_kucuk_C_bordur.075
22:57:34 | INFO: Blender create Mesh node M2_K1_1_korkuluk_kupeste.001
22:57:34 | INFO: Blender create Mesh node M2_K1_1_korkuluk_S_ana.012
22:57:34 | INFO: Blender create Mesh node M2_K1_1_korkuluk_S_ana.013
22:57:34 | INFO: Blender create Mesh node M2_K1_1_korkuluk_S_ana.014
22:57:34 | INFO: Blender create Mesh node M2_K1_1_korkuluk_S_ana.015
22:57:34 | INFO: Blender create Mesh node M2_K1_1_korkuluk_S_ana.016
22:57:34 | INFO: Blender create Mesh node M2_K1_1_korkuluk_S_ana.017
22:57:34 | INFO: Blender create Mesh node M2_K1_1_korkuluk_S_ana.018
22:57:34 | INFO: Blender create Mesh node M2_K1_1_korkuluk_S_ana.019
22:57:34 | INFO: Blender create Mesh node M2_K1_1_korkuluk_S_ana.020
22:57:34 | INFO: Blender create Mesh node M2_K1_1_korkuluk_S_ana.021
22:57:34 | INFO: Blender create Mesh node M2_K1_1_korkuluk_S_ana.022
22:57:34 | INFO: Blender create Mesh node M2_K1_1_korkuluk_S_ana.023
22:57:34 | INFO: Blender create Mesh node M2_K1_1_riht.027
22:57:34 | INFO: Blender create Mesh node M2_K1_1_riht.010
22:57:34 | INFO: Blender create Mesh node M2_K1_1_riht.011
22:57:34 | INFO: Blender create Mesh node M2_K1_1_riht.012
22:57:34 | INFO: Blender create Mesh node M2_K1_1_riht.013
22:57:34 | INFO: Blender create Mesh node M2_K1_1_riht.014
22:57:34 | INFO: Blender create Mesh node M2_K1_1_riht.015
22:57:34 | INFO: Blender create Mesh node M2_K1_1_riht.016
22:57:34 | INFO: Blender create Mesh node M2_K1_1_riht.017
22:57:34 | INFO: Blender create Mesh node M2_K1_bosluk_korkuluk_0_ayak.002
22:57:34 | INFO: Blender create Mesh node M2_K1_bosluk_korkuluk_0_ayak.003
22:57:34 | INFO: Blender create Mesh node M2_K1_bosluk_korkuluk_0_C_surgun.016
22:57:34 | INFO: Blender create Mesh node M2_K1_bosluk_korkuluk_0_C_surgun.017
22:57:34 | INFO: Blender create Mesh node M2_K1_bosluk_korkuluk_0_C_surgun.018
22:57:34 | INFO: Blender create Mesh node M2_K1_bosluk_korkuluk_0_C_surgun.019
22:57:34 | INFO: Blender create Mesh node M2_K1_bosluk_korkuluk_0_C_surgun.020
22:57:34 | INFO: Blender create Mesh node M2_K1_bosluk_korkuluk_0_C_surgun.021
22:57:34 | INFO: Blender create Mesh node M2_K1_bosluk_korkuluk_0_C_surgun.022
22:57:34 | INFO: Blender create Mesh node M2_K1_bosluk_korkuluk_0_C_surgun.023
22:57:34 | INFO: Blender create Mesh node M2_K1_bosluk_korkuluk_0_C_surgun.024
22:57:34 | INFO: Blender create Mesh node M2_K1_bosluk_korkuluk_0_C_surgun.025
22:57:34 | INFO: Blender create Mesh node M2_K1_bosluk_korkuluk_0_C_surgun.026
22:57:34 | INFO: Blender create Mesh node M2_K1_bosluk_korkuluk_0_C_surgun.027
22:57:34 | INFO: Blender create Mesh node M2_K1_bosluk_korkuluk_0_C_surgun.028
22:57:34 | INFO: Blender create Mesh node M2_K1_bosluk_korkuluk_0_C_surgun.029
22:57:34 | INFO: Blender create Mesh node M2_K1_bosluk_korkuluk_0_C_surgun.030
22:57:34 | INFO: Blender create Mesh node M2_K1_bosluk_korkuluk_0_C_surgun.031
22:57:34 | INFO: Blender create Mesh node M2_K1_bosluk_korkuluk_0_cerceve.002
22:57:34 | INFO: Blender create Mesh node M2_K1_bosluk_korkuluk_0_cerceve.003
22:57:34 | INFO: Blender create Mesh node M2_K1_bosluk_korkuluk_0_dikme.002
22:57:34 | INFO: Blender create Mesh node M2_K1_bosluk_korkuluk_0_dikme.003
22:57:34 | INFO: Blender create Mesh node M2_K1_bosluk_korkuluk_0_kucuk_C_bordur.030
22:57:34 | INFO: Blender create Mesh node M2_K1_bosluk_korkuluk_0_kucuk_C_bordur.031
22:57:34 | INFO: Blender create Mesh node M2_K1_bosluk_korkuluk_0_kucuk_C_bordur.032
22:57:34 | INFO: Blender create Mesh node M2_K1_bosluk_korkuluk_0_kucuk_C_bordur.033
22:57:34 | INFO: Blender create Mesh node M2_K1_bosluk_korkuluk_0_kucuk_C_bordur.034
22:57:34 | INFO: Blender create Mesh node M2_K1_bosluk_korkuluk_0_kucuk_C_bordur.035
22:57:34 | INFO: Blender create Mesh node M2_K1_bosluk_korkuluk_0_kucuk_C_bordur.036
22:57:34 | INFO: Blender create Mesh node M2_K1_bosluk_korkuluk_0_kucuk_C_bordur.037
22:57:34 | INFO: Blender create Mesh node M2_K1_bosluk_korkuluk_0_kucuk_C_bordur.038
22:57:34 | INFO: Blender create Mesh node M2_K1_bosluk_korkuluk_0_kucuk_C_bordur.039
22:57:34 | INFO: Blender create Mesh node M2_K1_bosluk_korkuluk_0_kucuk_C_bordur.040
22:57:34 | INFO: Blender create Mesh node M2_K1_bosluk_korkuluk_0_kucuk_C_bordur.041
22:57:34 | INFO: Blender create Mesh node M2_K1_bosluk_korkuluk_0_kucuk_C_bordur.042
22:57:34 | INFO: Blender create Mesh node M2_K1_bosluk_korkuluk_0_kucuk_C_bordur.043
22:57:34 | INFO: Blender create Mesh node M2_K1_bosluk_korkuluk_0_kucuk_C_bordur.044
22:57:34 | INFO: Blender create Mesh node M2_K1_bosluk_korkuluk_0_kucuk_C_bordur.045
22:57:34 | INFO: Blender create Mesh node M2_K1_bosluk_korkuluk_0_kucuk_C_bordur.046
22:57:34 | INFO: Blender create Mesh node M2_K1_bosluk_korkuluk_0_kucuk_C_bordur.047
22:57:34 | INFO: Blender create Mesh node M2_K1_bosluk_korkuluk_0_kucuk_C_bordur.048
22:57:34 | INFO: Blender create Mesh node M2_K1_bosluk_korkuluk_0_kucuk_C_bordur.049
22:57:34 | INFO: Blender create Mesh node M2_K1_bosluk_korkuluk_0_kucuk_C_bordur.050
22:57:34 | INFO: Blender create Mesh node M2_K1_bosluk_korkuluk_0_kucuk_C_bordur.051
22:57:34 | INFO: Blender create Mesh node M2_K1_bosluk_korkuluk_0_kucuk_C_bordur.052
22:57:34 | INFO: Blender create Mesh node M2_K1_bosluk_korkuluk_0_kucuk_C_bordur.053
22:57:34 | INFO: Blender create Mesh node M2_K1_bosluk_korkuluk_0_kucuk_C_bordur.054
22:57:34 | INFO: Blender create Mesh node M2_K1_bosluk_korkuluk_0_kucuk_C_bordur.055
22:57:34 | INFO: Blender create Mesh node M2_K1_bosluk_korkuluk_0_kucuk_C_bordur.056
22:57:34 | INFO: Blender create Mesh node M2_K1_bosluk_korkuluk_0_kucuk_C_bordur.057
22:57:34 | INFO: Blender create Mesh node M2_K1_bosluk_korkuluk_0_kucuk_C_bordur.058
22:57:34 | INFO: Blender create Mesh node M2_K1_bosluk_korkuluk_0_kucuk_C_bordur.059
22:57:34 | INFO: Blender create Mesh node M2_K1_bosluk_korkuluk_0_kupeste.001
22:57:34 | INFO: Blender create Mesh node M2_K1_bosluk_korkuluk_0_S_ana.008
22:57:34 | INFO: Blender create Mesh node M2_K1_bosluk_korkuluk_0_S_ana.009
22:57:34 | INFO: Blender create Mesh node M2_K1_bosluk_korkuluk_0_S_ana.010
22:57:34 | INFO: Blender create Mesh node M2_K1_bosluk_korkuluk_0_S_ana.011
22:57:34 | INFO: Blender create Mesh node M2_K1_bosluk_korkuluk_0_S_ana.012
22:57:34 | INFO: Blender create Mesh node M2_K1_bosluk_korkuluk_0_S_ana.013
22:57:34 | INFO: Blender create Mesh node M2_K1_bosluk_korkuluk_0_S_ana.014
22:57:34 | INFO: Blender create Mesh node M2_K1_bosluk_korkuluk_0_S_ana.015
22:57:34 | INFO: Blender create Mesh node M2_K1_bosluk_korkuluk_1_ayak.002
22:57:34 | INFO: Blender create Mesh node M2_K1_bosluk_korkuluk_1_ayak.003
22:57:34 | INFO: Blender create Mesh node M2_K1_bosluk_korkuluk_1_C_surgun.020
22:57:34 | INFO: Blender create Mesh node M2_K1_bosluk_korkuluk_1_C_surgun.021
22:57:34 | INFO: Blender create Mesh node M2_K1_bosluk_korkuluk_1_C_surgun.022
22:57:34 | INFO: Blender create Mesh node M2_K1_bosluk_korkuluk_1_C_surgun.023
22:57:34 | INFO: Blender create Mesh node M2_K1_bosluk_korkuluk_1_C_surgun.024
22:57:34 | INFO: Blender create Mesh node M2_K1_bosluk_korkuluk_1_C_surgun.025
22:57:34 | INFO: Blender create Mesh node M2_K1_bosluk_korkuluk_1_C_surgun.026
22:57:34 | INFO: Blender create Mesh node M2_K1_bosluk_korkuluk_1_C_surgun.027
22:57:34 | INFO: Blender create Mesh node M2_K1_bosluk_korkuluk_1_C_surgun.028
22:57:34 | INFO: Blender create Mesh node M2_K1_bosluk_korkuluk_1_C_surgun.029
22:57:34 | INFO: Blender create Mesh node M2_K1_bosluk_korkuluk_1_C_surgun.030
22:57:34 | INFO: Blender create Mesh node M2_K1_bosluk_korkuluk_1_C_surgun.031
22:57:34 | INFO: Blender create Mesh node M2_K1_bosluk_korkuluk_1_C_surgun.032
22:57:34 | INFO: Blender create Mesh node M2_K1_bosluk_korkuluk_1_C_surgun.033
22:57:34 | INFO: Blender create Mesh node M2_K1_bosluk_korkuluk_1_C_surgun.034
22:57:34 | INFO: Blender create Mesh node M2_K1_bosluk_korkuluk_1_C_surgun.035
22:57:34 | INFO: Blender create Mesh node M2_K1_bosluk_korkuluk_1_C_surgun.036
22:57:34 | INFO: Blender create Mesh node M2_K1_bosluk_korkuluk_1_C_surgun.037
22:57:34 | INFO: Blender create Mesh node M2_K1_bosluk_korkuluk_1_C_surgun.038
22:57:34 | INFO: Blender create Mesh node M2_K1_bosluk_korkuluk_1_C_surgun.039
22:57:34 | INFO: Blender create Mesh node M2_K1_bosluk_korkuluk_1_cerceve.002
22:57:34 | INFO: Blender create Mesh node M2_K1_bosluk_korkuluk_1_cerceve.003
22:57:34 | INFO: Blender create Mesh node M2_K1_bosluk_korkuluk_1_dikme.002
22:57:34 | INFO: Blender create Mesh node M2_K1_bosluk_korkuluk_1_dikme.003
22:57:34 | INFO: Blender create Mesh node M2_K1_bosluk_korkuluk_1_kucuk_C_bordur.032
22:57:34 | INFO: Blender create Mesh node M2_K1_bosluk_korkuluk_1_kucuk_C_bordur.033
22:57:34 | INFO: Blender create Mesh node M2_K1_bosluk_korkuluk_1_kucuk_C_bordur.034
22:57:34 | INFO: Blender create Mesh node M2_K1_bosluk_korkuluk_1_kucuk_C_bordur.035
22:57:34 | INFO: Blender create Mesh node M2_K1_bosluk_korkuluk_1_kucuk_C_bordur.036
22:57:34 | INFO: Blender create Mesh node M2_K1_bosluk_korkuluk_1_kucuk_C_bordur.037
22:57:34 | INFO: Blender create Mesh node M2_K1_bosluk_korkuluk_1_kucuk_C_bordur.038
22:57:34 | INFO: Blender create Mesh node M2_K1_bosluk_korkuluk_1_kucuk_C_bordur.039
22:57:34 | INFO: Blender create Mesh node M2_K1_bosluk_korkuluk_1_kucuk_C_bordur.040
22:57:34 | INFO: Blender create Mesh node M2_K1_bosluk_korkuluk_1_kucuk_C_bordur.041
22:57:34 | INFO: Blender create Mesh node M2_K1_bosluk_korkuluk_1_kucuk_C_bordur.042
22:57:34 | INFO: Blender create Mesh node M2_K1_bosluk_korkuluk_1_kucuk_C_bordur.043
22:57:34 | INFO: Blender create Mesh node M2_K1_bosluk_korkuluk_1_kucuk_C_bordur.044
22:57:34 | INFO: Blender create Mesh node M2_K1_bosluk_korkuluk_1_kucuk_C_bordur.045
22:57:34 | INFO: Blender create Mesh node M2_K1_bosluk_korkuluk_1_kucuk_C_bordur.046
22:57:34 | INFO: Blender create Mesh node M2_K1_bosluk_korkuluk_1_kucuk_C_bordur.047
22:57:34 | INFO: Blender create Mesh node M2_K1_bosluk_korkuluk_1_kucuk_C_bordur.048
22:57:34 | INFO: Blender create Mesh node M2_K1_bosluk_korkuluk_1_kucuk_C_bordur.049
22:57:34 | INFO: Blender create Mesh node M2_K1_bosluk_korkuluk_1_kucuk_C_bordur.050
22:57:34 | INFO: Blender create Mesh node M2_K1_bosluk_korkuluk_1_kucuk_C_bordur.051
22:57:34 | INFO: Blender create Mesh node M2_K1_bosluk_korkuluk_1_kucuk_C_bordur.052
22:57:34 | INFO: Blender create Mesh node M2_K1_bosluk_korkuluk_1_kucuk_C_bordur.053
22:57:34 | INFO: Blender create Mesh node M2_K1_bosluk_korkuluk_1_kucuk_C_bordur.054
22:57:34 | INFO: Blender create Mesh node M2_K1_bosluk_korkuluk_1_kucuk_C_bordur.055
22:57:34 | INFO: Blender create Mesh node M2_K1_bosluk_korkuluk_1_kucuk_C_bordur.056
22:57:34 | INFO: Blender create Mesh node M2_K1_bosluk_korkuluk_1_kucuk_C_bordur.057
22:57:34 | INFO: Blender create Mesh node M2_K1_bosluk_korkuluk_1_kucuk_C_bordur.058
22:57:34 | INFO: Blender create Mesh node M2_K1_bosluk_korkuluk_1_kucuk_C_bordur.059
22:57:34 | INFO: Blender create Mesh node M2_K1_bosluk_korkuluk_1_kucuk_C_bordur.060
22:57:34 | INFO: Blender create Mesh node M2_K1_bosluk_korkuluk_1_kucuk_C_bordur.061
22:57:34 | INFO: Blender create Mesh node M2_K1_bosluk_korkuluk_1_kucuk_C_bordur.062
22:57:34 | INFO: Blender create Mesh node M2_K1_bosluk_korkuluk_1_kucuk_C_bordur.063
22:57:34 | INFO: Blender create Mesh node M2_K1_bosluk_korkuluk_1_kupeste.001
22:57:34 | INFO: Blender create Mesh node M2_K1_bosluk_korkuluk_1_S_ana.010
22:57:34 | INFO: Blender create Mesh node M2_K1_bosluk_korkuluk_1_S_ana.011
22:57:34 | INFO: Blender create Mesh node M2_K1_bosluk_korkuluk_1_S_ana.012
22:57:34 | INFO: Blender create Mesh node M2_K1_bosluk_korkuluk_1_S_ana.013
22:57:34 | INFO: Blender create Mesh node M2_K1_bosluk_korkuluk_1_S_ana.014
22:57:34 | INFO: Blender create Mesh node M2_K1_bosluk_korkuluk_1_S_ana.015
22:57:34 | INFO: Blender create Mesh node M2_K1_bosluk_korkuluk_1_S_ana.016
22:57:34 | INFO: Blender create Mesh node M2_K1_bosluk_korkuluk_1_S_ana.017
22:57:34 | INFO: Blender create Mesh node M2_K1_bosluk_korkuluk_1_S_ana.018
22:57:34 | INFO: Blender create Mesh node M2_K1_bosluk_korkuluk_1_S_ana.019
22:57:34 | INFO: Blender create Mesh node M2_K1_sahanlik.001
22:57:34 | INFO: Blender create Mesh node M2_K1_sahanlik_alti.001
22:57:34 | INFO: Blender create Mesh node M2_K2_0_basamak.027
22:57:34 | INFO: Blender create Mesh node M2_K2_0_basamak.010
22:57:34 | INFO: Blender create Mesh node M2_K2_0_basamak.011
22:57:34 | INFO: Blender create Mesh node M2_K2_0_basamak.012
22:57:34 | INFO: Blender create Mesh node M2_K2_0_basamak.013
22:57:34 | INFO: Blender create Mesh node M2_K2_0_basamak.014
22:57:34 | INFO: Blender create Mesh node M2_K2_0_basamak.015
22:57:34 | INFO: Blender create Mesh node M2_K2_0_basamak.016
22:57:34 | INFO: Blender create Mesh node M2_K2_0_basamak.017
22:57:34 | INFO: Blender create Mesh node M2_K2_0_beyaz_altyapi.001
22:57:34 | INFO: Blender create Mesh node M2_K2_0_korkuluk_ayak.002
22:57:34 | INFO: Blender create Mesh node M2_K2_0_korkuluk_ayak.003
22:57:34 | INFO: Blender create Mesh node M2_K2_0_korkuluk_ayak.005
22:57:34 | INFO: Blender create Mesh node M2_K2_0_korkuluk_C_surgun.028
22:57:34 | INFO: Blender create Mesh node M2_K2_0_korkuluk_C_surgun.029
22:57:34 | INFO: Blender create Mesh node M2_K2_0_korkuluk_C_surgun.030
22:57:34 | INFO: Blender create Mesh node M2_K2_0_korkuluk_C_surgun.031
22:57:34 | INFO: Blender create Mesh node M2_K2_0_korkuluk_C_surgun.032
22:57:34 | INFO: Blender create Mesh node M2_K2_0_korkuluk_C_surgun.033
22:57:34 | INFO: Blender create Mesh node M2_K2_0_korkuluk_C_surgun.034
22:57:34 | INFO: Blender create Mesh node M2_K2_0_korkuluk_C_surgun.035
22:57:34 | INFO: Blender create Mesh node M2_K2_0_korkuluk_C_surgun.036
22:57:34 | INFO: Blender create Mesh node M2_K2_0_korkuluk_C_surgun.037
22:57:34 | INFO: Blender create Mesh node M2_K2_0_korkuluk_C_surgun.038
22:57:34 | INFO: Blender create Mesh node M2_K2_0_korkuluk_C_surgun.039
22:57:34 | INFO: Blender create Mesh node M2_K2_0_korkuluk_C_surgun.040
22:57:34 | INFO: Blender create Mesh node M2_K2_0_korkuluk_C_surgun.041
22:57:34 | INFO: Blender create Mesh node M2_K2_0_korkuluk_C_surgun.042
22:57:34 | INFO: Blender create Mesh node M2_K2_0_korkuluk_C_surgun.043
22:57:34 | INFO: Blender create Mesh node M2_K2_0_korkuluk_C_surgun.044
22:57:34 | INFO: Blender create Mesh node M2_K2_0_korkuluk_C_surgun.045
22:57:34 | INFO: Blender create Mesh node M2_K2_0_korkuluk_C_surgun.046
22:57:34 | INFO: Blender create Mesh node M2_K2_0_korkuluk_C_surgun.047
22:57:34 | INFO: Blender create Mesh node M2_K2_0_korkuluk_C_surgun.048
22:57:34 | INFO: Blender create Mesh node M2_K2_0_korkuluk_C_surgun.049
22:57:34 | INFO: Blender create Mesh node M2_K2_0_korkuluk_C_surgun.050
22:57:34 | INFO: Blender create Mesh node M2_K2_0_korkuluk_C_surgun.051
22:57:34 | INFO: Blender create Mesh node M2_K2_0_korkuluk_C_surgun.052
22:57:34 | INFO: Blender create Mesh node M2_K2_0_korkuluk_C_surgun.053
22:57:34 | INFO: Blender create Mesh node M2_K2_0_korkuluk_C_surgun.054
22:57:34 | INFO: Blender create Mesh node M2_K2_0_korkuluk_C_surgun.055
22:57:34 | INFO: Blender create Mesh node M2_K2_0_korkuluk_cerceve.002
22:57:34 | INFO: Blender create Mesh node M2_K2_0_korkuluk_cerceve.003
22:57:34 | INFO: Blender create Mesh node M2_K2_0_korkuluk_dikme.002
22:57:34 | INFO: Blender create Mesh node M2_K2_0_korkuluk_dikme.003
22:57:34 | INFO: Blender create Mesh node M2_K2_0_korkuluk_dikme.005
22:57:34 | INFO: Blender create Mesh node M2_K2_0_korkuluk_kucuk_C_bordur.048
22:57:34 | INFO: Blender create Mesh node M2_K2_0_korkuluk_kucuk_C_bordur.049
22:57:34 | INFO: Blender create Mesh node M2_K2_0_korkuluk_kucuk_C_bordur.050
22:57:34 | INFO: Blender create Mesh node M2_K2_0_korkuluk_kucuk_C_bordur.051
22:57:34 | INFO: Blender create Mesh node M2_K2_0_korkuluk_kucuk_C_bordur.052
22:57:34 | INFO: Blender create Mesh node M2_K2_0_korkuluk_kucuk_C_bordur.053
22:57:34 | INFO: Blender create Mesh node M2_K2_0_korkuluk_kucuk_C_bordur.054
22:57:34 | INFO: Blender create Mesh node M2_K2_0_korkuluk_kucuk_C_bordur.055
22:57:34 | INFO: Blender create Mesh node M2_K2_0_korkuluk_kucuk_C_bordur.056
22:57:34 | INFO: Blender create Mesh node M2_K2_0_korkuluk_kucuk_C_bordur.057
22:57:34 | INFO: Blender create Mesh node M2_K2_0_korkuluk_kucuk_C_bordur.058
22:57:34 | INFO: Blender create Mesh node M2_K2_0_korkuluk_kucuk_C_bordur.059
22:57:34 | INFO: Blender create Mesh node M2_K2_0_korkuluk_kucuk_C_bordur.060
22:57:34 | INFO: Blender create Mesh node M2_K2_0_korkuluk_kucuk_C_bordur.061
22:57:34 | INFO: Blender create Mesh node M2_K2_0_korkuluk_kucuk_C_bordur.062
22:57:34 | INFO: Blender create Mesh node M2_K2_0_korkuluk_kucuk_C_bordur.063
22:57:34 | INFO: Blender create Mesh node M2_K2_0_korkuluk_kucuk_C_bordur.064
22:57:34 | INFO: Blender create Mesh node M2_K2_0_korkuluk_kucuk_C_bordur.065
22:57:34 | INFO: Blender create Mesh node M2_K2_0_korkuluk_kucuk_C_bordur.066
22:57:34 | INFO: Blender create Mesh node M2_K2_0_korkuluk_kucuk_C_bordur.067
22:57:34 | INFO: Blender create Mesh node M2_K2_0_korkuluk_kucuk_C_bordur.068
22:57:34 | INFO: Blender create Mesh node M2_K2_0_korkuluk_kucuk_C_bordur.069
22:57:34 | INFO: Blender create Mesh node M2_K2_0_korkuluk_kucuk_C_bordur.070
22:57:34 | INFO: Blender create Mesh node M2_K2_0_korkuluk_kucuk_C_bordur.071
22:57:34 | INFO: Blender create Mesh node M2_K2_0_korkuluk_kucuk_C_bordur.072
22:57:34 | INFO: Blender create Mesh node M2_K2_0_korkuluk_kucuk_C_bordur.073
22:57:34 | INFO: Blender create Mesh node M2_K2_0_korkuluk_kucuk_C_bordur.074
22:57:34 | INFO: Blender create Mesh node M2_K2_0_korkuluk_kucuk_C_bordur.075
22:57:34 | INFO: Blender create Mesh node M2_K2_0_korkuluk_kucuk_C_bordur.076
22:57:34 | INFO: Blender create Mesh node M2_K2_0_korkuluk_kucuk_C_bordur.077
22:57:34 | INFO: Blender create Mesh node M2_K2_0_korkuluk_kucuk_C_bordur.078
22:57:34 | INFO: Blender create Mesh node M2_K2_0_korkuluk_kucuk_C_bordur.079
22:57:34 | INFO: Blender create Mesh node M2_K2_0_korkuluk_kucuk_C_bordur.080
22:57:34 | INFO: Blender create Mesh node M2_K2_0_korkuluk_kucuk_C_bordur.081
22:57:34 | INFO: Blender create Mesh node M2_K2_0_korkuluk_kucuk_C_bordur.082
22:57:34 | INFO: Blender create Mesh node M2_K2_0_korkuluk_kucuk_C_bordur.083
22:57:34 | INFO: Blender create Mesh node M2_K2_0_korkuluk_kucuk_C_bordur.084
22:57:34 | INFO: Blender create Mesh node M2_K2_0_korkuluk_kucuk_C_bordur.085
22:57:34 | INFO: Blender create Mesh node M2_K2_0_korkuluk_kucuk_C_bordur.086
22:57:34 | INFO: Blender create Mesh node M2_K2_0_korkuluk_kucuk_C_bordur.087
22:57:34 | INFO: Blender create Mesh node M2_K2_0_korkuluk_kucuk_C_bordur.088
22:57:34 | INFO: Blender create Mesh node M2_K2_0_korkuluk_kucuk_C_bordur.089
22:57:34 | INFO: Blender create Mesh node M2_K2_0_korkuluk_kucuk_C_bordur.090
22:57:34 | INFO: Blender create Mesh node M2_K2_0_korkuluk_kucuk_C_bordur.091
22:57:34 | INFO: Blender create Mesh node M2_K2_0_korkuluk_kucuk_C_bordur.092
22:57:34 | INFO: Blender create Mesh node M2_K2_0_korkuluk_kucuk_C_bordur.093
22:57:34 | INFO: Blender create Mesh node M2_K2_0_korkuluk_kucuk_C_bordur.094
22:57:34 | INFO: Blender create Mesh node M2_K2_0_korkuluk_kucuk_C_bordur.095
22:57:34 | INFO: Blender create Mesh node M2_K2_0_korkuluk_kupeste.001
22:57:34 | INFO: Blender create Mesh node M2_K2_0_korkuluk_S_ana.014
22:57:34 | INFO: Blender create Mesh node M2_K2_0_korkuluk_S_ana.015
22:57:34 | INFO: Blender create Mesh node M2_K2_0_korkuluk_S_ana.016
22:57:34 | INFO: Blender create Mesh node M2_K2_0_korkuluk_S_ana.017
22:57:34 | INFO: Blender create Mesh node M2_K2_0_korkuluk_S_ana.018
22:57:34 | INFO: Blender create Mesh node M2_K2_0_korkuluk_S_ana.019
22:57:34 | INFO: Blender create Mesh node M2_K2_0_korkuluk_S_ana.020
22:57:34 | INFO: Blender create Mesh node M2_K2_0_korkuluk_S_ana.021
22:57:34 | INFO: Blender create Mesh node M2_K2_0_korkuluk_S_ana.022
22:57:34 | INFO: Blender create Mesh node M2_K2_0_korkuluk_S_ana.023
22:57:34 | INFO: Blender create Mesh node M2_K2_0_korkuluk_S_ana.024
22:57:34 | INFO: Blender create Mesh node M2_K2_0_korkuluk_S_ana.025
22:57:34 | INFO: Blender create Mesh node M2_K2_0_korkuluk_S_ana.026
22:57:34 | INFO: Blender create Mesh node M2_K2_0_korkuluk_S_ana.027
22:57:34 | INFO: Blender create Mesh node M2_K2_0_riht.027
22:57:34 | INFO: Blender create Mesh node M2_K2_0_riht.010
22:57:34 | INFO: Blender create Mesh node M2_K2_0_riht.011
22:57:34 | INFO: Blender create Mesh node M2_K2_0_riht.012
22:57:34 | INFO: Blender create Mesh node M2_K2_0_riht.013
22:57:34 | INFO: Blender create Mesh node M2_K2_0_riht.014
22:57:34 | INFO: Blender create Mesh node M2_K2_0_riht.015
22:57:34 | INFO: Blender create Mesh node M2_K2_0_riht.016
22:57:34 | INFO: Blender create Mesh node M2_K2_0_riht.017
22:57:34 | INFO: Blender create Mesh node M2_K2_1_basamak.027
22:57:34 | INFO: Blender create Mesh node M2_K2_1_basamak.010
22:57:34 | INFO: Blender create Mesh node M2_K2_1_basamak.011
22:57:34 | INFO: Blender create Mesh node M2_K2_1_basamak.012
22:57:34 | INFO: Blender create Mesh node M2_K2_1_basamak.013
22:57:34 | INFO: Blender create Mesh node M2_K2_1_basamak.014
22:57:34 | INFO: Blender create Mesh node M2_K2_1_basamak.015
22:57:34 | INFO: Blender create Mesh node M2_K2_1_basamak.016
22:57:34 | INFO: Blender create Mesh node M2_K2_1_basamak.017
22:57:34 | INFO: Blender create Mesh node M2_K2_1_beyaz_altyapi.001
22:57:34 | INFO: Blender create Mesh node M2_K2_1_korkuluk_ayak.002
22:57:34 | INFO: Blender create Mesh node M2_K2_1_korkuluk_ayak.003
22:57:34 | INFO: Blender create Mesh node M2_K2_1_korkuluk_C_surgun.016
22:57:34 | INFO: Blender create Mesh node M2_K2_1_korkuluk_C_surgun.017
22:57:34 | INFO: Blender create Mesh node M2_K2_1_korkuluk_C_surgun.018
22:57:34 | INFO: Blender create Mesh node M2_K2_1_korkuluk_C_surgun.019
22:57:34 | INFO: Blender create Mesh node M2_K2_1_korkuluk_C_surgun.020
22:57:34 | INFO: Blender create Mesh node M2_K2_1_korkuluk_C_surgun.021
22:57:34 | INFO: Blender create Mesh node M2_K2_1_korkuluk_C_surgun.022
22:57:34 | INFO: Blender create Mesh node M2_K2_1_korkuluk_C_surgun.023
22:57:34 | INFO: Blender create Mesh node M2_K2_1_korkuluk_C_surgun.024
22:57:34 | INFO: Blender create Mesh node M2_K2_1_korkuluk_C_surgun.025
22:57:34 | INFO: Blender create Mesh node M2_K2_1_korkuluk_C_surgun.026
22:57:34 | INFO: Blender create Mesh node M2_K2_1_korkuluk_C_surgun.027
22:57:34 | INFO: Blender create Mesh node M2_K2_1_korkuluk_C_surgun.028
22:57:34 | INFO: Blender create Mesh node M2_K2_1_korkuluk_C_surgun.029
22:57:34 | INFO: Blender create Mesh node M2_K2_1_korkuluk_C_surgun.030
22:57:34 | INFO: Blender create Mesh node M2_K2_1_korkuluk_C_surgun.031
22:57:34 | INFO: Blender create Mesh node M2_K2_1_korkuluk_cerceve.002
22:57:34 | INFO: Blender create Mesh node M2_K2_1_korkuluk_cerceve.003
22:57:34 | INFO: Blender create Mesh node M2_K2_1_korkuluk_dikme.002
22:57:34 | INFO: Blender create Mesh node M2_K2_1_korkuluk_dikme.003
22:57:34 | INFO: Blender create Mesh node M2_K2_1_korkuluk_kupeste.001
22:57:34 | INFO: Blender create Mesh node M2_K2_1_korkuluk_pirinc_baglanti.004
22:57:34 | INFO: Blender create Mesh node M2_K2_1_korkuluk_pirinc_baglanti.005
22:57:34 | INFO: Blender create Mesh node M2_K2_1_korkuluk_pirinc_baglanti.006
22:57:34 | INFO: Blender create Mesh node M2_K2_1_korkuluk_pirinc_baglanti.007
22:57:34 | INFO: Blender create Mesh node M2_K2_1_korkuluk_S_ana.008
22:57:34 | INFO: Blender create Mesh node M2_K2_1_korkuluk_S_ana.009
22:57:34 | INFO: Blender create Mesh node M2_K2_1_korkuluk_S_ana.010
22:57:34 | INFO: Blender create Mesh node M2_K2_1_korkuluk_S_ana.011
22:57:34 | INFO: Blender create Mesh node M2_K2_1_korkuluk_S_ana.012
22:57:34 | INFO: Blender create Mesh node M2_K2_1_korkuluk_S_ana.013
22:57:34 | INFO: Blender create Mesh node M2_K2_1_korkuluk_S_ana.014
22:57:34 | INFO: Blender create Mesh node M2_K2_1_korkuluk_S_ana.015
22:57:34 | INFO: Blender create Mesh node M2_K2_1_korkuluk_zambak_sap.008
22:57:34 | INFO: Blender create Mesh node M2_K2_1_korkuluk_zambak_sap.009
22:57:34 | INFO: Blender create Mesh node M2_K2_1_korkuluk_zambak_sap.010
22:57:34 | INFO: Blender create Mesh node M2_K2_1_korkuluk_zambak_sap.011
22:57:34 | INFO: Blender create Mesh node M2_K2_1_korkuluk_zambak_sap.012
22:57:34 | INFO: Blender create Mesh node M2_K2_1_korkuluk_zambak_sap.013
22:57:34 | INFO: Blender create Mesh node M2_K2_1_korkuluk_zambak_sap.014
22:57:34 | INFO: Blender create Mesh node M2_K2_1_korkuluk_zambak_sap.015
22:57:34 | INFO: Blender create Mesh node M2_K2_1_korkuluk_zambak_yaprak.024
22:57:34 | INFO: Blender create Mesh node M2_K2_1_korkuluk_zambak_yaprak.025
22:57:34 | INFO: Blender create Mesh node M2_K2_1_korkuluk_zambak_yaprak.026
22:57:34 | INFO: Blender create Mesh node M2_K2_1_korkuluk_zambak_yaprak.027
22:57:34 | INFO: Blender create Mesh node M2_K2_1_korkuluk_zambak_yaprak.028
22:57:34 | INFO: Blender create Mesh node M2_K2_1_korkuluk_zambak_yaprak.029
22:57:34 | INFO: Blender create Mesh node M2_K2_1_korkuluk_zambak_yaprak.030
22:57:34 | INFO: Blender create Mesh node M2_K2_1_korkuluk_zambak_yaprak.031
22:57:34 | INFO: Blender create Mesh node M2_K2_1_korkuluk_zambak_yaprak.032
22:57:34 | INFO: Blender create Mesh node M2_K2_1_korkuluk_zambak_yaprak.033
22:57:34 | INFO: Blender create Mesh node M2_K2_1_korkuluk_zambak_yaprak.034
22:57:34 | INFO: Blender create Mesh node M2_K2_1_korkuluk_zambak_yaprak.035
22:57:34 | INFO: Blender create Mesh node M2_K2_1_korkuluk_zambak_yaprak.036
22:57:34 | INFO: Blender create Mesh node M2_K2_1_korkuluk_zambak_yaprak.037
22:57:34 | INFO: Blender create Mesh node M2_K2_1_korkuluk_zambak_yaprak.038
22:57:34 | INFO: Blender create Mesh node M2_K2_1_korkuluk_zambak_yaprak.039
22:57:34 | INFO: Blender create Mesh node M2_K2_1_korkuluk_zambak_yaprak.040
22:57:34 | INFO: Blender create Mesh node M2_K2_1_korkuluk_zambak_yaprak.041
22:57:34 | INFO: Blender create Mesh node M2_K2_1_korkuluk_zambak_yaprak.042
22:57:34 | INFO: Blender create Mesh node M2_K2_1_korkuluk_zambak_yaprak.043
22:57:34 | INFO: Blender create Mesh node M2_K2_1_korkuluk_zambak_yaprak.044
22:57:34 | INFO: Blender create Mesh node M2_K2_1_korkuluk_zambak_yaprak.045
22:57:34 | INFO: Blender create Mesh node M2_K2_1_korkuluk_zambak_yaprak.046
22:57:34 | INFO: Blender create Mesh node M2_K2_1_korkuluk_zambak_yaprak.047
22:57:34 | INFO: Blender create Mesh node M2_K2_1_riht.027
22:57:34 | INFO: Blender create Mesh node M2_K2_1_riht.010
22:57:34 | INFO: Blender create Mesh node M2_K2_1_riht.011
22:57:34 | INFO: Blender create Mesh node M2_K2_1_riht.012
22:57:34 | INFO: Blender create Mesh node M2_K2_1_riht.013
22:57:34 | INFO: Blender create Mesh node M2_K2_1_riht.014
22:57:34 | INFO: Blender create Mesh node M2_K2_1_riht.015
22:57:34 | INFO: Blender create Mesh node M2_K2_1_riht.016
22:57:34 | INFO: Blender create Mesh node M2_K2_1_riht.017
22:57:34 | INFO: Blender create Mesh node M2_K2_bosluk_korkuluk_0_ayak.002
22:57:35 | INFO: Blender create Mesh node M2_K2_bosluk_korkuluk_0_ayak.003
22:57:35 | INFO: Blender create Mesh node M2_K2_bosluk_korkuluk_0_C_surgun.012
22:57:35 | INFO: Blender create Mesh node M2_K2_bosluk_korkuluk_0_C_surgun.013
22:57:35 | INFO: Blender create Mesh node M2_K2_bosluk_korkuluk_0_C_surgun.014
22:57:35 | INFO: Blender create Mesh node M2_K2_bosluk_korkuluk_0_C_surgun.015
22:57:35 | INFO: Blender create Mesh node M2_K2_bosluk_korkuluk_0_C_surgun.016
22:57:35 | INFO: Blender create Mesh node M2_K2_bosluk_korkuluk_0_C_surgun.017
22:57:35 | INFO: Blender create Mesh node M2_K2_bosluk_korkuluk_0_C_surgun.018
22:57:35 | INFO: Blender create Mesh node M2_K2_bosluk_korkuluk_0_C_surgun.019
22:57:35 | INFO: Blender create Mesh node M2_K2_bosluk_korkuluk_0_C_surgun.020
22:57:35 | INFO: Blender create Mesh node M2_K2_bosluk_korkuluk_0_C_surgun.021
22:57:35 | INFO: Blender create Mesh node M2_K2_bosluk_korkuluk_0_C_surgun.022
22:57:35 | INFO: Blender create Mesh node M2_K2_bosluk_korkuluk_0_C_surgun.023
22:57:35 | INFO: Blender create Mesh node M2_K2_bosluk_korkuluk_0_cerceve.002
22:57:35 | INFO: Blender create Mesh node M2_K2_bosluk_korkuluk_0_cerceve.003
22:57:35 | INFO: Blender create Mesh node M2_K2_bosluk_korkuluk_0_dikme.002
22:57:35 | INFO: Blender create Mesh node M2_K2_bosluk_korkuluk_0_dikme.003
22:57:35 | INFO: Blender create Mesh node M2_K2_bosluk_korkuluk_0_kupeste.001
22:57:35 | INFO: Blender create Mesh node M2_K2_bosluk_korkuluk_0_pirinc_baglanti.003
22:57:35 | INFO: Blender create Mesh node M2_K2_bosluk_korkuluk_0_pirinc_baglanti.004
22:57:35 | INFO: Blender create Mesh node M2_K2_bosluk_korkuluk_0_pirinc_baglanti.005
22:57:35 | INFO: Blender create Mesh node M2_K2_bosluk_korkuluk_0_S_ana.006
22:57:35 | INFO: Blender create Mesh node M2_K2_bosluk_korkuluk_0_S_ana.007
22:57:35 | INFO: Blender create Mesh node M2_K2_bosluk_korkuluk_0_S_ana.008
22:57:35 | INFO: Blender create Mesh node M2_K2_bosluk_korkuluk_0_S_ana.009
22:57:35 | INFO: Blender create Mesh node M2_K2_bosluk_korkuluk_0_S_ana.010
22:57:35 | INFO: Blender create Mesh node M2_K2_bosluk_korkuluk_0_S_ana.011
22:57:35 | INFO: Blender create Mesh node M2_K2_bosluk_korkuluk_0_zambak_sap.006
22:57:35 | INFO: Blender create Mesh node M2_K2_bosluk_korkuluk_0_zambak_sap.007
22:57:35 | INFO: Blender create Mesh node M2_K2_bosluk_korkuluk_0_zambak_sap.008
22:57:35 | INFO: Blender create Mesh node M2_K2_bosluk_korkuluk_0_zambak_sap.009
22:57:35 | INFO: Blender create Mesh node M2_K2_bosluk_korkuluk_0_zambak_sap.010
22:57:35 | INFO: Blender create Mesh node M2_K2_bosluk_korkuluk_0_zambak_sap.011
22:57:35 | INFO: Blender create Mesh node M2_K2_bosluk_korkuluk_0_zambak_yaprak.018
22:57:35 | INFO: Blender create Mesh node M2_K2_bosluk_korkuluk_0_zambak_yaprak.019
22:57:35 | INFO: Blender create Mesh node M2_K2_bosluk_korkuluk_0_zambak_yaprak.020
22:57:35 | INFO: Blender create Mesh node M2_K2_bosluk_korkuluk_0_zambak_yaprak.021
22:57:35 | INFO: Blender create Mesh node M2_K2_bosluk_korkuluk_0_zambak_yaprak.022
22:57:35 | INFO: Blender create Mesh node M2_K2_bosluk_korkuluk_0_zambak_yaprak.023
22:57:35 | INFO: Blender create Mesh node M2_K2_bosluk_korkuluk_0_zambak_yaprak.024
22:57:35 | INFO: Blender create Mesh node M2_K2_bosluk_korkuluk_0_zambak_yaprak.025
22:57:35 | INFO: Blender create Mesh node M2_K2_bosluk_korkuluk_0_zambak_yaprak.026
22:57:35 | INFO: Blender create Mesh node M2_K2_bosluk_korkuluk_0_zambak_yaprak.027
22:57:35 | INFO: Blender create Mesh node M2_K2_bosluk_korkuluk_0_zambak_yaprak.028
22:57:35 | INFO: Blender create Mesh node M2_K2_bosluk_korkuluk_0_zambak_yaprak.029
22:57:35 | INFO: Blender create Mesh node M2_K2_bosluk_korkuluk_0_zambak_yaprak.030
22:57:35 | INFO: Blender create Mesh node M2_K2_bosluk_korkuluk_0_zambak_yaprak.031
22:57:35 | INFO: Blender create Mesh node M2_K2_bosluk_korkuluk_0_zambak_yaprak.032
22:57:35 | INFO: Blender create Mesh node M2_K2_bosluk_korkuluk_0_zambak_yaprak.033
22:57:35 | INFO: Blender create Mesh node M2_K2_bosluk_korkuluk_0_zambak_yaprak.034
22:57:35 | INFO: Blender create Mesh node M2_K2_bosluk_korkuluk_0_zambak_yaprak.035
22:57:35 | INFO: Blender create Mesh node M2_K2_sahanlik.001
22:57:35 | INFO: Blender create Mesh node M2_K2_sahanlik_alti.001
22:57:35 | INFO: Blender create Mesh node M3_01_dik_profil.012
22:57:35 | INFO: Blender create Mesh node M3_01_dik_profil.013
22:57:35 | INFO: Blender create Mesh node M3_01_dik_profil.014
22:57:35 | INFO: Blender create Mesh node M3_01_dik_profil.015
22:57:35 | INFO: Blender create Mesh node M3_01_dik_profil.016
22:57:35 | INFO: Blender create Mesh node M3_01_dik_profil.017
22:57:35 | INFO: Blender create Mesh node M3_01_dik_profil.018
22:57:35 | INFO: Blender create Mesh node M3_01_dik_profil.019
22:57:35 | INFO: Blender create Mesh node M3_01_dik_profil.020
22:57:35 | INFO: Blender create Mesh node M3_01_dik_profil.021
22:57:35 | INFO: Blender create Mesh node M3_01_dik_profil.022
22:57:35 | INFO: Blender create Mesh node M3_01_dik_profil.023
22:57:35 | INFO: Blender create Mesh node M3_01_esik_doseme.001
22:57:35 | INFO: Blender create Mesh node M3_01_gobek.006
22:57:35 | INFO: Blender create Mesh node M3_01_gobek.007
22:57:35 | INFO: Blender create Mesh node M3_01_gobek.008
22:57:35 | INFO: Blender create Mesh node M3_01_gobek.009
22:57:35 | INFO: Blender create Mesh node M3_01_gobek.010
22:57:35 | INFO: Blender create Mesh node M3_01_gobek.011
22:57:35 | INFO: Blender create Mesh node M3_01_kanat.001
22:57:35 | INFO: Blender create Mesh node M3_01_kasa.002
22:57:35 | INFO: Blender create Mesh node M3_01_kasa.003
22:57:35 | INFO: Blender create Mesh node M3_01_kulp
22:57:35 | INFO: Blender create Mesh node M3_01_kulp.001
22:57:35 | INFO: Blender create Mesh node M3_01_mentese
22:57:35 | INFO: Blender create Mesh node M3_01_mentese.001
22:57:35 | INFO: Blender create Mesh node M3_01_mentese.002
22:57:35 | INFO: Blender create Mesh node M3_01_pervaz.004
22:57:35 | INFO: Blender create Mesh node M3_01_pervaz.005
22:57:35 | INFO: Blender create Mesh node M3_01_pervaz.006
22:57:35 | INFO: Blender create Mesh node M3_01_pervaz.007
22:57:35 | INFO: Blender create Mesh node M3_01_ust_kasa.001
22:57:35 | INFO: Blender create Mesh node M3_01_ust_pervaz.002
22:57:35 | INFO: Blender create Mesh node M3_01_ust_pervaz.003
22:57:35 | INFO: Blender create Mesh node M3_01_yatay_profil.012
22:57:35 | INFO: Blender create Mesh node M3_01_yatay_profil.013
22:57:35 | INFO: Blender create Mesh node M3_01_yatay_profil.014
22:57:35 | INFO: Blender create Mesh node M3_01_yatay_profil.015
22:57:35 | INFO: Blender create Mesh node M3_01_yatay_profil.016
22:57:35 | INFO: Blender create Mesh node M3_01_yatay_profil.017
22:57:35 | INFO: Blender create Mesh node M3_01_yatay_profil.018
22:57:35 | INFO: Blender create Mesh node M3_01_yatay_profil.019
22:57:35 | INFO: Blender create Mesh node M3_01_yatay_profil.020
22:57:35 | INFO: Blender create Mesh node M3_01_yatay_profil.021
22:57:35 | INFO: Blender create Mesh node M3_01_yatay_profil.022
22:57:35 | INFO: Blender create Mesh node M3_01_yatay_profil.023
22:57:35 | INFO: Blender create Mesh node M3_02_dik_profil.024
22:57:35 | INFO: Blender create Mesh node M3_02_dik_profil.025
22:57:35 | INFO: Blender create Mesh node M3_02_dik_profil.026
22:57:35 | INFO: Blender create Mesh node M3_02_dik_profil.027
22:57:35 | INFO: Blender create Mesh node M3_02_dik_profil.028
22:57:35 | INFO: Blender create Mesh node M3_02_dik_profil.029
22:57:35 | INFO: Blender create Mesh node M3_02_dik_profil.030
22:57:35 | INFO: Blender create Mesh node M3_02_dik_profil.031
22:57:35 | INFO: Blender create Mesh node M3_02_dik_profil.032
22:57:35 | INFO: Blender create Mesh node M3_02_dik_profil.033
22:57:35 | INFO: Blender create Mesh node M3_02_dik_profil.034
22:57:35 | INFO: Blender create Mesh node M3_02_dik_profil.035
22:57:35 | INFO: Blender create Mesh node M3_02_dik_profil.036
22:57:35 | INFO: Blender create Mesh node M3_02_dik_profil.037
22:57:35 | INFO: Blender create Mesh node M3_02_dik_profil.038
22:57:35 | INFO: Blender create Mesh node M3_02_dik_profil.039
22:57:35 | INFO: Blender create Mesh node M3_02_dik_profil.040
22:57:35 | INFO: Blender create Mesh node M3_02_dik_profil.041
22:57:35 | INFO: Blender create Mesh node M3_02_dik_profil.042
22:57:35 | INFO: Blender create Mesh node M3_02_dik_profil.043
22:57:35 | INFO: Blender create Mesh node M3_02_dik_profil.044
22:57:35 | INFO: Blender create Mesh node M3_02_dik_profil.045
22:57:35 | INFO: Blender create Mesh node M3_02_dik_profil.046
22:57:35 | INFO: Blender create Mesh node M3_02_dik_profil.047
22:57:35 | INFO: Blender create Mesh node M3_02_esik_doseme.001
22:57:35 | INFO: Blender create Mesh node M3_02_gobek.012
22:57:35 | INFO: Blender create Mesh node M3_02_gobek.013
22:57:35 | INFO: Blender create Mesh node M3_02_gobek.014
22:57:35 | INFO: Blender create Mesh node M3_02_gobek.015
22:57:35 | INFO: Blender create Mesh node M3_02_gobek.016
22:57:35 | INFO: Blender create Mesh node M3_02_gobek.017
22:57:35 | INFO: Blender create Mesh node M3_02_gobek.018
22:57:35 | INFO: Blender create Mesh node M3_02_gobek.019
22:57:35 | INFO: Blender create Mesh node M3_02_gobek.020
22:57:35 | INFO: Blender create Mesh node M3_02_gobek.021
22:57:35 | INFO: Blender create Mesh node M3_02_gobek.022
22:57:35 | INFO: Blender create Mesh node M3_02_gobek.023
22:57:35 | INFO: Blender create Mesh node M3_02_kanat.001
22:57:35 | INFO: Blender create Mesh node M3_02_kasa.002
22:57:35 | INFO: Blender create Mesh node M3_02_kasa.003
22:57:35 | INFO: Blender create Mesh node M3_02_mentese
22:57:35 | INFO: Blender create Mesh node M3_02_mentese.001
22:57:35 | INFO: Blender create Mesh node M3_02_mentese.002
22:57:35 | INFO: Blender create Mesh node M3_02_pervaz.004
22:57:35 | INFO: Blender create Mesh node M3_02_pervaz.005
22:57:35 | INFO: Blender create Mesh node M3_02_pervaz.006
22:57:35 | INFO: Blender create Mesh node M3_02_pervaz.007
22:57:35 | INFO: Blender create Mesh node Sphere.009
22:57:35 | INFO: Blender create Mesh node Sphere.010
22:57:35 | INFO: Blender create Mesh node M3_02_topuz_mili
22:57:35 | INFO: Blender create Mesh node M3_02_topuz_mili.001
22:57:35 | INFO: Blender create Mesh node M3_02_ust_kasa.001
22:57:35 | INFO: Blender create Mesh node M3_02_ust_pervaz.002
22:57:35 | INFO: Blender create Mesh node M3_02_ust_pervaz.003
22:57:35 | INFO: Blender create Mesh node M3_02_yatay_profil.024
22:57:35 | INFO: Blender create Mesh node M3_02_yatay_profil.025
22:57:35 | INFO: Blender create Mesh node M3_02_yatay_profil.026
22:57:35 | INFO: Blender create Mesh node M3_02_yatay_profil.027
22:57:35 | INFO: Blender create Mesh node M3_02_yatay_profil.028
22:57:35 | INFO: Blender create Mesh node M3_02_yatay_profil.029
22:57:35 | INFO: Blender create Mesh node M3_02_yatay_profil.030
22:57:35 | INFO: Blender create Mesh node M3_02_yatay_profil.031
22:57:35 | INFO: Blender create Mesh node M3_02_yatay_profil.032
22:57:35 | INFO: Blender create Mesh node M3_02_yatay_profil.033
22:57:35 | INFO: Blender create Mesh node M3_02_yatay_profil.034
22:57:35 | INFO: Blender create Mesh node M3_02_yatay_profil.035
22:57:35 | INFO: Blender create Mesh node M3_02_yatay_profil.036
22:57:35 | INFO: Blender create Mesh node M3_02_yatay_profil.037
22:57:35 | INFO: Blender create Mesh node M3_02_yatay_profil.038
22:57:35 | INFO: Blender create Mesh node M3_02_yatay_profil.039
22:57:35 | INFO: Blender create Mesh node M3_02_yatay_profil.040
22:57:35 | INFO: Blender create Mesh node M3_02_yatay_profil.041
22:57:35 | INFO: Blender create Mesh node M3_02_yatay_profil.042
22:57:35 | INFO: Blender create Mesh node M3_02_yatay_profil.043
22:57:35 | INFO: Blender create Mesh node M3_02_yatay_profil.044
22:57:35 | INFO: Blender create Mesh node M3_02_yatay_profil.045
22:57:35 | INFO: Blender create Mesh node M3_02_yatay_profil.046
22:57:35 | INFO: Blender create Mesh node M3_02_yatay_profil.047
22:57:35 | INFO: Blender create Mesh node M3_03_dik_profil.024
22:57:35 | INFO: Blender create Mesh node M3_03_dik_profil.025
22:57:35 | INFO: Blender create Mesh node M3_03_dik_profil.026
22:57:35 | INFO: Blender create Mesh node M3_03_dik_profil.027
22:57:35 | INFO: Blender create Mesh node M3_03_dik_profil.028
22:57:35 | INFO: Blender create Mesh node M3_03_dik_profil.029
22:57:35 | INFO: Blender create Mesh node M3_03_dik_profil.030
22:57:35 | INFO: Blender create Mesh node M3_03_dik_profil.031
22:57:35 | INFO: Blender create Mesh node M3_03_dik_profil.032
22:57:35 | INFO: Blender create Mesh node M3_03_dik_profil.033
22:57:35 | INFO: Blender create Mesh node M3_03_dik_profil.034
22:57:35 | INFO: Blender create Mesh node M3_03_dik_profil.035
22:57:35 | INFO: Blender create Mesh node M3_03_dik_profil.036
22:57:35 | INFO: Blender create Mesh node M3_03_dik_profil.037
22:57:35 | INFO: Blender create Mesh node M3_03_dik_profil.038
22:57:35 | INFO: Blender create Mesh node M3_03_dik_profil.039
22:57:35 | INFO: Blender create Mesh node M3_03_dik_profil.040
22:57:35 | INFO: Blender create Mesh node M3_03_dik_profil.041
22:57:35 | INFO: Blender create Mesh node M3_03_dik_profil.042
22:57:35 | INFO: Blender create Mesh node M3_03_dik_profil.043
22:57:35 | INFO: Blender create Mesh node M3_03_dik_profil.044
22:57:35 | INFO: Blender create Mesh node M3_03_dik_profil.045
22:57:35 | INFO: Blender create Mesh node M3_03_dik_profil.046
22:57:35 | INFO: Blender create Mesh node M3_03_dik_profil.047
22:57:35 | INFO: Blender create Mesh node M3_03_esik_doseme.001
22:57:35 | INFO: Blender create Mesh node M3_03_gobek.012
22:57:35 | INFO: Blender create Mesh node M3_03_gobek.013
22:57:35 | INFO: Blender create Mesh node M3_03_gobek.014
22:57:35 | INFO: Blender create Mesh node M3_03_gobek.015
22:57:35 | INFO: Blender create Mesh node M3_03_gobek.016
22:57:35 | INFO: Blender create Mesh node M3_03_gobek.017
22:57:35 | INFO: Blender create Mesh node M3_03_gobek.018
22:57:35 | INFO: Blender create Mesh node M3_03_gobek.019
22:57:35 | INFO: Blender create Mesh node M3_03_gobek.020
22:57:35 | INFO: Blender create Mesh node M3_03_gobek.021
22:57:35 | INFO: Blender create Mesh node M3_03_gobek.022
22:57:35 | INFO: Blender create Mesh node M3_03_gobek.023
22:57:35 | INFO: Blender create Mesh node M3_03_kanat.001
22:57:35 | INFO: Blender create Mesh node M3_03_kasa.002
22:57:35 | INFO: Blender create Mesh node M3_03_kasa.003
22:57:35 | INFO: Blender create Mesh node M3_03_mentese
22:57:35 | INFO: Blender create Mesh node M3_03_mentese.001
22:57:35 | INFO: Blender create Mesh node M3_03_mentese.002
22:57:35 | INFO: Blender create Mesh node M3_03_pervaz.004
22:57:35 | INFO: Blender create Mesh node M3_03_pervaz.005
22:57:35 | INFO: Blender create Mesh node M3_03_pervaz.006
22:57:35 | INFO: Blender create Mesh node M3_03_pervaz.007
22:57:35 | INFO: Blender create Mesh node Sphere.011
22:57:35 | INFO: Blender create Mesh node Sphere.012
22:57:35 | INFO: Blender create Mesh node M3_03_topuz_mili
22:57:35 | INFO: Blender create Mesh node M3_03_topuz_mili.001
22:57:35 | INFO: Blender create Mesh node M3_03_ust_kasa.001
22:57:35 | INFO: Blender create Mesh node M3_03_ust_pervaz.002
22:57:35 | INFO: Blender create Mesh node M3_03_ust_pervaz.003
22:57:35 | INFO: Blender create Mesh node M3_03_yatay_profil.024
22:57:35 | INFO: Blender create Mesh node M3_03_yatay_profil.025
22:57:35 | INFO: Blender create Mesh node M3_03_yatay_profil.026
22:57:35 | INFO: Blender create Mesh node M3_03_yatay_profil.027
22:57:35 | INFO: Blender create Mesh node M3_03_yatay_profil.028
22:57:35 | INFO: Blender create Mesh node M3_03_yatay_profil.029
22:57:35 | INFO: Blender create Mesh node M3_03_yatay_profil.030
22:57:35 | INFO: Blender create Mesh node M3_03_yatay_profil.031
22:57:35 | INFO: Blender create Mesh node M3_03_yatay_profil.032
22:57:35 | INFO: Blender create Mesh node M3_03_yatay_profil.033
22:57:35 | INFO: Blender create Mesh node M3_03_yatay_profil.034
22:57:35 | INFO: Blender create Mesh node M3_03_yatay_profil.035
22:57:35 | INFO: Blender create Mesh node M3_03_yatay_profil.036
22:57:35 | INFO: Blender create Mesh node M3_03_yatay_profil.037
22:57:35 | INFO: Blender create Mesh node M3_03_yatay_profil.038
22:57:35 | INFO: Blender create Mesh node M3_03_yatay_profil.039
22:57:35 | INFO: Blender create Mesh node M3_03_yatay_profil.040
22:57:35 | INFO: Blender create Mesh node M3_03_yatay_profil.041
22:57:35 | INFO: Blender create Mesh node M3_03_yatay_profil.042
22:57:35 | INFO: Blender create Mesh node M3_03_yatay_profil.043
22:57:35 | INFO: Blender create Mesh node M3_03_yatay_profil.044
22:57:35 | INFO: Blender create Mesh node M3_03_yatay_profil.045
22:57:35 | INFO: Blender create Mesh node M3_03_yatay_profil.046
22:57:35 | INFO: Blender create Mesh node M3_03_yatay_profil.047
22:57:35 | INFO: Blender create Mesh node M3_04_dik_profil.024
22:57:35 | INFO: Blender create Mesh node M3_04_dik_profil.025
22:57:35 | INFO: Blender create Mesh node M3_04_dik_profil.026
22:57:35 | INFO: Blender create Mesh node M3_04_dik_profil.027
22:57:35 | INFO: Blender create Mesh node M3_04_dik_profil.028
22:57:35 | INFO: Blender create Mesh node M3_04_dik_profil.029
22:57:35 | INFO: Blender create Mesh node M3_04_dik_profil.030
22:57:35 | INFO: Blender create Mesh node M3_04_dik_profil.031
22:57:35 | INFO: Blender create Mesh node M3_04_dik_profil.032
22:57:35 | INFO: Blender create Mesh node M3_04_dik_profil.033
22:57:35 | INFO: Blender create Mesh node M3_04_dik_profil.034
22:57:35 | INFO: Blender create Mesh node M3_04_dik_profil.035
22:57:35 | INFO: Blender create Mesh node M3_04_dik_profil.036
22:57:35 | INFO: Blender create Mesh node M3_04_dik_profil.037
22:57:35 | INFO: Blender create Mesh node M3_04_dik_profil.038
22:57:35 | INFO: Blender create Mesh node M3_04_dik_profil.039
22:57:35 | INFO: Blender create Mesh node M3_04_dik_profil.040
22:57:35 | INFO: Blender create Mesh node M3_04_dik_profil.041
22:57:35 | INFO: Blender create Mesh node M3_04_dik_profil.042
22:57:35 | INFO: Blender create Mesh node M3_04_dik_profil.043
22:57:35 | INFO: Blender create Mesh node M3_04_dik_profil.044
22:57:35 | INFO: Blender create Mesh node M3_04_dik_profil.045
22:57:35 | INFO: Blender create Mesh node M3_04_dik_profil.046
22:57:35 | INFO: Blender create Mesh node M3_04_dik_profil.047
22:57:35 | INFO: Blender create Mesh node M3_04_esik_doseme.001
22:57:35 | INFO: Blender create Mesh node M3_04_gobek.012
22:57:35 | INFO: Blender create Mesh node M3_04_gobek.013
22:57:35 | INFO: Blender create Mesh node M3_04_gobek.014
22:57:35 | INFO: Blender create Mesh node M3_04_gobek.015
22:57:35 | INFO: Blender create Mesh node M3_04_gobek.016
22:57:35 | INFO: Blender create Mesh node M3_04_gobek.017
22:57:35 | INFO: Blender create Mesh node M3_04_gobek.018
22:57:35 | INFO: Blender create Mesh node M3_04_gobek.019
22:57:35 | INFO: Blender create Mesh node M3_04_gobek.020
22:57:35 | INFO: Blender create Mesh node M3_04_gobek.021
22:57:35 | INFO: Blender create Mesh node M3_04_gobek.022
22:57:35 | INFO: Blender create Mesh node M3_04_gobek.023
22:57:35 | INFO: Blender create Mesh node M3_04_kanat.001
22:57:35 | INFO: Blender create Mesh node M3_04_kasa.002
22:57:35 | INFO: Blender create Mesh node M3_04_kasa.003
22:57:35 | INFO: Blender create Mesh node M3_04_mentese
22:57:35 | INFO: Blender create Mesh node M3_04_mentese.001
22:57:35 | INFO: Blender create Mesh node M3_04_mentese.002
22:57:35 | INFO: Blender create Mesh node M3_04_pervaz.004
22:57:35 | INFO: Blender create Mesh node M3_04_pervaz.005
22:57:35 | INFO: Blender create Mesh node M3_04_pervaz.006
22:57:35 | INFO: Blender create Mesh node M3_04_pervaz.007
22:57:35 | INFO: Blender create Mesh node Sphere.013
22:57:35 | INFO: Blender create Mesh node Sphere.014
22:57:35 | INFO: Blender create Mesh node M3_04_topuz_mili
22:57:35 | INFO: Blender create Mesh node M3_04_topuz_mili.001
22:57:35 | INFO: Blender create Mesh node M3_04_ust_kasa.001
22:57:35 | INFO: Blender create Mesh node M3_04_ust_pervaz.002
22:57:35 | INFO: Blender create Mesh node M3_04_ust_pervaz.003
22:57:35 | INFO: Blender create Mesh node M3_04_yatay_profil.024
22:57:35 | INFO: Blender create Mesh node M3_04_yatay_profil.025
22:57:35 | INFO: Blender create Mesh node M3_04_yatay_profil.026
22:57:35 | INFO: Blender create Mesh node M3_04_yatay_profil.027
22:57:35 | INFO: Blender create Mesh node M3_04_yatay_profil.028
22:57:35 | INFO: Blender create Mesh node M3_04_yatay_profil.029
22:57:35 | INFO: Blender create Mesh node M3_04_yatay_profil.030
22:57:35 | INFO: Blender create Mesh node M3_04_yatay_profil.031
22:57:35 | INFO: Blender create Mesh node M3_04_yatay_profil.032
22:57:35 | INFO: Blender create Mesh node M3_04_yatay_profil.033
22:57:35 | INFO: Blender create Mesh node M3_04_yatay_profil.034
22:57:35 | INFO: Blender create Mesh node M3_04_yatay_profil.035
22:57:35 | INFO: Blender create Mesh node M3_04_yatay_profil.036
22:57:35 | INFO: Blender create Mesh node M3_04_yatay_profil.037
22:57:35 | INFO: Blender create Mesh node M3_04_yatay_profil.038
22:57:35 | INFO: Blender create Mesh node M3_04_yatay_profil.039
22:57:35 | INFO: Blender create Mesh node M3_04_yatay_profil.040
22:57:35 | INFO: Blender create Mesh node M3_04_yatay_profil.041
22:57:35 | INFO: Blender create Mesh node M3_04_yatay_profil.042
22:57:35 | INFO: Blender create Mesh node M3_04_yatay_profil.043
22:57:35 | INFO: Blender create Mesh node M3_04_yatay_profil.044
22:57:35 | INFO: Blender create Mesh node M3_04_yatay_profil.045
22:57:35 | INFO: Blender create Mesh node M3_04_yatay_profil.046
22:57:35 | INFO: Blender create Mesh node M3_04_yatay_profil.047
22:57:35 | INFO: Blender create Mesh node M3_05_dik_profil.024
22:57:35 | INFO: Blender create Mesh node M3_05_dik_profil.025
22:57:35 | INFO: Blender create Mesh node M3_05_dik_profil.026
22:57:35 | INFO: Blender create Mesh node M3_05_dik_profil.027
22:57:35 | INFO: Blender create Mesh node M3_05_dik_profil.028
22:57:35 | INFO: Blender create Mesh node M3_05_dik_profil.029
22:57:35 | INFO: Blender create Mesh node M3_05_dik_profil.030
22:57:35 | INFO: Blender create Mesh node M3_05_dik_profil.031
22:57:35 | INFO: Blender create Mesh node M3_05_dik_profil.032
22:57:35 | INFO: Blender create Mesh node M3_05_dik_profil.033
22:57:35 | INFO: Blender create Mesh node M3_05_dik_profil.034
22:57:35 | INFO: Blender create Mesh node M3_05_dik_profil.035
22:57:35 | INFO: Blender create Mesh node M3_05_dik_profil.036
22:57:35 | INFO: Blender create Mesh node M3_05_dik_profil.037
22:57:35 | INFO: Blender create Mesh node M3_05_dik_profil.038
22:57:35 | INFO: Blender create Mesh node M3_05_dik_profil.039
22:57:35 | INFO: Blender create Mesh node M3_05_dik_profil.040
22:57:35 | INFO: Blender create Mesh node M3_05_dik_profil.041
22:57:35 | INFO: Blender create Mesh node M3_05_dik_profil.042
22:57:35 | INFO: Blender create Mesh node M3_05_dik_profil.043
22:57:35 | INFO: Blender create Mesh node M3_05_dik_profil.044
22:57:35 | INFO: Blender create Mesh node M3_05_dik_profil.045
22:57:35 | INFO: Blender create Mesh node M3_05_dik_profil.046
22:57:35 | INFO: Blender create Mesh node M3_05_dik_profil.047
22:57:35 | INFO: Blender create Mesh node M3_05_esik_doseme.001
22:57:35 | INFO: Blender create Mesh node M3_05_gobek.012
22:57:35 | INFO: Blender create Mesh node M3_05_gobek.013
22:57:35 | INFO: Blender create Mesh node M3_05_gobek.014
22:57:35 | INFO: Blender create Mesh node M3_05_gobek.015
22:57:35 | INFO: Blender create Mesh node M3_05_gobek.016
22:57:35 | INFO: Blender create Mesh node M3_05_gobek.017
22:57:35 | INFO: Blender create Mesh node M3_05_gobek.018
22:57:35 | INFO: Blender create Mesh node M3_05_gobek.019
22:57:35 | INFO: Blender create Mesh node M3_05_gobek.020
22:57:35 | INFO: Blender create Mesh node M3_05_gobek.021
22:57:35 | INFO: Blender create Mesh node M3_05_gobek.022
22:57:35 | INFO: Blender create Mesh node M3_05_gobek.023
22:57:35 | INFO: Blender create Mesh node M3_05_kanat.001
22:57:35 | INFO: Blender create Mesh node M3_05_kasa.002
22:57:35 | INFO: Blender create Mesh node M3_05_kasa.003
22:57:35 | INFO: Blender create Mesh node M3_05_kulp
22:57:35 | INFO: Blender create Mesh node M3_05_kulp.001
22:57:35 | INFO: Blender create Mesh node M3_05_mentese
22:57:35 | INFO: Blender create Mesh node M3_05_mentese.001
22:57:35 | INFO: Blender create Mesh node M3_05_mentese.002
22:57:35 | INFO: Blender create Mesh node M3_05_pervaz.004
22:57:35 | INFO: Blender create Mesh node M3_05_pervaz.005
22:57:35 | INFO: Blender create Mesh node M3_05_pervaz.006
22:57:35 | INFO: Blender create Mesh node M3_05_pervaz.007
22:57:35 | INFO: Blender create Mesh node M3_05_ust_kasa.001
22:57:35 | INFO: Blender create Mesh node M3_05_ust_pervaz.002
22:57:35 | INFO: Blender create Mesh node M3_05_ust_pervaz.003
22:57:35 | INFO: Blender create Mesh node M3_05_yatay_profil.024
22:57:35 | INFO: Blender create Mesh node M3_05_yatay_profil.025
22:57:35 | INFO: Blender create Mesh node M3_05_yatay_profil.026
22:57:35 | INFO: Blender create Mesh node M3_05_yatay_profil.027
22:57:35 | INFO: Blender create Mesh node M3_05_yatay_profil.028
22:57:35 | INFO: Blender create Mesh node M3_05_yatay_profil.029
22:57:35 | INFO: Blender create Mesh node M3_05_yatay_profil.030
22:57:35 | INFO: Blender create Mesh node M3_05_yatay_profil.031
22:57:35 | INFO: Blender create Mesh node M3_05_yatay_profil.032
22:57:35 | INFO: Blender create Mesh node M3_05_yatay_profil.033
22:57:35 | INFO: Blender create Mesh node M3_05_yatay_profil.034
22:57:35 | INFO: Blender create Mesh node M3_05_yatay_profil.035
22:57:35 | INFO: Blender create Mesh node M3_05_yatay_profil.036
22:57:35 | INFO: Blender create Mesh node M3_05_yatay_profil.037
22:57:35 | INFO: Blender create Mesh node M3_05_yatay_profil.038
22:57:35 | INFO: Blender create Mesh node M3_05_yatay_profil.039
22:57:35 | INFO: Blender create Mesh node M3_05_yatay_profil.040
22:57:35 | INFO: Blender create Mesh node M3_05_yatay_profil.041
22:57:35 | INFO: Blender create Mesh node M3_05_yatay_profil.042
22:57:35 | INFO: Blender create Mesh node M3_05_yatay_profil.043
22:57:35 | INFO: Blender create Mesh node M3_05_yatay_profil.044
22:57:35 | INFO: Blender create Mesh node M3_05_yatay_profil.045
22:57:35 | INFO: Blender create Mesh node M3_05_yatay_profil.046
22:57:35 | INFO: Blender create Mesh node M3_05_yatay_profil.047
22:57:35 | INFO: Blender create Mesh node M3_06_dik_profil.024
22:57:35 | INFO: Blender create Mesh node M3_06_dik_profil.025
22:57:35 | INFO: Blender create Mesh node M3_06_dik_profil.026
22:57:35 | INFO: Blender create Mesh node M3_06_dik_profil.027
22:57:35 | INFO: Blender create Mesh node M3_06_dik_profil.028
22:57:35 | INFO: Blender create Mesh node M3_06_dik_profil.029
22:57:35 | INFO: Blender create Mesh node M3_06_dik_profil.030
22:57:35 | INFO: Blender create Mesh node M3_06_dik_profil.031
22:57:35 | INFO: Blender create Mesh node M3_06_dik_profil.032
22:57:35 | INFO: Blender create Mesh node M3_06_dik_profil.033
22:57:35 | INFO: Blender create Mesh node M3_06_dik_profil.034
22:57:35 | INFO: Blender create Mesh node M3_06_dik_profil.035
22:57:35 | INFO: Blender create Mesh node M3_06_dik_profil.036
22:57:35 | INFO: Blender create Mesh node M3_06_dik_profil.037
22:57:35 | INFO: Blender create Mesh node M3_06_dik_profil.038
22:57:35 | INFO: Blender create Mesh node M3_06_dik_profil.039
22:57:35 | INFO: Blender create Mesh node M3_06_dik_profil.040
22:57:35 | INFO: Blender create Mesh node M3_06_dik_profil.041
22:57:35 | INFO: Blender create Mesh node M3_06_dik_profil.042
22:57:35 | INFO: Blender create Mesh node M3_06_dik_profil.043
22:57:35 | INFO: Blender create Mesh node M3_06_dik_profil.044
22:57:35 | INFO: Blender create Mesh node M3_06_dik_profil.045
22:57:35 | INFO: Blender create Mesh node M3_06_dik_profil.046
22:57:35 | INFO: Blender create Mesh node M3_06_dik_profil.047
22:57:35 | INFO: Blender create Mesh node M3_06_esik_doseme.001
22:57:35 | INFO: Blender create Mesh node M3_06_gobek.012
22:57:35 | INFO: Blender create Mesh node M3_06_gobek.013
22:57:35 | INFO: Blender create Mesh node M3_06_gobek.014
22:57:35 | INFO: Blender create Mesh node M3_06_gobek.015
22:57:35 | INFO: Blender create Mesh node M3_06_gobek.016
22:57:35 | INFO: Blender create Mesh node M3_06_gobek.017
22:57:35 | INFO: Blender create Mesh node M3_06_gobek.018
22:57:35 | INFO: Blender create Mesh node M3_06_gobek.019
22:57:35 | INFO: Blender create Mesh node M3_06_gobek.020
22:57:35 | INFO: Blender create Mesh node M3_06_gobek.021
22:57:35 | INFO: Blender create Mesh node M3_06_gobek.022
22:57:35 | INFO: Blender create Mesh node M3_06_gobek.023
22:57:35 | INFO: Blender create Mesh node M3_06_kanat.001
22:57:35 | INFO: Blender create Mesh node M3_06_kasa.002
22:57:35 | INFO: Blender create Mesh node M3_06_kasa.003
22:57:35 | INFO: Blender create Mesh node M3_06_mentese
22:57:35 | INFO: Blender create Mesh node M3_06_mentese.001
22:57:35 | INFO: Blender create Mesh node M3_06_mentese.002
22:57:35 | INFO: Blender create Mesh node M3_06_pervaz.004
22:57:35 | INFO: Blender create Mesh node M3_06_pervaz.005
22:57:35 | INFO: Blender create Mesh node M3_06_pervaz.006
22:57:35 | INFO: Blender create Mesh node M3_06_pervaz.007
22:57:35 | INFO: Blender create Mesh node Sphere.015
22:57:35 | INFO: Blender create Mesh node Sphere.016
22:57:35 | INFO: Blender create Mesh node M3_06_topuz_mili
22:57:35 | INFO: Blender create Mesh node M3_06_topuz_mili.001
22:57:35 | INFO: Blender create Mesh node M3_06_ust_kasa.001
22:57:35 | INFO: Blender create Mesh node M3_06_ust_pervaz.002
22:57:35 | INFO: Blender create Mesh node M3_06_ust_pervaz.003
22:57:35 | INFO: Blender create Mesh node M3_06_yatay_profil.024
22:57:35 | INFO: Blender create Mesh node M3_06_yatay_profil.025
22:57:35 | INFO: Blender create Mesh node M3_06_yatay_profil.026
22:57:35 | INFO: Blender create Mesh node M3_06_yatay_profil.027
22:57:35 | INFO: Blender create Mesh node M3_06_yatay_profil.028
22:57:35 | INFO: Blender create Mesh node M3_06_yatay_profil.029
22:57:35 | INFO: Blender create Mesh node M3_06_yatay_profil.030
22:57:35 | INFO: Blender create Mesh node M3_06_yatay_profil.031
22:57:35 | INFO: Blender create Mesh node M3_06_yatay_profil.032
22:57:35 | INFO: Blender create Mesh node M3_06_yatay_profil.033
22:57:35 | INFO: Blender create Mesh node M3_06_yatay_profil.034
22:57:35 | INFO: Blender create Mesh node M3_06_yatay_profil.035
22:57:35 | INFO: Blender create Mesh node M3_06_yatay_profil.036
22:57:35 | INFO: Blender create Mesh node M3_06_yatay_profil.037
22:57:35 | INFO: Blender create Mesh node M3_06_yatay_profil.038
22:57:36 | INFO: Blender create Mesh node M3_06_yatay_profil.039
22:57:36 | INFO: Blender create Mesh node M3_06_yatay_profil.040
22:57:36 | INFO: Blender create Mesh node M3_06_yatay_profil.041
22:57:36 | INFO: Blender create Mesh node M3_06_yatay_profil.042
22:57:36 | INFO: Blender create Mesh node M3_06_yatay_profil.043
22:57:36 | INFO: Blender create Mesh node M3_06_yatay_profil.044
22:57:36 | INFO: Blender create Mesh node M3_06_yatay_profil.045
22:57:36 | INFO: Blender create Mesh node M3_06_yatay_profil.046
22:57:36 | INFO: Blender create Mesh node M3_06_yatay_profil.047
22:57:36 | INFO: Blender create Mesh node M3_07_dik_profil.024
22:57:36 | INFO: Blender create Mesh node M3_07_dik_profil.025
22:57:36 | INFO: Blender create Mesh node M3_07_dik_profil.026
22:57:36 | INFO: Blender create Mesh node M3_07_dik_profil.027
22:57:36 | INFO: Blender create Mesh node M3_07_dik_profil.028
22:57:36 | INFO: Blender create Mesh node M3_07_dik_profil.029
22:57:36 | INFO: Blender create Mesh node M3_07_dik_profil.030
22:57:36 | INFO: Blender create Mesh node M3_07_dik_profil.031
22:57:36 | INFO: Blender create Mesh node M3_07_dik_profil.032
22:57:36 | INFO: Blender create Mesh node M3_07_dik_profil.033
22:57:36 | INFO: Blender create Mesh node M3_07_dik_profil.034
22:57:36 | INFO: Blender create Mesh node M3_07_dik_profil.035
22:57:36 | INFO: Blender create Mesh node M3_07_dik_profil.036
22:57:36 | INFO: Blender create Mesh node M3_07_dik_profil.037
22:57:36 | INFO: Blender create Mesh node M3_07_dik_profil.038
22:57:36 | INFO: Blender create Mesh node M3_07_dik_profil.039
22:57:36 | INFO: Blender create Mesh node M3_07_dik_profil.040
22:57:36 | INFO: Blender create Mesh node M3_07_dik_profil.041
22:57:36 | INFO: Blender create Mesh node M3_07_dik_profil.042
22:57:36 | INFO: Blender create Mesh node M3_07_dik_profil.043
22:57:36 | INFO: Blender create Mesh node M3_07_dik_profil.044
22:57:36 | INFO: Blender create Mesh node M3_07_dik_profil.045
22:57:36 | INFO: Blender create Mesh node M3_07_dik_profil.046
22:57:36 | INFO: Blender create Mesh node M3_07_dik_profil.047
22:57:36 | INFO: Blender create Mesh node M3_07_esik_doseme.001
22:57:36 | INFO: Blender create Mesh node M3_07_gobek.012
22:57:36 | INFO: Blender create Mesh node M3_07_gobek.013
22:57:36 | INFO: Blender create Mesh node M3_07_gobek.014
22:57:36 | INFO: Blender create Mesh node M3_07_gobek.015
22:57:36 | INFO: Blender create Mesh node M3_07_gobek.016
22:57:36 | INFO: Blender create Mesh node M3_07_gobek.017
22:57:36 | INFO: Blender create Mesh node M3_07_gobek.018
22:57:36 | INFO: Blender create Mesh node M3_07_gobek.019
22:57:36 | INFO: Blender create Mesh node M3_07_gobek.020
22:57:36 | INFO: Blender create Mesh node M3_07_gobek.021
22:57:36 | INFO: Blender create Mesh node M3_07_gobek.022
22:57:36 | INFO: Blender create Mesh node M3_07_gobek.023
22:57:36 | INFO: Blender create Mesh node M3_07_kanat.001
22:57:36 | INFO: Blender create Mesh node M3_07_kasa.002
22:57:36 | INFO: Blender create Mesh node M3_07_kasa.003
22:57:36 | INFO: Blender create Mesh node M3_07_mentese
22:57:36 | INFO: Blender create Mesh node M3_07_mentese.001
22:57:36 | INFO: Blender create Mesh node M3_07_mentese.002
22:57:36 | INFO: Blender create Mesh node M3_07_pervaz.004
22:57:36 | INFO: Blender create Mesh node M3_07_pervaz.005
22:57:36 | INFO: Blender create Mesh node M3_07_pervaz.006
22:57:36 | INFO: Blender create Mesh node M3_07_pervaz.007
22:57:36 | INFO: Blender create Mesh node Sphere.017
22:57:36 | INFO: Blender create Mesh node Sphere.018
22:57:36 | INFO: Blender create Mesh node M3_07_topuz_mili
22:57:36 | INFO: Blender create Mesh node M3_07_topuz_mili.001
22:57:36 | INFO: Blender create Mesh node M3_07_ust_kasa.001
22:57:36 | INFO: Blender create Mesh node M3_07_ust_pervaz.002
22:57:36 | INFO: Blender create Mesh node M3_07_ust_pervaz.003
22:57:36 | INFO: Blender create Mesh node M3_07_yatay_profil.024
22:57:36 | INFO: Blender create Mesh node M3_07_yatay_profil.025
22:57:36 | INFO: Blender create Mesh node M3_07_yatay_profil.026
22:57:36 | INFO: Blender create Mesh node M3_07_yatay_profil.027
22:57:36 | INFO: Blender create Mesh node M3_07_yatay_profil.028
22:57:36 | INFO: Blender create Mesh node M3_07_yatay_profil.029
22:57:36 | INFO: Blender create Mesh node M3_07_yatay_profil.030
22:57:36 | INFO: Blender create Mesh node M3_07_yatay_profil.031
22:57:36 | INFO: Blender create Mesh node M3_07_yatay_profil.032
22:57:36 | INFO: Blender create Mesh node M3_07_yatay_profil.033
22:57:36 | INFO: Blender create Mesh node M3_07_yatay_profil.034
22:57:36 | INFO: Blender create Mesh node M3_07_yatay_profil.035
22:57:36 | INFO: Blender create Mesh node M3_07_yatay_profil.036
22:57:36 | INFO: Blender create Mesh node M3_07_yatay_profil.037
22:57:36 | INFO: Blender create Mesh node M3_07_yatay_profil.038
22:57:36 | INFO: Blender create Mesh node M3_07_yatay_profil.039
22:57:36 | INFO: Blender create Mesh node M3_07_yatay_profil.040
22:57:36 | INFO: Blender create Mesh node M3_07_yatay_profil.041
22:57:36 | INFO: Blender create Mesh node M3_07_yatay_profil.042
22:57:36 | INFO: Blender create Mesh node M3_07_yatay_profil.043
22:57:36 | INFO: Blender create Mesh node M3_07_yatay_profil.044
22:57:36 | INFO: Blender create Mesh node M3_07_yatay_profil.045
22:57:36 | INFO: Blender create Mesh node M3_07_yatay_profil.046
22:57:36 | INFO: Blender create Mesh node M3_07_yatay_profil.047
22:57:36 | INFO: Blender create Mesh node M3_08_dik_profil.024
22:57:36 | INFO: Blender create Mesh node M3_08_dik_profil.025
22:57:36 | INFO: Blender create Mesh node M3_08_dik_profil.026
22:57:36 | INFO: Blender create Mesh node M3_08_dik_profil.027
22:57:36 | INFO: Blender create Mesh node M3_08_dik_profil.028
22:57:36 | INFO: Blender create Mesh node M3_08_dik_profil.029
22:57:36 | INFO: Blender create Mesh node M3_08_dik_profil.030
22:57:36 | INFO: Blender create Mesh node M3_08_dik_profil.031
22:57:36 | INFO: Blender create Mesh node M3_08_dik_profil.032
22:57:36 | INFO: Blender create Mesh node M3_08_dik_profil.033
22:57:36 | INFO: Blender create Mesh node M3_08_dik_profil.034
22:57:36 | INFO: Blender create Mesh node M3_08_dik_profil.035
22:57:36 | INFO: Blender create Mesh node M3_08_dik_profil.036
22:57:36 | INFO: Blender create Mesh node M3_08_dik_profil.037
22:57:36 | INFO: Blender create Mesh node M3_08_dik_profil.038
22:57:36 | INFO: Blender create Mesh node M3_08_dik_profil.039
22:57:36 | INFO: Blender create Mesh node M3_08_dik_profil.040
22:57:36 | INFO: Blender create Mesh node M3_08_dik_profil.041
22:57:36 | INFO: Blender create Mesh node M3_08_dik_profil.042
22:57:36 | INFO: Blender create Mesh node M3_08_dik_profil.043
22:57:36 | INFO: Blender create Mesh node M3_08_dik_profil.044
22:57:36 | INFO: Blender create Mesh node M3_08_dik_profil.045
22:57:36 | INFO: Blender create Mesh node M3_08_dik_profil.046
22:57:36 | INFO: Blender create Mesh node M3_08_dik_profil.047
22:57:36 | INFO: Blender create Mesh node M3_08_esik_doseme.001
22:57:36 | INFO: Blender create Mesh node M3_08_gobek.012
22:57:36 | INFO: Blender create Mesh node M3_08_gobek.013
22:57:36 | INFO: Blender create Mesh node M3_08_gobek.014
22:57:36 | INFO: Blender create Mesh node M3_08_gobek.015
22:57:36 | INFO: Blender create Mesh node M3_08_gobek.016
22:57:36 | INFO: Blender create Mesh node M3_08_gobek.017
22:57:36 | INFO: Blender create Mesh node M3_08_gobek.018
22:57:36 | INFO: Blender create Mesh node M3_08_gobek.019
22:57:36 | INFO: Blender create Mesh node M3_08_gobek.020
22:57:36 | INFO: Blender create Mesh node M3_08_gobek.021
22:57:36 | INFO: Blender create Mesh node M3_08_gobek.022
22:57:36 | INFO: Blender create Mesh node M3_08_gobek.023
22:57:36 | INFO: Blender create Mesh node M3_08_kanat.001
22:57:36 | INFO: Blender create Mesh node M3_08_kasa.002
22:57:36 | INFO: Blender create Mesh node M3_08_kasa.003
22:57:36 | INFO: Blender create Mesh node M3_08_mentese
22:57:36 | INFO: Blender create Mesh node M3_08_mentese.001
22:57:36 | INFO: Blender create Mesh node M3_08_mentese.002
22:57:36 | INFO: Blender create Mesh node M3_08_pervaz.004
22:57:36 | INFO: Blender create Mesh node M3_08_pervaz.005
22:57:36 | INFO: Blender create Mesh node M3_08_pervaz.006
22:57:36 | INFO: Blender create Mesh node M3_08_pervaz.007
22:57:36 | INFO: Blender create Mesh node Sphere.019
22:57:36 | INFO: Blender create Mesh node Sphere.020
22:57:36 | INFO: Blender create Mesh node M3_08_topuz_mili
22:57:36 | INFO: Blender create Mesh node M3_08_topuz_mili.001
22:57:36 | INFO: Blender create Mesh node M3_08_ust_kasa.001
22:57:36 | INFO: Blender create Mesh node M3_08_ust_pervaz.002
22:57:36 | INFO: Blender create Mesh node M3_08_ust_pervaz.003
22:57:36 | INFO: Blender create Mesh node M3_08_yatay_profil.024
22:57:36 | INFO: Blender create Mesh node M3_08_yatay_profil.025
22:57:36 | INFO: Blender create Mesh node M3_08_yatay_profil.026
22:57:36 | INFO: Blender create Mesh node M3_08_yatay_profil.027
22:57:36 | INFO: Blender create Mesh node M3_08_yatay_profil.028
22:57:36 | INFO: Blender create Mesh node M3_08_yatay_profil.029
22:57:36 | INFO: Blender create Mesh node M3_08_yatay_profil.030
22:57:36 | INFO: Blender create Mesh node M3_08_yatay_profil.031
22:57:36 | INFO: Blender create Mesh node M3_08_yatay_profil.032
22:57:36 | INFO: Blender create Mesh node M3_08_yatay_profil.033
22:57:36 | INFO: Blender create Mesh node M3_08_yatay_profil.034
22:57:36 | INFO: Blender create Mesh node M3_08_yatay_profil.035
22:57:36 | INFO: Blender create Mesh node M3_08_yatay_profil.036
22:57:36 | INFO: Blender create Mesh node M3_08_yatay_profil.037
22:57:36 | INFO: Blender create Mesh node M3_08_yatay_profil.038
22:57:36 | INFO: Blender create Mesh node M3_08_yatay_profil.039
22:57:36 | INFO: Blender create Mesh node M3_08_yatay_profil.040
22:57:36 | INFO: Blender create Mesh node M3_08_yatay_profil.041
22:57:36 | INFO: Blender create Mesh node M3_08_yatay_profil.042
22:57:36 | INFO: Blender create Mesh node M3_08_yatay_profil.043
22:57:36 | INFO: Blender create Mesh node M3_08_yatay_profil.044
22:57:36 | INFO: Blender create Mesh node M3_08_yatay_profil.045
22:57:36 | INFO: Blender create Mesh node M3_08_yatay_profil.046
22:57:36 | INFO: Blender create Mesh node M3_08_yatay_profil.047
22:57:36 | INFO: Blender create Mesh node M3_09_dik_profil.024
22:57:36 | INFO: Blender create Mesh node M3_09_dik_profil.025
22:57:36 | INFO: Blender create Mesh node M3_09_dik_profil.026
22:57:36 | INFO: Blender create Mesh node M3_09_dik_profil.027
22:57:36 | INFO: Blender create Mesh node M3_09_dik_profil.028
22:57:36 | INFO: Blender create Mesh node M3_09_dik_profil.029
22:57:36 | INFO: Blender create Mesh node M3_09_dik_profil.030
22:57:36 | INFO: Blender create Mesh node M3_09_dik_profil.031
22:57:36 | INFO: Blender create Mesh node M3_09_dik_profil.032
22:57:36 | INFO: Blender create Mesh node M3_09_dik_profil.033
22:57:36 | INFO: Blender create Mesh node M3_09_dik_profil.034
22:57:36 | INFO: Blender create Mesh node M3_09_dik_profil.035
22:57:36 | INFO: Blender create Mesh node M3_09_dik_profil.036
22:57:36 | INFO: Blender create Mesh node M3_09_dik_profil.037
22:57:36 | INFO: Blender create Mesh node M3_09_dik_profil.038
22:57:36 | INFO: Blender create Mesh node M3_09_dik_profil.039
22:57:36 | INFO: Blender create Mesh node M3_09_dik_profil.040
22:57:36 | INFO: Blender create Mesh node M3_09_dik_profil.041
22:57:36 | INFO: Blender create Mesh node M3_09_dik_profil.042
22:57:36 | INFO: Blender create Mesh node M3_09_dik_profil.043
22:57:36 | INFO: Blender create Mesh node M3_09_dik_profil.044
22:57:36 | INFO: Blender create Mesh node M3_09_dik_profil.045
22:57:36 | INFO: Blender create Mesh node M3_09_dik_profil.046
22:57:36 | INFO: Blender create Mesh node M3_09_dik_profil.047
22:57:36 | INFO: Blender create Mesh node M3_09_esik_doseme.001
22:57:36 | INFO: Blender create Mesh node M3_09_gobek.012
22:57:36 | INFO: Blender create Mesh node M3_09_gobek.013
22:57:36 | INFO: Blender create Mesh node M3_09_gobek.014
22:57:36 | INFO: Blender create Mesh node M3_09_gobek.015
22:57:36 | INFO: Blender create Mesh node M3_09_gobek.016
22:57:36 | INFO: Blender create Mesh node M3_09_gobek.017
22:57:36 | INFO: Blender create Mesh node M3_09_gobek.018
22:57:36 | INFO: Blender create Mesh node M3_09_gobek.019
22:57:36 | INFO: Blender create Mesh node M3_09_gobek.020
22:57:36 | INFO: Blender create Mesh node M3_09_gobek.021
22:57:36 | INFO: Blender create Mesh node M3_09_gobek.022
22:57:36 | INFO: Blender create Mesh node M3_09_gobek.023
22:57:36 | INFO: Blender create Mesh node M3_09_kanat.001
22:57:36 | INFO: Blender create Mesh node M3_09_kasa.002
22:57:36 | INFO: Blender create Mesh node M3_09_kasa.003
22:57:36 | INFO: Blender create Mesh node M3_09_mentese
22:57:36 | INFO: Blender create Mesh node M3_09_mentese.001
22:57:36 | INFO: Blender create Mesh node M3_09_mentese.002
22:57:36 | INFO: Blender create Mesh node M3_09_pervaz.004
22:57:36 | INFO: Blender create Mesh node M3_09_pervaz.005
22:57:36 | INFO: Blender create Mesh node M3_09_pervaz.006
22:57:36 | INFO: Blender create Mesh node M3_09_pervaz.007
22:57:36 | INFO: Blender create Mesh node Sphere.021
22:57:36 | INFO: Blender create Mesh node Sphere.022
22:57:36 | INFO: Blender create Mesh node M3_09_topuz_mili
22:57:36 | INFO: Blender create Mesh node M3_09_topuz_mili.001
22:57:36 | INFO: Blender create Mesh node M3_09_ust_kasa.001
22:57:36 | INFO: Blender create Mesh node M3_09_ust_pervaz.002
22:57:36 | INFO: Blender create Mesh node M3_09_ust_pervaz.003
22:57:36 | INFO: Blender create Mesh node M3_09_yatay_profil.024
22:57:36 | INFO: Blender create Mesh node M3_09_yatay_profil.025
22:57:36 | INFO: Blender create Mesh node M3_09_yatay_profil.026
22:57:36 | INFO: Blender create Mesh node M3_09_yatay_profil.027
22:57:36 | INFO: Blender create Mesh node M3_09_yatay_profil.028
22:57:36 | INFO: Blender create Mesh node M3_09_yatay_profil.029
22:57:36 | INFO: Blender create Mesh node M3_09_yatay_profil.030
22:57:36 | INFO: Blender create Mesh node M3_09_yatay_profil.031
22:57:36 | INFO: Blender create Mesh node M3_09_yatay_profil.032
22:57:36 | INFO: Blender create Mesh node M3_09_yatay_profil.033
22:57:36 | INFO: Blender create Mesh node M3_09_yatay_profil.034
22:57:36 | INFO: Blender create Mesh node M3_09_yatay_profil.035
22:57:36 | INFO: Blender create Mesh node M3_09_yatay_profil.036
22:57:36 | INFO: Blender create Mesh node M3_09_yatay_profil.037
22:57:36 | INFO: Blender create Mesh node M3_09_yatay_profil.038
22:57:36 | INFO: Blender create Mesh node M3_09_yatay_profil.039
22:57:36 | INFO: Blender create Mesh node M3_09_yatay_profil.040
22:57:36 | INFO: Blender create Mesh node M3_09_yatay_profil.041
22:57:36 | INFO: Blender create Mesh node M3_09_yatay_profil.042
22:57:36 | INFO: Blender create Mesh node M3_09_yatay_profil.043
22:57:36 | INFO: Blender create Mesh node M3_09_yatay_profil.044
22:57:36 | INFO: Blender create Mesh node M3_09_yatay_profil.045
22:57:36 | INFO: Blender create Mesh node M3_09_yatay_profil.046
22:57:36 | INFO: Blender create Mesh node M3_09_yatay_profil.047
22:57:36 | INFO: Blender create Mesh node M3_10_dik_profil.024
22:57:36 | INFO: Blender create Mesh node M3_10_dik_profil.025
22:57:36 | INFO: Blender create Mesh node M3_10_dik_profil.026
22:57:36 | INFO: Blender create Mesh node M3_10_dik_profil.027
22:57:36 | INFO: Blender create Mesh node M3_10_dik_profil.028
22:57:36 | INFO: Blender create Mesh node M3_10_dik_profil.029
22:57:36 | INFO: Blender create Mesh node M3_10_dik_profil.030
22:57:36 | INFO: Blender create Mesh node M3_10_dik_profil.031
22:57:36 | INFO: Blender create Mesh node M3_10_dik_profil.032
22:57:36 | INFO: Blender create Mesh node M3_10_dik_profil.033
22:57:36 | INFO: Blender create Mesh node M3_10_dik_profil.034
22:57:36 | INFO: Blender create Mesh node M3_10_dik_profil.035
22:57:36 | INFO: Blender create Mesh node M3_10_dik_profil.036
22:57:36 | INFO: Blender create Mesh node M3_10_dik_profil.037
22:57:36 | INFO: Blender create Mesh node M3_10_dik_profil.038
22:57:36 | INFO: Blender create Mesh node M3_10_dik_profil.039
22:57:36 | INFO: Blender create Mesh node M3_10_dik_profil.040
22:57:36 | INFO: Blender create Mesh node M3_10_dik_profil.041
22:57:36 | INFO: Blender create Mesh node M3_10_dik_profil.042
22:57:36 | INFO: Blender create Mesh node M3_10_dik_profil.043
22:57:36 | INFO: Blender create Mesh node M3_10_dik_profil.044
22:57:36 | INFO: Blender create Mesh node M3_10_dik_profil.045
22:57:36 | INFO: Blender create Mesh node M3_10_dik_profil.046
22:57:36 | INFO: Blender create Mesh node M3_10_dik_profil.047
22:57:36 | INFO: Blender create Mesh node M3_10_doseme_boslugu.001
22:57:36 | INFO: Blender create Mesh node M3_10_esik_doseme.001
22:57:36 | INFO: Blender create Mesh node M3_10_gobek.012
22:57:36 | INFO: Blender create Mesh node M3_10_gobek.013
22:57:36 | INFO: Blender create Mesh node M3_10_gobek.014
22:57:36 | INFO: Blender create Mesh node M3_10_gobek.015
22:57:36 | INFO: Blender create Mesh node M3_10_gobek.016
22:57:36 | INFO: Blender create Mesh node M3_10_gobek.017
22:57:36 | INFO: Blender create Mesh node M3_10_gobek.018
22:57:36 | INFO: Blender create Mesh node M3_10_gobek.019
22:57:36 | INFO: Blender create Mesh node M3_10_gobek.020
22:57:36 | INFO: Blender create Mesh node M3_10_gobek.021
22:57:36 | INFO: Blender create Mesh node M3_10_gobek.022
22:57:36 | INFO: Blender create Mesh node M3_10_gobek.023
22:57:36 | INFO: Blender create Mesh node M3_10_kanat.001
22:57:36 | INFO: Blender create Mesh node M3_10_kasa.002
22:57:36 | INFO: Blender create Mesh node M3_10_kasa.003
22:57:36 | INFO: Blender create Mesh node M3_10_mentese
22:57:36 | INFO: Blender create Mesh node M3_10_mentese.001
22:57:36 | INFO: Blender create Mesh node M3_10_mentese.002
22:57:36 | INFO: Blender create Mesh node M3_10_pervaz.004
22:57:36 | INFO: Blender create Mesh node M3_10_pervaz.005
22:57:36 | INFO: Blender create Mesh node M3_10_pervaz.006
22:57:36 | INFO: Blender create Mesh node M3_10_pervaz.007
22:57:36 | INFO: Blender create Mesh node Sphere.023
22:57:36 | INFO: Blender create Mesh node Sphere.024
22:57:36 | INFO: Blender create Mesh node M3_10_topuz_mili
22:57:36 | INFO: Blender create Mesh node M3_10_topuz_mili.001
22:57:36 | INFO: Blender create Mesh node M3_10_ust_kasa.001
22:57:36 | INFO: Blender create Mesh node M3_10_ust_pervaz.002
22:57:36 | INFO: Blender create Mesh node M3_10_ust_pervaz.003
22:57:36 | INFO: Blender create Mesh node M3_10_yatay_profil.024
22:57:36 | INFO: Blender create Mesh node M3_10_yatay_profil.025
22:57:36 | INFO: Blender create Mesh node M3_10_yatay_profil.026
22:57:36 | INFO: Blender create Mesh node M3_10_yatay_profil.027
22:57:36 | INFO: Blender create Mesh node M3_10_yatay_profil.028
22:57:36 | INFO: Blender create Mesh node M3_10_yatay_profil.029
22:57:36 | INFO: Blender create Mesh node M3_10_yatay_profil.030
22:57:36 | INFO: Blender create Mesh node M3_10_yatay_profil.031
22:57:36 | INFO: Blender create Mesh node M3_10_yatay_profil.032
22:57:36 | INFO: Blender create Mesh node M3_10_yatay_profil.033
22:57:36 | INFO: Blender create Mesh node M3_10_yatay_profil.034
22:57:36 | INFO: Blender create Mesh node M3_10_yatay_profil.035
22:57:36 | INFO: Blender create Mesh node M3_10_yatay_profil.036
22:57:36 | INFO: Blender create Mesh node M3_10_yatay_profil.037
22:57:36 | INFO: Blender create Mesh node M3_10_yatay_profil.038
22:57:36 | INFO: Blender create Mesh node M3_10_yatay_profil.039
22:57:36 | INFO: Blender create Mesh node M3_10_yatay_profil.040
22:57:36 | INFO: Blender create Mesh node M3_10_yatay_profil.041
22:57:36 | INFO: Blender create Mesh node M3_10_yatay_profil.042
22:57:36 | INFO: Blender create Mesh node M3_10_yatay_profil.043
22:57:36 | INFO: Blender create Mesh node M3_10_yatay_profil.044
22:57:36 | INFO: Blender create Mesh node M3_10_yatay_profil.045
22:57:36 | INFO: Blender create Mesh node M3_10_yatay_profil.046
22:57:36 | INFO: Blender create Mesh node M3_10_yatay_profil.047
22:57:36 | INFO: Blender create Mesh node M3_11_esik_doseme.001
22:57:36 | INFO: Blender create Mesh node M3_11_kanat.001
22:57:36 | INFO: Blender create Mesh node M3_11_kasa.002
22:57:36 | INFO: Blender create Mesh node M3_11_kasa.003
22:57:36 | INFO: Blender create Mesh node M3_11_kulp
22:57:36 | INFO: Blender create Mesh node M3_11_kulp.001
22:57:36 | INFO: Blender create Mesh node M3_11_mentese
22:57:36 | INFO: Blender create Mesh node M3_11_mentese.001
22:57:36 | INFO: Blender create Mesh node M3_11_mentese.002
22:57:36 | INFO: Blender create Mesh node M3_11_pervaz.004
22:57:36 | INFO: Blender create Mesh node M3_11_pervaz.005
22:57:36 | INFO: Blender create Mesh node M3_11_pervaz.006
22:57:36 | INFO: Blender create Mesh node M3_11_pervaz.007
22:57:36 | INFO: Blender create Mesh node M3_11_ust_kasa.001
22:57:36 | INFO: Blender create Mesh node M3_11_ust_pervaz.002
22:57:36 | INFO: Blender create Mesh node M3_11_ust_pervaz.003
22:57:36 | INFO: Blender create Mesh node M3_12_dik_profil.024
22:57:36 | INFO: Blender create Mesh node M3_12_dik_profil.025
22:57:36 | INFO: Blender create Mesh node M3_12_dik_profil.026
22:57:36 | INFO: Blender create Mesh node M3_12_dik_profil.027
22:57:36 | INFO: Blender create Mesh node M3_12_dik_profil.028
22:57:36 | INFO: Blender create Mesh node M3_12_dik_profil.029
22:57:36 | INFO: Blender create Mesh node M3_12_dik_profil.030
22:57:36 | INFO: Blender create Mesh node M3_12_dik_profil.031
22:57:36 | INFO: Blender create Mesh node M3_12_dik_profil.032
22:57:36 | INFO: Blender create Mesh node M3_12_dik_profil.033
22:57:36 | INFO: Blender create Mesh node M3_12_dik_profil.034
22:57:36 | INFO: Blender create Mesh node M3_12_dik_profil.035
22:57:36 | INFO: Blender create Mesh node M3_12_dik_profil.036
22:57:36 | INFO: Blender create Mesh node M3_12_dik_profil.037
22:57:36 | INFO: Blender create Mesh node M3_12_dik_profil.038
22:57:36 | INFO: Blender create Mesh node M3_12_dik_profil.039
22:57:36 | INFO: Blender create Mesh node M3_12_dik_profil.040
22:57:36 | INFO: Blender create Mesh node M3_12_dik_profil.041
22:57:36 | INFO: Blender create Mesh node M3_12_dik_profil.042
22:57:36 | INFO: Blender create Mesh node M3_12_dik_profil.043
22:57:36 | INFO: Blender create Mesh node M3_12_dik_profil.044
22:57:36 | INFO: Blender create Mesh node M3_12_dik_profil.045
22:57:36 | INFO: Blender create Mesh node M3_12_dik_profil.046
22:57:36 | INFO: Blender create Mesh node M3_12_dik_profil.047
22:57:36 | INFO: Blender create Mesh node M3_12_esik_doseme.001
22:57:36 | INFO: Blender create Mesh node M3_12_gobek.012
22:57:36 | INFO: Blender create Mesh node M3_12_gobek.013
22:57:36 | INFO: Blender create Mesh node M3_12_gobek.014
22:57:36 | INFO: Blender create Mesh node M3_12_gobek.015
22:57:36 | INFO: Blender create Mesh node M3_12_gobek.016
22:57:36 | INFO: Blender create Mesh node M3_12_gobek.017
22:57:36 | INFO: Blender create Mesh node M3_12_gobek.018
22:57:36 | INFO: Blender create Mesh node M3_12_gobek.019
22:57:36 | INFO: Blender create Mesh node M3_12_gobek.020
22:57:36 | INFO: Blender create Mesh node M3_12_gobek.021
22:57:36 | INFO: Blender create Mesh node M3_12_gobek.022
22:57:36 | INFO: Blender create Mesh node M3_12_gobek.023
22:57:36 | INFO: Blender create Mesh node M3_12_kanat.001
22:57:36 | INFO: Blender create Mesh node M3_12_kasa.002
22:57:36 | INFO: Blender create Mesh node M3_12_kasa.003
22:57:36 | INFO: Blender create Mesh node M3_12_mentese
22:57:36 | INFO: Blender create Mesh node M3_12_mentese.001
22:57:36 | INFO: Blender create Mesh node M3_12_mentese.002
22:57:36 | INFO: Blender create Mesh node M3_12_pervaz.004
22:57:36 | INFO: Blender create Mesh node M3_12_pervaz.005
22:57:36 | INFO: Blender create Mesh node M3_12_pervaz.006
22:57:36 | INFO: Blender create Mesh node M3_12_pervaz.007
22:57:36 | INFO: Blender create Mesh node Sphere.025
22:57:36 | INFO: Blender create Mesh node Sphere.026
22:57:36 | INFO: Blender create Mesh node M3_12_topuz_mili
22:57:36 | INFO: Blender create Mesh node M3_12_topuz_mili.001
22:57:36 | INFO: Blender create Mesh node M3_12_ust_kasa.001
22:57:36 | INFO: Blender create Mesh node M3_12_ust_pervaz.002
22:57:36 | INFO: Blender create Mesh node M3_12_ust_pervaz.003
22:57:36 | INFO: Blender create Mesh node M3_12_yatay_profil.024
22:57:36 | INFO: Blender create Mesh node M3_12_yatay_profil.025
22:57:36 | INFO: Blender create Mesh node M3_12_yatay_profil.026
22:57:36 | INFO: Blender create Mesh node M3_12_yatay_profil.027
22:57:36 | INFO: Blender create Mesh node M3_12_yatay_profil.028
22:57:36 | INFO: Blender create Mesh node M3_12_yatay_profil.029
22:57:36 | INFO: Blender create Mesh node M3_12_yatay_profil.030
22:57:36 | INFO: Blender create Mesh node M3_12_yatay_profil.031
22:57:36 | INFO: Blender create Mesh node M3_12_yatay_profil.032
22:57:36 | INFO: Blender create Mesh node M3_12_yatay_profil.033
22:57:36 | INFO: Blender create Mesh node M3_12_yatay_profil.034
22:57:36 | INFO: Blender create Mesh node M3_12_yatay_profil.035
22:57:36 | INFO: Blender create Mesh node M3_12_yatay_profil.036
22:57:36 | INFO: Blender create Mesh node M3_12_yatay_profil.037
22:57:36 | INFO: Blender create Mesh node M3_12_yatay_profil.038
22:57:36 | INFO: Blender create Mesh node M3_12_yatay_profil.039
22:57:36 | INFO: Blender create Mesh node M3_12_yatay_profil.040
22:57:36 | INFO: Blender create Mesh node M3_12_yatay_profil.041
22:57:36 | INFO: Blender create Mesh node M3_12_yatay_profil.042
22:57:36 | INFO: Blender create Mesh node M3_12_yatay_profil.043
22:57:36 | INFO: Blender create Mesh node M3_12_yatay_profil.044
22:57:36 | INFO: Blender create Mesh node M3_12_yatay_profil.045
22:57:36 | INFO: Blender create Mesh node M3_12_yatay_profil.046
22:57:36 | INFO: Blender create Mesh node M3_12_yatay_profil.047
22:57:36 | INFO: Blender create Mesh node M3_13_dik_profil.024
22:57:36 | INFO: Blender create Mesh node M3_13_dik_profil.025
22:57:36 | INFO: Blender create Mesh node M3_13_dik_profil.026
22:57:36 | INFO: Blender create Mesh node M3_13_dik_profil.027
22:57:36 | INFO: Blender create Mesh node M3_13_dik_profil.028
22:57:36 | INFO: Blender create Mesh node M3_13_dik_profil.029
22:57:36 | INFO: Blender create Mesh node M3_13_dik_profil.030
22:57:36 | INFO: Blender create Mesh node M3_13_dik_profil.031
22:57:36 | INFO: Blender create Mesh node M3_13_dik_profil.032
22:57:36 | INFO: Blender create Mesh node M3_13_dik_profil.033
22:57:36 | INFO: Blender create Mesh node M3_13_dik_profil.034
22:57:36 | INFO: Blender create Mesh node M3_13_dik_profil.035
22:57:36 | INFO: Blender create Mesh node M3_13_dik_profil.036
22:57:36 | INFO: Blender create Mesh node M3_13_dik_profil.037
22:57:36 | INFO: Blender create Mesh node M3_13_dik_profil.038
22:57:36 | INFO: Blender create Mesh node M3_13_dik_profil.039
22:57:36 | INFO: Blender create Mesh node M3_13_dik_profil.040
22:57:36 | INFO: Blender create Mesh node M3_13_dik_profil.041
22:57:36 | INFO: Blender create Mesh node M3_13_dik_profil.042
22:57:36 | INFO: Blender create Mesh node M3_13_dik_profil.043
22:57:36 | INFO: Blender create Mesh node M3_13_dik_profil.044
22:57:36 | INFO: Blender create Mesh node M3_13_dik_profil.045
22:57:36 | INFO: Blender create Mesh node M3_13_dik_profil.046
22:57:36 | INFO: Blender create Mesh node M3_13_dik_profil.047
22:57:36 | INFO: Blender create Mesh node M3_13_esik_doseme.001
22:57:36 | INFO: Blender create Mesh node M3_13_gobek.012
22:57:36 | INFO: Blender create Mesh node M3_13_gobek.013
22:57:36 | INFO: Blender create Mesh node M3_13_gobek.014
22:57:36 | INFO: Blender create Mesh node M3_13_gobek.015
22:57:36 | INFO: Blender create Mesh node M3_13_gobek.016
22:57:36 | INFO: Blender create Mesh node M3_13_gobek.017
22:57:36 | INFO: Blender create Mesh node M3_13_gobek.018
22:57:36 | INFO: Blender create Mesh node M3_13_gobek.019
22:57:36 | INFO: Blender create Mesh node M3_13_gobek.020
22:57:36 | INFO: Blender create Mesh node M3_13_gobek.021
22:57:36 | INFO: Blender create Mesh node M3_13_gobek.022
22:57:37 | INFO: Blender create Mesh node M3_13_gobek.023
22:57:37 | INFO: Blender create Mesh node M3_13_kanat.001
22:57:37 | INFO: Blender create Mesh node M3_13_kasa.002
22:57:37 | INFO: Blender create Mesh node M3_13_kasa.003
22:57:37 | INFO: Blender create Mesh node M3_13_kasa_bini
22:57:37 | INFO: Blender create Mesh node M3_13_kasa_bini.001
22:57:37 | INFO: Blender create Mesh node M3_13_kulp.002
22:57:37 | INFO: Blender create Mesh node M3_13_kulp.003
22:57:37 | INFO: Blender create Mesh node M3_13_mentese.003
22:57:37 | INFO: Blender create Mesh node M3_13_mentese.004
22:57:37 | INFO: Blender create Mesh node M3_13_mentese.005
22:57:37 | INFO: Blender create Mesh node M3_13_pervaz.004
22:57:37 | INFO: Blender create Mesh node M3_13_pervaz.005
22:57:37 | INFO: Blender create Mesh node M3_13_pervaz.006
22:57:37 | INFO: Blender create Mesh node M3_13_pervaz.007
22:57:37 | INFO: Blender create Mesh node M3_13_ust_bini
22:57:37 | INFO: Blender create Mesh node M3_13_ust_kasa.001
22:57:37 | INFO: Blender create Mesh node M3_13_ust_pervaz.002
22:57:37 | INFO: Blender create Mesh node M3_13_ust_pervaz.003
22:57:37 | INFO: Blender create Mesh node M3_13_yatay_profil.024
22:57:37 | INFO: Blender create Mesh node M3_13_yatay_profil.025
22:57:37 | INFO: Blender create Mesh node M3_13_yatay_profil.026
22:57:37 | INFO: Blender create Mesh node M3_13_yatay_profil.027
22:57:37 | INFO: Blender create Mesh node M3_13_yatay_profil.028
22:57:37 | INFO: Blender create Mesh node M3_13_yatay_profil.029
22:57:37 | INFO: Blender create Mesh node M3_13_yatay_profil.030
22:57:37 | INFO: Blender create Mesh node M3_13_yatay_profil.031
22:57:37 | INFO: Blender create Mesh node M3_13_yatay_profil.032
22:57:37 | INFO: Blender create Mesh node M3_13_yatay_profil.033
22:57:37 | INFO: Blender create Mesh node M3_13_yatay_profil.034
22:57:37 | INFO: Blender create Mesh node M3_13_yatay_profil.035
22:57:37 | INFO: Blender create Mesh node M3_13_yatay_profil.036
22:57:37 | INFO: Blender create Mesh node M3_13_yatay_profil.037
22:57:37 | INFO: Blender create Mesh node M3_13_yatay_profil.038
22:57:37 | INFO: Blender create Mesh node M3_13_yatay_profil.039
22:57:37 | INFO: Blender create Mesh node M3_13_yatay_profil.040
22:57:37 | INFO: Blender create Mesh node M3_13_yatay_profil.041
22:57:37 | INFO: Blender create Mesh node M3_13_yatay_profil.042
22:57:37 | INFO: Blender create Mesh node M3_13_yatay_profil.043
22:57:37 | INFO: Blender create Mesh node M3_13_yatay_profil.044
22:57:37 | INFO: Blender create Mesh node M3_13_yatay_profil.045
22:57:37 | INFO: Blender create Mesh node M3_13_yatay_profil.046
22:57:37 | INFO: Blender create Mesh node M3_13_yatay_profil.047
22:57:37 | INFO: Blender create Mesh node M3C_kapi_ustu
22:57:37 | INFO: Blender create Mesh node M3C_sag_yan
22:57:37 | INFO: Blender create Mesh node M3C_sol_yan
22:57:37 | INFO: Blender create Mesh node M3G_Cam_ara_cita.004
22:57:37 | INFO: Blender create Mesh node M3G_Cam_ara_cita.005
22:57:37 | INFO: Blender create Mesh node M3G_Cam_ara_cita.006
22:57:37 | INFO: Blender create Mesh node M3G_Cam_ara_cita.007
22:57:37 | INFO: Blender create Mesh node M3G_Floral_cam.001
22:57:37 | INFO: Blender create Mesh node M3G_Kanat_alt.001
22:57:37 | INFO: Blender create Mesh node M3G_Kanat_dikme.002
22:57:37 | INFO: Blender create Mesh node M3G_Kanat_dikme.003
22:57:37 | INFO: Blender create Mesh node M3G_Kanat_ust.001
22:57:37 | INFO: Blender create Mesh node M3G_Kasa.002
22:57:37 | INFO: Blender create Mesh node M3G_Kasa.003
22:57:37 | INFO: Blender create Mesh node M3G_Kol.002
22:57:37 | INFO: Blender create Mesh node M3G_Kol.003
22:57:37 | INFO: Blender create Mesh node M3G_Mentese.003
22:57:37 | INFO: Blender create Mesh node M3G_Mentese.004
22:57:37 | INFO: Blender create Mesh node M3G_Mentese.005
22:57:37 | INFO: Blender create Mesh node M3G_Pervaz.004
22:57:37 | INFO: Blender create Mesh node M3G_Pervaz.005
22:57:37 | INFO: Blender create Mesh node M3G_Pervaz.006
22:57:37 | INFO: Blender create Mesh node M3G_Pervaz.007
22:57:37 | INFO: Blender create Mesh node M3G_Ust_kasa.001
22:57:37 | INFO: Blender create Mesh node M3G_Ust_pervaz.002
22:57:37 | INFO: Blender create Mesh node M3G_Ust_pervaz.003
22:57:37 | INFO: Blender create Mesh node M6_Antre_boru
22:57:37 | INFO: Blender create Mesh node M6_Antre_boru.001
22:57:37 | INFO: Blender create Mesh node M6_Antre_dilim_00
22:57:37 | INFO: Blender create Mesh node M6_Antre_dilim_01
22:57:37 | INFO: Blender create Mesh node M6_Antre_dilim_02
22:57:37 | INFO: Blender create Mesh node M6_Antre_dilim_03
22:57:37 | INFO: Blender create Mesh node M6_Antre_dilim_04
22:57:37 | INFO: Blender create Mesh node M6_Antre_dilim_05
22:57:37 | INFO: Blender create Mesh node M6_Antre_dilim_06
22:57:37 | INFO: Blender create Mesh node M6_Antre_dilim_07
22:57:37 | INFO: Blender create Mesh node M6_Antre_dilim_08
22:57:37 | INFO: Blender create Mesh node M6_Antre_dilim_09
22:57:37 | INFO: Blender create Mesh node M6_Antre_duvar_askisi
22:57:37 | INFO: Blender create Mesh node M6_Antre_duvar_askisi.001
22:57:37 | INFO: Blender create Mesh node M6_Antre_duvar_askisi.002
22:57:37 | INFO: Blender create Mesh node M6_Antre_duvar_askisi.003
22:57:37 | INFO: Blender create Mesh node M6_Antre_kollektor
22:57:37 | INFO: Blender create Mesh node M6_Antre_kollektor.001
22:57:37 | INFO: Blender create Mesh node M6_Antre_vana
22:57:37 | INFO: Blender create Mesh node M6_Antre_vana.001
22:57:37 | INFO: glTF import finished in 4.52s
[kontrol] ekler yüklendi: C:\Users\yigit\Downloads\angora-main (2)\angora-main\build\web\26092026\EKLER.glb
[kontrol] silindi mobilya WOOD2 920 yüz
[kontrol] silindi mimari interior.002 165 yüz
[kontrol] silindi mimari wood_dark (4) 17809 yüz
[kontrol] silindi mimari metal (5) 17483 yüz
[kontrol] silindi mobilya metal3 189 yüz
[kontrol] silindi mobilya WOOD1 722 yüz
[kontrol] silindi mimari Lift | Photographed walnut door finish (4).001 1149 yüz
[kontrol] silindi mobilya wht 68 yüz
[kontrol] silindi mobilya bulb_warm 748 yüz
[kontrol] silindi mobilya metal1 8260 yüz
[kontrol] silindi mobilya ROUGHNSS90 4602 yüz
[kontrol] silindi mobilya BLCK 28 yüz
C:\Users\yigit\Downloads\angora-main (2)\angora-main\tools\blender\08_kontrol_render.py:119: DeprecationWarning: 'World.use_nodes' is expected to be removed in Blender 6.0
  world = bpy.data.worlds.new('Gok'); scene.world = world; world.use_nodes = True
00:28.688  cycles           | WARNING HIPEW initialization failed: Error opening HIP dynamic library
[ray] 968
Blender 5.2.1 LTS (hash 9e2066aef7ef built 2026-08-25 02:38:20)

Blender quit
