23:54:25 | INFO: Data are loaded, start creating Blender stuff
23:54:25 | INFO: Blender create Mesh node Mesh_15183.008
23:54:25 | INFO: Blender create Mesh node Mesh_3020.001
23:54:25 | INFO: Blender create Mesh node Mesh_15183.003
23:54:25 | INFO: Blender create Mesh node Mesh_11.004
23:54:25 | INFO: Blender create Mesh node antique_wood (2) | interior-common.118
23:54:25 | INFO: Blender create Mesh node Mesh_3020.004
23:54:25 | INFO: Blender create Mesh node Cube.001
23:54:25 | INFO: Blender create Mesh node Mesh_3020.009
23:54:26 | INFO: Blender create Mesh node Mesh_15183.114
23:54:26 | INFO: Blender create Mesh node Cube.003
23:54:26 | INFO: Blender create Mesh node Mesh_93.005
23:54:27 | INFO: Blender create Mesh node Mesh_3020.002
23:54:28 | INFO: Blender create Mesh node Mesh_242
23:54:28 | INFO: Blender create Mesh node Mesh_11.003
23:54:28 | INFO: Blender create Mesh node Mesh_11.001
23:54:28 | INFO: Blender create Mesh node Mesh_15183.002
23:54:28 | INFO: Blender create Mesh node Mesh_15183.104
23:54:28 | INFO: Blender create Mesh node Mesh_15183.109
23:54:28 | INFO: Blender create Mesh node Mesh_97
23:54:28 | INFO: Blender create Mesh node Mesh_15183.103
23:54:28 | INFO: Blender create Mesh node Mesh_15183.107
23:54:28 | INFO: Blender create Mesh node Mesh_15183.108
23:54:28 | INFO: Blender create Mesh node Mesh_15183.099
23:54:28 | INFO: Blender create Mesh node Mesh_15183.100
23:54:28 | INFO: Blender create Mesh node Mesh_15183.001
23:54:28 | INFO: glTF import finished in 2.65s
23:54:28 | INFO: Data are loaded, start creating Blender stuff
23:54:28 | INFO: Blender create Mesh node antique_wood (2) | interior-common.087
23:54:28 | INFO: Blender create Mesh node antique_wood (2) | interior-common.017
23:54:28 | INFO: Blender create Mesh node antique_wood (2) | interior-common.013
23:54:28 | INFO: Blender create Mesh node antique_wood (2) | interior-common.043
23:54:28 | INFO: Blender create Mesh node antique_wood (2) | interior-common.001
23:54:28 | INFO: Blender create Mesh node antique_wood (2) | interior-common.016
23:54:28 | INFO: Blender create Mesh node antique_wood (2) | interior-common.084
23:54:28 | INFO: Blender create Mesh node antique_wood (2) | interior-common.060
23:54:28 | INFO: Blender create Mesh node antique_wood (2) | interior-common.058
23:54:28 | INFO: Blender create Mesh node antique_wood (2) | interior-common.067
23:54:28 | INFO: Blender create Mesh node antique_wood (2) | interior-common.140
23:54:28 | INFO: Blender create Mesh node antique_wood (2) | interior-common.094
23:54:29 | INFO: Blender create Mesh node antique_wood (2) | interior-common.047
23:54:29 | INFO: Blender create Mesh node antique_wood (2) | interior-common.065
23:54:29 | INFO: Blender create Mesh node antique_wood (2) | interior-common.073
23:54:29 | INFO: Blender create Mesh node antique_wood (2) | interior-common.019
23:54:29 | INFO: Blender create Mesh node antique_wood (2) | interior-common.049
23:54:29 | INFO: Blender create Mesh node antique_wood (2) | interior-common.100
23:54:29 | INFO: Blender create Mesh node antique_wood (2) | interior-common.120
23:54:29 | INFO: Blender create Mesh node antique_wood (2) | interior-common.110
23:54:29 | INFO: Blender create Mesh node antique_wood (2) | interior-common.116
23:54:29 | INFO: glTF import finished in 1.49s
23:54:30 | INFO: Data are loaded, start creating Blender stuff
23:54:30 | INFO: Blender create Mesh node A04_F18_34_sarkit
23:54:30 | INFO: Blender create Mesh node A04_F18_34_zincir_halka
23:54:30 | INFO: Blender create Mesh node A04_F18_34_zincir_halka.001
23:54:30 | INFO: Blender create Mesh node A04_F18_34_zincir_halka.002
23:54:30 | INFO: Blender create Mesh node A04_F18_34_zincir_halka.003
23:54:30 | INFO: Blender create Mesh node A04_F18_34_zincir_halka.004
23:54:30 | INFO: Blender create Mesh node A04_F18_34_zincir_halka.005
23:54:30 | INFO: Blender create Mesh node A04_F18_34_zincir_halka.006
23:54:30 | INFO: Blender create Mesh node A04_F18_34_zincir_halka.007
23:54:30 | INFO: Blender create Mesh node A04_F18_34_zincir_halka.008
23:54:30 | INFO: Blender create Mesh node A04_F18_34_zincir_halka.009
23:54:30 | INFO: Blender create Mesh node A04_F18_34_zincir_halka.010
23:54:30 | INFO: Blender create Mesh node A04_F18_34_zincir_halka.011
23:54:30 | INFO: Blender create Mesh node A04_F18_34_zincir_halka.012
23:54:30 | INFO: Blender create Mesh node A04_F18_34_zincir_halka.013
23:54:30 | INFO: Blender create Mesh node A04_F18_34_zincir_halka.014
23:54:30 | INFO: Blender create Mesh node A04_F18_34_zincir_halka.015
23:54:30 | INFO: Blender create Mesh node A04_F18_34_zincir_halka.016
23:54:30 | INFO: Blender create Mesh node A04_F18_34_zincir_halka.017
23:54:30 | INFO: Blender create Mesh node A04_F18_34_zincir_halka.018
23:54:30 | INFO: Blender create Mesh node A04_F18_34_zincir_halka.019
23:54:30 | INFO: Blender create Mesh node A04_F18_34_zincir_halka.020
23:54:30 | INFO: Blender create Mesh node A04_F18_34_zincir_halka.021
23:54:30 | INFO: Blender create Mesh node A04_F18_34_zincir_halka.022
23:54:30 | INFO: Blender create Mesh node A04_F18_34_zincir_halka.023
23:54:30 | INFO: Blender create Mesh node A04_F18_34_zincir_halka.024
23:54:30 | INFO: Blender create Mesh node A04_F18_34_zincir_halka.025
23:54:30 | INFO: Blender create Mesh node A04_F18_34_zincir_halka.026
23:54:30 | INFO: Blender create Mesh node A04_F18_34_zincir_halka.027
23:54:30 | INFO: Blender create Mesh node A04_F18_34_zincir_halka.028
23:54:30 | INFO: Blender create Mesh node A04_F18_34_zincir_halka.029
23:54:30 | INFO: Blender create Mesh node A04_F18_34_zincir_halka.030
23:54:30 | INFO: Blender create Mesh node A04_F18_34_zincir_halka.031
23:54:30 | INFO: Blender create Mesh node A04_F18_34_zincir_halka.032
23:54:30 | INFO: Blender create Mesh node A04_F18_34_zincir_halka.033
23:54:30 | INFO: Blender create Mesh node A04_F18_34_zincir_halka.034
23:54:30 | INFO: Blender create Mesh node A04_F18_34_zincir_halka.035
23:54:30 | INFO: Blender create Mesh node A04_F18_34_zincir_halka.036
23:54:30 | INFO: Blender create Mesh node A04_F18_34_zincir_halka.037
23:54:30 | INFO: Blender create Mesh node A04_F18_34_zincir_halka.038
23:54:30 | INFO: Blender create Mesh node A04_F18_34_zincir_halka.039
23:54:30 | INFO: Blender create Mesh node A04_F18_34_zincir_halka.040
23:54:30 | INFO: Blender create Mesh node A04_F18_34_zincir_halka.041
23:54:30 | INFO: Blender create Mesh node A04_F18_34_zincir_halka.042
23:54:30 | INFO: Blender create Mesh node A04_F18_34_zincir_halka.043
23:54:30 | INFO: Blender create Mesh node A04_F18_34_zincir_halka.044
23:54:30 | INFO: Blender create Mesh node A04_F18_34_zincir_halka.045
23:54:30 | INFO: Blender create Mesh node A04_F18_34_zincir_halka.046
23:54:30 | INFO: Blender create Mesh node A04_F18_34_zincir_halka.047
23:54:30 | INFO: Blender create Mesh node A04_F18_34_zincir_halka.048
23:54:30 | INFO: Blender create Mesh node A04_F18_34_zincir_halka.049
23:54:30 | INFO: Blender create Mesh node A04_F18_34_zincir_halka.050
23:54:30 | INFO: Blender create Mesh node A04_F18_34_zincir_halka.051
23:54:30 | INFO: Blender create Mesh node A04_F18_34_zincir_halka.052
23:54:30 | INFO: Blender create Mesh node A04_F18_34_zincir_halka.053
23:54:30 | INFO: Blender create Mesh node A04_F18_34_zincir_halka.054
23:54:30 | INFO: Blender create Mesh node A04_F18_34_zincir_halka.055
23:54:30 | INFO: Blender create Mesh node A04_F18_34_zincir_halka.056
23:54:30 | INFO: Blender create Mesh node A04_F18_34_zincir_halka.057
23:54:30 | INFO: Blender create Mesh node A04_F18_34_zincir_halka.058
23:54:30 | INFO: Blender create Mesh node A04_F18_34_zincir_halka.059
23:54:30 | INFO: Blender create Mesh node A04_F18_34_zincir_halka.060
23:54:30 | INFO: Blender create Mesh node A04_F18_34_zincir_halka.061
23:54:30 | INFO: Blender create Mesh node A04_F18_34_zincir_halka.062
23:54:30 | INFO: Blender create Mesh node A04_F18_34_zincir_halka.063
23:54:30 | INFO: Blender create Mesh node A04_F18_34_zincir_halka.064
23:54:30 | INFO: Blender create Mesh node A04_F18_34_zincir_halka.065
23:54:30 | INFO: Blender create Mesh node A04_F18_34_zincir_halka.066
23:54:30 | INFO: Blender create Mesh node A04_F18_34_zincir_halka.067
23:54:30 | INFO: Blender create Mesh node A04_F18_34_zincir_halka.068
23:54:30 | INFO: Blender create Mesh node A04_F18_34_zincir_halka.069
23:54:30 | INFO: Blender create Mesh node A04_F18_34_zincir_halka.070
23:54:30 | INFO: Blender create Mesh node A04_F18_34_zincir_halka.071
23:54:30 | INFO: Blender create Mesh node A04_F18_34_zincir_halka.072
23:54:30 | INFO: Blender create Mesh node A04_F18_34_zincir_halka.073
23:54:30 | INFO: Blender create Mesh node A04_F18_34_zincir_halka.074
23:54:30 | INFO: Blender create Mesh node A04_F18_34_zincir_halka.075
23:54:30 | INFO: Blender create Mesh node A04_F18_34_zincir_halka.076
23:54:30 | INFO: Blender create Mesh node A04_F18_34_zincir_halka.077
23:54:30 | INFO: Blender create Mesh node A04_F18_34_zincir_tavan
23:54:30 | INFO: Blender create Mesh node A04_F18_alt_aplik_cam
23:54:30 | INFO: Blender create Mesh node A04_F18_alt_aplik_kol
23:54:30 | INFO: Blender create Mesh node A04_F18_alt_aplik_rozet
23:54:30 | INFO: Blender create Mesh node A04_F18_plafonyer_opal
23:54:30 | INFO: Blender create Mesh node A04_F18_plafonyer_rozet
23:54:30 | INFO: Blender create Mesh node A04_F18_plafonyer_topuz
23:54:30 | INFO: Blender create Mesh node A04_F18_ust_aplik_cam
23:54:30 | INFO: Blender create Mesh node A04_F18_ust_aplik_kol
23:54:30 | INFO: Blender create Mesh node A04_F18_ust_aplik_rozet
23:54:30 | INFO: Blender create Mesh node A04_F29_sol_kiris
23:54:30 | INFO: Blender create Mesh node A04_F29_spot_0
23:54:30 | INFO: Blender create Mesh node A04_F29_spot_1
23:54:30 | INFO: Blender create Mesh node A04_F40_plafonyer_opal
23:54:30 | INFO: Blender create Mesh node A04_F40_plafonyer_rozet
23:54:30 | INFO: Blender create Mesh node A04_F40_plafonyer_topuz
23:54:30 | INFO: Blender create Mesh node A04_K01_esik_kapagi
23:54:30 | INFO: Blender create Mesh node A04_K01_kasa_ic_kaplama
23:54:30 | INFO: Blender create Mesh node A04_K01_kasa_ic_kaplama.001
23:54:30 | INFO: Blender create Mesh node A04_K01_kasa_ust_kaplama
23:54:30 | INFO: Blender create Mesh node A04_K02_esik_kapagi
23:54:30 | INFO: Blender create Mesh node A04_K02_kasa_ic_kaplama
23:54:30 | INFO: Blender create Mesh node A04_K02_kasa_ic_kaplama.001
23:54:30 | INFO: Blender create Mesh node A04_K02_kasa_ust_kaplama
23:54:30 | INFO: Blender create Mesh node A04_K03_esik_kapagi
23:54:30 | INFO: Blender create Mesh node A04_K03_kasa_ic_kaplama
23:54:30 | INFO: Blender create Mesh node A04_K03_kasa_ic_kaplama.001
23:54:30 | INFO: Blender create Mesh node A04_K03_kasa_ust_kaplama
23:54:30 | INFO: Blender create Mesh node A04_K04_esik_kapagi
23:54:30 | INFO: Blender create Mesh node A04_K04_kasa_ic_kaplama
23:54:30 | INFO: Blender create Mesh node A04_K04_kasa_ic_kaplama.001
23:54:30 | INFO: Blender create Mesh node A04_K04_kasa_ust_kaplama
23:54:30 | INFO: Blender create Mesh node A04_K05_esik_kapagi
23:54:30 | INFO: Blender create Mesh node A04_K05_kasa_ic_kaplama
23:54:30 | INFO: Blender create Mesh node A04_K05_kasa_ic_kaplama.001
23:54:30 | INFO: Blender create Mesh node A04_K05_kasa_ust_kaplama
23:54:30 | INFO: Blender create Mesh node A04_K06_esik_kapagi
23:54:30 | INFO: Blender create Mesh node A04_K06_kasa_ic_kaplama
23:54:30 | INFO: Blender create Mesh node A04_K06_kasa_ic_kaplama.001
23:54:30 | INFO: Blender create Mesh node A04_K06_kasa_ust_kaplama
23:54:30 | INFO: Blender create Mesh node A04_K07_esik_kapagi
23:54:30 | INFO: Blender create Mesh node A04_K07_kasa_ic_kaplama
23:54:30 | INFO: Blender create Mesh node A04_K07_kasa_ic_kaplama.001
23:54:30 | INFO: Blender create Mesh node A04_K07_kasa_ust_kaplama
23:54:30 | INFO: Blender create Mesh node A04_K08_esik_kapagi
23:54:30 | INFO: Blender create Mesh node A04_K08_kasa_ic_kaplama
23:54:30 | INFO: Blender create Mesh node A04_K08_kasa_ic_kaplama.001
23:54:30 | INFO: Blender create Mesh node A04_K08_kasa_ust_kaplama
23:54:30 | INFO: Blender create Mesh node A04_K09_esik_kapagi
23:54:30 | INFO: Blender create Mesh node A04_K09_kasa_ic_kaplama
23:54:30 | INFO: Blender create Mesh node A04_K09_kasa_ic_kaplama.001
23:54:30 | INFO: Blender create Mesh node A04_K09_kasa_ust_kaplama
23:54:30 | INFO: Blender create Mesh node A04_K10_esik_kapagi
23:54:30 | INFO: Blender create Mesh node A04_K10_kasa_ic_kaplama
23:54:30 | INFO: Blender create Mesh node A04_K10_kasa_ic_kaplama.001
23:54:30 | INFO: Blender create Mesh node A04_K10_kasa_ust_kaplama
23:54:30 | INFO: Blender create Mesh node A04_K11_esik_kapagi
23:54:30 | INFO: Blender create Mesh node A04_K11_kasa_ic_kaplama
23:54:30 | INFO: Blender create Mesh node A04_K11_kasa_ic_kaplama.001
23:54:30 | INFO: Blender create Mesh node A04_K11_kasa_ust_kaplama
23:54:30 | INFO: Blender create Mesh node A04_K12_esik_kapagi
23:54:30 | INFO: Blender create Mesh node A04_K12_kasa_ic_kaplama
23:54:30 | INFO: Blender create Mesh node A04_K12_kasa_ic_kaplama.001
23:54:30 | INFO: Blender create Mesh node A04_K12_kasa_ust_kaplama
23:54:30 | INFO: Blender create Mesh node A04_K13_esik_kapagi
23:54:30 | INFO: Blender create Mesh node A04_K13_kasa_ic_kaplama
23:54:30 | INFO: Blender create Mesh node A04_K13_kasa_ic_kaplama.001
23:54:30 | INFO: Blender create Mesh node A04_K13_kasa_ust_kaplama
23:54:30 | INFO: Blender create Mesh node A05_F42_yuvarlak_1
23:54:30 | INFO: Blender create Mesh node A05_F42_yuvarlak_2
23:54:30 | INFO: Blender create Mesh node A05_F42_yuvarlak_3
23:54:30 | INFO: Blender create Mesh node A05_kartonpiyer_birlesik
23:54:30 | INFO: Blender create Mesh node A08_Cift_kasa
23:54:30 | INFO: Blender create Mesh node A08_Cift_kasa.001
23:54:30 | INFO: Blender create Mesh node A08_Cift_pervaz
23:54:30 | INFO: Blender create Mesh node A08_Cift_pervaz.001
23:54:30 | INFO: Blender create Mesh node A08_Cift_pervaz.002
23:54:30 | INFO: Blender create Mesh node A08_Cift_pervaz.003
23:54:30 | INFO: Blender create Mesh node A08_Cift_sag_alt
23:54:30 | INFO: Blender create Mesh node A08_Cift_sag_cam
23:54:30 | INFO: Blender create Mesh node A08_Cift_sag_dikme
23:54:30 | INFO: Blender create Mesh node A08_Cift_sag_dikme.001
23:54:30 | INFO: Blender create Mesh node A08_Cift_sag_kol
23:54:30 | INFO: Blender create Mesh node A08_Cift_sag_mentese
23:54:30 | INFO: Blender create Mesh node A08_Cift_sag_mentese.001
23:54:30 | INFO: Blender create Mesh node A08_Cift_sag_mentese.002
23:54:30 | INFO: Blender create Mesh node A08_Cift_sag_ust
23:54:30 | INFO: Blender create Mesh node A08_Cift_sol_alt
23:54:30 | INFO: Blender create Mesh node A08_Cift_sol_cam
23:54:30 | INFO: Blender create Mesh node A08_Cift_sol_dikme
23:54:30 | INFO: Blender create Mesh node A08_Cift_sol_dikme.001
23:54:30 | INFO: Blender create Mesh node A08_Cift_sol_kol
23:54:30 | INFO: Blender create Mesh node A08_Cift_sol_mentese
23:54:30 | INFO: Blender create Mesh node A08_Cift_sol_mentese.001
23:54:30 | INFO: Blender create Mesh node A08_Cift_sol_mentese.002
23:54:30 | INFO: Blender create Mesh node A08_Cift_sol_ust
23:54:30 | INFO: Blender create Mesh node A08_Cift_ust_kasa
23:54:30 | INFO: Blender create Mesh node A08_D16_X0_ayna.001
23:54:30 | INFO: Blender create Mesh node A08_D16_X0_dikme.002
23:54:30 | INFO: Blender create Mesh node A08_D16_X0_dikme.003
23:54:30 | INFO: Blender create Mesh node A08_D16_X0_ray.002
23:54:30 | INFO: Blender create Mesh node A08_D16_X0_ray.003
23:54:30 | INFO: Blender create Mesh node A08_D16_X1_ayna.001
23:54:30 | INFO: Blender create Mesh node A08_D16_X1_dikme.002
23:54:30 | INFO: Blender create Mesh node A08_D16_X1_dikme.003
23:54:30 | INFO: Blender create Mesh node A08_D16_X1_ray.002
23:54:30 | INFO: Blender create Mesh node A08_D16_X1_ray.003
23:54:30 | INFO: Blender create Mesh node A08_D16_Y0_ayna.001
23:54:30 | INFO: Blender create Mesh node A08_D16_Y0_dikme.002
23:54:30 | INFO: Blender create Mesh node A08_D16_Y0_dikme.003
23:54:30 | INFO: Blender create Mesh node A08_D16_Y0_ray.002
23:54:30 | INFO: Blender create Mesh node A08_D16_Y0_ray.003
23:54:30 | INFO: Blender create Mesh node A08_D16_Y1_ayna.001
23:54:30 | INFO: Blender create Mesh node A08_D16_Y1_dikme.002
23:54:30 | INFO: Blender create Mesh node A08_D16_Y1_dikme.003
23:54:30 | INFO: Blender create Mesh node A08_D16_Y1_ray.002
23:54:30 | INFO: Blender create Mesh node A08_D16_Y1_ray.003
23:54:30 | INFO: Blender create Mesh node A08_F02_dolu_merdiven_alti
23:54:30 | INFO: Blender create Mesh node A08_F06_aplik_kol
23:54:30 | INFO: Blender create Mesh node A08_F06_aplik_rozet
23:54:30 | INFO: Blender create Mesh node A08_F06_opal
23:54:30 | INFO: Blender create Mesh node A08_F13_17_ampul
23:54:30 | INFO: Blender create Mesh node A08_F13_17_ampul.001
23:54:30 | INFO: Blender create Mesh node A08_F13_17_ampul.002
23:54:30 | INFO: Blender create Mesh node A08_F13_17_kol
23:54:30 | INFO: Blender create Mesh node A08_F13_17_kol.001
23:54:30 | INFO: Blender create Mesh node A08_F13_17_kol.002
23:54:30 | INFO: Blender create Mesh node A08_F13_17_rozet
23:54:30 | INFO: Blender create Mesh node A08_F13_17_spot
23:54:30 | INFO: Blender create Mesh node A08_F13_17_spot.001
23:54:30 | INFO: Blender create Mesh node A08_F13_17_spot.002
23:54:30 | INFO: Blender create Mesh node A08_F18_galeri_ayak
23:54:30 | INFO: Blender create Mesh node A08_F18_galeri_ayak.001
23:54:30 | INFO: Blender create Mesh node A08_F18_galeri_cerceve
23:54:30 | INFO: Blender create Mesh node A08_F18_galeri_cerceve.001
23:54:30 | INFO: Blender create Mesh node A08_F18_galeri_dikme
23:54:30 | INFO: Blender create Mesh node A08_F18_galeri_dikme.001
23:54:30 | INFO: Blender create Mesh node A08_F18_galeri_kupeste
23:54:30 | INFO: Blender create Mesh node A08_motif_prototip
23:54:30 | INFO: Blender create Mesh node A08_Final_F47_ic_duvar.001
23:54:30 | INFO: Blender create Mesh node M1_supurgelik_001
23:54:30 | INFO: Blender create Mesh node M1_supurgelik_002
23:54:30 | INFO: Blender create Mesh node M1_supurgelik_003
23:54:30 | INFO: Blender create Mesh node M1_supurgelik_004
23:54:30 | INFO: Blender create Mesh node M1_supurgelik_005
23:54:30 | INFO: Blender create Mesh node M1_supurgelik_006
23:54:30 | INFO: Blender create Mesh node M1_supurgelik_007
23:54:30 | INFO: Blender create Mesh node M1_supurgelik_008
23:54:30 | INFO: Blender create Mesh node M1_supurgelik_009
23:54:30 | INFO: Blender create Mesh node M1_supurgelik_010
23:54:30 | INFO: Blender create Mesh node M1_supurgelik_011
23:54:30 | INFO: Blender create Mesh node M1_supurgelik_012
23:54:30 | INFO: Blender create Mesh node M1_supurgelik_013
23:54:30 | INFO: Blender create Mesh node M1_supurgelik_014
23:54:30 | INFO: Blender create Mesh node M1_supurgelik_015
23:54:30 | INFO: Blender create Mesh node M1_supurgelik_016
23:54:30 | INFO: Blender create Mesh node M1_supurgelik_017
23:54:30 | INFO: Blender create Mesh node M1_supurgelik_018
23:54:30 | INFO: Blender create Mesh node M1_supurgelik_019
23:54:30 | INFO: Blender create Mesh node M1_supurgelik_020
23:54:30 | INFO: Blender create Mesh node M1_supurgelik_021
23:54:30 | INFO: Blender create Mesh node M1_supurgelik_022
23:54:30 | INFO: Blender create Mesh node M1_supurgelik_023
23:54:30 | INFO: Blender create Mesh node M1_supurgelik_024
23:54:30 | INFO: Blender create Mesh node M1_supurgelik_025
23:54:30 | INFO: Blender create Mesh node M1_supurgelik_026
23:54:30 | INFO: Blender create Mesh node M1_supurgelik_027
23:54:30 | INFO: Blender create Mesh node M1_supurgelik_028
23:54:30 | INFO: Blender create Mesh node M1_supurgelik_029
23:54:30 | INFO: Blender create Mesh node M1_supurgelik_030
23:54:30 | INFO: Blender create Mesh node M1_supurgelik_031
23:54:30 | INFO: Blender create Mesh node M1_supurgelik_032
23:54:30 | INFO: Blender create Mesh node M1_supurgelik_033
23:54:30 | INFO: Blender create Mesh node M1_supurgelik_034
23:54:30 | INFO: Blender create Mesh node M1_supurgelik_035
23:54:30 | INFO: Blender create Mesh node M1_supurgelik_036
23:54:30 | INFO: Blender create Mesh node M1_supurgelik_037
23:54:30 | INFO: Blender create Mesh node M1_supurgelik_038
23:54:30 | INFO: Blender create Mesh node M1_supurgelik_039
23:54:30 | INFO: Blender create Mesh node M1_supurgelik_040
23:54:30 | INFO: Blender create Mesh node M1_supurgelik_041
23:54:30 | INFO: Blender create Mesh node M1_supurgelik_042
23:54:30 | INFO: Blender create Mesh node M1_supurgelik_043
23:54:30 | INFO: Blender create Mesh node M1_supurgelik_044
23:54:30 | INFO: Blender create Mesh node M1_supurgelik_045
23:54:30 | INFO: Blender create Mesh node M1_supurgelik_046
23:54:30 | INFO: Blender create Mesh node M1_supurgelik_047
23:54:30 | INFO: Blender create Mesh node M1_supurgelik_048
23:54:30 | INFO: Blender create Mesh node M1_supurgelik_049
23:54:30 | INFO: Blender create Mesh node M1_supurgelik_050
23:54:30 | INFO: Blender create Mesh node M1_supurgelik_051
23:54:30 | INFO: Blender create Mesh node M1_supurgelik_052
23:54:30 | INFO: Blender create Mesh node M1_supurgelik_053
23:54:30 | INFO: Blender create Mesh node M1_supurgelik_054
23:54:30 | INFO: Blender create Mesh node M1_supurgelik_055
23:54:30 | INFO: Blender create Mesh node M1_supurgelik_056
23:54:30 | INFO: Blender create Mesh node M1_supurgelik_057
23:54:30 | INFO: Blender create Mesh node M1_supurgelik_058
23:54:30 | INFO: Blender create Mesh node M1_supurgelik_059
23:54:30 | INFO: Blender create Mesh node M1_supurgelik_060
23:54:30 | INFO: Blender create Mesh node M1_supurgelik_061
23:54:30 | INFO: Blender create Mesh node M1_supurgelik_062
23:54:30 | INFO: Blender create Mesh node M1_supurgelik_063
23:54:30 | INFO: Blender create Mesh node M1_supurgelik_064
23:54:30 | INFO: Blender create Mesh node M1_supurgelik_065
23:54:30 | INFO: Blender create Mesh node M1_supurgelik_066
23:54:30 | INFO: Blender create Mesh node M1_supurgelik_067
23:54:30 | INFO: Blender create Mesh node M1_supurgelik_068
23:54:30 | INFO: Blender create Mesh node M1_supurgelik_069
23:54:30 | INFO: Blender create Mesh node M1_supurgelik_070
23:54:30 | INFO: Blender create Mesh node M1_supurgelik_071
23:54:30 | INFO: Blender create Mesh node M1_supurgelik_072
23:54:30 | INFO: Blender create Mesh node M1_supurgelik_073
23:54:30 | INFO: Blender create Mesh node M1_supurgelik_074
23:54:30 | INFO: Blender create Mesh node M1_supurgelik_075
23:54:30 | INFO: Blender create Mesh node M1_supurgelik_076
23:54:30 | INFO: Blender create Mesh node M1_supurgelik_077
23:54:30 | INFO: Blender create Mesh node M1_supurgelik_078
23:54:30 | INFO: Blender create Mesh node M1_supurgelik_079
23:54:30 | INFO: Blender create Mesh node M1_supurgelik_080
23:54:30 | INFO: Blender create Mesh node M1_supurgelik_081
23:54:30 | INFO: Blender create Mesh node M1_supurgelik_082
23:54:30 | INFO: Blender create Mesh node M1_supurgelik_083
23:54:30 | INFO: Blender create Mesh node M1_supurgelik_084
23:54:30 | INFO: Blender create Mesh node M1_supurgelik_085
23:54:30 | INFO: Blender create Mesh node M1_supurgelik_086
23:54:30 | INFO: Blender create Mesh node M1_supurgelik_087
23:54:30 | INFO: Blender create Mesh node M1_supurgelik_088
23:54:30 | INFO: Blender create Mesh node M1_supurgelik_089
23:54:30 | INFO: Blender create Mesh node M1_supurgelik_090
23:54:30 | INFO: Blender create Mesh node M1_supurgelik_091
23:54:30 | INFO: Blender create Mesh node M1_supurgelik_092
23:54:30 | INFO: Blender create Mesh node M1_supurgelik_093
23:54:30 | INFO: Blender create Mesh node M1_supurgelik_094
23:54:30 | INFO: Blender create Mesh node M1_supurgelik_095
23:54:30 | INFO: Blender create Mesh node M1_supurgelik_096
23:54:30 | INFO: Blender create Mesh node M1_supurgelik_097
23:54:30 | INFO: Blender create Mesh node M1_supurgelik_098
23:54:30 | INFO: Blender create Mesh node M1_supurgelik_099
23:54:30 | INFO: Blender create Mesh node M1_supurgelik_100
23:54:30 | INFO: Blender create Mesh node M1_supurgelik_101
23:54:30 | INFO: Blender create Mesh node M1_supurgelik_102
23:54:30 | INFO: Blender create Mesh node M1_supurgelik_103
23:54:30 | INFO: Blender create Mesh node M1_supurgelik_104
23:54:30 | INFO: Blender create Mesh node M1_supurgelik_105
23:54:30 | INFO: Blender create Mesh node M1_supurgelik_106
23:54:30 | INFO: Blender create Mesh node M1_supurgelik_107
23:54:30 | INFO: Blender create Mesh node M1_supurgelik_108
23:54:30 | INFO: Blender create Mesh node M1_supurgelik_109
23:54:30 | INFO: Blender create Mesh node M1_supurgelik_110
23:54:30 | INFO: Blender create Mesh node M1_supurgelik_111
23:54:30 | INFO: Blender create Mesh node M1_supurgelik_112
23:54:30 | INFO: Blender create Mesh node M1_supurgelik_113
23:54:30 | INFO: Blender create Mesh node M1_supurgelik_114
23:54:30 | INFO: Blender create Mesh node M1_supurgelik_115
23:54:30 | INFO: Blender create Mesh node M1_supurgelik_116
23:54:30 | INFO: Blender create Mesh node M1_supurgelik_117
23:54:30 | INFO: Blender create Mesh node M1_supurgelik_118
23:54:30 | INFO: Blender create Mesh node M1_supurgelik_119
23:54:30 | INFO: Blender create Mesh node M1_supurgelik_120
23:54:30 | INFO: Blender create Mesh node M1_supurgelik_121
23:54:30 | INFO: Blender create Mesh node M1_supurgelik_122
23:54:30 | INFO: Blender create Mesh node M1_supurgelik_123
23:54:30 | INFO: Blender create Mesh node M1_supurgelik_124
23:54:30 | INFO: Blender create Mesh node M1_supurgelik_125
23:54:30 | INFO: Blender create Mesh node M1_supurgelik_126
23:54:30 | INFO: Blender create Mesh node M1_supurgelik_127
23:54:30 | INFO: Blender create Mesh node M1_supurgelik_128
23:54:30 | INFO: Blender create Mesh node M1_supurgelik_129
23:54:30 | INFO: Blender create Mesh node M1_supurgelik_130
23:54:30 | INFO: Blender create Mesh node M1_supurgelik_131
23:54:30 | INFO: Blender create Mesh node M1_supurgelik_132
23:54:30 | INFO: Blender create Mesh node M1_supurgelik_133
23:54:30 | INFO: Blender create Mesh node M1_supurgelik_134
23:54:30 | INFO: Blender create Mesh node M1_supurgelik_135
23:54:30 | INFO: Blender create Mesh node M1_supurgelik_136
23:54:30 | INFO: Blender create Mesh node M1_supurgelik_137
23:54:30 | INFO: Blender create Mesh node M1_supurgelik_138
23:54:30 | INFO: Blender create Mesh node M1_supurgelik_139
23:54:30 | INFO: Blender create Mesh node M1_supurgelik_140
23:54:30 | INFO: Blender create Mesh node M1_supurgelik_141
23:54:30 | INFO: Blender create Mesh node M1_supurgelik_142
23:54:30 | INFO: Blender create Mesh node M1_supurgelik_143
23:54:30 | INFO: Blender create Mesh node M1_supurgelik_144
23:54:30 | INFO: Blender create Mesh node M1_supurgelik_145
23:54:30 | INFO: Blender create Mesh node M1_supurgelik_146
23:54:30 | INFO: Blender create Mesh node M1_supurgelik_147
23:54:30 | INFO: Blender create Mesh node M1_supurgelik_148
23:54:30 | INFO: Blender create Mesh node M1_supurgelik_149
23:54:30 | INFO: Blender create Mesh node M1_supurgelik_150
23:54:30 | INFO: Blender create Mesh node M1_supurgelik_151
23:54:30 | INFO: Blender create Mesh node M1_supurgelik_152
23:54:30 | INFO: Blender create Mesh node M1_supurgelik_153
23:54:30 | INFO: Blender create Mesh node M1_supurgelik_154
23:54:30 | INFO: Blender create Mesh node M1_supurgelik_155
23:54:30 | INFO: Blender create Mesh node M1_supurgelik_156
23:54:30 | INFO: Blender create Mesh node M1_supurgelik_157
23:54:30 | INFO: Blender create Mesh node M1_supurgelik_158
23:54:30 | INFO: Blender create Mesh node M1_supurgelik_159
23:54:30 | INFO: Blender create Mesh node M1_supurgelik_160
23:54:30 | INFO: Blender create Mesh node M1_supurgelik_161
23:54:30 | INFO: Blender create Mesh node M1_supurgelik_162
23:54:30 | INFO: Blender create Mesh node M1_supurgelik_163
23:54:30 | INFO: Blender create Mesh node M1_supurgelik_164
23:54:30 | INFO: Blender create Mesh node M1_supurgelik_165
23:54:30 | INFO: Blender create Mesh node M1_supurgelik_166
23:54:30 | INFO: Blender create Mesh node M1_supurgelik_167
23:54:30 | INFO: Blender create Mesh node M1_supurgelik_168
23:54:30 | INFO: Blender create Mesh node M1_supurgelik_169
23:54:30 | INFO: Blender create Mesh node M1_supurgelik_170
23:54:30 | INFO: Blender create Mesh node M1_supurgelik_171
23:54:30 | INFO: Blender create Mesh node M1_supurgelik_172
23:54:30 | INFO: Blender create Mesh node M1_supurgelik_173
23:54:30 | INFO: Blender create Mesh node M1_supurgelik_174
23:54:30 | INFO: Blender create Mesh node M1_supurgelik_175
23:54:30 | INFO: Blender create Mesh node M1_supurgelik_176
23:54:30 | INFO: Blender create Mesh node M1_supurgelik_177
23:54:30 | INFO: Blender create Mesh node M1_supurgelik_178
23:54:30 | INFO: Blender create Mesh node M1_supurgelik_179
23:54:30 | INFO: Blender create Mesh node M1_supurgelik_180
23:54:30 | INFO: Blender create Mesh node M1_supurgelik_181
23:54:30 | INFO: Blender create Mesh node M1_supurgelik_182
23:54:30 | INFO: Blender create Mesh node M1_supurgelik_183
23:54:30 | INFO: Blender create Mesh node M1_supurgelik_184
23:54:30 | INFO: Blender create Mesh node M1_supurgelik_185
23:54:30 | INFO: Blender create Mesh node M1_supurgelik_186
23:54:30 | INFO: Blender create Mesh node M1_supurgelik_187
23:54:30 | INFO: Blender create Mesh node M1_supurgelik_188
23:54:30 | INFO: Blender create Mesh node M1_supurgelik_189
23:54:30 | INFO: Blender create Mesh node M1_supurgelik_190
23:54:30 | INFO: Blender create Mesh node M1_supurgelik_191
23:54:30 | INFO: Blender create Mesh node M1_supurgelik_192
23:54:30 | INFO: Blender create Mesh node M1_supurgelik_193
23:54:30 | INFO: Blender create Mesh node M1_supurgelik_194
23:54:30 | INFO: Blender create Mesh node M1_supurgelik_195
23:54:30 | INFO: Blender create Mesh node M1_supurgelik_196
23:54:30 | INFO: Blender create Mesh node M1_supurgelik_197
23:54:30 | INFO: Blender create Mesh node M1_supurgelik_198
23:54:30 | INFO: Blender create Mesh node M1_supurgelik_199
23:54:30 | INFO: Blender create Mesh node M1_supurgelik_200
23:54:30 | INFO: Blender create Mesh node M1_supurgelik_201
23:54:30 | INFO: Blender create Mesh node M1_supurgelik_202
23:54:30 | INFO: Blender create Mesh node M1_supurgelik_203
23:54:30 | INFO: Blender create Mesh node M1_supurgelik_204
23:54:30 | INFO: Blender create Mesh node M1_supurgelik_205
23:54:30 | INFO: Blender create Mesh node M1_supurgelik_206
23:54:30 | INFO: Blender create Mesh node M1_supurgelik_207
23:54:30 | INFO: Blender create Mesh node M1_supurgelik_208
23:54:30 | INFO: Blender create Mesh node M1_supurgelik_209
23:54:30 | INFO: Blender create Mesh node M1_supurgelik_210
23:54:30 | INFO: Blender create Mesh node M1_supurgelik_211
23:54:30 | INFO: Blender create Mesh node M1_supurgelik_212
23:54:30 | INFO: Blender create Mesh node M1_supurgelik_213
23:54:30 | INFO: Blender create Mesh node M1_supurgelik_214
23:54:30 | INFO: Blender create Mesh node M1_supurgelik_215
23:54:30 | INFO: Blender create Mesh node M1_supurgelik_216
23:54:30 | INFO: Blender create Mesh node M1_supurgelik_217
23:54:30 | INFO: Blender create Mesh node M1_supurgelik_218
23:54:30 | INFO: Blender create Mesh node M1_supurgelik_219
23:54:30 | INFO: Blender create Mesh node M1_supurgelik_220
23:54:30 | INFO: Blender create Mesh node M1_supurgelik_221
23:54:30 | INFO: Blender create Mesh node M1_supurgelik_222
23:54:30 | INFO: Blender create Mesh node M1_supurgelik_223
23:54:30 | INFO: Blender create Mesh node M1_supurgelik_224
23:54:30 | INFO: Blender create Mesh node M1_supurgelik_225
23:54:30 | INFO: Blender create Mesh node M1_supurgelik_226
23:54:30 | INFO: Blender create Mesh node M1_supurgelik_227
23:54:30 | INFO: Blender create Mesh node M1_supurgelik_228
23:54:30 | INFO: Blender create Mesh node M1_supurgelik_229
23:54:30 | INFO: Blender create Mesh node M1_supurgelik_230
23:54:30 | INFO: Blender create Mesh node M1_supurgelik_231
23:54:30 | INFO: Blender create Mesh node M1_supurgelik_232
23:54:30 | INFO: Blender create Mesh node M1_supurgelik_233
23:54:30 | INFO: Blender create Mesh node M1_supurgelik_234
23:54:30 | INFO: Blender create Mesh node M1_supurgelik_235
23:54:30 | INFO: Blender create Mesh node M1_supurgelik_236
23:54:30 | INFO: Blender create Mesh node M1_supurgelik_237
23:54:30 | INFO: Blender create Mesh node M1_supurgelik_238
23:54:30 | INFO: Blender create Mesh node M1_supurgelik_239
23:54:30 | INFO: Blender create Mesh node M1_supurgelik_240
23:54:30 | INFO: Blender create Mesh node M1_supurgelik_241
23:54:30 | INFO: Blender create Mesh node M1_supurgelik_242
23:54:30 | INFO: Blender create Mesh node M1_supurgelik_243
23:54:30 | INFO: Blender create Mesh node M1_supurgelik_244
23:54:30 | INFO: Blender create Mesh node M1_supurgelik_245
23:54:30 | INFO: Blender create Mesh node M1_supurgelik_246
23:54:30 | INFO: Blender create Mesh node M1_supurgelik_247
23:54:30 | INFO: Blender create Mesh node M1_supurgelik_248
23:54:30 | INFO: Blender create Mesh node M1_supurgelik_249
23:54:30 | INFO: Blender create Mesh node M1_supurgelik_250
23:54:30 | INFO: Blender create Mesh node M1_supurgelik_251
23:54:30 | INFO: Blender create Mesh node M1_supurgelik_252
23:54:30 | INFO: Blender create Mesh node M1_supurgelik_253
23:54:30 | INFO: Blender create Mesh node M1_supurgelik_254
23:54:30 | INFO: Blender create Mesh node M1_supurgelik_255
23:54:30 | INFO: Blender create Mesh node M1_supurgelik_256
23:54:30 | INFO: Blender create Mesh node M1_supurgelik_257
23:54:30 | INFO: Blender create Mesh node M1_supurgelik_258
23:54:30 | INFO: Blender create Mesh node M1_supurgelik_259
23:54:30 | INFO: Blender create Mesh node M1_supurgelik_260
23:54:30 | INFO: Blender create Mesh node M1_supurgelik_261
23:54:30 | INFO: Blender create Mesh node M1_supurgelik_262
23:54:30 | INFO: Blender create Mesh node M1_supurgelik_263
23:54:30 | INFO: Blender create Mesh node M1_supurgelik_264
23:54:30 | INFO: Blender create Mesh node M1_supurgelik_265
23:54:30 | INFO: Blender create Mesh node M1_supurgelik_266
23:54:30 | INFO: Blender create Mesh node M1_supurgelik_267
23:54:30 | INFO: Blender create Mesh node M1_supurgelik_268
23:54:30 | INFO: Blender create Mesh node M1_supurgelik_269
23:54:31 | INFO: Blender create Mesh node M1_supurgelik_270
23:54:31 | INFO: Blender create Mesh node M1_supurgelik_271
23:54:31 | INFO: Blender create Mesh node M1_supurgelik_272
23:54:31 | INFO: Blender create Mesh node M1_supurgelik_273
23:54:31 | INFO: Blender create Mesh node M1_supurgelik_274
23:54:31 | INFO: Blender create Mesh node M1_supurgelik_275
23:54:31 | INFO: Blender create Mesh node M1_supurgelik_276
23:54:31 | INFO: Blender create Mesh node M1_supurgelik_277
23:54:31 | INFO: Blender create Mesh node M1_supurgelik_278
23:54:31 | INFO: Blender create Mesh node M1_supurgelik_279
23:54:31 | INFO: Blender create Mesh node M1_supurgelik_280
23:54:31 | INFO: Blender create Mesh node M1_supurgelik_281
23:54:31 | INFO: Blender create Mesh node M1_supurgelik_282
23:54:31 | INFO: Blender create Mesh node M1_supurgelik_283
23:54:31 | INFO: Blender create Mesh node M1_supurgelik_284
23:54:31 | INFO: Blender create Mesh node M1_supurgelik_285
23:54:31 | INFO: Blender create Mesh node M1_supurgelik_286
23:54:31 | INFO: Blender create Mesh node M1_supurgelik_287
23:54:31 | INFO: Blender create Mesh node M1_supurgelik_288
23:54:31 | INFO: Blender create Mesh node M1_supurgelik_289
23:54:31 | INFO: Blender create Mesh node M1_supurgelik_290
23:54:31 | INFO: Blender create Mesh node M1_supurgelik_291
23:54:31 | INFO: Blender create Mesh node M1_supurgelik_292
23:54:31 | INFO: Blender create Mesh node M1_supurgelik_293
23:54:31 | INFO: Blender create Mesh node M1_supurgelik_294
23:54:31 | INFO: Blender create Mesh node M2_K0_0_basamak
23:54:31 | INFO: Blender create Mesh node M2_K0_0_basamak.001
23:54:31 | INFO: Blender create Mesh node M2_K0_0_basamak.002
23:54:31 | INFO: Blender create Mesh node M2_K0_0_basamak.003
23:54:31 | INFO: Blender create Mesh node M2_K0_0_basamak.004
23:54:31 | INFO: Blender create Mesh node M2_K0_0_basamak.005
23:54:31 | INFO: Blender create Mesh node M2_K0_0_basamak.006
23:54:31 | INFO: Blender create Mesh node M2_K0_0_basamak.007
23:54:31 | INFO: Blender create Mesh node M2_K0_0_basamak.008
23:54:31 | INFO: Blender create Mesh node M2_K0_0_beyaz_altyapi
23:54:31 | INFO: Blender create Mesh node M2_K0_0_korkuluk_ayak
23:54:31 | INFO: Blender create Mesh node M2_K0_0_korkuluk_ayak.001
23:54:31 | INFO: Blender create Mesh node M2_K0_0_korkuluk_ayak.004
23:54:31 | INFO: Blender create Mesh node M2_K0_0_korkuluk_cerceve
23:54:31 | INFO: Blender create Mesh node M2_K0_0_korkuluk_cerceve.001
23:54:31 | INFO: Blender create Mesh node M2_K0_0_korkuluk_dikme
23:54:31 | INFO: Blender create Mesh node M2_K0_0_korkuluk_dikme.001
23:54:31 | INFO: Blender create Mesh node M2_K0_0_korkuluk_dikme.004
23:54:31 | INFO: Blender create Mesh node M2_K0_0_korkuluk_kupeste
23:54:31 | INFO: Blender create Mesh node M2_K0_0_riht
23:54:31 | INFO: Blender create Mesh node M2_K0_0_riht.001
23:54:31 | INFO: Blender create Mesh node M2_K0_0_riht.002
23:54:31 | INFO: Blender create Mesh node M2_K0_0_riht.003
23:54:31 | INFO: Blender create Mesh node M2_K0_0_riht.004
23:54:31 | INFO: Blender create Mesh node M2_K0_0_riht.005
23:54:31 | INFO: Blender create Mesh node M2_K0_0_riht.006
23:54:31 | INFO: Blender create Mesh node M2_K0_0_riht.007
23:54:31 | INFO: Blender create Mesh node M2_K0_0_riht.008
23:54:31 | INFO: Blender create Mesh node M2_K0_1_basamak
23:54:31 | INFO: Blender create Mesh node M2_K0_1_basamak.001
23:54:31 | INFO: Blender create Mesh node M2_K0_1_basamak.002
23:54:31 | INFO: Blender create Mesh node M2_K0_1_basamak.003
23:54:31 | INFO: Blender create Mesh node M2_K0_1_basamak.004
23:54:31 | INFO: Blender create Mesh node M2_K0_1_basamak.005
23:54:31 | INFO: Blender create Mesh node M2_K0_1_basamak.006
23:54:31 | INFO: Blender create Mesh node M2_K0_1_basamak.007
23:54:31 | INFO: Blender create Mesh node M2_K0_1_basamak.008
23:54:31 | INFO: Blender create Mesh node M2_K0_1_beyaz_altyapi
23:54:31 | INFO: Blender create Mesh node M2_K0_1_korkuluk_ayak
23:54:31 | INFO: Blender create Mesh node M2_K0_1_korkuluk_ayak.001
23:54:31 | INFO: Blender create Mesh node M2_K0_1_korkuluk_ayak.004
23:54:31 | INFO: Blender create Mesh node M2_K0_1_korkuluk_cerceve
23:54:31 | INFO: Blender create Mesh node M2_K0_1_korkuluk_cerceve.001
23:54:31 | INFO: Blender create Mesh node M2_K0_1_korkuluk_dikme
23:54:31 | INFO: Blender create Mesh node M2_K0_1_korkuluk_dikme.001
23:54:31 | INFO: Blender create Mesh node M2_K0_1_korkuluk_dikme.004
23:54:31 | INFO: Blender create Mesh node M2_K0_1_korkuluk_kupeste
23:54:31 | INFO: Blender create Mesh node M2_K0_1_riht
23:54:31 | INFO: Blender create Mesh node M2_K0_1_riht.001
23:54:31 | INFO: Blender create Mesh node M2_K0_1_riht.002
23:54:31 | INFO: Blender create Mesh node M2_K0_1_riht.003
23:54:31 | INFO: Blender create Mesh node M2_K0_1_riht.004
23:54:31 | INFO: Blender create Mesh node M2_K0_1_riht.005
23:54:31 | INFO: Blender create Mesh node M2_K0_1_riht.006
23:54:31 | INFO: Blender create Mesh node M2_K0_1_riht.007
23:54:31 | INFO: Blender create Mesh node M2_K0_1_riht.008
23:54:31 | INFO: Blender create Mesh node M2_K0_bosluk_korkuluk_0_ayak
23:54:31 | INFO: Blender create Mesh node M2_K0_bosluk_korkuluk_0_ayak.001
23:54:31 | INFO: Blender create Mesh node M2_K0_bosluk_korkuluk_0_ayak.004
23:54:31 | INFO: Blender create Mesh node M2_K0_bosluk_korkuluk_0_cerceve
23:54:31 | INFO: Blender create Mesh node M2_K0_bosluk_korkuluk_0_cerceve.001
23:54:31 | INFO: Blender create Mesh node M2_K0_bosluk_korkuluk_0_dikme
23:54:31 | INFO: Blender create Mesh node M2_K0_bosluk_korkuluk_0_dikme.001
23:54:31 | INFO: Blender create Mesh node M2_K0_bosluk_korkuluk_0_dikme.004
23:54:31 | INFO: Blender create Mesh node M2_K0_bosluk_korkuluk_0_kupeste
23:54:31 | INFO: Blender create Mesh node M2_K0_sahanlik
23:54:31 | INFO: Blender create Mesh node M2_K0_sahanlik_alti
23:54:31 | INFO: Blender create Mesh node M2_K1_0_basamak
23:54:31 | INFO: Blender create Mesh node M2_K1_0_basamak.001
23:54:31 | INFO: Blender create Mesh node M2_K1_0_basamak.002
23:54:31 | INFO: Blender create Mesh node M2_K1_0_basamak.003
23:54:31 | INFO: Blender create Mesh node M2_K1_0_basamak.004
23:54:31 | INFO: Blender create Mesh node M2_K1_0_basamak.005
23:54:31 | INFO: Blender create Mesh node M2_K1_0_basamak.006
23:54:31 | INFO: Blender create Mesh node M2_K1_0_basamak.007
23:54:31 | INFO: Blender create Mesh node M2_K1_0_basamak.008
23:54:31 | INFO: Blender create Mesh node M2_K1_0_basamak.009
23:54:31 | INFO: Blender create Mesh node M2_K1_0_beyaz_altyapi
23:54:31 | INFO: Blender create Mesh node M2_K1_0_korkuluk_ayak
23:54:31 | INFO: Blender create Mesh node M2_K1_0_korkuluk_ayak.001
23:54:31 | INFO: Blender create Mesh node M2_K1_0_korkuluk_ayak.004
23:54:31 | INFO: Blender create Mesh node M2_K1_0_korkuluk_cerceve
23:54:31 | INFO: Blender create Mesh node M2_K1_0_korkuluk_cerceve.001
23:54:31 | INFO: Blender create Mesh node M2_K1_0_korkuluk_dikme
23:54:31 | INFO: Blender create Mesh node M2_K1_0_korkuluk_dikme.001
23:54:31 | INFO: Blender create Mesh node M2_K1_0_korkuluk_dikme.004
23:54:31 | INFO: Blender create Mesh node M2_K1_0_korkuluk_kupeste
23:54:31 | INFO: Blender create Mesh node M2_K1_0_riht
23:54:31 | INFO: Blender create Mesh node M2_K1_0_riht.001
23:54:31 | INFO: Blender create Mesh node M2_K1_0_riht.002
23:54:31 | INFO: Blender create Mesh node M2_K1_0_riht.003
23:54:31 | INFO: Blender create Mesh node M2_K1_0_riht.004
23:54:31 | INFO: Blender create Mesh node M2_K1_0_riht.005
23:54:31 | INFO: Blender create Mesh node M2_K1_0_riht.006
23:54:31 | INFO: Blender create Mesh node M2_K1_0_riht.007
23:54:31 | INFO: Blender create Mesh node M2_K1_0_riht.008
23:54:31 | INFO: Blender create Mesh node M2_K1_0_riht.009
23:54:31 | INFO: Blender create Mesh node M2_K1_1_basamak
23:54:31 | INFO: Blender create Mesh node M2_K1_1_basamak.001
23:54:31 | INFO: Blender create Mesh node M2_K1_1_basamak.002
23:54:31 | INFO: Blender create Mesh node M2_K1_1_basamak.003
23:54:31 | INFO: Blender create Mesh node M2_K1_1_basamak.004
23:54:31 | INFO: Blender create Mesh node M2_K1_1_basamak.005
23:54:31 | INFO: Blender create Mesh node M2_K1_1_basamak.006
23:54:31 | INFO: Blender create Mesh node M2_K1_1_basamak.007
23:54:31 | INFO: Blender create Mesh node M2_K1_1_basamak.008
23:54:31 | INFO: Blender create Mesh node M2_K1_1_beyaz_altyapi
23:54:31 | INFO: Blender create Mesh node M2_K1_1_korkuluk_ayak
23:54:31 | INFO: Blender create Mesh node M2_K1_1_korkuluk_ayak.001
23:54:31 | INFO: Blender create Mesh node M2_K1_1_korkuluk_ayak.004
23:54:31 | INFO: Blender create Mesh node M2_K1_1_korkuluk_cerceve
23:54:31 | INFO: Blender create Mesh node M2_K1_1_korkuluk_cerceve.001
23:54:31 | INFO: Blender create Mesh node M2_K1_1_korkuluk_dikme
23:54:31 | INFO: Blender create Mesh node M2_K1_1_korkuluk_dikme.001
23:54:31 | INFO: Blender create Mesh node M2_K1_1_korkuluk_dikme.004
23:54:31 | INFO: Blender create Mesh node M2_K1_1_korkuluk_kupeste
23:54:31 | INFO: Blender create Mesh node M2_K1_1_riht
23:54:31 | INFO: Blender create Mesh node M2_K1_1_riht.001
23:54:31 | INFO: Blender create Mesh node M2_K1_1_riht.002
23:54:31 | INFO: Blender create Mesh node M2_K1_1_riht.003
23:54:31 | INFO: Blender create Mesh node M2_K1_1_riht.004
23:54:31 | INFO: Blender create Mesh node M2_K1_1_riht.005
23:54:31 | INFO: Blender create Mesh node M2_K1_1_riht.006
23:54:31 | INFO: Blender create Mesh node M2_K1_1_riht.007
23:54:31 | INFO: Blender create Mesh node M2_K1_1_riht.008
23:54:31 | INFO: Blender create Mesh node M2_K1_bosluk_korkuluk_0_ayak
23:54:31 | INFO: Blender create Mesh node M2_K1_bosluk_korkuluk_0_ayak.001
23:54:31 | INFO: Blender create Mesh node M2_K1_bosluk_korkuluk_0_cerceve
23:54:31 | INFO: Blender create Mesh node M2_K1_bosluk_korkuluk_0_cerceve.001
23:54:31 | INFO: Blender create Mesh node M2_K1_bosluk_korkuluk_0_dikme
23:54:31 | INFO: Blender create Mesh node M2_K1_bosluk_korkuluk_0_dikme.001
23:54:31 | INFO: Blender create Mesh node M2_K1_bosluk_korkuluk_0_kupeste
23:54:31 | INFO: Blender create Mesh node M2_K1_bosluk_korkuluk_1_ayak
23:54:31 | INFO: Blender create Mesh node M2_K1_bosluk_korkuluk_1_ayak.001
23:54:31 | INFO: Blender create Mesh node M2_K1_bosluk_korkuluk_1_cerceve
23:54:31 | INFO: Blender create Mesh node M2_K1_bosluk_korkuluk_1_cerceve.001
23:54:31 | INFO: Blender create Mesh node M2_K1_bosluk_korkuluk_1_dikme
23:54:31 | INFO: Blender create Mesh node M2_K1_bosluk_korkuluk_1_dikme.001
23:54:31 | INFO: Blender create Mesh node M2_K1_bosluk_korkuluk_1_kupeste
23:54:31 | INFO: Blender create Mesh node M2_K1_sahanlik
23:54:31 | INFO: Blender create Mesh node M2_K1_sahanlik_alti
23:54:31 | INFO: Blender create Mesh node M2_K2_0_basamak
23:54:31 | INFO: Blender create Mesh node M2_K2_0_basamak.001
23:54:31 | INFO: Blender create Mesh node M2_K2_0_basamak.002
23:54:31 | INFO: Blender create Mesh node M2_K2_0_basamak.003
23:54:31 | INFO: Blender create Mesh node M2_K2_0_basamak.004
23:54:31 | INFO: Blender create Mesh node M2_K2_0_basamak.005
23:54:31 | INFO: Blender create Mesh node M2_K2_0_basamak.006
23:54:31 | INFO: Blender create Mesh node M2_K2_0_basamak.007
23:54:31 | INFO: Blender create Mesh node M2_K2_0_basamak.008
23:54:31 | INFO: Blender create Mesh node M2_K2_0_beyaz_altyapi
23:54:31 | INFO: Blender create Mesh node M2_K2_0_korkuluk_ayak
23:54:31 | INFO: Blender create Mesh node M2_K2_0_korkuluk_ayak.001
23:54:31 | INFO: Blender create Mesh node M2_K2_0_korkuluk_ayak.004
23:54:31 | INFO: Blender create Mesh node M2_K2_0_korkuluk_cerceve
23:54:31 | INFO: Blender create Mesh node M2_K2_0_korkuluk_cerceve.001
23:54:31 | INFO: Blender create Mesh node M2_K2_0_korkuluk_dikme
23:54:31 | INFO: Blender create Mesh node M2_K2_0_korkuluk_dikme.001
23:54:31 | INFO: Blender create Mesh node M2_K2_0_korkuluk_dikme.004
23:54:31 | INFO: Blender create Mesh node M2_K2_0_korkuluk_kupeste
23:54:31 | INFO: Blender create Mesh node M2_K2_0_riht
23:54:31 | INFO: Blender create Mesh node M2_K2_0_riht.001
23:54:31 | INFO: Blender create Mesh node M2_K2_0_riht.002
23:54:31 | INFO: Blender create Mesh node M2_K2_0_riht.003
23:54:31 | INFO: Blender create Mesh node M2_K2_0_riht.004
23:54:31 | INFO: Blender create Mesh node M2_K2_0_riht.005
23:54:31 | INFO: Blender create Mesh node M2_K2_0_riht.006
23:54:31 | INFO: Blender create Mesh node M2_K2_0_riht.007
23:54:31 | INFO: Blender create Mesh node M2_K2_0_riht.008
23:54:31 | INFO: Blender create Mesh node M2_K2_1_basamak
23:54:31 | INFO: Blender create Mesh node M2_K2_1_basamak.001
23:54:31 | INFO: Blender create Mesh node M2_K2_1_basamak.002
23:54:31 | INFO: Blender create Mesh node M2_K2_1_basamak.003
23:54:31 | INFO: Blender create Mesh node M2_K2_1_basamak.004
23:54:31 | INFO: Blender create Mesh node M2_K2_1_basamak.005
23:54:31 | INFO: Blender create Mesh node M2_K2_1_basamak.006
23:54:31 | INFO: Blender create Mesh node M2_K2_1_basamak.007
23:54:31 | INFO: Blender create Mesh node M2_K2_1_basamak.008
23:54:31 | INFO: Blender create Mesh node M2_K2_1_beyaz_altyapi
23:54:31 | INFO: Blender create Mesh node M2_K2_1_korkuluk_ayak
23:54:31 | INFO: Blender create Mesh node M2_K2_1_korkuluk_ayak.001
23:54:31 | INFO: Blender create Mesh node M2_K2_1_korkuluk_ayak.004
23:54:31 | INFO: Blender create Mesh node M2_K2_1_korkuluk_cerceve
23:54:31 | INFO: Blender create Mesh node M2_K2_1_korkuluk_cerceve.001
23:54:31 | INFO: Blender create Mesh node M2_K2_1_korkuluk_dikme
23:54:31 | INFO: Blender create Mesh node M2_K2_1_korkuluk_dikme.001
23:54:31 | INFO: Blender create Mesh node M2_K2_1_korkuluk_dikme.004
23:54:31 | INFO: Blender create Mesh node M2_K2_1_korkuluk_kupeste
23:54:31 | INFO: Blender create Mesh node M2_K2_1_riht
23:54:31 | INFO: Blender create Mesh node M2_K2_1_riht.001
23:54:31 | INFO: Blender create Mesh node M2_K2_1_riht.002
23:54:31 | INFO: Blender create Mesh node M2_K2_1_riht.003
23:54:31 | INFO: Blender create Mesh node M2_K2_1_riht.004
23:54:31 | INFO: Blender create Mesh node M2_K2_1_riht.005
23:54:31 | INFO: Blender create Mesh node M2_K2_1_riht.006
23:54:31 | INFO: Blender create Mesh node M2_K2_1_riht.007
23:54:31 | INFO: Blender create Mesh node M2_K2_1_riht.008
23:54:31 | INFO: Blender create Mesh node M2_K2_bosluk_korkuluk_0_ayak
23:54:31 | INFO: Blender create Mesh node M2_K2_bosluk_korkuluk_0_ayak.001
23:54:31 | INFO: Blender create Mesh node M2_K2_bosluk_korkuluk_0_cerceve
23:54:31 | INFO: Blender create Mesh node M2_K2_bosluk_korkuluk_0_cerceve.001
23:54:31 | INFO: Blender create Mesh node M2_K2_bosluk_korkuluk_0_dikme
23:54:31 | INFO: Blender create Mesh node M2_K2_bosluk_korkuluk_0_dikme.001
23:54:31 | INFO: Blender create Mesh node M2_K2_bosluk_korkuluk_0_kupeste
23:54:31 | INFO: Blender create Mesh node M2_K2_sahanlik
23:54:31 | INFO: Blender create Mesh node M2_K2_sahanlik_alti
23:54:31 | INFO: Blender create Mesh node M3_01_dik_profil.012
23:54:31 | INFO: Blender create Mesh node M3_01_dik_profil.013
23:54:31 | INFO: Blender create Mesh node M3_01_dik_profil.014
23:54:31 | INFO: Blender create Mesh node M3_01_dik_profil.015
23:54:31 | INFO: Blender create Mesh node M3_01_dik_profil.016
23:54:31 | INFO: Blender create Mesh node M3_01_dik_profil.017
23:54:31 | INFO: Blender create Mesh node M3_01_dik_profil.018
23:54:31 | INFO: Blender create Mesh node M3_01_dik_profil.019
23:54:31 | INFO: Blender create Mesh node M3_01_dik_profil.020
23:54:31 | INFO: Blender create Mesh node M3_01_dik_profil.021
23:54:31 | INFO: Blender create Mesh node M3_01_dik_profil.022
23:54:31 | INFO: Blender create Mesh node M3_01_dik_profil.023
23:54:31 | INFO: Blender create Mesh node M3_01_esik_doseme.001
23:54:31 | INFO: Blender create Mesh node M3_01_gobek.006
23:54:31 | INFO: Blender create Mesh node M3_01_gobek.007
23:54:31 | INFO: Blender create Mesh node M3_01_gobek.008
23:54:31 | INFO: Blender create Mesh node M3_01_gobek.009
23:54:31 | INFO: Blender create Mesh node M3_01_gobek.010
23:54:31 | INFO: Blender create Mesh node M3_01_gobek.011
23:54:31 | INFO: Blender create Mesh node M3_01_kanat.001
23:54:31 | INFO: Blender create Mesh node M3_01_kasa.002
23:54:31 | INFO: Blender create Mesh node M3_01_kasa.003
23:54:31 | INFO: Blender create Mesh node M3_01_kulp
23:54:31 | INFO: Blender create Mesh node M3_01_kulp.001
23:54:31 | INFO: Blender create Mesh node M3_01_mentese
23:54:31 | INFO: Blender create Mesh node M3_01_mentese.001
23:54:31 | INFO: Blender create Mesh node M3_01_mentese.002
23:54:31 | INFO: Blender create Mesh node M3_01_pervaz.004
23:54:31 | INFO: Blender create Mesh node M3_01_pervaz.005
23:54:31 | INFO: Blender create Mesh node M3_01_pervaz.006
23:54:31 | INFO: Blender create Mesh node M3_01_pervaz.007
23:54:31 | INFO: Blender create Mesh node M3_01_ust_kasa.001
23:54:31 | INFO: Blender create Mesh node M3_01_ust_pervaz.002
23:54:31 | INFO: Blender create Mesh node M3_01_ust_pervaz.003
23:54:31 | INFO: Blender create Mesh node M3_01_yatay_profil.012
23:54:31 | INFO: Blender create Mesh node M3_01_yatay_profil.013
23:54:31 | INFO: Blender create Mesh node M3_01_yatay_profil.014
23:54:31 | INFO: Blender create Mesh node M3_01_yatay_profil.015
23:54:31 | INFO: Blender create Mesh node M3_01_yatay_profil.016
23:54:31 | INFO: Blender create Mesh node M3_01_yatay_profil.017
23:54:31 | INFO: Blender create Mesh node M3_01_yatay_profil.018
23:54:31 | INFO: Blender create Mesh node M3_01_yatay_profil.019
23:54:31 | INFO: Blender create Mesh node M3_01_yatay_profil.020
23:54:31 | INFO: Blender create Mesh node M3_01_yatay_profil.021
23:54:31 | INFO: Blender create Mesh node M3_01_yatay_profil.022
23:54:31 | INFO: Blender create Mesh node M3_01_yatay_profil.023
23:54:31 | INFO: Blender create Mesh node M3_02_dik_profil.024
23:54:31 | INFO: Blender create Mesh node M3_02_dik_profil.025
23:54:31 | INFO: Blender create Mesh node M3_02_dik_profil.026
23:54:31 | INFO: Blender create Mesh node M3_02_dik_profil.027
23:54:31 | INFO: Blender create Mesh node M3_02_dik_profil.028
23:54:31 | INFO: Blender create Mesh node M3_02_dik_profil.029
23:54:31 | INFO: Blender create Mesh node M3_02_dik_profil.030
23:54:31 | INFO: Blender create Mesh node M3_02_dik_profil.031
23:54:31 | INFO: Blender create Mesh node M3_02_dik_profil.032
23:54:31 | INFO: Blender create Mesh node M3_02_dik_profil.033
23:54:31 | INFO: Blender create Mesh node M3_02_dik_profil.034
23:54:31 | INFO: Blender create Mesh node M3_02_dik_profil.035
23:54:31 | INFO: Blender create Mesh node M3_02_dik_profil.036
23:54:31 | INFO: Blender create Mesh node M3_02_dik_profil.037
23:54:31 | INFO: Blender create Mesh node M3_02_dik_profil.038
23:54:31 | INFO: Blender create Mesh node M3_02_dik_profil.039
23:54:31 | INFO: Blender create Mesh node M3_02_dik_profil.040
23:54:31 | INFO: Blender create Mesh node M3_02_dik_profil.041
23:54:31 | INFO: Blender create Mesh node M3_02_dik_profil.042
23:54:31 | INFO: Blender create Mesh node M3_02_dik_profil.043
23:54:31 | INFO: Blender create Mesh node M3_02_dik_profil.044
23:54:31 | INFO: Blender create Mesh node M3_02_dik_profil.045
23:54:31 | INFO: Blender create Mesh node M3_02_dik_profil.046
23:54:31 | INFO: Blender create Mesh node M3_02_dik_profil.047
23:54:31 | INFO: Blender create Mesh node M3_02_esik_doseme.001
23:54:31 | INFO: Blender create Mesh node M3_02_gobek.012
23:54:31 | INFO: Blender create Mesh node M3_02_gobek.013
23:54:31 | INFO: Blender create Mesh node M3_02_gobek.014
23:54:31 | INFO: Blender create Mesh node M3_02_gobek.015
23:54:31 | INFO: Blender create Mesh node M3_02_gobek.016
23:54:31 | INFO: Blender create Mesh node M3_02_gobek.017
23:54:31 | INFO: Blender create Mesh node M3_02_gobek.018
23:54:31 | INFO: Blender create Mesh node M3_02_gobek.019
23:54:31 | INFO: Blender create Mesh node M3_02_gobek.020
23:54:31 | INFO: Blender create Mesh node M3_02_gobek.021
23:54:31 | INFO: Blender create Mesh node M3_02_gobek.022
23:54:31 | INFO: Blender create Mesh node M3_02_gobek.023
23:54:31 | INFO: Blender create Mesh node M3_02_kanat.001
23:54:31 | INFO: Blender create Mesh node M3_02_kasa.002
23:54:31 | INFO: Blender create Mesh node M3_02_kasa.003
23:54:31 | INFO: Blender create Mesh node M3_02_mentese
23:54:31 | INFO: Blender create Mesh node M3_02_mentese.001
23:54:31 | INFO: Blender create Mesh node M3_02_mentese.002
23:54:31 | INFO: Blender create Mesh node M3_02_pervaz.004
23:54:31 | INFO: Blender create Mesh node M3_02_pervaz.005
23:54:31 | INFO: Blender create Mesh node M3_02_pervaz.006
23:54:31 | INFO: Blender create Mesh node M3_02_pervaz.007
23:54:31 | INFO: Blender create Mesh node Sphere.009
23:54:31 | INFO: Blender create Mesh node Sphere.010
23:54:31 | INFO: Blender create Mesh node M3_02_topuz_mili
23:54:31 | INFO: Blender create Mesh node M3_02_topuz_mili.001
23:54:31 | INFO: Blender create Mesh node M3_02_ust_kasa.001
23:54:31 | INFO: Blender create Mesh node M3_02_ust_pervaz.002
23:54:31 | INFO: Blender create Mesh node M3_02_ust_pervaz.003
23:54:31 | INFO: Blender create Mesh node M3_02_yatay_profil.024
23:54:31 | INFO: Blender create Mesh node M3_02_yatay_profil.025
23:54:31 | INFO: Blender create Mesh node M3_02_yatay_profil.026
23:54:31 | INFO: Blender create Mesh node M3_02_yatay_profil.027
23:54:31 | INFO: Blender create Mesh node M3_02_yatay_profil.028
23:54:31 | INFO: Blender create Mesh node M3_02_yatay_profil.029
23:54:31 | INFO: Blender create Mesh node M3_02_yatay_profil.030
23:54:31 | INFO: Blender create Mesh node M3_02_yatay_profil.031
23:54:31 | INFO: Blender create Mesh node M3_02_yatay_profil.032
23:54:31 | INFO: Blender create Mesh node M3_02_yatay_profil.033
23:54:31 | INFO: Blender create Mesh node M3_02_yatay_profil.034
23:54:31 | INFO: Blender create Mesh node M3_02_yatay_profil.035
23:54:31 | INFO: Blender create Mesh node M3_02_yatay_profil.036
23:54:31 | INFO: Blender create Mesh node M3_02_yatay_profil.037
23:54:31 | INFO: Blender create Mesh node M3_02_yatay_profil.038
23:54:31 | INFO: Blender create Mesh node M3_02_yatay_profil.039
23:54:31 | INFO: Blender create Mesh node M3_02_yatay_profil.040
23:54:31 | INFO: Blender create Mesh node M3_02_yatay_profil.041
23:54:31 | INFO: Blender create Mesh node M3_02_yatay_profil.042
23:54:31 | INFO: Blender create Mesh node M3_02_yatay_profil.043
23:54:31 | INFO: Blender create Mesh node M3_02_yatay_profil.044
23:54:31 | INFO: Blender create Mesh node M3_02_yatay_profil.045
23:54:31 | INFO: Blender create Mesh node M3_02_yatay_profil.046
23:54:31 | INFO: Blender create Mesh node M3_02_yatay_profil.047
23:54:31 | INFO: Blender create Mesh node M3_03_dik_profil.024
23:54:31 | INFO: Blender create Mesh node M3_03_dik_profil.025
23:54:31 | INFO: Blender create Mesh node M3_03_dik_profil.026
23:54:31 | INFO: Blender create Mesh node M3_03_dik_profil.027
23:54:31 | INFO: Blender create Mesh node M3_03_dik_profil.028
23:54:31 | INFO: Blender create Mesh node M3_03_dik_profil.029
23:54:31 | INFO: Blender create Mesh node M3_03_dik_profil.030
23:54:31 | INFO: Blender create Mesh node M3_03_dik_profil.031
23:54:31 | INFO: Blender create Mesh node M3_03_dik_profil.032
23:54:31 | INFO: Blender create Mesh node M3_03_dik_profil.033
23:54:31 | INFO: Blender create Mesh node M3_03_dik_profil.034
23:54:31 | INFO: Blender create Mesh node M3_03_dik_profil.035
23:54:31 | INFO: Blender create Mesh node M3_03_dik_profil.036
23:54:31 | INFO: Blender create Mesh node M3_03_dik_profil.037
23:54:31 | INFO: Blender create Mesh node M3_03_dik_profil.038
23:54:31 | INFO: Blender create Mesh node M3_03_dik_profil.039
23:54:31 | INFO: Blender create Mesh node M3_03_dik_profil.040
23:54:31 | INFO: Blender create Mesh node M3_03_dik_profil.041
23:54:31 | INFO: Blender create Mesh node M3_03_dik_profil.042
23:54:31 | INFO: Blender create Mesh node M3_03_dik_profil.043
23:54:31 | INFO: Blender create Mesh node M3_03_dik_profil.044
23:54:31 | INFO: Blender create Mesh node M3_03_dik_profil.045
23:54:31 | INFO: Blender create Mesh node M3_03_dik_profil.046
23:54:31 | INFO: Blender create Mesh node M3_03_dik_profil.047
23:54:31 | INFO: Blender create Mesh node M3_03_esik_doseme.001
23:54:31 | INFO: Blender create Mesh node M3_03_gobek.012
23:54:31 | INFO: Blender create Mesh node M3_03_gobek.013
23:54:31 | INFO: Blender create Mesh node M3_03_gobek.014
23:54:31 | INFO: Blender create Mesh node M3_03_gobek.015
23:54:31 | INFO: Blender create Mesh node M3_03_gobek.016
23:54:31 | INFO: Blender create Mesh node M3_03_gobek.017
23:54:31 | INFO: Blender create Mesh node M3_03_gobek.018
23:54:31 | INFO: Blender create Mesh node M3_03_gobek.019
23:54:31 | INFO: Blender create Mesh node M3_03_gobek.020
23:54:31 | INFO: Blender create Mesh node M3_03_gobek.021
23:54:31 | INFO: Blender create Mesh node M3_03_gobek.022
23:54:31 | INFO: Blender create Mesh node M3_03_gobek.023
23:54:31 | INFO: Blender create Mesh node M3_03_kanat.001
23:54:31 | INFO: Blender create Mesh node M3_03_kasa.002
23:54:31 | INFO: Blender create Mesh node M3_03_kasa.003
23:54:31 | INFO: Blender create Mesh node M3_03_mentese
23:54:31 | INFO: Blender create Mesh node M3_03_mentese.001
23:54:31 | INFO: Blender create Mesh node M3_03_mentese.002
23:54:31 | INFO: Blender create Mesh node M3_03_pervaz.004
23:54:31 | INFO: Blender create Mesh node M3_03_pervaz.005
23:54:31 | INFO: Blender create Mesh node M3_03_pervaz.006
23:54:31 | INFO: Blender create Mesh node M3_03_pervaz.007
23:54:31 | INFO: Blender create Mesh node Sphere.011
23:54:31 | INFO: Blender create Mesh node Sphere.012
23:54:31 | INFO: Blender create Mesh node M3_03_topuz_mili
23:54:31 | INFO: Blender create Mesh node M3_03_topuz_mili.001
23:54:31 | INFO: Blender create Mesh node M3_03_ust_kasa.001
23:54:31 | INFO: Blender create Mesh node M3_03_ust_pervaz.002
23:54:31 | INFO: Blender create Mesh node M3_03_ust_pervaz.003
23:54:31 | INFO: Blender create Mesh node M3_03_yatay_profil.024
23:54:31 | INFO: Blender create Mesh node M3_03_yatay_profil.025
23:54:31 | INFO: Blender create Mesh node M3_03_yatay_profil.026
23:54:31 | INFO: Blender create Mesh node M3_03_yatay_profil.027
23:54:31 | INFO: Blender create Mesh node M3_03_yatay_profil.028
23:54:31 | INFO: Blender create Mesh node M3_03_yatay_profil.029
23:54:31 | INFO: Blender create Mesh node M3_03_yatay_profil.030
23:54:31 | INFO: Blender create Mesh node M3_03_yatay_profil.031
23:54:31 | INFO: Blender create Mesh node M3_03_yatay_profil.032
23:54:31 | INFO: Blender create Mesh node M3_03_yatay_profil.033
23:54:31 | INFO: Blender create Mesh node M3_03_yatay_profil.034
23:54:31 | INFO: Blender create Mesh node M3_03_yatay_profil.035
23:54:31 | INFO: Blender create Mesh node M3_03_yatay_profil.036
23:54:31 | INFO: Blender create Mesh node M3_03_yatay_profil.037
23:54:32 | INFO: Blender create Mesh node M3_03_yatay_profil.038
23:54:32 | INFO: Blender create Mesh node M3_03_yatay_profil.039
23:54:32 | INFO: Blender create Mesh node M3_03_yatay_profil.040
23:54:32 | INFO: Blender create Mesh node M3_03_yatay_profil.041
23:54:32 | INFO: Blender create Mesh node M3_03_yatay_profil.042
23:54:32 | INFO: Blender create Mesh node M3_03_yatay_profil.043
23:54:32 | INFO: Blender create Mesh node M3_03_yatay_profil.044
23:54:32 | INFO: Blender create Mesh node M3_03_yatay_profil.045
23:54:32 | INFO: Blender create Mesh node M3_03_yatay_profil.046
23:54:32 | INFO: Blender create Mesh node M3_03_yatay_profil.047
23:54:32 | INFO: Blender create Mesh node M3_04_dik_profil.024
23:54:32 | INFO: Blender create Mesh node M3_04_dik_profil.025
23:54:32 | INFO: Blender create Mesh node M3_04_dik_profil.026
23:54:32 | INFO: Blender create Mesh node M3_04_dik_profil.027
23:54:32 | INFO: Blender create Mesh node M3_04_dik_profil.028
23:54:32 | INFO: Blender create Mesh node M3_04_dik_profil.029
23:54:32 | INFO: Blender create Mesh node M3_04_dik_profil.030
23:54:32 | INFO: Blender create Mesh node M3_04_dik_profil.031
23:54:32 | INFO: Blender create Mesh node M3_04_dik_profil.032
23:54:32 | INFO: Blender create Mesh node M3_04_dik_profil.033
23:54:32 | INFO: Blender create Mesh node M3_04_dik_profil.034
23:54:32 | INFO: Blender create Mesh node M3_04_dik_profil.035
23:54:32 | INFO: Blender create Mesh node M3_04_dik_profil.036
23:54:32 | INFO: Blender create Mesh node M3_04_dik_profil.037
23:54:32 | INFO: Blender create Mesh node M3_04_dik_profil.038
23:54:32 | INFO: Blender create Mesh node M3_04_dik_profil.039
23:54:32 | INFO: Blender create Mesh node M3_04_dik_profil.040
23:54:32 | INFO: Blender create Mesh node M3_04_dik_profil.041
23:54:32 | INFO: Blender create Mesh node M3_04_dik_profil.042
23:54:32 | INFO: Blender create Mesh node M3_04_dik_profil.043
23:54:32 | INFO: Blender create Mesh node M3_04_dik_profil.044
23:54:32 | INFO: Blender create Mesh node M3_04_dik_profil.045
23:54:32 | INFO: Blender create Mesh node M3_04_dik_profil.046
23:54:32 | INFO: Blender create Mesh node M3_04_dik_profil.047
23:54:32 | INFO: Blender create Mesh node M3_04_esik_doseme.001
23:54:32 | INFO: Blender create Mesh node M3_04_gobek.012
23:54:32 | INFO: Blender create Mesh node M3_04_gobek.013
23:54:32 | INFO: Blender create Mesh node M3_04_gobek.014
23:54:32 | INFO: Blender create Mesh node M3_04_gobek.015
23:54:32 | INFO: Blender create Mesh node M3_04_gobek.016
23:54:32 | INFO: Blender create Mesh node M3_04_gobek.017
23:54:32 | INFO: Blender create Mesh node M3_04_gobek.018
23:54:32 | INFO: Blender create Mesh node M3_04_gobek.019
23:54:32 | INFO: Blender create Mesh node M3_04_gobek.020
23:54:32 | INFO: Blender create Mesh node M3_04_gobek.021
23:54:32 | INFO: Blender create Mesh node M3_04_gobek.022
23:54:32 | INFO: Blender create Mesh node M3_04_gobek.023
23:54:32 | INFO: Blender create Mesh node M3_04_kanat.001
23:54:32 | INFO: Blender create Mesh node M3_04_kasa.002
23:54:32 | INFO: Blender create Mesh node M3_04_kasa.003
23:54:32 | INFO: Blender create Mesh node M3_04_mentese
23:54:32 | INFO: Blender create Mesh node M3_04_mentese.001
23:54:32 | INFO: Blender create Mesh node M3_04_mentese.002
23:54:32 | INFO: Blender create Mesh node M3_04_pervaz.004
23:54:32 | INFO: Blender create Mesh node M3_04_pervaz.005
23:54:32 | INFO: Blender create Mesh node M3_04_pervaz.006
23:54:32 | INFO: Blender create Mesh node M3_04_pervaz.007
23:54:32 | INFO: Blender create Mesh node Sphere.013
23:54:32 | INFO: Blender create Mesh node Sphere.014
23:54:32 | INFO: Blender create Mesh node M3_04_topuz_mili
23:54:32 | INFO: Blender create Mesh node M3_04_topuz_mili.001
23:54:32 | INFO: Blender create Mesh node M3_04_ust_kasa.001
23:54:32 | INFO: Blender create Mesh node M3_04_ust_pervaz.002
23:54:32 | INFO: Blender create Mesh node M3_04_ust_pervaz.003
23:54:32 | INFO: Blender create Mesh node M3_04_yatay_profil.024
23:54:32 | INFO: Blender create Mesh node M3_04_yatay_profil.025
23:54:32 | INFO: Blender create Mesh node M3_04_yatay_profil.026
23:54:32 | INFO: Blender create Mesh node M3_04_yatay_profil.027
23:54:32 | INFO: Blender create Mesh node M3_04_yatay_profil.028
23:54:32 | INFO: Blender create Mesh node M3_04_yatay_profil.029
23:54:32 | INFO: Blender create Mesh node M3_04_yatay_profil.030
23:54:32 | INFO: Blender create Mesh node M3_04_yatay_profil.031
23:54:32 | INFO: Blender create Mesh node M3_04_yatay_profil.032
23:54:32 | INFO: Blender create Mesh node M3_04_yatay_profil.033
23:54:32 | INFO: Blender create Mesh node M3_04_yatay_profil.034
23:54:32 | INFO: Blender create Mesh node M3_04_yatay_profil.035
23:54:32 | INFO: Blender create Mesh node M3_04_yatay_profil.036
23:54:32 | INFO: Blender create Mesh node M3_04_yatay_profil.037
23:54:32 | INFO: Blender create Mesh node M3_04_yatay_profil.038
23:54:32 | INFO: Blender create Mesh node M3_04_yatay_profil.039
23:54:32 | INFO: Blender create Mesh node M3_04_yatay_profil.040
23:54:32 | INFO: Blender create Mesh node M3_04_yatay_profil.041
23:54:32 | INFO: Blender create Mesh node M3_04_yatay_profil.042
23:54:32 | INFO: Blender create Mesh node M3_04_yatay_profil.043
23:54:32 | INFO: Blender create Mesh node M3_04_yatay_profil.044
23:54:32 | INFO: Blender create Mesh node M3_04_yatay_profil.045
23:54:32 | INFO: Blender create Mesh node M3_04_yatay_profil.046
23:54:32 | INFO: Blender create Mesh node M3_04_yatay_profil.047
23:54:32 | INFO: Blender create Mesh node M3_05_dik_profil.024
23:54:32 | INFO: Blender create Mesh node M3_05_dik_profil.025
23:54:32 | INFO: Blender create Mesh node M3_05_dik_profil.026
23:54:32 | INFO: Blender create Mesh node M3_05_dik_profil.027
23:54:32 | INFO: Blender create Mesh node M3_05_dik_profil.028
23:54:32 | INFO: Blender create Mesh node M3_05_dik_profil.029
23:54:32 | INFO: Blender create Mesh node M3_05_dik_profil.030
23:54:32 | INFO: Blender create Mesh node M3_05_dik_profil.031
23:54:32 | INFO: Blender create Mesh node M3_05_dik_profil.032
23:54:32 | INFO: Blender create Mesh node M3_05_dik_profil.033
23:54:32 | INFO: Blender create Mesh node M3_05_dik_profil.034
23:54:32 | INFO: Blender create Mesh node M3_05_dik_profil.035
23:54:32 | INFO: Blender create Mesh node M3_05_dik_profil.036
23:54:32 | INFO: Blender create Mesh node M3_05_dik_profil.037
23:54:32 | INFO: Blender create Mesh node M3_05_dik_profil.038
23:54:32 | INFO: Blender create Mesh node M3_05_dik_profil.039
23:54:32 | INFO: Blender create Mesh node M3_05_dik_profil.040
23:54:32 | INFO: Blender create Mesh node M3_05_dik_profil.041
23:54:32 | INFO: Blender create Mesh node M3_05_dik_profil.042
23:54:32 | INFO: Blender create Mesh node M3_05_dik_profil.043
23:54:32 | INFO: Blender create Mesh node M3_05_dik_profil.044
23:54:32 | INFO: Blender create Mesh node M3_05_dik_profil.045
23:54:32 | INFO: Blender create Mesh node M3_05_dik_profil.046
23:54:32 | INFO: Blender create Mesh node M3_05_dik_profil.047
23:54:32 | INFO: Blender create Mesh node M3_05_esik_doseme.001
23:54:32 | INFO: Blender create Mesh node M3_05_gobek.012
23:54:32 | INFO: Blender create Mesh node M3_05_gobek.013
23:54:32 | INFO: Blender create Mesh node M3_05_gobek.014
23:54:32 | INFO: Blender create Mesh node M3_05_gobek.015
23:54:32 | INFO: Blender create Mesh node M3_05_gobek.016
23:54:32 | INFO: Blender create Mesh node M3_05_gobek.017
23:54:32 | INFO: Blender create Mesh node M3_05_gobek.018
23:54:32 | INFO: Blender create Mesh node M3_05_gobek.019
23:54:32 | INFO: Blender create Mesh node M3_05_gobek.020
23:54:32 | INFO: Blender create Mesh node M3_05_gobek.021
23:54:32 | INFO: Blender create Mesh node M3_05_gobek.022
23:54:32 | INFO: Blender create Mesh node M3_05_gobek.023
23:54:32 | INFO: Blender create Mesh node M3_05_kanat.001
23:54:32 | INFO: Blender create Mesh node M3_05_kasa.002
23:54:32 | INFO: Blender create Mesh node M3_05_kasa.003
23:54:32 | INFO: Blender create Mesh node M3_05_kulp
23:54:32 | INFO: Blender create Mesh node M3_05_kulp.001
23:54:32 | INFO: Blender create Mesh node M3_05_mentese
23:54:32 | INFO: Blender create Mesh node M3_05_mentese.001
23:54:32 | INFO: Blender create Mesh node M3_05_mentese.002
23:54:32 | INFO: Blender create Mesh node M3_05_pervaz.004
23:54:32 | INFO: Blender create Mesh node M3_05_pervaz.005
23:54:32 | INFO: Blender create Mesh node M3_05_pervaz.006
23:54:32 | INFO: Blender create Mesh node M3_05_pervaz.007
23:54:32 | INFO: Blender create Mesh node M3_05_ust_kasa.001
23:54:32 | INFO: Blender create Mesh node M3_05_ust_pervaz.002
23:54:32 | INFO: Blender create Mesh node M3_05_ust_pervaz.003
23:54:32 | INFO: Blender create Mesh node M3_05_yatay_profil.024
23:54:32 | INFO: Blender create Mesh node M3_05_yatay_profil.025
23:54:32 | INFO: Blender create Mesh node M3_05_yatay_profil.026
23:54:32 | INFO: Blender create Mesh node M3_05_yatay_profil.027
23:54:32 | INFO: Blender create Mesh node M3_05_yatay_profil.028
23:54:32 | INFO: Blender create Mesh node M3_05_yatay_profil.029
23:54:32 | INFO: Blender create Mesh node M3_05_yatay_profil.030
23:54:32 | INFO: Blender create Mesh node M3_05_yatay_profil.031
23:54:32 | INFO: Blender create Mesh node M3_05_yatay_profil.032
23:54:32 | INFO: Blender create Mesh node M3_05_yatay_profil.033
23:54:32 | INFO: Blender create Mesh node M3_05_yatay_profil.034
23:54:32 | INFO: Blender create Mesh node M3_05_yatay_profil.035
23:54:32 | INFO: Blender create Mesh node M3_05_yatay_profil.036
23:54:32 | INFO: Blender create Mesh node M3_05_yatay_profil.037
23:54:32 | INFO: Blender create Mesh node M3_05_yatay_profil.038
23:54:32 | INFO: Blender create Mesh node M3_05_yatay_profil.039
23:54:32 | INFO: Blender create Mesh node M3_05_yatay_profil.040
23:54:32 | INFO: Blender create Mesh node M3_05_yatay_profil.041
23:54:32 | INFO: Blender create Mesh node M3_05_yatay_profil.042
23:54:32 | INFO: Blender create Mesh node M3_05_yatay_profil.043
23:54:32 | INFO: Blender create Mesh node M3_05_yatay_profil.044
23:54:32 | INFO: Blender create Mesh node M3_05_yatay_profil.045
23:54:32 | INFO: Blender create Mesh node M3_05_yatay_profil.046
23:54:32 | INFO: Blender create Mesh node M3_05_yatay_profil.047
23:54:32 | INFO: Blender create Mesh node M3_06_dik_profil.024
23:54:32 | INFO: Blender create Mesh node M3_06_dik_profil.025
23:54:32 | INFO: Blender create Mesh node M3_06_dik_profil.026
23:54:32 | INFO: Blender create Mesh node M3_06_dik_profil.027
23:54:32 | INFO: Blender create Mesh node M3_06_dik_profil.028
23:54:32 | INFO: Blender create Mesh node M3_06_dik_profil.029
23:54:32 | INFO: Blender create Mesh node M3_06_dik_profil.030
23:54:32 | INFO: Blender create Mesh node M3_06_dik_profil.031
23:54:32 | INFO: Blender create Mesh node M3_06_dik_profil.032
23:54:32 | INFO: Blender create Mesh node M3_06_dik_profil.033
23:54:32 | INFO: Blender create Mesh node M3_06_dik_profil.034
23:54:32 | INFO: Blender create Mesh node M3_06_dik_profil.035
23:54:32 | INFO: Blender create Mesh node M3_06_dik_profil.036
23:54:32 | INFO: Blender create Mesh node M3_06_dik_profil.037
23:54:32 | INFO: Blender create Mesh node M3_06_dik_profil.038
23:54:32 | INFO: Blender create Mesh node M3_06_dik_profil.039
23:54:32 | INFO: Blender create Mesh node M3_06_dik_profil.040
23:54:32 | INFO: Blender create Mesh node M3_06_dik_profil.041
23:54:32 | INFO: Blender create Mesh node M3_06_dik_profil.042
23:54:32 | INFO: Blender create Mesh node M3_06_dik_profil.043
23:54:32 | INFO: Blender create Mesh node M3_06_dik_profil.044
23:54:32 | INFO: Blender create Mesh node M3_06_dik_profil.045
23:54:32 | INFO: Blender create Mesh node M3_06_dik_profil.046
23:54:32 | INFO: Blender create Mesh node M3_06_dik_profil.047
23:54:32 | INFO: Blender create Mesh node M3_06_esik_doseme.001
23:54:32 | INFO: Blender create Mesh node M3_06_gobek.012
23:54:32 | INFO: Blender create Mesh node M3_06_gobek.013
23:54:32 | INFO: Blender create Mesh node M3_06_gobek.014
23:54:32 | INFO: Blender create Mesh node M3_06_gobek.015
23:54:32 | INFO: Blender create Mesh node M3_06_gobek.016
23:54:32 | INFO: Blender create Mesh node M3_06_gobek.017
23:54:32 | INFO: Blender create Mesh node M3_06_gobek.018
23:54:32 | INFO: Blender create Mesh node M3_06_gobek.019
23:54:32 | INFO: Blender create Mesh node M3_06_gobek.020
23:54:32 | INFO: Blender create Mesh node M3_06_gobek.021
23:54:32 | INFO: Blender create Mesh node M3_06_gobek.022
23:54:32 | INFO: Blender create Mesh node M3_06_gobek.023
23:54:32 | INFO: Blender create Mesh node M3_06_kanat.001
23:54:32 | INFO: Blender create Mesh node M3_06_kasa.002
23:54:32 | INFO: Blender create Mesh node M3_06_kasa.003
23:54:32 | INFO: Blender create Mesh node M3_06_mentese
23:54:32 | INFO: Blender create Mesh node M3_06_mentese.001
23:54:32 | INFO: Blender create Mesh node M3_06_mentese.002
23:54:32 | INFO: Blender create Mesh node M3_06_pervaz.004
23:54:32 | INFO: Blender create Mesh node M3_06_pervaz.005
23:54:32 | INFO: Blender create Mesh node M3_06_pervaz.006
23:54:32 | INFO: Blender create Mesh node M3_06_pervaz.007
23:54:32 | INFO: Blender create Mesh node Sphere.015
23:54:32 | INFO: Blender create Mesh node Sphere.016
23:54:32 | INFO: Blender create Mesh node M3_06_topuz_mili
23:54:32 | INFO: Blender create Mesh node M3_06_topuz_mili.001
23:54:32 | INFO: Blender create Mesh node M3_06_ust_kasa.001
23:54:32 | INFO: Blender create Mesh node M3_06_ust_pervaz.002
23:54:32 | INFO: Blender create Mesh node M3_06_ust_pervaz.003
23:54:32 | INFO: Blender create Mesh node M3_06_yatay_profil.024
23:54:32 | INFO: Blender create Mesh node M3_06_yatay_profil.025
23:54:32 | INFO: Blender create Mesh node M3_06_yatay_profil.026
23:54:32 | INFO: Blender create Mesh node M3_06_yatay_profil.027
23:54:32 | INFO: Blender create Mesh node M3_06_yatay_profil.028
23:54:32 | INFO: Blender create Mesh node M3_06_yatay_profil.029
23:54:32 | INFO: Blender create Mesh node M3_06_yatay_profil.030
23:54:32 | INFO: Blender create Mesh node M3_06_yatay_profil.031
23:54:32 | INFO: Blender create Mesh node M3_06_yatay_profil.032
23:54:32 | INFO: Blender create Mesh node M3_06_yatay_profil.033
23:54:32 | INFO: Blender create Mesh node M3_06_yatay_profil.034
23:54:32 | INFO: Blender create Mesh node M3_06_yatay_profil.035
23:54:32 | INFO: Blender create Mesh node M3_06_yatay_profil.036
23:54:32 | INFO: Blender create Mesh node M3_06_yatay_profil.037
23:54:32 | INFO: Blender create Mesh node M3_06_yatay_profil.038
23:54:32 | INFO: Blender create Mesh node M3_06_yatay_profil.039
23:54:32 | INFO: Blender create Mesh node M3_06_yatay_profil.040
23:54:32 | INFO: Blender create Mesh node M3_06_yatay_profil.041
23:54:32 | INFO: Blender create Mesh node M3_06_yatay_profil.042
23:54:32 | INFO: Blender create Mesh node M3_06_yatay_profil.043
23:54:32 | INFO: Blender create Mesh node M3_06_yatay_profil.044
23:54:32 | INFO: Blender create Mesh node M3_06_yatay_profil.045
23:54:32 | INFO: Blender create Mesh node M3_06_yatay_profil.046
23:54:32 | INFO: Blender create Mesh node M3_06_yatay_profil.047
23:54:32 | INFO: Blender create Mesh node M3_07_dik_profil.024
23:54:32 | INFO: Blender create Mesh node M3_07_dik_profil.025
23:54:32 | INFO: Blender create Mesh node M3_07_dik_profil.026
23:54:32 | INFO: Blender create Mesh node M3_07_dik_profil.027
23:54:32 | INFO: Blender create Mesh node M3_07_dik_profil.028
23:54:32 | INFO: Blender create Mesh node M3_07_dik_profil.029
23:54:32 | INFO: Blender create Mesh node M3_07_dik_profil.030
23:54:32 | INFO: Blender create Mesh node M3_07_dik_profil.031
23:54:32 | INFO: Blender create Mesh node M3_07_dik_profil.032
23:54:32 | INFO: Blender create Mesh node M3_07_dik_profil.033
23:54:32 | INFO: Blender create Mesh node M3_07_dik_profil.034
23:54:32 | INFO: Blender create Mesh node M3_07_dik_profil.035
23:54:32 | INFO: Blender create Mesh node M3_07_dik_profil.036
23:54:32 | INFO: Blender create Mesh node M3_07_dik_profil.037
23:54:32 | INFO: Blender create Mesh node M3_07_dik_profil.038
23:54:32 | INFO: Blender create Mesh node M3_07_dik_profil.039
23:54:32 | INFO: Blender create Mesh node M3_07_dik_profil.040
23:54:32 | INFO: Blender create Mesh node M3_07_dik_profil.041
23:54:32 | INFO: Blender create Mesh node M3_07_dik_profil.042
23:54:32 | INFO: Blender create Mesh node M3_07_dik_profil.043
23:54:32 | INFO: Blender create Mesh node M3_07_dik_profil.044
23:54:32 | INFO: Blender create Mesh node M3_07_dik_profil.045
23:54:32 | INFO: Blender create Mesh node M3_07_dik_profil.046
23:54:32 | INFO: Blender create Mesh node M3_07_dik_profil.047
23:54:32 | INFO: Blender create Mesh node M3_07_esik_doseme.001
23:54:32 | INFO: Blender create Mesh node M3_07_gobek.012
23:54:32 | INFO: Blender create Mesh node M3_07_gobek.013
23:54:32 | INFO: Blender create Mesh node M3_07_gobek.014
23:54:32 | INFO: Blender create Mesh node M3_07_gobek.015
23:54:32 | INFO: Blender create Mesh node M3_07_gobek.016
23:54:32 | INFO: Blender create Mesh node M3_07_gobek.017
23:54:32 | INFO: Blender create Mesh node M3_07_gobek.018
23:54:32 | INFO: Blender create Mesh node M3_07_gobek.019
23:54:32 | INFO: Blender create Mesh node M3_07_gobek.020
23:54:32 | INFO: Blender create Mesh node M3_07_gobek.021
23:54:32 | INFO: Blender create Mesh node M3_07_gobek.022
23:54:32 | INFO: Blender create Mesh node M3_07_gobek.023
23:54:32 | INFO: Blender create Mesh node M3_07_kanat.001
23:54:32 | INFO: Blender create Mesh node M3_07_kasa.002
23:54:32 | INFO: Blender create Mesh node M3_07_kasa.003
23:54:32 | INFO: Blender create Mesh node M3_07_mentese
23:54:32 | INFO: Blender create Mesh node M3_07_mentese.001
23:54:32 | INFO: Blender create Mesh node M3_07_mentese.002
23:54:32 | INFO: Blender create Mesh node M3_07_pervaz.004
23:54:32 | INFO: Blender create Mesh node M3_07_pervaz.005
23:54:32 | INFO: Blender create Mesh node M3_07_pervaz.006
23:54:32 | INFO: Blender create Mesh node M3_07_pervaz.007
23:54:32 | INFO: Blender create Mesh node Sphere.017
23:54:32 | INFO: Blender create Mesh node Sphere.018
23:54:32 | INFO: Blender create Mesh node M3_07_topuz_mili
23:54:32 | INFO: Blender create Mesh node M3_07_topuz_mili.001
23:54:32 | INFO: Blender create Mesh node M3_07_ust_kasa.001
23:54:32 | INFO: Blender create Mesh node M3_07_ust_pervaz.002
23:54:32 | INFO: Blender create Mesh node M3_07_ust_pervaz.003
23:54:32 | INFO: Blender create Mesh node M3_07_yatay_profil.024
23:54:32 | INFO: Blender create Mesh node M3_07_yatay_profil.025
23:54:32 | INFO: Blender create Mesh node M3_07_yatay_profil.026
23:54:32 | INFO: Blender create Mesh node M3_07_yatay_profil.027
23:54:32 | INFO: Blender create Mesh node M3_07_yatay_profil.028
23:54:32 | INFO: Blender create Mesh node M3_07_yatay_profil.029
23:54:32 | INFO: Blender create Mesh node M3_07_yatay_profil.030
23:54:32 | INFO: Blender create Mesh node M3_07_yatay_profil.031
23:54:32 | INFO: Blender create Mesh node M3_07_yatay_profil.032
23:54:32 | INFO: Blender create Mesh node M3_07_yatay_profil.033
23:54:32 | INFO: Blender create Mesh node M3_07_yatay_profil.034
23:54:32 | INFO: Blender create Mesh node M3_07_yatay_profil.035
23:54:32 | INFO: Blender create Mesh node M3_07_yatay_profil.036
23:54:32 | INFO: Blender create Mesh node M3_07_yatay_profil.037
23:54:32 | INFO: Blender create Mesh node M3_07_yatay_profil.038
23:54:32 | INFO: Blender create Mesh node M3_07_yatay_profil.039
23:54:32 | INFO: Blender create Mesh node M3_07_yatay_profil.040
23:54:32 | INFO: Blender create Mesh node M3_07_yatay_profil.041
23:54:32 | INFO: Blender create Mesh node M3_07_yatay_profil.042
23:54:32 | INFO: Blender create Mesh node M3_07_yatay_profil.043
23:54:32 | INFO: Blender create Mesh node M3_07_yatay_profil.044
23:54:32 | INFO: Blender create Mesh node M3_07_yatay_profil.045
23:54:32 | INFO: Blender create Mesh node M3_07_yatay_profil.046
23:54:32 | INFO: Blender create Mesh node M3_07_yatay_profil.047
23:54:32 | INFO: Blender create Mesh node M3_08_dik_profil.024
23:54:32 | INFO: Blender create Mesh node M3_08_dik_profil.025
23:54:32 | INFO: Blender create Mesh node M3_08_dik_profil.026
23:54:32 | INFO: Blender create Mesh node M3_08_dik_profil.027
23:54:32 | INFO: Blender create Mesh node M3_08_dik_profil.028
23:54:32 | INFO: Blender create Mesh node M3_08_dik_profil.029
23:54:32 | INFO: Blender create Mesh node M3_08_dik_profil.030
23:54:32 | INFO: Blender create Mesh node M3_08_dik_profil.031
23:54:32 | INFO: Blender create Mesh node M3_08_dik_profil.032
23:54:32 | INFO: Blender create Mesh node M3_08_dik_profil.033
23:54:32 | INFO: Blender create Mesh node M3_08_dik_profil.034
23:54:32 | INFO: Blender create Mesh node M3_08_dik_profil.035
23:54:32 | INFO: Blender create Mesh node M3_08_dik_profil.036
23:54:32 | INFO: Blender create Mesh node M3_08_dik_profil.037
23:54:32 | INFO: Blender create Mesh node M3_08_dik_profil.038
23:54:32 | INFO: Blender create Mesh node M3_08_dik_profil.039
23:54:32 | INFO: Blender create Mesh node M3_08_dik_profil.040
23:54:32 | INFO: Blender create Mesh node M3_08_dik_profil.041
23:54:32 | INFO: Blender create Mesh node M3_08_dik_profil.042
23:54:32 | INFO: Blender create Mesh node M3_08_dik_profil.043
23:54:32 | INFO: Blender create Mesh node M3_08_dik_profil.044
23:54:33 | INFO: Blender create Mesh node M3_08_dik_profil.045
23:54:33 | INFO: Blender create Mesh node M3_08_dik_profil.046
23:54:33 | INFO: Blender create Mesh node M3_08_dik_profil.047
23:54:33 | INFO: Blender create Mesh node M3_08_esik_doseme.001
23:54:33 | INFO: Blender create Mesh node M3_08_gobek.012
23:54:33 | INFO: Blender create Mesh node M3_08_gobek.013
23:54:33 | INFO: Blender create Mesh node M3_08_gobek.014
23:54:33 | INFO: Blender create Mesh node M3_08_gobek.015
23:54:33 | INFO: Blender create Mesh node M3_08_gobek.016
23:54:33 | INFO: Blender create Mesh node M3_08_gobek.017
23:54:33 | INFO: Blender create Mesh node M3_08_gobek.018
23:54:33 | INFO: Blender create Mesh node M3_08_gobek.019
23:54:33 | INFO: Blender create Mesh node M3_08_gobek.020
23:54:33 | INFO: Blender create Mesh node M3_08_gobek.021
23:54:33 | INFO: Blender create Mesh node M3_08_gobek.022
23:54:33 | INFO: Blender create Mesh node M3_08_gobek.023
23:54:33 | INFO: Blender create Mesh node M3_08_kanat.001
23:54:33 | INFO: Blender create Mesh node M3_08_kasa.002
23:54:33 | INFO: Blender create Mesh node M3_08_kasa.003
23:54:33 | INFO: Blender create Mesh node M3_08_mentese
23:54:33 | INFO: Blender create Mesh node M3_08_mentese.001
23:54:33 | INFO: Blender create Mesh node M3_08_mentese.002
23:54:33 | INFO: Blender create Mesh node M3_08_pervaz.004
23:54:33 | INFO: Blender create Mesh node M3_08_pervaz.005
23:54:33 | INFO: Blender create Mesh node M3_08_pervaz.006
23:54:33 | INFO: Blender create Mesh node M3_08_pervaz.007
23:54:33 | INFO: Blender create Mesh node Sphere.019
23:54:33 | INFO: Blender create Mesh node Sphere.020
23:54:33 | INFO: Blender create Mesh node M3_08_topuz_mili
23:54:33 | INFO: Blender create Mesh node M3_08_topuz_mili.001
23:54:33 | INFO: Blender create Mesh node M3_08_ust_kasa.001
23:54:33 | INFO: Blender create Mesh node M3_08_ust_pervaz.002
23:54:33 | INFO: Blender create Mesh node M3_08_ust_pervaz.003
23:54:33 | INFO: Blender create Mesh node M3_08_yatay_profil.024
23:54:33 | INFO: Blender create Mesh node M3_08_yatay_profil.025
23:54:33 | INFO: Blender create Mesh node M3_08_yatay_profil.026
23:54:33 | INFO: Blender create Mesh node M3_08_yatay_profil.027
23:54:33 | INFO: Blender create Mesh node M3_08_yatay_profil.028
23:54:33 | INFO: Blender create Mesh node M3_08_yatay_profil.029
23:54:33 | INFO: Blender create Mesh node M3_08_yatay_profil.030
23:54:33 | INFO: Blender create Mesh node M3_08_yatay_profil.031
23:54:33 | INFO: Blender create Mesh node M3_08_yatay_profil.032
23:54:33 | INFO: Blender create Mesh node M3_08_yatay_profil.033
23:54:33 | INFO: Blender create Mesh node M3_08_yatay_profil.034
23:54:33 | INFO: Blender create Mesh node M3_08_yatay_profil.035
23:54:33 | INFO: Blender create Mesh node M3_08_yatay_profil.036
23:54:33 | INFO: Blender create Mesh node M3_08_yatay_profil.037
23:54:33 | INFO: Blender create Mesh node M3_08_yatay_profil.038
23:54:33 | INFO: Blender create Mesh node M3_08_yatay_profil.039
23:54:33 | INFO: Blender create Mesh node M3_08_yatay_profil.040
23:54:33 | INFO: Blender create Mesh node M3_08_yatay_profil.041
23:54:33 | INFO: Blender create Mesh node M3_08_yatay_profil.042
23:54:33 | INFO: Blender create Mesh node M3_08_yatay_profil.043
23:54:33 | INFO: Blender create Mesh node M3_08_yatay_profil.044
23:54:33 | INFO: Blender create Mesh node M3_08_yatay_profil.045
23:54:33 | INFO: Blender create Mesh node M3_08_yatay_profil.046
23:54:33 | INFO: Blender create Mesh node M3_08_yatay_profil.047
23:54:33 | INFO: Blender create Mesh node M3_09_dik_profil.024
23:54:33 | INFO: Blender create Mesh node M3_09_dik_profil.025
23:54:33 | INFO: Blender create Mesh node M3_09_dik_profil.026
23:54:33 | INFO: Blender create Mesh node M3_09_dik_profil.027
23:54:33 | INFO: Blender create Mesh node M3_09_dik_profil.028
23:54:33 | INFO: Blender create Mesh node M3_09_dik_profil.029
23:54:33 | INFO: Blender create Mesh node M3_09_dik_profil.030
23:54:33 | INFO: Blender create Mesh node M3_09_dik_profil.031
23:54:33 | INFO: Blender create Mesh node M3_09_dik_profil.032
23:54:33 | INFO: Blender create Mesh node M3_09_dik_profil.033
23:54:33 | INFO: Blender create Mesh node M3_09_dik_profil.034
23:54:33 | INFO: Blender create Mesh node M3_09_dik_profil.035
23:54:33 | INFO: Blender create Mesh node M3_09_dik_profil.036
23:54:33 | INFO: Blender create Mesh node M3_09_dik_profil.037
23:54:33 | INFO: Blender create Mesh node M3_09_dik_profil.038
23:54:33 | INFO: Blender create Mesh node M3_09_dik_profil.039
23:54:33 | INFO: Blender create Mesh node M3_09_dik_profil.040
23:54:33 | INFO: Blender create Mesh node M3_09_dik_profil.041
23:54:33 | INFO: Blender create Mesh node M3_09_dik_profil.042
23:54:33 | INFO: Blender create Mesh node M3_09_dik_profil.043
23:54:33 | INFO: Blender create Mesh node M3_09_dik_profil.044
23:54:33 | INFO: Blender create Mesh node M3_09_dik_profil.045
23:54:33 | INFO: Blender create Mesh node M3_09_dik_profil.046
23:54:33 | INFO: Blender create Mesh node M3_09_dik_profil.047
23:54:33 | INFO: Blender create Mesh node M3_09_esik_doseme.001
23:54:33 | INFO: Blender create Mesh node M3_09_gobek.012
23:54:33 | INFO: Blender create Mesh node M3_09_gobek.013
23:54:33 | INFO: Blender create Mesh node M3_09_gobek.014
23:54:33 | INFO: Blender create Mesh node M3_09_gobek.015
23:54:33 | INFO: Blender create Mesh node M3_09_gobek.016
23:54:33 | INFO: Blender create Mesh node M3_09_gobek.017
23:54:33 | INFO: Blender create Mesh node M3_09_gobek.018
23:54:33 | INFO: Blender create Mesh node M3_09_gobek.019
23:54:33 | INFO: Blender create Mesh node M3_09_gobek.020
23:54:33 | INFO: Blender create Mesh node M3_09_gobek.021
23:54:33 | INFO: Blender create Mesh node M3_09_gobek.022
23:54:33 | INFO: Blender create Mesh node M3_09_gobek.023
23:54:33 | INFO: Blender create Mesh node M3_09_kanat.001
23:54:33 | INFO: Blender create Mesh node M3_09_kasa.002
23:54:33 | INFO: Blender create Mesh node M3_09_kasa.003
23:54:33 | INFO: Blender create Mesh node M3_09_mentese
23:54:33 | INFO: Blender create Mesh node M3_09_mentese.001
23:54:33 | INFO: Blender create Mesh node M3_09_mentese.002
23:54:33 | INFO: Blender create Mesh node M3_09_pervaz.004
23:54:33 | INFO: Blender create Mesh node M3_09_pervaz.005
23:54:33 | INFO: Blender create Mesh node M3_09_pervaz.006
23:54:33 | INFO: Blender create Mesh node M3_09_pervaz.007
23:54:33 | INFO: Blender create Mesh node Sphere.021
23:54:33 | INFO: Blender create Mesh node Sphere.022
23:54:33 | INFO: Blender create Mesh node M3_09_topuz_mili
23:54:33 | INFO: Blender create Mesh node M3_09_topuz_mili.001
23:54:33 | INFO: Blender create Mesh node M3_09_ust_kasa.001
23:54:33 | INFO: Blender create Mesh node M3_09_ust_pervaz.002
23:54:33 | INFO: Blender create Mesh node M3_09_ust_pervaz.003
23:54:33 | INFO: Blender create Mesh node M3_09_yatay_profil.024
23:54:33 | INFO: Blender create Mesh node M3_09_yatay_profil.025
23:54:33 | INFO: Blender create Mesh node M3_09_yatay_profil.026
23:54:33 | INFO: Blender create Mesh node M3_09_yatay_profil.027
23:54:33 | INFO: Blender create Mesh node M3_09_yatay_profil.028
23:54:33 | INFO: Blender create Mesh node M3_09_yatay_profil.029
23:54:33 | INFO: Blender create Mesh node M3_09_yatay_profil.030
23:54:33 | INFO: Blender create Mesh node M3_09_yatay_profil.031
23:54:33 | INFO: Blender create Mesh node M3_09_yatay_profil.032
23:54:33 | INFO: Blender create Mesh node M3_09_yatay_profil.033
23:54:33 | INFO: Blender create Mesh node M3_09_yatay_profil.034
23:54:33 | INFO: Blender create Mesh node M3_09_yatay_profil.035
23:54:33 | INFO: Blender create Mesh node M3_09_yatay_profil.036
23:54:33 | INFO: Blender create Mesh node M3_09_yatay_profil.037
23:54:33 | INFO: Blender create Mesh node M3_09_yatay_profil.038
23:54:33 | INFO: Blender create Mesh node M3_09_yatay_profil.039
23:54:33 | INFO: Blender create Mesh node M3_09_yatay_profil.040
23:54:33 | INFO: Blender create Mesh node M3_09_yatay_profil.041
23:54:33 | INFO: Blender create Mesh node M3_09_yatay_profil.042
23:54:33 | INFO: Blender create Mesh node M3_09_yatay_profil.043
23:54:33 | INFO: Blender create Mesh node M3_09_yatay_profil.044
23:54:33 | INFO: Blender create Mesh node M3_09_yatay_profil.045
23:54:33 | INFO: Blender create Mesh node M3_09_yatay_profil.046
23:54:33 | INFO: Blender create Mesh node M3_09_yatay_profil.047
23:54:33 | INFO: Blender create Mesh node M3_10_dik_profil.024
23:54:33 | INFO: Blender create Mesh node M3_10_dik_profil.025
23:54:33 | INFO: Blender create Mesh node M3_10_dik_profil.026
23:54:33 | INFO: Blender create Mesh node M3_10_dik_profil.027
23:54:33 | INFO: Blender create Mesh node M3_10_dik_profil.028
23:54:33 | INFO: Blender create Mesh node M3_10_dik_profil.029
23:54:33 | INFO: Blender create Mesh node M3_10_dik_profil.030
23:54:33 | INFO: Blender create Mesh node M3_10_dik_profil.031
23:54:33 | INFO: Blender create Mesh node M3_10_dik_profil.032
23:54:33 | INFO: Blender create Mesh node M3_10_dik_profil.033
23:54:33 | INFO: Blender create Mesh node M3_10_dik_profil.034
23:54:33 | INFO: Blender create Mesh node M3_10_dik_profil.035
23:54:33 | INFO: Blender create Mesh node M3_10_dik_profil.036
23:54:33 | INFO: Blender create Mesh node M3_10_dik_profil.037
23:54:33 | INFO: Blender create Mesh node M3_10_dik_profil.038
23:54:33 | INFO: Blender create Mesh node M3_10_dik_profil.039
23:54:33 | INFO: Blender create Mesh node M3_10_dik_profil.040
23:54:33 | INFO: Blender create Mesh node M3_10_dik_profil.041
23:54:33 | INFO: Blender create Mesh node M3_10_dik_profil.042
23:54:33 | INFO: Blender create Mesh node M3_10_dik_profil.043
23:54:33 | INFO: Blender create Mesh node M3_10_dik_profil.044
23:54:33 | INFO: Blender create Mesh node M3_10_dik_profil.045
23:54:33 | INFO: Blender create Mesh node M3_10_dik_profil.046
23:54:33 | INFO: Blender create Mesh node M3_10_dik_profil.047
23:54:33 | INFO: Blender create Mesh node M3_10_doseme_boslugu.001
23:54:33 | INFO: Blender create Mesh node M3_10_esik_doseme.001
23:54:33 | INFO: Blender create Mesh node M3_10_gobek.012
23:54:33 | INFO: Blender create Mesh node M3_10_gobek.013
23:54:33 | INFO: Blender create Mesh node M3_10_gobek.014
23:54:33 | INFO: Blender create Mesh node M3_10_gobek.015
23:54:33 | INFO: Blender create Mesh node M3_10_gobek.016
23:54:33 | INFO: Blender create Mesh node M3_10_gobek.017
23:54:33 | INFO: Blender create Mesh node M3_10_gobek.018
23:54:33 | INFO: Blender create Mesh node M3_10_gobek.019
23:54:33 | INFO: Blender create Mesh node M3_10_gobek.020
23:54:33 | INFO: Blender create Mesh node M3_10_gobek.021
23:54:33 | INFO: Blender create Mesh node M3_10_gobek.022
23:54:33 | INFO: Blender create Mesh node M3_10_gobek.023
23:54:33 | INFO: Blender create Mesh node M3_10_kanat.001
23:54:33 | INFO: Blender create Mesh node M3_10_kasa.002
23:54:33 | INFO: Blender create Mesh node M3_10_kasa.003
23:54:33 | INFO: Blender create Mesh node M3_10_mentese
23:54:33 | INFO: Blender create Mesh node M3_10_mentese.001
23:54:33 | INFO: Blender create Mesh node M3_10_mentese.002
23:54:33 | INFO: Blender create Mesh node M3_10_pervaz.004
23:54:33 | INFO: Blender create Mesh node M3_10_pervaz.005
23:54:33 | INFO: Blender create Mesh node M3_10_pervaz.006
23:54:33 | INFO: Blender create Mesh node M3_10_pervaz.007
23:54:33 | INFO: Blender create Mesh node Sphere.023
23:54:33 | INFO: Blender create Mesh node Sphere.024
23:54:33 | INFO: Blender create Mesh node M3_10_topuz_mili
23:54:33 | INFO: Blender create Mesh node M3_10_topuz_mili.001
23:54:33 | INFO: Blender create Mesh node M3_10_ust_kasa.001
23:54:33 | INFO: Blender create Mesh node M3_10_ust_pervaz.002
23:54:33 | INFO: Blender create Mesh node M3_10_ust_pervaz.003
23:54:33 | INFO: Blender create Mesh node M3_10_yatay_profil.024
23:54:33 | INFO: Blender create Mesh node M3_10_yatay_profil.025
23:54:33 | INFO: Blender create Mesh node M3_10_yatay_profil.026
23:54:33 | INFO: Blender create Mesh node M3_10_yatay_profil.027
23:54:33 | INFO: Blender create Mesh node M3_10_yatay_profil.028
23:54:33 | INFO: Blender create Mesh node M3_10_yatay_profil.029
23:54:33 | INFO: Blender create Mesh node M3_10_yatay_profil.030
23:54:33 | INFO: Blender create Mesh node M3_10_yatay_profil.031
23:54:33 | INFO: Blender create Mesh node M3_10_yatay_profil.032
23:54:33 | INFO: Blender create Mesh node M3_10_yatay_profil.033
23:54:33 | INFO: Blender create Mesh node M3_10_yatay_profil.034
23:54:33 | INFO: Blender create Mesh node M3_10_yatay_profil.035
23:54:33 | INFO: Blender create Mesh node M3_10_yatay_profil.036
23:54:33 | INFO: Blender create Mesh node M3_10_yatay_profil.037
23:54:33 | INFO: Blender create Mesh node M3_10_yatay_profil.038
23:54:33 | INFO: Blender create Mesh node M3_10_yatay_profil.039
23:54:33 | INFO: Blender create Mesh node M3_10_yatay_profil.040
23:54:33 | INFO: Blender create Mesh node M3_10_yatay_profil.041
23:54:33 | INFO: Blender create Mesh node M3_10_yatay_profil.042
23:54:33 | INFO: Blender create Mesh node M3_10_yatay_profil.043
23:54:33 | INFO: Blender create Mesh node M3_10_yatay_profil.044
23:54:33 | INFO: Blender create Mesh node M3_10_yatay_profil.045
23:54:33 | INFO: Blender create Mesh node M3_10_yatay_profil.046
23:54:33 | INFO: Blender create Mesh node M3_10_yatay_profil.047
23:54:33 | INFO: Blender create Mesh node M3_11_esik_doseme.001
23:54:33 | INFO: Blender create Mesh node M3_11_kanat.001
23:54:33 | INFO: Blender create Mesh node M3_11_kasa.002
23:54:33 | INFO: Blender create Mesh node M3_11_kasa.003
23:54:33 | INFO: Blender create Mesh node M3_11_kulp
23:54:33 | INFO: Blender create Mesh node M3_11_kulp.001
23:54:33 | INFO: Blender create Mesh node M3_11_mentese
23:54:33 | INFO: Blender create Mesh node M3_11_mentese.001
23:54:33 | INFO: Blender create Mesh node M3_11_mentese.002
23:54:33 | INFO: Blender create Mesh node M3_11_pervaz.004
23:54:33 | INFO: Blender create Mesh node M3_11_pervaz.005
23:54:33 | INFO: Blender create Mesh node M3_11_pervaz.006
23:54:33 | INFO: Blender create Mesh node M3_11_pervaz.007
23:54:33 | INFO: Blender create Mesh node M3_11_ust_kasa.001
23:54:33 | INFO: Blender create Mesh node M3_11_ust_pervaz.002
23:54:33 | INFO: Blender create Mesh node M3_11_ust_pervaz.003
23:54:33 | INFO: Blender create Mesh node M3_12_dik_profil.024
23:54:33 | INFO: Blender create Mesh node M3_12_dik_profil.025
23:54:33 | INFO: Blender create Mesh node M3_12_dik_profil.026
23:54:33 | INFO: Blender create Mesh node M3_12_dik_profil.027
23:54:33 | INFO: Blender create Mesh node M3_12_dik_profil.028
23:54:33 | INFO: Blender create Mesh node M3_12_dik_profil.029
23:54:33 | INFO: Blender create Mesh node M3_12_dik_profil.030
23:54:33 | INFO: Blender create Mesh node M3_12_dik_profil.031
23:54:33 | INFO: Blender create Mesh node M3_12_dik_profil.032
23:54:33 | INFO: Blender create Mesh node M3_12_dik_profil.033
23:54:33 | INFO: Blender create Mesh node M3_12_dik_profil.034
23:54:33 | INFO: Blender create Mesh node M3_12_dik_profil.035
23:54:33 | INFO: Blender create Mesh node M3_12_dik_profil.036
23:54:33 | INFO: Blender create Mesh node M3_12_dik_profil.037
23:54:33 | INFO: Blender create Mesh node M3_12_dik_profil.038
23:54:33 | INFO: Blender create Mesh node M3_12_dik_profil.039
23:54:33 | INFO: Blender create Mesh node M3_12_dik_profil.040
23:54:33 | INFO: Blender create Mesh node M3_12_dik_profil.041
23:54:33 | INFO: Blender create Mesh node M3_12_dik_profil.042
23:54:33 | INFO: Blender create Mesh node M3_12_dik_profil.043
23:54:33 | INFO: Blender create Mesh node M3_12_dik_profil.044
23:54:33 | INFO: Blender create Mesh node M3_12_dik_profil.045
23:54:33 | INFO: Blender create Mesh node M3_12_dik_profil.046
23:54:33 | INFO: Blender create Mesh node M3_12_dik_profil.047
23:54:33 | INFO: Blender create Mesh node M3_12_esik_doseme.001
23:54:33 | INFO: Blender create Mesh node M3_12_gobek.012
23:54:33 | INFO: Blender create Mesh node M3_12_gobek.013
23:54:33 | INFO: Blender create Mesh node M3_12_gobek.014
23:54:33 | INFO: Blender create Mesh node M3_12_gobek.015
23:54:33 | INFO: Blender create Mesh node M3_12_gobek.016
23:54:33 | INFO: Blender create Mesh node M3_12_gobek.017
23:54:33 | INFO: Blender create Mesh node M3_12_gobek.018
23:54:33 | INFO: Blender create Mesh node M3_12_gobek.019
23:54:33 | INFO: Blender create Mesh node M3_12_gobek.020
23:54:33 | INFO: Blender create Mesh node M3_12_gobek.021
23:54:33 | INFO: Blender create Mesh node M3_12_gobek.022
23:54:33 | INFO: Blender create Mesh node M3_12_gobek.023
23:54:33 | INFO: Blender create Mesh node M3_12_kanat.001
23:54:33 | INFO: Blender create Mesh node M3_12_kasa.002
23:54:33 | INFO: Blender create Mesh node M3_12_kasa.003
23:54:33 | INFO: Blender create Mesh node M3_12_mentese
23:54:33 | INFO: Blender create Mesh node M3_12_mentese.001
23:54:33 | INFO: Blender create Mesh node M3_12_mentese.002
23:54:33 | INFO: Blender create Mesh node M3_12_pervaz.004
23:54:33 | INFO: Blender create Mesh node M3_12_pervaz.005
23:54:33 | INFO: Blender create Mesh node M3_12_pervaz.006
23:54:33 | INFO: Blender create Mesh node M3_12_pervaz.007
23:54:33 | INFO: Blender create Mesh node Sphere.025
23:54:33 | INFO: Blender create Mesh node Sphere.026
23:54:33 | INFO: Blender create Mesh node M3_12_topuz_mili
23:54:33 | INFO: Blender create Mesh node M3_12_topuz_mili.001
23:54:33 | INFO: Blender create Mesh node M3_12_ust_kasa.001
23:54:33 | INFO: Blender create Mesh node M3_12_ust_pervaz.002
23:54:33 | INFO: Blender create Mesh node M3_12_ust_pervaz.003
23:54:33 | INFO: Blender create Mesh node M3_12_yatay_profil.024
23:54:33 | INFO: Blender create Mesh node M3_12_yatay_profil.025
23:54:33 | INFO: Blender create Mesh node M3_12_yatay_profil.026
23:54:33 | INFO: Blender create Mesh node M3_12_yatay_profil.027
23:54:33 | INFO: Blender create Mesh node M3_12_yatay_profil.028
23:54:33 | INFO: Blender create Mesh node M3_12_yatay_profil.029
23:54:33 | INFO: Blender create Mesh node M3_12_yatay_profil.030
23:54:33 | INFO: Blender create Mesh node M3_12_yatay_profil.031
23:54:33 | INFO: Blender create Mesh node M3_12_yatay_profil.032
23:54:33 | INFO: Blender create Mesh node M3_12_yatay_profil.033
23:54:33 | INFO: Blender create Mesh node M3_12_yatay_profil.034
23:54:33 | INFO: Blender create Mesh node M3_12_yatay_profil.035
23:54:33 | INFO: Blender create Mesh node M3_12_yatay_profil.036
23:54:33 | INFO: Blender create Mesh node M3_12_yatay_profil.037
23:54:33 | INFO: Blender create Mesh node M3_12_yatay_profil.038
23:54:33 | INFO: Blender create Mesh node M3_12_yatay_profil.039
23:54:33 | INFO: Blender create Mesh node M3_12_yatay_profil.040
23:54:33 | INFO: Blender create Mesh node M3_12_yatay_profil.041
23:54:33 | INFO: Blender create Mesh node M3_12_yatay_profil.042
23:54:33 | INFO: Blender create Mesh node M3_12_yatay_profil.043
23:54:33 | INFO: Blender create Mesh node M3_12_yatay_profil.044
23:54:33 | INFO: Blender create Mesh node M3_12_yatay_profil.045
23:54:33 | INFO: Blender create Mesh node M3_12_yatay_profil.046
23:54:33 | INFO: Blender create Mesh node M3_12_yatay_profil.047
23:54:33 | INFO: Blender create Mesh node M3_13_dik_profil.024
23:54:33 | INFO: Blender create Mesh node M3_13_dik_profil.025
23:54:33 | INFO: Blender create Mesh node M3_13_dik_profil.026
23:54:33 | INFO: Blender create Mesh node M3_13_dik_profil.027
23:54:33 | INFO: Blender create Mesh node M3_13_dik_profil.028
23:54:33 | INFO: Blender create Mesh node M3_13_dik_profil.029
23:54:33 | INFO: Blender create Mesh node M3_13_dik_profil.030
23:54:34 | INFO: Blender create Mesh node M3_13_dik_profil.031
23:54:34 | INFO: Blender create Mesh node M3_13_dik_profil.032
23:54:34 | INFO: Blender create Mesh node M3_13_dik_profil.033
23:54:34 | INFO: Blender create Mesh node M3_13_dik_profil.034
23:54:34 | INFO: Blender create Mesh node M3_13_dik_profil.035
23:54:34 | INFO: Blender create Mesh node M3_13_dik_profil.036
23:54:34 | INFO: Blender create Mesh node M3_13_dik_profil.037
23:54:34 | INFO: Blender create Mesh node M3_13_dik_profil.038
23:54:34 | INFO: Blender create Mesh node M3_13_dik_profil.039
23:54:34 | INFO: Blender create Mesh node M3_13_dik_profil.040
23:54:34 | INFO: Blender create Mesh node M3_13_dik_profil.041
23:54:34 | INFO: Blender create Mesh node M3_13_dik_profil.042
23:54:34 | INFO: Blender create Mesh node M3_13_dik_profil.043
23:54:34 | INFO: Blender create Mesh node M3_13_dik_profil.044
23:54:34 | INFO: Blender create Mesh node M3_13_dik_profil.045
23:54:34 | INFO: Blender create Mesh node M3_13_dik_profil.046
23:54:34 | INFO: Blender create Mesh node M3_13_dik_profil.047
23:54:34 | INFO: Blender create Mesh node M3_13_esik_doseme.001
23:54:34 | INFO: Blender create Mesh node M3_13_gobek.012
23:54:34 | INFO: Blender create Mesh node M3_13_gobek.013
23:54:34 | INFO: Blender create Mesh node M3_13_gobek.014
23:54:34 | INFO: Blender create Mesh node M3_13_gobek.015
23:54:34 | INFO: Blender create Mesh node M3_13_gobek.016
23:54:34 | INFO: Blender create Mesh node M3_13_gobek.017
23:54:34 | INFO: Blender create Mesh node M3_13_gobek.018
23:54:34 | INFO: Blender create Mesh node M3_13_gobek.019
23:54:34 | INFO: Blender create Mesh node M3_13_gobek.020
23:54:34 | INFO: Blender create Mesh node M3_13_gobek.021
23:54:34 | INFO: Blender create Mesh node M3_13_gobek.022
23:54:34 | INFO: Blender create Mesh node M3_13_gobek.023
23:54:34 | INFO: Blender create Mesh node M3_13_kanat.001
23:54:34 | INFO: Blender create Mesh node M3_13_kasa.002
23:54:34 | INFO: Blender create Mesh node M3_13_kasa.003
23:54:34 | INFO: Blender create Mesh node M3_13_kasa_bini
23:54:34 | INFO: Blender create Mesh node M3_13_kasa_bini.001
23:54:34 | INFO: Blender create Mesh node M3_13_kulp.002
23:54:34 | INFO: Blender create Mesh node M3_13_kulp.003
23:54:34 | INFO: Blender create Mesh node M3_13_mentese.003
23:54:34 | INFO: Blender create Mesh node M3_13_mentese.004
23:54:34 | INFO: Blender create Mesh node M3_13_mentese.005
23:54:34 | INFO: Blender create Mesh node M3_13_pervaz.004
23:54:34 | INFO: Blender create Mesh node M3_13_pervaz.005
23:54:34 | INFO: Blender create Mesh node M3_13_pervaz.006
23:54:34 | INFO: Blender create Mesh node M3_13_pervaz.007
23:54:34 | INFO: Blender create Mesh node M3_13_ust_bini
23:54:34 | INFO: Blender create Mesh node M3_13_ust_kasa.001
23:54:34 | INFO: Blender create Mesh node M3_13_ust_pervaz.002
23:54:34 | INFO: Blender create Mesh node M3_13_ust_pervaz.003
23:54:34 | INFO: Blender create Mesh node M3_13_yatay_profil.024
23:54:34 | INFO: Blender create Mesh node M3_13_yatay_profil.025
23:54:34 | INFO: Blender create Mesh node M3_13_yatay_profil.026
23:54:34 | INFO: Blender create Mesh node M3_13_yatay_profil.027
23:54:34 | INFO: Blender create Mesh node M3_13_yatay_profil.028
23:54:34 | INFO: Blender create Mesh node M3_13_yatay_profil.029
23:54:34 | INFO: Blender create Mesh node M3_13_yatay_profil.030
23:54:34 | INFO: Blender create Mesh node M3_13_yatay_profil.031
23:54:34 | INFO: Blender create Mesh node M3_13_yatay_profil.032
23:54:34 | INFO: Blender create Mesh node M3_13_yatay_profil.033
23:54:34 | INFO: Blender create Mesh node M3_13_yatay_profil.034
23:54:34 | INFO: Blender create Mesh node M3_13_yatay_profil.035
23:54:34 | INFO: Blender create Mesh node M3_13_yatay_profil.036
23:54:34 | INFO: Blender create Mesh node M3_13_yatay_profil.037
23:54:34 | INFO: Blender create Mesh node M3_13_yatay_profil.038
23:54:34 | INFO: Blender create Mesh node M3_13_yatay_profil.039
23:54:34 | INFO: Blender create Mesh node M3_13_yatay_profil.040
23:54:34 | INFO: Blender create Mesh node M3_13_yatay_profil.041
23:54:34 | INFO: Blender create Mesh node M3_13_yatay_profil.042
23:54:34 | INFO: Blender create Mesh node M3_13_yatay_profil.043
23:54:34 | INFO: Blender create Mesh node M3_13_yatay_profil.044
23:54:34 | INFO: Blender create Mesh node M3_13_yatay_profil.045
23:54:34 | INFO: Blender create Mesh node M3_13_yatay_profil.046
23:54:34 | INFO: Blender create Mesh node M3_13_yatay_profil.047
23:54:34 | INFO: Blender create Mesh node M3C_kapi_ustu
23:54:34 | INFO: Blender create Mesh node M3C_sag_yan
23:54:34 | INFO: Blender create Mesh node M3C_sol_yan
23:54:34 | INFO: Blender create Mesh node M6_Antre_boru
23:54:34 | INFO: Blender create Mesh node M6_Antre_boru.001
23:54:34 | INFO: Blender create Mesh node M6_Antre_dilim_00
23:54:34 | INFO: Blender create Mesh node M6_Antre_dilim_01
23:54:34 | INFO: Blender create Mesh node M6_Antre_dilim_02
23:54:34 | INFO: Blender create Mesh node M6_Antre_dilim_03
23:54:34 | INFO: Blender create Mesh node M6_Antre_dilim_04
23:54:34 | INFO: Blender create Mesh node M6_Antre_dilim_05
23:54:34 | INFO: Blender create Mesh node M6_Antre_dilim_06
23:54:34 | INFO: Blender create Mesh node M6_Antre_dilim_07
23:54:34 | INFO: Blender create Mesh node M6_Antre_dilim_08
23:54:34 | INFO: Blender create Mesh node M6_Antre_dilim_09
23:54:34 | INFO: Blender create Mesh node M6_Antre_duvar_askisi
23:54:34 | INFO: Blender create Mesh node M6_Antre_duvar_askisi.001
23:54:34 | INFO: Blender create Mesh node M6_Antre_duvar_askisi.002
23:54:34 | INFO: Blender create Mesh node M6_Antre_duvar_askisi.003
23:54:34 | INFO: Blender create Mesh node M6_Antre_kollektor
23:54:34 | INFO: Blender create Mesh node M6_Antre_kollektor.001
23:54:34 | INFO: Blender create Mesh node M6_Antre_vana
23:54:34 | INFO: Blender create Mesh node M6_Antre_vana.001
23:54:34 | INFO: glTF import finished in 4.40s
[kontrol] ekler yüklendi: C:\Users\yigit\Downloads\angora-main (2)\angora-main\build\web\26092026\EKLER.glb
[kontrol] silindi mobilya BLCK 28 yüz
[kontrol] silindi mobilya FINISH | Silver mirror 71 yüz
[kontrol] silindi mimari interior.002 33 yüz
[kontrol] silindi mimari wood_dark (4) 17809 yüz
[kontrol] silindi mimari metal (5) 17483 yüz
[kontrol] silindi mimari Lift | Photographed walnut door finish (4).001 1149 yüz
[kontrol] silindi mobilya metal1 8505 yüz
[kontrol] silindi mobilya ROUGHNSS90 4668 yüz
[kontrol] silindi mobilya wht 68 yüz
[kontrol] silindi mobilya WOOD1 722 yüz
[kontrol] silindi mobilya WOOD2 14594 yüz
[kontrol] silindi mobilya metal3 189 yüz
[kontrol] silindi mobilya bulb_warm 748 yüz
C:\Users\yigit\Downloads\angora-main (2)\angora-main\tools\blender\08_kontrol_render.py:119: DeprecationWarning: 'World.use_nodes' is expected to be removed in Blender 6.0
  world = bpy.data.worlds.new('Gok'); scene.world = world; world.use_nodes = True
00:38.125  cycles           | WARNING HIPEW initialization failed: Error opening HIP dynamic library
[ray] 304
Blender 5.2.1 LTS (hash 9e2066aef7ef built 2026-08-25 02:38:20)

Blender quit
