18:14:38 | INFO: Data are loaded, start creating Blender stuff
18:14:38 | INFO: Blender create Mesh node Mesh_15183.008
18:14:38 | INFO: Blender create Mesh node Mesh_3020.001
18:14:38 | INFO: Blender create Mesh node Mesh_15183.003
18:14:38 | INFO: Blender create Mesh node Mesh_11.004
18:14:38 | INFO: Blender create Mesh node antique_wood (2) | interior-common.118
18:14:38 | INFO: Blender create Mesh node Mesh_3020.004
18:14:38 | INFO: Blender create Mesh node Cube.001
18:14:38 | INFO: Blender create Mesh node Mesh_3020.009
18:14:39 | INFO: Blender create Mesh node Mesh_15183.114
18:14:39 | INFO: Blender create Mesh node Cube.003
18:14:39 | INFO: Blender create Mesh node Mesh_93.005
18:14:40 | INFO: Blender create Mesh node Mesh_3020.002
18:14:41 | INFO: Blender create Mesh node Mesh_242
18:14:41 | INFO: Blender create Mesh node Mesh_11.003
18:14:41 | INFO: Blender create Mesh node Mesh_11.001
18:14:41 | INFO: Blender create Mesh node Mesh_15183.002
18:14:41 | INFO: Blender create Mesh node Mesh_15183.104
18:14:41 | INFO: Blender create Mesh node Mesh_15183.109
18:14:41 | INFO: Blender create Mesh node Mesh_97
18:14:41 | INFO: Blender create Mesh node Mesh_15183.103
18:14:41 | INFO: Blender create Mesh node Mesh_15183.107
18:14:41 | INFO: Blender create Mesh node Mesh_15183.108
18:14:41 | INFO: Blender create Mesh node Mesh_15183.099
18:14:41 | INFO: Blender create Mesh node Mesh_15183.100
18:14:41 | INFO: Blender create Mesh node Mesh_15183.001
18:14:41 | INFO: glTF import finished in 2.82s
18:14:41 | INFO: Data are loaded, start creating Blender stuff
18:14:41 | INFO: Blender create Mesh node antique_wood (2) | interior-common.087
18:14:41 | INFO: Blender create Mesh node antique_wood (2) | interior-common.017
18:14:41 | INFO: Blender create Mesh node antique_wood (2) | interior-common.013
18:14:41 | INFO: Blender create Mesh node antique_wood (2) | interior-common.043
18:14:41 | INFO: Blender create Mesh node antique_wood (2) | interior-common.001
18:14:41 | INFO: Blender create Mesh node antique_wood (2) | interior-common.016
18:14:41 | INFO: Blender create Mesh node antique_wood (2) | interior-common.084
18:14:41 | INFO: Blender create Mesh node antique_wood (2) | interior-common.060
18:14:41 | INFO: Blender create Mesh node antique_wood (2) | interior-common.058
18:14:41 | INFO: Blender create Mesh node antique_wood (2) | interior-common.067
18:14:41 | INFO: Blender create Mesh node antique_wood (2) | interior-common.140
18:14:41 | INFO: Blender create Mesh node antique_wood (2) | interior-common.094
18:14:41 | INFO: Blender create Mesh node antique_wood (2) | interior-common.047
18:14:42 | INFO: Blender create Mesh node antique_wood (2) | interior-common.065
18:14:42 | INFO: Blender create Mesh node antique_wood (2) | interior-common.073
18:14:42 | INFO: Blender create Mesh node antique_wood (2) | interior-common.019
18:14:42 | INFO: Blender create Mesh node antique_wood (2) | interior-common.049
18:14:42 | INFO: Blender create Mesh node antique_wood (2) | interior-common.100
18:14:42 | INFO: Blender create Mesh node antique_wood (2) | interior-common.120
18:14:42 | INFO: Blender create Mesh node antique_wood (2) | interior-common.110
18:14:42 | INFO: Blender create Mesh node antique_wood (2) | interior-common.116
18:14:42 | INFO: glTF import finished in 1.59s
18:14:43 | INFO: Data are loaded, start creating Blender stuff
18:14:43 | INFO: Blender create Mesh node M1_kartonpiyer_001
18:14:43 | INFO: Blender create Mesh node M1_kartonpiyer_002
18:14:43 | INFO: Blender create Mesh node M1_kartonpiyer_003
18:14:43 | INFO: Blender create Mesh node M1_kartonpiyer_004
18:14:43 | INFO: Blender create Mesh node M1_kartonpiyer_005
18:14:43 | INFO: Blender create Mesh node M1_kartonpiyer_006
18:14:43 | INFO: Blender create Mesh node M1_kartonpiyer_007
18:14:43 | INFO: Blender create Mesh node M1_kartonpiyer_008
18:14:43 | INFO: Blender create Mesh node M1_kartonpiyer_009
18:14:43 | INFO: Blender create Mesh node M1_kartonpiyer_010
18:14:43 | INFO: Blender create Mesh node M1_kartonpiyer_011
18:14:43 | INFO: Blender create Mesh node M1_kartonpiyer_012
18:14:43 | INFO: Blender create Mesh node M1_kartonpiyer_013
18:14:43 | INFO: Blender create Mesh node M1_kartonpiyer_014
18:14:43 | INFO: Blender create Mesh node M1_kartonpiyer_015
18:14:43 | INFO: Blender create Mesh node M1_kartonpiyer_016
18:14:43 | INFO: Blender create Mesh node M1_kartonpiyer_017
18:14:43 | INFO: Blender create Mesh node M1_kartonpiyer_018
18:14:43 | INFO: Blender create Mesh node M1_kartonpiyer_019
18:14:43 | INFO: Blender create Mesh node M1_kartonpiyer_020
18:14:43 | INFO: Blender create Mesh node M1_kartonpiyer_021
18:14:43 | INFO: Blender create Mesh node M1_kartonpiyer_022
18:14:43 | INFO: Blender create Mesh node M1_kartonpiyer_023
18:14:43 | INFO: Blender create Mesh node M1_kartonpiyer_024
18:14:43 | INFO: Blender create Mesh node M1_kartonpiyer_025
18:14:43 | INFO: Blender create Mesh node M1_kartonpiyer_026
18:14:43 | INFO: Blender create Mesh node M1_kartonpiyer_027
18:14:43 | INFO: Blender create Mesh node M1_kartonpiyer_028
18:14:43 | INFO: Blender create Mesh node M1_kartonpiyer_029
18:14:43 | INFO: Blender create Mesh node M1_kartonpiyer_030
18:14:43 | INFO: Blender create Mesh node M1_kartonpiyer_031
18:14:43 | INFO: Blender create Mesh node M1_kartonpiyer_032
18:14:43 | INFO: Blender create Mesh node M1_kartonpiyer_033
18:14:43 | INFO: Blender create Mesh node M1_kartonpiyer_034
18:14:43 | INFO: Blender create Mesh node M1_kartonpiyer_035
18:14:43 | INFO: Blender create Mesh node M1_kartonpiyer_036
18:14:43 | INFO: Blender create Mesh node M1_kartonpiyer_037
18:14:43 | INFO: Blender create Mesh node M1_kartonpiyer_038
18:14:43 | INFO: Blender create Mesh node M1_kartonpiyer_039
18:14:43 | INFO: Blender create Mesh node M1_kartonpiyer_040
18:14:43 | INFO: Blender create Mesh node M1_kartonpiyer_041
18:14:43 | INFO: Blender create Mesh node M1_kartonpiyer_042
18:14:43 | INFO: Blender create Mesh node M1_kartonpiyer_043
18:14:43 | INFO: Blender create Mesh node M1_kartonpiyer_044
18:14:43 | INFO: Blender create Mesh node M1_kartonpiyer_045
18:14:43 | INFO: Blender create Mesh node M1_kartonpiyer_046
18:14:43 | INFO: Blender create Mesh node M1_kartonpiyer_047
18:14:43 | INFO: Blender create Mesh node M1_kartonpiyer_048
18:14:43 | INFO: Blender create Mesh node M1_kartonpiyer_049
18:14:43 | INFO: Blender create Mesh node M1_kartonpiyer_050
18:14:43 | INFO: Blender create Mesh node M1_kartonpiyer_051
18:14:43 | INFO: Blender create Mesh node M1_kartonpiyer_052
18:14:43 | INFO: Blender create Mesh node M1_kartonpiyer_053
18:14:43 | INFO: Blender create Mesh node M1_kartonpiyer_054
18:14:43 | INFO: Blender create Mesh node M1_kartonpiyer_055
18:14:43 | INFO: Blender create Mesh node M1_kartonpiyer_056
18:14:43 | INFO: Blender create Mesh node M1_kartonpiyer_057
18:14:43 | INFO: Blender create Mesh node M1_kartonpiyer_058
18:14:43 | INFO: Blender create Mesh node M1_kartonpiyer_059
18:14:43 | INFO: Blender create Mesh node M1_kartonpiyer_060
18:14:43 | INFO: Blender create Mesh node M1_kartonpiyer_061
18:14:43 | INFO: Blender create Mesh node M1_kartonpiyer_062
18:14:43 | INFO: Blender create Mesh node M1_kartonpiyer_063
18:14:43 | INFO: Blender create Mesh node M1_kartonpiyer_064
18:14:43 | INFO: Blender create Mesh node M1_kartonpiyer_065
18:14:43 | INFO: Blender create Mesh node M1_kartonpiyer_066
18:14:43 | INFO: Blender create Mesh node M1_kartonpiyer_067
18:14:43 | INFO: Blender create Mesh node M1_kartonpiyer_068
18:14:43 | INFO: Blender create Mesh node M1_kartonpiyer_069
18:14:43 | INFO: Blender create Mesh node M1_kartonpiyer_070
18:14:43 | INFO: Blender create Mesh node M1_kartonpiyer_071
18:14:43 | INFO: Blender create Mesh node M1_kartonpiyer_072
18:14:43 | INFO: Blender create Mesh node M1_kartonpiyer_073
18:14:43 | INFO: Blender create Mesh node M1_kartonpiyer_074
18:14:43 | INFO: Blender create Mesh node M1_kartonpiyer_075
18:14:43 | INFO: Blender create Mesh node M1_kartonpiyer_076
18:14:43 | INFO: Blender create Mesh node M1_kartonpiyer_077
18:14:43 | INFO: Blender create Mesh node M1_kartonpiyer_078
18:14:43 | INFO: Blender create Mesh node M1_kartonpiyer_079
18:14:43 | INFO: Blender create Mesh node M1_kartonpiyer_080
18:14:43 | INFO: Blender create Mesh node M1_kartonpiyer_081
18:14:43 | INFO: Blender create Mesh node M1_kartonpiyer_082
18:14:43 | INFO: Blender create Mesh node M1_kartonpiyer_083
18:14:43 | INFO: Blender create Mesh node M1_kartonpiyer_084
18:14:43 | INFO: Blender create Mesh node M1_kartonpiyer_085
18:14:43 | INFO: Blender create Mesh node M1_kartonpiyer_086
18:14:43 | INFO: Blender create Mesh node M1_kartonpiyer_087
18:14:43 | INFO: Blender create Mesh node M1_kartonpiyer_088
18:14:43 | INFO: Blender create Mesh node M1_kartonpiyer_089
18:14:43 | INFO: Blender create Mesh node M1_kartonpiyer_090
18:14:43 | INFO: Blender create Mesh node M1_kartonpiyer_091
18:14:43 | INFO: Blender create Mesh node M1_kartonpiyer_092
18:14:43 | INFO: Blender create Mesh node M1_kartonpiyer_093
18:14:43 | INFO: Blender create Mesh node M1_kartonpiyer_094
18:14:43 | INFO: Blender create Mesh node M1_kartonpiyer_095
18:14:43 | INFO: Blender create Mesh node M1_kartonpiyer_096
18:14:43 | INFO: Blender create Mesh node M1_kartonpiyer_097
18:14:43 | INFO: Blender create Mesh node M1_kartonpiyer_098
18:14:43 | INFO: Blender create Mesh node M1_kartonpiyer_099
18:14:43 | INFO: Blender create Mesh node M1_kartonpiyer_100
18:14:43 | INFO: Blender create Mesh node M1_kartonpiyer_101
18:14:43 | INFO: Blender create Mesh node M1_kartonpiyer_102
18:14:43 | INFO: Blender create Mesh node M1_kartonpiyer_103
18:14:43 | INFO: Blender create Mesh node M1_kartonpiyer_104
18:14:43 | INFO: Blender create Mesh node M1_kartonpiyer_105
18:14:43 | INFO: Blender create Mesh node M1_kartonpiyer_106
18:14:43 | INFO: Blender create Mesh node M1_kartonpiyer_107
18:14:43 | INFO: Blender create Mesh node M1_kartonpiyer_108
18:14:43 | INFO: Blender create Mesh node M1_kartonpiyer_109
18:14:43 | INFO: Blender create Mesh node M1_kartonpiyer_110
18:14:43 | INFO: Blender create Mesh node M1_kartonpiyer_111
18:14:43 | INFO: Blender create Mesh node M1_kartonpiyer_112
18:14:43 | INFO: Blender create Mesh node M1_kartonpiyer_113
18:14:43 | INFO: Blender create Mesh node M1_kartonpiyer_114
18:14:43 | INFO: Blender create Mesh node M1_kartonpiyer_115
18:14:43 | INFO: Blender create Mesh node M1_kartonpiyer_116
18:14:43 | INFO: Blender create Mesh node M1_kartonpiyer_117
18:14:43 | INFO: Blender create Mesh node M1_kartonpiyer_118
18:14:43 | INFO: Blender create Mesh node M1_kartonpiyer_119
18:14:43 | INFO: Blender create Mesh node M1_kartonpiyer_120
18:14:43 | INFO: Blender create Mesh node M1_kartonpiyer_121
18:14:43 | INFO: Blender create Mesh node M1_kartonpiyer_122
18:14:43 | INFO: Blender create Mesh node M1_kartonpiyer_123
18:14:43 | INFO: Blender create Mesh node M1_kartonpiyer_124
18:14:43 | INFO: Blender create Mesh node M1_kartonpiyer_125
18:14:43 | INFO: Blender create Mesh node M1_kartonpiyer_126
18:14:43 | INFO: Blender create Mesh node M1_kartonpiyer_127
18:14:43 | INFO: Blender create Mesh node M1_kartonpiyer_128
18:14:43 | INFO: Blender create Mesh node M1_kartonpiyer_129
18:14:43 | INFO: Blender create Mesh node M1_kartonpiyer_130
18:14:43 | INFO: Blender create Mesh node M1_kartonpiyer_131
18:14:43 | INFO: Blender create Mesh node M1_kartonpiyer_132
18:14:43 | INFO: Blender create Mesh node M1_kartonpiyer_133
18:14:43 | INFO: Blender create Mesh node M1_kartonpiyer_134
18:14:43 | INFO: Blender create Mesh node M1_kartonpiyer_135
18:14:43 | INFO: Blender create Mesh node M1_kartonpiyer_136
18:14:43 | INFO: Blender create Mesh node M1_kartonpiyer_137
18:14:43 | INFO: Blender create Mesh node M1_kartonpiyer_138
18:14:43 | INFO: Blender create Mesh node M1_kartonpiyer_139
18:14:43 | INFO: Blender create Mesh node M1_kartonpiyer_140
18:14:43 | INFO: Blender create Mesh node M1_kartonpiyer_141
18:14:43 | INFO: Blender create Mesh node M1_kartonpiyer_142
18:14:43 | INFO: Blender create Mesh node M1_kartonpiyer_143
18:14:43 | INFO: Blender create Mesh node M1_kartonpiyer_144
18:14:43 | INFO: Blender create Mesh node M1_kartonpiyer_145
18:14:43 | INFO: Blender create Mesh node M1_kartonpiyer_146
18:14:43 | INFO: Blender create Mesh node M1_kartonpiyer_147
18:14:43 | INFO: Blender create Mesh node M1_kartonpiyer_148
18:14:43 | INFO: Blender create Mesh node M1_kartonpiyer_149
18:14:43 | INFO: Blender create Mesh node M1_kartonpiyer_150
18:14:43 | INFO: Blender create Mesh node M1_kartonpiyer_151
18:14:43 | INFO: Blender create Mesh node M1_kartonpiyer_152
18:14:43 | INFO: Blender create Mesh node M1_kartonpiyer_153
18:14:43 | INFO: Blender create Mesh node M1_kartonpiyer_154
18:14:43 | INFO: Blender create Mesh node M1_kartonpiyer_155
18:14:43 | INFO: Blender create Mesh node M1_kartonpiyer_156
18:14:43 | INFO: Blender create Mesh node M1_kartonpiyer_157
18:14:43 | INFO: Blender create Mesh node M1_kartonpiyer_158
18:14:43 | INFO: Blender create Mesh node M1_kartonpiyer_159
18:14:43 | INFO: Blender create Mesh node M1_kartonpiyer_160
18:14:43 | INFO: Blender create Mesh node M1_kartonpiyer_161
18:14:43 | INFO: Blender create Mesh node M1_kartonpiyer_162
18:14:43 | INFO: Blender create Mesh node M1_kartonpiyer_163
18:14:43 | INFO: Blender create Mesh node M1_kartonpiyer_164
18:14:43 | INFO: Blender create Mesh node M1_kartonpiyer_165
18:14:43 | INFO: Blender create Mesh node M1_kartonpiyer_166
18:14:43 | INFO: Blender create Mesh node M1_kartonpiyer_167
18:14:43 | INFO: Blender create Mesh node M1_kartonpiyer_168
18:14:43 | INFO: Blender create Mesh node M1_kartonpiyer_169
18:14:43 | INFO: Blender create Mesh node M1_kartonpiyer_170
18:14:43 | INFO: Blender create Mesh node M1_kartonpiyer_171
18:14:43 | INFO: Blender create Mesh node M1_kartonpiyer_172
18:14:43 | INFO: Blender create Mesh node M1_kartonpiyer_173
18:14:43 | INFO: Blender create Mesh node M1_kartonpiyer_174
18:14:43 | INFO: Blender create Mesh node M1_kartonpiyer_175
18:14:43 | INFO: Blender create Mesh node M1_kartonpiyer_176
18:14:43 | INFO: Blender create Mesh node M1_kartonpiyer_177
18:14:43 | INFO: Blender create Mesh node M1_kartonpiyer_178
18:14:43 | INFO: Blender create Mesh node M1_kartonpiyer_179
18:14:43 | INFO: Blender create Mesh node M1_kartonpiyer_180
18:14:43 | INFO: Blender create Mesh node M1_kartonpiyer_181
18:14:43 | INFO: Blender create Mesh node M1_kartonpiyer_182
18:14:43 | INFO: Blender create Mesh node M1_kartonpiyer_183
18:14:43 | INFO: Blender create Mesh node M1_kartonpiyer_184
18:14:43 | INFO: Blender create Mesh node M1_kartonpiyer_185
18:14:43 | INFO: Blender create Mesh node M1_kartonpiyer_186
18:14:43 | INFO: Blender create Mesh node M1_kartonpiyer_187
18:14:43 | INFO: Blender create Mesh node M1_kartonpiyer_188
18:14:43 | INFO: Blender create Mesh node M1_kartonpiyer_189
18:14:43 | INFO: Blender create Mesh node M1_kartonpiyer_190
18:14:43 | INFO: Blender create Mesh node M1_kartonpiyer_191
18:14:43 | INFO: Blender create Mesh node M1_kartonpiyer_192
18:14:43 | INFO: Blender create Mesh node M1_kartonpiyer_193
18:14:43 | INFO: Blender create Mesh node M1_kartonpiyer_194
18:14:43 | INFO: Blender create Mesh node M1_kartonpiyer_195
18:14:43 | INFO: Blender create Mesh node M1_kartonpiyer_196
18:14:43 | INFO: Blender create Mesh node M1_kartonpiyer_197
18:14:43 | INFO: Blender create Mesh node M1_kartonpiyer_198
18:14:43 | INFO: Blender create Mesh node M1_kartonpiyer_199
18:14:43 | INFO: Blender create Mesh node M1_kartonpiyer_200
18:14:43 | INFO: Blender create Mesh node M1_kartonpiyer_201
18:14:43 | INFO: Blender create Mesh node M1_kartonpiyer_202
18:14:43 | INFO: Blender create Mesh node M1_kartonpiyer_203
18:14:43 | INFO: Blender create Mesh node M1_kartonpiyer_204
18:14:43 | INFO: Blender create Mesh node M1_kartonpiyer_205
18:14:43 | INFO: Blender create Mesh node M1_kartonpiyer_206
18:14:43 | INFO: Blender create Mesh node M1_kartonpiyer_207
18:14:43 | INFO: Blender create Mesh node M1_kartonpiyer_208
18:14:43 | INFO: Blender create Mesh node M1_kartonpiyer_209
18:14:43 | INFO: Blender create Mesh node M1_kartonpiyer_210
18:14:43 | INFO: Blender create Mesh node M1_kartonpiyer_211
18:14:43 | INFO: Blender create Mesh node M1_kartonpiyer_212
18:14:43 | INFO: Blender create Mesh node M1_kartonpiyer_213
18:14:43 | INFO: Blender create Mesh node M1_kartonpiyer_214
18:14:43 | INFO: Blender create Mesh node M1_kartonpiyer_215
18:14:43 | INFO: Blender create Mesh node M1_kartonpiyer_216
18:14:43 | INFO: Blender create Mesh node M1_kartonpiyer_217
18:14:43 | INFO: Blender create Mesh node M1_kartonpiyer_218
18:14:43 | INFO: Blender create Mesh node M1_kartonpiyer_219
18:14:43 | INFO: Blender create Mesh node M1_kartonpiyer_220
18:14:43 | INFO: Blender create Mesh node M1_kartonpiyer_221
18:14:43 | INFO: Blender create Mesh node M1_kartonpiyer_222
18:14:43 | INFO: Blender create Mesh node M1_kartonpiyer_223
18:14:43 | INFO: Blender create Mesh node M1_kartonpiyer_224
18:14:43 | INFO: Blender create Mesh node M1_kartonpiyer_225
18:14:43 | INFO: Blender create Mesh node M1_kartonpiyer_226
18:14:43 | INFO: Blender create Mesh node M1_kartonpiyer_227
18:14:43 | INFO: Blender create Mesh node M1_kartonpiyer_228
18:14:43 | INFO: Blender create Mesh node M1_kartonpiyer_229
18:14:43 | INFO: Blender create Mesh node M1_kartonpiyer_230
18:14:43 | INFO: Blender create Mesh node M1_kartonpiyer_231
18:14:43 | INFO: Blender create Mesh node M1_kartonpiyer_232
18:14:43 | INFO: Blender create Mesh node M1_kartonpiyer_233
18:14:43 | INFO: Blender create Mesh node M1_kartonpiyer_234
18:14:43 | INFO: Blender create Mesh node M1_kartonpiyer_235
18:14:43 | INFO: Blender create Mesh node M1_kartonpiyer_236
18:14:43 | INFO: Blender create Mesh node M1_kartonpiyer_237
18:14:43 | INFO: Blender create Mesh node M1_kartonpiyer_238
18:14:43 | INFO: Blender create Mesh node M1_kartonpiyer_239
18:14:43 | INFO: Blender create Mesh node M1_kartonpiyer_240
18:14:43 | INFO: Blender create Mesh node M1_kartonpiyer_241
18:14:43 | INFO: Blender create Mesh node M1_kartonpiyer_242
18:14:43 | INFO: Blender create Mesh node M1_kartonpiyer_243
18:14:43 | INFO: Blender create Mesh node M1_kartonpiyer_244
18:14:43 | INFO: Blender create Mesh node M1_kartonpiyer_245
18:14:43 | INFO: Blender create Mesh node M1_kartonpiyer_246
18:14:43 | INFO: Blender create Mesh node M1_kartonpiyer_247
18:14:43 | INFO: Blender create Mesh node M1_kartonpiyer_248
18:14:43 | INFO: Blender create Mesh node M1_kartonpiyer_249
18:14:43 | INFO: Blender create Mesh node M1_kartonpiyer_250
18:14:43 | INFO: Blender create Mesh node M1_kartonpiyer_251
18:14:43 | INFO: Blender create Mesh node M1_kartonpiyer_252
18:14:43 | INFO: Blender create Mesh node M1_kartonpiyer_253
18:14:43 | INFO: Blender create Mesh node M1_kartonpiyer_254
18:14:43 | INFO: Blender create Mesh node M1_kartonpiyer_255
18:14:43 | INFO: Blender create Mesh node M1_kartonpiyer_256
18:14:43 | INFO: Blender create Mesh node M1_kartonpiyer_257
18:14:43 | INFO: Blender create Mesh node M1_kartonpiyer_258
18:14:43 | INFO: Blender create Mesh node M1_kartonpiyer_259
18:14:43 | INFO: Blender create Mesh node M1_kartonpiyer_260
18:14:43 | INFO: Blender create Mesh node M1_kartonpiyer_261
18:14:43 | INFO: Blender create Mesh node M1_kartonpiyer_262
18:14:43 | INFO: Blender create Mesh node M1_kartonpiyer_263
18:14:43 | INFO: Blender create Mesh node M1_kartonpiyer_264
18:14:43 | INFO: Blender create Mesh node M1_kartonpiyer_265
18:14:43 | INFO: Blender create Mesh node M1_kartonpiyer_266
18:14:43 | INFO: Blender create Mesh node M1_kartonpiyer_267
18:14:43 | INFO: Blender create Mesh node M1_kartonpiyer_268
18:14:43 | INFO: Blender create Mesh node M1_kartonpiyer_269
18:14:43 | INFO: Blender create Mesh node M1_supurgelik_001
18:14:43 | INFO: Blender create Mesh node M1_supurgelik_002
18:14:43 | INFO: Blender create Mesh node M1_supurgelik_003
18:14:43 | INFO: Blender create Mesh node M1_supurgelik_004
18:14:43 | INFO: Blender create Mesh node M1_supurgelik_005
18:14:43 | INFO: Blender create Mesh node M1_supurgelik_006
18:14:43 | INFO: Blender create Mesh node M1_supurgelik_007
18:14:43 | INFO: Blender create Mesh node M1_supurgelik_008
18:14:43 | INFO: Blender create Mesh node M1_supurgelik_009
18:14:43 | INFO: Blender create Mesh node M1_supurgelik_010
18:14:43 | INFO: Blender create Mesh node M1_supurgelik_011
18:14:43 | INFO: Blender create Mesh node M1_supurgelik_012
18:14:43 | INFO: Blender create Mesh node M1_supurgelik_013
18:14:43 | INFO: Blender create Mesh node M1_supurgelik_014
18:14:43 | INFO: Blender create Mesh node M1_supurgelik_015
18:14:43 | INFO: Blender create Mesh node M1_supurgelik_016
18:14:43 | INFO: Blender create Mesh node M1_supurgelik_017
18:14:43 | INFO: Blender create Mesh node M1_supurgelik_018
18:14:43 | INFO: Blender create Mesh node M1_supurgelik_019
18:14:43 | INFO: Blender create Mesh node M1_supurgelik_020
18:14:43 | INFO: Blender create Mesh node M1_supurgelik_021
18:14:43 | INFO: Blender create Mesh node M1_supurgelik_022
18:14:43 | INFO: Blender create Mesh node M1_supurgelik_023
18:14:43 | INFO: Blender create Mesh node M1_supurgelik_024
18:14:43 | INFO: Blender create Mesh node M1_supurgelik_025
18:14:43 | INFO: Blender create Mesh node M1_supurgelik_026
18:14:43 | INFO: Blender create Mesh node M1_supurgelik_027
18:14:43 | INFO: Blender create Mesh node M1_supurgelik_028
18:14:43 | INFO: Blender create Mesh node M1_supurgelik_029
18:14:43 | INFO: Blender create Mesh node M1_supurgelik_030
18:14:43 | INFO: Blender create Mesh node M1_supurgelik_031
18:14:43 | INFO: Blender create Mesh node M1_supurgelik_032
18:14:43 | INFO: Blender create Mesh node M1_supurgelik_033
18:14:43 | INFO: Blender create Mesh node M1_supurgelik_034
18:14:43 | INFO: Blender create Mesh node M1_supurgelik_035
18:14:43 | INFO: Blender create Mesh node M1_supurgelik_036
18:14:43 | INFO: Blender create Mesh node M1_supurgelik_037
18:14:43 | INFO: Blender create Mesh node M1_supurgelik_038
18:14:43 | INFO: Blender create Mesh node M1_supurgelik_039
18:14:43 | INFO: Blender create Mesh node M1_supurgelik_040
18:14:43 | INFO: Blender create Mesh node M1_supurgelik_041
18:14:43 | INFO: Blender create Mesh node M1_supurgelik_042
18:14:43 | INFO: Blender create Mesh node M1_supurgelik_043
18:14:43 | INFO: Blender create Mesh node M1_supurgelik_044
18:14:43 | INFO: Blender create Mesh node M1_supurgelik_045
18:14:43 | INFO: Blender create Mesh node M1_supurgelik_046
18:14:43 | INFO: Blender create Mesh node M1_supurgelik_047
18:14:43 | INFO: Blender create Mesh node M1_supurgelik_048
18:14:43 | INFO: Blender create Mesh node M1_supurgelik_049
18:14:43 | INFO: Blender create Mesh node M1_supurgelik_050
18:14:43 | INFO: Blender create Mesh node M1_supurgelik_051
18:14:43 | INFO: Blender create Mesh node M1_supurgelik_052
18:14:43 | INFO: Blender create Mesh node M1_supurgelik_053
18:14:43 | INFO: Blender create Mesh node M1_supurgelik_054
18:14:43 | INFO: Blender create Mesh node M1_supurgelik_055
18:14:43 | INFO: Blender create Mesh node M1_supurgelik_056
18:14:43 | INFO: Blender create Mesh node M1_supurgelik_057
18:14:43 | INFO: Blender create Mesh node M1_supurgelik_058
18:14:43 | INFO: Blender create Mesh node M1_supurgelik_059
18:14:43 | INFO: Blender create Mesh node M1_supurgelik_060
18:14:43 | INFO: Blender create Mesh node M1_supurgelik_061
18:14:43 | INFO: Blender create Mesh node M1_supurgelik_062
18:14:43 | INFO: Blender create Mesh node M1_supurgelik_063
18:14:43 | INFO: Blender create Mesh node M1_supurgelik_064
18:14:43 | INFO: Blender create Mesh node M1_supurgelik_065
18:14:43 | INFO: Blender create Mesh node M1_supurgelik_066
18:14:43 | INFO: Blender create Mesh node M1_supurgelik_067
18:14:43 | INFO: Blender create Mesh node M1_supurgelik_068
18:14:43 | INFO: Blender create Mesh node M1_supurgelik_069
18:14:43 | INFO: Blender create Mesh node M1_supurgelik_070
18:14:43 | INFO: Blender create Mesh node M1_supurgelik_071
18:14:43 | INFO: Blender create Mesh node M1_supurgelik_072
18:14:43 | INFO: Blender create Mesh node M1_supurgelik_073
18:14:43 | INFO: Blender create Mesh node M1_supurgelik_074
18:14:43 | INFO: Blender create Mesh node M1_supurgelik_075
18:14:43 | INFO: Blender create Mesh node M1_supurgelik_076
18:14:43 | INFO: Blender create Mesh node M1_supurgelik_077
18:14:43 | INFO: Blender create Mesh node M1_supurgelik_078
18:14:43 | INFO: Blender create Mesh node M1_supurgelik_079
18:14:43 | INFO: Blender create Mesh node M1_supurgelik_080
18:14:43 | INFO: Blender create Mesh node M1_supurgelik_081
18:14:43 | INFO: Blender create Mesh node M1_supurgelik_082
18:14:43 | INFO: Blender create Mesh node M1_supurgelik_083
18:14:43 | INFO: Blender create Mesh node M1_supurgelik_084
18:14:43 | INFO: Blender create Mesh node M1_supurgelik_085
18:14:43 | INFO: Blender create Mesh node M1_supurgelik_086
18:14:43 | INFO: Blender create Mesh node M1_supurgelik_087
18:14:43 | INFO: Blender create Mesh node M1_supurgelik_088
18:14:43 | INFO: Blender create Mesh node M1_supurgelik_089
18:14:43 | INFO: Blender create Mesh node M1_supurgelik_090
18:14:43 | INFO: Blender create Mesh node M1_supurgelik_091
18:14:43 | INFO: Blender create Mesh node M1_supurgelik_092
18:14:43 | INFO: Blender create Mesh node M1_supurgelik_093
18:14:43 | INFO: Blender create Mesh node M1_supurgelik_094
18:14:43 | INFO: Blender create Mesh node M1_supurgelik_095
18:14:43 | INFO: Blender create Mesh node M1_supurgelik_096
18:14:43 | INFO: Blender create Mesh node M1_supurgelik_097
18:14:43 | INFO: Blender create Mesh node M1_supurgelik_098
18:14:43 | INFO: Blender create Mesh node M1_supurgelik_099
18:14:43 | INFO: Blender create Mesh node M1_supurgelik_100
18:14:43 | INFO: Blender create Mesh node M1_supurgelik_101
18:14:43 | INFO: Blender create Mesh node M1_supurgelik_102
18:14:43 | INFO: Blender create Mesh node M1_supurgelik_103
18:14:43 | INFO: Blender create Mesh node M1_supurgelik_104
18:14:43 | INFO: Blender create Mesh node M1_supurgelik_105
18:14:43 | INFO: Blender create Mesh node M1_supurgelik_106
18:14:43 | INFO: Blender create Mesh node M1_supurgelik_107
18:14:43 | INFO: Blender create Mesh node M1_supurgelik_108
18:14:43 | INFO: Blender create Mesh node M1_supurgelik_109
18:14:43 | INFO: Blender create Mesh node M1_supurgelik_110
18:14:43 | INFO: Blender create Mesh node M1_supurgelik_111
18:14:43 | INFO: Blender create Mesh node M1_supurgelik_112
18:14:43 | INFO: Blender create Mesh node M1_supurgelik_113
18:14:43 | INFO: Blender create Mesh node M1_supurgelik_114
18:14:43 | INFO: Blender create Mesh node M1_supurgelik_115
18:14:43 | INFO: Blender create Mesh node M1_supurgelik_116
18:14:43 | INFO: Blender create Mesh node M1_supurgelik_117
18:14:43 | INFO: Blender create Mesh node M1_supurgelik_118
18:14:43 | INFO: Blender create Mesh node M1_supurgelik_119
18:14:43 | INFO: Blender create Mesh node M1_supurgelik_120
18:14:43 | INFO: Blender create Mesh node M1_supurgelik_121
18:14:43 | INFO: Blender create Mesh node M1_supurgelik_122
18:14:43 | INFO: Blender create Mesh node M1_supurgelik_123
18:14:43 | INFO: Blender create Mesh node M1_supurgelik_124
18:14:43 | INFO: Blender create Mesh node M1_supurgelik_125
18:14:43 | INFO: Blender create Mesh node M1_supurgelik_126
18:14:43 | INFO: Blender create Mesh node M1_supurgelik_127
18:14:43 | INFO: Blender create Mesh node M1_supurgelik_128
18:14:43 | INFO: Blender create Mesh node M1_supurgelik_129
18:14:43 | INFO: Blender create Mesh node M1_supurgelik_130
18:14:43 | INFO: Blender create Mesh node M1_supurgelik_131
18:14:43 | INFO: Blender create Mesh node M1_supurgelik_132
18:14:43 | INFO: Blender create Mesh node M1_supurgelik_133
18:14:43 | INFO: Blender create Mesh node M1_supurgelik_134
18:14:43 | INFO: Blender create Mesh node M1_supurgelik_135
18:14:43 | INFO: Blender create Mesh node M1_supurgelik_136
18:14:43 | INFO: Blender create Mesh node M1_supurgelik_137
18:14:43 | INFO: Blender create Mesh node M1_supurgelik_138
18:14:43 | INFO: Blender create Mesh node M1_supurgelik_139
18:14:43 | INFO: Blender create Mesh node M1_supurgelik_140
18:14:43 | INFO: Blender create Mesh node M1_supurgelik_141
18:14:43 | INFO: Blender create Mesh node M1_supurgelik_142
18:14:43 | INFO: Blender create Mesh node M1_supurgelik_143
18:14:43 | INFO: Blender create Mesh node M1_supurgelik_144
18:14:43 | INFO: Blender create Mesh node M1_supurgelik_145
18:14:43 | INFO: Blender create Mesh node M1_supurgelik_146
18:14:43 | INFO: Blender create Mesh node M1_supurgelik_147
18:14:43 | INFO: Blender create Mesh node M1_supurgelik_148
18:14:43 | INFO: Blender create Mesh node M1_supurgelik_149
18:14:43 | INFO: Blender create Mesh node M1_supurgelik_150
18:14:43 | INFO: Blender create Mesh node M1_supurgelik_151
18:14:43 | INFO: Blender create Mesh node M1_supurgelik_152
18:14:43 | INFO: Blender create Mesh node M1_supurgelik_153
18:14:43 | INFO: Blender create Mesh node M1_supurgelik_154
18:14:43 | INFO: Blender create Mesh node M1_supurgelik_155
18:14:43 | INFO: Blender create Mesh node M1_supurgelik_156
18:14:43 | INFO: Blender create Mesh node M1_supurgelik_157
18:14:43 | INFO: Blender create Mesh node M1_supurgelik_158
18:14:43 | INFO: Blender create Mesh node M1_supurgelik_159
18:14:43 | INFO: Blender create Mesh node M1_supurgelik_160
18:14:43 | INFO: Blender create Mesh node M1_supurgelik_161
18:14:43 | INFO: Blender create Mesh node M1_supurgelik_162
18:14:43 | INFO: Blender create Mesh node M1_supurgelik_163
18:14:43 | INFO: Blender create Mesh node M1_supurgelik_164
18:14:43 | INFO: Blender create Mesh node M1_supurgelik_165
18:14:43 | INFO: Blender create Mesh node M1_supurgelik_166
18:14:43 | INFO: Blender create Mesh node M1_supurgelik_167
18:14:43 | INFO: Blender create Mesh node M1_supurgelik_168
18:14:43 | INFO: Blender create Mesh node M1_supurgelik_169
18:14:43 | INFO: Blender create Mesh node M1_supurgelik_170
18:14:43 | INFO: Blender create Mesh node M1_supurgelik_171
18:14:43 | INFO: Blender create Mesh node M1_supurgelik_172
18:14:43 | INFO: Blender create Mesh node M1_supurgelik_173
18:14:43 | INFO: Blender create Mesh node M1_supurgelik_174
18:14:43 | INFO: Blender create Mesh node M1_supurgelik_175
18:14:43 | INFO: Blender create Mesh node M1_supurgelik_176
18:14:43 | INFO: Blender create Mesh node M1_supurgelik_177
18:14:43 | INFO: Blender create Mesh node M1_supurgelik_178
18:14:43 | INFO: Blender create Mesh node M1_supurgelik_179
18:14:43 | INFO: Blender create Mesh node M1_supurgelik_180
18:14:43 | INFO: Blender create Mesh node M1_supurgelik_181
18:14:43 | INFO: Blender create Mesh node M1_supurgelik_182
18:14:43 | INFO: Blender create Mesh node M1_supurgelik_183
18:14:43 | INFO: Blender create Mesh node M1_supurgelik_184
18:14:43 | INFO: Blender create Mesh node M1_supurgelik_185
18:14:43 | INFO: Blender create Mesh node M1_supurgelik_186
18:14:43 | INFO: Blender create Mesh node M1_supurgelik_187
18:14:43 | INFO: Blender create Mesh node M1_supurgelik_188
18:14:43 | INFO: Blender create Mesh node M1_supurgelik_189
18:14:43 | INFO: Blender create Mesh node M1_supurgelik_190
18:14:43 | INFO: Blender create Mesh node M1_supurgelik_191
18:14:43 | INFO: Blender create Mesh node M1_supurgelik_192
18:14:43 | INFO: Blender create Mesh node M1_supurgelik_193
18:14:43 | INFO: Blender create Mesh node M1_supurgelik_194
18:14:43 | INFO: Blender create Mesh node M1_supurgelik_195
18:14:43 | INFO: Blender create Mesh node M1_supurgelik_196
18:14:43 | INFO: Blender create Mesh node M1_supurgelik_197
18:14:43 | INFO: Blender create Mesh node M1_supurgelik_198
18:14:43 | INFO: Blender create Mesh node M1_supurgelik_199
18:14:43 | INFO: Blender create Mesh node M1_supurgelik_200
18:14:43 | INFO: Blender create Mesh node M1_supurgelik_201
18:14:43 | INFO: Blender create Mesh node M1_supurgelik_202
18:14:43 | INFO: Blender create Mesh node M1_supurgelik_203
18:14:43 | INFO: Blender create Mesh node M1_supurgelik_204
18:14:43 | INFO: Blender create Mesh node M1_supurgelik_205
18:14:43 | INFO: Blender create Mesh node M1_supurgelik_206
18:14:43 | INFO: Blender create Mesh node M1_supurgelik_207
18:14:43 | INFO: Blender create Mesh node M1_supurgelik_208
18:14:43 | INFO: Blender create Mesh node M1_supurgelik_209
18:14:43 | INFO: Blender create Mesh node M1_supurgelik_210
18:14:43 | INFO: Blender create Mesh node M1_supurgelik_211
18:14:43 | INFO: Blender create Mesh node M1_supurgelik_212
18:14:43 | INFO: Blender create Mesh node M1_supurgelik_213
18:14:43 | INFO: Blender create Mesh node M1_supurgelik_214
18:14:43 | INFO: Blender create Mesh node M1_supurgelik_215
18:14:43 | INFO: Blender create Mesh node M1_supurgelik_216
18:14:43 | INFO: Blender create Mesh node M1_supurgelik_217
18:14:43 | INFO: Blender create Mesh node M1_supurgelik_218
18:14:43 | INFO: Blender create Mesh node M1_supurgelik_219
18:14:43 | INFO: Blender create Mesh node M1_supurgelik_220
18:14:43 | INFO: Blender create Mesh node M1_supurgelik_221
18:14:43 | INFO: Blender create Mesh node M1_supurgelik_222
18:14:43 | INFO: Blender create Mesh node M1_supurgelik_223
18:14:43 | INFO: Blender create Mesh node M1_supurgelik_224
18:14:43 | INFO: Blender create Mesh node M1_supurgelik_225
18:14:43 | INFO: Blender create Mesh node M1_supurgelik_226
18:14:43 | INFO: Blender create Mesh node M1_supurgelik_227
18:14:43 | INFO: Blender create Mesh node M1_supurgelik_228
18:14:43 | INFO: Blender create Mesh node M1_supurgelik_229
18:14:43 | INFO: Blender create Mesh node M1_supurgelik_230
18:14:43 | INFO: Blender create Mesh node M1_supurgelik_231
18:14:43 | INFO: Blender create Mesh node M1_supurgelik_232
18:14:43 | INFO: Blender create Mesh node M1_supurgelik_233
18:14:43 | INFO: Blender create Mesh node M1_supurgelik_234
18:14:43 | INFO: Blender create Mesh node M1_supurgelik_235
18:14:43 | INFO: Blender create Mesh node M1_supurgelik_236
18:14:43 | INFO: Blender create Mesh node M1_supurgelik_237
18:14:43 | INFO: Blender create Mesh node M1_supurgelik_238
18:14:43 | INFO: Blender create Mesh node M1_supurgelik_239
18:14:43 | INFO: Blender create Mesh node M1_supurgelik_240
18:14:43 | INFO: Blender create Mesh node M1_supurgelik_241
18:14:43 | INFO: Blender create Mesh node M1_supurgelik_242
18:14:43 | INFO: Blender create Mesh node M1_supurgelik_243
18:14:43 | INFO: Blender create Mesh node M1_supurgelik_244
18:14:43 | INFO: Blender create Mesh node M1_supurgelik_245
18:14:43 | INFO: Blender create Mesh node M1_supurgelik_246
18:14:43 | INFO: Blender create Mesh node M1_supurgelik_247
18:14:43 | INFO: Blender create Mesh node M1_supurgelik_248
18:14:43 | INFO: Blender create Mesh node M1_supurgelik_249
18:14:43 | INFO: Blender create Mesh node M1_supurgelik_250
18:14:43 | INFO: Blender create Mesh node M1_supurgelik_251
18:14:43 | INFO: Blender create Mesh node M1_supurgelik_252
18:14:43 | INFO: Blender create Mesh node M1_supurgelik_253
18:14:43 | INFO: Blender create Mesh node M1_supurgelik_254
18:14:43 | INFO: Blender create Mesh node M1_supurgelik_255
18:14:43 | INFO: Blender create Mesh node M1_supurgelik_256
18:14:43 | INFO: Blender create Mesh node M1_supurgelik_257
18:14:43 | INFO: Blender create Mesh node M1_supurgelik_258
18:14:43 | INFO: Blender create Mesh node M1_supurgelik_259
18:14:43 | INFO: Blender create Mesh node M1_supurgelik_260
18:14:43 | INFO: Blender create Mesh node M1_supurgelik_261
18:14:43 | INFO: Blender create Mesh node M1_supurgelik_262
18:14:43 | INFO: Blender create Mesh node M1_supurgelik_263
18:14:43 | INFO: Blender create Mesh node M1_supurgelik_264
18:14:43 | INFO: Blender create Mesh node M1_supurgelik_265
18:14:43 | INFO: Blender create Mesh node M1_supurgelik_266
18:14:43 | INFO: Blender create Mesh node M1_supurgelik_267
18:14:43 | INFO: Blender create Mesh node M1_supurgelik_268
18:14:43 | INFO: Blender create Mesh node M1_supurgelik_269
18:14:43 | INFO: Blender create Mesh node M1_supurgelik_270
18:14:43 | INFO: Blender create Mesh node M1_supurgelik_271
18:14:43 | INFO: Blender create Mesh node M1_supurgelik_272
18:14:43 | INFO: Blender create Mesh node M1_supurgelik_273
18:14:43 | INFO: Blender create Mesh node M1_supurgelik_274
18:14:43 | INFO: Blender create Mesh node M1_supurgelik_275
18:14:43 | INFO: Blender create Mesh node M1_supurgelik_276
18:14:43 | INFO: Blender create Mesh node M1_supurgelik_277
18:14:43 | INFO: Blender create Mesh node M1_supurgelik_278
18:14:43 | INFO: Blender create Mesh node M1_supurgelik_279
18:14:43 | INFO: Blender create Mesh node M1_supurgelik_280
18:14:43 | INFO: Blender create Mesh node M1_supurgelik_281
18:14:43 | INFO: Blender create Mesh node M1_supurgelik_282
18:14:43 | INFO: Blender create Mesh node M1_supurgelik_283
18:14:43 | INFO: Blender create Mesh node M1_supurgelik_284
18:14:43 | INFO: Blender create Mesh node M1_supurgelik_285
18:14:43 | INFO: Blender create Mesh node M1_supurgelik_286
18:14:43 | INFO: Blender create Mesh node M1_supurgelik_287
18:14:43 | INFO: Blender create Mesh node M1_supurgelik_288
18:14:43 | INFO: Blender create Mesh node M1_supurgelik_289
18:14:43 | INFO: Blender create Mesh node M1_supurgelik_290
18:14:43 | INFO: Blender create Mesh node M1_supurgelik_291
18:14:43 | INFO: Blender create Mesh node M1_supurgelik_292
18:14:43 | INFO: Blender create Mesh node M1_supurgelik_293
18:14:43 | INFO: Blender create Mesh node M1_supurgelik_294
18:14:43 | INFO: Blender create Mesh node M2_K0_0_basamak.009
18:14:43 | INFO: Blender create Mesh node M2_K0_0_basamak.010
18:14:43 | INFO: Blender create Mesh node M2_K0_0_basamak.011
18:14:43 | INFO: Blender create Mesh node M2_K0_0_basamak.012
18:14:43 | INFO: Blender create Mesh node M2_K0_0_basamak.013
18:14:43 | INFO: Blender create Mesh node M2_K0_0_basamak.014
18:14:43 | INFO: Blender create Mesh node M2_K0_0_basamak.015
18:14:43 | INFO: Blender create Mesh node M2_K0_0_basamak.016
18:14:43 | INFO: Blender create Mesh node M2_K0_0_basamak.017
18:14:43 | INFO: Blender create Mesh node M2_K0_0_beyaz_altyapi.001
18:14:43 | INFO: Blender create Mesh node M2_K0_0_korkuluk_ayak.002
18:14:43 | INFO: Blender create Mesh node M2_K0_0_korkuluk_ayak.003
18:14:43 | INFO: Blender create Mesh node M2_K0_0_korkuluk_C_kivrim.010
18:14:43 | INFO: Blender create Mesh node M2_K0_0_korkuluk_C_kivrim.011
18:14:43 | INFO: Blender create Mesh node M2_K0_0_korkuluk_C_kivrim.012
18:14:43 | INFO: Blender create Mesh node M2_K0_0_korkuluk_C_kivrim.013
18:14:43 | INFO: Blender create Mesh node M2_K0_0_korkuluk_C_kivrim.014
18:14:43 | INFO: Blender create Mesh node M2_K0_0_korkuluk_C_kivrim.015
18:14:43 | INFO: Blender create Mesh node M2_K0_0_korkuluk_C_kivrim.016
18:14:44 | INFO: Blender create Mesh node M2_K0_0_korkuluk_C_kivrim.017
18:14:44 | INFO: Blender create Mesh node M2_K0_0_korkuluk_C_kivrim.018
18:14:44 | INFO: Blender create Mesh node M2_K0_0_korkuluk_C_kivrim.019
18:14:44 | INFO: Blender create Mesh node M2_K0_0_korkuluk_dikme.002
18:14:44 | INFO: Blender create Mesh node M2_K0_0_korkuluk_dikme.003
18:14:44 | INFO: Blender create Mesh node M2_K0_0_korkuluk_kupeşte.001
18:14:44 | INFO: Blender create Mesh node M2_K0_0_korkuluk_sap.005
18:14:44 | INFO: Blender create Mesh node M2_K0_0_korkuluk_sap.006
18:14:44 | INFO: Blender create Mesh node M2_K0_0_korkuluk_sap.007
18:14:44 | INFO: Blender create Mesh node M2_K0_0_korkuluk_sap.008
18:14:44 | INFO: Blender create Mesh node M2_K0_0_korkuluk_sap.009
18:14:44 | INFO: Blender create Mesh node M2_K0_0_korkuluk_yatay.002
18:14:44 | INFO: Blender create Mesh node M2_K0_0_korkuluk_yatay.003
18:14:44 | INFO: Blender create Mesh node M2_K0_0_riht.009
18:14:44 | INFO: Blender create Mesh node M2_K0_0_riht.010
18:14:44 | INFO: Blender create Mesh node M2_K0_0_riht.011
18:14:44 | INFO: Blender create Mesh node M2_K0_0_riht.012
18:14:44 | INFO: Blender create Mesh node M2_K0_0_riht.013
18:14:44 | INFO: Blender create Mesh node M2_K0_0_riht.014
18:14:44 | INFO: Blender create Mesh node M2_K0_0_riht.015
18:14:44 | INFO: Blender create Mesh node M2_K0_0_riht.016
18:14:44 | INFO: Blender create Mesh node M2_K0_0_riht.017
18:14:44 | INFO: Blender create Mesh node M2_K0_1_basamak.009
18:14:44 | INFO: Blender create Mesh node M2_K0_1_basamak.010
18:14:44 | INFO: Blender create Mesh node M2_K0_1_basamak.011
18:14:44 | INFO: Blender create Mesh node M2_K0_1_basamak.012
18:14:44 | INFO: Blender create Mesh node M2_K0_1_basamak.013
18:14:44 | INFO: Blender create Mesh node M2_K0_1_basamak.014
18:14:44 | INFO: Blender create Mesh node M2_K0_1_basamak.015
18:14:44 | INFO: Blender create Mesh node M2_K0_1_basamak.016
18:14:44 | INFO: Blender create Mesh node M2_K0_1_basamak.017
18:14:44 | INFO: Blender create Mesh node M2_K0_1_beyaz_altyapi.001
18:14:44 | INFO: Blender create Mesh node M2_K0_1_korkuluk_ayak.002
18:14:44 | INFO: Blender create Mesh node M2_K0_1_korkuluk_ayak.003
18:14:44 | INFO: Blender create Mesh node M2_K0_1_korkuluk_C_kivrim.010
18:14:44 | INFO: Blender create Mesh node M2_K0_1_korkuluk_C_kivrim.011
18:14:44 | INFO: Blender create Mesh node M2_K0_1_korkuluk_C_kivrim.012
18:14:44 | INFO: Blender create Mesh node M2_K0_1_korkuluk_C_kivrim.013
18:14:44 | INFO: Blender create Mesh node M2_K0_1_korkuluk_C_kivrim.014
18:14:44 | INFO: Blender create Mesh node M2_K0_1_korkuluk_C_kivrim.015
18:14:44 | INFO: Blender create Mesh node M2_K0_1_korkuluk_C_kivrim.016
18:14:44 | INFO: Blender create Mesh node M2_K0_1_korkuluk_C_kivrim.017
18:14:44 | INFO: Blender create Mesh node M2_K0_1_korkuluk_C_kivrim.018
18:14:44 | INFO: Blender create Mesh node M2_K0_1_korkuluk_C_kivrim.019
18:14:44 | INFO: Blender create Mesh node M2_K0_1_korkuluk_dikme.002
18:14:44 | INFO: Blender create Mesh node M2_K0_1_korkuluk_dikme.003
18:14:44 | INFO: Blender create Mesh node M2_K0_1_korkuluk_kupeşte.001
18:14:44 | INFO: Blender create Mesh node M2_K0_1_korkuluk_sap.005
18:14:44 | INFO: Blender create Mesh node M2_K0_1_korkuluk_sap.006
18:14:44 | INFO: Blender create Mesh node M2_K0_1_korkuluk_sap.007
18:14:44 | INFO: Blender create Mesh node M2_K0_1_korkuluk_sap.008
18:14:44 | INFO: Blender create Mesh node M2_K0_1_korkuluk_sap.009
18:14:44 | INFO: Blender create Mesh node M2_K0_1_korkuluk_yatay.002
18:14:44 | INFO: Blender create Mesh node M2_K0_1_korkuluk_yatay.003
18:14:44 | INFO: Blender create Mesh node M2_K0_1_riht.009
18:14:44 | INFO: Blender create Mesh node M2_K0_1_riht.010
18:14:44 | INFO: Blender create Mesh node M2_K0_1_riht.011
18:14:44 | INFO: Blender create Mesh node M2_K0_1_riht.012
18:14:44 | INFO: Blender create Mesh node M2_K0_1_riht.013
18:14:44 | INFO: Blender create Mesh node M2_K0_1_riht.014
18:14:44 | INFO: Blender create Mesh node M2_K0_1_riht.015
18:14:44 | INFO: Blender create Mesh node M2_K0_1_riht.016
18:14:44 | INFO: Blender create Mesh node M2_K0_1_riht.017
18:14:44 | INFO: Blender create Mesh node M2_K0_bosluk_korkuluk_0_ayak.002
18:14:44 | INFO: Blender create Mesh node M2_K0_bosluk_korkuluk_0_ayak.003
18:14:44 | INFO: Blender create Mesh node M2_K0_bosluk_korkuluk_0_bordur
18:14:44 | INFO: Blender create Mesh node M2_K0_bosluk_korkuluk_0_bordur.001
18:14:44 | INFO: Blender create Mesh node M2_K0_bosluk_korkuluk_0_bordur.002
18:14:44 | INFO: Blender create Mesh node M2_K0_bosluk_korkuluk_0_bordur.003
18:14:44 | INFO: Blender create Mesh node M2_K0_bosluk_korkuluk_0_bordur.004
18:14:44 | INFO: Blender create Mesh node M2_K0_bosluk_korkuluk_0_bordur.005
18:14:44 | INFO: Blender create Mesh node M2_K0_bosluk_korkuluk_0_bordur.006
18:14:44 | INFO: Blender create Mesh node M2_K0_bosluk_korkuluk_0_bordur.007
18:14:44 | INFO: Blender create Mesh node M2_K0_bosluk_korkuluk_0_bordur.008
18:14:44 | INFO: Blender create Mesh node M2_K0_bosluk_korkuluk_0_bordur.009
18:14:44 | INFO: Blender create Mesh node M2_K0_bosluk_korkuluk_0_bordur.010
18:14:44 | INFO: Blender create Mesh node M2_K0_bosluk_korkuluk_0_bordur.011
18:14:44 | INFO: Blender create Mesh node M2_K0_bosluk_korkuluk_0_C_kivrim.004
18:14:44 | INFO: Blender create Mesh node M2_K0_bosluk_korkuluk_0_C_kivrim.005
18:14:44 | INFO: Blender create Mesh node M2_K0_bosluk_korkuluk_0_C_kivrim.006
18:14:44 | INFO: Blender create Mesh node M2_K0_bosluk_korkuluk_0_C_kivrim.007
18:14:44 | INFO: Blender create Mesh node M2_K0_bosluk_korkuluk_0_dikme.002
18:14:44 | INFO: Blender create Mesh node M2_K0_bosluk_korkuluk_0_dikme.003
18:14:44 | INFO: Blender create Mesh node M2_K0_bosluk_korkuluk_0_kupeşte.001
18:14:44 | INFO: Blender create Mesh node M2_K0_bosluk_korkuluk_0_yatay.002
18:14:44 | INFO: Blender create Mesh node M2_K0_bosluk_korkuluk_0_yatay.003
18:14:44 | INFO: Blender create Mesh node M2_K0_sahanlik.001
18:14:44 | INFO: Blender create Mesh node M2_K0_sahanlik_alti.001
18:14:44 | INFO: Blender create Mesh node M2_K1_0_basamak.010
18:14:44 | INFO: Blender create Mesh node M2_K1_0_basamak.011
18:14:44 | INFO: Blender create Mesh node M2_K1_0_basamak.012
18:14:44 | INFO: Blender create Mesh node M2_K1_0_basamak.013
18:14:44 | INFO: Blender create Mesh node M2_K1_0_basamak.014
18:14:44 | INFO: Blender create Mesh node M2_K1_0_basamak.015
18:14:44 | INFO: Blender create Mesh node M2_K1_0_basamak.016
18:14:44 | INFO: Blender create Mesh node M2_K1_0_basamak.017
18:14:44 | INFO: Blender create Mesh node M2_K1_0_basamak.018
18:14:44 | INFO: Blender create Mesh node M2_K1_0_basamak.019
18:14:44 | INFO: Blender create Mesh node M2_K1_0_beyaz_altyapi.001
18:14:44 | INFO: Blender create Mesh node M2_K1_0_korkuluk_ayak.002
18:14:44 | INFO: Blender create Mesh node M2_K1_0_korkuluk_ayak.003
18:14:44 | INFO: Blender create Mesh node M2_K1_0_korkuluk_bordur
18:14:44 | INFO: Blender create Mesh node M2_K1_0_korkuluk_bordur.001
18:14:44 | INFO: Blender create Mesh node M2_K1_0_korkuluk_bordur.002
18:14:44 | INFO: Blender create Mesh node M2_K1_0_korkuluk_bordur.003
18:14:44 | INFO: Blender create Mesh node M2_K1_0_korkuluk_bordur.004
18:14:44 | INFO: Blender create Mesh node M2_K1_0_korkuluk_bordur.005
18:14:44 | INFO: Blender create Mesh node M2_K1_0_korkuluk_bordur.006
18:14:44 | INFO: Blender create Mesh node M2_K1_0_korkuluk_bordur.007
18:14:44 | INFO: Blender create Mesh node M2_K1_0_korkuluk_bordur.008
18:14:44 | INFO: Blender create Mesh node M2_K1_0_korkuluk_bordur.009
18:14:44 | INFO: Blender create Mesh node M2_K1_0_korkuluk_bordur.010
18:14:44 | INFO: Blender create Mesh node M2_K1_0_korkuluk_bordur.011
18:14:44 | INFO: Blender create Mesh node M2_K1_0_korkuluk_bordur.012
18:14:44 | INFO: Blender create Mesh node M2_K1_0_korkuluk_bordur.013
18:14:44 | INFO: Blender create Mesh node M2_K1_0_korkuluk_bordur.014
18:14:44 | INFO: Blender create Mesh node M2_K1_0_korkuluk_bordur.015
18:14:44 | INFO: Blender create Mesh node M2_K1_0_korkuluk_bordur.016
18:14:44 | INFO: Blender create Mesh node M2_K1_0_korkuluk_bordur.017
18:14:44 | INFO: Blender create Mesh node M2_K1_0_korkuluk_C_kivrim.006
18:14:44 | INFO: Blender create Mesh node M2_K1_0_korkuluk_C_kivrim.007
18:14:44 | INFO: Blender create Mesh node M2_K1_0_korkuluk_C_kivrim.008
18:14:44 | INFO: Blender create Mesh node M2_K1_0_korkuluk_C_kivrim.009
18:14:44 | INFO: Blender create Mesh node M2_K1_0_korkuluk_C_kivrim.010
18:14:44 | INFO: Blender create Mesh node M2_K1_0_korkuluk_C_kivrim.011
18:14:44 | INFO: Blender create Mesh node M2_K1_0_korkuluk_dikme.002
18:14:44 | INFO: Blender create Mesh node M2_K1_0_korkuluk_dikme.003
18:14:44 | INFO: Blender create Mesh node M2_K1_0_korkuluk_kupeşte.001
18:14:44 | INFO: Blender create Mesh node M2_K1_0_korkuluk_yatay.002
18:14:44 | INFO: Blender create Mesh node M2_K1_0_korkuluk_yatay.003
18:14:44 | INFO: Blender create Mesh node M2_K1_0_riht.010
18:14:44 | INFO: Blender create Mesh node M2_K1_0_riht.011
18:14:44 | INFO: Blender create Mesh node M2_K1_0_riht.012
18:14:44 | INFO: Blender create Mesh node M2_K1_0_riht.013
18:14:44 | INFO: Blender create Mesh node M2_K1_0_riht.014
18:14:44 | INFO: Blender create Mesh node M2_K1_0_riht.015
18:14:44 | INFO: Blender create Mesh node M2_K1_0_riht.016
18:14:44 | INFO: Blender create Mesh node M2_K1_0_riht.017
18:14:44 | INFO: Blender create Mesh node M2_K1_0_riht.018
18:14:44 | INFO: Blender create Mesh node M2_K1_0_riht.019
18:14:44 | INFO: Blender create Mesh node M2_K1_1_basamak.009
18:14:44 | INFO: Blender create Mesh node M2_K1_1_basamak.010
18:14:44 | INFO: Blender create Mesh node M2_K1_1_basamak.011
18:14:44 | INFO: Blender create Mesh node M2_K1_1_basamak.012
18:14:44 | INFO: Blender create Mesh node M2_K1_1_basamak.013
18:14:44 | INFO: Blender create Mesh node M2_K1_1_basamak.014
18:14:44 | INFO: Blender create Mesh node M2_K1_1_basamak.015
18:14:44 | INFO: Blender create Mesh node M2_K1_1_basamak.016
18:14:44 | INFO: Blender create Mesh node M2_K1_1_basamak.017
18:14:44 | INFO: Blender create Mesh node M2_K1_1_beyaz_altyapi.001
18:14:44 | INFO: Blender create Mesh node M2_K1_1_korkuluk_ayak.002
18:14:44 | INFO: Blender create Mesh node M2_K1_1_korkuluk_ayak.003
18:14:44 | INFO: Blender create Mesh node M2_K1_1_korkuluk_bordur
18:14:44 | INFO: Blender create Mesh node M2_K1_1_korkuluk_bordur.001
18:14:44 | INFO: Blender create Mesh node M2_K1_1_korkuluk_bordur.002
18:14:44 | INFO: Blender create Mesh node M2_K1_1_korkuluk_bordur.003
18:14:44 | INFO: Blender create Mesh node M2_K1_1_korkuluk_bordur.004
18:14:44 | INFO: Blender create Mesh node M2_K1_1_korkuluk_bordur.005
18:14:44 | INFO: Blender create Mesh node M2_K1_1_korkuluk_bordur.006
18:14:44 | INFO: Blender create Mesh node M2_K1_1_korkuluk_bordur.007
18:14:44 | INFO: Blender create Mesh node M2_K1_1_korkuluk_bordur.008
18:14:44 | INFO: Blender create Mesh node M2_K1_1_korkuluk_bordur.009
18:14:44 | INFO: Blender create Mesh node M2_K1_1_korkuluk_bordur.010
18:14:44 | INFO: Blender create Mesh node M2_K1_1_korkuluk_bordur.011
18:14:44 | INFO: Blender create Mesh node M2_K1_1_korkuluk_bordur.012
18:14:44 | INFO: Blender create Mesh node M2_K1_1_korkuluk_bordur.013
18:14:44 | INFO: Blender create Mesh node M2_K1_1_korkuluk_bordur.014
18:14:44 | INFO: Blender create Mesh node M2_K1_1_korkuluk_bordur.015
18:14:44 | INFO: Blender create Mesh node M2_K1_1_korkuluk_bordur.016
18:14:44 | INFO: Blender create Mesh node M2_K1_1_korkuluk_bordur.017
18:14:44 | INFO: Blender create Mesh node M2_K1_1_korkuluk_C_kivrim.006
18:14:44 | INFO: Blender create Mesh node M2_K1_1_korkuluk_C_kivrim.007
18:14:44 | INFO: Blender create Mesh node M2_K1_1_korkuluk_C_kivrim.008
18:14:44 | INFO: Blender create Mesh node M2_K1_1_korkuluk_C_kivrim.009
18:14:44 | INFO: Blender create Mesh node M2_K1_1_korkuluk_C_kivrim.010
18:14:44 | INFO: Blender create Mesh node M2_K1_1_korkuluk_C_kivrim.011
18:14:44 | INFO: Blender create Mesh node M2_K1_1_korkuluk_dikme.002
18:14:44 | INFO: Blender create Mesh node M2_K1_1_korkuluk_dikme.003
18:14:44 | INFO: Blender create Mesh node M2_K1_1_korkuluk_kupeşte.001
18:14:44 | INFO: Blender create Mesh node M2_K1_1_korkuluk_yatay.002
18:14:44 | INFO: Blender create Mesh node M2_K1_1_korkuluk_yatay.003
18:14:44 | INFO: Blender create Mesh node M2_K1_1_riht.009
18:14:44 | INFO: Blender create Mesh node M2_K1_1_riht.010
18:14:44 | INFO: Blender create Mesh node M2_K1_1_riht.011
18:14:44 | INFO: Blender create Mesh node M2_K1_1_riht.012
18:14:44 | INFO: Blender create Mesh node M2_K1_1_riht.013
18:14:44 | INFO: Blender create Mesh node M2_K1_1_riht.014
18:14:44 | INFO: Blender create Mesh node M2_K1_1_riht.015
18:14:44 | INFO: Blender create Mesh node M2_K1_1_riht.016
18:14:44 | INFO: Blender create Mesh node M2_K1_1_riht.017
18:14:44 | INFO: Blender create Mesh node M2_K1_bosluk_korkuluk_0_ayak.002
18:14:44 | INFO: Blender create Mesh node M2_K1_bosluk_korkuluk_0_ayak.003
18:14:44 | INFO: Blender create Mesh node M2_K1_bosluk_korkuluk_0_bordur
18:14:44 | INFO: Blender create Mesh node M2_K1_bosluk_korkuluk_0_bordur.001
18:14:44 | INFO: Blender create Mesh node M2_K1_bosluk_korkuluk_0_bordur.002
18:14:44 | INFO: Blender create Mesh node M2_K1_bosluk_korkuluk_0_bordur.003
18:14:44 | INFO: Blender create Mesh node M2_K1_bosluk_korkuluk_0_bordur.004
18:14:44 | INFO: Blender create Mesh node M2_K1_bosluk_korkuluk_0_bordur.005
18:14:44 | INFO: Blender create Mesh node M2_K1_bosluk_korkuluk_0_bordur.006
18:14:44 | INFO: Blender create Mesh node M2_K1_bosluk_korkuluk_0_bordur.007
18:14:44 | INFO: Blender create Mesh node M2_K1_bosluk_korkuluk_0_bordur.008
18:14:44 | INFO: Blender create Mesh node M2_K1_bosluk_korkuluk_0_bordur.009
18:14:44 | INFO: Blender create Mesh node M2_K1_bosluk_korkuluk_0_bordur.010
18:14:44 | INFO: Blender create Mesh node M2_K1_bosluk_korkuluk_0_bordur.011
18:14:44 | INFO: Blender create Mesh node M2_K1_bosluk_korkuluk_0_bordur.012
18:14:44 | INFO: Blender create Mesh node M2_K1_bosluk_korkuluk_0_bordur.013
18:14:44 | INFO: Blender create Mesh node M2_K1_bosluk_korkuluk_0_bordur.014
18:14:44 | INFO: Blender create Mesh node M2_K1_bosluk_korkuluk_0_bordur.015
18:14:44 | INFO: Blender create Mesh node M2_K1_bosluk_korkuluk_0_C_kivrim.004
18:14:44 | INFO: Blender create Mesh node M2_K1_bosluk_korkuluk_0_C_kivrim.005
18:14:44 | INFO: Blender create Mesh node M2_K1_bosluk_korkuluk_0_C_kivrim.006
18:14:44 | INFO: Blender create Mesh node M2_K1_bosluk_korkuluk_0_C_kivrim.007
18:14:44 | INFO: Blender create Mesh node M2_K1_bosluk_korkuluk_0_dikme.002
18:14:44 | INFO: Blender create Mesh node M2_K1_bosluk_korkuluk_0_dikme.003
18:14:44 | INFO: Blender create Mesh node M2_K1_bosluk_korkuluk_0_kupeşte.001
18:14:44 | INFO: Blender create Mesh node M2_K1_bosluk_korkuluk_0_yaprak
18:14:44 | INFO: Blender create Mesh node M2_K1_bosluk_korkuluk_0_yaprak.001
18:14:44 | INFO: Blender create Mesh node M2_K1_bosluk_korkuluk_0_yaprak.002
18:14:44 | INFO: Blender create Mesh node M2_K1_bosluk_korkuluk_0_yaprak.003
18:14:44 | INFO: Blender create Mesh node M2_K1_bosluk_korkuluk_0_yatay.002
18:14:44 | INFO: Blender create Mesh node M2_K1_bosluk_korkuluk_0_yatay.003
18:14:44 | INFO: Blender create Mesh node M2_K1_bosluk_korkuluk_1_ayak.002
18:14:44 | INFO: Blender create Mesh node M2_K1_bosluk_korkuluk_1_ayak.003
18:14:44 | INFO: Blender create Mesh node M2_K1_bosluk_korkuluk_1_bordur
18:14:44 | INFO: Blender create Mesh node M2_K1_bosluk_korkuluk_1_bordur.001
18:14:44 | INFO: Blender create Mesh node M2_K1_bosluk_korkuluk_1_bordur.002
18:14:44 | INFO: Blender create Mesh node M2_K1_bosluk_korkuluk_1_bordur.003
18:14:44 | INFO: Blender create Mesh node M2_K1_bosluk_korkuluk_1_bordur.004
18:14:44 | INFO: Blender create Mesh node M2_K1_bosluk_korkuluk_1_bordur.005
18:14:44 | INFO: Blender create Mesh node M2_K1_bosluk_korkuluk_1_bordur.006
18:14:44 | INFO: Blender create Mesh node M2_K1_bosluk_korkuluk_1_bordur.007
18:14:44 | INFO: Blender create Mesh node M2_K1_bosluk_korkuluk_1_bordur.008
18:14:44 | INFO: Blender create Mesh node M2_K1_bosluk_korkuluk_1_bordur.009
18:14:44 | INFO: Blender create Mesh node M2_K1_bosluk_korkuluk_1_bordur.010
18:14:44 | INFO: Blender create Mesh node M2_K1_bosluk_korkuluk_1_bordur.011
18:14:44 | INFO: Blender create Mesh node M2_K1_bosluk_korkuluk_1_bordur.012
18:14:44 | INFO: Blender create Mesh node M2_K1_bosluk_korkuluk_1_bordur.013
18:14:44 | INFO: Blender create Mesh node M2_K1_bosluk_korkuluk_1_bordur.014
18:14:44 | INFO: Blender create Mesh node M2_K1_bosluk_korkuluk_1_bordur.015
18:14:44 | INFO: Blender create Mesh node M2_K1_bosluk_korkuluk_1_C_kivrim.008
18:14:44 | INFO: Blender create Mesh node M2_K1_bosluk_korkuluk_1_C_kivrim.009
18:14:44 | INFO: Blender create Mesh node M2_K1_bosluk_korkuluk_1_C_kivrim.010
18:14:44 | INFO: Blender create Mesh node M2_K1_bosluk_korkuluk_1_C_kivrim.011
18:14:44 | INFO: Blender create Mesh node M2_K1_bosluk_korkuluk_1_dikme.002
18:14:44 | INFO: Blender create Mesh node M2_K1_bosluk_korkuluk_1_dikme.003
18:14:44 | INFO: Blender create Mesh node M2_K1_bosluk_korkuluk_1_kupeşte.001
18:14:44 | INFO: Blender create Mesh node M2_K1_bosluk_korkuluk_1_yaprak
18:14:44 | INFO: Blender create Mesh node M2_K1_bosluk_korkuluk_1_yaprak.001
18:14:44 | INFO: Blender create Mesh node M2_K1_bosluk_korkuluk_1_yaprak.002
18:14:44 | INFO: Blender create Mesh node M2_K1_bosluk_korkuluk_1_yaprak.003
18:14:44 | INFO: Blender create Mesh node M2_K1_bosluk_korkuluk_1_yatay.002
18:14:44 | INFO: Blender create Mesh node M2_K1_bosluk_korkuluk_1_yatay.003
18:14:44 | INFO: Blender create Mesh node M2_K1_sahanlik.001
18:14:44 | INFO: Blender create Mesh node M2_K1_sahanlik_alti.001
18:14:44 | INFO: Blender create Mesh node M2_K2_0_basamak.009
18:14:44 | INFO: Blender create Mesh node M2_K2_0_basamak.010
18:14:44 | INFO: Blender create Mesh node M2_K2_0_basamak.011
18:14:44 | INFO: Blender create Mesh node M2_K2_0_basamak.012
18:14:44 | INFO: Blender create Mesh node M2_K2_0_basamak.013
18:14:44 | INFO: Blender create Mesh node M2_K2_0_basamak.014
18:14:44 | INFO: Blender create Mesh node M2_K2_0_basamak.015
18:14:44 | INFO: Blender create Mesh node M2_K2_0_basamak.016
18:14:44 | INFO: Blender create Mesh node M2_K2_0_basamak.017
18:14:44 | INFO: Blender create Mesh node M2_K2_0_beyaz_altyapi.001
18:14:44 | INFO: Blender create Mesh node M2_K2_0_korkuluk_ayak.002
18:14:44 | INFO: Blender create Mesh node M2_K2_0_korkuluk_ayak.003
18:14:44 | INFO: Blender create Mesh node M2_K2_0_korkuluk_bordur
18:14:44 | INFO: Blender create Mesh node M2_K2_0_korkuluk_bordur.001
18:14:44 | INFO: Blender create Mesh node M2_K2_0_korkuluk_bordur.002
18:14:44 | INFO: Blender create Mesh node M2_K2_0_korkuluk_bordur.003
18:14:44 | INFO: Blender create Mesh node M2_K2_0_korkuluk_bordur.004
18:14:44 | INFO: Blender create Mesh node M2_K2_0_korkuluk_bordur.005
18:14:44 | INFO: Blender create Mesh node M2_K2_0_korkuluk_bordur.006
18:14:44 | INFO: Blender create Mesh node M2_K2_0_korkuluk_bordur.007
18:14:44 | INFO: Blender create Mesh node M2_K2_0_korkuluk_bordur.008
18:14:44 | INFO: Blender create Mesh node M2_K2_0_korkuluk_bordur.009
18:14:44 | INFO: Blender create Mesh node M2_K2_0_korkuluk_bordur.010
18:14:44 | INFO: Blender create Mesh node M2_K2_0_korkuluk_bordur.011
18:14:44 | INFO: Blender create Mesh node M2_K2_0_korkuluk_bordur.012
18:14:44 | INFO: Blender create Mesh node M2_K2_0_korkuluk_bordur.013
18:14:44 | INFO: Blender create Mesh node M2_K2_0_korkuluk_bordur.014
18:14:44 | INFO: Blender create Mesh node M2_K2_0_korkuluk_bordur.015
18:14:44 | INFO: Blender create Mesh node M2_K2_0_korkuluk_bordur.016
18:14:44 | INFO: Blender create Mesh node M2_K2_0_korkuluk_bordur.017
18:14:44 | INFO: Blender create Mesh node M2_K2_0_korkuluk_bordur.018
18:14:44 | INFO: Blender create Mesh node M2_K2_0_korkuluk_bordur.019
18:14:44 | INFO: Blender create Mesh node M2_K2_0_korkuluk_bordur.020
18:14:44 | INFO: Blender create Mesh node M2_K2_0_korkuluk_bordur.021
18:14:44 | INFO: Blender create Mesh node M2_K2_0_korkuluk_bordur.022
18:14:44 | INFO: Blender create Mesh node M2_K2_0_korkuluk_bordur.023
18:14:44 | INFO: Blender create Mesh node M2_K2_0_korkuluk_C_kivrim.006
18:14:44 | INFO: Blender create Mesh node M2_K2_0_korkuluk_C_kivrim.007
18:14:44 | INFO: Blender create Mesh node M2_K2_0_korkuluk_C_kivrim.008
18:14:44 | INFO: Blender create Mesh node M2_K2_0_korkuluk_C_kivrim.009
18:14:44 | INFO: Blender create Mesh node M2_K2_0_korkuluk_C_kivrim.010
18:14:44 | INFO: Blender create Mesh node M2_K2_0_korkuluk_C_kivrim.011
18:14:44 | INFO: Blender create Mesh node M2_K2_0_korkuluk_dikme.002
18:14:44 | INFO: Blender create Mesh node M2_K2_0_korkuluk_dikme.003
18:14:44 | INFO: Blender create Mesh node M2_K2_0_korkuluk_kupeşte.001
18:14:44 | INFO: Blender create Mesh node M2_K2_0_korkuluk_yaprak
18:14:44 | INFO: Blender create Mesh node M2_K2_0_korkuluk_yaprak.001
18:14:44 | INFO: Blender create Mesh node M2_K2_0_korkuluk_yaprak.002
18:14:44 | INFO: Blender create Mesh node M2_K2_0_korkuluk_yaprak.003
18:14:44 | INFO: Blender create Mesh node M2_K2_0_korkuluk_yaprak.004
18:14:44 | INFO: Blender create Mesh node M2_K2_0_korkuluk_yaprak.005
18:14:44 | INFO: Blender create Mesh node M2_K2_0_korkuluk_yatay.002
18:14:44 | INFO: Blender create Mesh node M2_K2_0_korkuluk_yatay.003
18:14:44 | INFO: Blender create Mesh node M2_K2_0_riht.009
18:14:44 | INFO: Blender create Mesh node M2_K2_0_riht.010
18:14:44 | INFO: Blender create Mesh node M2_K2_0_riht.011
18:14:44 | INFO: Blender create Mesh node M2_K2_0_riht.012
18:14:44 | INFO: Blender create Mesh node M2_K2_0_riht.013
18:14:44 | INFO: Blender create Mesh node M2_K2_0_riht.014
18:14:44 | INFO: Blender create Mesh node M2_K2_0_riht.015
18:14:44 | INFO: Blender create Mesh node M2_K2_0_riht.016
18:14:44 | INFO: Blender create Mesh node M2_K2_0_riht.017
18:14:44 | INFO: Blender create Mesh node M2_K2_1_basamak.009
18:14:44 | INFO: Blender create Mesh node M2_K2_1_basamak.010
18:14:44 | INFO: Blender create Mesh node M2_K2_1_basamak.011
18:14:44 | INFO: Blender create Mesh node M2_K2_1_basamak.012
18:14:44 | INFO: Blender create Mesh node M2_K2_1_basamak.013
18:14:44 | INFO: Blender create Mesh node M2_K2_1_basamak.014
18:14:44 | INFO: Blender create Mesh node M2_K2_1_basamak.015
18:14:44 | INFO: Blender create Mesh node M2_K2_1_basamak.016
18:14:44 | INFO: Blender create Mesh node M2_K2_1_basamak.017
18:14:44 | INFO: Blender create Mesh node M2_K2_1_beyaz_altyapi.001
18:14:44 | INFO: Blender create Mesh node M2_K2_1_korkuluk_ayak.002
18:14:44 | INFO: Blender create Mesh node M2_K2_1_korkuluk_ayak.003
18:14:44 | INFO: Blender create Mesh node M2_K2_1_korkuluk_bordur
18:14:44 | INFO: Blender create Mesh node M2_K2_1_korkuluk_bordur.001
18:14:44 | INFO: Blender create Mesh node M2_K2_1_korkuluk_bordur.002
18:14:44 | INFO: Blender create Mesh node M2_K2_1_korkuluk_bordur.003
18:14:44 | INFO: Blender create Mesh node M2_K2_1_korkuluk_bordur.004
18:14:44 | INFO: Blender create Mesh node M2_K2_1_korkuluk_bordur.005
18:14:44 | INFO: Blender create Mesh node M2_K2_1_korkuluk_bordur.006
18:14:44 | INFO: Blender create Mesh node M2_K2_1_korkuluk_bordur.007
18:14:44 | INFO: Blender create Mesh node M2_K2_1_korkuluk_bordur.008
18:14:45 | INFO: Blender create Mesh node M2_K2_1_korkuluk_bordur.009
18:14:45 | INFO: Blender create Mesh node M2_K2_1_korkuluk_bordur.010
18:14:45 | INFO: Blender create Mesh node M2_K2_1_korkuluk_bordur.011
18:14:45 | INFO: Blender create Mesh node M2_K2_1_korkuluk_bordur.012
18:14:45 | INFO: Blender create Mesh node M2_K2_1_korkuluk_bordur.013
18:14:45 | INFO: Blender create Mesh node M2_K2_1_korkuluk_bordur.014
18:14:45 | INFO: Blender create Mesh node M2_K2_1_korkuluk_bordur.015
18:14:45 | INFO: Blender create Mesh node M2_K2_1_korkuluk_bordur.016
18:14:45 | INFO: Blender create Mesh node M2_K2_1_korkuluk_bordur.017
18:14:45 | INFO: Blender create Mesh node M2_K2_1_korkuluk_bordur.018
18:14:45 | INFO: Blender create Mesh node M2_K2_1_korkuluk_bordur.019
18:14:45 | INFO: Blender create Mesh node M2_K2_1_korkuluk_bordur.020
18:14:45 | INFO: Blender create Mesh node M2_K2_1_korkuluk_bordur.021
18:14:45 | INFO: Blender create Mesh node M2_K2_1_korkuluk_bordur.022
18:14:45 | INFO: Blender create Mesh node M2_K2_1_korkuluk_bordur.023
18:14:45 | INFO: Blender create Mesh node M2_K2_1_korkuluk_C_kivrim.006
18:14:45 | INFO: Blender create Mesh node M2_K2_1_korkuluk_C_kivrim.007
18:14:45 | INFO: Blender create Mesh node M2_K2_1_korkuluk_C_kivrim.008
18:14:45 | INFO: Blender create Mesh node M2_K2_1_korkuluk_C_kivrim.009
18:14:45 | INFO: Blender create Mesh node M2_K2_1_korkuluk_C_kivrim.010
18:14:45 | INFO: Blender create Mesh node M2_K2_1_korkuluk_C_kivrim.011
18:14:45 | INFO: Blender create Mesh node M2_K2_1_korkuluk_dikme.002
18:14:45 | INFO: Blender create Mesh node M2_K2_1_korkuluk_dikme.003
18:14:45 | INFO: Blender create Mesh node M2_K2_1_korkuluk_kupeşte.001
18:14:45 | INFO: Blender create Mesh node M2_K2_1_korkuluk_yaprak
18:14:45 | INFO: Blender create Mesh node M2_K2_1_korkuluk_yaprak.001
18:14:45 | INFO: Blender create Mesh node M2_K2_1_korkuluk_yaprak.002
18:14:45 | INFO: Blender create Mesh node M2_K2_1_korkuluk_yaprak.003
18:14:45 | INFO: Blender create Mesh node M2_K2_1_korkuluk_yaprak.004
18:14:45 | INFO: Blender create Mesh node M2_K2_1_korkuluk_yaprak.005
18:14:45 | INFO: Blender create Mesh node M2_K2_1_korkuluk_yatay.002
18:14:45 | INFO: Blender create Mesh node M2_K2_1_korkuluk_yatay.003
18:14:45 | INFO: Blender create Mesh node M2_K2_1_riht.009
18:14:45 | INFO: Blender create Mesh node M2_K2_1_riht.010
18:14:45 | INFO: Blender create Mesh node M2_K2_1_riht.011
18:14:45 | INFO: Blender create Mesh node M2_K2_1_riht.012
18:14:45 | INFO: Blender create Mesh node M2_K2_1_riht.013
18:14:45 | INFO: Blender create Mesh node M2_K2_1_riht.014
18:14:45 | INFO: Blender create Mesh node M2_K2_1_riht.015
18:14:45 | INFO: Blender create Mesh node M2_K2_1_riht.016
18:14:45 | INFO: Blender create Mesh node M2_K2_1_riht.017
18:14:45 | INFO: Blender create Mesh node M2_K2_bosluk_korkuluk_0_ayak.002
18:14:45 | INFO: Blender create Mesh node M2_K2_bosluk_korkuluk_0_ayak.003
18:14:45 | INFO: Blender create Mesh node M2_K2_bosluk_korkuluk_0_bordur
18:14:45 | INFO: Blender create Mesh node M2_K2_bosluk_korkuluk_0_bordur.001
18:14:45 | INFO: Blender create Mesh node M2_K2_bosluk_korkuluk_0_bordur.002
18:14:45 | INFO: Blender create Mesh node M2_K2_bosluk_korkuluk_0_bordur.003
18:14:45 | INFO: Blender create Mesh node M2_K2_bosluk_korkuluk_0_bordur.004
18:14:45 | INFO: Blender create Mesh node M2_K2_bosluk_korkuluk_0_bordur.005
18:14:45 | INFO: Blender create Mesh node M2_K2_bosluk_korkuluk_0_bordur.006
18:14:45 | INFO: Blender create Mesh node M2_K2_bosluk_korkuluk_0_bordur.007
18:14:45 | INFO: Blender create Mesh node M2_K2_bosluk_korkuluk_0_C_kivrim.002
18:14:45 | INFO: Blender create Mesh node M2_K2_bosluk_korkuluk_0_C_kivrim.003
18:14:45 | INFO: Blender create Mesh node M2_K2_bosluk_korkuluk_0_dikme.002
18:14:45 | INFO: Blender create Mesh node M2_K2_bosluk_korkuluk_0_dikme.003
18:14:45 | INFO: Blender create Mesh node M2_K2_bosluk_korkuluk_0_kupeşte.001
18:14:45 | INFO: Blender create Mesh node M2_K2_bosluk_korkuluk_0_pirinc_dugum.001
18:14:45 | INFO: Blender create Mesh node M2_K2_bosluk_korkuluk_0_yaprak
18:14:45 | INFO: Blender create Mesh node M2_K2_bosluk_korkuluk_0_yaprak.001
18:14:45 | INFO: Blender create Mesh node M2_K2_bosluk_korkuluk_0_yatay.002
18:14:45 | INFO: Blender create Mesh node M2_K2_bosluk_korkuluk_0_yatay.003
18:14:45 | INFO: Blender create Mesh node M2_K2_sahanlik.001
18:14:45 | INFO: Blender create Mesh node M2_K2_sahanlik_alti.001
18:14:45 | INFO: Blender create Mesh node M3_01_dik_profil
18:14:45 | INFO: Blender create Mesh node M3_01_dik_profil.001
18:14:45 | INFO: Blender create Mesh node M3_01_dik_profil.002
18:14:45 | INFO: Blender create Mesh node M3_01_dik_profil.003
18:14:45 | INFO: Blender create Mesh node M3_01_dik_profil.004
18:14:45 | INFO: Blender create Mesh node M3_01_dik_profil.005
18:14:45 | INFO: Blender create Mesh node M3_01_dik_profil.006
18:14:45 | INFO: Blender create Mesh node M3_01_dik_profil.007
18:14:45 | INFO: Blender create Mesh node M3_01_dik_profil.008
18:14:45 | INFO: Blender create Mesh node M3_01_dik_profil.009
18:14:45 | INFO: Blender create Mesh node M3_01_dik_profil.010
18:14:45 | INFO: Blender create Mesh node M3_01_dik_profil.011
18:14:45 | INFO: Blender create Mesh node M3_01_esik_doseme
18:14:45 | INFO: Blender create Mesh node M3_01_gobek
18:14:45 | INFO: Blender create Mesh node M3_01_gobek.001
18:14:45 | INFO: Blender create Mesh node M3_01_gobek.002
18:14:45 | INFO: Blender create Mesh node M3_01_gobek.003
18:14:45 | INFO: Blender create Mesh node M3_01_gobek.004
18:14:45 | INFO: Blender create Mesh node M3_01_gobek.005
18:14:45 | INFO: Blender create Mesh node M3_01_kanat
18:14:45 | INFO: Blender create Mesh node M3_01_kasa
18:14:45 | INFO: Blender create Mesh node M3_01_kasa.001
18:14:45 | INFO: Blender create Mesh node M3_01_kulp.002
18:14:45 | INFO: Blender create Mesh node M3_01_kulp.003
18:14:45 | INFO: Blender create Mesh node M3_01_mentese.003
18:14:45 | INFO: Blender create Mesh node M3_01_mentese.004
18:14:45 | INFO: Blender create Mesh node M3_01_mentese.005
18:14:45 | INFO: Blender create Mesh node M3_01_pervaz
18:14:45 | INFO: Blender create Mesh node M3_01_pervaz.001
18:14:45 | INFO: Blender create Mesh node M3_01_pervaz.002
18:14:45 | INFO: Blender create Mesh node M3_01_pervaz.003
18:14:45 | INFO: Blender create Mesh node M3_01_ust_kasa
18:14:45 | INFO: Blender create Mesh node M3_01_ust_pervaz
18:14:45 | INFO: Blender create Mesh node M3_01_ust_pervaz.001
18:14:45 | INFO: Blender create Mesh node M3_01_yatay_profil
18:14:45 | INFO: Blender create Mesh node M3_01_yatay_profil.001
18:14:45 | INFO: Blender create Mesh node M3_01_yatay_profil.002
18:14:45 | INFO: Blender create Mesh node M3_01_yatay_profil.003
18:14:45 | INFO: Blender create Mesh node M3_01_yatay_profil.004
18:14:45 | INFO: Blender create Mesh node M3_01_yatay_profil.005
18:14:45 | INFO: Blender create Mesh node M3_01_yatay_profil.006
18:14:45 | INFO: Blender create Mesh node M3_01_yatay_profil.007
18:14:45 | INFO: Blender create Mesh node M3_01_yatay_profil.008
18:14:45 | INFO: Blender create Mesh node M3_01_yatay_profil.009
18:14:45 | INFO: Blender create Mesh node M3_01_yatay_profil.010
18:14:45 | INFO: Blender create Mesh node M3_01_yatay_profil.011
18:14:45 | INFO: Blender create Mesh node M3_02_dik_profil
18:14:45 | INFO: Blender create Mesh node M3_02_dik_profil.001
18:14:45 | INFO: Blender create Mesh node M3_02_dik_profil.002
18:14:45 | INFO: Blender create Mesh node M3_02_dik_profil.003
18:14:45 | INFO: Blender create Mesh node M3_02_dik_profil.004
18:14:45 | INFO: Blender create Mesh node M3_02_dik_profil.005
18:14:45 | INFO: Blender create Mesh node M3_02_dik_profil.006
18:14:45 | INFO: Blender create Mesh node M3_02_dik_profil.007
18:14:45 | INFO: Blender create Mesh node M3_02_dik_profil.008
18:14:45 | INFO: Blender create Mesh node M3_02_dik_profil.009
18:14:45 | INFO: Blender create Mesh node M3_02_dik_profil.010
18:14:45 | INFO: Blender create Mesh node M3_02_dik_profil.011
18:14:45 | INFO: Blender create Mesh node M3_02_dik_profil.012
18:14:45 | INFO: Blender create Mesh node M3_02_dik_profil.013
18:14:45 | INFO: Blender create Mesh node M3_02_dik_profil.014
18:14:45 | INFO: Blender create Mesh node M3_02_dik_profil.015
18:14:45 | INFO: Blender create Mesh node M3_02_dik_profil.016
18:14:45 | INFO: Blender create Mesh node M3_02_dik_profil.017
18:14:45 | INFO: Blender create Mesh node M3_02_dik_profil.018
18:14:45 | INFO: Blender create Mesh node M3_02_dik_profil.019
18:14:45 | INFO: Blender create Mesh node M3_02_dik_profil.020
18:14:45 | INFO: Blender create Mesh node M3_02_dik_profil.021
18:14:45 | INFO: Blender create Mesh node M3_02_dik_profil.022
18:14:45 | INFO: Blender create Mesh node M3_02_dik_profil.023
18:14:45 | INFO: Blender create Mesh node M3_02_esik_doseme
18:14:45 | INFO: Blender create Mesh node M3_02_gobek
18:14:45 | INFO: Blender create Mesh node M3_02_gobek.001
18:14:45 | INFO: Blender create Mesh node M3_02_gobek.002
18:14:45 | INFO: Blender create Mesh node M3_02_gobek.003
18:14:45 | INFO: Blender create Mesh node M3_02_gobek.004
18:14:45 | INFO: Blender create Mesh node M3_02_gobek.005
18:14:45 | INFO: Blender create Mesh node M3_02_gobek.006
18:14:45 | INFO: Blender create Mesh node M3_02_gobek.007
18:14:45 | INFO: Blender create Mesh node M3_02_gobek.008
18:14:45 | INFO: Blender create Mesh node M3_02_gobek.009
18:14:45 | INFO: Blender create Mesh node M3_02_gobek.010
18:14:45 | INFO: Blender create Mesh node M3_02_gobek.011
18:14:45 | INFO: Blender create Mesh node M3_02_kanat
18:14:45 | INFO: Blender create Mesh node M3_02_kasa
18:14:45 | INFO: Blender create Mesh node M3_02_kasa.001
18:14:45 | INFO: Blender create Mesh node M3_02_mentese.003
18:14:45 | INFO: Blender create Mesh node M3_02_mentese.004
18:14:45 | INFO: Blender create Mesh node M3_02_mentese.005
18:14:45 | INFO: Blender create Mesh node M3_02_pervaz
18:14:45 | INFO: Blender create Mesh node M3_02_pervaz.001
18:14:45 | INFO: Blender create Mesh node M3_02_pervaz.002
18:14:45 | INFO: Blender create Mesh node M3_02_pervaz.003
18:14:45 | INFO: Blender create Mesh node Sphere.029
18:14:45 | INFO: Blender create Mesh node Sphere.030
18:14:45 | INFO: Blender create Mesh node M3_02_topuz_mili.002
18:14:45 | INFO: Blender create Mesh node M3_02_topuz_mili.003
18:14:45 | INFO: Blender create Mesh node M3_02_ust_kasa
18:14:45 | INFO: Blender create Mesh node M3_02_ust_pervaz
18:14:45 | INFO: Blender create Mesh node M3_02_ust_pervaz.001
18:14:45 | INFO: Blender create Mesh node M3_02_yatay_profil
18:14:45 | INFO: Blender create Mesh node M3_02_yatay_profil.001
18:14:45 | INFO: Blender create Mesh node M3_02_yatay_profil.002
18:14:45 | INFO: Blender create Mesh node M3_02_yatay_profil.003
18:14:45 | INFO: Blender create Mesh node M3_02_yatay_profil.004
18:14:45 | INFO: Blender create Mesh node M3_02_yatay_profil.005
18:14:45 | INFO: Blender create Mesh node M3_02_yatay_profil.006
18:14:45 | INFO: Blender create Mesh node M3_02_yatay_profil.007
18:14:45 | INFO: Blender create Mesh node M3_02_yatay_profil.008
18:14:45 | INFO: Blender create Mesh node M3_02_yatay_profil.009
18:14:45 | INFO: Blender create Mesh node M3_02_yatay_profil.010
18:14:45 | INFO: Blender create Mesh node M3_02_yatay_profil.011
18:14:45 | INFO: Blender create Mesh node M3_02_yatay_profil.012
18:14:45 | INFO: Blender create Mesh node M3_02_yatay_profil.013
18:14:45 | INFO: Blender create Mesh node M3_02_yatay_profil.014
18:14:45 | INFO: Blender create Mesh node M3_02_yatay_profil.015
18:14:45 | INFO: Blender create Mesh node M3_02_yatay_profil.016
18:14:45 | INFO: Blender create Mesh node M3_02_yatay_profil.017
18:14:45 | INFO: Blender create Mesh node M3_02_yatay_profil.018
18:14:45 | INFO: Blender create Mesh node M3_02_yatay_profil.019
18:14:45 | INFO: Blender create Mesh node M3_02_yatay_profil.020
18:14:45 | INFO: Blender create Mesh node M3_02_yatay_profil.021
18:14:45 | INFO: Blender create Mesh node M3_02_yatay_profil.022
18:14:45 | INFO: Blender create Mesh node M3_02_yatay_profil.023
18:14:45 | INFO: Blender create Mesh node M3_03_dik_profil
18:14:45 | INFO: Blender create Mesh node M3_03_dik_profil.001
18:14:45 | INFO: Blender create Mesh node M3_03_dik_profil.002
18:14:45 | INFO: Blender create Mesh node M3_03_dik_profil.003
18:14:45 | INFO: Blender create Mesh node M3_03_dik_profil.004
18:14:45 | INFO: Blender create Mesh node M3_03_dik_profil.005
18:14:45 | INFO: Blender create Mesh node M3_03_dik_profil.006
18:14:45 | INFO: Blender create Mesh node M3_03_dik_profil.007
18:14:45 | INFO: Blender create Mesh node M3_03_dik_profil.008
18:14:45 | INFO: Blender create Mesh node M3_03_dik_profil.009
18:14:45 | INFO: Blender create Mesh node M3_03_dik_profil.010
18:14:45 | INFO: Blender create Mesh node M3_03_dik_profil.011
18:14:45 | INFO: Blender create Mesh node M3_03_dik_profil.012
18:14:45 | INFO: Blender create Mesh node M3_03_dik_profil.013
18:14:45 | INFO: Blender create Mesh node M3_03_dik_profil.014
18:14:45 | INFO: Blender create Mesh node M3_03_dik_profil.015
18:14:45 | INFO: Blender create Mesh node M3_03_dik_profil.016
18:14:45 | INFO: Blender create Mesh node M3_03_dik_profil.017
18:14:45 | INFO: Blender create Mesh node M3_03_dik_profil.018
18:14:45 | INFO: Blender create Mesh node M3_03_dik_profil.019
18:14:45 | INFO: Blender create Mesh node M3_03_dik_profil.020
18:14:45 | INFO: Blender create Mesh node M3_03_dik_profil.021
18:14:45 | INFO: Blender create Mesh node M3_03_dik_profil.022
18:14:45 | INFO: Blender create Mesh node M3_03_dik_profil.023
18:14:45 | INFO: Blender create Mesh node M3_03_esik_doseme
18:14:45 | INFO: Blender create Mesh node M3_03_gobek
18:14:45 | INFO: Blender create Mesh node M3_03_gobek.001
18:14:45 | INFO: Blender create Mesh node M3_03_gobek.002
18:14:45 | INFO: Blender create Mesh node M3_03_gobek.003
18:14:45 | INFO: Blender create Mesh node M3_03_gobek.004
18:14:45 | INFO: Blender create Mesh node M3_03_gobek.005
18:14:45 | INFO: Blender create Mesh node M3_03_gobek.006
18:14:45 | INFO: Blender create Mesh node M3_03_gobek.007
18:14:45 | INFO: Blender create Mesh node M3_03_gobek.008
18:14:45 | INFO: Blender create Mesh node M3_03_gobek.009
18:14:45 | INFO: Blender create Mesh node M3_03_gobek.010
18:14:45 | INFO: Blender create Mesh node M3_03_gobek.011
18:14:45 | INFO: Blender create Mesh node M3_03_kanat
18:14:45 | INFO: Blender create Mesh node M3_03_kasa
18:14:45 | INFO: Blender create Mesh node M3_03_kasa.001
18:14:45 | INFO: Blender create Mesh node M3_03_mentese.003
18:14:45 | INFO: Blender create Mesh node M3_03_mentese.004
18:14:45 | INFO: Blender create Mesh node M3_03_mentese.005
18:14:45 | INFO: Blender create Mesh node M3_03_pervaz
18:14:45 | INFO: Blender create Mesh node M3_03_pervaz.001
18:14:45 | INFO: Blender create Mesh node M3_03_pervaz.002
18:14:45 | INFO: Blender create Mesh node M3_03_pervaz.003
18:14:45 | INFO: Blender create Mesh node Sphere.031
18:14:45 | INFO: Blender create Mesh node Sphere.032
18:14:45 | INFO: Blender create Mesh node M3_03_topuz_mili.002
18:14:45 | INFO: Blender create Mesh node M3_03_topuz_mili.003
18:14:45 | INFO: Blender create Mesh node M3_03_ust_kasa
18:14:45 | INFO: Blender create Mesh node M3_03_ust_pervaz
18:14:45 | INFO: Blender create Mesh node M3_03_ust_pervaz.001
18:14:45 | INFO: Blender create Mesh node M3_03_yatay_profil
18:14:45 | INFO: Blender create Mesh node M3_03_yatay_profil.001
18:14:45 | INFO: Blender create Mesh node M3_03_yatay_profil.002
18:14:45 | INFO: Blender create Mesh node M3_03_yatay_profil.003
18:14:45 | INFO: Blender create Mesh node M3_03_yatay_profil.004
18:14:45 | INFO: Blender create Mesh node M3_03_yatay_profil.005
18:14:45 | INFO: Blender create Mesh node M3_03_yatay_profil.006
18:14:45 | INFO: Blender create Mesh node M3_03_yatay_profil.007
18:14:45 | INFO: Blender create Mesh node M3_03_yatay_profil.008
18:14:45 | INFO: Blender create Mesh node M3_03_yatay_profil.009
18:14:45 | INFO: Blender create Mesh node M3_03_yatay_profil.010
18:14:45 | INFO: Blender create Mesh node M3_03_yatay_profil.011
18:14:45 | INFO: Blender create Mesh node M3_03_yatay_profil.012
18:14:45 | INFO: Blender create Mesh node M3_03_yatay_profil.013
18:14:45 | INFO: Blender create Mesh node M3_03_yatay_profil.014
18:14:45 | INFO: Blender create Mesh node M3_03_yatay_profil.015
18:14:45 | INFO: Blender create Mesh node M3_03_yatay_profil.016
18:14:45 | INFO: Blender create Mesh node M3_03_yatay_profil.017
18:14:45 | INFO: Blender create Mesh node M3_03_yatay_profil.018
18:14:45 | INFO: Blender create Mesh node M3_03_yatay_profil.019
18:14:45 | INFO: Blender create Mesh node M3_03_yatay_profil.020
18:14:45 | INFO: Blender create Mesh node M3_03_yatay_profil.021
18:14:45 | INFO: Blender create Mesh node M3_03_yatay_profil.022
18:14:45 | INFO: Blender create Mesh node M3_03_yatay_profil.023
18:14:45 | INFO: Blender create Mesh node M3_04_dik_profil
18:14:45 | INFO: Blender create Mesh node M3_04_dik_profil.001
18:14:45 | INFO: Blender create Mesh node M3_04_dik_profil.002
18:14:45 | INFO: Blender create Mesh node M3_04_dik_profil.003
18:14:45 | INFO: Blender create Mesh node M3_04_dik_profil.004
18:14:45 | INFO: Blender create Mesh node M3_04_dik_profil.005
18:14:45 | INFO: Blender create Mesh node M3_04_dik_profil.006
18:14:45 | INFO: Blender create Mesh node M3_04_dik_profil.007
18:14:45 | INFO: Blender create Mesh node M3_04_dik_profil.008
18:14:45 | INFO: Blender create Mesh node M3_04_dik_profil.009
18:14:45 | INFO: Blender create Mesh node M3_04_dik_profil.010
18:14:45 | INFO: Blender create Mesh node M3_04_dik_profil.011
18:14:45 | INFO: Blender create Mesh node M3_04_dik_profil.012
18:14:45 | INFO: Blender create Mesh node M3_04_dik_profil.013
18:14:45 | INFO: Blender create Mesh node M3_04_dik_profil.014
18:14:45 | INFO: Blender create Mesh node M3_04_dik_profil.015
18:14:45 | INFO: Blender create Mesh node M3_04_dik_profil.016
18:14:45 | INFO: Blender create Mesh node M3_04_dik_profil.017
18:14:45 | INFO: Blender create Mesh node M3_04_dik_profil.018
18:14:45 | INFO: Blender create Mesh node M3_04_dik_profil.019
18:14:45 | INFO: Blender create Mesh node M3_04_dik_profil.020
18:14:45 | INFO: Blender create Mesh node M3_04_dik_profil.021
18:14:45 | INFO: Blender create Mesh node M3_04_dik_profil.022
18:14:45 | INFO: Blender create Mesh node M3_04_dik_profil.023
18:14:45 | INFO: Blender create Mesh node M3_04_esik_doseme
18:14:45 | INFO: Blender create Mesh node M3_04_gobek
18:14:45 | INFO: Blender create Mesh node M3_04_gobek.001
18:14:45 | INFO: Blender create Mesh node M3_04_gobek.002
18:14:45 | INFO: Blender create Mesh node M3_04_gobek.003
18:14:45 | INFO: Blender create Mesh node M3_04_gobek.004
18:14:45 | INFO: Blender create Mesh node M3_04_gobek.005
18:14:45 | INFO: Blender create Mesh node M3_04_gobek.006
18:14:45 | INFO: Blender create Mesh node M3_04_gobek.007
18:14:45 | INFO: Blender create Mesh node M3_04_gobek.008
18:14:45 | INFO: Blender create Mesh node M3_04_gobek.009
18:14:45 | INFO: Blender create Mesh node M3_04_gobek.010
18:14:45 | INFO: Blender create Mesh node M3_04_gobek.011
18:14:45 | INFO: Blender create Mesh node M3_04_kanat
18:14:45 | INFO: Blender create Mesh node M3_04_kasa
18:14:45 | INFO: Blender create Mesh node M3_04_kasa.001
18:14:45 | INFO: Blender create Mesh node M3_04_mentese.003
18:14:45 | INFO: Blender create Mesh node M3_04_mentese.004
18:14:45 | INFO: Blender create Mesh node M3_04_mentese.005
18:14:45 | INFO: Blender create Mesh node M3_04_pervaz
18:14:45 | INFO: Blender create Mesh node M3_04_pervaz.001
18:14:45 | INFO: Blender create Mesh node M3_04_pervaz.002
18:14:45 | INFO: Blender create Mesh node M3_04_pervaz.003
18:14:45 | INFO: Blender create Mesh node Sphere.033
18:14:45 | INFO: Blender create Mesh node Sphere.034
18:14:45 | INFO: Blender create Mesh node M3_04_topuz_mili.002
18:14:45 | INFO: Blender create Mesh node M3_04_topuz_mili.003
18:14:45 | INFO: Blender create Mesh node M3_04_ust_kasa
18:14:45 | INFO: Blender create Mesh node M3_04_ust_pervaz
18:14:45 | INFO: Blender create Mesh node M3_04_ust_pervaz.001
18:14:45 | INFO: Blender create Mesh node M3_04_yatay_profil
18:14:45 | INFO: Blender create Mesh node M3_04_yatay_profil.001
18:14:45 | INFO: Blender create Mesh node M3_04_yatay_profil.002
18:14:45 | INFO: Blender create Mesh node M3_04_yatay_profil.003
18:14:45 | INFO: Blender create Mesh node M3_04_yatay_profil.004
18:14:45 | INFO: Blender create Mesh node M3_04_yatay_profil.005
18:14:45 | INFO: Blender create Mesh node M3_04_yatay_profil.006
18:14:45 | INFO: Blender create Mesh node M3_04_yatay_profil.007
18:14:45 | INFO: Blender create Mesh node M3_04_yatay_profil.008
18:14:45 | INFO: Blender create Mesh node M3_04_yatay_profil.009
18:14:45 | INFO: Blender create Mesh node M3_04_yatay_profil.010
18:14:45 | INFO: Blender create Mesh node M3_04_yatay_profil.011
18:14:45 | INFO: Blender create Mesh node M3_04_yatay_profil.012
18:14:45 | INFO: Blender create Mesh node M3_04_yatay_profil.013
18:14:45 | INFO: Blender create Mesh node M3_04_yatay_profil.014
18:14:45 | INFO: Blender create Mesh node M3_04_yatay_profil.015
18:14:45 | INFO: Blender create Mesh node M3_04_yatay_profil.016
18:14:45 | INFO: Blender create Mesh node M3_04_yatay_profil.017
18:14:45 | INFO: Blender create Mesh node M3_04_yatay_profil.018
18:14:45 | INFO: Blender create Mesh node M3_04_yatay_profil.019
18:14:45 | INFO: Blender create Mesh node M3_04_yatay_profil.020
18:14:45 | INFO: Blender create Mesh node M3_04_yatay_profil.021
18:14:46 | INFO: Blender create Mesh node M3_04_yatay_profil.022
18:14:46 | INFO: Blender create Mesh node M3_04_yatay_profil.023
18:14:46 | INFO: Blender create Mesh node M3_05_dik_profil
18:14:46 | INFO: Blender create Mesh node M3_05_dik_profil.001
18:14:46 | INFO: Blender create Mesh node M3_05_dik_profil.002
18:14:46 | INFO: Blender create Mesh node M3_05_dik_profil.003
18:14:46 | INFO: Blender create Mesh node M3_05_dik_profil.004
18:14:46 | INFO: Blender create Mesh node M3_05_dik_profil.005
18:14:46 | INFO: Blender create Mesh node M3_05_dik_profil.006
18:14:46 | INFO: Blender create Mesh node M3_05_dik_profil.007
18:14:46 | INFO: Blender create Mesh node M3_05_dik_profil.008
18:14:46 | INFO: Blender create Mesh node M3_05_dik_profil.009
18:14:46 | INFO: Blender create Mesh node M3_05_dik_profil.010
18:14:46 | INFO: Blender create Mesh node M3_05_dik_profil.011
18:14:46 | INFO: Blender create Mesh node M3_05_dik_profil.012
18:14:46 | INFO: Blender create Mesh node M3_05_dik_profil.013
18:14:46 | INFO: Blender create Mesh node M3_05_dik_profil.014
18:14:46 | INFO: Blender create Mesh node M3_05_dik_profil.015
18:14:46 | INFO: Blender create Mesh node M3_05_dik_profil.016
18:14:46 | INFO: Blender create Mesh node M3_05_dik_profil.017
18:14:46 | INFO: Blender create Mesh node M3_05_dik_profil.018
18:14:46 | INFO: Blender create Mesh node M3_05_dik_profil.019
18:14:46 | INFO: Blender create Mesh node M3_05_dik_profil.020
18:14:46 | INFO: Blender create Mesh node M3_05_dik_profil.021
18:14:46 | INFO: Blender create Mesh node M3_05_dik_profil.022
18:14:46 | INFO: Blender create Mesh node M3_05_dik_profil.023
18:14:46 | INFO: Blender create Mesh node M3_05_esik_doseme
18:14:46 | INFO: Blender create Mesh node M3_05_gobek
18:14:46 | INFO: Blender create Mesh node M3_05_gobek.001
18:14:46 | INFO: Blender create Mesh node M3_05_gobek.002
18:14:46 | INFO: Blender create Mesh node M3_05_gobek.003
18:14:46 | INFO: Blender create Mesh node M3_05_gobek.004
18:14:46 | INFO: Blender create Mesh node M3_05_gobek.005
18:14:46 | INFO: Blender create Mesh node M3_05_gobek.006
18:14:46 | INFO: Blender create Mesh node M3_05_gobek.007
18:14:46 | INFO: Blender create Mesh node M3_05_gobek.008
18:14:46 | INFO: Blender create Mesh node M3_05_gobek.009
18:14:46 | INFO: Blender create Mesh node M3_05_gobek.010
18:14:46 | INFO: Blender create Mesh node M3_05_gobek.011
18:14:46 | INFO: Blender create Mesh node M3_05_kanat
18:14:46 | INFO: Blender create Mesh node M3_05_kasa
18:14:46 | INFO: Blender create Mesh node M3_05_kasa.001
18:14:46 | INFO: Blender create Mesh node M3_05_mentese.003
18:14:46 | INFO: Blender create Mesh node M3_05_mentese.004
18:14:46 | INFO: Blender create Mesh node M3_05_mentese.005
18:14:46 | INFO: Blender create Mesh node M3_05_pervaz
18:14:46 | INFO: Blender create Mesh node M3_05_pervaz.001
18:14:46 | INFO: Blender create Mesh node M3_05_pervaz.002
18:14:46 | INFO: Blender create Mesh node M3_05_pervaz.003
18:14:46 | INFO: Blender create Mesh node Sphere.035
18:14:46 | INFO: Blender create Mesh node Sphere.036
18:14:46 | INFO: Blender create Mesh node M3_05_topuz_mili.002
18:14:46 | INFO: Blender create Mesh node M3_05_topuz_mili.003
18:14:46 | INFO: Blender create Mesh node M3_05_ust_kasa
18:14:46 | INFO: Blender create Mesh node M3_05_ust_pervaz
18:14:46 | INFO: Blender create Mesh node M3_05_ust_pervaz.001
18:14:46 | INFO: Blender create Mesh node M3_05_yatay_profil
18:14:46 | INFO: Blender create Mesh node M3_05_yatay_profil.001
18:14:46 | INFO: Blender create Mesh node M3_05_yatay_profil.002
18:14:46 | INFO: Blender create Mesh node M3_05_yatay_profil.003
18:14:46 | INFO: Blender create Mesh node M3_05_yatay_profil.004
18:14:46 | INFO: Blender create Mesh node M3_05_yatay_profil.005
18:14:46 | INFO: Blender create Mesh node M3_05_yatay_profil.006
18:14:46 | INFO: Blender create Mesh node M3_05_yatay_profil.007
18:14:46 | INFO: Blender create Mesh node M3_05_yatay_profil.008
18:14:46 | INFO: Blender create Mesh node M3_05_yatay_profil.009
18:14:46 | INFO: Blender create Mesh node M3_05_yatay_profil.010
18:14:46 | INFO: Blender create Mesh node M3_05_yatay_profil.011
18:14:46 | INFO: Blender create Mesh node M3_05_yatay_profil.012
18:14:46 | INFO: Blender create Mesh node M3_05_yatay_profil.013
18:14:46 | INFO: Blender create Mesh node M3_05_yatay_profil.014
18:14:46 | INFO: Blender create Mesh node M3_05_yatay_profil.015
18:14:46 | INFO: Blender create Mesh node M3_05_yatay_profil.016
18:14:46 | INFO: Blender create Mesh node M3_05_yatay_profil.017
18:14:46 | INFO: Blender create Mesh node M3_05_yatay_profil.018
18:14:46 | INFO: Blender create Mesh node M3_05_yatay_profil.019
18:14:46 | INFO: Blender create Mesh node M3_05_yatay_profil.020
18:14:46 | INFO: Blender create Mesh node M3_05_yatay_profil.021
18:14:46 | INFO: Blender create Mesh node M3_05_yatay_profil.022
18:14:46 | INFO: Blender create Mesh node M3_05_yatay_profil.023
18:14:46 | INFO: Blender create Mesh node M3_06_dik_profil
18:14:46 | INFO: Blender create Mesh node M3_06_dik_profil.001
18:14:46 | INFO: Blender create Mesh node M3_06_dik_profil.002
18:14:46 | INFO: Blender create Mesh node M3_06_dik_profil.003
18:14:46 | INFO: Blender create Mesh node M3_06_dik_profil.004
18:14:46 | INFO: Blender create Mesh node M3_06_dik_profil.005
18:14:46 | INFO: Blender create Mesh node M3_06_dik_profil.006
18:14:46 | INFO: Blender create Mesh node M3_06_dik_profil.007
18:14:46 | INFO: Blender create Mesh node M3_06_dik_profil.008
18:14:46 | INFO: Blender create Mesh node M3_06_dik_profil.009
18:14:46 | INFO: Blender create Mesh node M3_06_dik_profil.010
18:14:46 | INFO: Blender create Mesh node M3_06_dik_profil.011
18:14:46 | INFO: Blender create Mesh node M3_06_dik_profil.012
18:14:46 | INFO: Blender create Mesh node M3_06_dik_profil.013
18:14:46 | INFO: Blender create Mesh node M3_06_dik_profil.014
18:14:46 | INFO: Blender create Mesh node M3_06_dik_profil.015
18:14:46 | INFO: Blender create Mesh node M3_06_dik_profil.016
18:14:46 | INFO: Blender create Mesh node M3_06_dik_profil.017
18:14:46 | INFO: Blender create Mesh node M3_06_dik_profil.018
18:14:46 | INFO: Blender create Mesh node M3_06_dik_profil.019
18:14:46 | INFO: Blender create Mesh node M3_06_dik_profil.020
18:14:46 | INFO: Blender create Mesh node M3_06_dik_profil.021
18:14:46 | INFO: Blender create Mesh node M3_06_dik_profil.022
18:14:46 | INFO: Blender create Mesh node M3_06_dik_profil.023
18:14:46 | INFO: Blender create Mesh node M3_06_esik_doseme
18:14:46 | INFO: Blender create Mesh node M3_06_gobek
18:14:46 | INFO: Blender create Mesh node M3_06_gobek.001
18:14:46 | INFO: Blender create Mesh node M3_06_gobek.002
18:14:46 | INFO: Blender create Mesh node M3_06_gobek.003
18:14:46 | INFO: Blender create Mesh node M3_06_gobek.004
18:14:46 | INFO: Blender create Mesh node M3_06_gobek.005
18:14:46 | INFO: Blender create Mesh node M3_06_gobek.006
18:14:46 | INFO: Blender create Mesh node M3_06_gobek.007
18:14:46 | INFO: Blender create Mesh node M3_06_gobek.008
18:14:46 | INFO: Blender create Mesh node M3_06_gobek.009
18:14:46 | INFO: Blender create Mesh node M3_06_gobek.010
18:14:46 | INFO: Blender create Mesh node M3_06_gobek.011
18:14:46 | INFO: Blender create Mesh node M3_06_kanat
18:14:46 | INFO: Blender create Mesh node M3_06_kasa
18:14:46 | INFO: Blender create Mesh node M3_06_kasa.001
18:14:46 | INFO: Blender create Mesh node M3_06_mentese.003
18:14:46 | INFO: Blender create Mesh node M3_06_mentese.004
18:14:46 | INFO: Blender create Mesh node M3_06_mentese.005
18:14:46 | INFO: Blender create Mesh node M3_06_pervaz
18:14:46 | INFO: Blender create Mesh node M3_06_pervaz.001
18:14:46 | INFO: Blender create Mesh node M3_06_pervaz.002
18:14:46 | INFO: Blender create Mesh node M3_06_pervaz.003
18:14:46 | INFO: Blender create Mesh node Sphere.037
18:14:46 | INFO: Blender create Mesh node Sphere.038
18:14:46 | INFO: Blender create Mesh node M3_06_topuz_mili.002
18:14:46 | INFO: Blender create Mesh node M3_06_topuz_mili.003
18:14:46 | INFO: Blender create Mesh node M3_06_ust_kasa
18:14:46 | INFO: Blender create Mesh node M3_06_ust_pervaz
18:14:46 | INFO: Blender create Mesh node M3_06_ust_pervaz.001
18:14:46 | INFO: Blender create Mesh node M3_06_yatay_profil
18:14:46 | INFO: Blender create Mesh node M3_06_yatay_profil.001
18:14:46 | INFO: Blender create Mesh node M3_06_yatay_profil.002
18:14:46 | INFO: Blender create Mesh node M3_06_yatay_profil.003
18:14:46 | INFO: Blender create Mesh node M3_06_yatay_profil.004
18:14:46 | INFO: Blender create Mesh node M3_06_yatay_profil.005
18:14:46 | INFO: Blender create Mesh node M3_06_yatay_profil.006
18:14:46 | INFO: Blender create Mesh node M3_06_yatay_profil.007
18:14:46 | INFO: Blender create Mesh node M3_06_yatay_profil.008
18:14:46 | INFO: Blender create Mesh node M3_06_yatay_profil.009
18:14:46 | INFO: Blender create Mesh node M3_06_yatay_profil.010
18:14:46 | INFO: Blender create Mesh node M3_06_yatay_profil.011
18:14:46 | INFO: Blender create Mesh node M3_06_yatay_profil.012
18:14:46 | INFO: Blender create Mesh node M3_06_yatay_profil.013
18:14:46 | INFO: Blender create Mesh node M3_06_yatay_profil.014
18:14:46 | INFO: Blender create Mesh node M3_06_yatay_profil.015
18:14:46 | INFO: Blender create Mesh node M3_06_yatay_profil.016
18:14:46 | INFO: Blender create Mesh node M3_06_yatay_profil.017
18:14:46 | INFO: Blender create Mesh node M3_06_yatay_profil.018
18:14:46 | INFO: Blender create Mesh node M3_06_yatay_profil.019
18:14:46 | INFO: Blender create Mesh node M3_06_yatay_profil.020
18:14:46 | INFO: Blender create Mesh node M3_06_yatay_profil.021
18:14:46 | INFO: Blender create Mesh node M3_06_yatay_profil.022
18:14:46 | INFO: Blender create Mesh node M3_06_yatay_profil.023
18:14:46 | INFO: Blender create Mesh node M3_07_dik_profil
18:14:46 | INFO: Blender create Mesh node M3_07_dik_profil.001
18:14:46 | INFO: Blender create Mesh node M3_07_dik_profil.002
18:14:46 | INFO: Blender create Mesh node M3_07_dik_profil.003
18:14:46 | INFO: Blender create Mesh node M3_07_dik_profil.004
18:14:46 | INFO: Blender create Mesh node M3_07_dik_profil.005
18:14:46 | INFO: Blender create Mesh node M3_07_dik_profil.006
18:14:46 | INFO: Blender create Mesh node M3_07_dik_profil.007
18:14:46 | INFO: Blender create Mesh node M3_07_dik_profil.008
18:14:46 | INFO: Blender create Mesh node M3_07_dik_profil.009
18:14:46 | INFO: Blender create Mesh node M3_07_dik_profil.010
18:14:46 | INFO: Blender create Mesh node M3_07_dik_profil.011
18:14:46 | INFO: Blender create Mesh node M3_07_dik_profil.012
18:14:46 | INFO: Blender create Mesh node M3_07_dik_profil.013
18:14:46 | INFO: Blender create Mesh node M3_07_dik_profil.014
18:14:46 | INFO: Blender create Mesh node M3_07_dik_profil.015
18:14:46 | INFO: Blender create Mesh node M3_07_dik_profil.016
18:14:46 | INFO: Blender create Mesh node M3_07_dik_profil.017
18:14:46 | INFO: Blender create Mesh node M3_07_dik_profil.018
18:14:46 | INFO: Blender create Mesh node M3_07_dik_profil.019
18:14:46 | INFO: Blender create Mesh node M3_07_dik_profil.020
18:14:46 | INFO: Blender create Mesh node M3_07_dik_profil.021
18:14:46 | INFO: Blender create Mesh node M3_07_dik_profil.022
18:14:46 | INFO: Blender create Mesh node M3_07_dik_profil.023
18:14:46 | INFO: Blender create Mesh node M3_07_esik_doseme
18:14:46 | INFO: Blender create Mesh node M3_07_gobek
18:14:46 | INFO: Blender create Mesh node M3_07_gobek.001
18:14:46 | INFO: Blender create Mesh node M3_07_gobek.002
18:14:46 | INFO: Blender create Mesh node M3_07_gobek.003
18:14:46 | INFO: Blender create Mesh node M3_07_gobek.004
18:14:46 | INFO: Blender create Mesh node M3_07_gobek.005
18:14:46 | INFO: Blender create Mesh node M3_07_gobek.006
18:14:46 | INFO: Blender create Mesh node M3_07_gobek.007
18:14:46 | INFO: Blender create Mesh node M3_07_gobek.008
18:14:46 | INFO: Blender create Mesh node M3_07_gobek.009
18:14:46 | INFO: Blender create Mesh node M3_07_gobek.010
18:14:46 | INFO: Blender create Mesh node M3_07_gobek.011
18:14:46 | INFO: Blender create Mesh node M3_07_kanat
18:14:46 | INFO: Blender create Mesh node M3_07_kasa
18:14:46 | INFO: Blender create Mesh node M3_07_kasa.001
18:14:46 | INFO: Blender create Mesh node M3_07_mentese.003
18:14:46 | INFO: Blender create Mesh node M3_07_mentese.004
18:14:46 | INFO: Blender create Mesh node M3_07_mentese.005
18:14:46 | INFO: Blender create Mesh node M3_07_pervaz
18:14:46 | INFO: Blender create Mesh node M3_07_pervaz.001
18:14:46 | INFO: Blender create Mesh node M3_07_pervaz.002
18:14:46 | INFO: Blender create Mesh node M3_07_pervaz.003
18:14:46 | INFO: Blender create Mesh node Sphere.039
18:14:46 | INFO: Blender create Mesh node Sphere.040
18:14:46 | INFO: Blender create Mesh node M3_07_topuz_mili.002
18:14:46 | INFO: Blender create Mesh node M3_07_topuz_mili.003
18:14:46 | INFO: Blender create Mesh node M3_07_ust_kasa
18:14:46 | INFO: Blender create Mesh node M3_07_ust_pervaz
18:14:46 | INFO: Blender create Mesh node M3_07_ust_pervaz.001
18:14:46 | INFO: Blender create Mesh node M3_07_yatay_profil
18:14:46 | INFO: Blender create Mesh node M3_07_yatay_profil.001
18:14:46 | INFO: Blender create Mesh node M3_07_yatay_profil.002
18:14:46 | INFO: Blender create Mesh node M3_07_yatay_profil.003
18:14:46 | INFO: Blender create Mesh node M3_07_yatay_profil.004
18:14:46 | INFO: Blender create Mesh node M3_07_yatay_profil.005
18:14:46 | INFO: Blender create Mesh node M3_07_yatay_profil.006
18:14:46 | INFO: Blender create Mesh node M3_07_yatay_profil.007
18:14:46 | INFO: Blender create Mesh node M3_07_yatay_profil.008
18:14:46 | INFO: Blender create Mesh node M3_07_yatay_profil.009
18:14:46 | INFO: Blender create Mesh node M3_07_yatay_profil.010
18:14:46 | INFO: Blender create Mesh node M3_07_yatay_profil.011
18:14:46 | INFO: Blender create Mesh node M3_07_yatay_profil.012
18:14:46 | INFO: Blender create Mesh node M3_07_yatay_profil.013
18:14:46 | INFO: Blender create Mesh node M3_07_yatay_profil.014
18:14:46 | INFO: Blender create Mesh node M3_07_yatay_profil.015
18:14:46 | INFO: Blender create Mesh node M3_07_yatay_profil.016
18:14:46 | INFO: Blender create Mesh node M3_07_yatay_profil.017
18:14:46 | INFO: Blender create Mesh node M3_07_yatay_profil.018
18:14:46 | INFO: Blender create Mesh node M3_07_yatay_profil.019
18:14:46 | INFO: Blender create Mesh node M3_07_yatay_profil.020
18:14:46 | INFO: Blender create Mesh node M3_07_yatay_profil.021
18:14:46 | INFO: Blender create Mesh node M3_07_yatay_profil.022
18:14:46 | INFO: Blender create Mesh node M3_07_yatay_profil.023
18:14:46 | INFO: Blender create Mesh node M3_08_dik_profil
18:14:46 | INFO: Blender create Mesh node M3_08_dik_profil.001
18:14:46 | INFO: Blender create Mesh node M3_08_dik_profil.002
18:14:46 | INFO: Blender create Mesh node M3_08_dik_profil.003
18:14:46 | INFO: Blender create Mesh node M3_08_dik_profil.004
18:14:46 | INFO: Blender create Mesh node M3_08_dik_profil.005
18:14:46 | INFO: Blender create Mesh node M3_08_dik_profil.006
18:14:46 | INFO: Blender create Mesh node M3_08_dik_profil.007
18:14:46 | INFO: Blender create Mesh node M3_08_dik_profil.008
18:14:46 | INFO: Blender create Mesh node M3_08_dik_profil.009
18:14:46 | INFO: Blender create Mesh node M3_08_dik_profil.010
18:14:46 | INFO: Blender create Mesh node M3_08_dik_profil.011
18:14:46 | INFO: Blender create Mesh node M3_08_dik_profil.012
18:14:46 | INFO: Blender create Mesh node M3_08_dik_profil.013
18:14:46 | INFO: Blender create Mesh node M3_08_dik_profil.014
18:14:46 | INFO: Blender create Mesh node M3_08_dik_profil.015
18:14:46 | INFO: Blender create Mesh node M3_08_dik_profil.016
18:14:46 | INFO: Blender create Mesh node M3_08_dik_profil.017
18:14:46 | INFO: Blender create Mesh node M3_08_dik_profil.018
18:14:46 | INFO: Blender create Mesh node M3_08_dik_profil.019
18:14:46 | INFO: Blender create Mesh node M3_08_dik_profil.020
18:14:46 | INFO: Blender create Mesh node M3_08_dik_profil.021
18:14:46 | INFO: Blender create Mesh node M3_08_dik_profil.022
18:14:46 | INFO: Blender create Mesh node M3_08_dik_profil.023
18:14:46 | INFO: Blender create Mesh node M3_08_esik_doseme
18:14:46 | INFO: Blender create Mesh node M3_08_gobek
18:14:46 | INFO: Blender create Mesh node M3_08_gobek.001
18:14:46 | INFO: Blender create Mesh node M3_08_gobek.002
18:14:46 | INFO: Blender create Mesh node M3_08_gobek.003
18:14:46 | INFO: Blender create Mesh node M3_08_gobek.004
18:14:46 | INFO: Blender create Mesh node M3_08_gobek.005
18:14:46 | INFO: Blender create Mesh node M3_08_gobek.006
18:14:46 | INFO: Blender create Mesh node M3_08_gobek.007
18:14:46 | INFO: Blender create Mesh node M3_08_gobek.008
18:14:46 | INFO: Blender create Mesh node M3_08_gobek.009
18:14:46 | INFO: Blender create Mesh node M3_08_gobek.010
18:14:46 | INFO: Blender create Mesh node M3_08_gobek.011
18:14:46 | INFO: Blender create Mesh node M3_08_kanat
18:14:46 | INFO: Blender create Mesh node M3_08_kasa
18:14:46 | INFO: Blender create Mesh node M3_08_kasa.001
18:14:46 | INFO: Blender create Mesh node M3_08_mentese.003
18:14:46 | INFO: Blender create Mesh node M3_08_mentese.004
18:14:46 | INFO: Blender create Mesh node M3_08_mentese.005
18:14:46 | INFO: Blender create Mesh node M3_08_pervaz
18:14:46 | INFO: Blender create Mesh node M3_08_pervaz.001
18:14:46 | INFO: Blender create Mesh node M3_08_pervaz.002
18:14:46 | INFO: Blender create Mesh node M3_08_pervaz.003
18:14:46 | INFO: Blender create Mesh node Sphere.041
18:14:46 | INFO: Blender create Mesh node Sphere.042
18:14:46 | INFO: Blender create Mesh node M3_08_topuz_mili.002
18:14:46 | INFO: Blender create Mesh node M3_08_topuz_mili.003
18:14:46 | INFO: Blender create Mesh node M3_08_ust_kasa
18:14:46 | INFO: Blender create Mesh node M3_08_ust_pervaz
18:14:46 | INFO: Blender create Mesh node M3_08_ust_pervaz.001
18:14:46 | INFO: Blender create Mesh node M3_08_yatay_profil
18:14:46 | INFO: Blender create Mesh node M3_08_yatay_profil.001
18:14:46 | INFO: Blender create Mesh node M3_08_yatay_profil.002
18:14:46 | INFO: Blender create Mesh node M3_08_yatay_profil.003
18:14:46 | INFO: Blender create Mesh node M3_08_yatay_profil.004
18:14:46 | INFO: Blender create Mesh node M3_08_yatay_profil.005
18:14:46 | INFO: Blender create Mesh node M3_08_yatay_profil.006
18:14:46 | INFO: Blender create Mesh node M3_08_yatay_profil.007
18:14:46 | INFO: Blender create Mesh node M3_08_yatay_profil.008
18:14:46 | INFO: Blender create Mesh node M3_08_yatay_profil.009
18:14:46 | INFO: Blender create Mesh node M3_08_yatay_profil.010
18:14:46 | INFO: Blender create Mesh node M3_08_yatay_profil.011
18:14:46 | INFO: Blender create Mesh node M3_08_yatay_profil.012
18:14:46 | INFO: Blender create Mesh node M3_08_yatay_profil.013
18:14:46 | INFO: Blender create Mesh node M3_08_yatay_profil.014
18:14:46 | INFO: Blender create Mesh node M3_08_yatay_profil.015
18:14:46 | INFO: Blender create Mesh node M3_08_yatay_profil.016
18:14:46 | INFO: Blender create Mesh node M3_08_yatay_profil.017
18:14:46 | INFO: Blender create Mesh node M3_08_yatay_profil.018
18:14:46 | INFO: Blender create Mesh node M3_08_yatay_profil.019
18:14:46 | INFO: Blender create Mesh node M3_08_yatay_profil.020
18:14:46 | INFO: Blender create Mesh node M3_08_yatay_profil.021
18:14:46 | INFO: Blender create Mesh node M3_08_yatay_profil.022
18:14:46 | INFO: Blender create Mesh node M3_08_yatay_profil.023
18:14:46 | INFO: Blender create Mesh node M3_09_dik_profil
18:14:46 | INFO: Blender create Mesh node M3_09_dik_profil.001
18:14:46 | INFO: Blender create Mesh node M3_09_dik_profil.002
18:14:46 | INFO: Blender create Mesh node M3_09_dik_profil.003
18:14:46 | INFO: Blender create Mesh node M3_09_dik_profil.004
18:14:46 | INFO: Blender create Mesh node M3_09_dik_profil.005
18:14:46 | INFO: Blender create Mesh node M3_09_dik_profil.006
18:14:46 | INFO: Blender create Mesh node M3_09_dik_profil.007
18:14:46 | INFO: Blender create Mesh node M3_09_dik_profil.008
18:14:46 | INFO: Blender create Mesh node M3_09_dik_profil.009
18:14:47 | INFO: Blender create Mesh node M3_09_dik_profil.010
18:14:47 | INFO: Blender create Mesh node M3_09_dik_profil.011
18:14:47 | INFO: Blender create Mesh node M3_09_dik_profil.012
18:14:47 | INFO: Blender create Mesh node M3_09_dik_profil.013
18:14:47 | INFO: Blender create Mesh node M3_09_dik_profil.014
18:14:47 | INFO: Blender create Mesh node M3_09_dik_profil.015
18:14:47 | INFO: Blender create Mesh node M3_09_dik_profil.016
18:14:47 | INFO: Blender create Mesh node M3_09_dik_profil.017
18:14:47 | INFO: Blender create Mesh node M3_09_dik_profil.018
18:14:47 | INFO: Blender create Mesh node M3_09_dik_profil.019
18:14:47 | INFO: Blender create Mesh node M3_09_dik_profil.020
18:14:47 | INFO: Blender create Mesh node M3_09_dik_profil.021
18:14:47 | INFO: Blender create Mesh node M3_09_dik_profil.022
18:14:47 | INFO: Blender create Mesh node M3_09_dik_profil.023
18:14:47 | INFO: Blender create Mesh node M3_09_esik_doseme
18:14:47 | INFO: Blender create Mesh node M3_09_gobek
18:14:47 | INFO: Blender create Mesh node M3_09_gobek.001
18:14:47 | INFO: Blender create Mesh node M3_09_gobek.002
18:14:47 | INFO: Blender create Mesh node M3_09_gobek.003
18:14:47 | INFO: Blender create Mesh node M3_09_gobek.004
18:14:47 | INFO: Blender create Mesh node M3_09_gobek.005
18:14:47 | INFO: Blender create Mesh node M3_09_gobek.006
18:14:47 | INFO: Blender create Mesh node M3_09_gobek.007
18:14:47 | INFO: Blender create Mesh node M3_09_gobek.008
18:14:47 | INFO: Blender create Mesh node M3_09_gobek.009
18:14:47 | INFO: Blender create Mesh node M3_09_gobek.010
18:14:47 | INFO: Blender create Mesh node M3_09_gobek.011
18:14:47 | INFO: Blender create Mesh node M3_09_kanat
18:14:47 | INFO: Blender create Mesh node M3_09_kasa
18:14:47 | INFO: Blender create Mesh node M3_09_kasa.001
18:14:47 | INFO: Blender create Mesh node M3_09_mentese.003
18:14:47 | INFO: Blender create Mesh node M3_09_mentese.004
18:14:47 | INFO: Blender create Mesh node M3_09_mentese.005
18:14:47 | INFO: Blender create Mesh node M3_09_pervaz
18:14:47 | INFO: Blender create Mesh node M3_09_pervaz.001
18:14:47 | INFO: Blender create Mesh node M3_09_pervaz.002
18:14:47 | INFO: Blender create Mesh node M3_09_pervaz.003
18:14:47 | INFO: Blender create Mesh node Sphere.043
18:14:47 | INFO: Blender create Mesh node Sphere.044
18:14:47 | INFO: Blender create Mesh node M3_09_topuz_mili.002
18:14:47 | INFO: Blender create Mesh node M3_09_topuz_mili.003
18:14:47 | INFO: Blender create Mesh node M3_09_ust_kasa
18:14:47 | INFO: Blender create Mesh node M3_09_ust_pervaz
18:14:47 | INFO: Blender create Mesh node M3_09_ust_pervaz.001
18:14:47 | INFO: Blender create Mesh node M3_09_yatay_profil
18:14:47 | INFO: Blender create Mesh node M3_09_yatay_profil.001
18:14:47 | INFO: Blender create Mesh node M3_09_yatay_profil.002
18:14:47 | INFO: Blender create Mesh node M3_09_yatay_profil.003
18:14:47 | INFO: Blender create Mesh node M3_09_yatay_profil.004
18:14:47 | INFO: Blender create Mesh node M3_09_yatay_profil.005
18:14:47 | INFO: Blender create Mesh node M3_09_yatay_profil.006
18:14:47 | INFO: Blender create Mesh node M3_09_yatay_profil.007
18:14:47 | INFO: Blender create Mesh node M3_09_yatay_profil.008
18:14:47 | INFO: Blender create Mesh node M3_09_yatay_profil.009
18:14:47 | INFO: Blender create Mesh node M3_09_yatay_profil.010
18:14:47 | INFO: Blender create Mesh node M3_09_yatay_profil.011
18:14:47 | INFO: Blender create Mesh node M3_09_yatay_profil.012
18:14:47 | INFO: Blender create Mesh node M3_09_yatay_profil.013
18:14:47 | INFO: Blender create Mesh node M3_09_yatay_profil.014
18:14:47 | INFO: Blender create Mesh node M3_09_yatay_profil.015
18:14:47 | INFO: Blender create Mesh node M3_09_yatay_profil.016
18:14:47 | INFO: Blender create Mesh node M3_09_yatay_profil.017
18:14:47 | INFO: Blender create Mesh node M3_09_yatay_profil.018
18:14:47 | INFO: Blender create Mesh node M3_09_yatay_profil.019
18:14:47 | INFO: Blender create Mesh node M3_09_yatay_profil.020
18:14:47 | INFO: Blender create Mesh node M3_09_yatay_profil.021
18:14:47 | INFO: Blender create Mesh node M3_09_yatay_profil.022
18:14:47 | INFO: Blender create Mesh node M3_09_yatay_profil.023
18:14:47 | INFO: Blender create Mesh node M3_10_dik_profil
18:14:47 | INFO: Blender create Mesh node M3_10_dik_profil.001
18:14:47 | INFO: Blender create Mesh node M3_10_dik_profil.002
18:14:47 | INFO: Blender create Mesh node M3_10_dik_profil.003
18:14:47 | INFO: Blender create Mesh node M3_10_dik_profil.004
18:14:47 | INFO: Blender create Mesh node M3_10_dik_profil.005
18:14:47 | INFO: Blender create Mesh node M3_10_dik_profil.006
18:14:47 | INFO: Blender create Mesh node M3_10_dik_profil.007
18:14:47 | INFO: Blender create Mesh node M3_10_dik_profil.008
18:14:47 | INFO: Blender create Mesh node M3_10_dik_profil.009
18:14:47 | INFO: Blender create Mesh node M3_10_dik_profil.010
18:14:47 | INFO: Blender create Mesh node M3_10_dik_profil.011
18:14:47 | INFO: Blender create Mesh node M3_10_dik_profil.012
18:14:47 | INFO: Blender create Mesh node M3_10_dik_profil.013
18:14:47 | INFO: Blender create Mesh node M3_10_dik_profil.014
18:14:47 | INFO: Blender create Mesh node M3_10_dik_profil.015
18:14:47 | INFO: Blender create Mesh node M3_10_dik_profil.016
18:14:47 | INFO: Blender create Mesh node M3_10_dik_profil.017
18:14:47 | INFO: Blender create Mesh node M3_10_dik_profil.018
18:14:47 | INFO: Blender create Mesh node M3_10_dik_profil.019
18:14:47 | INFO: Blender create Mesh node M3_10_dik_profil.020
18:14:47 | INFO: Blender create Mesh node M3_10_dik_profil.021
18:14:47 | INFO: Blender create Mesh node M3_10_dik_profil.022
18:14:47 | INFO: Blender create Mesh node M3_10_dik_profil.023
18:14:47 | INFO: Blender create Mesh node M3_10_doseme_boslugu
18:14:47 | INFO: Blender create Mesh node M3_10_esik_doseme
18:14:47 | INFO: Blender create Mesh node M3_10_gobek
18:14:47 | INFO: Blender create Mesh node M3_10_gobek.001
18:14:47 | INFO: Blender create Mesh node M3_10_gobek.002
18:14:47 | INFO: Blender create Mesh node M3_10_gobek.003
18:14:47 | INFO: Blender create Mesh node M3_10_gobek.004
18:14:47 | INFO: Blender create Mesh node M3_10_gobek.005
18:14:47 | INFO: Blender create Mesh node M3_10_gobek.006
18:14:47 | INFO: Blender create Mesh node M3_10_gobek.007
18:14:47 | INFO: Blender create Mesh node M3_10_gobek.008
18:14:47 | INFO: Blender create Mesh node M3_10_gobek.009
18:14:47 | INFO: Blender create Mesh node M3_10_gobek.010
18:14:47 | INFO: Blender create Mesh node M3_10_gobek.011
18:14:47 | INFO: Blender create Mesh node M3_10_kanat
18:14:47 | INFO: Blender create Mesh node M3_10_kasa
18:14:47 | INFO: Blender create Mesh node M3_10_kasa.001
18:14:47 | INFO: Blender create Mesh node M3_10_mentese.003
18:14:47 | INFO: Blender create Mesh node M3_10_mentese.004
18:14:47 | INFO: Blender create Mesh node M3_10_mentese.005
18:14:47 | INFO: Blender create Mesh node M3_10_pervaz
18:14:47 | INFO: Blender create Mesh node M3_10_pervaz.001
18:14:47 | INFO: Blender create Mesh node M3_10_pervaz.002
18:14:47 | INFO: Blender create Mesh node M3_10_pervaz.003
18:14:47 | INFO: Blender create Mesh node Sphere.045
18:14:47 | INFO: Blender create Mesh node Sphere.046
18:14:47 | INFO: Blender create Mesh node M3_10_topuz_mili.002
18:14:47 | INFO: Blender create Mesh node M3_10_topuz_mili.003
18:14:47 | INFO: Blender create Mesh node M3_10_ust_kasa
18:14:47 | INFO: Blender create Mesh node M3_10_ust_pervaz
18:14:47 | INFO: Blender create Mesh node M3_10_ust_pervaz.001
18:14:47 | INFO: Blender create Mesh node M3_10_yatay_profil
18:14:47 | INFO: Blender create Mesh node M3_10_yatay_profil.001
18:14:47 | INFO: Blender create Mesh node M3_10_yatay_profil.002
18:14:47 | INFO: Blender create Mesh node M3_10_yatay_profil.003
18:14:47 | INFO: Blender create Mesh node M3_10_yatay_profil.004
18:14:47 | INFO: Blender create Mesh node M3_10_yatay_profil.005
18:14:47 | INFO: Blender create Mesh node M3_10_yatay_profil.006
18:14:47 | INFO: Blender create Mesh node M3_10_yatay_profil.007
18:14:47 | INFO: Blender create Mesh node M3_10_yatay_profil.008
18:14:47 | INFO: Blender create Mesh node M3_10_yatay_profil.009
18:14:47 | INFO: Blender create Mesh node M3_10_yatay_profil.010
18:14:47 | INFO: Blender create Mesh node M3_10_yatay_profil.011
18:14:47 | INFO: Blender create Mesh node M3_10_yatay_profil.012
18:14:47 | INFO: Blender create Mesh node M3_10_yatay_profil.013
18:14:47 | INFO: Blender create Mesh node M3_10_yatay_profil.014
18:14:47 | INFO: Blender create Mesh node M3_10_yatay_profil.015
18:14:47 | INFO: Blender create Mesh node M3_10_yatay_profil.016
18:14:47 | INFO: Blender create Mesh node M3_10_yatay_profil.017
18:14:47 | INFO: Blender create Mesh node M3_10_yatay_profil.018
18:14:47 | INFO: Blender create Mesh node M3_10_yatay_profil.019
18:14:47 | INFO: Blender create Mesh node M3_10_yatay_profil.020
18:14:47 | INFO: Blender create Mesh node M3_10_yatay_profil.021
18:14:47 | INFO: Blender create Mesh node M3_10_yatay_profil.022
18:14:47 | INFO: Blender create Mesh node M3_10_yatay_profil.023
18:14:47 | INFO: Blender create Mesh node M3_11_esik_doseme
18:14:47 | INFO: Blender create Mesh node M3_11_kanat
18:14:47 | INFO: Blender create Mesh node M3_11_kasa
18:14:47 | INFO: Blender create Mesh node M3_11_kasa.001
18:14:47 | INFO: Blender create Mesh node M3_11_kulp.002
18:14:47 | INFO: Blender create Mesh node M3_11_kulp.003
18:14:47 | INFO: Blender create Mesh node M3_11_mentese.003
18:14:47 | INFO: Blender create Mesh node M3_11_mentese.004
18:14:47 | INFO: Blender create Mesh node M3_11_mentese.005
18:14:47 | INFO: Blender create Mesh node M3_11_pervaz
18:14:47 | INFO: Blender create Mesh node M3_11_pervaz.001
18:14:47 | INFO: Blender create Mesh node M3_11_pervaz.002
18:14:47 | INFO: Blender create Mesh node M3_11_pervaz.003
18:14:47 | INFO: Blender create Mesh node M3_11_ust_kasa
18:14:47 | INFO: Blender create Mesh node M3_11_ust_pervaz
18:14:47 | INFO: Blender create Mesh node M3_11_ust_pervaz.001
18:14:47 | INFO: Blender create Mesh node M3_12_dik_profil
18:14:47 | INFO: Blender create Mesh node M3_12_dik_profil.001
18:14:47 | INFO: Blender create Mesh node M3_12_dik_profil.002
18:14:47 | INFO: Blender create Mesh node M3_12_dik_profil.003
18:14:47 | INFO: Blender create Mesh node M3_12_dik_profil.004
18:14:47 | INFO: Blender create Mesh node M3_12_dik_profil.005
18:14:47 | INFO: Blender create Mesh node M3_12_dik_profil.006
18:14:47 | INFO: Blender create Mesh node M3_12_dik_profil.007
18:14:47 | INFO: Blender create Mesh node M3_12_dik_profil.008
18:14:47 | INFO: Blender create Mesh node M3_12_dik_profil.009
18:14:47 | INFO: Blender create Mesh node M3_12_dik_profil.010
18:14:47 | INFO: Blender create Mesh node M3_12_dik_profil.011
18:14:47 | INFO: Blender create Mesh node M3_12_dik_profil.012
18:14:47 | INFO: Blender create Mesh node M3_12_dik_profil.013
18:14:47 | INFO: Blender create Mesh node M3_12_dik_profil.014
18:14:47 | INFO: Blender create Mesh node M3_12_dik_profil.015
18:14:47 | INFO: Blender create Mesh node M3_12_dik_profil.016
18:14:47 | INFO: Blender create Mesh node M3_12_dik_profil.017
18:14:47 | INFO: Blender create Mesh node M3_12_dik_profil.018
18:14:47 | INFO: Blender create Mesh node M3_12_dik_profil.019
18:14:47 | INFO: Blender create Mesh node M3_12_dik_profil.020
18:14:47 | INFO: Blender create Mesh node M3_12_dik_profil.021
18:14:47 | INFO: Blender create Mesh node M3_12_dik_profil.022
18:14:47 | INFO: Blender create Mesh node M3_12_dik_profil.023
18:14:47 | INFO: Blender create Mesh node M3_12_esik_doseme
18:14:47 | INFO: Blender create Mesh node M3_12_gobek
18:14:47 | INFO: Blender create Mesh node M3_12_gobek.001
18:14:47 | INFO: Blender create Mesh node M3_12_gobek.002
18:14:47 | INFO: Blender create Mesh node M3_12_gobek.003
18:14:47 | INFO: Blender create Mesh node M3_12_gobek.004
18:14:47 | INFO: Blender create Mesh node M3_12_gobek.005
18:14:47 | INFO: Blender create Mesh node M3_12_gobek.006
18:14:47 | INFO: Blender create Mesh node M3_12_gobek.007
18:14:47 | INFO: Blender create Mesh node M3_12_gobek.008
18:14:47 | INFO: Blender create Mesh node M3_12_gobek.009
18:14:47 | INFO: Blender create Mesh node M3_12_gobek.010
18:14:47 | INFO: Blender create Mesh node M3_12_gobek.011
18:14:47 | INFO: Blender create Mesh node M3_12_kanat
18:14:47 | INFO: Blender create Mesh node M3_12_kasa
18:14:47 | INFO: Blender create Mesh node M3_12_kasa.001
18:14:47 | INFO: Blender create Mesh node M3_12_mentese.003
18:14:47 | INFO: Blender create Mesh node M3_12_mentese.004
18:14:47 | INFO: Blender create Mesh node M3_12_mentese.005
18:14:47 | INFO: Blender create Mesh node M3_12_pervaz
18:14:47 | INFO: Blender create Mesh node M3_12_pervaz.001
18:14:47 | INFO: Blender create Mesh node M3_12_pervaz.002
18:14:47 | INFO: Blender create Mesh node M3_12_pervaz.003
18:14:47 | INFO: Blender create Mesh node Sphere.047
18:14:47 | INFO: Blender create Mesh node Sphere.048
18:14:47 | INFO: Blender create Mesh node M3_12_topuz_mili.002
18:14:47 | INFO: Blender create Mesh node M3_12_topuz_mili.003
18:14:47 | INFO: Blender create Mesh node M3_12_ust_kasa
18:14:47 | INFO: Blender create Mesh node M3_12_ust_pervaz
18:14:47 | INFO: Blender create Mesh node M3_12_ust_pervaz.001
18:14:47 | INFO: Blender create Mesh node M3_12_yatay_profil
18:14:47 | INFO: Blender create Mesh node M3_12_yatay_profil.001
18:14:47 | INFO: Blender create Mesh node M3_12_yatay_profil.002
18:14:47 | INFO: Blender create Mesh node M3_12_yatay_profil.003
18:14:47 | INFO: Blender create Mesh node M3_12_yatay_profil.004
18:14:47 | INFO: Blender create Mesh node M3_12_yatay_profil.005
18:14:47 | INFO: Blender create Mesh node M3_12_yatay_profil.006
18:14:47 | INFO: Blender create Mesh node M3_12_yatay_profil.007
18:14:47 | INFO: Blender create Mesh node M3_12_yatay_profil.008
18:14:47 | INFO: Blender create Mesh node M3_12_yatay_profil.009
18:14:47 | INFO: Blender create Mesh node M3_12_yatay_profil.010
18:14:47 | INFO: Blender create Mesh node M3_12_yatay_profil.011
18:14:47 | INFO: Blender create Mesh node M3_12_yatay_profil.012
18:14:47 | INFO: Blender create Mesh node M3_12_yatay_profil.013
18:14:47 | INFO: Blender create Mesh node M3_12_yatay_profil.014
18:14:47 | INFO: Blender create Mesh node M3_12_yatay_profil.015
18:14:47 | INFO: Blender create Mesh node M3_12_yatay_profil.016
18:14:47 | INFO: Blender create Mesh node M3_12_yatay_profil.017
18:14:47 | INFO: Blender create Mesh node M3_12_yatay_profil.018
18:14:47 | INFO: Blender create Mesh node M3_12_yatay_profil.019
18:14:47 | INFO: Blender create Mesh node M3_12_yatay_profil.020
18:14:47 | INFO: Blender create Mesh node M3_12_yatay_profil.021
18:14:47 | INFO: Blender create Mesh node M3_12_yatay_profil.022
18:14:47 | INFO: Blender create Mesh node M3_12_yatay_profil.023
18:14:47 | INFO: glTF import finished in 4.96s
[kontrol] ekler yüklendi: C:\Users\yigit\Downloads\angora-main (2)\angora-main\build\web\26092026\EKLER.glb
[kontrol] silindi mobilya bulb_warm 302 yüz
[kontrol] silindi mobilya BLCK 28 yüz
[kontrol] silindi mimari metal (5) 17483 yüz
[kontrol] silindi mimari Lift | Photographed walnut door finish (4).001 1149 yüz
[kontrol] silindi mobilya metal1 8109 yüz
[kontrol] silindi mobilya ROUGHNSS90 1405 yüz
[kontrol] silindi mobilya wht 68 yüz
[kontrol] silindi mobilya WOOD1 722 yüz
[kontrol] silindi mimari wood_dark (4) 8340 yüz
[kontrol] doku ceiling.001 <- 02_tavan
[kontrol] doku Lift brushed patterned stainless <- 14_asansor
[kontrol] doku R31 | R33 antique nook walnut <- 05_dolap
[kontrol] doku R31 | R33 master pale cream tile <- 08_banyo_seramik
[kontrol] doku RR <- 08_banyo_seramik
[kontrol] doku Simple White Wall <- 01_duvar
[kontrol] doku Simple wood <- 10_merdiven
[kontrol] doku terra_floor <- 04_karo
[kontrol] doku WOOD-FL <- 03_parke
[kontrol] doku wood_honey <- 05_dolap
[kontrol] doku WOODY-DARK <- 09_kapi
[kontrol] doku WOODY-DARK.001 <- 09_kapi
[kontrol] doku X <- 06_tezgah
C:\Users\yigit\Downloads\angora-main (2)\angora-main\tools\blender\08_kontrol_render.py:144: DeprecationWarning: 'World.use_nodes' is expected to be removed in Blender 6.0
  world = bpy.data.worlds.new('Gok'); scene.world = world; world.use_nodes = True
00:33.453  cycles           | WARNING HIPEW initialization failed: Error opening HIP dynamic library
00:36.953  render           | Saved: 'C:\Users\yigit\angora-tur10\kontrol\_olcum_04.png'
00:47.047  render           | Saved: 'C:\Users\yigit\angora-tur10\kontrol\render_04.png'
[kontrol] render 4 pozlama 2.04 -> C:\Users\yigit\angora-tur10\kontrol\render_04.png
00:50.172  render           | Saved: 'C:\Users\yigit\angora-tur10\kontrol\_olcum_13.png'
01:00.360  render           | Saved: 'C:\Users\yigit\angora-tur10\kontrol\render_13.png'
[kontrol] render 13 pozlama 1.93 -> C:\Users\yigit\angora-tur10\kontrol\render_13.png
01:03.407  render           | Saved: 'C:\Users\yigit\angora-tur10\kontrol\_olcum_15.png'
01:12.813  render           | Saved: 'C:\Users\yigit\angora-tur10\kontrol\render_15.png'
[kontrol] render 15 pozlama 5.0 -> C:\Users\yigit\angora-tur10\kontrol\render_15.png
01:16.063  render           | Saved: 'C:\Users\yigit\angora-tur10\kontrol\_olcum_17.png'
01:26.453  render           | Saved: 'C:\Users\yigit\angora-tur10\kontrol\render_17.png'
[kontrol] render 17 pozlama 2.24 -> C:\Users\yigit\angora-tur10\kontrol\render_17.png
01:29.578  render           | Saved: 'C:\Users\yigit\angora-tur10\kontrol\_olcum_18.png'
01:39.641  render           | Saved: 'C:\Users\yigit\angora-tur10\kontrol\render_18.png'
[kontrol] render 18 pozlama 4.98 -> C:\Users\yigit\angora-tur10\kontrol\render_18.png
01:42.688  render           | Saved: 'C:\Users\yigit\angora-tur10\kontrol\_olcum_19.png'
01:52.625  render           | Saved: 'C:\Users\yigit\angora-tur10\kontrol\render_19.png'
[kontrol] render 19 pozlama 3.1 -> C:\Users\yigit\angora-tur10\kontrol\render_19.png
01:55.828  render           | Saved: 'C:\Users\yigit\angora-tur10\kontrol\_olcum_21.png'
02:05.891  render           | Saved: 'C:\Users\yigit\angora-tur10\kontrol\render_21.png'
[kontrol] render 21 pozlama 2.54 -> C:\Users\yigit\angora-tur10\kontrol\render_21.png
02:08.969  render           | Saved: 'C:\Users\yigit\angora-tur10\kontrol\_olcum_29.png'
02:18.422  render           | Saved: 'C:\Users\yigit\angora-tur10\kontrol\render_29.png'
[kontrol] render 29 pozlama 5.0 -> C:\Users\yigit\angora-tur10\kontrol\render_29.png
02:21.297  render           | Saved: 'C:\Users\yigit\angora-tur10\kontrol\_olcum_34.png'
02:30.563  render           | Saved: 'C:\Users\yigit\angora-tur10\kontrol\render_34.png'
[kontrol] render 34 pozlama 4.67 -> C:\Users\yigit\angora-tur10\kontrol\render_34.png
02:32.969  render           | Saved: 'C:\Users\yigit\angora-tur10\kontrol\_olcum_40.png'
02:44.188  render           | Saved: 'C:\Users\yigit\angora-tur10\kontrol\render_40.png'
[kontrol] render 40 pozlama 4.55 -> C:\Users\yigit\angora-tur10\kontrol\render_40.png
02:46.532  render           | Saved: 'C:\Users\yigit\angora-tur10\kontrol\_olcum_42.png'
02:56.282  render           | Saved: 'C:\Users\yigit\angora-tur10\kontrol\render_42.png'
[kontrol] render 42 pozlama 4.59 -> C:\Users\yigit\angora-tur10\kontrol\render_42.png
02:58.578  render           | Saved: 'C:\Users\yigit\angora-tur10\kontrol\_olcum_44.png'
03:06.985  render           | Saved: 'C:\Users\yigit\angora-tur10\kontrol\render_44.png'
[kontrol] render 44 pozlama 1.97 -> C:\Users\yigit\angora-tur10\kontrol\render_44.png
03:09.516  render           | Saved: 'C:\Users\yigit\angora-tur10\kontrol\_olcum_47.png'
03:18.313  render           | Saved: 'C:\Users\yigit\angora-tur10\kontrol\render_47.png'
[kontrol] render 47 pozlama 2.16 -> C:\Users\yigit\angora-tur10\kontrol\render_47.png
[kontrol] TAMAM 13
Blender 5.2.1 LTS (hash 9e2066aef7ef built 2026-08-25 02:38:20)

Blender quit
