00:00:35 | INFO: Data are loaded, start creating Blender stuff
00:00:35 | INFO: Blender create Mesh node Mesh_15183.008
00:00:35 | INFO: Blender create Mesh node Mesh_3020.001
00:00:35 | INFO: Blender create Mesh node Mesh_15183.003
00:00:35 | INFO: Blender create Mesh node Mesh_11.004
00:00:35 | INFO: Blender create Mesh node antique_wood (2) | interior-common.118
00:00:35 | INFO: Blender create Mesh node Mesh_3020.004
00:00:35 | INFO: Blender create Mesh node Cube.001
00:00:35 | INFO: Blender create Mesh node Mesh_3020.009
00:00:36 | INFO: Blender create Mesh node Mesh_15183.114
00:00:36 | INFO: Blender create Mesh node Cube.003
00:00:36 | INFO: Blender create Mesh node Mesh_93.005
00:00:38 | INFO: Blender create Mesh node Mesh_3020.002
00:00:38 | INFO: Blender create Mesh node Mesh_242
00:00:38 | INFO: Blender create Mesh node Mesh_11.003
00:00:38 | INFO: Blender create Mesh node Mesh_11.001
00:00:38 | INFO: Blender create Mesh node Mesh_15183.002
00:00:38 | INFO: Blender create Mesh node Mesh_15183.104
00:00:38 | INFO: Blender create Mesh node Mesh_15183.109
00:00:38 | INFO: Blender create Mesh node Mesh_97
00:00:38 | INFO: Blender create Mesh node Mesh_15183.103
00:00:38 | INFO: Blender create Mesh node Mesh_15183.107
00:00:38 | INFO: Blender create Mesh node Mesh_15183.108
00:00:38 | INFO: Blender create Mesh node Mesh_15183.099
00:00:38 | INFO: Blender create Mesh node Mesh_15183.100
00:00:38 | INFO: Blender create Mesh node Mesh_15183.001
00:00:38 | INFO: glTF import finished in 2.74s
00:00:38 | INFO: Data are loaded, start creating Blender stuff
00:00:38 | INFO: Blender create Mesh node antique_wood (2) | interior-common.087
00:00:38 | INFO: Blender create Mesh node antique_wood (2) | interior-common.017
00:00:38 | INFO: Blender create Mesh node antique_wood (2) | interior-common.013
00:00:38 | INFO: Blender create Mesh node antique_wood (2) | interior-common.043
00:00:38 | INFO: Blender create Mesh node antique_wood (2) | interior-common.001
00:00:38 | INFO: Blender create Mesh node antique_wood (2) | interior-common.016
00:00:38 | INFO: Blender create Mesh node antique_wood (2) | interior-common.084
00:00:38 | INFO: Blender create Mesh node antique_wood (2) | interior-common.060
00:00:38 | INFO: Blender create Mesh node antique_wood (2) | interior-common.058
00:00:38 | INFO: Blender create Mesh node antique_wood (2) | interior-common.067
00:00:38 | INFO: Blender create Mesh node antique_wood (2) | interior-common.140
00:00:39 | INFO: Blender create Mesh node antique_wood (2) | interior-common.094
00:00:39 | INFO: Blender create Mesh node antique_wood (2) | interior-common.047
00:00:39 | INFO: Blender create Mesh node antique_wood (2) | interior-common.065
00:00:39 | INFO: Blender create Mesh node antique_wood (2) | interior-common.073
00:00:40 | INFO: Blender create Mesh node antique_wood (2) | interior-common.019
00:00:40 | INFO: Blender create Mesh node antique_wood (2) | interior-common.049
00:00:40 | INFO: Blender create Mesh node antique_wood (2) | interior-common.100
00:00:40 | INFO: Blender create Mesh node antique_wood (2) | interior-common.120
00:00:40 | INFO: Blender create Mesh node antique_wood (2) | interior-common.110
00:00:40 | INFO: Blender create Mesh node antique_wood (2) | interior-common.116
00:00:40 | INFO: glTF import finished in 1.52s
00:00:40 | INFO: Data are loaded, start creating Blender stuff
00:00:40 | INFO: Blender create Mesh node A04_F18_34_sarkit
00:00:40 | INFO: Blender create Mesh node A04_F18_34_zincir_halka
00:00:40 | INFO: Blender create Mesh node A04_F18_34_zincir_halka.001
00:00:40 | INFO: Blender create Mesh node A04_F18_34_zincir_halka.002
00:00:40 | INFO: Blender create Mesh node A04_F18_34_zincir_halka.003
00:00:40 | INFO: Blender create Mesh node A04_F18_34_zincir_halka.004
00:00:40 | INFO: Blender create Mesh node A04_F18_34_zincir_halka.005
00:00:40 | INFO: Blender create Mesh node A04_F18_34_zincir_halka.006
00:00:40 | INFO: Blender create Mesh node A04_F18_34_zincir_halka.007
00:00:40 | INFO: Blender create Mesh node A04_F18_34_zincir_halka.008
00:00:40 | INFO: Blender create Mesh node A04_F18_34_zincir_halka.009
00:00:40 | INFO: Blender create Mesh node A04_F18_34_zincir_halka.010
00:00:40 | INFO: Blender create Mesh node A04_F18_34_zincir_halka.011
00:00:40 | INFO: Blender create Mesh node A04_F18_34_zincir_halka.012
00:00:40 | INFO: Blender create Mesh node A04_F18_34_zincir_halka.013
00:00:40 | INFO: Blender create Mesh node A04_F18_34_zincir_halka.014
00:00:40 | INFO: Blender create Mesh node A04_F18_34_zincir_halka.015
00:00:40 | INFO: Blender create Mesh node A04_F18_34_zincir_halka.016
00:00:40 | INFO: Blender create Mesh node A04_F18_34_zincir_halka.017
00:00:40 | INFO: Blender create Mesh node A04_F18_34_zincir_halka.018
00:00:40 | INFO: Blender create Mesh node A04_F18_34_zincir_halka.019
00:00:40 | INFO: Blender create Mesh node A04_F18_34_zincir_halka.020
00:00:40 | INFO: Blender create Mesh node A04_F18_34_zincir_halka.021
00:00:40 | INFO: Blender create Mesh node A04_F18_34_zincir_halka.022
00:00:40 | INFO: Blender create Mesh node A04_F18_34_zincir_halka.023
00:00:40 | INFO: Blender create Mesh node A04_F18_34_zincir_halka.024
00:00:40 | INFO: Blender create Mesh node A04_F18_34_zincir_halka.025
00:00:40 | INFO: Blender create Mesh node A04_F18_34_zincir_halka.026
00:00:40 | INFO: Blender create Mesh node A04_F18_34_zincir_halka.027
00:00:40 | INFO: Blender create Mesh node A04_F18_34_zincir_halka.028
00:00:40 | INFO: Blender create Mesh node A04_F18_34_zincir_halka.029
00:00:40 | INFO: Blender create Mesh node A04_F18_34_zincir_halka.030
00:00:40 | INFO: Blender create Mesh node A04_F18_34_zincir_halka.031
00:00:40 | INFO: Blender create Mesh node A04_F18_34_zincir_halka.032
00:00:40 | INFO: Blender create Mesh node A04_F18_34_zincir_halka.033
00:00:40 | INFO: Blender create Mesh node A04_F18_34_zincir_halka.034
00:00:40 | INFO: Blender create Mesh node A04_F18_34_zincir_halka.035
00:00:40 | INFO: Blender create Mesh node A04_F18_34_zincir_halka.036
00:00:40 | INFO: Blender create Mesh node A04_F18_34_zincir_halka.037
00:00:40 | INFO: Blender create Mesh node A04_F18_34_zincir_halka.038
00:00:40 | INFO: Blender create Mesh node A04_F18_34_zincir_halka.039
00:00:40 | INFO: Blender create Mesh node A04_F18_34_zincir_halka.040
00:00:40 | INFO: Blender create Mesh node A04_F18_34_zincir_halka.041
00:00:40 | INFO: Blender create Mesh node A04_F18_34_zincir_halka.042
00:00:40 | INFO: Blender create Mesh node A04_F18_34_zincir_halka.043
00:00:40 | INFO: Blender create Mesh node A04_F18_34_zincir_halka.044
00:00:40 | INFO: Blender create Mesh node A04_F18_34_zincir_halka.045
00:00:40 | INFO: Blender create Mesh node A04_F18_34_zincir_halka.046
00:00:40 | INFO: Blender create Mesh node A04_F18_34_zincir_halka.047
00:00:40 | INFO: Blender create Mesh node A04_F18_34_zincir_halka.048
00:00:40 | INFO: Blender create Mesh node A04_F18_34_zincir_halka.049
00:00:40 | INFO: Blender create Mesh node A04_F18_34_zincir_halka.050
00:00:40 | INFO: Blender create Mesh node A04_F18_34_zincir_halka.051
00:00:40 | INFO: Blender create Mesh node A04_F18_34_zincir_halka.052
00:00:40 | INFO: Blender create Mesh node A04_F18_34_zincir_halka.053
00:00:40 | INFO: Blender create Mesh node A04_F18_34_zincir_halka.054
00:00:40 | INFO: Blender create Mesh node A04_F18_34_zincir_halka.055
00:00:40 | INFO: Blender create Mesh node A04_F18_34_zincir_halka.056
00:00:40 | INFO: Blender create Mesh node A04_F18_34_zincir_halka.057
00:00:40 | INFO: Blender create Mesh node A04_F18_34_zincir_halka.058
00:00:40 | INFO: Blender create Mesh node A04_F18_34_zincir_halka.059
00:00:40 | INFO: Blender create Mesh node A04_F18_34_zincir_halka.060
00:00:40 | INFO: Blender create Mesh node A04_F18_34_zincir_halka.061
00:00:40 | INFO: Blender create Mesh node A04_F18_34_zincir_halka.062
00:00:40 | INFO: Blender create Mesh node A04_F18_34_zincir_halka.063
00:00:40 | INFO: Blender create Mesh node A04_F18_34_zincir_halka.064
00:00:40 | INFO: Blender create Mesh node A04_F18_34_zincir_halka.065
00:00:40 | INFO: Blender create Mesh node A04_F18_34_zincir_halka.066
00:00:40 | INFO: Blender create Mesh node A04_F18_34_zincir_halka.067
00:00:40 | INFO: Blender create Mesh node A04_F18_34_zincir_halka.068
00:00:40 | INFO: Blender create Mesh node A04_F18_34_zincir_halka.069
00:00:40 | INFO: Blender create Mesh node A04_F18_34_zincir_halka.070
00:00:40 | INFO: Blender create Mesh node A04_F18_34_zincir_halka.071
00:00:40 | INFO: Blender create Mesh node A04_F18_34_zincir_halka.072
00:00:40 | INFO: Blender create Mesh node A04_F18_34_zincir_halka.073
00:00:40 | INFO: Blender create Mesh node A04_F18_34_zincir_halka.074
00:00:40 | INFO: Blender create Mesh node A04_F18_34_zincir_halka.075
00:00:40 | INFO: Blender create Mesh node A04_F18_34_zincir_halka.076
00:00:40 | INFO: Blender create Mesh node A04_F18_34_zincir_halka.077
00:00:40 | INFO: Blender create Mesh node A04_F18_34_zincir_tavan
00:00:40 | INFO: Blender create Mesh node A04_F18_alt_aplik_cam
00:00:40 | INFO: Blender create Mesh node A04_F18_alt_aplik_kol
00:00:40 | INFO: Blender create Mesh node A04_F18_alt_aplik_rozet
00:00:40 | INFO: Blender create Mesh node A04_F18_plafonyer_opal
00:00:40 | INFO: Blender create Mesh node A04_F18_plafonyer_rozet
00:00:40 | INFO: Blender create Mesh node A04_F18_plafonyer_topuz
00:00:40 | INFO: Blender create Mesh node A04_F18_ust_aplik_cam
00:00:40 | INFO: Blender create Mesh node A04_F18_ust_aplik_kol
00:00:40 | INFO: Blender create Mesh node A04_F18_ust_aplik_rozet
00:00:40 | INFO: Blender create Mesh node A04_F29_sol_kiris
00:00:40 | INFO: Blender create Mesh node A04_F29_spot_0
00:00:40 | INFO: Blender create Mesh node A04_F29_spot_1
00:00:40 | INFO: Blender create Mesh node A04_F40_plafonyer_opal
00:00:40 | INFO: Blender create Mesh node A04_F40_plafonyer_rozet
00:00:40 | INFO: Blender create Mesh node A04_F40_plafonyer_topuz
00:00:40 | INFO: Blender create Mesh node A04_K01_esik_kapagi
00:00:40 | INFO: Blender create Mesh node A04_K01_kasa_ic_kaplama
00:00:40 | INFO: Blender create Mesh node A04_K01_kasa_ic_kaplama.001
00:00:40 | INFO: Blender create Mesh node A04_K01_kasa_ust_kaplama
00:00:40 | INFO: Blender create Mesh node A04_K02_esik_kapagi
00:00:40 | INFO: Blender create Mesh node A04_K02_kasa_ic_kaplama
00:00:40 | INFO: Blender create Mesh node A04_K02_kasa_ic_kaplama.001
00:00:40 | INFO: Blender create Mesh node A04_K02_kasa_ust_kaplama
00:00:40 | INFO: Blender create Mesh node A04_K03_esik_kapagi
00:00:40 | INFO: Blender create Mesh node A04_K03_kasa_ic_kaplama
00:00:40 | INFO: Blender create Mesh node A04_K03_kasa_ic_kaplama.001
00:00:40 | INFO: Blender create Mesh node A04_K03_kasa_ust_kaplama
00:00:40 | INFO: Blender create Mesh node A04_K04_esik_kapagi
00:00:40 | INFO: Blender create Mesh node A04_K04_kasa_ic_kaplama
00:00:40 | INFO: Blender create Mesh node A04_K04_kasa_ic_kaplama.001
00:00:40 | INFO: Blender create Mesh node A04_K04_kasa_ust_kaplama
00:00:40 | INFO: Blender create Mesh node A04_K05_esik_kapagi
00:00:40 | INFO: Blender create Mesh node A04_K05_kasa_ic_kaplama
00:00:40 | INFO: Blender create Mesh node A04_K05_kasa_ic_kaplama.001
00:00:40 | INFO: Blender create Mesh node A04_K05_kasa_ust_kaplama
00:00:40 | INFO: Blender create Mesh node A04_K06_esik_kapagi
00:00:40 | INFO: Blender create Mesh node A04_K06_kasa_ic_kaplama
00:00:40 | INFO: Blender create Mesh node A04_K06_kasa_ic_kaplama.001
00:00:40 | INFO: Blender create Mesh node A04_K06_kasa_ust_kaplama
00:00:40 | INFO: Blender create Mesh node A04_K07_esik_kapagi
00:00:40 | INFO: Blender create Mesh node A04_K07_kasa_ic_kaplama
00:00:40 | INFO: Blender create Mesh node A04_K07_kasa_ic_kaplama.001
00:00:40 | INFO: Blender create Mesh node A04_K07_kasa_ust_kaplama
00:00:40 | INFO: Blender create Mesh node A04_K08_esik_kapagi
00:00:40 | INFO: Blender create Mesh node A04_K08_kasa_ic_kaplama
00:00:40 | INFO: Blender create Mesh node A04_K08_kasa_ic_kaplama.001
00:00:40 | INFO: Blender create Mesh node A04_K08_kasa_ust_kaplama
00:00:40 | INFO: Blender create Mesh node A04_K09_esik_kapagi
00:00:40 | INFO: Blender create Mesh node A04_K09_kasa_ic_kaplama
00:00:40 | INFO: Blender create Mesh node A04_K09_kasa_ic_kaplama.001
00:00:40 | INFO: Blender create Mesh node A04_K09_kasa_ust_kaplama
00:00:40 | INFO: Blender create Mesh node A04_K10_esik_kapagi
00:00:40 | INFO: Blender create Mesh node A04_K10_kasa_ic_kaplama
00:00:40 | INFO: Blender create Mesh node A04_K10_kasa_ic_kaplama.001
00:00:40 | INFO: Blender create Mesh node A04_K10_kasa_ust_kaplama
00:00:40 | INFO: Blender create Mesh node A04_K11_esik_kapagi
00:00:40 | INFO: Blender create Mesh node A04_K11_kasa_ic_kaplama
00:00:40 | INFO: Blender create Mesh node A04_K11_kasa_ic_kaplama.001
00:00:40 | INFO: Blender create Mesh node A04_K11_kasa_ust_kaplama
00:00:40 | INFO: Blender create Mesh node A04_K12_esik_kapagi
00:00:40 | INFO: Blender create Mesh node A04_K12_kasa_ic_kaplama
00:00:40 | INFO: Blender create Mesh node A04_K12_kasa_ic_kaplama.001
00:00:40 | INFO: Blender create Mesh node A04_K12_kasa_ust_kaplama
00:00:40 | INFO: Blender create Mesh node A04_K13_esik_kapagi
00:00:40 | INFO: Blender create Mesh node A04_K13_kasa_ic_kaplama
00:00:40 | INFO: Blender create Mesh node A04_K13_kasa_ic_kaplama.001
00:00:40 | INFO: Blender create Mesh node A04_K13_kasa_ust_kaplama
00:00:40 | INFO: Blender create Mesh node A05_F42_yuvarlak_1
00:00:40 | INFO: Blender create Mesh node A05_F42_yuvarlak_2
00:00:40 | INFO: Blender create Mesh node A05_F42_yuvarlak_3
00:00:40 | INFO: Blender create Mesh node A05_kartonpiyer_birlesik
00:00:40 | INFO: Blender create Mesh node A08_Cift_kasa
00:00:40 | INFO: Blender create Mesh node A08_Cift_kasa.001
00:00:40 | INFO: Blender create Mesh node A08_Cift_pervaz
00:00:40 | INFO: Blender create Mesh node A08_Cift_pervaz.001
00:00:40 | INFO: Blender create Mesh node A08_Cift_pervaz.002
00:00:40 | INFO: Blender create Mesh node A08_Cift_pervaz.003
00:00:40 | INFO: Blender create Mesh node A08_Cift_sag_alt
00:00:40 | INFO: Blender create Mesh node A08_Cift_sag_cam
00:00:40 | INFO: Blender create Mesh node A08_Cift_sag_dikme
00:00:40 | INFO: Blender create Mesh node A08_Cift_sag_dikme.001
00:00:40 | INFO: Blender create Mesh node A08_Cift_sag_kol
00:00:40 | INFO: Blender create Mesh node A08_Cift_sag_mentese
00:00:40 | INFO: Blender create Mesh node A08_Cift_sag_mentese.001
00:00:40 | INFO: Blender create Mesh node A08_Cift_sag_mentese.002
00:00:40 | INFO: Blender create Mesh node A08_Cift_sag_ust
00:00:40 | INFO: Blender create Mesh node A08_Cift_sol_alt
00:00:40 | INFO: Blender create Mesh node A08_Cift_sol_cam
00:00:40 | INFO: Blender create Mesh node A08_Cift_sol_dikme
00:00:40 | INFO: Blender create Mesh node A08_Cift_sol_dikme.001
00:00:40 | INFO: Blender create Mesh node A08_Cift_sol_kol
00:00:40 | INFO: Blender create Mesh node A08_Cift_sol_mentese
00:00:40 | INFO: Blender create Mesh node A08_Cift_sol_mentese.001
00:00:40 | INFO: Blender create Mesh node A08_Cift_sol_mentese.002
00:00:40 | INFO: Blender create Mesh node A08_Cift_sol_ust
00:00:40 | INFO: Blender create Mesh node A08_Cift_ust_kasa
00:00:40 | INFO: Blender create Mesh node A08_D16_X0_ayna.001
00:00:40 | INFO: Blender create Mesh node A08_D16_X0_dikme.002
00:00:40 | INFO: Blender create Mesh node A08_D16_X0_dikme.003
00:00:40 | INFO: Blender create Mesh node A08_D16_X0_ray.002
00:00:40 | INFO: Blender create Mesh node A08_D16_X0_ray.003
00:00:40 | INFO: Blender create Mesh node A08_D16_X1_ayna.001
00:00:40 | INFO: Blender create Mesh node A08_D16_X1_dikme.002
00:00:40 | INFO: Blender create Mesh node A08_D16_X1_dikme.003
00:00:40 | INFO: Blender create Mesh node A08_D16_X1_ray.002
00:00:40 | INFO: Blender create Mesh node A08_D16_X1_ray.003
00:00:40 | INFO: Blender create Mesh node A08_D16_Y0_ayna.001
00:00:40 | INFO: Blender create Mesh node A08_D16_Y0_dikme.002
00:00:40 | INFO: Blender create Mesh node A08_D16_Y0_dikme.003
00:00:40 | INFO: Blender create Mesh node A08_D16_Y0_ray.002
00:00:40 | INFO: Blender create Mesh node A08_D16_Y0_ray.003
00:00:40 | INFO: Blender create Mesh node A08_D16_Y1_ayna.001
00:00:40 | INFO: Blender create Mesh node A08_D16_Y1_dikme.002
00:00:40 | INFO: Blender create Mesh node A08_D16_Y1_dikme.003
00:00:40 | INFO: Blender create Mesh node A08_D16_Y1_ray.002
00:00:40 | INFO: Blender create Mesh node A08_D16_Y1_ray.003
00:00:40 | INFO: Blender create Mesh node A08_F02_dolu_merdiven_alti
00:00:40 | INFO: Blender create Mesh node A08_F06_aplik_kol
00:00:40 | INFO: Blender create Mesh node A08_F06_aplik_rozet
00:00:40 | INFO: Blender create Mesh node A08_F06_opal
00:00:40 | INFO: Blender create Mesh node A08_F13_17_ampul
00:00:40 | INFO: Blender create Mesh node A08_F13_17_ampul.001
00:00:40 | INFO: Blender create Mesh node A08_F13_17_ampul.002
00:00:40 | INFO: Blender create Mesh node A08_F13_17_kol
00:00:40 | INFO: Blender create Mesh node A08_F13_17_kol.001
00:00:40 | INFO: Blender create Mesh node A08_F13_17_kol.002
00:00:40 | INFO: Blender create Mesh node A08_F13_17_rozet
00:00:40 | INFO: Blender create Mesh node A08_F13_17_spot
00:00:40 | INFO: Blender create Mesh node A08_F13_17_spot.001
00:00:40 | INFO: Blender create Mesh node A08_F13_17_spot.002
00:00:40 | INFO: Blender create Mesh node A09_F32_bordur_arka
00:00:40 | INFO: Blender create Mesh node A09_F32_bordur_sol
00:00:40 | INFO: Blender create Mesh node A09_F47_tek_duvar
00:00:40 | INFO: Blender create Mesh node A09_galeri_0_ahsap_kupeste
00:00:40 | INFO: Blender create Mesh node DWG_panel_kaynak_0
00:00:40 | INFO: Blender create Mesh node DWG_panel_kaynak_150
00:00:40 | INFO: Blender create Mesh node DWG_panel_kaynak_300
00:00:40 | INFO: Blender create Mesh node DWG_panel_kaynak_450
00:00:40 | INFO: Blender create Mesh node DWG_panel_kaynak_450.007
00:00:40 | INFO: Blender create Mesh node A09_galeri_1_ahsap_kupeste
00:00:41 | INFO: Blender create Mesh node DWG_panel_kaynak_0.008
00:00:41 | INFO: Blender create Mesh node DWG_panel_kaynak_150.008
00:00:41 | INFO: Blender create Mesh node DWG_panel_kaynak_300.008
00:00:41 | INFO: Blender create Mesh node DWG_panel_kaynak_450.008
00:00:41 | INFO: Blender create Mesh node A09_galeri_2_ahsap_kupeste
00:00:41 | INFO: Blender create Mesh node DWG_panel_kaynak_0.009
00:00:41 | INFO: Blender create Mesh node DWG_panel_kaynak_150.009
00:00:41 | INFO: Blender create Mesh node DWG_panel_kaynak_300.009
00:00:41 | INFO: Blender create Mesh node DWG_panel_kaynak_450.009
00:00:41 | INFO: Blender create Mesh node A09_galeri_3_ahsap_kupeste
00:00:41 | INFO: Blender create Mesh node DWG_panel_kaynak_0.010
00:00:41 | INFO: Blender create Mesh node DWG_panel_kaynak_300.010
00:00:41 | INFO: Blender create Mesh node DWG_panel_kaynak_450.010
00:00:41 | INFO: Blender create Mesh node A09_K0_0_ahsap_kupeste
00:00:41 | INFO: Blender create Mesh node DWG_panel_kaynak_0.001
00:00:41 | INFO: Blender create Mesh node DWG_panel_kaynak_150.001
00:00:41 | INFO: Blender create Mesh node DWG_panel_kaynak_300.001
00:00:41 | INFO: Blender create Mesh node DWG_panel_kaynak_450.001
00:00:41 | INFO: Blender create Mesh node A09_K0_1_ahsap_kupeste
00:00:41 | INFO: Blender create Mesh node DWG_panel_kaynak_0.002
00:00:41 | INFO: Blender create Mesh node DWG_panel_kaynak_150.002
00:00:41 | INFO: Blender create Mesh node DWG_panel_kaynak_300.002
00:00:41 | INFO: Blender create Mesh node DWG_panel_kaynak_450.002
00:00:41 | INFO: Blender create Mesh node A09_K1_0_ahsap_kupeste
00:00:41 | INFO: Blender create Mesh node DWG_panel_kaynak_0.003
00:00:41 | INFO: Blender create Mesh node DWG_panel_kaynak_150.003
00:00:41 | INFO: Blender create Mesh node DWG_panel_kaynak_300.003
00:00:41 | INFO: Blender create Mesh node DWG_panel_kaynak_450.003
00:00:41 | INFO: Blender create Mesh node A09_K1_1_ahsap_kupeste
00:00:41 | INFO: Blender create Mesh node DWG_panel_kaynak_0.004
00:00:41 | INFO: Blender create Mesh node DWG_panel_kaynak_150.004
00:00:41 | INFO: Blender create Mesh node DWG_panel_kaynak_300.004
00:00:41 | INFO: Blender create Mesh node DWG_panel_kaynak_450.004
00:00:41 | INFO: Blender create Mesh node A09_K2_0_ahsap_kupeste
00:00:41 | INFO: Blender create Mesh node DWG_panel_kaynak_0.005
00:00:41 | INFO: Blender create Mesh node DWG_panel_kaynak_150.005
00:00:41 | INFO: Blender create Mesh node DWG_panel_kaynak_300.005
00:00:41 | INFO: Blender create Mesh node DWG_panel_kaynak_450.005
00:00:41 | INFO: Blender create Mesh node A09_K2_1_ahsap_kupeste
00:00:41 | INFO: Blender create Mesh node DWG_panel_kaynak_450.006
00:00:41 | INFO: Blender create Mesh node M1_supurgelik_001
00:00:41 | INFO: Blender create Mesh node M1_supurgelik_002
00:00:41 | INFO: Blender create Mesh node M1_supurgelik_003
00:00:41 | INFO: Blender create Mesh node M1_supurgelik_004
00:00:41 | INFO: Blender create Mesh node M1_supurgelik_005
00:00:41 | INFO: Blender create Mesh node M1_supurgelik_006
00:00:41 | INFO: Blender create Mesh node M1_supurgelik_007
00:00:41 | INFO: Blender create Mesh node M1_supurgelik_008
00:00:41 | INFO: Blender create Mesh node M1_supurgelik_009
00:00:41 | INFO: Blender create Mesh node M1_supurgelik_010
00:00:41 | INFO: Blender create Mesh node M1_supurgelik_011
00:00:41 | INFO: Blender create Mesh node M1_supurgelik_012
00:00:41 | INFO: Blender create Mesh node M1_supurgelik_013
00:00:41 | INFO: Blender create Mesh node M1_supurgelik_014
00:00:41 | INFO: Blender create Mesh node M1_supurgelik_015
00:00:41 | INFO: Blender create Mesh node M1_supurgelik_016
00:00:41 | INFO: Blender create Mesh node M1_supurgelik_017
00:00:41 | INFO: Blender create Mesh node M1_supurgelik_018
00:00:41 | INFO: Blender create Mesh node M1_supurgelik_019
00:00:41 | INFO: Blender create Mesh node M1_supurgelik_020
00:00:41 | INFO: Blender create Mesh node M1_supurgelik_021
00:00:41 | INFO: Blender create Mesh node M1_supurgelik_022
00:00:41 | INFO: Blender create Mesh node M1_supurgelik_023
00:00:41 | INFO: Blender create Mesh node M1_supurgelik_024
00:00:41 | INFO: Blender create Mesh node M1_supurgelik_025
00:00:41 | INFO: Blender create Mesh node M1_supurgelik_026
00:00:41 | INFO: Blender create Mesh node M1_supurgelik_027
00:00:41 | INFO: Blender create Mesh node M1_supurgelik_028
00:00:41 | INFO: Blender create Mesh node M1_supurgelik_029
00:00:41 | INFO: Blender create Mesh node M1_supurgelik_030
00:00:41 | INFO: Blender create Mesh node M1_supurgelik_031
00:00:41 | INFO: Blender create Mesh node M1_supurgelik_032
00:00:41 | INFO: Blender create Mesh node M1_supurgelik_033
00:00:41 | INFO: Blender create Mesh node M1_supurgelik_034
00:00:41 | INFO: Blender create Mesh node M1_supurgelik_035
00:00:41 | INFO: Blender create Mesh node M1_supurgelik_036
00:00:41 | INFO: Blender create Mesh node M1_supurgelik_037
00:00:41 | INFO: Blender create Mesh node M1_supurgelik_038
00:00:41 | INFO: Blender create Mesh node M1_supurgelik_039
00:00:41 | INFO: Blender create Mesh node M1_supurgelik_040
00:00:41 | INFO: Blender create Mesh node M1_supurgelik_041
00:00:41 | INFO: Blender create Mesh node M1_supurgelik_042
00:00:41 | INFO: Blender create Mesh node M1_supurgelik_043
00:00:41 | INFO: Blender create Mesh node M1_supurgelik_044
00:00:41 | INFO: Blender create Mesh node M1_supurgelik_045
00:00:41 | INFO: Blender create Mesh node M1_supurgelik_046
00:00:41 | INFO: Blender create Mesh node M1_supurgelik_047
00:00:41 | INFO: Blender create Mesh node M1_supurgelik_048
00:00:41 | INFO: Blender create Mesh node M1_supurgelik_049
00:00:41 | INFO: Blender create Mesh node M1_supurgelik_050
00:00:41 | INFO: Blender create Mesh node M1_supurgelik_051
00:00:41 | INFO: Blender create Mesh node M1_supurgelik_052
00:00:41 | INFO: Blender create Mesh node M1_supurgelik_053
00:00:41 | INFO: Blender create Mesh node M1_supurgelik_054
00:00:41 | INFO: Blender create Mesh node M1_supurgelik_055
00:00:41 | INFO: Blender create Mesh node M1_supurgelik_056
00:00:41 | INFO: Blender create Mesh node M1_supurgelik_057
00:00:41 | INFO: Blender create Mesh node M1_supurgelik_058
00:00:41 | INFO: Blender create Mesh node M1_supurgelik_059
00:00:41 | INFO: Blender create Mesh node M1_supurgelik_060
00:00:41 | INFO: Blender create Mesh node M1_supurgelik_061
00:00:41 | INFO: Blender create Mesh node M1_supurgelik_062
00:00:41 | INFO: Blender create Mesh node M1_supurgelik_063
00:00:41 | INFO: Blender create Mesh node M1_supurgelik_064
00:00:41 | INFO: Blender create Mesh node M1_supurgelik_065
00:00:41 | INFO: Blender create Mesh node M1_supurgelik_066
00:00:41 | INFO: Blender create Mesh node M1_supurgelik_067
00:00:41 | INFO: Blender create Mesh node M1_supurgelik_068
00:00:41 | INFO: Blender create Mesh node M1_supurgelik_069
00:00:41 | INFO: Blender create Mesh node M1_supurgelik_070
00:00:41 | INFO: Blender create Mesh node M1_supurgelik_071
00:00:41 | INFO: Blender create Mesh node M1_supurgelik_072
00:00:41 | INFO: Blender create Mesh node M1_supurgelik_073
00:00:41 | INFO: Blender create Mesh node M1_supurgelik_074
00:00:41 | INFO: Blender create Mesh node M1_supurgelik_075
00:00:41 | INFO: Blender create Mesh node M1_supurgelik_076
00:00:41 | INFO: Blender create Mesh node M1_supurgelik_077
00:00:41 | INFO: Blender create Mesh node M1_supurgelik_078
00:00:41 | INFO: Blender create Mesh node M1_supurgelik_079
00:00:41 | INFO: Blender create Mesh node M1_supurgelik_080
00:00:41 | INFO: Blender create Mesh node M1_supurgelik_081
00:00:41 | INFO: Blender create Mesh node M1_supurgelik_082
00:00:41 | INFO: Blender create Mesh node M1_supurgelik_083
00:00:41 | INFO: Blender create Mesh node M1_supurgelik_084
00:00:41 | INFO: Blender create Mesh node M1_supurgelik_085
00:00:41 | INFO: Blender create Mesh node M1_supurgelik_086
00:00:41 | INFO: Blender create Mesh node M1_supurgelik_087
00:00:41 | INFO: Blender create Mesh node M1_supurgelik_088
00:00:41 | INFO: Blender create Mesh node M1_supurgelik_089
00:00:41 | INFO: Blender create Mesh node M1_supurgelik_090
00:00:41 | INFO: Blender create Mesh node M1_supurgelik_091
00:00:41 | INFO: Blender create Mesh node M1_supurgelik_092
00:00:41 | INFO: Blender create Mesh node M1_supurgelik_093
00:00:41 | INFO: Blender create Mesh node M1_supurgelik_094
00:00:41 | INFO: Blender create Mesh node M1_supurgelik_095
00:00:41 | INFO: Blender create Mesh node M1_supurgelik_096
00:00:41 | INFO: Blender create Mesh node M1_supurgelik_097
00:00:41 | INFO: Blender create Mesh node M1_supurgelik_098
00:00:41 | INFO: Blender create Mesh node M1_supurgelik_099
00:00:41 | INFO: Blender create Mesh node M1_supurgelik_100
00:00:41 | INFO: Blender create Mesh node M1_supurgelik_101
00:00:41 | INFO: Blender create Mesh node M1_supurgelik_102
00:00:41 | INFO: Blender create Mesh node M1_supurgelik_103
00:00:41 | INFO: Blender create Mesh node M1_supurgelik_104
00:00:41 | INFO: Blender create Mesh node M1_supurgelik_105
00:00:41 | INFO: Blender create Mesh node M1_supurgelik_106
00:00:41 | INFO: Blender create Mesh node M1_supurgelik_107
00:00:41 | INFO: Blender create Mesh node M1_supurgelik_108
00:00:41 | INFO: Blender create Mesh node M1_supurgelik_109
00:00:41 | INFO: Blender create Mesh node M1_supurgelik_110
00:00:41 | INFO: Blender create Mesh node M1_supurgelik_111
00:00:41 | INFO: Blender create Mesh node M1_supurgelik_112
00:00:41 | INFO: Blender create Mesh node M1_supurgelik_113
00:00:41 | INFO: Blender create Mesh node M1_supurgelik_114
00:00:41 | INFO: Blender create Mesh node M1_supurgelik_115
00:00:41 | INFO: Blender create Mesh node M1_supurgelik_116
00:00:41 | INFO: Blender create Mesh node M1_supurgelik_117
00:00:41 | INFO: Blender create Mesh node M1_supurgelik_118
00:00:41 | INFO: Blender create Mesh node M1_supurgelik_119
00:00:41 | INFO: Blender create Mesh node M1_supurgelik_120
00:00:41 | INFO: Blender create Mesh node M1_supurgelik_121
00:00:41 | INFO: Blender create Mesh node M1_supurgelik_122
00:00:41 | INFO: Blender create Mesh node M1_supurgelik_123
00:00:41 | INFO: Blender create Mesh node M1_supurgelik_124
00:00:41 | INFO: Blender create Mesh node M1_supurgelik_125
00:00:41 | INFO: Blender create Mesh node M1_supurgelik_126
00:00:41 | INFO: Blender create Mesh node M1_supurgelik_127
00:00:41 | INFO: Blender create Mesh node M1_supurgelik_128
00:00:41 | INFO: Blender create Mesh node M1_supurgelik_129
00:00:41 | INFO: Blender create Mesh node M1_supurgelik_130
00:00:41 | INFO: Blender create Mesh node M1_supurgelik_131
00:00:41 | INFO: Blender create Mesh node M1_supurgelik_132
00:00:41 | INFO: Blender create Mesh node M1_supurgelik_133
00:00:41 | INFO: Blender create Mesh node M1_supurgelik_134
00:00:41 | INFO: Blender create Mesh node M1_supurgelik_135
00:00:41 | INFO: Blender create Mesh node M1_supurgelik_136
00:00:41 | INFO: Blender create Mesh node M1_supurgelik_137
00:00:41 | INFO: Blender create Mesh node M1_supurgelik_138
00:00:41 | INFO: Blender create Mesh node M1_supurgelik_139
00:00:41 | INFO: Blender create Mesh node M1_supurgelik_140
00:00:41 | INFO: Blender create Mesh node M1_supurgelik_141
00:00:41 | INFO: Blender create Mesh node M1_supurgelik_142
00:00:41 | INFO: Blender create Mesh node M1_supurgelik_143
00:00:41 | INFO: Blender create Mesh node M1_supurgelik_144
00:00:41 | INFO: Blender create Mesh node M1_supurgelik_145
00:00:41 | INFO: Blender create Mesh node M1_supurgelik_146
00:00:41 | INFO: Blender create Mesh node M1_supurgelik_147
00:00:41 | INFO: Blender create Mesh node M1_supurgelik_148
00:00:41 | INFO: Blender create Mesh node M1_supurgelik_149
00:00:41 | INFO: Blender create Mesh node M1_supurgelik_150
00:00:41 | INFO: Blender create Mesh node M1_supurgelik_151
00:00:41 | INFO: Blender create Mesh node M1_supurgelik_152
00:00:41 | INFO: Blender create Mesh node M1_supurgelik_153
00:00:41 | INFO: Blender create Mesh node M1_supurgelik_154
00:00:41 | INFO: Blender create Mesh node M1_supurgelik_155
00:00:41 | INFO: Blender create Mesh node M1_supurgelik_156
00:00:41 | INFO: Blender create Mesh node M1_supurgelik_157
00:00:41 | INFO: Blender create Mesh node M1_supurgelik_158
00:00:41 | INFO: Blender create Mesh node M1_supurgelik_159
00:00:41 | INFO: Blender create Mesh node M1_supurgelik_160
00:00:41 | INFO: Blender create Mesh node M1_supurgelik_161
00:00:41 | INFO: Blender create Mesh node M1_supurgelik_162
00:00:41 | INFO: Blender create Mesh node M1_supurgelik_163
00:00:41 | INFO: Blender create Mesh node M1_supurgelik_164
00:00:41 | INFO: Blender create Mesh node M1_supurgelik_165
00:00:41 | INFO: Blender create Mesh node M1_supurgelik_166
00:00:41 | INFO: Blender create Mesh node M1_supurgelik_167
00:00:41 | INFO: Blender create Mesh node M1_supurgelik_168
00:00:41 | INFO: Blender create Mesh node M1_supurgelik_169
00:00:41 | INFO: Blender create Mesh node M1_supurgelik_170
00:00:41 | INFO: Blender create Mesh node M1_supurgelik_171
00:00:41 | INFO: Blender create Mesh node M1_supurgelik_172
00:00:41 | INFO: Blender create Mesh node M1_supurgelik_173
00:00:41 | INFO: Blender create Mesh node M1_supurgelik_174
00:00:41 | INFO: Blender create Mesh node M1_supurgelik_175
00:00:41 | INFO: Blender create Mesh node M1_supurgelik_176
00:00:41 | INFO: Blender create Mesh node M1_supurgelik_177
00:00:41 | INFO: Blender create Mesh node M1_supurgelik_178
00:00:41 | INFO: Blender create Mesh node M1_supurgelik_179
00:00:41 | INFO: Blender create Mesh node M1_supurgelik_180
00:00:41 | INFO: Blender create Mesh node M1_supurgelik_181
00:00:41 | INFO: Blender create Mesh node M1_supurgelik_182
00:00:41 | INFO: Blender create Mesh node M1_supurgelik_183
00:00:41 | INFO: Blender create Mesh node M1_supurgelik_184
00:00:41 | INFO: Blender create Mesh node M1_supurgelik_185
00:00:41 | INFO: Blender create Mesh node M1_supurgelik_186
00:00:41 | INFO: Blender create Mesh node M1_supurgelik_187
00:00:41 | INFO: Blender create Mesh node M1_supurgelik_188
00:00:41 | INFO: Blender create Mesh node M1_supurgelik_189
00:00:41 | INFO: Blender create Mesh node M1_supurgelik_190
00:00:41 | INFO: Blender create Mesh node M1_supurgelik_191
00:00:41 | INFO: Blender create Mesh node M1_supurgelik_192
00:00:41 | INFO: Blender create Mesh node M1_supurgelik_193
00:00:41 | INFO: Blender create Mesh node M1_supurgelik_194
00:00:41 | INFO: Blender create Mesh node M1_supurgelik_195
00:00:41 | INFO: Blender create Mesh node M1_supurgelik_196
00:00:41 | INFO: Blender create Mesh node M1_supurgelik_197
00:00:41 | INFO: Blender create Mesh node M1_supurgelik_198
00:00:41 | INFO: Blender create Mesh node M1_supurgelik_199
00:00:41 | INFO: Blender create Mesh node M1_supurgelik_200
00:00:41 | INFO: Blender create Mesh node M1_supurgelik_201
00:00:41 | INFO: Blender create Mesh node M1_supurgelik_202
00:00:41 | INFO: Blender create Mesh node M1_supurgelik_203
00:00:41 | INFO: Blender create Mesh node M1_supurgelik_204
00:00:41 | INFO: Blender create Mesh node M1_supurgelik_205
00:00:41 | INFO: Blender create Mesh node M1_supurgelik_206
00:00:41 | INFO: Blender create Mesh node M1_supurgelik_207
00:00:41 | INFO: Blender create Mesh node M1_supurgelik_208
00:00:41 | INFO: Blender create Mesh node M1_supurgelik_209
00:00:41 | INFO: Blender create Mesh node M1_supurgelik_210
00:00:41 | INFO: Blender create Mesh node M1_supurgelik_211
00:00:41 | INFO: Blender create Mesh node M1_supurgelik_212
00:00:41 | INFO: Blender create Mesh node M1_supurgelik_213
00:00:41 | INFO: Blender create Mesh node M1_supurgelik_214
00:00:41 | INFO: Blender create Mesh node M1_supurgelik_215
00:00:41 | INFO: Blender create Mesh node M1_supurgelik_216
00:00:41 | INFO: Blender create Mesh node M1_supurgelik_217
00:00:41 | INFO: Blender create Mesh node M1_supurgelik_218
00:00:41 | INFO: Blender create Mesh node M1_supurgelik_219
00:00:41 | INFO: Blender create Mesh node M1_supurgelik_220
00:00:41 | INFO: Blender create Mesh node M1_supurgelik_221
00:00:41 | INFO: Blender create Mesh node M1_supurgelik_222
00:00:41 | INFO: Blender create Mesh node M1_supurgelik_223
00:00:41 | INFO: Blender create Mesh node M1_supurgelik_224
00:00:41 | INFO: Blender create Mesh node M1_supurgelik_225
00:00:41 | INFO: Blender create Mesh node M1_supurgelik_226
00:00:41 | INFO: Blender create Mesh node M1_supurgelik_227
00:00:41 | INFO: Blender create Mesh node M1_supurgelik_228
00:00:41 | INFO: Blender create Mesh node M1_supurgelik_229
00:00:41 | INFO: Blender create Mesh node M1_supurgelik_230
00:00:41 | INFO: Blender create Mesh node M1_supurgelik_231
00:00:41 | INFO: Blender create Mesh node M1_supurgelik_232
00:00:41 | INFO: Blender create Mesh node M1_supurgelik_233
00:00:41 | INFO: Blender create Mesh node M1_supurgelik_234
00:00:41 | INFO: Blender create Mesh node M1_supurgelik_235
00:00:41 | INFO: Blender create Mesh node M1_supurgelik_236
00:00:41 | INFO: Blender create Mesh node M1_supurgelik_237
00:00:41 | INFO: Blender create Mesh node M1_supurgelik_238
00:00:41 | INFO: Blender create Mesh node M1_supurgelik_239
00:00:41 | INFO: Blender create Mesh node M1_supurgelik_240
00:00:41 | INFO: Blender create Mesh node M1_supurgelik_241
00:00:41 | INFO: Blender create Mesh node M1_supurgelik_242
00:00:41 | INFO: Blender create Mesh node M1_supurgelik_243
00:00:41 | INFO: Blender create Mesh node M1_supurgelik_244
00:00:41 | INFO: Blender create Mesh node M1_supurgelik_245
00:00:41 | INFO: Blender create Mesh node M1_supurgelik_246
00:00:41 | INFO: Blender create Mesh node M1_supurgelik_247
00:00:41 | INFO: Blender create Mesh node M1_supurgelik_248
00:00:41 | INFO: Blender create Mesh node M1_supurgelik_249
00:00:41 | INFO: Blender create Mesh node M1_supurgelik_250
00:00:41 | INFO: Blender create Mesh node M1_supurgelik_251
00:00:41 | INFO: Blender create Mesh node M1_supurgelik_252
00:00:41 | INFO: Blender create Mesh node M1_supurgelik_253
00:00:41 | INFO: Blender create Mesh node M1_supurgelik_254
00:00:41 | INFO: Blender create Mesh node M1_supurgelik_255
00:00:41 | INFO: Blender create Mesh node M1_supurgelik_256
00:00:41 | INFO: Blender create Mesh node M1_supurgelik_257
00:00:41 | INFO: Blender create Mesh node M1_supurgelik_258
00:00:41 | INFO: Blender create Mesh node M1_supurgelik_259
00:00:41 | INFO: Blender create Mesh node M1_supurgelik_260
00:00:41 | INFO: Blender create Mesh node M1_supurgelik_261
00:00:41 | INFO: Blender create Mesh node M1_supurgelik_262
00:00:41 | INFO: Blender create Mesh node M1_supurgelik_263
00:00:41 | INFO: Blender create Mesh node M1_supurgelik_264
00:00:41 | INFO: Blender create Mesh node M1_supurgelik_265
00:00:41 | INFO: Blender create Mesh node M1_supurgelik_266
00:00:41 | INFO: Blender create Mesh node M1_supurgelik_267
00:00:41 | INFO: Blender create Mesh node M1_supurgelik_268
00:00:41 | INFO: Blender create Mesh node M1_supurgelik_269
00:00:41 | INFO: Blender create Mesh node M1_supurgelik_270
00:00:41 | INFO: Blender create Mesh node M1_supurgelik_271
00:00:41 | INFO: Blender create Mesh node M1_supurgelik_272
00:00:41 | INFO: Blender create Mesh node M1_supurgelik_273
00:00:41 | INFO: Blender create Mesh node M1_supurgelik_274
00:00:41 | INFO: Blender create Mesh node M1_supurgelik_275
00:00:41 | INFO: Blender create Mesh node M1_supurgelik_276
00:00:41 | INFO: Blender create Mesh node M1_supurgelik_277
00:00:41 | INFO: Blender create Mesh node M1_supurgelik_278
00:00:41 | INFO: Blender create Mesh node M1_supurgelik_279
00:00:41 | INFO: Blender create Mesh node M1_supurgelik_280
00:00:41 | INFO: Blender create Mesh node M1_supurgelik_281
00:00:41 | INFO: Blender create Mesh node M1_supurgelik_282
00:00:41 | INFO: Blender create Mesh node M1_supurgelik_283
00:00:41 | INFO: Blender create Mesh node M1_supurgelik_284
00:00:41 | INFO: Blender create Mesh node M1_supurgelik_285
00:00:41 | INFO: Blender create Mesh node M1_supurgelik_286
00:00:41 | INFO: Blender create Mesh node M1_supurgelik_287
00:00:41 | INFO: Blender create Mesh node M1_supurgelik_288
00:00:41 | INFO: Blender create Mesh node M1_supurgelik_289
00:00:41 | INFO: Blender create Mesh node M1_supurgelik_290
00:00:41 | INFO: Blender create Mesh node M1_supurgelik_291
00:00:41 | INFO: Blender create Mesh node M1_supurgelik_292
00:00:41 | INFO: Blender create Mesh node M1_supurgelik_293
00:00:41 | INFO: Blender create Mesh node M1_supurgelik_294
00:00:41 | INFO: Blender create Mesh node M2_K0_0_basamak
00:00:41 | INFO: Blender create Mesh node M2_K0_0_basamak.001
00:00:41 | INFO: Blender create Mesh node M2_K0_0_basamak.002
00:00:41 | INFO: Blender create Mesh node M2_K0_0_basamak.003
00:00:41 | INFO: Blender create Mesh node M2_K0_0_basamak.004
00:00:41 | INFO: Blender create Mesh node M2_K0_0_basamak.005
00:00:41 | INFO: Blender create Mesh node M2_K0_0_basamak.006
00:00:41 | INFO: Blender create Mesh node M2_K0_0_basamak.007
00:00:41 | INFO: Blender create Mesh node M2_K0_0_basamak.008
00:00:41 | INFO: Blender create Mesh node M2_K0_0_beyaz_altyapi
00:00:41 | INFO: Blender create Mesh node M2_K0_0_riht
00:00:41 | INFO: Blender create Mesh node M2_K0_0_riht.001
00:00:41 | INFO: Blender create Mesh node M2_K0_0_riht.002
00:00:41 | INFO: Blender create Mesh node M2_K0_0_riht.003
00:00:41 | INFO: Blender create Mesh node M2_K0_0_riht.004
00:00:41 | INFO: Blender create Mesh node M2_K0_0_riht.005
00:00:41 | INFO: Blender create Mesh node M2_K0_0_riht.006
00:00:41 | INFO: Blender create Mesh node M2_K0_0_riht.007
00:00:41 | INFO: Blender create Mesh node M2_K0_0_riht.008
00:00:41 | INFO: Blender create Mesh node M2_K0_1_basamak
00:00:41 | INFO: Blender create Mesh node M2_K0_1_basamak.001
00:00:41 | INFO: Blender create Mesh node M2_K0_1_basamak.002
00:00:41 | INFO: Blender create Mesh node M2_K0_1_basamak.003
00:00:41 | INFO: Blender create Mesh node M2_K0_1_basamak.004
00:00:41 | INFO: Blender create Mesh node M2_K0_1_basamak.005
00:00:41 | INFO: Blender create Mesh node M2_K0_1_basamak.006
00:00:41 | INFO: Blender create Mesh node M2_K0_1_basamak.007
00:00:41 | INFO: Blender create Mesh node M2_K0_1_basamak.008
00:00:41 | INFO: Blender create Mesh node M2_K0_1_beyaz_altyapi
00:00:41 | INFO: Blender create Mesh node M2_K0_1_riht
00:00:41 | INFO: Blender create Mesh node M2_K0_1_riht.001
00:00:41 | INFO: Blender create Mesh node M2_K0_1_riht.002
00:00:41 | INFO: Blender create Mesh node M2_K0_1_riht.003
00:00:41 | INFO: Blender create Mesh node M2_K0_1_riht.004
00:00:41 | INFO: Blender create Mesh node M2_K0_1_riht.005
00:00:41 | INFO: Blender create Mesh node M2_K0_1_riht.006
00:00:41 | INFO: Blender create Mesh node M2_K0_1_riht.007
00:00:41 | INFO: Blender create Mesh node M2_K0_1_riht.008
00:00:41 | INFO: Blender create Mesh node M2_K0_sahanlik
00:00:41 | INFO: Blender create Mesh node M2_K0_sahanlik_alti
00:00:41 | INFO: Blender create Mesh node M2_K1_0_basamak
00:00:41 | INFO: Blender create Mesh node M2_K1_0_basamak.001
00:00:41 | INFO: Blender create Mesh node M2_K1_0_basamak.002
00:00:41 | INFO: Blender create Mesh node M2_K1_0_basamak.003
00:00:41 | INFO: Blender create Mesh node M2_K1_0_basamak.004
00:00:41 | INFO: Blender create Mesh node M2_K1_0_basamak.005
00:00:41 | INFO: Blender create Mesh node M2_K1_0_basamak.006
00:00:41 | INFO: Blender create Mesh node M2_K1_0_basamak.007
00:00:41 | INFO: Blender create Mesh node M2_K1_0_basamak.008
00:00:41 | INFO: Blender create Mesh node M2_K1_0_basamak.009
00:00:41 | INFO: Blender create Mesh node M2_K1_0_beyaz_altyapi
00:00:41 | INFO: Blender create Mesh node M2_K1_0_riht
00:00:41 | INFO: Blender create Mesh node M2_K1_0_riht.001
00:00:41 | INFO: Blender create Mesh node M2_K1_0_riht.002
00:00:41 | INFO: Blender create Mesh node M2_K1_0_riht.003
00:00:41 | INFO: Blender create Mesh node M2_K1_0_riht.004
00:00:41 | INFO: Blender create Mesh node M2_K1_0_riht.005
00:00:41 | INFO: Blender create Mesh node M2_K1_0_riht.006
00:00:41 | INFO: Blender create Mesh node M2_K1_0_riht.007
00:00:41 | INFO: Blender create Mesh node M2_K1_0_riht.008
00:00:41 | INFO: Blender create Mesh node M2_K1_0_riht.009
00:00:41 | INFO: Blender create Mesh node M2_K1_1_basamak
00:00:41 | INFO: Blender create Mesh node M2_K1_1_basamak.001
00:00:41 | INFO: Blender create Mesh node M2_K1_1_basamak.002
00:00:41 | INFO: Blender create Mesh node M2_K1_1_basamak.003
00:00:41 | INFO: Blender create Mesh node M2_K1_1_basamak.004
00:00:41 | INFO: Blender create Mesh node M2_K1_1_basamak.005
00:00:41 | INFO: Blender create Mesh node M2_K1_1_basamak.006
00:00:41 | INFO: Blender create Mesh node M2_K1_1_basamak.007
00:00:41 | INFO: Blender create Mesh node M2_K1_1_basamak.008
00:00:41 | INFO: Blender create Mesh node M2_K1_1_beyaz_altyapi
00:00:41 | INFO: Blender create Mesh node M2_K1_1_riht
00:00:41 | INFO: Blender create Mesh node M2_K1_1_riht.001
00:00:41 | INFO: Blender create Mesh node M2_K1_1_riht.002
00:00:41 | INFO: Blender create Mesh node M2_K1_1_riht.003
00:00:41 | INFO: Blender create Mesh node M2_K1_1_riht.004
00:00:41 | INFO: Blender create Mesh node M2_K1_1_riht.005
00:00:41 | INFO: Blender create Mesh node M2_K1_1_riht.006
00:00:41 | INFO: Blender create Mesh node M2_K1_1_riht.007
00:00:41 | INFO: Blender create Mesh node M2_K1_1_riht.008
00:00:41 | INFO: Blender create Mesh node M2_K1_sahanlik
00:00:41 | INFO: Blender create Mesh node M2_K1_sahanlik_alti
00:00:41 | INFO: Blender create Mesh node M2_K2_0_basamak
00:00:41 | INFO: Blender create Mesh node M2_K2_0_basamak.001
00:00:41 | INFO: Blender create Mesh node M2_K2_0_basamak.002
00:00:41 | INFO: Blender create Mesh node M2_K2_0_basamak.003
00:00:41 | INFO: Blender create Mesh node M2_K2_0_basamak.004
00:00:41 | INFO: Blender create Mesh node M2_K2_0_basamak.005
00:00:41 | INFO: Blender create Mesh node M2_K2_0_basamak.006
00:00:41 | INFO: Blender create Mesh node M2_K2_0_basamak.007
00:00:41 | INFO: Blender create Mesh node M2_K2_0_basamak.008
00:00:41 | INFO: Blender create Mesh node M2_K2_0_beyaz_altyapi
00:00:41 | INFO: Blender create Mesh node M2_K2_0_riht
00:00:41 | INFO: Blender create Mesh node M2_K2_0_riht.001
00:00:41 | INFO: Blender create Mesh node M2_K2_0_riht.002
00:00:41 | INFO: Blender create Mesh node M2_K2_0_riht.003
00:00:41 | INFO: Blender create Mesh node M2_K2_0_riht.004
00:00:41 | INFO: Blender create Mesh node M2_K2_0_riht.005
00:00:41 | INFO: Blender create Mesh node M2_K2_0_riht.006
00:00:41 | INFO: Blender create Mesh node M2_K2_0_riht.007
00:00:41 | INFO: Blender create Mesh node M2_K2_0_riht.008
00:00:41 | INFO: Blender create Mesh node M2_K2_1_basamak
00:00:41 | INFO: Blender create Mesh node M2_K2_1_basamak.001
00:00:41 | INFO: Blender create Mesh node M2_K2_1_basamak.002
00:00:41 | INFO: Blender create Mesh node M2_K2_1_basamak.003
00:00:41 | INFO: Blender create Mesh node M2_K2_1_basamak.004
00:00:41 | INFO: Blender create Mesh node M2_K2_1_basamak.005
00:00:41 | INFO: Blender create Mesh node M2_K2_1_basamak.006
00:00:41 | INFO: Blender create Mesh node M2_K2_1_basamak.007
00:00:41 | INFO: Blender create Mesh node M2_K2_1_basamak.008
00:00:41 | INFO: Blender create Mesh node M2_K2_1_beyaz_altyapi
00:00:41 | INFO: Blender create Mesh node M2_K2_1_riht
00:00:41 | INFO: Blender create Mesh node M2_K2_1_riht.001
00:00:41 | INFO: Blender create Mesh node M2_K2_1_riht.002
00:00:41 | INFO: Blender create Mesh node M2_K2_1_riht.003
00:00:41 | INFO: Blender create Mesh node M2_K2_1_riht.004
00:00:41 | INFO: Blender create Mesh node M2_K2_1_riht.005
00:00:41 | INFO: Blender create Mesh node M2_K2_1_riht.006
00:00:41 | INFO: Blender create Mesh node M2_K2_1_riht.007
00:00:41 | INFO: Blender create Mesh node M2_K2_1_riht.008
00:00:41 | INFO: Blender create Mesh node M2_K2_sahanlik
00:00:41 | INFO: Blender create Mesh node M2_K2_sahanlik_alti
00:00:41 | INFO: Blender create Mesh node M3_01_dik_profil.012
00:00:41 | INFO: Blender create Mesh node M3_01_dik_profil.013
00:00:41 | INFO: Blender create Mesh node M3_01_dik_profil.014
00:00:41 | INFO: Blender create Mesh node M3_01_dik_profil.015
00:00:41 | INFO: Blender create Mesh node M3_01_dik_profil.016
00:00:41 | INFO: Blender create Mesh node M3_01_dik_profil.017
00:00:41 | INFO: Blender create Mesh node M3_01_dik_profil.018
00:00:41 | INFO: Blender create Mesh node M3_01_dik_profil.019
00:00:41 | INFO: Blender create Mesh node M3_01_dik_profil.020
00:00:41 | INFO: Blender create Mesh node M3_01_dik_profil.021
00:00:41 | INFO: Blender create Mesh node M3_01_dik_profil.022
00:00:41 | INFO: Blender create Mesh node M3_01_dik_profil.023
00:00:41 | INFO: Blender create Mesh node M3_01_esik_doseme.001
00:00:41 | INFO: Blender create Mesh node M3_01_gobek.006
00:00:41 | INFO: Blender create Mesh node M3_01_gobek.007
00:00:41 | INFO: Blender create Mesh node M3_01_gobek.008
00:00:41 | INFO: Blender create Mesh node M3_01_gobek.009
00:00:41 | INFO: Blender create Mesh node M3_01_gobek.010
00:00:41 | INFO: Blender create Mesh node M3_01_gobek.011
00:00:41 | INFO: Blender create Mesh node M3_01_kanat.001
00:00:41 | INFO: Blender create Mesh node M3_01_kasa.002
00:00:41 | INFO: Blender create Mesh node M3_01_kasa.003
00:00:41 | INFO: Blender create Mesh node M3_01_kulp
00:00:41 | INFO: Blender create Mesh node M3_01_kulp.001
00:00:41 | INFO: Blender create Mesh node M3_01_mentese
00:00:41 | INFO: Blender create Mesh node M3_01_mentese.001
00:00:41 | INFO: Blender create Mesh node M3_01_mentese.002
00:00:41 | INFO: Blender create Mesh node M3_01_pervaz.004
00:00:41 | INFO: Blender create Mesh node M3_01_pervaz.005
00:00:41 | INFO: Blender create Mesh node M3_01_pervaz.006
00:00:42 | INFO: Blender create Mesh node M3_01_pervaz.007
00:00:42 | INFO: Blender create Mesh node M3_01_ust_kasa.001
00:00:42 | INFO: Blender create Mesh node M3_01_ust_pervaz.002
00:00:42 | INFO: Blender create Mesh node M3_01_ust_pervaz.003
00:00:42 | INFO: Blender create Mesh node M3_01_yatay_profil.012
00:00:42 | INFO: Blender create Mesh node M3_01_yatay_profil.013
00:00:42 | INFO: Blender create Mesh node M3_01_yatay_profil.014
00:00:42 | INFO: Blender create Mesh node M3_01_yatay_profil.015
00:00:42 | INFO: Blender create Mesh node M3_01_yatay_profil.016
00:00:42 | INFO: Blender create Mesh node M3_01_yatay_profil.017
00:00:42 | INFO: Blender create Mesh node M3_01_yatay_profil.018
00:00:42 | INFO: Blender create Mesh node M3_01_yatay_profil.019
00:00:42 | INFO: Blender create Mesh node M3_01_yatay_profil.020
00:00:42 | INFO: Blender create Mesh node M3_01_yatay_profil.021
00:00:42 | INFO: Blender create Mesh node M3_01_yatay_profil.022
00:00:42 | INFO: Blender create Mesh node M3_01_yatay_profil.023
00:00:42 | INFO: Blender create Mesh node M3_02_dik_profil.024
00:00:42 | INFO: Blender create Mesh node M3_02_dik_profil.025
00:00:42 | INFO: Blender create Mesh node M3_02_dik_profil.026
00:00:42 | INFO: Blender create Mesh node M3_02_dik_profil.027
00:00:42 | INFO: Blender create Mesh node M3_02_dik_profil.028
00:00:42 | INFO: Blender create Mesh node M3_02_dik_profil.029
00:00:42 | INFO: Blender create Mesh node M3_02_dik_profil.030
00:00:42 | INFO: Blender create Mesh node M3_02_dik_profil.031
00:00:42 | INFO: Blender create Mesh node M3_02_dik_profil.032
00:00:42 | INFO: Blender create Mesh node M3_02_dik_profil.033
00:00:42 | INFO: Blender create Mesh node M3_02_dik_profil.034
00:00:42 | INFO: Blender create Mesh node M3_02_dik_profil.035
00:00:42 | INFO: Blender create Mesh node M3_02_dik_profil.036
00:00:42 | INFO: Blender create Mesh node M3_02_dik_profil.037
00:00:42 | INFO: Blender create Mesh node M3_02_dik_profil.038
00:00:42 | INFO: Blender create Mesh node M3_02_dik_profil.039
00:00:42 | INFO: Blender create Mesh node M3_02_dik_profil.040
00:00:42 | INFO: Blender create Mesh node M3_02_dik_profil.041
00:00:42 | INFO: Blender create Mesh node M3_02_dik_profil.042
00:00:42 | INFO: Blender create Mesh node M3_02_dik_profil.043
00:00:42 | INFO: Blender create Mesh node M3_02_dik_profil.044
00:00:42 | INFO: Blender create Mesh node M3_02_dik_profil.045
00:00:42 | INFO: Blender create Mesh node M3_02_dik_profil.046
00:00:42 | INFO: Blender create Mesh node M3_02_dik_profil.047
00:00:42 | INFO: Blender create Mesh node M3_02_esik_doseme.001
00:00:42 | INFO: Blender create Mesh node M3_02_gobek.012
00:00:42 | INFO: Blender create Mesh node M3_02_gobek.013
00:00:42 | INFO: Blender create Mesh node M3_02_gobek.014
00:00:42 | INFO: Blender create Mesh node M3_02_gobek.015
00:00:42 | INFO: Blender create Mesh node M3_02_gobek.016
00:00:42 | INFO: Blender create Mesh node M3_02_gobek.017
00:00:42 | INFO: Blender create Mesh node M3_02_gobek.018
00:00:42 | INFO: Blender create Mesh node M3_02_gobek.019
00:00:42 | INFO: Blender create Mesh node M3_02_gobek.020
00:00:42 | INFO: Blender create Mesh node M3_02_gobek.021
00:00:42 | INFO: Blender create Mesh node M3_02_gobek.022
00:00:42 | INFO: Blender create Mesh node M3_02_gobek.023
00:00:42 | INFO: Blender create Mesh node M3_02_kanat.001
00:00:42 | INFO: Blender create Mesh node M3_02_kasa.002
00:00:42 | INFO: Blender create Mesh node M3_02_kasa.003
00:00:42 | INFO: Blender create Mesh node M3_02_mentese
00:00:42 | INFO: Blender create Mesh node M3_02_mentese.001
00:00:42 | INFO: Blender create Mesh node M3_02_mentese.002
00:00:42 | INFO: Blender create Mesh node M3_02_pervaz.004
00:00:42 | INFO: Blender create Mesh node M3_02_pervaz.005
00:00:42 | INFO: Blender create Mesh node M3_02_pervaz.006
00:00:42 | INFO: Blender create Mesh node M3_02_pervaz.007
00:00:42 | INFO: Blender create Mesh node Sphere.009
00:00:42 | INFO: Blender create Mesh node Sphere.010
00:00:42 | INFO: Blender create Mesh node M3_02_topuz_mili
00:00:42 | INFO: Blender create Mesh node M3_02_topuz_mili.001
00:00:42 | INFO: Blender create Mesh node M3_02_ust_kasa.001
00:00:42 | INFO: Blender create Mesh node M3_02_ust_pervaz.002
00:00:42 | INFO: Blender create Mesh node M3_02_ust_pervaz.003
00:00:42 | INFO: Blender create Mesh node M3_02_yatay_profil.024
00:00:42 | INFO: Blender create Mesh node M3_02_yatay_profil.025
00:00:42 | INFO: Blender create Mesh node M3_02_yatay_profil.026
00:00:42 | INFO: Blender create Mesh node M3_02_yatay_profil.027
00:00:42 | INFO: Blender create Mesh node M3_02_yatay_profil.028
00:00:42 | INFO: Blender create Mesh node M3_02_yatay_profil.029
00:00:42 | INFO: Blender create Mesh node M3_02_yatay_profil.030
00:00:42 | INFO: Blender create Mesh node M3_02_yatay_profil.031
00:00:42 | INFO: Blender create Mesh node M3_02_yatay_profil.032
00:00:42 | INFO: Blender create Mesh node M3_02_yatay_profil.033
00:00:42 | INFO: Blender create Mesh node M3_02_yatay_profil.034
00:00:42 | INFO: Blender create Mesh node M3_02_yatay_profil.035
00:00:42 | INFO: Blender create Mesh node M3_02_yatay_profil.036
00:00:42 | INFO: Blender create Mesh node M3_02_yatay_profil.037
00:00:42 | INFO: Blender create Mesh node M3_02_yatay_profil.038
00:00:42 | INFO: Blender create Mesh node M3_02_yatay_profil.039
00:00:42 | INFO: Blender create Mesh node M3_02_yatay_profil.040
00:00:42 | INFO: Blender create Mesh node M3_02_yatay_profil.041
00:00:42 | INFO: Blender create Mesh node M3_02_yatay_profil.042
00:00:42 | INFO: Blender create Mesh node M3_02_yatay_profil.043
00:00:42 | INFO: Blender create Mesh node M3_02_yatay_profil.044
00:00:42 | INFO: Blender create Mesh node M3_02_yatay_profil.045
00:00:42 | INFO: Blender create Mesh node M3_02_yatay_profil.046
00:00:42 | INFO: Blender create Mesh node M3_02_yatay_profil.047
00:00:42 | INFO: Blender create Mesh node M3_03_dik_profil.024
00:00:42 | INFO: Blender create Mesh node M3_03_dik_profil.025
00:00:42 | INFO: Blender create Mesh node M3_03_dik_profil.026
00:00:42 | INFO: Blender create Mesh node M3_03_dik_profil.027
00:00:42 | INFO: Blender create Mesh node M3_03_dik_profil.028
00:00:42 | INFO: Blender create Mesh node M3_03_dik_profil.029
00:00:42 | INFO: Blender create Mesh node M3_03_dik_profil.030
00:00:42 | INFO: Blender create Mesh node M3_03_dik_profil.031
00:00:42 | INFO: Blender create Mesh node M3_03_dik_profil.032
00:00:42 | INFO: Blender create Mesh node M3_03_dik_profil.033
00:00:42 | INFO: Blender create Mesh node M3_03_dik_profil.034
00:00:42 | INFO: Blender create Mesh node M3_03_dik_profil.035
00:00:42 | INFO: Blender create Mesh node M3_03_dik_profil.036
00:00:42 | INFO: Blender create Mesh node M3_03_dik_profil.037
00:00:42 | INFO: Blender create Mesh node M3_03_dik_profil.038
00:00:42 | INFO: Blender create Mesh node M3_03_dik_profil.039
00:00:42 | INFO: Blender create Mesh node M3_03_dik_profil.040
00:00:42 | INFO: Blender create Mesh node M3_03_dik_profil.041
00:00:42 | INFO: Blender create Mesh node M3_03_dik_profil.042
00:00:42 | INFO: Blender create Mesh node M3_03_dik_profil.043
00:00:42 | INFO: Blender create Mesh node M3_03_dik_profil.044
00:00:42 | INFO: Blender create Mesh node M3_03_dik_profil.045
00:00:42 | INFO: Blender create Mesh node M3_03_dik_profil.046
00:00:42 | INFO: Blender create Mesh node M3_03_dik_profil.047
00:00:42 | INFO: Blender create Mesh node M3_03_esik_doseme.001
00:00:42 | INFO: Blender create Mesh node M3_03_gobek.012
00:00:42 | INFO: Blender create Mesh node M3_03_gobek.013
00:00:42 | INFO: Blender create Mesh node M3_03_gobek.014
00:00:42 | INFO: Blender create Mesh node M3_03_gobek.015
00:00:42 | INFO: Blender create Mesh node M3_03_gobek.016
00:00:42 | INFO: Blender create Mesh node M3_03_gobek.017
00:00:42 | INFO: Blender create Mesh node M3_03_gobek.018
00:00:42 | INFO: Blender create Mesh node M3_03_gobek.019
00:00:42 | INFO: Blender create Mesh node M3_03_gobek.020
00:00:42 | INFO: Blender create Mesh node M3_03_gobek.021
00:00:42 | INFO: Blender create Mesh node M3_03_gobek.022
00:00:42 | INFO: Blender create Mesh node M3_03_gobek.023
00:00:42 | INFO: Blender create Mesh node M3_03_kanat.001
00:00:42 | INFO: Blender create Mesh node M3_03_kasa.002
00:00:42 | INFO: Blender create Mesh node M3_03_kasa.003
00:00:42 | INFO: Blender create Mesh node M3_03_mentese
00:00:42 | INFO: Blender create Mesh node M3_03_mentese.001
00:00:42 | INFO: Blender create Mesh node M3_03_mentese.002
00:00:42 | INFO: Blender create Mesh node M3_03_pervaz.004
00:00:42 | INFO: Blender create Mesh node M3_03_pervaz.005
00:00:42 | INFO: Blender create Mesh node M3_03_pervaz.006
00:00:42 | INFO: Blender create Mesh node M3_03_pervaz.007
00:00:42 | INFO: Blender create Mesh node Sphere.011
00:00:42 | INFO: Blender create Mesh node Sphere.012
00:00:42 | INFO: Blender create Mesh node M3_03_topuz_mili
00:00:42 | INFO: Blender create Mesh node M3_03_topuz_mili.001
00:00:42 | INFO: Blender create Mesh node M3_03_ust_kasa.001
00:00:42 | INFO: Blender create Mesh node M3_03_ust_pervaz.002
00:00:42 | INFO: Blender create Mesh node M3_03_ust_pervaz.003
00:00:42 | INFO: Blender create Mesh node M3_03_yatay_profil.024
00:00:42 | INFO: Blender create Mesh node M3_03_yatay_profil.025
00:00:42 | INFO: Blender create Mesh node M3_03_yatay_profil.026
00:00:42 | INFO: Blender create Mesh node M3_03_yatay_profil.027
00:00:42 | INFO: Blender create Mesh node M3_03_yatay_profil.028
00:00:42 | INFO: Blender create Mesh node M3_03_yatay_profil.029
00:00:42 | INFO: Blender create Mesh node M3_03_yatay_profil.030
00:00:42 | INFO: Blender create Mesh node M3_03_yatay_profil.031
00:00:42 | INFO: Blender create Mesh node M3_03_yatay_profil.032
00:00:42 | INFO: Blender create Mesh node M3_03_yatay_profil.033
00:00:42 | INFO: Blender create Mesh node M3_03_yatay_profil.034
00:00:42 | INFO: Blender create Mesh node M3_03_yatay_profil.035
00:00:42 | INFO: Blender create Mesh node M3_03_yatay_profil.036
00:00:42 | INFO: Blender create Mesh node M3_03_yatay_profil.037
00:00:42 | INFO: Blender create Mesh node M3_03_yatay_profil.038
00:00:42 | INFO: Blender create Mesh node M3_03_yatay_profil.039
00:00:42 | INFO: Blender create Mesh node M3_03_yatay_profil.040
00:00:42 | INFO: Blender create Mesh node M3_03_yatay_profil.041
00:00:42 | INFO: Blender create Mesh node M3_03_yatay_profil.042
00:00:42 | INFO: Blender create Mesh node M3_03_yatay_profil.043
00:00:42 | INFO: Blender create Mesh node M3_03_yatay_profil.044
00:00:42 | INFO: Blender create Mesh node M3_03_yatay_profil.045
00:00:42 | INFO: Blender create Mesh node M3_03_yatay_profil.046
00:00:42 | INFO: Blender create Mesh node M3_03_yatay_profil.047
00:00:42 | INFO: Blender create Mesh node M3_04_dik_profil.024
00:00:42 | INFO: Blender create Mesh node M3_04_dik_profil.025
00:00:42 | INFO: Blender create Mesh node M3_04_dik_profil.026
00:00:42 | INFO: Blender create Mesh node M3_04_dik_profil.027
00:00:42 | INFO: Blender create Mesh node M3_04_dik_profil.028
00:00:42 | INFO: Blender create Mesh node M3_04_dik_profil.029
00:00:42 | INFO: Blender create Mesh node M3_04_dik_profil.030
00:00:42 | INFO: Blender create Mesh node M3_04_dik_profil.031
00:00:42 | INFO: Blender create Mesh node M3_04_dik_profil.032
00:00:42 | INFO: Blender create Mesh node M3_04_dik_profil.033
00:00:42 | INFO: Blender create Mesh node M3_04_dik_profil.034
00:00:42 | INFO: Blender create Mesh node M3_04_dik_profil.035
00:00:42 | INFO: Blender create Mesh node M3_04_dik_profil.036
00:00:42 | INFO: Blender create Mesh node M3_04_dik_profil.037
00:00:42 | INFO: Blender create Mesh node M3_04_dik_profil.038
00:00:42 | INFO: Blender create Mesh node M3_04_dik_profil.039
00:00:42 | INFO: Blender create Mesh node M3_04_dik_profil.040
00:00:42 | INFO: Blender create Mesh node M3_04_dik_profil.041
00:00:42 | INFO: Blender create Mesh node M3_04_dik_profil.042
00:00:42 | INFO: Blender create Mesh node M3_04_dik_profil.043
00:00:42 | INFO: Blender create Mesh node M3_04_dik_profil.044
00:00:42 | INFO: Blender create Mesh node M3_04_dik_profil.045
00:00:42 | INFO: Blender create Mesh node M3_04_dik_profil.046
00:00:42 | INFO: Blender create Mesh node M3_04_dik_profil.047
00:00:42 | INFO: Blender create Mesh node M3_04_esik_doseme.001
00:00:42 | INFO: Blender create Mesh node M3_04_gobek.012
00:00:42 | INFO: Blender create Mesh node M3_04_gobek.013
00:00:42 | INFO: Blender create Mesh node M3_04_gobek.014
00:00:42 | INFO: Blender create Mesh node M3_04_gobek.015
00:00:42 | INFO: Blender create Mesh node M3_04_gobek.016
00:00:42 | INFO: Blender create Mesh node M3_04_gobek.017
00:00:42 | INFO: Blender create Mesh node M3_04_gobek.018
00:00:42 | INFO: Blender create Mesh node M3_04_gobek.019
00:00:42 | INFO: Blender create Mesh node M3_04_gobek.020
00:00:42 | INFO: Blender create Mesh node M3_04_gobek.021
00:00:42 | INFO: Blender create Mesh node M3_04_gobek.022
00:00:42 | INFO: Blender create Mesh node M3_04_gobek.023
00:00:42 | INFO: Blender create Mesh node M3_04_kanat.001
00:00:42 | INFO: Blender create Mesh node M3_04_kasa.002
00:00:42 | INFO: Blender create Mesh node M3_04_kasa.003
00:00:42 | INFO: Blender create Mesh node M3_04_mentese
00:00:42 | INFO: Blender create Mesh node M3_04_mentese.001
00:00:42 | INFO: Blender create Mesh node M3_04_mentese.002
00:00:42 | INFO: Blender create Mesh node M3_04_pervaz.004
00:00:42 | INFO: Blender create Mesh node M3_04_pervaz.005
00:00:42 | INFO: Blender create Mesh node M3_04_pervaz.006
00:00:42 | INFO: Blender create Mesh node M3_04_pervaz.007
00:00:42 | INFO: Blender create Mesh node Sphere.013
00:00:42 | INFO: Blender create Mesh node Sphere.014
00:00:42 | INFO: Blender create Mesh node M3_04_topuz_mili
00:00:42 | INFO: Blender create Mesh node M3_04_topuz_mili.001
00:00:42 | INFO: Blender create Mesh node M3_04_ust_kasa.001
00:00:42 | INFO: Blender create Mesh node M3_04_ust_pervaz.002
00:00:42 | INFO: Blender create Mesh node M3_04_ust_pervaz.003
00:00:42 | INFO: Blender create Mesh node M3_04_yatay_profil.024
00:00:42 | INFO: Blender create Mesh node M3_04_yatay_profil.025
00:00:42 | INFO: Blender create Mesh node M3_04_yatay_profil.026
00:00:42 | INFO: Blender create Mesh node M3_04_yatay_profil.027
00:00:42 | INFO: Blender create Mesh node M3_04_yatay_profil.028
00:00:42 | INFO: Blender create Mesh node M3_04_yatay_profil.029
00:00:42 | INFO: Blender create Mesh node M3_04_yatay_profil.030
00:00:42 | INFO: Blender create Mesh node M3_04_yatay_profil.031
00:00:42 | INFO: Blender create Mesh node M3_04_yatay_profil.032
00:00:42 | INFO: Blender create Mesh node M3_04_yatay_profil.033
00:00:42 | INFO: Blender create Mesh node M3_04_yatay_profil.034
00:00:42 | INFO: Blender create Mesh node M3_04_yatay_profil.035
00:00:42 | INFO: Blender create Mesh node M3_04_yatay_profil.036
00:00:42 | INFO: Blender create Mesh node M3_04_yatay_profil.037
00:00:42 | INFO: Blender create Mesh node M3_04_yatay_profil.038
00:00:42 | INFO: Blender create Mesh node M3_04_yatay_profil.039
00:00:42 | INFO: Blender create Mesh node M3_04_yatay_profil.040
00:00:42 | INFO: Blender create Mesh node M3_04_yatay_profil.041
00:00:42 | INFO: Blender create Mesh node M3_04_yatay_profil.042
00:00:42 | INFO: Blender create Mesh node M3_04_yatay_profil.043
00:00:42 | INFO: Blender create Mesh node M3_04_yatay_profil.044
00:00:42 | INFO: Blender create Mesh node M3_04_yatay_profil.045
00:00:42 | INFO: Blender create Mesh node M3_04_yatay_profil.046
00:00:42 | INFO: Blender create Mesh node M3_04_yatay_profil.047
00:00:42 | INFO: Blender create Mesh node M3_05_dik_profil.024
00:00:42 | INFO: Blender create Mesh node M3_05_dik_profil.025
00:00:42 | INFO: Blender create Mesh node M3_05_dik_profil.026
00:00:42 | INFO: Blender create Mesh node M3_05_dik_profil.027
00:00:42 | INFO: Blender create Mesh node M3_05_dik_profil.028
00:00:42 | INFO: Blender create Mesh node M3_05_dik_profil.029
00:00:42 | INFO: Blender create Mesh node M3_05_dik_profil.030
00:00:42 | INFO: Blender create Mesh node M3_05_dik_profil.031
00:00:42 | INFO: Blender create Mesh node M3_05_dik_profil.032
00:00:42 | INFO: Blender create Mesh node M3_05_dik_profil.033
00:00:42 | INFO: Blender create Mesh node M3_05_dik_profil.034
00:00:42 | INFO: Blender create Mesh node M3_05_dik_profil.035
00:00:42 | INFO: Blender create Mesh node M3_05_dik_profil.036
00:00:42 | INFO: Blender create Mesh node M3_05_dik_profil.037
00:00:42 | INFO: Blender create Mesh node M3_05_dik_profil.038
00:00:42 | INFO: Blender create Mesh node M3_05_dik_profil.039
00:00:42 | INFO: Blender create Mesh node M3_05_dik_profil.040
00:00:42 | INFO: Blender create Mesh node M3_05_dik_profil.041
00:00:42 | INFO: Blender create Mesh node M3_05_dik_profil.042
00:00:42 | INFO: Blender create Mesh node M3_05_dik_profil.043
00:00:42 | INFO: Blender create Mesh node M3_05_dik_profil.044
00:00:42 | INFO: Blender create Mesh node M3_05_dik_profil.045
00:00:42 | INFO: Blender create Mesh node M3_05_dik_profil.046
00:00:42 | INFO: Blender create Mesh node M3_05_dik_profil.047
00:00:42 | INFO: Blender create Mesh node M3_05_esik_doseme.001
00:00:42 | INFO: Blender create Mesh node M3_05_gobek.012
00:00:42 | INFO: Blender create Mesh node M3_05_gobek.013
00:00:42 | INFO: Blender create Mesh node M3_05_gobek.014
00:00:42 | INFO: Blender create Mesh node M3_05_gobek.015
00:00:42 | INFO: Blender create Mesh node M3_05_gobek.016
00:00:42 | INFO: Blender create Mesh node M3_05_gobek.017
00:00:42 | INFO: Blender create Mesh node M3_05_gobek.018
00:00:42 | INFO: Blender create Mesh node M3_05_gobek.019
00:00:42 | INFO: Blender create Mesh node M3_05_gobek.020
00:00:42 | INFO: Blender create Mesh node M3_05_gobek.021
00:00:42 | INFO: Blender create Mesh node M3_05_gobek.022
00:00:42 | INFO: Blender create Mesh node M3_05_gobek.023
00:00:42 | INFO: Blender create Mesh node M3_05_kanat.001
00:00:42 | INFO: Blender create Mesh node M3_05_kasa.002
00:00:42 | INFO: Blender create Mesh node M3_05_kasa.003
00:00:42 | INFO: Blender create Mesh node M3_05_kulp
00:00:42 | INFO: Blender create Mesh node M3_05_kulp.001
00:00:42 | INFO: Blender create Mesh node M3_05_mentese
00:00:42 | INFO: Blender create Mesh node M3_05_mentese.001
00:00:42 | INFO: Blender create Mesh node M3_05_mentese.002
00:00:42 | INFO: Blender create Mesh node M3_05_pervaz.004
00:00:42 | INFO: Blender create Mesh node M3_05_pervaz.005
00:00:42 | INFO: Blender create Mesh node M3_05_pervaz.006
00:00:42 | INFO: Blender create Mesh node M3_05_pervaz.007
00:00:42 | INFO: Blender create Mesh node M3_05_ust_kasa.001
00:00:42 | INFO: Blender create Mesh node M3_05_ust_pervaz.002
00:00:42 | INFO: Blender create Mesh node M3_05_ust_pervaz.003
00:00:42 | INFO: Blender create Mesh node M3_05_yatay_profil.024
00:00:42 | INFO: Blender create Mesh node M3_05_yatay_profil.025
00:00:42 | INFO: Blender create Mesh node M3_05_yatay_profil.026
00:00:42 | INFO: Blender create Mesh node M3_05_yatay_profil.027
00:00:42 | INFO: Blender create Mesh node M3_05_yatay_profil.028
00:00:42 | INFO: Blender create Mesh node M3_05_yatay_profil.029
00:00:42 | INFO: Blender create Mesh node M3_05_yatay_profil.030
00:00:42 | INFO: Blender create Mesh node M3_05_yatay_profil.031
00:00:42 | INFO: Blender create Mesh node M3_05_yatay_profil.032
00:00:42 | INFO: Blender create Mesh node M3_05_yatay_profil.033
00:00:42 | INFO: Blender create Mesh node M3_05_yatay_profil.034
00:00:42 | INFO: Blender create Mesh node M3_05_yatay_profil.035
00:00:42 | INFO: Blender create Mesh node M3_05_yatay_profil.036
00:00:42 | INFO: Blender create Mesh node M3_05_yatay_profil.037
00:00:42 | INFO: Blender create Mesh node M3_05_yatay_profil.038
00:00:42 | INFO: Blender create Mesh node M3_05_yatay_profil.039
00:00:42 | INFO: Blender create Mesh node M3_05_yatay_profil.040
00:00:42 | INFO: Blender create Mesh node M3_05_yatay_profil.041
00:00:42 | INFO: Blender create Mesh node M3_05_yatay_profil.042
00:00:42 | INFO: Blender create Mesh node M3_05_yatay_profil.043
00:00:42 | INFO: Blender create Mesh node M3_05_yatay_profil.044
00:00:42 | INFO: Blender create Mesh node M3_05_yatay_profil.045
00:00:42 | INFO: Blender create Mesh node M3_05_yatay_profil.046
00:00:42 | INFO: Blender create Mesh node M3_05_yatay_profil.047
00:00:42 | INFO: Blender create Mesh node M3_06_dik_profil.024
00:00:42 | INFO: Blender create Mesh node M3_06_dik_profil.025
00:00:42 | INFO: Blender create Mesh node M3_06_dik_profil.026
00:00:42 | INFO: Blender create Mesh node M3_06_dik_profil.027
00:00:42 | INFO: Blender create Mesh node M3_06_dik_profil.028
00:00:42 | INFO: Blender create Mesh node M3_06_dik_profil.029
00:00:42 | INFO: Blender create Mesh node M3_06_dik_profil.030
00:00:42 | INFO: Blender create Mesh node M3_06_dik_profil.031
00:00:42 | INFO: Blender create Mesh node M3_06_dik_profil.032
00:00:42 | INFO: Blender create Mesh node M3_06_dik_profil.033
00:00:42 | INFO: Blender create Mesh node M3_06_dik_profil.034
00:00:42 | INFO: Blender create Mesh node M3_06_dik_profil.035
00:00:42 | INFO: Blender create Mesh node M3_06_dik_profil.036
00:00:42 | INFO: Blender create Mesh node M3_06_dik_profil.037
00:00:42 | INFO: Blender create Mesh node M3_06_dik_profil.038
00:00:42 | INFO: Blender create Mesh node M3_06_dik_profil.039
00:00:42 | INFO: Blender create Mesh node M3_06_dik_profil.040
00:00:42 | INFO: Blender create Mesh node M3_06_dik_profil.041
00:00:42 | INFO: Blender create Mesh node M3_06_dik_profil.042
00:00:42 | INFO: Blender create Mesh node M3_06_dik_profil.043
00:00:42 | INFO: Blender create Mesh node M3_06_dik_profil.044
00:00:42 | INFO: Blender create Mesh node M3_06_dik_profil.045
00:00:42 | INFO: Blender create Mesh node M3_06_dik_profil.046
00:00:42 | INFO: Blender create Mesh node M3_06_dik_profil.047
00:00:42 | INFO: Blender create Mesh node M3_06_esik_doseme.001
00:00:42 | INFO: Blender create Mesh node M3_06_gobek.012
00:00:42 | INFO: Blender create Mesh node M3_06_gobek.013
00:00:42 | INFO: Blender create Mesh node M3_06_gobek.014
00:00:42 | INFO: Blender create Mesh node M3_06_gobek.015
00:00:42 | INFO: Blender create Mesh node M3_06_gobek.016
00:00:42 | INFO: Blender create Mesh node M3_06_gobek.017
00:00:42 | INFO: Blender create Mesh node M3_06_gobek.018
00:00:42 | INFO: Blender create Mesh node M3_06_gobek.019
00:00:42 | INFO: Blender create Mesh node M3_06_gobek.020
00:00:42 | INFO: Blender create Mesh node M3_06_gobek.021
00:00:42 | INFO: Blender create Mesh node M3_06_gobek.022
00:00:42 | INFO: Blender create Mesh node M3_06_gobek.023
00:00:42 | INFO: Blender create Mesh node M3_06_kanat.001
00:00:42 | INFO: Blender create Mesh node M3_06_kasa.002
00:00:42 | INFO: Blender create Mesh node M3_06_kasa.003
00:00:42 | INFO: Blender create Mesh node M3_06_mentese
00:00:42 | INFO: Blender create Mesh node M3_06_mentese.001
00:00:42 | INFO: Blender create Mesh node M3_06_mentese.002
00:00:42 | INFO: Blender create Mesh node M3_06_pervaz.004
00:00:42 | INFO: Blender create Mesh node M3_06_pervaz.005
00:00:42 | INFO: Blender create Mesh node M3_06_pervaz.006
00:00:42 | INFO: Blender create Mesh node M3_06_pervaz.007
00:00:42 | INFO: Blender create Mesh node Sphere.015
00:00:42 | INFO: Blender create Mesh node Sphere.016
00:00:42 | INFO: Blender create Mesh node M3_06_topuz_mili
00:00:42 | INFO: Blender create Mesh node M3_06_topuz_mili.001
00:00:42 | INFO: Blender create Mesh node M3_06_ust_kasa.001
00:00:42 | INFO: Blender create Mesh node M3_06_ust_pervaz.002
00:00:42 | INFO: Blender create Mesh node M3_06_ust_pervaz.003
00:00:42 | INFO: Blender create Mesh node M3_06_yatay_profil.024
00:00:42 | INFO: Blender create Mesh node M3_06_yatay_profil.025
00:00:42 | INFO: Blender create Mesh node M3_06_yatay_profil.026
00:00:42 | INFO: Blender create Mesh node M3_06_yatay_profil.027
00:00:42 | INFO: Blender create Mesh node M3_06_yatay_profil.028
00:00:42 | INFO: Blender create Mesh node M3_06_yatay_profil.029
00:00:42 | INFO: Blender create Mesh node M3_06_yatay_profil.030
00:00:42 | INFO: Blender create Mesh node M3_06_yatay_profil.031
00:00:42 | INFO: Blender create Mesh node M3_06_yatay_profil.032
00:00:42 | INFO: Blender create Mesh node M3_06_yatay_profil.033
00:00:42 | INFO: Blender create Mesh node M3_06_yatay_profil.034
00:00:42 | INFO: Blender create Mesh node M3_06_yatay_profil.035
00:00:42 | INFO: Blender create Mesh node M3_06_yatay_profil.036
00:00:42 | INFO: Blender create Mesh node M3_06_yatay_profil.037
00:00:42 | INFO: Blender create Mesh node M3_06_yatay_profil.038
00:00:42 | INFO: Blender create Mesh node M3_06_yatay_profil.039
00:00:42 | INFO: Blender create Mesh node M3_06_yatay_profil.040
00:00:42 | INFO: Blender create Mesh node M3_06_yatay_profil.041
00:00:42 | INFO: Blender create Mesh node M3_06_yatay_profil.042
00:00:42 | INFO: Blender create Mesh node M3_06_yatay_profil.043
00:00:42 | INFO: Blender create Mesh node M3_06_yatay_profil.044
00:00:42 | INFO: Blender create Mesh node M3_06_yatay_profil.045
00:00:42 | INFO: Blender create Mesh node M3_06_yatay_profil.046
00:00:42 | INFO: Blender create Mesh node M3_06_yatay_profil.047
00:00:42 | INFO: Blender create Mesh node M3_07_dik_profil.024
00:00:43 | INFO: Blender create Mesh node M3_07_dik_profil.025
00:00:43 | INFO: Blender create Mesh node M3_07_dik_profil.026
00:00:43 | INFO: Blender create Mesh node M3_07_dik_profil.027
00:00:43 | INFO: Blender create Mesh node M3_07_dik_profil.028
00:00:43 | INFO: Blender create Mesh node M3_07_dik_profil.029
00:00:43 | INFO: Blender create Mesh node M3_07_dik_profil.030
00:00:43 | INFO: Blender create Mesh node M3_07_dik_profil.031
00:00:43 | INFO: Blender create Mesh node M3_07_dik_profil.032
00:00:43 | INFO: Blender create Mesh node M3_07_dik_profil.033
00:00:43 | INFO: Blender create Mesh node M3_07_dik_profil.034
00:00:43 | INFO: Blender create Mesh node M3_07_dik_profil.035
00:00:43 | INFO: Blender create Mesh node M3_07_dik_profil.036
00:00:43 | INFO: Blender create Mesh node M3_07_dik_profil.037
00:00:43 | INFO: Blender create Mesh node M3_07_dik_profil.038
00:00:43 | INFO: Blender create Mesh node M3_07_dik_profil.039
00:00:43 | INFO: Blender create Mesh node M3_07_dik_profil.040
00:00:43 | INFO: Blender create Mesh node M3_07_dik_profil.041
00:00:43 | INFO: Blender create Mesh node M3_07_dik_profil.042
00:00:43 | INFO: Blender create Mesh node M3_07_dik_profil.043
00:00:43 | INFO: Blender create Mesh node M3_07_dik_profil.044
00:00:43 | INFO: Blender create Mesh node M3_07_dik_profil.045
00:00:43 | INFO: Blender create Mesh node M3_07_dik_profil.046
00:00:43 | INFO: Blender create Mesh node M3_07_dik_profil.047
00:00:43 | INFO: Blender create Mesh node M3_07_esik_doseme.001
00:00:43 | INFO: Blender create Mesh node M3_07_gobek.012
00:00:43 | INFO: Blender create Mesh node M3_07_gobek.013
00:00:43 | INFO: Blender create Mesh node M3_07_gobek.014
00:00:43 | INFO: Blender create Mesh node M3_07_gobek.015
00:00:43 | INFO: Blender create Mesh node M3_07_gobek.016
00:00:43 | INFO: Blender create Mesh node M3_07_gobek.017
00:00:43 | INFO: Blender create Mesh node M3_07_gobek.018
00:00:43 | INFO: Blender create Mesh node M3_07_gobek.019
00:00:43 | INFO: Blender create Mesh node M3_07_gobek.020
00:00:43 | INFO: Blender create Mesh node M3_07_gobek.021
00:00:43 | INFO: Blender create Mesh node M3_07_gobek.022
00:00:43 | INFO: Blender create Mesh node M3_07_gobek.023
00:00:43 | INFO: Blender create Mesh node M3_07_kanat.001
00:00:43 | INFO: Blender create Mesh node M3_07_kasa.002
00:00:43 | INFO: Blender create Mesh node M3_07_kasa.003
00:00:43 | INFO: Blender create Mesh node M3_07_mentese
00:00:43 | INFO: Blender create Mesh node M3_07_mentese.001
00:00:43 | INFO: Blender create Mesh node M3_07_mentese.002
00:00:43 | INFO: Blender create Mesh node M3_07_pervaz.004
00:00:43 | INFO: Blender create Mesh node M3_07_pervaz.005
00:00:43 | INFO: Blender create Mesh node M3_07_pervaz.006
00:00:43 | INFO: Blender create Mesh node M3_07_pervaz.007
00:00:43 | INFO: Blender create Mesh node Sphere.017
00:00:43 | INFO: Blender create Mesh node Sphere.018
00:00:43 | INFO: Blender create Mesh node M3_07_topuz_mili
00:00:43 | INFO: Blender create Mesh node M3_07_topuz_mili.001
00:00:43 | INFO: Blender create Mesh node M3_07_ust_kasa.001
00:00:43 | INFO: Blender create Mesh node M3_07_ust_pervaz.002
00:00:43 | INFO: Blender create Mesh node M3_07_ust_pervaz.003
00:00:43 | INFO: Blender create Mesh node M3_07_yatay_profil.024
00:00:43 | INFO: Blender create Mesh node M3_07_yatay_profil.025
00:00:43 | INFO: Blender create Mesh node M3_07_yatay_profil.026
00:00:43 | INFO: Blender create Mesh node M3_07_yatay_profil.027
00:00:43 | INFO: Blender create Mesh node M3_07_yatay_profil.028
00:00:43 | INFO: Blender create Mesh node M3_07_yatay_profil.029
00:00:43 | INFO: Blender create Mesh node M3_07_yatay_profil.030
00:00:43 | INFO: Blender create Mesh node M3_07_yatay_profil.031
00:00:43 | INFO: Blender create Mesh node M3_07_yatay_profil.032
00:00:43 | INFO: Blender create Mesh node M3_07_yatay_profil.033
00:00:43 | INFO: Blender create Mesh node M3_07_yatay_profil.034
00:00:43 | INFO: Blender create Mesh node M3_07_yatay_profil.035
00:00:43 | INFO: Blender create Mesh node M3_07_yatay_profil.036
00:00:43 | INFO: Blender create Mesh node M3_07_yatay_profil.037
00:00:43 | INFO: Blender create Mesh node M3_07_yatay_profil.038
00:00:43 | INFO: Blender create Mesh node M3_07_yatay_profil.039
00:00:43 | INFO: Blender create Mesh node M3_07_yatay_profil.040
00:00:43 | INFO: Blender create Mesh node M3_07_yatay_profil.041
00:00:43 | INFO: Blender create Mesh node M3_07_yatay_profil.042
00:00:43 | INFO: Blender create Mesh node M3_07_yatay_profil.043
00:00:43 | INFO: Blender create Mesh node M3_07_yatay_profil.044
00:00:43 | INFO: Blender create Mesh node M3_07_yatay_profil.045
00:00:43 | INFO: Blender create Mesh node M3_07_yatay_profil.046
00:00:43 | INFO: Blender create Mesh node M3_07_yatay_profil.047
00:00:43 | INFO: Blender create Mesh node M3_08_dik_profil.024
00:00:43 | INFO: Blender create Mesh node M3_08_dik_profil.025
00:00:43 | INFO: Blender create Mesh node M3_08_dik_profil.026
00:00:43 | INFO: Blender create Mesh node M3_08_dik_profil.027
00:00:43 | INFO: Blender create Mesh node M3_08_dik_profil.028
00:00:43 | INFO: Blender create Mesh node M3_08_dik_profil.029
00:00:43 | INFO: Blender create Mesh node M3_08_dik_profil.030
00:00:43 | INFO: Blender create Mesh node M3_08_dik_profil.031
00:00:43 | INFO: Blender create Mesh node M3_08_dik_profil.032
00:00:43 | INFO: Blender create Mesh node M3_08_dik_profil.033
00:00:43 | INFO: Blender create Mesh node M3_08_dik_profil.034
00:00:43 | INFO: Blender create Mesh node M3_08_dik_profil.035
00:00:43 | INFO: Blender create Mesh node M3_08_dik_profil.036
00:00:43 | INFO: Blender create Mesh node M3_08_dik_profil.037
00:00:43 | INFO: Blender create Mesh node M3_08_dik_profil.038
00:00:43 | INFO: Blender create Mesh node M3_08_dik_profil.039
00:00:43 | INFO: Blender create Mesh node M3_08_dik_profil.040
00:00:43 | INFO: Blender create Mesh node M3_08_dik_profil.041
00:00:43 | INFO: Blender create Mesh node M3_08_dik_profil.042
00:00:43 | INFO: Blender create Mesh node M3_08_dik_profil.043
00:00:43 | INFO: Blender create Mesh node M3_08_dik_profil.044
00:00:43 | INFO: Blender create Mesh node M3_08_dik_profil.045
00:00:43 | INFO: Blender create Mesh node M3_08_dik_profil.046
00:00:43 | INFO: Blender create Mesh node M3_08_dik_profil.047
00:00:43 | INFO: Blender create Mesh node M3_08_esik_doseme.001
00:00:43 | INFO: Blender create Mesh node M3_08_gobek.012
00:00:43 | INFO: Blender create Mesh node M3_08_gobek.013
00:00:43 | INFO: Blender create Mesh node M3_08_gobek.014
00:00:43 | INFO: Blender create Mesh node M3_08_gobek.015
00:00:43 | INFO: Blender create Mesh node M3_08_gobek.016
00:00:43 | INFO: Blender create Mesh node M3_08_gobek.017
00:00:43 | INFO: Blender create Mesh node M3_08_gobek.018
00:00:43 | INFO: Blender create Mesh node M3_08_gobek.019
00:00:43 | INFO: Blender create Mesh node M3_08_gobek.020
00:00:43 | INFO: Blender create Mesh node M3_08_gobek.021
00:00:43 | INFO: Blender create Mesh node M3_08_gobek.022
00:00:43 | INFO: Blender create Mesh node M3_08_gobek.023
00:00:43 | INFO: Blender create Mesh node M3_08_kanat.001
00:00:43 | INFO: Blender create Mesh node M3_08_kasa.002
00:00:43 | INFO: Blender create Mesh node M3_08_kasa.003
00:00:43 | INFO: Blender create Mesh node M3_08_mentese
00:00:43 | INFO: Blender create Mesh node M3_08_mentese.001
00:00:43 | INFO: Blender create Mesh node M3_08_mentese.002
00:00:43 | INFO: Blender create Mesh node M3_08_pervaz.004
00:00:43 | INFO: Blender create Mesh node M3_08_pervaz.005
00:00:43 | INFO: Blender create Mesh node M3_08_pervaz.006
00:00:43 | INFO: Blender create Mesh node M3_08_pervaz.007
00:00:43 | INFO: Blender create Mesh node Sphere.019
00:00:43 | INFO: Blender create Mesh node Sphere.020
00:00:43 | INFO: Blender create Mesh node M3_08_topuz_mili
00:00:43 | INFO: Blender create Mesh node M3_08_topuz_mili.001
00:00:43 | INFO: Blender create Mesh node M3_08_ust_kasa.001
00:00:43 | INFO: Blender create Mesh node M3_08_ust_pervaz.002
00:00:43 | INFO: Blender create Mesh node M3_08_ust_pervaz.003
00:00:43 | INFO: Blender create Mesh node M3_08_yatay_profil.024
00:00:43 | INFO: Blender create Mesh node M3_08_yatay_profil.025
00:00:43 | INFO: Blender create Mesh node M3_08_yatay_profil.026
00:00:43 | INFO: Blender create Mesh node M3_08_yatay_profil.027
00:00:43 | INFO: Blender create Mesh node M3_08_yatay_profil.028
00:00:43 | INFO: Blender create Mesh node M3_08_yatay_profil.029
00:00:43 | INFO: Blender create Mesh node M3_08_yatay_profil.030
00:00:43 | INFO: Blender create Mesh node M3_08_yatay_profil.031
00:00:43 | INFO: Blender create Mesh node M3_08_yatay_profil.032
00:00:43 | INFO: Blender create Mesh node M3_08_yatay_profil.033
00:00:43 | INFO: Blender create Mesh node M3_08_yatay_profil.034
00:00:43 | INFO: Blender create Mesh node M3_08_yatay_profil.035
00:00:43 | INFO: Blender create Mesh node M3_08_yatay_profil.036
00:00:43 | INFO: Blender create Mesh node M3_08_yatay_profil.037
00:00:43 | INFO: Blender create Mesh node M3_08_yatay_profil.038
00:00:43 | INFO: Blender create Mesh node M3_08_yatay_profil.039
00:00:43 | INFO: Blender create Mesh node M3_08_yatay_profil.040
00:00:43 | INFO: Blender create Mesh node M3_08_yatay_profil.041
00:00:43 | INFO: Blender create Mesh node M3_08_yatay_profil.042
00:00:43 | INFO: Blender create Mesh node M3_08_yatay_profil.043
00:00:43 | INFO: Blender create Mesh node M3_08_yatay_profil.044
00:00:43 | INFO: Blender create Mesh node M3_08_yatay_profil.045
00:00:43 | INFO: Blender create Mesh node M3_08_yatay_profil.046
00:00:43 | INFO: Blender create Mesh node M3_08_yatay_profil.047
00:00:43 | INFO: Blender create Mesh node M3_09_dik_profil.024
00:00:43 | INFO: Blender create Mesh node M3_09_dik_profil.025
00:00:43 | INFO: Blender create Mesh node M3_09_dik_profil.026
00:00:43 | INFO: Blender create Mesh node M3_09_dik_profil.027
00:00:43 | INFO: Blender create Mesh node M3_09_dik_profil.028
00:00:43 | INFO: Blender create Mesh node M3_09_dik_profil.029
00:00:43 | INFO: Blender create Mesh node M3_09_dik_profil.030
00:00:43 | INFO: Blender create Mesh node M3_09_dik_profil.031
00:00:43 | INFO: Blender create Mesh node M3_09_dik_profil.032
00:00:43 | INFO: Blender create Mesh node M3_09_dik_profil.033
00:00:43 | INFO: Blender create Mesh node M3_09_dik_profil.034
00:00:43 | INFO: Blender create Mesh node M3_09_dik_profil.035
00:00:43 | INFO: Blender create Mesh node M3_09_dik_profil.036
00:00:43 | INFO: Blender create Mesh node M3_09_dik_profil.037
00:00:43 | INFO: Blender create Mesh node M3_09_dik_profil.038
00:00:43 | INFO: Blender create Mesh node M3_09_dik_profil.039
00:00:43 | INFO: Blender create Mesh node M3_09_dik_profil.040
00:00:43 | INFO: Blender create Mesh node M3_09_dik_profil.041
00:00:43 | INFO: Blender create Mesh node M3_09_dik_profil.042
00:00:43 | INFO: Blender create Mesh node M3_09_dik_profil.043
00:00:43 | INFO: Blender create Mesh node M3_09_dik_profil.044
00:00:43 | INFO: Blender create Mesh node M3_09_dik_profil.045
00:00:43 | INFO: Blender create Mesh node M3_09_dik_profil.046
00:00:43 | INFO: Blender create Mesh node M3_09_dik_profil.047
00:00:43 | INFO: Blender create Mesh node M3_09_esik_doseme.001
00:00:43 | INFO: Blender create Mesh node M3_09_gobek.012
00:00:43 | INFO: Blender create Mesh node M3_09_gobek.013
00:00:43 | INFO: Blender create Mesh node M3_09_gobek.014
00:00:43 | INFO: Blender create Mesh node M3_09_gobek.015
00:00:43 | INFO: Blender create Mesh node M3_09_gobek.016
00:00:43 | INFO: Blender create Mesh node M3_09_gobek.017
00:00:43 | INFO: Blender create Mesh node M3_09_gobek.018
00:00:43 | INFO: Blender create Mesh node M3_09_gobek.019
00:00:43 | INFO: Blender create Mesh node M3_09_gobek.020
00:00:43 | INFO: Blender create Mesh node M3_09_gobek.021
00:00:43 | INFO: Blender create Mesh node M3_09_gobek.022
00:00:43 | INFO: Blender create Mesh node M3_09_gobek.023
00:00:43 | INFO: Blender create Mesh node M3_09_kanat.001
00:00:43 | INFO: Blender create Mesh node M3_09_kasa.002
00:00:43 | INFO: Blender create Mesh node M3_09_kasa.003
00:00:43 | INFO: Blender create Mesh node M3_09_mentese
00:00:43 | INFO: Blender create Mesh node M3_09_mentese.001
00:00:43 | INFO: Blender create Mesh node M3_09_mentese.002
00:00:43 | INFO: Blender create Mesh node M3_09_pervaz.004
00:00:43 | INFO: Blender create Mesh node M3_09_pervaz.005
00:00:43 | INFO: Blender create Mesh node M3_09_pervaz.006
00:00:43 | INFO: Blender create Mesh node M3_09_pervaz.007
00:00:43 | INFO: Blender create Mesh node Sphere.021
00:00:43 | INFO: Blender create Mesh node Sphere.022
00:00:43 | INFO: Blender create Mesh node M3_09_topuz_mili
00:00:43 | INFO: Blender create Mesh node M3_09_topuz_mili.001
00:00:43 | INFO: Blender create Mesh node M3_09_ust_kasa.001
00:00:43 | INFO: Blender create Mesh node M3_09_ust_pervaz.002
00:00:43 | INFO: Blender create Mesh node M3_09_ust_pervaz.003
00:00:43 | INFO: Blender create Mesh node M3_09_yatay_profil.024
00:00:43 | INFO: Blender create Mesh node M3_09_yatay_profil.025
00:00:43 | INFO: Blender create Mesh node M3_09_yatay_profil.026
00:00:43 | INFO: Blender create Mesh node M3_09_yatay_profil.027
00:00:43 | INFO: Blender create Mesh node M3_09_yatay_profil.028
00:00:43 | INFO: Blender create Mesh node M3_09_yatay_profil.029
00:00:43 | INFO: Blender create Mesh node M3_09_yatay_profil.030
00:00:43 | INFO: Blender create Mesh node M3_09_yatay_profil.031
00:00:43 | INFO: Blender create Mesh node M3_09_yatay_profil.032
00:00:43 | INFO: Blender create Mesh node M3_09_yatay_profil.033
00:00:43 | INFO: Blender create Mesh node M3_09_yatay_profil.034
00:00:43 | INFO: Blender create Mesh node M3_09_yatay_profil.035
00:00:43 | INFO: Blender create Mesh node M3_09_yatay_profil.036
00:00:43 | INFO: Blender create Mesh node M3_09_yatay_profil.037
00:00:43 | INFO: Blender create Mesh node M3_09_yatay_profil.038
00:00:43 | INFO: Blender create Mesh node M3_09_yatay_profil.039
00:00:43 | INFO: Blender create Mesh node M3_09_yatay_profil.040
00:00:43 | INFO: Blender create Mesh node M3_09_yatay_profil.041
00:00:43 | INFO: Blender create Mesh node M3_09_yatay_profil.042
00:00:43 | INFO: Blender create Mesh node M3_09_yatay_profil.043
00:00:43 | INFO: Blender create Mesh node M3_09_yatay_profil.044
00:00:43 | INFO: Blender create Mesh node M3_09_yatay_profil.045
00:00:43 | INFO: Blender create Mesh node M3_09_yatay_profil.046
00:00:43 | INFO: Blender create Mesh node M3_09_yatay_profil.047
00:00:43 | INFO: Blender create Mesh node M3_10_dik_profil.024
00:00:43 | INFO: Blender create Mesh node M3_10_dik_profil.025
00:00:43 | INFO: Blender create Mesh node M3_10_dik_profil.026
00:00:43 | INFO: Blender create Mesh node M3_10_dik_profil.027
00:00:43 | INFO: Blender create Mesh node M3_10_dik_profil.028
00:00:43 | INFO: Blender create Mesh node M3_10_dik_profil.029
00:00:43 | INFO: Blender create Mesh node M3_10_dik_profil.030
00:00:43 | INFO: Blender create Mesh node M3_10_dik_profil.031
00:00:43 | INFO: Blender create Mesh node M3_10_dik_profil.032
00:00:43 | INFO: Blender create Mesh node M3_10_dik_profil.033
00:00:43 | INFO: Blender create Mesh node M3_10_dik_profil.034
00:00:43 | INFO: Blender create Mesh node M3_10_dik_profil.035
00:00:43 | INFO: Blender create Mesh node M3_10_dik_profil.036
00:00:43 | INFO: Blender create Mesh node M3_10_dik_profil.037
00:00:43 | INFO: Blender create Mesh node M3_10_dik_profil.038
00:00:43 | INFO: Blender create Mesh node M3_10_dik_profil.039
00:00:43 | INFO: Blender create Mesh node M3_10_dik_profil.040
00:00:43 | INFO: Blender create Mesh node M3_10_dik_profil.041
00:00:43 | INFO: Blender create Mesh node M3_10_dik_profil.042
00:00:43 | INFO: Blender create Mesh node M3_10_dik_profil.043
00:00:43 | INFO: Blender create Mesh node M3_10_dik_profil.044
00:00:43 | INFO: Blender create Mesh node M3_10_dik_profil.045
00:00:43 | INFO: Blender create Mesh node M3_10_dik_profil.046
00:00:43 | INFO: Blender create Mesh node M3_10_dik_profil.047
00:00:43 | INFO: Blender create Mesh node M3_10_doseme_boslugu.001
00:00:43 | INFO: Blender create Mesh node M3_10_esik_doseme.001
00:00:43 | INFO: Blender create Mesh node M3_10_gobek.012
00:00:43 | INFO: Blender create Mesh node M3_10_gobek.013
00:00:43 | INFO: Blender create Mesh node M3_10_gobek.014
00:00:43 | INFO: Blender create Mesh node M3_10_gobek.015
00:00:43 | INFO: Blender create Mesh node M3_10_gobek.016
00:00:43 | INFO: Blender create Mesh node M3_10_gobek.017
00:00:43 | INFO: Blender create Mesh node M3_10_gobek.018
00:00:43 | INFO: Blender create Mesh node M3_10_gobek.019
00:00:43 | INFO: Blender create Mesh node M3_10_gobek.020
00:00:43 | INFO: Blender create Mesh node M3_10_gobek.021
00:00:43 | INFO: Blender create Mesh node M3_10_gobek.022
00:00:43 | INFO: Blender create Mesh node M3_10_gobek.023
00:00:43 | INFO: Blender create Mesh node M3_10_kanat.001
00:00:43 | INFO: Blender create Mesh node M3_10_kasa.002
00:00:43 | INFO: Blender create Mesh node M3_10_kasa.003
00:00:43 | INFO: Blender create Mesh node M3_10_mentese
00:00:43 | INFO: Blender create Mesh node M3_10_mentese.001
00:00:43 | INFO: Blender create Mesh node M3_10_mentese.002
00:00:43 | INFO: Blender create Mesh node M3_10_pervaz.004
00:00:43 | INFO: Blender create Mesh node M3_10_pervaz.005
00:00:43 | INFO: Blender create Mesh node M3_10_pervaz.006
00:00:43 | INFO: Blender create Mesh node M3_10_pervaz.007
00:00:43 | INFO: Blender create Mesh node Sphere.023
00:00:43 | INFO: Blender create Mesh node Sphere.024
00:00:43 | INFO: Blender create Mesh node M3_10_topuz_mili
00:00:43 | INFO: Blender create Mesh node M3_10_topuz_mili.001
00:00:43 | INFO: Blender create Mesh node M3_10_ust_kasa.001
00:00:43 | INFO: Blender create Mesh node M3_10_ust_pervaz.002
00:00:43 | INFO: Blender create Mesh node M3_10_ust_pervaz.003
00:00:43 | INFO: Blender create Mesh node M3_10_yatay_profil.024
00:00:43 | INFO: Blender create Mesh node M3_10_yatay_profil.025
00:00:43 | INFO: Blender create Mesh node M3_10_yatay_profil.026
00:00:43 | INFO: Blender create Mesh node M3_10_yatay_profil.027
00:00:43 | INFO: Blender create Mesh node M3_10_yatay_profil.028
00:00:43 | INFO: Blender create Mesh node M3_10_yatay_profil.029
00:00:43 | INFO: Blender create Mesh node M3_10_yatay_profil.030
00:00:43 | INFO: Blender create Mesh node M3_10_yatay_profil.031
00:00:43 | INFO: Blender create Mesh node M3_10_yatay_profil.032
00:00:43 | INFO: Blender create Mesh node M3_10_yatay_profil.033
00:00:43 | INFO: Blender create Mesh node M3_10_yatay_profil.034
00:00:43 | INFO: Blender create Mesh node M3_10_yatay_profil.035
00:00:43 | INFO: Blender create Mesh node M3_10_yatay_profil.036
00:00:43 | INFO: Blender create Mesh node M3_10_yatay_profil.037
00:00:43 | INFO: Blender create Mesh node M3_10_yatay_profil.038
00:00:43 | INFO: Blender create Mesh node M3_10_yatay_profil.039
00:00:43 | INFO: Blender create Mesh node M3_10_yatay_profil.040
00:00:43 | INFO: Blender create Mesh node M3_10_yatay_profil.041
00:00:43 | INFO: Blender create Mesh node M3_10_yatay_profil.042
00:00:43 | INFO: Blender create Mesh node M3_10_yatay_profil.043
00:00:43 | INFO: Blender create Mesh node M3_10_yatay_profil.044
00:00:43 | INFO: Blender create Mesh node M3_10_yatay_profil.045
00:00:43 | INFO: Blender create Mesh node M3_10_yatay_profil.046
00:00:43 | INFO: Blender create Mesh node M3_10_yatay_profil.047
00:00:43 | INFO: Blender create Mesh node M3_11_esik_doseme.001
00:00:43 | INFO: Blender create Mesh node M3_11_kanat.001
00:00:43 | INFO: Blender create Mesh node M3_11_kasa.002
00:00:43 | INFO: Blender create Mesh node M3_11_kasa.003
00:00:43 | INFO: Blender create Mesh node M3_11_kulp
00:00:43 | INFO: Blender create Mesh node M3_11_kulp.001
00:00:43 | INFO: Blender create Mesh node M3_11_mentese
00:00:43 | INFO: Blender create Mesh node M3_11_mentese.001
00:00:43 | INFO: Blender create Mesh node M3_11_mentese.002
00:00:43 | INFO: Blender create Mesh node M3_11_pervaz.004
00:00:43 | INFO: Blender create Mesh node M3_11_pervaz.005
00:00:43 | INFO: Blender create Mesh node M3_11_pervaz.006
00:00:43 | INFO: Blender create Mesh node M3_11_pervaz.007
00:00:43 | INFO: Blender create Mesh node M3_11_ust_kasa.001
00:00:43 | INFO: Blender create Mesh node M3_11_ust_pervaz.002
00:00:43 | INFO: Blender create Mesh node M3_11_ust_pervaz.003
00:00:43 | INFO: Blender create Mesh node M3_12_dik_profil.024
00:00:43 | INFO: Blender create Mesh node M3_12_dik_profil.025
00:00:43 | INFO: Blender create Mesh node M3_12_dik_profil.026
00:00:43 | INFO: Blender create Mesh node M3_12_dik_profil.027
00:00:43 | INFO: Blender create Mesh node M3_12_dik_profil.028
00:00:43 | INFO: Blender create Mesh node M3_12_dik_profil.029
00:00:44 | INFO: Blender create Mesh node M3_12_dik_profil.030
00:00:44 | INFO: Blender create Mesh node M3_12_dik_profil.031
00:00:44 | INFO: Blender create Mesh node M3_12_dik_profil.032
00:00:44 | INFO: Blender create Mesh node M3_12_dik_profil.033
00:00:44 | INFO: Blender create Mesh node M3_12_dik_profil.034
00:00:44 | INFO: Blender create Mesh node M3_12_dik_profil.035
00:00:44 | INFO: Blender create Mesh node M3_12_dik_profil.036
00:00:44 | INFO: Blender create Mesh node M3_12_dik_profil.037
00:00:44 | INFO: Blender create Mesh node M3_12_dik_profil.038
00:00:44 | INFO: Blender create Mesh node M3_12_dik_profil.039
00:00:44 | INFO: Blender create Mesh node M3_12_dik_profil.040
00:00:44 | INFO: Blender create Mesh node M3_12_dik_profil.041
00:00:44 | INFO: Blender create Mesh node M3_12_dik_profil.042
00:00:44 | INFO: Blender create Mesh node M3_12_dik_profil.043
00:00:44 | INFO: Blender create Mesh node M3_12_dik_profil.044
00:00:44 | INFO: Blender create Mesh node M3_12_dik_profil.045
00:00:44 | INFO: Blender create Mesh node M3_12_dik_profil.046
00:00:44 | INFO: Blender create Mesh node M3_12_dik_profil.047
00:00:44 | INFO: Blender create Mesh node M3_12_esik_doseme.001
00:00:44 | INFO: Blender create Mesh node M3_12_gobek.012
00:00:44 | INFO: Blender create Mesh node M3_12_gobek.013
00:00:44 | INFO: Blender create Mesh node M3_12_gobek.014
00:00:44 | INFO: Blender create Mesh node M3_12_gobek.015
00:00:44 | INFO: Blender create Mesh node M3_12_gobek.016
00:00:44 | INFO: Blender create Mesh node M3_12_gobek.017
00:00:44 | INFO: Blender create Mesh node M3_12_gobek.018
00:00:44 | INFO: Blender create Mesh node M3_12_gobek.019
00:00:44 | INFO: Blender create Mesh node M3_12_gobek.020
00:00:44 | INFO: Blender create Mesh node M3_12_gobek.021
00:00:44 | INFO: Blender create Mesh node M3_12_gobek.022
00:00:44 | INFO: Blender create Mesh node M3_12_gobek.023
00:00:44 | INFO: Blender create Mesh node M3_12_kanat.001
00:00:44 | INFO: Blender create Mesh node M3_12_kasa.002
00:00:44 | INFO: Blender create Mesh node M3_12_kasa.003
00:00:44 | INFO: Blender create Mesh node M3_12_mentese
00:00:44 | INFO: Blender create Mesh node M3_12_mentese.001
00:00:44 | INFO: Blender create Mesh node M3_12_mentese.002
00:00:44 | INFO: Blender create Mesh node M3_12_pervaz.004
00:00:44 | INFO: Blender create Mesh node M3_12_pervaz.005
00:00:44 | INFO: Blender create Mesh node M3_12_pervaz.006
00:00:44 | INFO: Blender create Mesh node M3_12_pervaz.007
00:00:44 | INFO: Blender create Mesh node Sphere.025
00:00:44 | INFO: Blender create Mesh node Sphere.026
00:00:44 | INFO: Blender create Mesh node M3_12_topuz_mili
00:00:44 | INFO: Blender create Mesh node M3_12_topuz_mili.001
00:00:44 | INFO: Blender create Mesh node M3_12_ust_kasa.001
00:00:44 | INFO: Blender create Mesh node M3_12_ust_pervaz.002
00:00:44 | INFO: Blender create Mesh node M3_12_ust_pervaz.003
00:00:44 | INFO: Blender create Mesh node M3_12_yatay_profil.024
00:00:44 | INFO: Blender create Mesh node M3_12_yatay_profil.025
00:00:44 | INFO: Blender create Mesh node M3_12_yatay_profil.026
00:00:44 | INFO: Blender create Mesh node M3_12_yatay_profil.027
00:00:44 | INFO: Blender create Mesh node M3_12_yatay_profil.028
00:00:44 | INFO: Blender create Mesh node M3_12_yatay_profil.029
00:00:44 | INFO: Blender create Mesh node M3_12_yatay_profil.030
00:00:44 | INFO: Blender create Mesh node M3_12_yatay_profil.031
00:00:44 | INFO: Blender create Mesh node M3_12_yatay_profil.032
00:00:44 | INFO: Blender create Mesh node M3_12_yatay_profil.033
00:00:44 | INFO: Blender create Mesh node M3_12_yatay_profil.034
00:00:44 | INFO: Blender create Mesh node M3_12_yatay_profil.035
00:00:44 | INFO: Blender create Mesh node M3_12_yatay_profil.036
00:00:44 | INFO: Blender create Mesh node M3_12_yatay_profil.037
00:00:44 | INFO: Blender create Mesh node M3_12_yatay_profil.038
00:00:44 | INFO: Blender create Mesh node M3_12_yatay_profil.039
00:00:44 | INFO: Blender create Mesh node M3_12_yatay_profil.040
00:00:44 | INFO: Blender create Mesh node M3_12_yatay_profil.041
00:00:44 | INFO: Blender create Mesh node M3_12_yatay_profil.042
00:00:44 | INFO: Blender create Mesh node M3_12_yatay_profil.043
00:00:44 | INFO: Blender create Mesh node M3_12_yatay_profil.044
00:00:44 | INFO: Blender create Mesh node M3_12_yatay_profil.045
00:00:44 | INFO: Blender create Mesh node M3_12_yatay_profil.046
00:00:44 | INFO: Blender create Mesh node M3_12_yatay_profil.047
00:00:44 | INFO: Blender create Mesh node M3_13_dik_profil.024
00:00:44 | INFO: Blender create Mesh node M3_13_dik_profil.025
00:00:44 | INFO: Blender create Mesh node M3_13_dik_profil.026
00:00:44 | INFO: Blender create Mesh node M3_13_dik_profil.027
00:00:44 | INFO: Blender create Mesh node M3_13_dik_profil.028
00:00:44 | INFO: Blender create Mesh node M3_13_dik_profil.029
00:00:44 | INFO: Blender create Mesh node M3_13_dik_profil.030
00:00:44 | INFO: Blender create Mesh node M3_13_dik_profil.031
00:00:44 | INFO: Blender create Mesh node M3_13_dik_profil.032
00:00:44 | INFO: Blender create Mesh node M3_13_dik_profil.033
00:00:44 | INFO: Blender create Mesh node M3_13_dik_profil.034
00:00:44 | INFO: Blender create Mesh node M3_13_dik_profil.035
00:00:44 | INFO: Blender create Mesh node M3_13_dik_profil.036
00:00:44 | INFO: Blender create Mesh node M3_13_dik_profil.037
00:00:44 | INFO: Blender create Mesh node M3_13_dik_profil.038
00:00:44 | INFO: Blender create Mesh node M3_13_dik_profil.039
00:00:44 | INFO: Blender create Mesh node M3_13_dik_profil.040
00:00:44 | INFO: Blender create Mesh node M3_13_dik_profil.041
00:00:44 | INFO: Blender create Mesh node M3_13_dik_profil.042
00:00:44 | INFO: Blender create Mesh node M3_13_dik_profil.043
00:00:44 | INFO: Blender create Mesh node M3_13_dik_profil.044
00:00:44 | INFO: Blender create Mesh node M3_13_dik_profil.045
00:00:44 | INFO: Blender create Mesh node M3_13_dik_profil.046
00:00:44 | INFO: Blender create Mesh node M3_13_dik_profil.047
00:00:44 | INFO: Blender create Mesh node M3_13_esik_doseme.001
00:00:44 | INFO: Blender create Mesh node M3_13_gobek.012
00:00:44 | INFO: Blender create Mesh node M3_13_gobek.013
00:00:44 | INFO: Blender create Mesh node M3_13_gobek.014
00:00:44 | INFO: Blender create Mesh node M3_13_gobek.015
00:00:44 | INFO: Blender create Mesh node M3_13_gobek.016
00:00:44 | INFO: Blender create Mesh node M3_13_gobek.017
00:00:44 | INFO: Blender create Mesh node M3_13_gobek.018
00:00:44 | INFO: Blender create Mesh node M3_13_gobek.019
00:00:44 | INFO: Blender create Mesh node M3_13_gobek.020
00:00:44 | INFO: Blender create Mesh node M3_13_gobek.021
00:00:44 | INFO: Blender create Mesh node M3_13_gobek.022
00:00:44 | INFO: Blender create Mesh node M3_13_gobek.023
00:00:44 | INFO: Blender create Mesh node M3_13_kanat.001
00:00:44 | INFO: Blender create Mesh node M3_13_kasa.002
00:00:44 | INFO: Blender create Mesh node M3_13_kasa.003
00:00:44 | INFO: Blender create Mesh node M3_13_kasa_bini
00:00:44 | INFO: Blender create Mesh node M3_13_kasa_bini.001
00:00:44 | INFO: Blender create Mesh node M3_13_kulp.002
00:00:44 | INFO: Blender create Mesh node M3_13_kulp.003
00:00:44 | INFO: Blender create Mesh node M3_13_mentese.003
00:00:44 | INFO: Blender create Mesh node M3_13_mentese.004
00:00:44 | INFO: Blender create Mesh node M3_13_mentese.005
00:00:44 | INFO: Blender create Mesh node M3_13_pervaz.004
00:00:44 | INFO: Blender create Mesh node M3_13_pervaz.005
00:00:44 | INFO: Blender create Mesh node M3_13_pervaz.006
00:00:44 | INFO: Blender create Mesh node M3_13_pervaz.007
00:00:44 | INFO: Blender create Mesh node M3_13_ust_bini
00:00:44 | INFO: Blender create Mesh node M3_13_ust_kasa.001
00:00:44 | INFO: Blender create Mesh node M3_13_ust_pervaz.002
00:00:44 | INFO: Blender create Mesh node M3_13_ust_pervaz.003
00:00:44 | INFO: Blender create Mesh node M3_13_yatay_profil.024
00:00:44 | INFO: Blender create Mesh node M3_13_yatay_profil.025
00:00:44 | INFO: Blender create Mesh node M3_13_yatay_profil.026
00:00:44 | INFO: Blender create Mesh node M3_13_yatay_profil.027
00:00:44 | INFO: Blender create Mesh node M3_13_yatay_profil.028
00:00:44 | INFO: Blender create Mesh node M3_13_yatay_profil.029
00:00:44 | INFO: Blender create Mesh node M3_13_yatay_profil.030
00:00:44 | INFO: Blender create Mesh node M3_13_yatay_profil.031
00:00:44 | INFO: Blender create Mesh node M3_13_yatay_profil.032
00:00:44 | INFO: Blender create Mesh node M3_13_yatay_profil.033
00:00:44 | INFO: Blender create Mesh node M3_13_yatay_profil.034
00:00:44 | INFO: Blender create Mesh node M3_13_yatay_profil.035
00:00:44 | INFO: Blender create Mesh node M3_13_yatay_profil.036
00:00:44 | INFO: Blender create Mesh node M3_13_yatay_profil.037
00:00:44 | INFO: Blender create Mesh node M3_13_yatay_profil.038
00:00:44 | INFO: Blender create Mesh node M3_13_yatay_profil.039
00:00:44 | INFO: Blender create Mesh node M3_13_yatay_profil.040
00:00:44 | INFO: Blender create Mesh node M3_13_yatay_profil.041
00:00:44 | INFO: Blender create Mesh node M3_13_yatay_profil.042
00:00:44 | INFO: Blender create Mesh node M3_13_yatay_profil.043
00:00:44 | INFO: Blender create Mesh node M3_13_yatay_profil.044
00:00:44 | INFO: Blender create Mesh node M3_13_yatay_profil.045
00:00:44 | INFO: Blender create Mesh node M3_13_yatay_profil.046
00:00:44 | INFO: Blender create Mesh node M3_13_yatay_profil.047
00:00:44 | INFO: Blender create Mesh node M3C_kapi_ustu
00:00:44 | INFO: Blender create Mesh node M3C_sag_yan
00:00:44 | INFO: Blender create Mesh node M3C_sol_yan
00:00:44 | INFO: Blender create Mesh node M6_Antre_boru
00:00:44 | INFO: Blender create Mesh node M6_Antre_boru.001
00:00:44 | INFO: Blender create Mesh node M6_Antre_dilim_00
00:00:44 | INFO: Blender create Mesh node M6_Antre_dilim_01
00:00:44 | INFO: Blender create Mesh node M6_Antre_dilim_02
00:00:44 | INFO: Blender create Mesh node M6_Antre_dilim_03
00:00:44 | INFO: Blender create Mesh node M6_Antre_dilim_04
00:00:44 | INFO: Blender create Mesh node M6_Antre_dilim_05
00:00:44 | INFO: Blender create Mesh node M6_Antre_dilim_06
00:00:44 | INFO: Blender create Mesh node M6_Antre_dilim_07
00:00:44 | INFO: Blender create Mesh node M6_Antre_dilim_08
00:00:44 | INFO: Blender create Mesh node M6_Antre_dilim_09
00:00:44 | INFO: Blender create Mesh node M6_Antre_duvar_askisi
00:00:44 | INFO: Blender create Mesh node M6_Antre_duvar_askisi.001
00:00:44 | INFO: Blender create Mesh node M6_Antre_duvar_askisi.002
00:00:44 | INFO: Blender create Mesh node M6_Antre_duvar_askisi.003
00:00:44 | INFO: Blender create Mesh node M6_Antre_kollektor
00:00:44 | INFO: Blender create Mesh node M6_Antre_kollektor.001
00:00:44 | INFO: Blender create Mesh node M6_Antre_vana
00:00:44 | INFO: Blender create Mesh node M6_Antre_vana.001
00:00:44 | INFO: glTF import finished in 4.33s
[kontrol] ekler yüklendi: C:\Users\yigit\Downloads\angora-main (2)\angora-main\build\web\26092026\EKLER.glb
[kontrol] silindi mobilya BLCK 28 yüz
[kontrol] silindi mobilya FINISH | Silver mirror 71 yüz
[kontrol] silindi mimari interior.002 33 yüz
[kontrol] silindi mimari wood_dark (4) 17809 yüz
[kontrol] silindi mimari metal (5) 17483 yüz
[kontrol] silindi mimari Lift | Photographed walnut door finish (4).001 1149 yüz
[kontrol] silindi mobilya metal1 8505 yüz
[kontrol] silindi mobilya ROUGHNSS90 4668 yüz
[kontrol] silindi mobilya wht 68 yüz
[kontrol] silindi mobilya WOOD1 722 yüz
[kontrol] silindi mobilya WOOD2 14594 yüz
[kontrol] silindi mobilya metal3 189 yüz
[kontrol] silindi mobilya bulb_warm 748 yüz
[foto-doku] 53 malzeme 394888 yüz
C:\Users\yigit\Downloads\angora-main (2)\angora-main\tools\blender\08_kontrol_render.py:119: DeprecationWarning: 'World.use_nodes' is expected to be removed in Blender 6.0
  world = bpy.data.worlds.new('Gok'); scene.world = world; world.use_nodes = True
01:03.422  cycles           | WARNING HIPEW initialization failed: Error opening HIP dynamic library
01:07.594  render           | Saved: 'C:\Users\yigit\angora-tur10\adim09\kontrol\_olcum_01.png'
01:18.500  render           | Saved: 'C:\Users\yigit\angora-tur10\adim09\kontrol\render_01.png'
[kontrol] render 1 pozlama 1.21 -> C:\Users\yigit\angora-tur10\adim09\kontrol\render_01.png
01:22.188  render           | Saved: 'C:\Users\yigit\angora-tur10\adim09\kontrol\_olcum_02.png'
01:33.188  render           | Saved: 'C:\Users\yigit\angora-tur10\adim09\kontrol\render_02.png'
[kontrol] render 2 pozlama 0.93 -> C:\Users\yigit\angora-tur10\adim09\kontrol\render_02.png
01:36.907  render           | Saved: 'C:\Users\yigit\angora-tur10\adim09\kontrol\_olcum_11.png'
01:47.516  render           | Saved: 'C:\Users\yigit\angora-tur10\adim09\kontrol\render_11.png'
[kontrol] render 11 pozlama 0.93 -> C:\Users\yigit\angora-tur10\adim09\kontrol\render_11.png
01:51.094  render           | Saved: 'C:\Users\yigit\angora-tur10\adim09\kontrol\_olcum_16.png'
02:01.266  render           | Saved: 'C:\Users\yigit\angora-tur10\adim09\kontrol\render_16.png'
[kontrol] render 16 pozlama 1.99 -> C:\Users\yigit\angora-tur10\adim09\kontrol\render_16.png
02:04.922  render           | Saved: 'C:\Users\yigit\angora-tur10\adim09\kontrol\_olcum_18.png'
02:15.375  render           | Saved: 'C:\Users\yigit\angora-tur10\adim09\kontrol\render_18.png'
[kontrol] render 18 pozlama 2.42 -> C:\Users\yigit\angora-tur10\adim09\kontrol\render_18.png
02:19.094  render           | Saved: 'C:\Users\yigit\angora-tur10\adim09\kontrol\_olcum_21.png'
02:29.250  render           | Saved: 'C:\Users\yigit\angora-tur10\adim09\kontrol\render_21.png'
[kontrol] render 21 pozlama 3.11 -> C:\Users\yigit\angora-tur10\adim09\kontrol\render_21.png
02:32.860  render           | Saved: 'C:\Users\yigit\angora-tur10\adim09\kontrol\_olcum_29.png'
02:43.000  render           | Saved: 'C:\Users\yigit\angora-tur10\adim09\kontrol\render_29.png'
[kontrol] render 29 pozlama 2.97 -> C:\Users\yigit\angora-tur10\adim09\kontrol\render_29.png
02:46.657  render           | Saved: 'C:\Users\yigit\angora-tur10\adim09\kontrol\_olcum_32.png'
03:03.328  render           | Saved: 'C:\Users\yigit\angora-tur10\adim09\kontrol\render_32.png'
[kontrol] render 32 pozlama 0.59 -> C:\Users\yigit\angora-tur10\adim09\kontrol\render_32.png
03:07.078  render           | Saved: 'C:\Users\yigit\angora-tur10\adim09\kontrol\_olcum_34.png'
03:17.797  render           | Saved: 'C:\Users\yigit\angora-tur10\adim09\kontrol\render_34.png'
[kontrol] render 34 pozlama 1.98 -> C:\Users\yigit\angora-tur10\adim09\kontrol\render_34.png
03:21.375  render           | Saved: 'C:\Users\yigit\angora-tur10\adim09\kontrol\_olcum_40.png'
03:34.922  render           | Saved: 'C:\Users\yigit\angora-tur10\adim09\kontrol\render_40.png'
[kontrol] render 40 pozlama 2.48 -> C:\Users\yigit\angora-tur10\adim09\kontrol\render_40.png
03:38.469  render           | Saved: 'C:\Users\yigit\angora-tur10\adim09\kontrol\_olcum_42.png'
03:50.641  render           | Saved: 'C:\Users\yigit\angora-tur10\adim09\kontrol\render_42.png'
[kontrol] render 42 pozlama 2.65 -> C:\Users\yigit\angora-tur10\adim09\kontrol\render_42.png
03:54.219  render           | Saved: 'C:\Users\yigit\angora-tur10\adim09\kontrol\_olcum_47.png'
04:04.375  render           | Saved: 'C:\Users\yigit\angora-tur10\adim09\kontrol\render_47.png'
[kontrol] render 47 pozlama 1.22 -> C:\Users\yigit\angora-tur10\adim09\kontrol\render_47.png
[kontrol] TAMAM 12
04:16.282  render           | Saved: 'C:\Users\yigit\angora-tur10\adim09\detay_korkuluk.png'
Info: Saved as "kontrol-sahne.blend"
[A09] SON ve yakin korkuluk tamam
Blender 5.2.1 LTS (hash 9e2066aef7ef built 2026-08-25 02:38:20)

Blender quit
