19:11:14 | INFO: Data are loaded, start creating Blender stuff
19:11:14 | INFO: Blender create Mesh node Mesh_15183.008
19:11:14 | INFO: Blender create Mesh node Mesh_3020.001
19:11:14 | INFO: Blender create Mesh node Mesh_15183.003
19:11:14 | INFO: Blender create Mesh node Mesh_11.004
19:11:14 | INFO: Blender create Mesh node antique_wood (2) | interior-common.118
19:11:14 | INFO: Blender create Mesh node Mesh_3020.004
19:11:14 | INFO: Blender create Mesh node Cube.001
19:11:14 | INFO: Blender create Mesh node Mesh_3020.009
19:11:15 | INFO: Blender create Mesh node Mesh_15183.114
19:11:15 | INFO: Blender create Mesh node Cube.003
19:11:15 | INFO: Blender create Mesh node Mesh_93.005
19:11:16 | INFO: Blender create Mesh node Mesh_3020.002
19:11:16 | INFO: Blender create Mesh node Mesh_242
19:11:16 | INFO: Blender create Mesh node Mesh_11.003
19:11:16 | INFO: Blender create Mesh node Mesh_11.001
19:11:16 | INFO: Blender create Mesh node Mesh_15183.002
19:11:16 | INFO: Blender create Mesh node Mesh_15183.104
19:11:16 | INFO: Blender create Mesh node Mesh_15183.109
19:11:16 | INFO: Blender create Mesh node Mesh_97
19:11:16 | INFO: Blender create Mesh node Mesh_15183.103
19:11:16 | INFO: Blender create Mesh node Mesh_15183.107
19:11:16 | INFO: Blender create Mesh node Mesh_15183.108
19:11:16 | INFO: Blender create Mesh node Mesh_15183.099
19:11:16 | INFO: Blender create Mesh node Mesh_15183.100
19:11:16 | INFO: Blender create Mesh node Mesh_15183.001
19:11:16 | INFO: glTF import finished in 2.35s
19:11:16 | INFO: Data are loaded, start creating Blender stuff
19:11:16 | INFO: Blender create Mesh node antique_wood (2) | interior-common.087
19:11:16 | INFO: Blender create Mesh node antique_wood (2) | interior-common.017
19:11:16 | INFO: Blender create Mesh node antique_wood (2) | interior-common.013
19:11:16 | INFO: Blender create Mesh node antique_wood (2) | interior-common.043
19:11:16 | INFO: Blender create Mesh node antique_wood (2) | interior-common.001
19:11:16 | INFO: Blender create Mesh node antique_wood (2) | interior-common.016
19:11:16 | INFO: Blender create Mesh node antique_wood (2) | interior-common.084
19:11:16 | INFO: Blender create Mesh node antique_wood (2) | interior-common.060
19:11:17 | INFO: Blender create Mesh node antique_wood (2) | interior-common.058
19:11:17 | INFO: Blender create Mesh node antique_wood (2) | interior-common.067
19:11:17 | INFO: Blender create Mesh node antique_wood (2) | interior-common.140
19:11:17 | INFO: Blender create Mesh node antique_wood (2) | interior-common.094
19:11:17 | INFO: Blender create Mesh node antique_wood (2) | interior-common.047
19:11:17 | INFO: Blender create Mesh node antique_wood (2) | interior-common.065
19:11:17 | INFO: Blender create Mesh node antique_wood (2) | interior-common.073
19:11:18 | INFO: Blender create Mesh node antique_wood (2) | interior-common.019
19:11:18 | INFO: Blender create Mesh node antique_wood (2) | interior-common.049
19:11:18 | INFO: Blender create Mesh node antique_wood (2) | interior-common.100
19:11:18 | INFO: Blender create Mesh node antique_wood (2) | interior-common.120
19:11:18 | INFO: Blender create Mesh node antique_wood (2) | interior-common.110
19:11:18 | INFO: Blender create Mesh node antique_wood (2) | interior-common.116
19:11:18 | INFO: glTF import finished in 1.39s
19:11:18 | INFO: Data are loaded, start creating Blender stuff
19:11:18 | INFO: Blender create Mesh node M1_kartonpiyer_001
19:11:18 | INFO: Blender create Mesh node M1_kartonpiyer_002
19:11:18 | INFO: Blender create Mesh node M1_kartonpiyer_003
19:11:18 | INFO: Blender create Mesh node M1_kartonpiyer_004
19:11:18 | INFO: Blender create Mesh node M1_kartonpiyer_005
19:11:18 | INFO: Blender create Mesh node M1_kartonpiyer_006
19:11:18 | INFO: Blender create Mesh node M1_kartonpiyer_007
19:11:18 | INFO: Blender create Mesh node M1_kartonpiyer_008
19:11:18 | INFO: Blender create Mesh node M1_kartonpiyer_009
19:11:18 | INFO: Blender create Mesh node M1_kartonpiyer_010
19:11:18 | INFO: Blender create Mesh node M1_kartonpiyer_011
19:11:18 | INFO: Blender create Mesh node M1_kartonpiyer_012
19:11:18 | INFO: Blender create Mesh node M1_kartonpiyer_013
19:11:18 | INFO: Blender create Mesh node M1_kartonpiyer_014
19:11:18 | INFO: Blender create Mesh node M1_kartonpiyer_015
19:11:18 | INFO: Blender create Mesh node M1_kartonpiyer_016
19:11:18 | INFO: Blender create Mesh node M1_kartonpiyer_017
19:11:18 | INFO: Blender create Mesh node M1_kartonpiyer_018
19:11:18 | INFO: Blender create Mesh node M1_kartonpiyer_019
19:11:18 | INFO: Blender create Mesh node M1_kartonpiyer_020
19:11:18 | INFO: Blender create Mesh node M1_kartonpiyer_021
19:11:18 | INFO: Blender create Mesh node M1_kartonpiyer_022
19:11:18 | INFO: Blender create Mesh node M1_kartonpiyer_023
19:11:18 | INFO: Blender create Mesh node M1_kartonpiyer_024
19:11:18 | INFO: Blender create Mesh node M1_kartonpiyer_025
19:11:18 | INFO: Blender create Mesh node M1_kartonpiyer_026
19:11:18 | INFO: Blender create Mesh node M1_kartonpiyer_027
19:11:18 | INFO: Blender create Mesh node M1_kartonpiyer_028
19:11:18 | INFO: Blender create Mesh node M1_kartonpiyer_029
19:11:18 | INFO: Blender create Mesh node M1_kartonpiyer_030
19:11:18 | INFO: Blender create Mesh node M1_kartonpiyer_031
19:11:18 | INFO: Blender create Mesh node M1_kartonpiyer_032
19:11:18 | INFO: Blender create Mesh node M1_kartonpiyer_033
19:11:18 | INFO: Blender create Mesh node M1_kartonpiyer_034
19:11:18 | INFO: Blender create Mesh node M1_kartonpiyer_035
19:11:18 | INFO: Blender create Mesh node M1_kartonpiyer_036
19:11:18 | INFO: Blender create Mesh node M1_kartonpiyer_037
19:11:18 | INFO: Blender create Mesh node M1_kartonpiyer_038
19:11:18 | INFO: Blender create Mesh node M1_kartonpiyer_039
19:11:18 | INFO: Blender create Mesh node M1_kartonpiyer_040
19:11:18 | INFO: Blender create Mesh node M1_kartonpiyer_041
19:11:18 | INFO: Blender create Mesh node M1_kartonpiyer_042
19:11:18 | INFO: Blender create Mesh node M1_kartonpiyer_043
19:11:18 | INFO: Blender create Mesh node M1_kartonpiyer_044
19:11:18 | INFO: Blender create Mesh node M1_kartonpiyer_045
19:11:18 | INFO: Blender create Mesh node M1_kartonpiyer_046
19:11:18 | INFO: Blender create Mesh node M1_kartonpiyer_047
19:11:18 | INFO: Blender create Mesh node M1_kartonpiyer_048
19:11:18 | INFO: Blender create Mesh node M1_kartonpiyer_049
19:11:18 | INFO: Blender create Mesh node M1_kartonpiyer_050
19:11:18 | INFO: Blender create Mesh node M1_kartonpiyer_051
19:11:18 | INFO: Blender create Mesh node M1_kartonpiyer_052
19:11:18 | INFO: Blender create Mesh node M1_kartonpiyer_053
19:11:18 | INFO: Blender create Mesh node M1_kartonpiyer_054
19:11:18 | INFO: Blender create Mesh node M1_kartonpiyer_055
19:11:18 | INFO: Blender create Mesh node M1_kartonpiyer_056
19:11:18 | INFO: Blender create Mesh node M1_kartonpiyer_057
19:11:18 | INFO: Blender create Mesh node M1_kartonpiyer_058
19:11:18 | INFO: Blender create Mesh node M1_kartonpiyer_059
19:11:18 | INFO: Blender create Mesh node M1_kartonpiyer_060
19:11:18 | INFO: Blender create Mesh node M1_kartonpiyer_061
19:11:18 | INFO: Blender create Mesh node M1_kartonpiyer_062
19:11:18 | INFO: Blender create Mesh node M1_kartonpiyer_063
19:11:18 | INFO: Blender create Mesh node M1_kartonpiyer_064
19:11:18 | INFO: Blender create Mesh node M1_kartonpiyer_065
19:11:18 | INFO: Blender create Mesh node M1_kartonpiyer_066
19:11:18 | INFO: Blender create Mesh node M1_kartonpiyer_067
19:11:18 | INFO: Blender create Mesh node M1_kartonpiyer_068
19:11:18 | INFO: Blender create Mesh node M1_kartonpiyer_069
19:11:18 | INFO: Blender create Mesh node M1_kartonpiyer_070
19:11:18 | INFO: Blender create Mesh node M1_kartonpiyer_071
19:11:18 | INFO: Blender create Mesh node M1_kartonpiyer_072
19:11:18 | INFO: Blender create Mesh node M1_kartonpiyer_073
19:11:18 | INFO: Blender create Mesh node M1_kartonpiyer_074
19:11:18 | INFO: Blender create Mesh node M1_kartonpiyer_075
19:11:18 | INFO: Blender create Mesh node M1_kartonpiyer_076
19:11:18 | INFO: Blender create Mesh node M1_kartonpiyer_077
19:11:18 | INFO: Blender create Mesh node M1_kartonpiyer_078
19:11:18 | INFO: Blender create Mesh node M1_kartonpiyer_079
19:11:18 | INFO: Blender create Mesh node M1_kartonpiyer_080
19:11:18 | INFO: Blender create Mesh node M1_kartonpiyer_081
19:11:18 | INFO: Blender create Mesh node M1_kartonpiyer_082
19:11:18 | INFO: Blender create Mesh node M1_kartonpiyer_083
19:11:18 | INFO: Blender create Mesh node M1_kartonpiyer_084
19:11:18 | INFO: Blender create Mesh node M1_kartonpiyer_085
19:11:18 | INFO: Blender create Mesh node M1_kartonpiyer_086
19:11:18 | INFO: Blender create Mesh node M1_kartonpiyer_087
19:11:18 | INFO: Blender create Mesh node M1_kartonpiyer_088
19:11:18 | INFO: Blender create Mesh node M1_kartonpiyer_089
19:11:18 | INFO: Blender create Mesh node M1_kartonpiyer_090
19:11:18 | INFO: Blender create Mesh node M1_kartonpiyer_091
19:11:18 | INFO: Blender create Mesh node M1_kartonpiyer_092
19:11:18 | INFO: Blender create Mesh node M1_kartonpiyer_093
19:11:18 | INFO: Blender create Mesh node M1_kartonpiyer_094
19:11:18 | INFO: Blender create Mesh node M1_kartonpiyer_095
19:11:18 | INFO: Blender create Mesh node M1_kartonpiyer_096
19:11:18 | INFO: Blender create Mesh node M1_kartonpiyer_097
19:11:18 | INFO: Blender create Mesh node M1_kartonpiyer_098
19:11:18 | INFO: Blender create Mesh node M1_kartonpiyer_099
19:11:18 | INFO: Blender create Mesh node M1_kartonpiyer_100
19:11:18 | INFO: Blender create Mesh node M1_kartonpiyer_101
19:11:18 | INFO: Blender create Mesh node M1_kartonpiyer_102
19:11:18 | INFO: Blender create Mesh node M1_kartonpiyer_103
19:11:18 | INFO: Blender create Mesh node M1_kartonpiyer_104
19:11:18 | INFO: Blender create Mesh node M1_kartonpiyer_105
19:11:18 | INFO: Blender create Mesh node M1_kartonpiyer_106
19:11:18 | INFO: Blender create Mesh node M1_kartonpiyer_107
19:11:18 | INFO: Blender create Mesh node M1_kartonpiyer_108
19:11:18 | INFO: Blender create Mesh node M1_kartonpiyer_109
19:11:18 | INFO: Blender create Mesh node M1_kartonpiyer_110
19:11:18 | INFO: Blender create Mesh node M1_kartonpiyer_111
19:11:18 | INFO: Blender create Mesh node M1_kartonpiyer_112
19:11:18 | INFO: Blender create Mesh node M1_kartonpiyer_113
19:11:18 | INFO: Blender create Mesh node M1_kartonpiyer_114
19:11:18 | INFO: Blender create Mesh node M1_kartonpiyer_115
19:11:18 | INFO: Blender create Mesh node M1_kartonpiyer_116
19:11:18 | INFO: Blender create Mesh node M1_kartonpiyer_117
19:11:18 | INFO: Blender create Mesh node M1_kartonpiyer_118
19:11:18 | INFO: Blender create Mesh node M1_kartonpiyer_119
19:11:18 | INFO: Blender create Mesh node M1_kartonpiyer_120
19:11:18 | INFO: Blender create Mesh node M1_kartonpiyer_121
19:11:18 | INFO: Blender create Mesh node M1_kartonpiyer_122
19:11:18 | INFO: Blender create Mesh node M1_kartonpiyer_123
19:11:18 | INFO: Blender create Mesh node M1_kartonpiyer_124
19:11:18 | INFO: Blender create Mesh node M1_kartonpiyer_125
19:11:18 | INFO: Blender create Mesh node M1_kartonpiyer_126
19:11:18 | INFO: Blender create Mesh node M1_kartonpiyer_127
19:11:18 | INFO: Blender create Mesh node M1_kartonpiyer_128
19:11:18 | INFO: Blender create Mesh node M1_kartonpiyer_129
19:11:18 | INFO: Blender create Mesh node M1_kartonpiyer_130
19:11:18 | INFO: Blender create Mesh node M1_kartonpiyer_131
19:11:18 | INFO: Blender create Mesh node M1_kartonpiyer_132
19:11:18 | INFO: Blender create Mesh node M1_kartonpiyer_133
19:11:18 | INFO: Blender create Mesh node M1_kartonpiyer_134
19:11:18 | INFO: Blender create Mesh node M1_kartonpiyer_135
19:11:18 | INFO: Blender create Mesh node M1_kartonpiyer_136
19:11:18 | INFO: Blender create Mesh node M1_kartonpiyer_137
19:11:18 | INFO: Blender create Mesh node M1_kartonpiyer_138
19:11:18 | INFO: Blender create Mesh node M1_kartonpiyer_139
19:11:18 | INFO: Blender create Mesh node M1_kartonpiyer_140
19:11:18 | INFO: Blender create Mesh node M1_kartonpiyer_141
19:11:18 | INFO: Blender create Mesh node M1_kartonpiyer_142
19:11:18 | INFO: Blender create Mesh node M1_kartonpiyer_143
19:11:18 | INFO: Blender create Mesh node M1_kartonpiyer_144
19:11:18 | INFO: Blender create Mesh node M1_kartonpiyer_145
19:11:18 | INFO: Blender create Mesh node M1_kartonpiyer_146
19:11:18 | INFO: Blender create Mesh node M1_kartonpiyer_147
19:11:18 | INFO: Blender create Mesh node M1_kartonpiyer_148
19:11:18 | INFO: Blender create Mesh node M1_kartonpiyer_149
19:11:18 | INFO: Blender create Mesh node M1_kartonpiyer_150
19:11:18 | INFO: Blender create Mesh node M1_kartonpiyer_151
19:11:18 | INFO: Blender create Mesh node M1_kartonpiyer_152
19:11:18 | INFO: Blender create Mesh node M1_kartonpiyer_153
19:11:18 | INFO: Blender create Mesh node M1_kartonpiyer_154
19:11:18 | INFO: Blender create Mesh node M1_kartonpiyer_155
19:11:18 | INFO: Blender create Mesh node M1_kartonpiyer_156
19:11:18 | INFO: Blender create Mesh node M1_kartonpiyer_157
19:11:18 | INFO: Blender create Mesh node M1_kartonpiyer_158
19:11:18 | INFO: Blender create Mesh node M1_kartonpiyer_159
19:11:18 | INFO: Blender create Mesh node M1_kartonpiyer_160
19:11:18 | INFO: Blender create Mesh node M1_kartonpiyer_161
19:11:18 | INFO: Blender create Mesh node M1_kartonpiyer_162
19:11:18 | INFO: Blender create Mesh node M1_kartonpiyer_163
19:11:18 | INFO: Blender create Mesh node M1_kartonpiyer_164
19:11:18 | INFO: Blender create Mesh node M1_kartonpiyer_165
19:11:18 | INFO: Blender create Mesh node M1_kartonpiyer_166
19:11:18 | INFO: Blender create Mesh node M1_kartonpiyer_167
19:11:18 | INFO: Blender create Mesh node M1_kartonpiyer_168
19:11:18 | INFO: Blender create Mesh node M1_kartonpiyer_169
19:11:18 | INFO: Blender create Mesh node M1_kartonpiyer_170
19:11:18 | INFO: Blender create Mesh node M1_kartonpiyer_171
19:11:18 | INFO: Blender create Mesh node M1_kartonpiyer_172
19:11:18 | INFO: Blender create Mesh node M1_kartonpiyer_173
19:11:18 | INFO: Blender create Mesh node M1_kartonpiyer_174
19:11:18 | INFO: Blender create Mesh node M1_kartonpiyer_175
19:11:18 | INFO: Blender create Mesh node M1_kartonpiyer_176
19:11:18 | INFO: Blender create Mesh node M1_kartonpiyer_177
19:11:18 | INFO: Blender create Mesh node M1_kartonpiyer_178
19:11:18 | INFO: Blender create Mesh node M1_kartonpiyer_179
19:11:18 | INFO: Blender create Mesh node M1_kartonpiyer_180
19:11:18 | INFO: Blender create Mesh node M1_kartonpiyer_181
19:11:18 | INFO: Blender create Mesh node M1_kartonpiyer_182
19:11:18 | INFO: Blender create Mesh node M1_kartonpiyer_183
19:11:18 | INFO: Blender create Mesh node M1_kartonpiyer_184
19:11:18 | INFO: Blender create Mesh node M1_kartonpiyer_185
19:11:18 | INFO: Blender create Mesh node M1_kartonpiyer_186
19:11:18 | INFO: Blender create Mesh node M1_kartonpiyer_187
19:11:18 | INFO: Blender create Mesh node M1_kartonpiyer_188
19:11:18 | INFO: Blender create Mesh node M1_kartonpiyer_189
19:11:18 | INFO: Blender create Mesh node M1_kartonpiyer_190
19:11:18 | INFO: Blender create Mesh node M1_kartonpiyer_191
19:11:18 | INFO: Blender create Mesh node M1_kartonpiyer_192
19:11:18 | INFO: Blender create Mesh node M1_kartonpiyer_193
19:11:18 | INFO: Blender create Mesh node M1_kartonpiyer_194
19:11:18 | INFO: Blender create Mesh node M1_kartonpiyer_195
19:11:18 | INFO: Blender create Mesh node M1_kartonpiyer_196
19:11:18 | INFO: Blender create Mesh node M1_kartonpiyer_197
19:11:18 | INFO: Blender create Mesh node M1_kartonpiyer_198
19:11:18 | INFO: Blender create Mesh node M1_kartonpiyer_199
19:11:18 | INFO: Blender create Mesh node M1_kartonpiyer_200
19:11:18 | INFO: Blender create Mesh node M1_kartonpiyer_201
19:11:18 | INFO: Blender create Mesh node M1_kartonpiyer_202
19:11:18 | INFO: Blender create Mesh node M1_kartonpiyer_203
19:11:18 | INFO: Blender create Mesh node M1_kartonpiyer_204
19:11:18 | INFO: Blender create Mesh node M1_kartonpiyer_205
19:11:18 | INFO: Blender create Mesh node M1_kartonpiyer_206
19:11:18 | INFO: Blender create Mesh node M1_kartonpiyer_207
19:11:18 | INFO: Blender create Mesh node M1_kartonpiyer_208
19:11:18 | INFO: Blender create Mesh node M1_kartonpiyer_209
19:11:18 | INFO: Blender create Mesh node M1_kartonpiyer_210
19:11:18 | INFO: Blender create Mesh node M1_kartonpiyer_211
19:11:18 | INFO: Blender create Mesh node M1_kartonpiyer_212
19:11:18 | INFO: Blender create Mesh node M1_kartonpiyer_213
19:11:18 | INFO: Blender create Mesh node M1_kartonpiyer_214
19:11:18 | INFO: Blender create Mesh node M1_kartonpiyer_215
19:11:18 | INFO: Blender create Mesh node M1_kartonpiyer_216
19:11:18 | INFO: Blender create Mesh node M1_kartonpiyer_217
19:11:18 | INFO: Blender create Mesh node M1_kartonpiyer_218
19:11:18 | INFO: Blender create Mesh node M1_kartonpiyer_219
19:11:18 | INFO: Blender create Mesh node M1_kartonpiyer_220
19:11:18 | INFO: Blender create Mesh node M1_kartonpiyer_221
19:11:18 | INFO: Blender create Mesh node M1_kartonpiyer_222
19:11:18 | INFO: Blender create Mesh node M1_kartonpiyer_223
19:11:18 | INFO: Blender create Mesh node M1_kartonpiyer_224
19:11:18 | INFO: Blender create Mesh node M1_kartonpiyer_225
19:11:18 | INFO: Blender create Mesh node M1_kartonpiyer_226
19:11:18 | INFO: Blender create Mesh node M1_kartonpiyer_227
19:11:18 | INFO: Blender create Mesh node M1_kartonpiyer_228
19:11:18 | INFO: Blender create Mesh node M1_kartonpiyer_229
19:11:18 | INFO: Blender create Mesh node M1_kartonpiyer_230
19:11:18 | INFO: Blender create Mesh node M1_kartonpiyer_231
19:11:18 | INFO: Blender create Mesh node M1_kartonpiyer_232
19:11:18 | INFO: Blender create Mesh node M1_kartonpiyer_233
19:11:18 | INFO: Blender create Mesh node M1_kartonpiyer_234
19:11:18 | INFO: Blender create Mesh node M1_kartonpiyer_235
19:11:18 | INFO: Blender create Mesh node M1_kartonpiyer_236
19:11:18 | INFO: Blender create Mesh node M1_kartonpiyer_237
19:11:18 | INFO: Blender create Mesh node M1_kartonpiyer_238
19:11:18 | INFO: Blender create Mesh node M1_kartonpiyer_239
19:11:18 | INFO: Blender create Mesh node M1_kartonpiyer_240
19:11:18 | INFO: Blender create Mesh node M1_kartonpiyer_241
19:11:18 | INFO: Blender create Mesh node M1_kartonpiyer_242
19:11:18 | INFO: Blender create Mesh node M1_kartonpiyer_243
19:11:18 | INFO: Blender create Mesh node M1_kartonpiyer_244
19:11:18 | INFO: Blender create Mesh node M1_kartonpiyer_245
19:11:18 | INFO: Blender create Mesh node M1_kartonpiyer_246
19:11:18 | INFO: Blender create Mesh node M1_kartonpiyer_247
19:11:18 | INFO: Blender create Mesh node M1_kartonpiyer_248
19:11:18 | INFO: Blender create Mesh node M1_kartonpiyer_249
19:11:18 | INFO: Blender create Mesh node M1_kartonpiyer_250
19:11:18 | INFO: Blender create Mesh node M1_kartonpiyer_251
19:11:18 | INFO: Blender create Mesh node M1_kartonpiyer_252
19:11:18 | INFO: Blender create Mesh node M1_kartonpiyer_253
19:11:18 | INFO: Blender create Mesh node M1_kartonpiyer_254
19:11:18 | INFO: Blender create Mesh node M1_kartonpiyer_255
19:11:18 | INFO: Blender create Mesh node M1_kartonpiyer_256
19:11:18 | INFO: Blender create Mesh node M1_kartonpiyer_257
19:11:18 | INFO: Blender create Mesh node M1_kartonpiyer_258
19:11:18 | INFO: Blender create Mesh node M1_kartonpiyer_259
19:11:18 | INFO: Blender create Mesh node M1_kartonpiyer_260
19:11:18 | INFO: Blender create Mesh node M1_kartonpiyer_261
19:11:18 | INFO: Blender create Mesh node M1_kartonpiyer_262
19:11:18 | INFO: Blender create Mesh node M1_kartonpiyer_263
19:11:18 | INFO: Blender create Mesh node M1_kartonpiyer_264
19:11:18 | INFO: Blender create Mesh node M1_kartonpiyer_265
19:11:18 | INFO: Blender create Mesh node M1_kartonpiyer_266
19:11:18 | INFO: Blender create Mesh node M1_kartonpiyer_267
19:11:18 | INFO: Blender create Mesh node M1_kartonpiyer_268
19:11:18 | INFO: Blender create Mesh node M1_kartonpiyer_269
19:11:18 | INFO: Blender create Mesh node M1_supurgelik_001
19:11:18 | INFO: Blender create Mesh node M1_supurgelik_002
19:11:18 | INFO: Blender create Mesh node M1_supurgelik_003
19:11:18 | INFO: Blender create Mesh node M1_supurgelik_004
19:11:18 | INFO: Blender create Mesh node M1_supurgelik_005
19:11:18 | INFO: Blender create Mesh node M1_supurgelik_006
19:11:18 | INFO: Blender create Mesh node M1_supurgelik_007
19:11:18 | INFO: Blender create Mesh node M1_supurgelik_008
19:11:18 | INFO: Blender create Mesh node M1_supurgelik_009
19:11:18 | INFO: Blender create Mesh node M1_supurgelik_010
19:11:18 | INFO: Blender create Mesh node M1_supurgelik_011
19:11:18 | INFO: Blender create Mesh node M1_supurgelik_012
19:11:18 | INFO: Blender create Mesh node M1_supurgelik_013
19:11:18 | INFO: Blender create Mesh node M1_supurgelik_014
19:11:18 | INFO: Blender create Mesh node M1_supurgelik_015
19:11:18 | INFO: Blender create Mesh node M1_supurgelik_016
19:11:18 | INFO: Blender create Mesh node M1_supurgelik_017
19:11:18 | INFO: Blender create Mesh node M1_supurgelik_018
19:11:18 | INFO: Blender create Mesh node M1_supurgelik_019
19:11:18 | INFO: Blender create Mesh node M1_supurgelik_020
19:11:18 | INFO: Blender create Mesh node M1_supurgelik_021
19:11:18 | INFO: Blender create Mesh node M1_supurgelik_022
19:11:18 | INFO: Blender create Mesh node M1_supurgelik_023
19:11:18 | INFO: Blender create Mesh node M1_supurgelik_024
19:11:18 | INFO: Blender create Mesh node M1_supurgelik_025
19:11:18 | INFO: Blender create Mesh node M1_supurgelik_026
19:11:18 | INFO: Blender create Mesh node M1_supurgelik_027
19:11:18 | INFO: Blender create Mesh node M1_supurgelik_028
19:11:18 | INFO: Blender create Mesh node M1_supurgelik_029
19:11:18 | INFO: Blender create Mesh node M1_supurgelik_030
19:11:18 | INFO: Blender create Mesh node M1_supurgelik_031
19:11:18 | INFO: Blender create Mesh node M1_supurgelik_032
19:11:18 | INFO: Blender create Mesh node M1_supurgelik_033
19:11:18 | INFO: Blender create Mesh node M1_supurgelik_034
19:11:18 | INFO: Blender create Mesh node M1_supurgelik_035
19:11:18 | INFO: Blender create Mesh node M1_supurgelik_036
19:11:18 | INFO: Blender create Mesh node M1_supurgelik_037
19:11:18 | INFO: Blender create Mesh node M1_supurgelik_038
19:11:18 | INFO: Blender create Mesh node M1_supurgelik_039
19:11:18 | INFO: Blender create Mesh node M1_supurgelik_040
19:11:18 | INFO: Blender create Mesh node M1_supurgelik_041
19:11:18 | INFO: Blender create Mesh node M1_supurgelik_042
19:11:18 | INFO: Blender create Mesh node M1_supurgelik_043
19:11:18 | INFO: Blender create Mesh node M1_supurgelik_044
19:11:18 | INFO: Blender create Mesh node M1_supurgelik_045
19:11:18 | INFO: Blender create Mesh node M1_supurgelik_046
19:11:18 | INFO: Blender create Mesh node M1_supurgelik_047
19:11:18 | INFO: Blender create Mesh node M1_supurgelik_048
19:11:18 | INFO: Blender create Mesh node M1_supurgelik_049
19:11:18 | INFO: Blender create Mesh node M1_supurgelik_050
19:11:18 | INFO: Blender create Mesh node M1_supurgelik_051
19:11:18 | INFO: Blender create Mesh node M1_supurgelik_052
19:11:18 | INFO: Blender create Mesh node M1_supurgelik_053
19:11:18 | INFO: Blender create Mesh node M1_supurgelik_054
19:11:18 | INFO: Blender create Mesh node M1_supurgelik_055
19:11:18 | INFO: Blender create Mesh node M1_supurgelik_056
19:11:18 | INFO: Blender create Mesh node M1_supurgelik_057
19:11:18 | INFO: Blender create Mesh node M1_supurgelik_058
19:11:18 | INFO: Blender create Mesh node M1_supurgelik_059
19:11:18 | INFO: Blender create Mesh node M1_supurgelik_060
19:11:18 | INFO: Blender create Mesh node M1_supurgelik_061
19:11:18 | INFO: Blender create Mesh node M1_supurgelik_062
19:11:18 | INFO: Blender create Mesh node M1_supurgelik_063
19:11:18 | INFO: Blender create Mesh node M1_supurgelik_064
19:11:18 | INFO: Blender create Mesh node M1_supurgelik_065
19:11:18 | INFO: Blender create Mesh node M1_supurgelik_066
19:11:18 | INFO: Blender create Mesh node M1_supurgelik_067
19:11:18 | INFO: Blender create Mesh node M1_supurgelik_068
19:11:18 | INFO: Blender create Mesh node M1_supurgelik_069
19:11:18 | INFO: Blender create Mesh node M1_supurgelik_070
19:11:18 | INFO: Blender create Mesh node M1_supurgelik_071
19:11:18 | INFO: Blender create Mesh node M1_supurgelik_072
19:11:18 | INFO: Blender create Mesh node M1_supurgelik_073
19:11:18 | INFO: Blender create Mesh node M1_supurgelik_074
19:11:18 | INFO: Blender create Mesh node M1_supurgelik_075
19:11:18 | INFO: Blender create Mesh node M1_supurgelik_076
19:11:18 | INFO: Blender create Mesh node M1_supurgelik_077
19:11:18 | INFO: Blender create Mesh node M1_supurgelik_078
19:11:18 | INFO: Blender create Mesh node M1_supurgelik_079
19:11:18 | INFO: Blender create Mesh node M1_supurgelik_080
19:11:18 | INFO: Blender create Mesh node M1_supurgelik_081
19:11:18 | INFO: Blender create Mesh node M1_supurgelik_082
19:11:18 | INFO: Blender create Mesh node M1_supurgelik_083
19:11:18 | INFO: Blender create Mesh node M1_supurgelik_084
19:11:18 | INFO: Blender create Mesh node M1_supurgelik_085
19:11:18 | INFO: Blender create Mesh node M1_supurgelik_086
19:11:18 | INFO: Blender create Mesh node M1_supurgelik_087
19:11:18 | INFO: Blender create Mesh node M1_supurgelik_088
19:11:18 | INFO: Blender create Mesh node M1_supurgelik_089
19:11:18 | INFO: Blender create Mesh node M1_supurgelik_090
19:11:18 | INFO: Blender create Mesh node M1_supurgelik_091
19:11:18 | INFO: Blender create Mesh node M1_supurgelik_092
19:11:18 | INFO: Blender create Mesh node M1_supurgelik_093
19:11:18 | INFO: Blender create Mesh node M1_supurgelik_094
19:11:18 | INFO: Blender create Mesh node M1_supurgelik_095
19:11:18 | INFO: Blender create Mesh node M1_supurgelik_096
19:11:18 | INFO: Blender create Mesh node M1_supurgelik_097
19:11:18 | INFO: Blender create Mesh node M1_supurgelik_098
19:11:18 | INFO: Blender create Mesh node M1_supurgelik_099
19:11:18 | INFO: Blender create Mesh node M1_supurgelik_100
19:11:18 | INFO: Blender create Mesh node M1_supurgelik_101
19:11:18 | INFO: Blender create Mesh node M1_supurgelik_102
19:11:18 | INFO: Blender create Mesh node M1_supurgelik_103
19:11:18 | INFO: Blender create Mesh node M1_supurgelik_104
19:11:18 | INFO: Blender create Mesh node M1_supurgelik_105
19:11:18 | INFO: Blender create Mesh node M1_supurgelik_106
19:11:18 | INFO: Blender create Mesh node M1_supurgelik_107
19:11:18 | INFO: Blender create Mesh node M1_supurgelik_108
19:11:18 | INFO: Blender create Mesh node M1_supurgelik_109
19:11:18 | INFO: Blender create Mesh node M1_supurgelik_110
19:11:18 | INFO: Blender create Mesh node M1_supurgelik_111
19:11:18 | INFO: Blender create Mesh node M1_supurgelik_112
19:11:18 | INFO: Blender create Mesh node M1_supurgelik_113
19:11:18 | INFO: Blender create Mesh node M1_supurgelik_114
19:11:18 | INFO: Blender create Mesh node M1_supurgelik_115
19:11:18 | INFO: Blender create Mesh node M1_supurgelik_116
19:11:18 | INFO: Blender create Mesh node M1_supurgelik_117
19:11:18 | INFO: Blender create Mesh node M1_supurgelik_118
19:11:18 | INFO: Blender create Mesh node M1_supurgelik_119
19:11:18 | INFO: Blender create Mesh node M1_supurgelik_120
19:11:18 | INFO: Blender create Mesh node M1_supurgelik_121
19:11:18 | INFO: Blender create Mesh node M1_supurgelik_122
19:11:18 | INFO: Blender create Mesh node M1_supurgelik_123
19:11:18 | INFO: Blender create Mesh node M1_supurgelik_124
19:11:18 | INFO: Blender create Mesh node M1_supurgelik_125
19:11:18 | INFO: Blender create Mesh node M1_supurgelik_126
19:11:18 | INFO: Blender create Mesh node M1_supurgelik_127
19:11:18 | INFO: Blender create Mesh node M1_supurgelik_128
19:11:18 | INFO: Blender create Mesh node M1_supurgelik_129
19:11:18 | INFO: Blender create Mesh node M1_supurgelik_130
19:11:18 | INFO: Blender create Mesh node M1_supurgelik_131
19:11:18 | INFO: Blender create Mesh node M1_supurgelik_132
19:11:18 | INFO: Blender create Mesh node M1_supurgelik_133
19:11:18 | INFO: Blender create Mesh node M1_supurgelik_134
19:11:18 | INFO: Blender create Mesh node M1_supurgelik_135
19:11:18 | INFO: Blender create Mesh node M1_supurgelik_136
19:11:18 | INFO: Blender create Mesh node M1_supurgelik_137
19:11:18 | INFO: Blender create Mesh node M1_supurgelik_138
19:11:18 | INFO: Blender create Mesh node M1_supurgelik_139
19:11:18 | INFO: Blender create Mesh node M1_supurgelik_140
19:11:18 | INFO: Blender create Mesh node M1_supurgelik_141
19:11:18 | INFO: Blender create Mesh node M1_supurgelik_142
19:11:18 | INFO: Blender create Mesh node M1_supurgelik_143
19:11:18 | INFO: Blender create Mesh node M1_supurgelik_144
19:11:18 | INFO: Blender create Mesh node M1_supurgelik_145
19:11:18 | INFO: Blender create Mesh node M1_supurgelik_146
19:11:18 | INFO: Blender create Mesh node M1_supurgelik_147
19:11:18 | INFO: Blender create Mesh node M1_supurgelik_148
19:11:18 | INFO: Blender create Mesh node M1_supurgelik_149
19:11:18 | INFO: Blender create Mesh node M1_supurgelik_150
19:11:18 | INFO: Blender create Mesh node M1_supurgelik_151
19:11:18 | INFO: Blender create Mesh node M1_supurgelik_152
19:11:18 | INFO: Blender create Mesh node M1_supurgelik_153
19:11:18 | INFO: Blender create Mesh node M1_supurgelik_154
19:11:18 | INFO: Blender create Mesh node M1_supurgelik_155
19:11:18 | INFO: Blender create Mesh node M1_supurgelik_156
19:11:18 | INFO: Blender create Mesh node M1_supurgelik_157
19:11:18 | INFO: Blender create Mesh node M1_supurgelik_158
19:11:18 | INFO: Blender create Mesh node M1_supurgelik_159
19:11:19 | INFO: Blender create Mesh node M1_supurgelik_160
19:11:19 | INFO: Blender create Mesh node M1_supurgelik_161
19:11:19 | INFO: Blender create Mesh node M1_supurgelik_162
19:11:19 | INFO: Blender create Mesh node M1_supurgelik_163
19:11:19 | INFO: Blender create Mesh node M1_supurgelik_164
19:11:19 | INFO: Blender create Mesh node M1_supurgelik_165
19:11:19 | INFO: Blender create Mesh node M1_supurgelik_166
19:11:19 | INFO: Blender create Mesh node M1_supurgelik_167
19:11:19 | INFO: Blender create Mesh node M1_supurgelik_168
19:11:19 | INFO: Blender create Mesh node M1_supurgelik_169
19:11:19 | INFO: Blender create Mesh node M1_supurgelik_170
19:11:19 | INFO: Blender create Mesh node M1_supurgelik_171
19:11:19 | INFO: Blender create Mesh node M1_supurgelik_172
19:11:19 | INFO: Blender create Mesh node M1_supurgelik_173
19:11:19 | INFO: Blender create Mesh node M1_supurgelik_174
19:11:19 | INFO: Blender create Mesh node M1_supurgelik_175
19:11:19 | INFO: Blender create Mesh node M1_supurgelik_176
19:11:19 | INFO: Blender create Mesh node M1_supurgelik_177
19:11:19 | INFO: Blender create Mesh node M1_supurgelik_178
19:11:19 | INFO: Blender create Mesh node M1_supurgelik_179
19:11:19 | INFO: Blender create Mesh node M1_supurgelik_180
19:11:19 | INFO: Blender create Mesh node M1_supurgelik_181
19:11:19 | INFO: Blender create Mesh node M1_supurgelik_182
19:11:19 | INFO: Blender create Mesh node M1_supurgelik_183
19:11:19 | INFO: Blender create Mesh node M1_supurgelik_184
19:11:19 | INFO: Blender create Mesh node M1_supurgelik_185
19:11:19 | INFO: Blender create Mesh node M1_supurgelik_186
19:11:19 | INFO: Blender create Mesh node M1_supurgelik_187
19:11:19 | INFO: Blender create Mesh node M1_supurgelik_188
19:11:19 | INFO: Blender create Mesh node M1_supurgelik_189
19:11:19 | INFO: Blender create Mesh node M1_supurgelik_190
19:11:19 | INFO: Blender create Mesh node M1_supurgelik_191
19:11:19 | INFO: Blender create Mesh node M1_supurgelik_192
19:11:19 | INFO: Blender create Mesh node M1_supurgelik_193
19:11:19 | INFO: Blender create Mesh node M1_supurgelik_194
19:11:19 | INFO: Blender create Mesh node M1_supurgelik_195
19:11:19 | INFO: Blender create Mesh node M1_supurgelik_196
19:11:19 | INFO: Blender create Mesh node M1_supurgelik_197
19:11:19 | INFO: Blender create Mesh node M1_supurgelik_198
19:11:19 | INFO: Blender create Mesh node M1_supurgelik_199
19:11:19 | INFO: Blender create Mesh node M1_supurgelik_200
19:11:19 | INFO: Blender create Mesh node M1_supurgelik_201
19:11:19 | INFO: Blender create Mesh node M1_supurgelik_202
19:11:19 | INFO: Blender create Mesh node M1_supurgelik_203
19:11:19 | INFO: Blender create Mesh node M1_supurgelik_204
19:11:19 | INFO: Blender create Mesh node M1_supurgelik_205
19:11:19 | INFO: Blender create Mesh node M1_supurgelik_206
19:11:19 | INFO: Blender create Mesh node M1_supurgelik_207
19:11:19 | INFO: Blender create Mesh node M1_supurgelik_208
19:11:19 | INFO: Blender create Mesh node M1_supurgelik_209
19:11:19 | INFO: Blender create Mesh node M1_supurgelik_210
19:11:19 | INFO: Blender create Mesh node M1_supurgelik_211
19:11:19 | INFO: Blender create Mesh node M1_supurgelik_212
19:11:19 | INFO: Blender create Mesh node M1_supurgelik_213
19:11:19 | INFO: Blender create Mesh node M1_supurgelik_214
19:11:19 | INFO: Blender create Mesh node M1_supurgelik_215
19:11:19 | INFO: Blender create Mesh node M1_supurgelik_216
19:11:19 | INFO: Blender create Mesh node M1_supurgelik_217
19:11:19 | INFO: Blender create Mesh node M1_supurgelik_218
19:11:19 | INFO: Blender create Mesh node M1_supurgelik_219
19:11:19 | INFO: Blender create Mesh node M1_supurgelik_220
19:11:19 | INFO: Blender create Mesh node M1_supurgelik_221
19:11:19 | INFO: Blender create Mesh node M1_supurgelik_222
19:11:19 | INFO: Blender create Mesh node M1_supurgelik_223
19:11:19 | INFO: Blender create Mesh node M1_supurgelik_224
19:11:19 | INFO: Blender create Mesh node M1_supurgelik_225
19:11:19 | INFO: Blender create Mesh node M1_supurgelik_226
19:11:19 | INFO: Blender create Mesh node M1_supurgelik_227
19:11:19 | INFO: Blender create Mesh node M1_supurgelik_228
19:11:19 | INFO: Blender create Mesh node M1_supurgelik_229
19:11:19 | INFO: Blender create Mesh node M1_supurgelik_230
19:11:19 | INFO: Blender create Mesh node M1_supurgelik_231
19:11:19 | INFO: Blender create Mesh node M1_supurgelik_232
19:11:19 | INFO: Blender create Mesh node M1_supurgelik_233
19:11:19 | INFO: Blender create Mesh node M1_supurgelik_234
19:11:19 | INFO: Blender create Mesh node M1_supurgelik_235
19:11:19 | INFO: Blender create Mesh node M1_supurgelik_236
19:11:19 | INFO: Blender create Mesh node M1_supurgelik_237
19:11:19 | INFO: Blender create Mesh node M1_supurgelik_238
19:11:19 | INFO: Blender create Mesh node M1_supurgelik_239
19:11:19 | INFO: Blender create Mesh node M1_supurgelik_240
19:11:19 | INFO: Blender create Mesh node M1_supurgelik_241
19:11:19 | INFO: Blender create Mesh node M1_supurgelik_242
19:11:19 | INFO: Blender create Mesh node M1_supurgelik_243
19:11:19 | INFO: Blender create Mesh node M1_supurgelik_244
19:11:19 | INFO: Blender create Mesh node M1_supurgelik_245
19:11:19 | INFO: Blender create Mesh node M1_supurgelik_246
19:11:19 | INFO: Blender create Mesh node M1_supurgelik_247
19:11:19 | INFO: Blender create Mesh node M1_supurgelik_248
19:11:19 | INFO: Blender create Mesh node M1_supurgelik_249
19:11:19 | INFO: Blender create Mesh node M1_supurgelik_250
19:11:19 | INFO: Blender create Mesh node M1_supurgelik_251
19:11:19 | INFO: Blender create Mesh node M1_supurgelik_252
19:11:19 | INFO: Blender create Mesh node M1_supurgelik_253
19:11:19 | INFO: Blender create Mesh node M1_supurgelik_254
19:11:19 | INFO: Blender create Mesh node M1_supurgelik_255
19:11:19 | INFO: Blender create Mesh node M1_supurgelik_256
19:11:19 | INFO: Blender create Mesh node M1_supurgelik_257
19:11:19 | INFO: Blender create Mesh node M1_supurgelik_258
19:11:19 | INFO: Blender create Mesh node M1_supurgelik_259
19:11:19 | INFO: Blender create Mesh node M1_supurgelik_260
19:11:19 | INFO: Blender create Mesh node M1_supurgelik_261
19:11:19 | INFO: Blender create Mesh node M1_supurgelik_262
19:11:19 | INFO: Blender create Mesh node M1_supurgelik_263
19:11:19 | INFO: Blender create Mesh node M1_supurgelik_264
19:11:19 | INFO: Blender create Mesh node M1_supurgelik_265
19:11:19 | INFO: Blender create Mesh node M1_supurgelik_266
19:11:19 | INFO: Blender create Mesh node M1_supurgelik_267
19:11:19 | INFO: Blender create Mesh node M1_supurgelik_268
19:11:19 | INFO: Blender create Mesh node M1_supurgelik_269
19:11:19 | INFO: Blender create Mesh node M1_supurgelik_270
19:11:19 | INFO: Blender create Mesh node M1_supurgelik_271
19:11:19 | INFO: Blender create Mesh node M1_supurgelik_272
19:11:19 | INFO: Blender create Mesh node M1_supurgelik_273
19:11:19 | INFO: Blender create Mesh node M1_supurgelik_274
19:11:19 | INFO: Blender create Mesh node M1_supurgelik_275
19:11:19 | INFO: Blender create Mesh node M1_supurgelik_276
19:11:19 | INFO: Blender create Mesh node M1_supurgelik_277
19:11:19 | INFO: Blender create Mesh node M1_supurgelik_278
19:11:19 | INFO: Blender create Mesh node M1_supurgelik_279
19:11:19 | INFO: Blender create Mesh node M1_supurgelik_280
19:11:19 | INFO: Blender create Mesh node M1_supurgelik_281
19:11:19 | INFO: Blender create Mesh node M1_supurgelik_282
19:11:19 | INFO: Blender create Mesh node M1_supurgelik_283
19:11:19 | INFO: Blender create Mesh node M1_supurgelik_284
19:11:19 | INFO: Blender create Mesh node M1_supurgelik_285
19:11:19 | INFO: Blender create Mesh node M1_supurgelik_286
19:11:19 | INFO: Blender create Mesh node M1_supurgelik_287
19:11:19 | INFO: Blender create Mesh node M1_supurgelik_288
19:11:19 | INFO: Blender create Mesh node M1_supurgelik_289
19:11:19 | INFO: Blender create Mesh node M1_supurgelik_290
19:11:19 | INFO: Blender create Mesh node M1_supurgelik_291
19:11:19 | INFO: Blender create Mesh node M1_supurgelik_292
19:11:19 | INFO: Blender create Mesh node M1_supurgelik_293
19:11:19 | INFO: Blender create Mesh node M1_supurgelik_294
19:11:19 | INFO: Blender create Mesh node M2_K0_0_basamak.009
19:11:19 | INFO: Blender create Mesh node M2_K0_0_basamak.010
19:11:19 | INFO: Blender create Mesh node M2_K0_0_basamak.011
19:11:19 | INFO: Blender create Mesh node M2_K0_0_basamak.012
19:11:19 | INFO: Blender create Mesh node M2_K0_0_basamak.013
19:11:19 | INFO: Blender create Mesh node M2_K0_0_basamak.014
19:11:19 | INFO: Blender create Mesh node M2_K0_0_basamak.015
19:11:19 | INFO: Blender create Mesh node M2_K0_0_basamak.016
19:11:19 | INFO: Blender create Mesh node M2_K0_0_basamak.017
19:11:19 | INFO: Blender create Mesh node M2_K0_0_beyaz_altyapi.001
19:11:19 | INFO: Blender create Mesh node M2_K0_0_korkuluk_ayak.002
19:11:19 | INFO: Blender create Mesh node M2_K0_0_korkuluk_ayak.003
19:11:19 | INFO: Blender create Mesh node M2_K0_0_korkuluk_ayak.005
19:11:19 | INFO: Blender create Mesh node M2_K0_0_korkuluk_C_surgun.016
19:11:19 | INFO: Blender create Mesh node M2_K0_0_korkuluk_C_surgun.017
19:11:19 | INFO: Blender create Mesh node M2_K0_0_korkuluk_C_surgun.018
19:11:19 | INFO: Blender create Mesh node M2_K0_0_korkuluk_C_surgun.019
19:11:19 | INFO: Blender create Mesh node M2_K0_0_korkuluk_C_surgun.020
19:11:19 | INFO: Blender create Mesh node M2_K0_0_korkuluk_C_surgun.021
19:11:19 | INFO: Blender create Mesh node M2_K0_0_korkuluk_C_surgun.022
19:11:19 | INFO: Blender create Mesh node M2_K0_0_korkuluk_C_surgun.023
19:11:19 | INFO: Blender create Mesh node M2_K0_0_korkuluk_C_surgun.024
19:11:19 | INFO: Blender create Mesh node M2_K0_0_korkuluk_C_surgun.025
19:11:19 | INFO: Blender create Mesh node M2_K0_0_korkuluk_C_surgun.026
19:11:19 | INFO: Blender create Mesh node M2_K0_0_korkuluk_C_surgun.027
19:11:19 | INFO: Blender create Mesh node M2_K0_0_korkuluk_C_surgun.028
19:11:19 | INFO: Blender create Mesh node M2_K0_0_korkuluk_C_surgun.029
19:11:19 | INFO: Blender create Mesh node M2_K0_0_korkuluk_C_surgun.030
19:11:19 | INFO: Blender create Mesh node M2_K0_0_korkuluk_C_surgun.031
19:11:19 | INFO: Blender create Mesh node M2_K0_0_korkuluk_cerceve.002
19:11:19 | INFO: Blender create Mesh node M2_K0_0_korkuluk_cerceve.003
19:11:19 | INFO: Blender create Mesh node M2_K0_0_korkuluk_dikme.002
19:11:19 | INFO: Blender create Mesh node M2_K0_0_korkuluk_dikme.003
19:11:19 | INFO: Blender create Mesh node M2_K0_0_korkuluk_dikme.005
19:11:19 | INFO: Blender create Mesh node M2_K0_0_korkuluk_kupeste.001
19:11:19 | INFO: Blender create Mesh node M2_K0_0_korkuluk_S_ana.016
19:11:19 | INFO: Blender create Mesh node M2_K0_0_korkuluk_S_ana.017
19:11:19 | INFO: Blender create Mesh node M2_K0_0_korkuluk_S_ana.018
19:11:19 | INFO: Blender create Mesh node M2_K0_0_korkuluk_S_ana.019
19:11:19 | INFO: Blender create Mesh node M2_K0_0_korkuluk_S_ana.020
19:11:19 | INFO: Blender create Mesh node M2_K0_0_korkuluk_S_ana.021
19:11:19 | INFO: Blender create Mesh node M2_K0_0_korkuluk_S_ana.022
19:11:19 | INFO: Blender create Mesh node M2_K0_0_korkuluk_S_ana.023
19:11:19 | INFO: Blender create Mesh node M2_K0_0_korkuluk_S_ana.024
19:11:19 | INFO: Blender create Mesh node M2_K0_0_korkuluk_S_ana.025
19:11:19 | INFO: Blender create Mesh node M2_K0_0_korkuluk_S_ana.026
19:11:19 | INFO: Blender create Mesh node M2_K0_0_korkuluk_S_ana.027
19:11:19 | INFO: Blender create Mesh node M2_K0_0_korkuluk_S_ana.028
19:11:19 | INFO: Blender create Mesh node M2_K0_0_korkuluk_S_ana.029
19:11:19 | INFO: Blender create Mesh node M2_K0_0_korkuluk_S_ana.030
19:11:19 | INFO: Blender create Mesh node M2_K0_0_korkuluk_S_ana.031
19:11:19 | INFO: Blender create Mesh node M2_K0_0_riht.009
19:11:19 | INFO: Blender create Mesh node M2_K0_0_riht.010
19:11:19 | INFO: Blender create Mesh node M2_K0_0_riht.011
19:11:19 | INFO: Blender create Mesh node M2_K0_0_riht.012
19:11:19 | INFO: Blender create Mesh node M2_K0_0_riht.013
19:11:19 | INFO: Blender create Mesh node M2_K0_0_riht.014
19:11:19 | INFO: Blender create Mesh node M2_K0_0_riht.015
19:11:19 | INFO: Blender create Mesh node M2_K0_0_riht.016
19:11:19 | INFO: Blender create Mesh node M2_K0_0_riht.017
19:11:19 | INFO: Blender create Mesh node M2_K0_1_basamak.009
19:11:19 | INFO: Blender create Mesh node M2_K0_1_basamak.010
19:11:19 | INFO: Blender create Mesh node M2_K0_1_basamak.011
19:11:19 | INFO: Blender create Mesh node M2_K0_1_basamak.012
19:11:19 | INFO: Blender create Mesh node M2_K0_1_basamak.013
19:11:19 | INFO: Blender create Mesh node M2_K0_1_basamak.014
19:11:19 | INFO: Blender create Mesh node M2_K0_1_basamak.015
19:11:19 | INFO: Blender create Mesh node M2_K0_1_basamak.016
19:11:19 | INFO: Blender create Mesh node M2_K0_1_basamak.017
19:11:19 | INFO: Blender create Mesh node M2_K0_1_beyaz_altyapi.001
19:11:19 | INFO: Blender create Mesh node M2_K0_1_korkuluk_ayak.002
19:11:19 | INFO: Blender create Mesh node M2_K0_1_korkuluk_ayak.003
19:11:19 | INFO: Blender create Mesh node M2_K0_1_korkuluk_ayak.005
19:11:19 | INFO: Blender create Mesh node M2_K0_1_korkuluk_C_surgun.016
19:11:19 | INFO: Blender create Mesh node M2_K0_1_korkuluk_C_surgun.017
19:11:19 | INFO: Blender create Mesh node M2_K0_1_korkuluk_C_surgun.018
19:11:19 | INFO: Blender create Mesh node M2_K0_1_korkuluk_C_surgun.019
19:11:19 | INFO: Blender create Mesh node M2_K0_1_korkuluk_C_surgun.020
19:11:19 | INFO: Blender create Mesh node M2_K0_1_korkuluk_C_surgun.021
19:11:19 | INFO: Blender create Mesh node M2_K0_1_korkuluk_C_surgun.022
19:11:19 | INFO: Blender create Mesh node M2_K0_1_korkuluk_C_surgun.023
19:11:19 | INFO: Blender create Mesh node M2_K0_1_korkuluk_C_surgun.024
19:11:19 | INFO: Blender create Mesh node M2_K0_1_korkuluk_C_surgun.025
19:11:19 | INFO: Blender create Mesh node M2_K0_1_korkuluk_C_surgun.026
19:11:19 | INFO: Blender create Mesh node M2_K0_1_korkuluk_C_surgun.027
19:11:19 | INFO: Blender create Mesh node M2_K0_1_korkuluk_C_surgun.028
19:11:19 | INFO: Blender create Mesh node M2_K0_1_korkuluk_C_surgun.029
19:11:19 | INFO: Blender create Mesh node M2_K0_1_korkuluk_C_surgun.030
19:11:19 | INFO: Blender create Mesh node M2_K0_1_korkuluk_C_surgun.031
19:11:19 | INFO: Blender create Mesh node M2_K0_1_korkuluk_cerceve.002
19:11:19 | INFO: Blender create Mesh node M2_K0_1_korkuluk_cerceve.003
19:11:19 | INFO: Blender create Mesh node M2_K0_1_korkuluk_dikme.002
19:11:19 | INFO: Blender create Mesh node M2_K0_1_korkuluk_dikme.003
19:11:19 | INFO: Blender create Mesh node M2_K0_1_korkuluk_dikme.005
19:11:19 | INFO: Blender create Mesh node M2_K0_1_korkuluk_kupeste.001
19:11:19 | INFO: Blender create Mesh node M2_K0_1_korkuluk_S_ana.016
19:11:19 | INFO: Blender create Mesh node M2_K0_1_korkuluk_S_ana.017
19:11:19 | INFO: Blender create Mesh node M2_K0_1_korkuluk_S_ana.018
19:11:19 | INFO: Blender create Mesh node M2_K0_1_korkuluk_S_ana.019
19:11:19 | INFO: Blender create Mesh node M2_K0_1_korkuluk_S_ana.020
19:11:19 | INFO: Blender create Mesh node M2_K0_1_korkuluk_S_ana.021
19:11:19 | INFO: Blender create Mesh node M2_K0_1_korkuluk_S_ana.022
19:11:19 | INFO: Blender create Mesh node M2_K0_1_korkuluk_S_ana.023
19:11:19 | INFO: Blender create Mesh node M2_K0_1_korkuluk_S_ana.024
19:11:19 | INFO: Blender create Mesh node M2_K0_1_korkuluk_S_ana.025
19:11:19 | INFO: Blender create Mesh node M2_K0_1_korkuluk_S_ana.026
19:11:19 | INFO: Blender create Mesh node M2_K0_1_korkuluk_S_ana.027
19:11:19 | INFO: Blender create Mesh node M2_K0_1_korkuluk_S_ana.028
19:11:19 | INFO: Blender create Mesh node M2_K0_1_korkuluk_S_ana.029
19:11:19 | INFO: Blender create Mesh node M2_K0_1_korkuluk_S_ana.030
19:11:19 | INFO: Blender create Mesh node M2_K0_1_korkuluk_S_ana.031
19:11:19 | INFO: Blender create Mesh node M2_K0_1_riht.009
19:11:19 | INFO: Blender create Mesh node M2_K0_1_riht.010
19:11:19 | INFO: Blender create Mesh node M2_K0_1_riht.011
19:11:19 | INFO: Blender create Mesh node M2_K0_1_riht.012
19:11:19 | INFO: Blender create Mesh node M2_K0_1_riht.013
19:11:19 | INFO: Blender create Mesh node M2_K0_1_riht.014
19:11:19 | INFO: Blender create Mesh node M2_K0_1_riht.015
19:11:19 | INFO: Blender create Mesh node M2_K0_1_riht.016
19:11:19 | INFO: Blender create Mesh node M2_K0_1_riht.017
19:11:19 | INFO: Blender create Mesh node M2_K0_bosluk_korkuluk_0_ayak.002
19:11:19 | INFO: Blender create Mesh node M2_K0_bosluk_korkuluk_0_ayak.003
19:11:19 | INFO: Blender create Mesh node M2_K0_bosluk_korkuluk_0_C_surgun.020
19:11:19 | INFO: Blender create Mesh node M2_K0_bosluk_korkuluk_0_C_surgun.021
19:11:19 | INFO: Blender create Mesh node M2_K0_bosluk_korkuluk_0_C_surgun.022
19:11:19 | INFO: Blender create Mesh node M2_K0_bosluk_korkuluk_0_C_surgun.023
19:11:19 | INFO: Blender create Mesh node M2_K0_bosluk_korkuluk_0_C_surgun.024
19:11:19 | INFO: Blender create Mesh node M2_K0_bosluk_korkuluk_0_C_surgun.025
19:11:19 | INFO: Blender create Mesh node M2_K0_bosluk_korkuluk_0_C_surgun.026
19:11:19 | INFO: Blender create Mesh node M2_K0_bosluk_korkuluk_0_C_surgun.027
19:11:19 | INFO: Blender create Mesh node M2_K0_bosluk_korkuluk_0_C_surgun.028
19:11:19 | INFO: Blender create Mesh node M2_K0_bosluk_korkuluk_0_C_surgun.029
19:11:19 | INFO: Blender create Mesh node M2_K0_bosluk_korkuluk_0_C_surgun.030
19:11:19 | INFO: Blender create Mesh node M2_K0_bosluk_korkuluk_0_C_surgun.031
19:11:19 | INFO: Blender create Mesh node M2_K0_bosluk_korkuluk_0_C_surgun.032
19:11:19 | INFO: Blender create Mesh node M2_K0_bosluk_korkuluk_0_C_surgun.033
19:11:19 | INFO: Blender create Mesh node M2_K0_bosluk_korkuluk_0_C_surgun.034
19:11:19 | INFO: Blender create Mesh node M2_K0_bosluk_korkuluk_0_C_surgun.035
19:11:19 | INFO: Blender create Mesh node M2_K0_bosluk_korkuluk_0_C_surgun.036
19:11:19 | INFO: Blender create Mesh node M2_K0_bosluk_korkuluk_0_C_surgun.037
19:11:19 | INFO: Blender create Mesh node M2_K0_bosluk_korkuluk_0_C_surgun.038
19:11:19 | INFO: Blender create Mesh node M2_K0_bosluk_korkuluk_0_C_surgun.039
19:11:19 | INFO: Blender create Mesh node M2_K0_bosluk_korkuluk_0_cerceve.002
19:11:19 | INFO: Blender create Mesh node M2_K0_bosluk_korkuluk_0_cerceve.003
19:11:19 | INFO: Blender create Mesh node M2_K0_bosluk_korkuluk_0_dikme.002
19:11:19 | INFO: Blender create Mesh node M2_K0_bosluk_korkuluk_0_dikme.003
19:11:19 | INFO: Blender create Mesh node M2_K0_bosluk_korkuluk_0_kucuk_C_bordur.034
19:11:19 | INFO: Blender create Mesh node M2_K0_bosluk_korkuluk_0_kucuk_C_bordur.035
19:11:19 | INFO: Blender create Mesh node M2_K0_bosluk_korkuluk_0_kucuk_C_bordur.036
19:11:19 | INFO: Blender create Mesh node M2_K0_bosluk_korkuluk_0_kucuk_C_bordur.037
19:11:19 | INFO: Blender create Mesh node M2_K0_bosluk_korkuluk_0_kucuk_C_bordur.038
19:11:19 | INFO: Blender create Mesh node M2_K0_bosluk_korkuluk_0_kucuk_C_bordur.039
19:11:19 | INFO: Blender create Mesh node M2_K0_bosluk_korkuluk_0_kucuk_C_bordur.040
19:11:19 | INFO: Blender create Mesh node M2_K0_bosluk_korkuluk_0_kucuk_C_bordur.041
19:11:19 | INFO: Blender create Mesh node M2_K0_bosluk_korkuluk_0_kucuk_C_bordur.042
19:11:19 | INFO: Blender create Mesh node M2_K0_bosluk_korkuluk_0_kucuk_C_bordur.043
19:11:19 | INFO: Blender create Mesh node M2_K0_bosluk_korkuluk_0_kucuk_C_bordur.044
19:11:19 | INFO: Blender create Mesh node M2_K0_bosluk_korkuluk_0_kucuk_C_bordur.045
19:11:19 | INFO: Blender create Mesh node M2_K0_bosluk_korkuluk_0_kucuk_C_bordur.046
19:11:19 | INFO: Blender create Mesh node M2_K0_bosluk_korkuluk_0_kucuk_C_bordur.047
19:11:19 | INFO: Blender create Mesh node M2_K0_bosluk_korkuluk_0_kucuk_C_bordur.048
19:11:19 | INFO: Blender create Mesh node M2_K0_bosluk_korkuluk_0_kucuk_C_bordur.049
19:11:19 | INFO: Blender create Mesh node M2_K0_bosluk_korkuluk_0_kucuk_C_bordur.050
19:11:19 | INFO: Blender create Mesh node M2_K0_bosluk_korkuluk_0_kucuk_C_bordur.051
19:11:19 | INFO: Blender create Mesh node M2_K0_bosluk_korkuluk_0_kucuk_C_bordur.052
19:11:19 | INFO: Blender create Mesh node M2_K0_bosluk_korkuluk_0_kucuk_C_bordur.053
19:11:19 | INFO: Blender create Mesh node M2_K0_bosluk_korkuluk_0_kucuk_C_bordur.054
19:11:19 | INFO: Blender create Mesh node M2_K0_bosluk_korkuluk_0_kucuk_C_bordur.055
19:11:19 | INFO: Blender create Mesh node M2_K0_bosluk_korkuluk_0_kucuk_C_bordur.056
19:11:19 | INFO: Blender create Mesh node M2_K0_bosluk_korkuluk_0_kucuk_C_bordur.057
19:11:19 | INFO: Blender create Mesh node M2_K0_bosluk_korkuluk_0_kucuk_C_bordur.058
19:11:19 | INFO: Blender create Mesh node M2_K0_bosluk_korkuluk_0_kucuk_C_bordur.059
19:11:19 | INFO: Blender create Mesh node M2_K0_bosluk_korkuluk_0_kucuk_C_bordur.060
19:11:19 | INFO: Blender create Mesh node M2_K0_bosluk_korkuluk_0_kucuk_C_bordur.061
19:11:19 | INFO: Blender create Mesh node M2_K0_bosluk_korkuluk_0_kucuk_C_bordur.062
19:11:19 | INFO: Blender create Mesh node M2_K0_bosluk_korkuluk_0_kucuk_C_bordur.063
19:11:19 | INFO: Blender create Mesh node M2_K0_bosluk_korkuluk_0_kucuk_C_bordur.064
19:11:19 | INFO: Blender create Mesh node M2_K0_bosluk_korkuluk_0_kucuk_C_bordur.065
19:11:19 | INFO: Blender create Mesh node M2_K0_bosluk_korkuluk_0_kucuk_C_bordur.066
19:11:19 | INFO: Blender create Mesh node M2_K0_bosluk_korkuluk_0_kucuk_C_bordur.067
19:11:19 | INFO: Blender create Mesh node M2_K0_bosluk_korkuluk_0_kupeste.001
19:11:19 | INFO: Blender create Mesh node M2_K0_bosluk_korkuluk_0_S_ana.010
19:11:19 | INFO: Blender create Mesh node M2_K0_bosluk_korkuluk_0_S_ana.011
19:11:19 | INFO: Blender create Mesh node M2_K0_bosluk_korkuluk_0_S_ana.012
19:11:19 | INFO: Blender create Mesh node M2_K0_bosluk_korkuluk_0_S_ana.013
19:11:19 | INFO: Blender create Mesh node M2_K0_bosluk_korkuluk_0_S_ana.014
19:11:19 | INFO: Blender create Mesh node M2_K0_bosluk_korkuluk_0_S_ana.015
19:11:19 | INFO: Blender create Mesh node M2_K0_bosluk_korkuluk_0_S_ana.016
19:11:19 | INFO: Blender create Mesh node M2_K0_bosluk_korkuluk_0_S_ana.017
19:11:19 | INFO: Blender create Mesh node M2_K0_bosluk_korkuluk_0_S_ana.018
19:11:19 | INFO: Blender create Mesh node M2_K0_bosluk_korkuluk_0_S_ana.019
19:11:19 | INFO: Blender create Mesh node M2_K0_sahanlik.001
19:11:19 | INFO: Blender create Mesh node M2_K0_sahanlik_alti.001
19:11:19 | INFO: Blender create Mesh node M2_K1_0_basamak.010
19:11:19 | INFO: Blender create Mesh node M2_K1_0_basamak.011
19:11:19 | INFO: Blender create Mesh node M2_K1_0_basamak.012
19:11:19 | INFO: Blender create Mesh node M2_K1_0_basamak.013
19:11:19 | INFO: Blender create Mesh node M2_K1_0_basamak.014
19:11:19 | INFO: Blender create Mesh node M2_K1_0_basamak.015
19:11:19 | INFO: Blender create Mesh node M2_K1_0_basamak.016
19:11:19 | INFO: Blender create Mesh node M2_K1_0_basamak.017
19:11:19 | INFO: Blender create Mesh node M2_K1_0_basamak.018
19:11:19 | INFO: Blender create Mesh node M2_K1_0_basamak.019
19:11:19 | INFO: Blender create Mesh node M2_K1_0_beyaz_altyapi.001
19:11:19 | INFO: Blender create Mesh node M2_K1_0_korkuluk_ayak.002
19:11:19 | INFO: Blender create Mesh node M2_K1_0_korkuluk_ayak.003
19:11:19 | INFO: Blender create Mesh node M2_K1_0_korkuluk_ayak.005
19:11:19 | INFO: Blender create Mesh node M2_K1_0_korkuluk_C_surgun.024
19:11:19 | INFO: Blender create Mesh node M2_K1_0_korkuluk_C_surgun.025
19:11:19 | INFO: Blender create Mesh node M2_K1_0_korkuluk_C_surgun.026
19:11:19 | INFO: Blender create Mesh node M2_K1_0_korkuluk_C_surgun.027
19:11:19 | INFO: Blender create Mesh node M2_K1_0_korkuluk_C_surgun.028
19:11:19 | INFO: Blender create Mesh node M2_K1_0_korkuluk_C_surgun.029
19:11:19 | INFO: Blender create Mesh node M2_K1_0_korkuluk_C_surgun.030
19:11:19 | INFO: Blender create Mesh node M2_K1_0_korkuluk_C_surgun.031
19:11:19 | INFO: Blender create Mesh node M2_K1_0_korkuluk_C_surgun.032
19:11:19 | INFO: Blender create Mesh node M2_K1_0_korkuluk_C_surgun.033
19:11:19 | INFO: Blender create Mesh node M2_K1_0_korkuluk_C_surgun.034
19:11:19 | INFO: Blender create Mesh node M2_K1_0_korkuluk_C_surgun.035
19:11:19 | INFO: Blender create Mesh node M2_K1_0_korkuluk_C_surgun.036
19:11:19 | INFO: Blender create Mesh node M2_K1_0_korkuluk_C_surgun.037
19:11:19 | INFO: Blender create Mesh node M2_K1_0_korkuluk_C_surgun.038
19:11:19 | INFO: Blender create Mesh node M2_K1_0_korkuluk_C_surgun.039
19:11:19 | INFO: Blender create Mesh node M2_K1_0_korkuluk_C_surgun.040
19:11:19 | INFO: Blender create Mesh node M2_K1_0_korkuluk_C_surgun.041
19:11:19 | INFO: Blender create Mesh node M2_K1_0_korkuluk_C_surgun.042
19:11:19 | INFO: Blender create Mesh node M2_K1_0_korkuluk_C_surgun.043
19:11:19 | INFO: Blender create Mesh node M2_K1_0_korkuluk_C_surgun.044
19:11:19 | INFO: Blender create Mesh node M2_K1_0_korkuluk_C_surgun.045
19:11:19 | INFO: Blender create Mesh node M2_K1_0_korkuluk_C_surgun.046
19:11:19 | INFO: Blender create Mesh node M2_K1_0_korkuluk_C_surgun.047
19:11:19 | INFO: Blender create Mesh node M2_K1_0_korkuluk_cerceve.002
19:11:19 | INFO: Blender create Mesh node M2_K1_0_korkuluk_cerceve.003
19:11:19 | INFO: Blender create Mesh node M2_K1_0_korkuluk_dikme.002
19:11:19 | INFO: Blender create Mesh node M2_K1_0_korkuluk_dikme.003
19:11:19 | INFO: Blender create Mesh node M2_K1_0_korkuluk_dikme.005
19:11:19 | INFO: Blender create Mesh node M2_K1_0_korkuluk_kucuk_C_bordur.042
19:11:19 | INFO: Blender create Mesh node M2_K1_0_korkuluk_kucuk_C_bordur.043
19:11:19 | INFO: Blender create Mesh node M2_K1_0_korkuluk_kucuk_C_bordur.044
19:11:19 | INFO: Blender create Mesh node M2_K1_0_korkuluk_kucuk_C_bordur.045
19:11:19 | INFO: Blender create Mesh node M2_K1_0_korkuluk_kucuk_C_bordur.046
19:11:19 | INFO: Blender create Mesh node M2_K1_0_korkuluk_kucuk_C_bordur.047
19:11:19 | INFO: Blender create Mesh node M2_K1_0_korkuluk_kucuk_C_bordur.048
19:11:19 | INFO: Blender create Mesh node M2_K1_0_korkuluk_kucuk_C_bordur.049
19:11:19 | INFO: Blender create Mesh node M2_K1_0_korkuluk_kucuk_C_bordur.050
19:11:19 | INFO: Blender create Mesh node M2_K1_0_korkuluk_kucuk_C_bordur.051
19:11:19 | INFO: Blender create Mesh node M2_K1_0_korkuluk_kucuk_C_bordur.052
19:11:19 | INFO: Blender create Mesh node M2_K1_0_korkuluk_kucuk_C_bordur.053
19:11:19 | INFO: Blender create Mesh node M2_K1_0_korkuluk_kucuk_C_bordur.054
19:11:19 | INFO: Blender create Mesh node M2_K1_0_korkuluk_kucuk_C_bordur.055
19:11:19 | INFO: Blender create Mesh node M2_K1_0_korkuluk_kucuk_C_bordur.056
19:11:19 | INFO: Blender create Mesh node M2_K1_0_korkuluk_kucuk_C_bordur.057
19:11:19 | INFO: Blender create Mesh node M2_K1_0_korkuluk_kucuk_C_bordur.058
19:11:19 | INFO: Blender create Mesh node M2_K1_0_korkuluk_kucuk_C_bordur.059
19:11:19 | INFO: Blender create Mesh node M2_K1_0_korkuluk_kucuk_C_bordur.060
19:11:19 | INFO: Blender create Mesh node M2_K1_0_korkuluk_kucuk_C_bordur.061
19:11:19 | INFO: Blender create Mesh node M2_K1_0_korkuluk_kucuk_C_bordur.062
19:11:19 | INFO: Blender create Mesh node M2_K1_0_korkuluk_kucuk_C_bordur.063
19:11:19 | INFO: Blender create Mesh node M2_K1_0_korkuluk_kucuk_C_bordur.064
19:11:19 | INFO: Blender create Mesh node M2_K1_0_korkuluk_kucuk_C_bordur.065
19:11:19 | INFO: Blender create Mesh node M2_K1_0_korkuluk_kucuk_C_bordur.066
19:11:19 | INFO: Blender create Mesh node M2_K1_0_korkuluk_kucuk_C_bordur.067
19:11:19 | INFO: Blender create Mesh node M2_K1_0_korkuluk_kucuk_C_bordur.068
19:11:19 | INFO: Blender create Mesh node M2_K1_0_korkuluk_kucuk_C_bordur.069
19:11:19 | INFO: Blender create Mesh node M2_K1_0_korkuluk_kucuk_C_bordur.070
19:11:19 | INFO: Blender create Mesh node M2_K1_0_korkuluk_kucuk_C_bordur.071
19:11:19 | INFO: Blender create Mesh node M2_K1_0_korkuluk_kucuk_C_bordur.072
19:11:19 | INFO: Blender create Mesh node M2_K1_0_korkuluk_kucuk_C_bordur.073
19:11:19 | INFO: Blender create Mesh node M2_K1_0_korkuluk_kucuk_C_bordur.074
19:11:19 | INFO: Blender create Mesh node M2_K1_0_korkuluk_kucuk_C_bordur.075
19:11:19 | INFO: Blender create Mesh node M2_K1_0_korkuluk_kucuk_C_bordur.076
19:11:19 | INFO: Blender create Mesh node M2_K1_0_korkuluk_kucuk_C_bordur.077
19:11:19 | INFO: Blender create Mesh node M2_K1_0_korkuluk_kucuk_C_bordur.078
19:11:19 | INFO: Blender create Mesh node M2_K1_0_korkuluk_kucuk_C_bordur.079
19:11:19 | INFO: Blender create Mesh node M2_K1_0_korkuluk_kucuk_C_bordur.080
19:11:19 | INFO: Blender create Mesh node M2_K1_0_korkuluk_kucuk_C_bordur.081
19:11:19 | INFO: Blender create Mesh node M2_K1_0_korkuluk_kucuk_C_bordur.082
19:11:19 | INFO: Blender create Mesh node M2_K1_0_korkuluk_kucuk_C_bordur.083
19:11:19 | INFO: Blender create Mesh node M2_K1_0_korkuluk_kupeste.001
19:11:19 | INFO: Blender create Mesh node M2_K1_0_korkuluk_S_ana.012
19:11:19 | INFO: Blender create Mesh node M2_K1_0_korkuluk_S_ana.013
19:11:19 | INFO: Blender create Mesh node M2_K1_0_korkuluk_S_ana.014
19:11:19 | INFO: Blender create Mesh node M2_K1_0_korkuluk_S_ana.015
19:11:19 | INFO: Blender create Mesh node M2_K1_0_korkuluk_S_ana.016
19:11:19 | INFO: Blender create Mesh node M2_K1_0_korkuluk_S_ana.017
19:11:19 | INFO: Blender create Mesh node M2_K1_0_korkuluk_S_ana.018
19:11:19 | INFO: Blender create Mesh node M2_K1_0_korkuluk_S_ana.019
19:11:19 | INFO: Blender create Mesh node M2_K1_0_korkuluk_S_ana.020
19:11:19 | INFO: Blender create Mesh node M2_K1_0_korkuluk_S_ana.021
19:11:19 | INFO: Blender create Mesh node M2_K1_0_korkuluk_S_ana.022
19:11:19 | INFO: Blender create Mesh node M2_K1_0_korkuluk_S_ana.023
19:11:19 | INFO: Blender create Mesh node M2_K1_0_riht.010
19:11:19 | INFO: Blender create Mesh node M2_K1_0_riht.011
19:11:19 | INFO: Blender create Mesh node M2_K1_0_riht.012
19:11:19 | INFO: Blender create Mesh node M2_K1_0_riht.013
19:11:19 | INFO: Blender create Mesh node M2_K1_0_riht.014
19:11:19 | INFO: Blender create Mesh node M2_K1_0_riht.015
19:11:19 | INFO: Blender create Mesh node M2_K1_0_riht.016
19:11:19 | INFO: Blender create Mesh node M2_K1_0_riht.017
19:11:19 | INFO: Blender create Mesh node M2_K1_0_riht.018
19:11:19 | INFO: Blender create Mesh node M2_K1_0_riht.019
19:11:19 | INFO: Blender create Mesh node M2_K1_1_basamak.009
19:11:19 | INFO: Blender create Mesh node M2_K1_1_basamak.010
19:11:19 | INFO: Blender create Mesh node M2_K1_1_basamak.011
19:11:19 | INFO: Blender create Mesh node M2_K1_1_basamak.012
19:11:19 | INFO: Blender create Mesh node M2_K1_1_basamak.013
19:11:19 | INFO: Blender create Mesh node M2_K1_1_basamak.014
19:11:19 | INFO: Blender create Mesh node M2_K1_1_basamak.015
19:11:19 | INFO: Blender create Mesh node M2_K1_1_basamak.016
19:11:19 | INFO: Blender create Mesh node M2_K1_1_basamak.017
19:11:19 | INFO: Blender create Mesh node M2_K1_1_beyaz_altyapi.001
19:11:19 | INFO: Blender create Mesh node M2_K1_1_korkuluk_ayak.002
19:11:19 | INFO: Blender create Mesh node M2_K1_1_korkuluk_ayak.003
19:11:19 | INFO: Blender create Mesh node M2_K1_1_korkuluk_ayak.005
19:11:19 | INFO: Blender create Mesh node M2_K1_1_korkuluk_C_surgun.024
19:11:19 | INFO: Blender create Mesh node M2_K1_1_korkuluk_C_surgun.025
19:11:19 | INFO: Blender create Mesh node M2_K1_1_korkuluk_C_surgun.026
19:11:19 | INFO: Blender create Mesh node M2_K1_1_korkuluk_C_surgun.027
19:11:19 | INFO: Blender create Mesh node M2_K1_1_korkuluk_C_surgun.028
19:11:19 | INFO: Blender create Mesh node M2_K1_1_korkuluk_C_surgun.029
19:11:19 | INFO: Blender create Mesh node M2_K1_1_korkuluk_C_surgun.030
19:11:19 | INFO: Blender create Mesh node M2_K1_1_korkuluk_C_surgun.031
19:11:19 | INFO: Blender create Mesh node M2_K1_1_korkuluk_C_surgun.032
19:11:19 | INFO: Blender create Mesh node M2_K1_1_korkuluk_C_surgun.033
19:11:19 | INFO: Blender create Mesh node M2_K1_1_korkuluk_C_surgun.034
19:11:19 | INFO: Blender create Mesh node M2_K1_1_korkuluk_C_surgun.035
19:11:19 | INFO: Blender create Mesh node M2_K1_1_korkuluk_C_surgun.036
19:11:19 | INFO: Blender create Mesh node M2_K1_1_korkuluk_C_surgun.037
19:11:19 | INFO: Blender create Mesh node M2_K1_1_korkuluk_C_surgun.038
19:11:19 | INFO: Blender create Mesh node M2_K1_1_korkuluk_C_surgun.039
19:11:19 | INFO: Blender create Mesh node M2_K1_1_korkuluk_C_surgun.040
19:11:19 | INFO: Blender create Mesh node M2_K1_1_korkuluk_C_surgun.041
19:11:19 | INFO: Blender create Mesh node M2_K1_1_korkuluk_C_surgun.042
19:11:19 | INFO: Blender create Mesh node M2_K1_1_korkuluk_C_surgun.043
19:11:19 | INFO: Blender create Mesh node M2_K1_1_korkuluk_C_surgun.044
19:11:19 | INFO: Blender create Mesh node M2_K1_1_korkuluk_C_surgun.045
19:11:19 | INFO: Blender create Mesh node M2_K1_1_korkuluk_C_surgun.046
19:11:19 | INFO: Blender create Mesh node M2_K1_1_korkuluk_C_surgun.047
19:11:19 | INFO: Blender create Mesh node M2_K1_1_korkuluk_cerceve.002
19:11:19 | INFO: Blender create Mesh node M2_K1_1_korkuluk_cerceve.003
19:11:19 | INFO: Blender create Mesh node M2_K1_1_korkuluk_dikme.002
19:11:19 | INFO: Blender create Mesh node M2_K1_1_korkuluk_dikme.003
19:11:19 | INFO: Blender create Mesh node M2_K1_1_korkuluk_dikme.005
19:11:19 | INFO: Blender create Mesh node M2_K1_1_korkuluk_kucuk_C_bordur.038
19:11:19 | INFO: Blender create Mesh node M2_K1_1_korkuluk_kucuk_C_bordur.039
19:11:19 | INFO: Blender create Mesh node M2_K1_1_korkuluk_kucuk_C_bordur.040
19:11:19 | INFO: Blender create Mesh node M2_K1_1_korkuluk_kucuk_C_bordur.041
19:11:19 | INFO: Blender create Mesh node M2_K1_1_korkuluk_kucuk_C_bordur.042
19:11:19 | INFO: Blender create Mesh node M2_K1_1_korkuluk_kucuk_C_bordur.043
19:11:19 | INFO: Blender create Mesh node M2_K1_1_korkuluk_kucuk_C_bordur.044
19:11:19 | INFO: Blender create Mesh node M2_K1_1_korkuluk_kucuk_C_bordur.045
19:11:19 | INFO: Blender create Mesh node M2_K1_1_korkuluk_kucuk_C_bordur.046
19:11:19 | INFO: Blender create Mesh node M2_K1_1_korkuluk_kucuk_C_bordur.047
19:11:20 | INFO: Blender create Mesh node M2_K1_1_korkuluk_kucuk_C_bordur.048
19:11:20 | INFO: Blender create Mesh node M2_K1_1_korkuluk_kucuk_C_bordur.049
19:11:20 | INFO: Blender create Mesh node M2_K1_1_korkuluk_kucuk_C_bordur.050
19:11:20 | INFO: Blender create Mesh node M2_K1_1_korkuluk_kucuk_C_bordur.051
19:11:20 | INFO: Blender create Mesh node M2_K1_1_korkuluk_kucuk_C_bordur.052
19:11:20 | INFO: Blender create Mesh node M2_K1_1_korkuluk_kucuk_C_bordur.053
19:11:20 | INFO: Blender create Mesh node M2_K1_1_korkuluk_kucuk_C_bordur.054
19:11:20 | INFO: Blender create Mesh node M2_K1_1_korkuluk_kucuk_C_bordur.055
19:11:20 | INFO: Blender create Mesh node M2_K1_1_korkuluk_kucuk_C_bordur.056
19:11:20 | INFO: Blender create Mesh node M2_K1_1_korkuluk_kucuk_C_bordur.057
19:11:20 | INFO: Blender create Mesh node M2_K1_1_korkuluk_kucuk_C_bordur.058
19:11:20 | INFO: Blender create Mesh node M2_K1_1_korkuluk_kucuk_C_bordur.059
19:11:20 | INFO: Blender create Mesh node M2_K1_1_korkuluk_kucuk_C_bordur.060
19:11:20 | INFO: Blender create Mesh node M2_K1_1_korkuluk_kucuk_C_bordur.061
19:11:20 | INFO: Blender create Mesh node M2_K1_1_korkuluk_kucuk_C_bordur.062
19:11:20 | INFO: Blender create Mesh node M2_K1_1_korkuluk_kucuk_C_bordur.063
19:11:20 | INFO: Blender create Mesh node M2_K1_1_korkuluk_kucuk_C_bordur.064
19:11:20 | INFO: Blender create Mesh node M2_K1_1_korkuluk_kucuk_C_bordur.065
19:11:20 | INFO: Blender create Mesh node M2_K1_1_korkuluk_kucuk_C_bordur.066
19:11:20 | INFO: Blender create Mesh node M2_K1_1_korkuluk_kucuk_C_bordur.067
19:11:20 | INFO: Blender create Mesh node M2_K1_1_korkuluk_kucuk_C_bordur.068
19:11:20 | INFO: Blender create Mesh node M2_K1_1_korkuluk_kucuk_C_bordur.069
19:11:20 | INFO: Blender create Mesh node M2_K1_1_korkuluk_kucuk_C_bordur.070
19:11:20 | INFO: Blender create Mesh node M2_K1_1_korkuluk_kucuk_C_bordur.071
19:11:20 | INFO: Blender create Mesh node M2_K1_1_korkuluk_kucuk_C_bordur.072
19:11:20 | INFO: Blender create Mesh node M2_K1_1_korkuluk_kucuk_C_bordur.073
19:11:20 | INFO: Blender create Mesh node M2_K1_1_korkuluk_kucuk_C_bordur.074
19:11:20 | INFO: Blender create Mesh node M2_K1_1_korkuluk_kucuk_C_bordur.075
19:11:20 | INFO: Blender create Mesh node M2_K1_1_korkuluk_kupeste.001
19:11:20 | INFO: Blender create Mesh node M2_K1_1_korkuluk_S_ana.012
19:11:20 | INFO: Blender create Mesh node M2_K1_1_korkuluk_S_ana.013
19:11:20 | INFO: Blender create Mesh node M2_K1_1_korkuluk_S_ana.014
19:11:20 | INFO: Blender create Mesh node M2_K1_1_korkuluk_S_ana.015
19:11:20 | INFO: Blender create Mesh node M2_K1_1_korkuluk_S_ana.016
19:11:20 | INFO: Blender create Mesh node M2_K1_1_korkuluk_S_ana.017
19:11:20 | INFO: Blender create Mesh node M2_K1_1_korkuluk_S_ana.018
19:11:20 | INFO: Blender create Mesh node M2_K1_1_korkuluk_S_ana.019
19:11:20 | INFO: Blender create Mesh node M2_K1_1_korkuluk_S_ana.020
19:11:20 | INFO: Blender create Mesh node M2_K1_1_korkuluk_S_ana.021
19:11:20 | INFO: Blender create Mesh node M2_K1_1_korkuluk_S_ana.022
19:11:20 | INFO: Blender create Mesh node M2_K1_1_korkuluk_S_ana.023
19:11:20 | INFO: Blender create Mesh node M2_K1_1_riht.009
19:11:20 | INFO: Blender create Mesh node M2_K1_1_riht.010
19:11:20 | INFO: Blender create Mesh node M2_K1_1_riht.011
19:11:20 | INFO: Blender create Mesh node M2_K1_1_riht.012
19:11:20 | INFO: Blender create Mesh node M2_K1_1_riht.013
19:11:20 | INFO: Blender create Mesh node M2_K1_1_riht.014
19:11:20 | INFO: Blender create Mesh node M2_K1_1_riht.015
19:11:20 | INFO: Blender create Mesh node M2_K1_1_riht.016
19:11:20 | INFO: Blender create Mesh node M2_K1_1_riht.017
19:11:20 | INFO: Blender create Mesh node M2_K1_bosluk_korkuluk_0_ayak.002
19:11:20 | INFO: Blender create Mesh node M2_K1_bosluk_korkuluk_0_ayak.003
19:11:20 | INFO: Blender create Mesh node M2_K1_bosluk_korkuluk_0_C_surgun.016
19:11:20 | INFO: Blender create Mesh node M2_K1_bosluk_korkuluk_0_C_surgun.017
19:11:20 | INFO: Blender create Mesh node M2_K1_bosluk_korkuluk_0_C_surgun.018
19:11:20 | INFO: Blender create Mesh node M2_K1_bosluk_korkuluk_0_C_surgun.019
19:11:20 | INFO: Blender create Mesh node M2_K1_bosluk_korkuluk_0_C_surgun.020
19:11:20 | INFO: Blender create Mesh node M2_K1_bosluk_korkuluk_0_C_surgun.021
19:11:20 | INFO: Blender create Mesh node M2_K1_bosluk_korkuluk_0_C_surgun.022
19:11:20 | INFO: Blender create Mesh node M2_K1_bosluk_korkuluk_0_C_surgun.023
19:11:20 | INFO: Blender create Mesh node M2_K1_bosluk_korkuluk_0_C_surgun.024
19:11:20 | INFO: Blender create Mesh node M2_K1_bosluk_korkuluk_0_C_surgun.025
19:11:20 | INFO: Blender create Mesh node M2_K1_bosluk_korkuluk_0_C_surgun.026
19:11:20 | INFO: Blender create Mesh node M2_K1_bosluk_korkuluk_0_C_surgun.027
19:11:20 | INFO: Blender create Mesh node M2_K1_bosluk_korkuluk_0_C_surgun.028
19:11:20 | INFO: Blender create Mesh node M2_K1_bosluk_korkuluk_0_C_surgun.029
19:11:20 | INFO: Blender create Mesh node M2_K1_bosluk_korkuluk_0_C_surgun.030
19:11:20 | INFO: Blender create Mesh node M2_K1_bosluk_korkuluk_0_C_surgun.031
19:11:20 | INFO: Blender create Mesh node M2_K1_bosluk_korkuluk_0_cerceve.002
19:11:20 | INFO: Blender create Mesh node M2_K1_bosluk_korkuluk_0_cerceve.003
19:11:20 | INFO: Blender create Mesh node M2_K1_bosluk_korkuluk_0_dikme.002
19:11:20 | INFO: Blender create Mesh node M2_K1_bosluk_korkuluk_0_dikme.003
19:11:20 | INFO: Blender create Mesh node M2_K1_bosluk_korkuluk_0_kucuk_C_bordur.030
19:11:20 | INFO: Blender create Mesh node M2_K1_bosluk_korkuluk_0_kucuk_C_bordur.031
19:11:20 | INFO: Blender create Mesh node M2_K1_bosluk_korkuluk_0_kucuk_C_bordur.032
19:11:20 | INFO: Blender create Mesh node M2_K1_bosluk_korkuluk_0_kucuk_C_bordur.033
19:11:20 | INFO: Blender create Mesh node M2_K1_bosluk_korkuluk_0_kucuk_C_bordur.034
19:11:20 | INFO: Blender create Mesh node M2_K1_bosluk_korkuluk_0_kucuk_C_bordur.035
19:11:20 | INFO: Blender create Mesh node M2_K1_bosluk_korkuluk_0_kucuk_C_bordur.036
19:11:20 | INFO: Blender create Mesh node M2_K1_bosluk_korkuluk_0_kucuk_C_bordur.037
19:11:20 | INFO: Blender create Mesh node M2_K1_bosluk_korkuluk_0_kucuk_C_bordur.038
19:11:20 | INFO: Blender create Mesh node M2_K1_bosluk_korkuluk_0_kucuk_C_bordur.039
19:11:20 | INFO: Blender create Mesh node M2_K1_bosluk_korkuluk_0_kucuk_C_bordur.040
19:11:20 | INFO: Blender create Mesh node M2_K1_bosluk_korkuluk_0_kucuk_C_bordur.041
19:11:20 | INFO: Blender create Mesh node M2_K1_bosluk_korkuluk_0_kucuk_C_bordur.042
19:11:20 | INFO: Blender create Mesh node M2_K1_bosluk_korkuluk_0_kucuk_C_bordur.043
19:11:20 | INFO: Blender create Mesh node M2_K1_bosluk_korkuluk_0_kucuk_C_bordur.044
19:11:20 | INFO: Blender create Mesh node M2_K1_bosluk_korkuluk_0_kucuk_C_bordur.045
19:11:20 | INFO: Blender create Mesh node M2_K1_bosluk_korkuluk_0_kucuk_C_bordur.046
19:11:20 | INFO: Blender create Mesh node M2_K1_bosluk_korkuluk_0_kucuk_C_bordur.047
19:11:20 | INFO: Blender create Mesh node M2_K1_bosluk_korkuluk_0_kucuk_C_bordur.048
19:11:20 | INFO: Blender create Mesh node M2_K1_bosluk_korkuluk_0_kucuk_C_bordur.049
19:11:20 | INFO: Blender create Mesh node M2_K1_bosluk_korkuluk_0_kucuk_C_bordur.050
19:11:20 | INFO: Blender create Mesh node M2_K1_bosluk_korkuluk_0_kucuk_C_bordur.051
19:11:20 | INFO: Blender create Mesh node M2_K1_bosluk_korkuluk_0_kucuk_C_bordur.052
19:11:20 | INFO: Blender create Mesh node M2_K1_bosluk_korkuluk_0_kucuk_C_bordur.053
19:11:20 | INFO: Blender create Mesh node M2_K1_bosluk_korkuluk_0_kucuk_C_bordur.054
19:11:20 | INFO: Blender create Mesh node M2_K1_bosluk_korkuluk_0_kucuk_C_bordur.055
19:11:20 | INFO: Blender create Mesh node M2_K1_bosluk_korkuluk_0_kucuk_C_bordur.056
19:11:20 | INFO: Blender create Mesh node M2_K1_bosluk_korkuluk_0_kucuk_C_bordur.057
19:11:20 | INFO: Blender create Mesh node M2_K1_bosluk_korkuluk_0_kucuk_C_bordur.058
19:11:20 | INFO: Blender create Mesh node M2_K1_bosluk_korkuluk_0_kucuk_C_bordur.059
19:11:20 | INFO: Blender create Mesh node M2_K1_bosluk_korkuluk_0_kupeste.001
19:11:20 | INFO: Blender create Mesh node M2_K1_bosluk_korkuluk_0_S_ana.008
19:11:20 | INFO: Blender create Mesh node M2_K1_bosluk_korkuluk_0_S_ana.009
19:11:20 | INFO: Blender create Mesh node M2_K1_bosluk_korkuluk_0_S_ana.010
19:11:20 | INFO: Blender create Mesh node M2_K1_bosluk_korkuluk_0_S_ana.011
19:11:20 | INFO: Blender create Mesh node M2_K1_bosluk_korkuluk_0_S_ana.012
19:11:20 | INFO: Blender create Mesh node M2_K1_bosluk_korkuluk_0_S_ana.013
19:11:20 | INFO: Blender create Mesh node M2_K1_bosluk_korkuluk_0_S_ana.014
19:11:20 | INFO: Blender create Mesh node M2_K1_bosluk_korkuluk_0_S_ana.015
19:11:20 | INFO: Blender create Mesh node M2_K1_bosluk_korkuluk_1_ayak.002
19:11:20 | INFO: Blender create Mesh node M2_K1_bosluk_korkuluk_1_ayak.003
19:11:20 | INFO: Blender create Mesh node M2_K1_bosluk_korkuluk_1_C_surgun.020
19:11:20 | INFO: Blender create Mesh node M2_K1_bosluk_korkuluk_1_C_surgun.021
19:11:20 | INFO: Blender create Mesh node M2_K1_bosluk_korkuluk_1_C_surgun.022
19:11:20 | INFO: Blender create Mesh node M2_K1_bosluk_korkuluk_1_C_surgun.023
19:11:20 | INFO: Blender create Mesh node M2_K1_bosluk_korkuluk_1_C_surgun.024
19:11:20 | INFO: Blender create Mesh node M2_K1_bosluk_korkuluk_1_C_surgun.025
19:11:20 | INFO: Blender create Mesh node M2_K1_bosluk_korkuluk_1_C_surgun.026
19:11:20 | INFO: Blender create Mesh node M2_K1_bosluk_korkuluk_1_C_surgun.027
19:11:20 | INFO: Blender create Mesh node M2_K1_bosluk_korkuluk_1_C_surgun.028
19:11:20 | INFO: Blender create Mesh node M2_K1_bosluk_korkuluk_1_C_surgun.029
19:11:20 | INFO: Blender create Mesh node M2_K1_bosluk_korkuluk_1_C_surgun.030
19:11:20 | INFO: Blender create Mesh node M2_K1_bosluk_korkuluk_1_C_surgun.031
19:11:20 | INFO: Blender create Mesh node M2_K1_bosluk_korkuluk_1_C_surgun.032
19:11:20 | INFO: Blender create Mesh node M2_K1_bosluk_korkuluk_1_C_surgun.033
19:11:20 | INFO: Blender create Mesh node M2_K1_bosluk_korkuluk_1_C_surgun.034
19:11:20 | INFO: Blender create Mesh node M2_K1_bosluk_korkuluk_1_C_surgun.035
19:11:20 | INFO: Blender create Mesh node M2_K1_bosluk_korkuluk_1_C_surgun.036
19:11:20 | INFO: Blender create Mesh node M2_K1_bosluk_korkuluk_1_C_surgun.037
19:11:20 | INFO: Blender create Mesh node M2_K1_bosluk_korkuluk_1_C_surgun.038
19:11:20 | INFO: Blender create Mesh node M2_K1_bosluk_korkuluk_1_C_surgun.039
19:11:20 | INFO: Blender create Mesh node M2_K1_bosluk_korkuluk_1_cerceve.002
19:11:20 | INFO: Blender create Mesh node M2_K1_bosluk_korkuluk_1_cerceve.003
19:11:20 | INFO: Blender create Mesh node M2_K1_bosluk_korkuluk_1_dikme.002
19:11:20 | INFO: Blender create Mesh node M2_K1_bosluk_korkuluk_1_dikme.003
19:11:20 | INFO: Blender create Mesh node M2_K1_bosluk_korkuluk_1_kucuk_C_bordur.032
19:11:20 | INFO: Blender create Mesh node M2_K1_bosluk_korkuluk_1_kucuk_C_bordur.033
19:11:20 | INFO: Blender create Mesh node M2_K1_bosluk_korkuluk_1_kucuk_C_bordur.034
19:11:20 | INFO: Blender create Mesh node M2_K1_bosluk_korkuluk_1_kucuk_C_bordur.035
19:11:20 | INFO: Blender create Mesh node M2_K1_bosluk_korkuluk_1_kucuk_C_bordur.036
19:11:20 | INFO: Blender create Mesh node M2_K1_bosluk_korkuluk_1_kucuk_C_bordur.037
19:11:20 | INFO: Blender create Mesh node M2_K1_bosluk_korkuluk_1_kucuk_C_bordur.038
19:11:20 | INFO: Blender create Mesh node M2_K1_bosluk_korkuluk_1_kucuk_C_bordur.039
19:11:20 | INFO: Blender create Mesh node M2_K1_bosluk_korkuluk_1_kucuk_C_bordur.040
19:11:20 | INFO: Blender create Mesh node M2_K1_bosluk_korkuluk_1_kucuk_C_bordur.041
19:11:20 | INFO: Blender create Mesh node M2_K1_bosluk_korkuluk_1_kucuk_C_bordur.042
19:11:20 | INFO: Blender create Mesh node M2_K1_bosluk_korkuluk_1_kucuk_C_bordur.043
19:11:20 | INFO: Blender create Mesh node M2_K1_bosluk_korkuluk_1_kucuk_C_bordur.044
19:11:20 | INFO: Blender create Mesh node M2_K1_bosluk_korkuluk_1_kucuk_C_bordur.045
19:11:20 | INFO: Blender create Mesh node M2_K1_bosluk_korkuluk_1_kucuk_C_bordur.046
19:11:20 | INFO: Blender create Mesh node M2_K1_bosluk_korkuluk_1_kucuk_C_bordur.047
19:11:20 | INFO: Blender create Mesh node M2_K1_bosluk_korkuluk_1_kucuk_C_bordur.048
19:11:20 | INFO: Blender create Mesh node M2_K1_bosluk_korkuluk_1_kucuk_C_bordur.049
19:11:20 | INFO: Blender create Mesh node M2_K1_bosluk_korkuluk_1_kucuk_C_bordur.050
19:11:20 | INFO: Blender create Mesh node M2_K1_bosluk_korkuluk_1_kucuk_C_bordur.051
19:11:20 | INFO: Blender create Mesh node M2_K1_bosluk_korkuluk_1_kucuk_C_bordur.052
19:11:20 | INFO: Blender create Mesh node M2_K1_bosluk_korkuluk_1_kucuk_C_bordur.053
19:11:20 | INFO: Blender create Mesh node M2_K1_bosluk_korkuluk_1_kucuk_C_bordur.054
19:11:20 | INFO: Blender create Mesh node M2_K1_bosluk_korkuluk_1_kucuk_C_bordur.055
19:11:20 | INFO: Blender create Mesh node M2_K1_bosluk_korkuluk_1_kucuk_C_bordur.056
19:11:20 | INFO: Blender create Mesh node M2_K1_bosluk_korkuluk_1_kucuk_C_bordur.057
19:11:20 | INFO: Blender create Mesh node M2_K1_bosluk_korkuluk_1_kucuk_C_bordur.058
19:11:20 | INFO: Blender create Mesh node M2_K1_bosluk_korkuluk_1_kucuk_C_bordur.059
19:11:20 | INFO: Blender create Mesh node M2_K1_bosluk_korkuluk_1_kucuk_C_bordur.060
19:11:20 | INFO: Blender create Mesh node M2_K1_bosluk_korkuluk_1_kucuk_C_bordur.061
19:11:20 | INFO: Blender create Mesh node M2_K1_bosluk_korkuluk_1_kucuk_C_bordur.062
19:11:20 | INFO: Blender create Mesh node M2_K1_bosluk_korkuluk_1_kucuk_C_bordur.063
19:11:20 | INFO: Blender create Mesh node M2_K1_bosluk_korkuluk_1_kupeste.001
19:11:20 | INFO: Blender create Mesh node M2_K1_bosluk_korkuluk_1_S_ana.010
19:11:20 | INFO: Blender create Mesh node M2_K1_bosluk_korkuluk_1_S_ana.011
19:11:20 | INFO: Blender create Mesh node M2_K1_bosluk_korkuluk_1_S_ana.012
19:11:20 | INFO: Blender create Mesh node M2_K1_bosluk_korkuluk_1_S_ana.013
19:11:20 | INFO: Blender create Mesh node M2_K1_bosluk_korkuluk_1_S_ana.014
19:11:20 | INFO: Blender create Mesh node M2_K1_bosluk_korkuluk_1_S_ana.015
19:11:20 | INFO: Blender create Mesh node M2_K1_bosluk_korkuluk_1_S_ana.016
19:11:20 | INFO: Blender create Mesh node M2_K1_bosluk_korkuluk_1_S_ana.017
19:11:20 | INFO: Blender create Mesh node M2_K1_bosluk_korkuluk_1_S_ana.018
19:11:20 | INFO: Blender create Mesh node M2_K1_bosluk_korkuluk_1_S_ana.019
19:11:20 | INFO: Blender create Mesh node M2_K1_sahanlik.001
19:11:20 | INFO: Blender create Mesh node M2_K1_sahanlik_alti.001
19:11:20 | INFO: Blender create Mesh node M2_K2_0_basamak.009
19:11:20 | INFO: Blender create Mesh node M2_K2_0_basamak.010
19:11:20 | INFO: Blender create Mesh node M2_K2_0_basamak.011
19:11:20 | INFO: Blender create Mesh node M2_K2_0_basamak.012
19:11:20 | INFO: Blender create Mesh node M2_K2_0_basamak.013
19:11:20 | INFO: Blender create Mesh node M2_K2_0_basamak.014
19:11:20 | INFO: Blender create Mesh node M2_K2_0_basamak.015
19:11:20 | INFO: Blender create Mesh node M2_K2_0_basamak.016
19:11:20 | INFO: Blender create Mesh node M2_K2_0_basamak.017
19:11:20 | INFO: Blender create Mesh node M2_K2_0_beyaz_altyapi.001
19:11:20 | INFO: Blender create Mesh node M2_K2_0_korkuluk_ayak.002
19:11:20 | INFO: Blender create Mesh node M2_K2_0_korkuluk_ayak.003
19:11:20 | INFO: Blender create Mesh node M2_K2_0_korkuluk_ayak.005
19:11:20 | INFO: Blender create Mesh node M2_K2_0_korkuluk_C_surgun.028
19:11:20 | INFO: Blender create Mesh node M2_K2_0_korkuluk_C_surgun.029
19:11:20 | INFO: Blender create Mesh node M2_K2_0_korkuluk_C_surgun.030
19:11:20 | INFO: Blender create Mesh node M2_K2_0_korkuluk_C_surgun.031
19:11:20 | INFO: Blender create Mesh node M2_K2_0_korkuluk_C_surgun.032
19:11:20 | INFO: Blender create Mesh node M2_K2_0_korkuluk_C_surgun.033
19:11:20 | INFO: Blender create Mesh node M2_K2_0_korkuluk_C_surgun.034
19:11:20 | INFO: Blender create Mesh node M2_K2_0_korkuluk_C_surgun.035
19:11:20 | INFO: Blender create Mesh node M2_K2_0_korkuluk_C_surgun.036
19:11:20 | INFO: Blender create Mesh node M2_K2_0_korkuluk_C_surgun.037
19:11:20 | INFO: Blender create Mesh node M2_K2_0_korkuluk_C_surgun.038
19:11:20 | INFO: Blender create Mesh node M2_K2_0_korkuluk_C_surgun.039
19:11:20 | INFO: Blender create Mesh node M2_K2_0_korkuluk_C_surgun.040
19:11:20 | INFO: Blender create Mesh node M2_K2_0_korkuluk_C_surgun.041
19:11:20 | INFO: Blender create Mesh node M2_K2_0_korkuluk_C_surgun.042
19:11:20 | INFO: Blender create Mesh node M2_K2_0_korkuluk_C_surgun.043
19:11:20 | INFO: Blender create Mesh node M2_K2_0_korkuluk_C_surgun.044
19:11:20 | INFO: Blender create Mesh node M2_K2_0_korkuluk_C_surgun.045
19:11:20 | INFO: Blender create Mesh node M2_K2_0_korkuluk_C_surgun.046
19:11:20 | INFO: Blender create Mesh node M2_K2_0_korkuluk_C_surgun.047
19:11:20 | INFO: Blender create Mesh node M2_K2_0_korkuluk_C_surgun.048
19:11:20 | INFO: Blender create Mesh node M2_K2_0_korkuluk_C_surgun.049
19:11:20 | INFO: Blender create Mesh node M2_K2_0_korkuluk_C_surgun.050
19:11:20 | INFO: Blender create Mesh node M2_K2_0_korkuluk_C_surgun.051
19:11:20 | INFO: Blender create Mesh node M2_K2_0_korkuluk_C_surgun.052
19:11:20 | INFO: Blender create Mesh node M2_K2_0_korkuluk_C_surgun.053
19:11:20 | INFO: Blender create Mesh node M2_K2_0_korkuluk_C_surgun.054
19:11:20 | INFO: Blender create Mesh node M2_K2_0_korkuluk_C_surgun.055
19:11:20 | INFO: Blender create Mesh node M2_K2_0_korkuluk_cerceve.002
19:11:20 | INFO: Blender create Mesh node M2_K2_0_korkuluk_cerceve.003
19:11:20 | INFO: Blender create Mesh node M2_K2_0_korkuluk_dikme.002
19:11:20 | INFO: Blender create Mesh node M2_K2_0_korkuluk_dikme.003
19:11:20 | INFO: Blender create Mesh node M2_K2_0_korkuluk_dikme.005
19:11:20 | INFO: Blender create Mesh node M2_K2_0_korkuluk_kucuk_C_bordur.048
19:11:20 | INFO: Blender create Mesh node M2_K2_0_korkuluk_kucuk_C_bordur.049
19:11:20 | INFO: Blender create Mesh node M2_K2_0_korkuluk_kucuk_C_bordur.050
19:11:20 | INFO: Blender create Mesh node M2_K2_0_korkuluk_kucuk_C_bordur.051
19:11:20 | INFO: Blender create Mesh node M2_K2_0_korkuluk_kucuk_C_bordur.052
19:11:20 | INFO: Blender create Mesh node M2_K2_0_korkuluk_kucuk_C_bordur.053
19:11:20 | INFO: Blender create Mesh node M2_K2_0_korkuluk_kucuk_C_bordur.054
19:11:20 | INFO: Blender create Mesh node M2_K2_0_korkuluk_kucuk_C_bordur.055
19:11:20 | INFO: Blender create Mesh node M2_K2_0_korkuluk_kucuk_C_bordur.056
19:11:20 | INFO: Blender create Mesh node M2_K2_0_korkuluk_kucuk_C_bordur.057
19:11:20 | INFO: Blender create Mesh node M2_K2_0_korkuluk_kucuk_C_bordur.058
19:11:20 | INFO: Blender create Mesh node M2_K2_0_korkuluk_kucuk_C_bordur.059
19:11:20 | INFO: Blender create Mesh node M2_K2_0_korkuluk_kucuk_C_bordur.060
19:11:20 | INFO: Blender create Mesh node M2_K2_0_korkuluk_kucuk_C_bordur.061
19:11:20 | INFO: Blender create Mesh node M2_K2_0_korkuluk_kucuk_C_bordur.062
19:11:20 | INFO: Blender create Mesh node M2_K2_0_korkuluk_kucuk_C_bordur.063
19:11:20 | INFO: Blender create Mesh node M2_K2_0_korkuluk_kucuk_C_bordur.064
19:11:20 | INFO: Blender create Mesh node M2_K2_0_korkuluk_kucuk_C_bordur.065
19:11:20 | INFO: Blender create Mesh node M2_K2_0_korkuluk_kucuk_C_bordur.066
19:11:20 | INFO: Blender create Mesh node M2_K2_0_korkuluk_kucuk_C_bordur.067
19:11:20 | INFO: Blender create Mesh node M2_K2_0_korkuluk_kucuk_C_bordur.068
19:11:20 | INFO: Blender create Mesh node M2_K2_0_korkuluk_kucuk_C_bordur.069
19:11:20 | INFO: Blender create Mesh node M2_K2_0_korkuluk_kucuk_C_bordur.070
19:11:20 | INFO: Blender create Mesh node M2_K2_0_korkuluk_kucuk_C_bordur.071
19:11:20 | INFO: Blender create Mesh node M2_K2_0_korkuluk_kucuk_C_bordur.072
19:11:20 | INFO: Blender create Mesh node M2_K2_0_korkuluk_kucuk_C_bordur.073
19:11:20 | INFO: Blender create Mesh node M2_K2_0_korkuluk_kucuk_C_bordur.074
19:11:20 | INFO: Blender create Mesh node M2_K2_0_korkuluk_kucuk_C_bordur.075
19:11:20 | INFO: Blender create Mesh node M2_K2_0_korkuluk_kucuk_C_bordur.076
19:11:20 | INFO: Blender create Mesh node M2_K2_0_korkuluk_kucuk_C_bordur.077
19:11:20 | INFO: Blender create Mesh node M2_K2_0_korkuluk_kucuk_C_bordur.078
19:11:20 | INFO: Blender create Mesh node M2_K2_0_korkuluk_kucuk_C_bordur.079
19:11:20 | INFO: Blender create Mesh node M2_K2_0_korkuluk_kucuk_C_bordur.080
19:11:20 | INFO: Blender create Mesh node M2_K2_0_korkuluk_kucuk_C_bordur.081
19:11:20 | INFO: Blender create Mesh node M2_K2_0_korkuluk_kucuk_C_bordur.082
19:11:20 | INFO: Blender create Mesh node M2_K2_0_korkuluk_kucuk_C_bordur.083
19:11:20 | INFO: Blender create Mesh node M2_K2_0_korkuluk_kucuk_C_bordur.084
19:11:20 | INFO: Blender create Mesh node M2_K2_0_korkuluk_kucuk_C_bordur.085
19:11:20 | INFO: Blender create Mesh node M2_K2_0_korkuluk_kucuk_C_bordur.086
19:11:20 | INFO: Blender create Mesh node M2_K2_0_korkuluk_kucuk_C_bordur.087
19:11:20 | INFO: Blender create Mesh node M2_K2_0_korkuluk_kucuk_C_bordur.088
19:11:20 | INFO: Blender create Mesh node M2_K2_0_korkuluk_kucuk_C_bordur.089
19:11:20 | INFO: Blender create Mesh node M2_K2_0_korkuluk_kucuk_C_bordur.090
19:11:20 | INFO: Blender create Mesh node M2_K2_0_korkuluk_kucuk_C_bordur.091
19:11:20 | INFO: Blender create Mesh node M2_K2_0_korkuluk_kucuk_C_bordur.092
19:11:20 | INFO: Blender create Mesh node M2_K2_0_korkuluk_kucuk_C_bordur.093
19:11:20 | INFO: Blender create Mesh node M2_K2_0_korkuluk_kucuk_C_bordur.094
19:11:20 | INFO: Blender create Mesh node M2_K2_0_korkuluk_kucuk_C_bordur.095
19:11:20 | INFO: Blender create Mesh node M2_K2_0_korkuluk_kupeste.001
19:11:20 | INFO: Blender create Mesh node M2_K2_0_korkuluk_S_ana.014
19:11:20 | INFO: Blender create Mesh node M2_K2_0_korkuluk_S_ana.015
19:11:20 | INFO: Blender create Mesh node M2_K2_0_korkuluk_S_ana.016
19:11:20 | INFO: Blender create Mesh node M2_K2_0_korkuluk_S_ana.017
19:11:20 | INFO: Blender create Mesh node M2_K2_0_korkuluk_S_ana.018
19:11:20 | INFO: Blender create Mesh node M2_K2_0_korkuluk_S_ana.019
19:11:20 | INFO: Blender create Mesh node M2_K2_0_korkuluk_S_ana.020
19:11:20 | INFO: Blender create Mesh node M2_K2_0_korkuluk_S_ana.021
19:11:20 | INFO: Blender create Mesh node M2_K2_0_korkuluk_S_ana.022
19:11:20 | INFO: Blender create Mesh node M2_K2_0_korkuluk_S_ana.023
19:11:20 | INFO: Blender create Mesh node M2_K2_0_korkuluk_S_ana.024
19:11:20 | INFO: Blender create Mesh node M2_K2_0_korkuluk_S_ana.025
19:11:20 | INFO: Blender create Mesh node M2_K2_0_korkuluk_S_ana.026
19:11:20 | INFO: Blender create Mesh node M2_K2_0_korkuluk_S_ana.027
19:11:20 | INFO: Blender create Mesh node M2_K2_0_riht.009
19:11:20 | INFO: Blender create Mesh node M2_K2_0_riht.010
19:11:20 | INFO: Blender create Mesh node M2_K2_0_riht.011
19:11:20 | INFO: Blender create Mesh node M2_K2_0_riht.012
19:11:20 | INFO: Blender create Mesh node M2_K2_0_riht.013
19:11:20 | INFO: Blender create Mesh node M2_K2_0_riht.014
19:11:20 | INFO: Blender create Mesh node M2_K2_0_riht.015
19:11:20 | INFO: Blender create Mesh node M2_K2_0_riht.016
19:11:20 | INFO: Blender create Mesh node M2_K2_0_riht.017
19:11:20 | INFO: Blender create Mesh node M2_K2_1_basamak.009
19:11:20 | INFO: Blender create Mesh node M2_K2_1_basamak.010
19:11:20 | INFO: Blender create Mesh node M2_K2_1_basamak.011
19:11:20 | INFO: Blender create Mesh node M2_K2_1_basamak.012
19:11:20 | INFO: Blender create Mesh node M2_K2_1_basamak.013
19:11:20 | INFO: Blender create Mesh node M2_K2_1_basamak.014
19:11:20 | INFO: Blender create Mesh node M2_K2_1_basamak.015
19:11:20 | INFO: Blender create Mesh node M2_K2_1_basamak.016
19:11:20 | INFO: Blender create Mesh node M2_K2_1_basamak.017
19:11:20 | INFO: Blender create Mesh node M2_K2_1_beyaz_altyapi.001
19:11:20 | INFO: Blender create Mesh node M2_K2_1_korkuluk_ayak.002
19:11:20 | INFO: Blender create Mesh node M2_K2_1_korkuluk_ayak.003
19:11:20 | INFO: Blender create Mesh node M2_K2_1_korkuluk_C_surgun.016
19:11:20 | INFO: Blender create Mesh node M2_K2_1_korkuluk_C_surgun.017
19:11:20 | INFO: Blender create Mesh node M2_K2_1_korkuluk_C_surgun.018
19:11:20 | INFO: Blender create Mesh node M2_K2_1_korkuluk_C_surgun.019
19:11:20 | INFO: Blender create Mesh node M2_K2_1_korkuluk_C_surgun.020
19:11:20 | INFO: Blender create Mesh node M2_K2_1_korkuluk_C_surgun.021
19:11:20 | INFO: Blender create Mesh node M2_K2_1_korkuluk_C_surgun.022
19:11:20 | INFO: Blender create Mesh node M2_K2_1_korkuluk_C_surgun.023
19:11:20 | INFO: Blender create Mesh node M2_K2_1_korkuluk_C_surgun.024
19:11:20 | INFO: Blender create Mesh node M2_K2_1_korkuluk_C_surgun.025
19:11:20 | INFO: Blender create Mesh node M2_K2_1_korkuluk_C_surgun.026
19:11:20 | INFO: Blender create Mesh node M2_K2_1_korkuluk_C_surgun.027
19:11:20 | INFO: Blender create Mesh node M2_K2_1_korkuluk_C_surgun.028
19:11:20 | INFO: Blender create Mesh node M2_K2_1_korkuluk_C_surgun.029
19:11:20 | INFO: Blender create Mesh node M2_K2_1_korkuluk_C_surgun.030
19:11:20 | INFO: Blender create Mesh node M2_K2_1_korkuluk_C_surgun.031
19:11:20 | INFO: Blender create Mesh node M2_K2_1_korkuluk_cerceve.002
19:11:20 | INFO: Blender create Mesh node M2_K2_1_korkuluk_cerceve.003
19:11:20 | INFO: Blender create Mesh node M2_K2_1_korkuluk_dikme.002
19:11:20 | INFO: Blender create Mesh node M2_K2_1_korkuluk_dikme.003
19:11:20 | INFO: Blender create Mesh node M2_K2_1_korkuluk_kupeste.001
19:11:20 | INFO: Blender create Mesh node M2_K2_1_korkuluk_pirinc_baglanti.004
19:11:20 | INFO: Blender create Mesh node M2_K2_1_korkuluk_pirinc_baglanti.005
19:11:20 | INFO: Blender create Mesh node M2_K2_1_korkuluk_pirinc_baglanti.006
19:11:20 | INFO: Blender create Mesh node M2_K2_1_korkuluk_pirinc_baglanti.007
19:11:20 | INFO: Blender create Mesh node M2_K2_1_korkuluk_S_ana.008
19:11:20 | INFO: Blender create Mesh node M2_K2_1_korkuluk_S_ana.009
19:11:20 | INFO: Blender create Mesh node M2_K2_1_korkuluk_S_ana.010
19:11:20 | INFO: Blender create Mesh node M2_K2_1_korkuluk_S_ana.011
19:11:20 | INFO: Blender create Mesh node M2_K2_1_korkuluk_S_ana.012
19:11:20 | INFO: Blender create Mesh node M2_K2_1_korkuluk_S_ana.013
19:11:20 | INFO: Blender create Mesh node M2_K2_1_korkuluk_S_ana.014
19:11:20 | INFO: Blender create Mesh node M2_K2_1_korkuluk_S_ana.015
19:11:20 | INFO: Blender create Mesh node M2_K2_1_korkuluk_zambak_sap.008
19:11:20 | INFO: Blender create Mesh node M2_K2_1_korkuluk_zambak_sap.009
19:11:20 | INFO: Blender create Mesh node M2_K2_1_korkuluk_zambak_sap.010
19:11:20 | INFO: Blender create Mesh node M2_K2_1_korkuluk_zambak_sap.011
19:11:20 | INFO: Blender create Mesh node M2_K2_1_korkuluk_zambak_sap.012
19:11:20 | INFO: Blender create Mesh node M2_K2_1_korkuluk_zambak_sap.013
19:11:20 | INFO: Blender create Mesh node M2_K2_1_korkuluk_zambak_sap.014
19:11:20 | INFO: Blender create Mesh node M2_K2_1_korkuluk_zambak_sap.015
19:11:20 | INFO: Blender create Mesh node M2_K2_1_korkuluk_zambak_yaprak.024
19:11:20 | INFO: Blender create Mesh node M2_K2_1_korkuluk_zambak_yaprak.025
19:11:20 | INFO: Blender create Mesh node M2_K2_1_korkuluk_zambak_yaprak.026
19:11:20 | INFO: Blender create Mesh node M2_K2_1_korkuluk_zambak_yaprak.027
19:11:20 | INFO: Blender create Mesh node M2_K2_1_korkuluk_zambak_yaprak.028
19:11:20 | INFO: Blender create Mesh node M2_K2_1_korkuluk_zambak_yaprak.029
19:11:20 | INFO: Blender create Mesh node M2_K2_1_korkuluk_zambak_yaprak.030
19:11:20 | INFO: Blender create Mesh node M2_K2_1_korkuluk_zambak_yaprak.031
19:11:20 | INFO: Blender create Mesh node M2_K2_1_korkuluk_zambak_yaprak.032
19:11:20 | INFO: Blender create Mesh node M2_K2_1_korkuluk_zambak_yaprak.033
19:11:20 | INFO: Blender create Mesh node M2_K2_1_korkuluk_zambak_yaprak.034
19:11:20 | INFO: Blender create Mesh node M2_K2_1_korkuluk_zambak_yaprak.035
19:11:20 | INFO: Blender create Mesh node M2_K2_1_korkuluk_zambak_yaprak.036
19:11:20 | INFO: Blender create Mesh node M2_K2_1_korkuluk_zambak_yaprak.037
19:11:20 | INFO: Blender create Mesh node M2_K2_1_korkuluk_zambak_yaprak.038
19:11:20 | INFO: Blender create Mesh node M2_K2_1_korkuluk_zambak_yaprak.039
19:11:20 | INFO: Blender create Mesh node M2_K2_1_korkuluk_zambak_yaprak.040
19:11:20 | INFO: Blender create Mesh node M2_K2_1_korkuluk_zambak_yaprak.041
19:11:20 | INFO: Blender create Mesh node M2_K2_1_korkuluk_zambak_yaprak.042
19:11:20 | INFO: Blender create Mesh node M2_K2_1_korkuluk_zambak_yaprak.043
19:11:20 | INFO: Blender create Mesh node M2_K2_1_korkuluk_zambak_yaprak.044
19:11:20 | INFO: Blender create Mesh node M2_K2_1_korkuluk_zambak_yaprak.045
19:11:20 | INFO: Blender create Mesh node M2_K2_1_korkuluk_zambak_yaprak.046
19:11:20 | INFO: Blender create Mesh node M2_K2_1_korkuluk_zambak_yaprak.047
19:11:20 | INFO: Blender create Mesh node M2_K2_1_riht.009
19:11:20 | INFO: Blender create Mesh node M2_K2_1_riht.010
19:11:20 | INFO: Blender create Mesh node M2_K2_1_riht.011
19:11:20 | INFO: Blender create Mesh node M2_K2_1_riht.012
19:11:20 | INFO: Blender create Mesh node M2_K2_1_riht.013
19:11:20 | INFO: Blender create Mesh node M2_K2_1_riht.014
19:11:20 | INFO: Blender create Mesh node M2_K2_1_riht.015
19:11:20 | INFO: Blender create Mesh node M2_K2_1_riht.016
19:11:20 | INFO: Blender create Mesh node M2_K2_1_riht.017
19:11:20 | INFO: Blender create Mesh node M2_K2_bosluk_korkuluk_0_ayak.002
19:11:20 | INFO: Blender create Mesh node M2_K2_bosluk_korkuluk_0_ayak.003
19:11:20 | INFO: Blender create Mesh node M2_K2_bosluk_korkuluk_0_C_surgun.012
19:11:20 | INFO: Blender create Mesh node M2_K2_bosluk_korkuluk_0_C_surgun.013
19:11:20 | INFO: Blender create Mesh node M2_K2_bosluk_korkuluk_0_C_surgun.014
19:11:20 | INFO: Blender create Mesh node M2_K2_bosluk_korkuluk_0_C_surgun.015
19:11:20 | INFO: Blender create Mesh node M2_K2_bosluk_korkuluk_0_C_surgun.016
19:11:20 | INFO: Blender create Mesh node M2_K2_bosluk_korkuluk_0_C_surgun.017
19:11:20 | INFO: Blender create Mesh node M2_K2_bosluk_korkuluk_0_C_surgun.018
19:11:21 | INFO: Blender create Mesh node M2_K2_bosluk_korkuluk_0_C_surgun.019
19:11:21 | INFO: Blender create Mesh node M2_K2_bosluk_korkuluk_0_C_surgun.020
19:11:21 | INFO: Blender create Mesh node M2_K2_bosluk_korkuluk_0_C_surgun.021
19:11:21 | INFO: Blender create Mesh node M2_K2_bosluk_korkuluk_0_C_surgun.022
19:11:21 | INFO: Blender create Mesh node M2_K2_bosluk_korkuluk_0_C_surgun.023
19:11:21 | INFO: Blender create Mesh node M2_K2_bosluk_korkuluk_0_cerceve.002
19:11:21 | INFO: Blender create Mesh node M2_K2_bosluk_korkuluk_0_cerceve.003
19:11:21 | INFO: Blender create Mesh node M2_K2_bosluk_korkuluk_0_dikme.002
19:11:21 | INFO: Blender create Mesh node M2_K2_bosluk_korkuluk_0_dikme.003
19:11:21 | INFO: Blender create Mesh node M2_K2_bosluk_korkuluk_0_kupeste.001
19:11:21 | INFO: Blender create Mesh node M2_K2_bosluk_korkuluk_0_pirinc_baglanti.003
19:11:21 | INFO: Blender create Mesh node M2_K2_bosluk_korkuluk_0_pirinc_baglanti.004
19:11:21 | INFO: Blender create Mesh node M2_K2_bosluk_korkuluk_0_pirinc_baglanti.005
19:11:21 | INFO: Blender create Mesh node M2_K2_bosluk_korkuluk_0_S_ana.006
19:11:21 | INFO: Blender create Mesh node M2_K2_bosluk_korkuluk_0_S_ana.007
19:11:21 | INFO: Blender create Mesh node M2_K2_bosluk_korkuluk_0_S_ana.008
19:11:21 | INFO: Blender create Mesh node M2_K2_bosluk_korkuluk_0_S_ana.009
19:11:21 | INFO: Blender create Mesh node M2_K2_bosluk_korkuluk_0_S_ana.010
19:11:21 | INFO: Blender create Mesh node M2_K2_bosluk_korkuluk_0_S_ana.011
19:11:21 | INFO: Blender create Mesh node M2_K2_bosluk_korkuluk_0_zambak_sap.006
19:11:21 | INFO: Blender create Mesh node M2_K2_bosluk_korkuluk_0_zambak_sap.007
19:11:21 | INFO: Blender create Mesh node M2_K2_bosluk_korkuluk_0_zambak_sap.008
19:11:21 | INFO: Blender create Mesh node M2_K2_bosluk_korkuluk_0_zambak_sap.009
19:11:21 | INFO: Blender create Mesh node M2_K2_bosluk_korkuluk_0_zambak_sap.010
19:11:21 | INFO: Blender create Mesh node M2_K2_bosluk_korkuluk_0_zambak_sap.011
19:11:21 | INFO: Blender create Mesh node M2_K2_bosluk_korkuluk_0_zambak_yaprak.018
19:11:21 | INFO: Blender create Mesh node M2_K2_bosluk_korkuluk_0_zambak_yaprak.019
19:11:21 | INFO: Blender create Mesh node M2_K2_bosluk_korkuluk_0_zambak_yaprak.020
19:11:21 | INFO: Blender create Mesh node M2_K2_bosluk_korkuluk_0_zambak_yaprak.021
19:11:21 | INFO: Blender create Mesh node M2_K2_bosluk_korkuluk_0_zambak_yaprak.022
19:11:21 | INFO: Blender create Mesh node M2_K2_bosluk_korkuluk_0_zambak_yaprak.023
19:11:21 | INFO: Blender create Mesh node M2_K2_bosluk_korkuluk_0_zambak_yaprak.024
19:11:21 | INFO: Blender create Mesh node M2_K2_bosluk_korkuluk_0_zambak_yaprak.025
19:11:21 | INFO: Blender create Mesh node M2_K2_bosluk_korkuluk_0_zambak_yaprak.026
19:11:21 | INFO: Blender create Mesh node M2_K2_bosluk_korkuluk_0_zambak_yaprak.027
19:11:21 | INFO: Blender create Mesh node M2_K2_bosluk_korkuluk_0_zambak_yaprak.028
19:11:21 | INFO: Blender create Mesh node M2_K2_bosluk_korkuluk_0_zambak_yaprak.029
19:11:21 | INFO: Blender create Mesh node M2_K2_bosluk_korkuluk_0_zambak_yaprak.030
19:11:21 | INFO: Blender create Mesh node M2_K2_bosluk_korkuluk_0_zambak_yaprak.031
19:11:21 | INFO: Blender create Mesh node M2_K2_bosluk_korkuluk_0_zambak_yaprak.032
19:11:21 | INFO: Blender create Mesh node M2_K2_bosluk_korkuluk_0_zambak_yaprak.033
19:11:21 | INFO: Blender create Mesh node M2_K2_bosluk_korkuluk_0_zambak_yaprak.034
19:11:21 | INFO: Blender create Mesh node M2_K2_bosluk_korkuluk_0_zambak_yaprak.035
19:11:21 | INFO: Blender create Mesh node M2_K2_sahanlik.001
19:11:21 | INFO: Blender create Mesh node M2_K2_sahanlik_alti.001
19:11:21 | INFO: Blender create Mesh node M3_01_dik_profil.012
19:11:21 | INFO: Blender create Mesh node M3_01_dik_profil.013
19:11:21 | INFO: Blender create Mesh node M3_01_dik_profil.014
19:11:21 | INFO: Blender create Mesh node M3_01_dik_profil.015
19:11:21 | INFO: Blender create Mesh node M3_01_dik_profil.016
19:11:21 | INFO: Blender create Mesh node M3_01_dik_profil.017
19:11:21 | INFO: Blender create Mesh node M3_01_dik_profil.018
19:11:21 | INFO: Blender create Mesh node M3_01_dik_profil.019
19:11:21 | INFO: Blender create Mesh node M3_01_dik_profil.020
19:11:21 | INFO: Blender create Mesh node M3_01_dik_profil.021
19:11:21 | INFO: Blender create Mesh node M3_01_dik_profil.022
19:11:21 | INFO: Blender create Mesh node M3_01_dik_profil.023
19:11:21 | INFO: Blender create Mesh node M3_01_esik_doseme.001
19:11:21 | INFO: Blender create Mesh node M3_01_gobek.006
19:11:21 | INFO: Blender create Mesh node M3_01_gobek.007
19:11:21 | INFO: Blender create Mesh node M3_01_gobek.008
19:11:21 | INFO: Blender create Mesh node M3_01_gobek.009
19:11:21 | INFO: Blender create Mesh node M3_01_gobek.010
19:11:21 | INFO: Blender create Mesh node M3_01_gobek.011
19:11:21 | INFO: Blender create Mesh node M3_01_kanat.001
19:11:21 | INFO: Blender create Mesh node M3_01_kasa.002
19:11:21 | INFO: Blender create Mesh node M3_01_kasa.003
19:11:21 | INFO: Blender create Mesh node M3_01_kulp
19:11:21 | INFO: Blender create Mesh node M3_01_kulp.001
19:11:21 | INFO: Blender create Mesh node M3_01_mentese
19:11:21 | INFO: Blender create Mesh node M3_01_mentese.001
19:11:21 | INFO: Blender create Mesh node M3_01_mentese.002
19:11:21 | INFO: Blender create Mesh node M3_01_pervaz.004
19:11:21 | INFO: Blender create Mesh node M3_01_pervaz.005
19:11:21 | INFO: Blender create Mesh node M3_01_pervaz.006
19:11:21 | INFO: Blender create Mesh node M3_01_pervaz.007
19:11:21 | INFO: Blender create Mesh node M3_01_ust_kasa.001
19:11:21 | INFO: Blender create Mesh node M3_01_ust_pervaz.002
19:11:21 | INFO: Blender create Mesh node M3_01_ust_pervaz.003
19:11:21 | INFO: Blender create Mesh node M3_01_yatay_profil.012
19:11:21 | INFO: Blender create Mesh node M3_01_yatay_profil.013
19:11:21 | INFO: Blender create Mesh node M3_01_yatay_profil.014
19:11:21 | INFO: Blender create Mesh node M3_01_yatay_profil.015
19:11:21 | INFO: Blender create Mesh node M3_01_yatay_profil.016
19:11:21 | INFO: Blender create Mesh node M3_01_yatay_profil.017
19:11:21 | INFO: Blender create Mesh node M3_01_yatay_profil.018
19:11:21 | INFO: Blender create Mesh node M3_01_yatay_profil.019
19:11:21 | INFO: Blender create Mesh node M3_01_yatay_profil.020
19:11:21 | INFO: Blender create Mesh node M3_01_yatay_profil.021
19:11:21 | INFO: Blender create Mesh node M3_01_yatay_profil.022
19:11:21 | INFO: Blender create Mesh node M3_01_yatay_profil.023
19:11:21 | INFO: Blender create Mesh node M3_02_dik_profil.024
19:11:21 | INFO: Blender create Mesh node M3_02_dik_profil.025
19:11:21 | INFO: Blender create Mesh node M3_02_dik_profil.026
19:11:21 | INFO: Blender create Mesh node M3_02_dik_profil.027
19:11:21 | INFO: Blender create Mesh node M3_02_dik_profil.028
19:11:21 | INFO: Blender create Mesh node M3_02_dik_profil.029
19:11:21 | INFO: Blender create Mesh node M3_02_dik_profil.030
19:11:21 | INFO: Blender create Mesh node M3_02_dik_profil.031
19:11:21 | INFO: Blender create Mesh node M3_02_dik_profil.032
19:11:21 | INFO: Blender create Mesh node M3_02_dik_profil.033
19:11:21 | INFO: Blender create Mesh node M3_02_dik_profil.034
19:11:21 | INFO: Blender create Mesh node M3_02_dik_profil.035
19:11:21 | INFO: Blender create Mesh node M3_02_dik_profil.036
19:11:21 | INFO: Blender create Mesh node M3_02_dik_profil.037
19:11:21 | INFO: Blender create Mesh node M3_02_dik_profil.038
19:11:21 | INFO: Blender create Mesh node M3_02_dik_profil.039
19:11:21 | INFO: Blender create Mesh node M3_02_dik_profil.040
19:11:21 | INFO: Blender create Mesh node M3_02_dik_profil.041
19:11:21 | INFO: Blender create Mesh node M3_02_dik_profil.042
19:11:21 | INFO: Blender create Mesh node M3_02_dik_profil.043
19:11:21 | INFO: Blender create Mesh node M3_02_dik_profil.044
19:11:21 | INFO: Blender create Mesh node M3_02_dik_profil.045
19:11:21 | INFO: Blender create Mesh node M3_02_dik_profil.046
19:11:21 | INFO: Blender create Mesh node M3_02_dik_profil.047
19:11:21 | INFO: Blender create Mesh node M3_02_esik_doseme.001
19:11:21 | INFO: Blender create Mesh node M3_02_gobek.012
19:11:21 | INFO: Blender create Mesh node M3_02_gobek.013
19:11:21 | INFO: Blender create Mesh node M3_02_gobek.014
19:11:21 | INFO: Blender create Mesh node M3_02_gobek.015
19:11:21 | INFO: Blender create Mesh node M3_02_gobek.016
19:11:21 | INFO: Blender create Mesh node M3_02_gobek.017
19:11:21 | INFO: Blender create Mesh node M3_02_gobek.018
19:11:21 | INFO: Blender create Mesh node M3_02_gobek.019
19:11:21 | INFO: Blender create Mesh node M3_02_gobek.020
19:11:21 | INFO: Blender create Mesh node M3_02_gobek.021
19:11:21 | INFO: Blender create Mesh node M3_02_gobek.022
19:11:21 | INFO: Blender create Mesh node M3_02_gobek.023
19:11:21 | INFO: Blender create Mesh node M3_02_kanat.001
19:11:21 | INFO: Blender create Mesh node M3_02_kasa.002
19:11:21 | INFO: Blender create Mesh node M3_02_kasa.003
19:11:21 | INFO: Blender create Mesh node M3_02_mentese
19:11:21 | INFO: Blender create Mesh node M3_02_mentese.001
19:11:21 | INFO: Blender create Mesh node M3_02_mentese.002
19:11:21 | INFO: Blender create Mesh node M3_02_pervaz.004
19:11:21 | INFO: Blender create Mesh node M3_02_pervaz.005
19:11:21 | INFO: Blender create Mesh node M3_02_pervaz.006
19:11:21 | INFO: Blender create Mesh node M3_02_pervaz.007
19:11:21 | INFO: Blender create Mesh node Sphere.009
19:11:21 | INFO: Blender create Mesh node Sphere.010
19:11:21 | INFO: Blender create Mesh node M3_02_topuz_mili
19:11:21 | INFO: Blender create Mesh node M3_02_topuz_mili.001
19:11:21 | INFO: Blender create Mesh node M3_02_ust_kasa.001
19:11:21 | INFO: Blender create Mesh node M3_02_ust_pervaz.002
19:11:21 | INFO: Blender create Mesh node M3_02_ust_pervaz.003
19:11:21 | INFO: Blender create Mesh node M3_02_yatay_profil.024
19:11:21 | INFO: Blender create Mesh node M3_02_yatay_profil.025
19:11:21 | INFO: Blender create Mesh node M3_02_yatay_profil.026
19:11:21 | INFO: Blender create Mesh node M3_02_yatay_profil.027
19:11:21 | INFO: Blender create Mesh node M3_02_yatay_profil.028
19:11:21 | INFO: Blender create Mesh node M3_02_yatay_profil.029
19:11:21 | INFO: Blender create Mesh node M3_02_yatay_profil.030
19:11:21 | INFO: Blender create Mesh node M3_02_yatay_profil.031
19:11:21 | INFO: Blender create Mesh node M3_02_yatay_profil.032
19:11:21 | INFO: Blender create Mesh node M3_02_yatay_profil.033
19:11:21 | INFO: Blender create Mesh node M3_02_yatay_profil.034
19:11:21 | INFO: Blender create Mesh node M3_02_yatay_profil.035
19:11:21 | INFO: Blender create Mesh node M3_02_yatay_profil.036
19:11:21 | INFO: Blender create Mesh node M3_02_yatay_profil.037
19:11:21 | INFO: Blender create Mesh node M3_02_yatay_profil.038
19:11:21 | INFO: Blender create Mesh node M3_02_yatay_profil.039
19:11:21 | INFO: Blender create Mesh node M3_02_yatay_profil.040
19:11:21 | INFO: Blender create Mesh node M3_02_yatay_profil.041
19:11:21 | INFO: Blender create Mesh node M3_02_yatay_profil.042
19:11:21 | INFO: Blender create Mesh node M3_02_yatay_profil.043
19:11:21 | INFO: Blender create Mesh node M3_02_yatay_profil.044
19:11:21 | INFO: Blender create Mesh node M3_02_yatay_profil.045
19:11:21 | INFO: Blender create Mesh node M3_02_yatay_profil.046
19:11:21 | INFO: Blender create Mesh node M3_02_yatay_profil.047
19:11:21 | INFO: Blender create Mesh node M3_03_dik_profil.024
19:11:21 | INFO: Blender create Mesh node M3_03_dik_profil.025
19:11:21 | INFO: Blender create Mesh node M3_03_dik_profil.026
19:11:21 | INFO: Blender create Mesh node M3_03_dik_profil.027
19:11:21 | INFO: Blender create Mesh node M3_03_dik_profil.028
19:11:21 | INFO: Blender create Mesh node M3_03_dik_profil.029
19:11:21 | INFO: Blender create Mesh node M3_03_dik_profil.030
19:11:21 | INFO: Blender create Mesh node M3_03_dik_profil.031
19:11:21 | INFO: Blender create Mesh node M3_03_dik_profil.032
19:11:21 | INFO: Blender create Mesh node M3_03_dik_profil.033
19:11:21 | INFO: Blender create Mesh node M3_03_dik_profil.034
19:11:21 | INFO: Blender create Mesh node M3_03_dik_profil.035
19:11:21 | INFO: Blender create Mesh node M3_03_dik_profil.036
19:11:21 | INFO: Blender create Mesh node M3_03_dik_profil.037
19:11:21 | INFO: Blender create Mesh node M3_03_dik_profil.038
19:11:21 | INFO: Blender create Mesh node M3_03_dik_profil.039
19:11:21 | INFO: Blender create Mesh node M3_03_dik_profil.040
19:11:21 | INFO: Blender create Mesh node M3_03_dik_profil.041
19:11:21 | INFO: Blender create Mesh node M3_03_dik_profil.042
19:11:21 | INFO: Blender create Mesh node M3_03_dik_profil.043
19:11:21 | INFO: Blender create Mesh node M3_03_dik_profil.044
19:11:21 | INFO: Blender create Mesh node M3_03_dik_profil.045
19:11:21 | INFO: Blender create Mesh node M3_03_dik_profil.046
19:11:21 | INFO: Blender create Mesh node M3_03_dik_profil.047
19:11:21 | INFO: Blender create Mesh node M3_03_esik_doseme.001
19:11:21 | INFO: Blender create Mesh node M3_03_gobek.012
19:11:21 | INFO: Blender create Mesh node M3_03_gobek.013
19:11:21 | INFO: Blender create Mesh node M3_03_gobek.014
19:11:21 | INFO: Blender create Mesh node M3_03_gobek.015
19:11:21 | INFO: Blender create Mesh node M3_03_gobek.016
19:11:21 | INFO: Blender create Mesh node M3_03_gobek.017
19:11:21 | INFO: Blender create Mesh node M3_03_gobek.018
19:11:21 | INFO: Blender create Mesh node M3_03_gobek.019
19:11:21 | INFO: Blender create Mesh node M3_03_gobek.020
19:11:21 | INFO: Blender create Mesh node M3_03_gobek.021
19:11:21 | INFO: Blender create Mesh node M3_03_gobek.022
19:11:21 | INFO: Blender create Mesh node M3_03_gobek.023
19:11:21 | INFO: Blender create Mesh node M3_03_kanat.001
19:11:21 | INFO: Blender create Mesh node M3_03_kasa.002
19:11:21 | INFO: Blender create Mesh node M3_03_kasa.003
19:11:21 | INFO: Blender create Mesh node M3_03_mentese
19:11:21 | INFO: Blender create Mesh node M3_03_mentese.001
19:11:21 | INFO: Blender create Mesh node M3_03_mentese.002
19:11:21 | INFO: Blender create Mesh node M3_03_pervaz.004
19:11:21 | INFO: Blender create Mesh node M3_03_pervaz.005
19:11:21 | INFO: Blender create Mesh node M3_03_pervaz.006
19:11:21 | INFO: Blender create Mesh node M3_03_pervaz.007
19:11:21 | INFO: Blender create Mesh node Sphere.011
19:11:21 | INFO: Blender create Mesh node Sphere.012
19:11:21 | INFO: Blender create Mesh node M3_03_topuz_mili
19:11:21 | INFO: Blender create Mesh node M3_03_topuz_mili.001
19:11:21 | INFO: Blender create Mesh node M3_03_ust_kasa.001
19:11:21 | INFO: Blender create Mesh node M3_03_ust_pervaz.002
19:11:21 | INFO: Blender create Mesh node M3_03_ust_pervaz.003
19:11:21 | INFO: Blender create Mesh node M3_03_yatay_profil.024
19:11:21 | INFO: Blender create Mesh node M3_03_yatay_profil.025
19:11:21 | INFO: Blender create Mesh node M3_03_yatay_profil.026
19:11:21 | INFO: Blender create Mesh node M3_03_yatay_profil.027
19:11:21 | INFO: Blender create Mesh node M3_03_yatay_profil.028
19:11:21 | INFO: Blender create Mesh node M3_03_yatay_profil.029
19:11:21 | INFO: Blender create Mesh node M3_03_yatay_profil.030
19:11:21 | INFO: Blender create Mesh node M3_03_yatay_profil.031
19:11:21 | INFO: Blender create Mesh node M3_03_yatay_profil.032
19:11:21 | INFO: Blender create Mesh node M3_03_yatay_profil.033
19:11:21 | INFO: Blender create Mesh node M3_03_yatay_profil.034
19:11:21 | INFO: Blender create Mesh node M3_03_yatay_profil.035
19:11:21 | INFO: Blender create Mesh node M3_03_yatay_profil.036
19:11:21 | INFO: Blender create Mesh node M3_03_yatay_profil.037
19:11:21 | INFO: Blender create Mesh node M3_03_yatay_profil.038
19:11:21 | INFO: Blender create Mesh node M3_03_yatay_profil.039
19:11:21 | INFO: Blender create Mesh node M3_03_yatay_profil.040
19:11:21 | INFO: Blender create Mesh node M3_03_yatay_profil.041
19:11:21 | INFO: Blender create Mesh node M3_03_yatay_profil.042
19:11:21 | INFO: Blender create Mesh node M3_03_yatay_profil.043
19:11:21 | INFO: Blender create Mesh node M3_03_yatay_profil.044
19:11:21 | INFO: Blender create Mesh node M3_03_yatay_profil.045
19:11:21 | INFO: Blender create Mesh node M3_03_yatay_profil.046
19:11:21 | INFO: Blender create Mesh node M3_03_yatay_profil.047
19:11:21 | INFO: Blender create Mesh node M3_04_dik_profil.024
19:11:21 | INFO: Blender create Mesh node M3_04_dik_profil.025
19:11:21 | INFO: Blender create Mesh node M3_04_dik_profil.026
19:11:21 | INFO: Blender create Mesh node M3_04_dik_profil.027
19:11:21 | INFO: Blender create Mesh node M3_04_dik_profil.028
19:11:21 | INFO: Blender create Mesh node M3_04_dik_profil.029
19:11:21 | INFO: Blender create Mesh node M3_04_dik_profil.030
19:11:21 | INFO: Blender create Mesh node M3_04_dik_profil.031
19:11:21 | INFO: Blender create Mesh node M3_04_dik_profil.032
19:11:21 | INFO: Blender create Mesh node M3_04_dik_profil.033
19:11:21 | INFO: Blender create Mesh node M3_04_dik_profil.034
19:11:21 | INFO: Blender create Mesh node M3_04_dik_profil.035
19:11:21 | INFO: Blender create Mesh node M3_04_dik_profil.036
19:11:21 | INFO: Blender create Mesh node M3_04_dik_profil.037
19:11:21 | INFO: Blender create Mesh node M3_04_dik_profil.038
19:11:21 | INFO: Blender create Mesh node M3_04_dik_profil.039
19:11:21 | INFO: Blender create Mesh node M3_04_dik_profil.040
19:11:21 | INFO: Blender create Mesh node M3_04_dik_profil.041
19:11:21 | INFO: Blender create Mesh node M3_04_dik_profil.042
19:11:21 | INFO: Blender create Mesh node M3_04_dik_profil.043
19:11:21 | INFO: Blender create Mesh node M3_04_dik_profil.044
19:11:21 | INFO: Blender create Mesh node M3_04_dik_profil.045
19:11:21 | INFO: Blender create Mesh node M3_04_dik_profil.046
19:11:21 | INFO: Blender create Mesh node M3_04_dik_profil.047
19:11:21 | INFO: Blender create Mesh node M3_04_esik_doseme.001
19:11:21 | INFO: Blender create Mesh node M3_04_gobek.012
19:11:21 | INFO: Blender create Mesh node M3_04_gobek.013
19:11:21 | INFO: Blender create Mesh node M3_04_gobek.014
19:11:21 | INFO: Blender create Mesh node M3_04_gobek.015
19:11:21 | INFO: Blender create Mesh node M3_04_gobek.016
19:11:21 | INFO: Blender create Mesh node M3_04_gobek.017
19:11:21 | INFO: Blender create Mesh node M3_04_gobek.018
19:11:21 | INFO: Blender create Mesh node M3_04_gobek.019
19:11:21 | INFO: Blender create Mesh node M3_04_gobek.020
19:11:21 | INFO: Blender create Mesh node M3_04_gobek.021
19:11:21 | INFO: Blender create Mesh node M3_04_gobek.022
19:11:21 | INFO: Blender create Mesh node M3_04_gobek.023
19:11:21 | INFO: Blender create Mesh node M3_04_kanat.001
19:11:21 | INFO: Blender create Mesh node M3_04_kasa.002
19:11:21 | INFO: Blender create Mesh node M3_04_kasa.003
19:11:21 | INFO: Blender create Mesh node M3_04_mentese
19:11:21 | INFO: Blender create Mesh node M3_04_mentese.001
19:11:21 | INFO: Blender create Mesh node M3_04_mentese.002
19:11:21 | INFO: Blender create Mesh node M3_04_pervaz.004
19:11:21 | INFO: Blender create Mesh node M3_04_pervaz.005
19:11:21 | INFO: Blender create Mesh node M3_04_pervaz.006
19:11:21 | INFO: Blender create Mesh node M3_04_pervaz.007
19:11:21 | INFO: Blender create Mesh node Sphere.013
19:11:21 | INFO: Blender create Mesh node Sphere.014
19:11:21 | INFO: Blender create Mesh node M3_04_topuz_mili
19:11:21 | INFO: Blender create Mesh node M3_04_topuz_mili.001
19:11:21 | INFO: Blender create Mesh node M3_04_ust_kasa.001
19:11:21 | INFO: Blender create Mesh node M3_04_ust_pervaz.002
19:11:21 | INFO: Blender create Mesh node M3_04_ust_pervaz.003
19:11:21 | INFO: Blender create Mesh node M3_04_yatay_profil.024
19:11:21 | INFO: Blender create Mesh node M3_04_yatay_profil.025
19:11:21 | INFO: Blender create Mesh node M3_04_yatay_profil.026
19:11:21 | INFO: Blender create Mesh node M3_04_yatay_profil.027
19:11:21 | INFO: Blender create Mesh node M3_04_yatay_profil.028
19:11:21 | INFO: Blender create Mesh node M3_04_yatay_profil.029
19:11:21 | INFO: Blender create Mesh node M3_04_yatay_profil.030
19:11:21 | INFO: Blender create Mesh node M3_04_yatay_profil.031
19:11:21 | INFO: Blender create Mesh node M3_04_yatay_profil.032
19:11:21 | INFO: Blender create Mesh node M3_04_yatay_profil.033
19:11:21 | INFO: Blender create Mesh node M3_04_yatay_profil.034
19:11:21 | INFO: Blender create Mesh node M3_04_yatay_profil.035
19:11:21 | INFO: Blender create Mesh node M3_04_yatay_profil.036
19:11:21 | INFO: Blender create Mesh node M3_04_yatay_profil.037
19:11:21 | INFO: Blender create Mesh node M3_04_yatay_profil.038
19:11:21 | INFO: Blender create Mesh node M3_04_yatay_profil.039
19:11:21 | INFO: Blender create Mesh node M3_04_yatay_profil.040
19:11:21 | INFO: Blender create Mesh node M3_04_yatay_profil.041
19:11:21 | INFO: Blender create Mesh node M3_04_yatay_profil.042
19:11:21 | INFO: Blender create Mesh node M3_04_yatay_profil.043
19:11:21 | INFO: Blender create Mesh node M3_04_yatay_profil.044
19:11:21 | INFO: Blender create Mesh node M3_04_yatay_profil.045
19:11:21 | INFO: Blender create Mesh node M3_04_yatay_profil.046
19:11:21 | INFO: Blender create Mesh node M3_04_yatay_profil.047
19:11:21 | INFO: Blender create Mesh node M3_05_dik_profil.024
19:11:21 | INFO: Blender create Mesh node M3_05_dik_profil.025
19:11:21 | INFO: Blender create Mesh node M3_05_dik_profil.026
19:11:21 | INFO: Blender create Mesh node M3_05_dik_profil.027
19:11:21 | INFO: Blender create Mesh node M3_05_dik_profil.028
19:11:21 | INFO: Blender create Mesh node M3_05_dik_profil.029
19:11:21 | INFO: Blender create Mesh node M3_05_dik_profil.030
19:11:21 | INFO: Blender create Mesh node M3_05_dik_profil.031
19:11:21 | INFO: Blender create Mesh node M3_05_dik_profil.032
19:11:21 | INFO: Blender create Mesh node M3_05_dik_profil.033
19:11:21 | INFO: Blender create Mesh node M3_05_dik_profil.034
19:11:21 | INFO: Blender create Mesh node M3_05_dik_profil.035
19:11:21 | INFO: Blender create Mesh node M3_05_dik_profil.036
19:11:21 | INFO: Blender create Mesh node M3_05_dik_profil.037
19:11:21 | INFO: Blender create Mesh node M3_05_dik_profil.038
19:11:21 | INFO: Blender create Mesh node M3_05_dik_profil.039
19:11:21 | INFO: Blender create Mesh node M3_05_dik_profil.040
19:11:21 | INFO: Blender create Mesh node M3_05_dik_profil.041
19:11:21 | INFO: Blender create Mesh node M3_05_dik_profil.042
19:11:21 | INFO: Blender create Mesh node M3_05_dik_profil.043
19:11:21 | INFO: Blender create Mesh node M3_05_dik_profil.044
19:11:21 | INFO: Blender create Mesh node M3_05_dik_profil.045
19:11:21 | INFO: Blender create Mesh node M3_05_dik_profil.046
19:11:21 | INFO: Blender create Mesh node M3_05_dik_profil.047
19:11:21 | INFO: Blender create Mesh node M3_05_esik_doseme.001
19:11:21 | INFO: Blender create Mesh node M3_05_gobek.012
19:11:21 | INFO: Blender create Mesh node M3_05_gobek.013
19:11:21 | INFO: Blender create Mesh node M3_05_gobek.014
19:11:21 | INFO: Blender create Mesh node M3_05_gobek.015
19:11:21 | INFO: Blender create Mesh node M3_05_gobek.016
19:11:21 | INFO: Blender create Mesh node M3_05_gobek.017
19:11:21 | INFO: Blender create Mesh node M3_05_gobek.018
19:11:21 | INFO: Blender create Mesh node M3_05_gobek.019
19:11:21 | INFO: Blender create Mesh node M3_05_gobek.020
19:11:21 | INFO: Blender create Mesh node M3_05_gobek.021
19:11:21 | INFO: Blender create Mesh node M3_05_gobek.022
19:11:21 | INFO: Blender create Mesh node M3_05_gobek.023
19:11:21 | INFO: Blender create Mesh node M3_05_kanat.001
19:11:21 | INFO: Blender create Mesh node M3_05_kasa.002
19:11:21 | INFO: Blender create Mesh node M3_05_kasa.003
19:11:21 | INFO: Blender create Mesh node M3_05_kulp
19:11:21 | INFO: Blender create Mesh node M3_05_kulp.001
19:11:21 | INFO: Blender create Mesh node M3_05_mentese
19:11:21 | INFO: Blender create Mesh node M3_05_mentese.001
19:11:21 | INFO: Blender create Mesh node M3_05_mentese.002
19:11:21 | INFO: Blender create Mesh node M3_05_pervaz.004
19:11:21 | INFO: Blender create Mesh node M3_05_pervaz.005
19:11:21 | INFO: Blender create Mesh node M3_05_pervaz.006
19:11:21 | INFO: Blender create Mesh node M3_05_pervaz.007
19:11:22 | INFO: Blender create Mesh node M3_05_ust_kasa.001
19:11:22 | INFO: Blender create Mesh node M3_05_ust_pervaz.002
19:11:22 | INFO: Blender create Mesh node M3_05_ust_pervaz.003
19:11:22 | INFO: Blender create Mesh node M3_05_yatay_profil.024
19:11:22 | INFO: Blender create Mesh node M3_05_yatay_profil.025
19:11:22 | INFO: Blender create Mesh node M3_05_yatay_profil.026
19:11:22 | INFO: Blender create Mesh node M3_05_yatay_profil.027
19:11:22 | INFO: Blender create Mesh node M3_05_yatay_profil.028
19:11:22 | INFO: Blender create Mesh node M3_05_yatay_profil.029
19:11:22 | INFO: Blender create Mesh node M3_05_yatay_profil.030
19:11:22 | INFO: Blender create Mesh node M3_05_yatay_profil.031
19:11:22 | INFO: Blender create Mesh node M3_05_yatay_profil.032
19:11:22 | INFO: Blender create Mesh node M3_05_yatay_profil.033
19:11:22 | INFO: Blender create Mesh node M3_05_yatay_profil.034
19:11:22 | INFO: Blender create Mesh node M3_05_yatay_profil.035
19:11:22 | INFO: Blender create Mesh node M3_05_yatay_profil.036
19:11:22 | INFO: Blender create Mesh node M3_05_yatay_profil.037
19:11:22 | INFO: Blender create Mesh node M3_05_yatay_profil.038
19:11:22 | INFO: Blender create Mesh node M3_05_yatay_profil.039
19:11:22 | INFO: Blender create Mesh node M3_05_yatay_profil.040
19:11:22 | INFO: Blender create Mesh node M3_05_yatay_profil.041
19:11:22 | INFO: Blender create Mesh node M3_05_yatay_profil.042
19:11:22 | INFO: Blender create Mesh node M3_05_yatay_profil.043
19:11:22 | INFO: Blender create Mesh node M3_05_yatay_profil.044
19:11:22 | INFO: Blender create Mesh node M3_05_yatay_profil.045
19:11:22 | INFO: Blender create Mesh node M3_05_yatay_profil.046
19:11:22 | INFO: Blender create Mesh node M3_05_yatay_profil.047
19:11:22 | INFO: Blender create Mesh node M3_06_dik_profil.024
19:11:22 | INFO: Blender create Mesh node M3_06_dik_profil.025
19:11:22 | INFO: Blender create Mesh node M3_06_dik_profil.026
19:11:22 | INFO: Blender create Mesh node M3_06_dik_profil.027
19:11:22 | INFO: Blender create Mesh node M3_06_dik_profil.028
19:11:22 | INFO: Blender create Mesh node M3_06_dik_profil.029
19:11:22 | INFO: Blender create Mesh node M3_06_dik_profil.030
19:11:22 | INFO: Blender create Mesh node M3_06_dik_profil.031
19:11:22 | INFO: Blender create Mesh node M3_06_dik_profil.032
19:11:22 | INFO: Blender create Mesh node M3_06_dik_profil.033
19:11:22 | INFO: Blender create Mesh node M3_06_dik_profil.034
19:11:22 | INFO: Blender create Mesh node M3_06_dik_profil.035
19:11:22 | INFO: Blender create Mesh node M3_06_dik_profil.036
19:11:22 | INFO: Blender create Mesh node M3_06_dik_profil.037
19:11:22 | INFO: Blender create Mesh node M3_06_dik_profil.038
19:11:22 | INFO: Blender create Mesh node M3_06_dik_profil.039
19:11:22 | INFO: Blender create Mesh node M3_06_dik_profil.040
19:11:22 | INFO: Blender create Mesh node M3_06_dik_profil.041
19:11:22 | INFO: Blender create Mesh node M3_06_dik_profil.042
19:11:22 | INFO: Blender create Mesh node M3_06_dik_profil.043
19:11:22 | INFO: Blender create Mesh node M3_06_dik_profil.044
19:11:22 | INFO: Blender create Mesh node M3_06_dik_profil.045
19:11:22 | INFO: Blender create Mesh node M3_06_dik_profil.046
19:11:22 | INFO: Blender create Mesh node M3_06_dik_profil.047
19:11:22 | INFO: Blender create Mesh node M3_06_esik_doseme.001
19:11:22 | INFO: Blender create Mesh node M3_06_gobek.012
19:11:22 | INFO: Blender create Mesh node M3_06_gobek.013
19:11:22 | INFO: Blender create Mesh node M3_06_gobek.014
19:11:22 | INFO: Blender create Mesh node M3_06_gobek.015
19:11:22 | INFO: Blender create Mesh node M3_06_gobek.016
19:11:22 | INFO: Blender create Mesh node M3_06_gobek.017
19:11:22 | INFO: Blender create Mesh node M3_06_gobek.018
19:11:22 | INFO: Blender create Mesh node M3_06_gobek.019
19:11:22 | INFO: Blender create Mesh node M3_06_gobek.020
19:11:22 | INFO: Blender create Mesh node M3_06_gobek.021
19:11:22 | INFO: Blender create Mesh node M3_06_gobek.022
19:11:22 | INFO: Blender create Mesh node M3_06_gobek.023
19:11:22 | INFO: Blender create Mesh node M3_06_kanat.001
19:11:22 | INFO: Blender create Mesh node M3_06_kasa.002
19:11:22 | INFO: Blender create Mesh node M3_06_kasa.003
19:11:22 | INFO: Blender create Mesh node M3_06_mentese
19:11:22 | INFO: Blender create Mesh node M3_06_mentese.001
19:11:22 | INFO: Blender create Mesh node M3_06_mentese.002
19:11:22 | INFO: Blender create Mesh node M3_06_pervaz.004
19:11:22 | INFO: Blender create Mesh node M3_06_pervaz.005
19:11:22 | INFO: Blender create Mesh node M3_06_pervaz.006
19:11:22 | INFO: Blender create Mesh node M3_06_pervaz.007
19:11:22 | INFO: Blender create Mesh node Sphere.015
19:11:22 | INFO: Blender create Mesh node Sphere.016
19:11:22 | INFO: Blender create Mesh node M3_06_topuz_mili
19:11:22 | INFO: Blender create Mesh node M3_06_topuz_mili.001
19:11:22 | INFO: Blender create Mesh node M3_06_ust_kasa.001
19:11:22 | INFO: Blender create Mesh node M3_06_ust_pervaz.002
19:11:22 | INFO: Blender create Mesh node M3_06_ust_pervaz.003
19:11:22 | INFO: Blender create Mesh node M3_06_yatay_profil.024
19:11:22 | INFO: Blender create Mesh node M3_06_yatay_profil.025
19:11:22 | INFO: Blender create Mesh node M3_06_yatay_profil.026
19:11:22 | INFO: Blender create Mesh node M3_06_yatay_profil.027
19:11:22 | INFO: Blender create Mesh node M3_06_yatay_profil.028
19:11:22 | INFO: Blender create Mesh node M3_06_yatay_profil.029
19:11:22 | INFO: Blender create Mesh node M3_06_yatay_profil.030
19:11:22 | INFO: Blender create Mesh node M3_06_yatay_profil.031
19:11:22 | INFO: Blender create Mesh node M3_06_yatay_profil.032
19:11:22 | INFO: Blender create Mesh node M3_06_yatay_profil.033
19:11:22 | INFO: Blender create Mesh node M3_06_yatay_profil.034
19:11:22 | INFO: Blender create Mesh node M3_06_yatay_profil.035
19:11:22 | INFO: Blender create Mesh node M3_06_yatay_profil.036
19:11:22 | INFO: Blender create Mesh node M3_06_yatay_profil.037
19:11:22 | INFO: Blender create Mesh node M3_06_yatay_profil.038
19:11:22 | INFO: Blender create Mesh node M3_06_yatay_profil.039
19:11:22 | INFO: Blender create Mesh node M3_06_yatay_profil.040
19:11:22 | INFO: Blender create Mesh node M3_06_yatay_profil.041
19:11:22 | INFO: Blender create Mesh node M3_06_yatay_profil.042
19:11:22 | INFO: Blender create Mesh node M3_06_yatay_profil.043
19:11:22 | INFO: Blender create Mesh node M3_06_yatay_profil.044
19:11:22 | INFO: Blender create Mesh node M3_06_yatay_profil.045
19:11:22 | INFO: Blender create Mesh node M3_06_yatay_profil.046
19:11:22 | INFO: Blender create Mesh node M3_06_yatay_profil.047
19:11:22 | INFO: Blender create Mesh node M3_07_dik_profil.024
19:11:22 | INFO: Blender create Mesh node M3_07_dik_profil.025
19:11:22 | INFO: Blender create Mesh node M3_07_dik_profil.026
19:11:22 | INFO: Blender create Mesh node M3_07_dik_profil.027
19:11:22 | INFO: Blender create Mesh node M3_07_dik_profil.028
19:11:22 | INFO: Blender create Mesh node M3_07_dik_profil.029
19:11:22 | INFO: Blender create Mesh node M3_07_dik_profil.030
19:11:22 | INFO: Blender create Mesh node M3_07_dik_profil.031
19:11:22 | INFO: Blender create Mesh node M3_07_dik_profil.032
19:11:22 | INFO: Blender create Mesh node M3_07_dik_profil.033
19:11:22 | INFO: Blender create Mesh node M3_07_dik_profil.034
19:11:22 | INFO: Blender create Mesh node M3_07_dik_profil.035
19:11:22 | INFO: Blender create Mesh node M3_07_dik_profil.036
19:11:22 | INFO: Blender create Mesh node M3_07_dik_profil.037
19:11:22 | INFO: Blender create Mesh node M3_07_dik_profil.038
19:11:22 | INFO: Blender create Mesh node M3_07_dik_profil.039
19:11:22 | INFO: Blender create Mesh node M3_07_dik_profil.040
19:11:22 | INFO: Blender create Mesh node M3_07_dik_profil.041
19:11:22 | INFO: Blender create Mesh node M3_07_dik_profil.042
19:11:22 | INFO: Blender create Mesh node M3_07_dik_profil.043
19:11:22 | INFO: Blender create Mesh node M3_07_dik_profil.044
19:11:22 | INFO: Blender create Mesh node M3_07_dik_profil.045
19:11:22 | INFO: Blender create Mesh node M3_07_dik_profil.046
19:11:22 | INFO: Blender create Mesh node M3_07_dik_profil.047
19:11:22 | INFO: Blender create Mesh node M3_07_esik_doseme.001
19:11:22 | INFO: Blender create Mesh node M3_07_gobek.012
19:11:22 | INFO: Blender create Mesh node M3_07_gobek.013
19:11:22 | INFO: Blender create Mesh node M3_07_gobek.014
19:11:22 | INFO: Blender create Mesh node M3_07_gobek.015
19:11:22 | INFO: Blender create Mesh node M3_07_gobek.016
19:11:22 | INFO: Blender create Mesh node M3_07_gobek.017
19:11:22 | INFO: Blender create Mesh node M3_07_gobek.018
19:11:22 | INFO: Blender create Mesh node M3_07_gobek.019
19:11:22 | INFO: Blender create Mesh node M3_07_gobek.020
19:11:22 | INFO: Blender create Mesh node M3_07_gobek.021
19:11:22 | INFO: Blender create Mesh node M3_07_gobek.022
19:11:22 | INFO: Blender create Mesh node M3_07_gobek.023
19:11:22 | INFO: Blender create Mesh node M3_07_kanat.001
19:11:22 | INFO: Blender create Mesh node M3_07_kasa.002
19:11:22 | INFO: Blender create Mesh node M3_07_kasa.003
19:11:22 | INFO: Blender create Mesh node M3_07_mentese
19:11:22 | INFO: Blender create Mesh node M3_07_mentese.001
19:11:22 | INFO: Blender create Mesh node M3_07_mentese.002
19:11:22 | INFO: Blender create Mesh node M3_07_pervaz.004
19:11:22 | INFO: Blender create Mesh node M3_07_pervaz.005
19:11:22 | INFO: Blender create Mesh node M3_07_pervaz.006
19:11:22 | INFO: Blender create Mesh node M3_07_pervaz.007
19:11:22 | INFO: Blender create Mesh node Sphere.017
19:11:22 | INFO: Blender create Mesh node Sphere.018
19:11:22 | INFO: Blender create Mesh node M3_07_topuz_mili
19:11:22 | INFO: Blender create Mesh node M3_07_topuz_mili.001
19:11:22 | INFO: Blender create Mesh node M3_07_ust_kasa.001
19:11:22 | INFO: Blender create Mesh node M3_07_ust_pervaz.002
19:11:22 | INFO: Blender create Mesh node M3_07_ust_pervaz.003
19:11:22 | INFO: Blender create Mesh node M3_07_yatay_profil.024
19:11:22 | INFO: Blender create Mesh node M3_07_yatay_profil.025
19:11:22 | INFO: Blender create Mesh node M3_07_yatay_profil.026
19:11:22 | INFO: Blender create Mesh node M3_07_yatay_profil.027
19:11:22 | INFO: Blender create Mesh node M3_07_yatay_profil.028
19:11:22 | INFO: Blender create Mesh node M3_07_yatay_profil.029
19:11:22 | INFO: Blender create Mesh node M3_07_yatay_profil.030
19:11:22 | INFO: Blender create Mesh node M3_07_yatay_profil.031
19:11:22 | INFO: Blender create Mesh node M3_07_yatay_profil.032
19:11:22 | INFO: Blender create Mesh node M3_07_yatay_profil.033
19:11:22 | INFO: Blender create Mesh node M3_07_yatay_profil.034
19:11:22 | INFO: Blender create Mesh node M3_07_yatay_profil.035
19:11:22 | INFO: Blender create Mesh node M3_07_yatay_profil.036
19:11:22 | INFO: Blender create Mesh node M3_07_yatay_profil.037
19:11:22 | INFO: Blender create Mesh node M3_07_yatay_profil.038
19:11:22 | INFO: Blender create Mesh node M3_07_yatay_profil.039
19:11:22 | INFO: Blender create Mesh node M3_07_yatay_profil.040
19:11:22 | INFO: Blender create Mesh node M3_07_yatay_profil.041
19:11:22 | INFO: Blender create Mesh node M3_07_yatay_profil.042
19:11:22 | INFO: Blender create Mesh node M3_07_yatay_profil.043
19:11:22 | INFO: Blender create Mesh node M3_07_yatay_profil.044
19:11:22 | INFO: Blender create Mesh node M3_07_yatay_profil.045
19:11:22 | INFO: Blender create Mesh node M3_07_yatay_profil.046
19:11:22 | INFO: Blender create Mesh node M3_07_yatay_profil.047
19:11:22 | INFO: Blender create Mesh node M3_08_dik_profil.024
19:11:22 | INFO: Blender create Mesh node M3_08_dik_profil.025
19:11:22 | INFO: Blender create Mesh node M3_08_dik_profil.026
19:11:22 | INFO: Blender create Mesh node M3_08_dik_profil.027
19:11:22 | INFO: Blender create Mesh node M3_08_dik_profil.028
19:11:22 | INFO: Blender create Mesh node M3_08_dik_profil.029
19:11:22 | INFO: Blender create Mesh node M3_08_dik_profil.030
19:11:22 | INFO: Blender create Mesh node M3_08_dik_profil.031
19:11:22 | INFO: Blender create Mesh node M3_08_dik_profil.032
19:11:22 | INFO: Blender create Mesh node M3_08_dik_profil.033
19:11:22 | INFO: Blender create Mesh node M3_08_dik_profil.034
19:11:22 | INFO: Blender create Mesh node M3_08_dik_profil.035
19:11:22 | INFO: Blender create Mesh node M3_08_dik_profil.036
19:11:22 | INFO: Blender create Mesh node M3_08_dik_profil.037
19:11:22 | INFO: Blender create Mesh node M3_08_dik_profil.038
19:11:22 | INFO: Blender create Mesh node M3_08_dik_profil.039
19:11:22 | INFO: Blender create Mesh node M3_08_dik_profil.040
19:11:22 | INFO: Blender create Mesh node M3_08_dik_profil.041
19:11:22 | INFO: Blender create Mesh node M3_08_dik_profil.042
19:11:22 | INFO: Blender create Mesh node M3_08_dik_profil.043
19:11:22 | INFO: Blender create Mesh node M3_08_dik_profil.044
19:11:22 | INFO: Blender create Mesh node M3_08_dik_profil.045
19:11:22 | INFO: Blender create Mesh node M3_08_dik_profil.046
19:11:22 | INFO: Blender create Mesh node M3_08_dik_profil.047
19:11:22 | INFO: Blender create Mesh node M3_08_esik_doseme.001
19:11:22 | INFO: Blender create Mesh node M3_08_gobek.012
19:11:22 | INFO: Blender create Mesh node M3_08_gobek.013
19:11:22 | INFO: Blender create Mesh node M3_08_gobek.014
19:11:22 | INFO: Blender create Mesh node M3_08_gobek.015
19:11:22 | INFO: Blender create Mesh node M3_08_gobek.016
19:11:22 | INFO: Blender create Mesh node M3_08_gobek.017
19:11:22 | INFO: Blender create Mesh node M3_08_gobek.018
19:11:22 | INFO: Blender create Mesh node M3_08_gobek.019
19:11:22 | INFO: Blender create Mesh node M3_08_gobek.020
19:11:22 | INFO: Blender create Mesh node M3_08_gobek.021
19:11:22 | INFO: Blender create Mesh node M3_08_gobek.022
19:11:22 | INFO: Blender create Mesh node M3_08_gobek.023
19:11:22 | INFO: Blender create Mesh node M3_08_kanat.001
19:11:22 | INFO: Blender create Mesh node M3_08_kasa.002
19:11:22 | INFO: Blender create Mesh node M3_08_kasa.003
19:11:22 | INFO: Blender create Mesh node M3_08_mentese
19:11:22 | INFO: Blender create Mesh node M3_08_mentese.001
19:11:22 | INFO: Blender create Mesh node M3_08_mentese.002
19:11:22 | INFO: Blender create Mesh node M3_08_pervaz.004
19:11:22 | INFO: Blender create Mesh node M3_08_pervaz.005
19:11:22 | INFO: Blender create Mesh node M3_08_pervaz.006
19:11:22 | INFO: Blender create Mesh node M3_08_pervaz.007
19:11:22 | INFO: Blender create Mesh node Sphere.019
19:11:22 | INFO: Blender create Mesh node Sphere.020
19:11:22 | INFO: Blender create Mesh node M3_08_topuz_mili
19:11:22 | INFO: Blender create Mesh node M3_08_topuz_mili.001
19:11:22 | INFO: Blender create Mesh node M3_08_ust_kasa.001
19:11:22 | INFO: Blender create Mesh node M3_08_ust_pervaz.002
19:11:22 | INFO: Blender create Mesh node M3_08_ust_pervaz.003
19:11:22 | INFO: Blender create Mesh node M3_08_yatay_profil.024
19:11:22 | INFO: Blender create Mesh node M3_08_yatay_profil.025
19:11:22 | INFO: Blender create Mesh node M3_08_yatay_profil.026
19:11:22 | INFO: Blender create Mesh node M3_08_yatay_profil.027
19:11:22 | INFO: Blender create Mesh node M3_08_yatay_profil.028
19:11:22 | INFO: Blender create Mesh node M3_08_yatay_profil.029
19:11:22 | INFO: Blender create Mesh node M3_08_yatay_profil.030
19:11:22 | INFO: Blender create Mesh node M3_08_yatay_profil.031
19:11:22 | INFO: Blender create Mesh node M3_08_yatay_profil.032
19:11:22 | INFO: Blender create Mesh node M3_08_yatay_profil.033
19:11:22 | INFO: Blender create Mesh node M3_08_yatay_profil.034
19:11:22 | INFO: Blender create Mesh node M3_08_yatay_profil.035
19:11:22 | INFO: Blender create Mesh node M3_08_yatay_profil.036
19:11:22 | INFO: Blender create Mesh node M3_08_yatay_profil.037
19:11:22 | INFO: Blender create Mesh node M3_08_yatay_profil.038
19:11:22 | INFO: Blender create Mesh node M3_08_yatay_profil.039
19:11:22 | INFO: Blender create Mesh node M3_08_yatay_profil.040
19:11:22 | INFO: Blender create Mesh node M3_08_yatay_profil.041
19:11:22 | INFO: Blender create Mesh node M3_08_yatay_profil.042
19:11:22 | INFO: Blender create Mesh node M3_08_yatay_profil.043
19:11:22 | INFO: Blender create Mesh node M3_08_yatay_profil.044
19:11:22 | INFO: Blender create Mesh node M3_08_yatay_profil.045
19:11:22 | INFO: Blender create Mesh node M3_08_yatay_profil.046
19:11:22 | INFO: Blender create Mesh node M3_08_yatay_profil.047
19:11:22 | INFO: Blender create Mesh node M3_09_dik_profil.024
19:11:22 | INFO: Blender create Mesh node M3_09_dik_profil.025
19:11:22 | INFO: Blender create Mesh node M3_09_dik_profil.026
19:11:22 | INFO: Blender create Mesh node M3_09_dik_profil.027
19:11:22 | INFO: Blender create Mesh node M3_09_dik_profil.028
19:11:22 | INFO: Blender create Mesh node M3_09_dik_profil.029
19:11:22 | INFO: Blender create Mesh node M3_09_dik_profil.030
19:11:22 | INFO: Blender create Mesh node M3_09_dik_profil.031
19:11:22 | INFO: Blender create Mesh node M3_09_dik_profil.032
19:11:22 | INFO: Blender create Mesh node M3_09_dik_profil.033
19:11:22 | INFO: Blender create Mesh node M3_09_dik_profil.034
19:11:22 | INFO: Blender create Mesh node M3_09_dik_profil.035
19:11:22 | INFO: Blender create Mesh node M3_09_dik_profil.036
19:11:22 | INFO: Blender create Mesh node M3_09_dik_profil.037
19:11:22 | INFO: Blender create Mesh node M3_09_dik_profil.038
19:11:22 | INFO: Blender create Mesh node M3_09_dik_profil.039
19:11:22 | INFO: Blender create Mesh node M3_09_dik_profil.040
19:11:22 | INFO: Blender create Mesh node M3_09_dik_profil.041
19:11:22 | INFO: Blender create Mesh node M3_09_dik_profil.042
19:11:22 | INFO: Blender create Mesh node M3_09_dik_profil.043
19:11:22 | INFO: Blender create Mesh node M3_09_dik_profil.044
19:11:22 | INFO: Blender create Mesh node M3_09_dik_profil.045
19:11:22 | INFO: Blender create Mesh node M3_09_dik_profil.046
19:11:22 | INFO: Blender create Mesh node M3_09_dik_profil.047
19:11:22 | INFO: Blender create Mesh node M3_09_esik_doseme.001
19:11:22 | INFO: Blender create Mesh node M3_09_gobek.012
19:11:22 | INFO: Blender create Mesh node M3_09_gobek.013
19:11:22 | INFO: Blender create Mesh node M3_09_gobek.014
19:11:22 | INFO: Blender create Mesh node M3_09_gobek.015
19:11:22 | INFO: Blender create Mesh node M3_09_gobek.016
19:11:22 | INFO: Blender create Mesh node M3_09_gobek.017
19:11:22 | INFO: Blender create Mesh node M3_09_gobek.018
19:11:22 | INFO: Blender create Mesh node M3_09_gobek.019
19:11:22 | INFO: Blender create Mesh node M3_09_gobek.020
19:11:22 | INFO: Blender create Mesh node M3_09_gobek.021
19:11:22 | INFO: Blender create Mesh node M3_09_gobek.022
19:11:22 | INFO: Blender create Mesh node M3_09_gobek.023
19:11:22 | INFO: Blender create Mesh node M3_09_kanat.001
19:11:22 | INFO: Blender create Mesh node M3_09_kasa.002
19:11:22 | INFO: Blender create Mesh node M3_09_kasa.003
19:11:22 | INFO: Blender create Mesh node M3_09_mentese
19:11:22 | INFO: Blender create Mesh node M3_09_mentese.001
19:11:22 | INFO: Blender create Mesh node M3_09_mentese.002
19:11:22 | INFO: Blender create Mesh node M3_09_pervaz.004
19:11:22 | INFO: Blender create Mesh node M3_09_pervaz.005
19:11:22 | INFO: Blender create Mesh node M3_09_pervaz.006
19:11:22 | INFO: Blender create Mesh node M3_09_pervaz.007
19:11:22 | INFO: Blender create Mesh node Sphere.021
19:11:22 | INFO: Blender create Mesh node Sphere.022
19:11:22 | INFO: Blender create Mesh node M3_09_topuz_mili
19:11:22 | INFO: Blender create Mesh node M3_09_topuz_mili.001
19:11:22 | INFO: Blender create Mesh node M3_09_ust_kasa.001
19:11:22 | INFO: Blender create Mesh node M3_09_ust_pervaz.002
19:11:22 | INFO: Blender create Mesh node M3_09_ust_pervaz.003
19:11:22 | INFO: Blender create Mesh node M3_09_yatay_profil.024
19:11:22 | INFO: Blender create Mesh node M3_09_yatay_profil.025
19:11:22 | INFO: Blender create Mesh node M3_09_yatay_profil.026
19:11:22 | INFO: Blender create Mesh node M3_09_yatay_profil.027
19:11:22 | INFO: Blender create Mesh node M3_09_yatay_profil.028
19:11:22 | INFO: Blender create Mesh node M3_09_yatay_profil.029
19:11:22 | INFO: Blender create Mesh node M3_09_yatay_profil.030
19:11:22 | INFO: Blender create Mesh node M3_09_yatay_profil.031
19:11:22 | INFO: Blender create Mesh node M3_09_yatay_profil.032
19:11:22 | INFO: Blender create Mesh node M3_09_yatay_profil.033
19:11:22 | INFO: Blender create Mesh node M3_09_yatay_profil.034
19:11:22 | INFO: Blender create Mesh node M3_09_yatay_profil.035
19:11:22 | INFO: Blender create Mesh node M3_09_yatay_profil.036
19:11:22 | INFO: Blender create Mesh node M3_09_yatay_profil.037
19:11:22 | INFO: Blender create Mesh node M3_09_yatay_profil.038
19:11:22 | INFO: Blender create Mesh node M3_09_yatay_profil.039
19:11:22 | INFO: Blender create Mesh node M3_09_yatay_profil.040
19:11:22 | INFO: Blender create Mesh node M3_09_yatay_profil.041
19:11:22 | INFO: Blender create Mesh node M3_09_yatay_profil.042
19:11:22 | INFO: Blender create Mesh node M3_09_yatay_profil.043
19:11:22 | INFO: Blender create Mesh node M3_09_yatay_profil.044
19:11:22 | INFO: Blender create Mesh node M3_09_yatay_profil.045
19:11:22 | INFO: Blender create Mesh node M3_09_yatay_profil.046
19:11:22 | INFO: Blender create Mesh node M3_09_yatay_profil.047
19:11:22 | INFO: Blender create Mesh node M3_10_dik_profil.024
19:11:22 | INFO: Blender create Mesh node M3_10_dik_profil.025
19:11:22 | INFO: Blender create Mesh node M3_10_dik_profil.026
19:11:22 | INFO: Blender create Mesh node M3_10_dik_profil.027
19:11:22 | INFO: Blender create Mesh node M3_10_dik_profil.028
19:11:22 | INFO: Blender create Mesh node M3_10_dik_profil.029
19:11:22 | INFO: Blender create Mesh node M3_10_dik_profil.030
19:11:22 | INFO: Blender create Mesh node M3_10_dik_profil.031
19:11:22 | INFO: Blender create Mesh node M3_10_dik_profil.032
19:11:22 | INFO: Blender create Mesh node M3_10_dik_profil.033
19:11:22 | INFO: Blender create Mesh node M3_10_dik_profil.034
19:11:22 | INFO: Blender create Mesh node M3_10_dik_profil.035
19:11:22 | INFO: Blender create Mesh node M3_10_dik_profil.036
19:11:22 | INFO: Blender create Mesh node M3_10_dik_profil.037
19:11:22 | INFO: Blender create Mesh node M3_10_dik_profil.038
19:11:22 | INFO: Blender create Mesh node M3_10_dik_profil.039
19:11:22 | INFO: Blender create Mesh node M3_10_dik_profil.040
19:11:22 | INFO: Blender create Mesh node M3_10_dik_profil.041
19:11:22 | INFO: Blender create Mesh node M3_10_dik_profil.042
19:11:22 | INFO: Blender create Mesh node M3_10_dik_profil.043
19:11:22 | INFO: Blender create Mesh node M3_10_dik_profil.044
19:11:22 | INFO: Blender create Mesh node M3_10_dik_profil.045
19:11:22 | INFO: Blender create Mesh node M3_10_dik_profil.046
19:11:22 | INFO: Blender create Mesh node M3_10_dik_profil.047
19:11:23 | INFO: Blender create Mesh node M3_10_doseme_boslugu.001
19:11:23 | INFO: Blender create Mesh node M3_10_esik_doseme.001
19:11:23 | INFO: Blender create Mesh node M3_10_gobek.012
19:11:23 | INFO: Blender create Mesh node M3_10_gobek.013
19:11:23 | INFO: Blender create Mesh node M3_10_gobek.014
19:11:23 | INFO: Blender create Mesh node M3_10_gobek.015
19:11:23 | INFO: Blender create Mesh node M3_10_gobek.016
19:11:23 | INFO: Blender create Mesh node M3_10_gobek.017
19:11:23 | INFO: Blender create Mesh node M3_10_gobek.018
19:11:23 | INFO: Blender create Mesh node M3_10_gobek.019
19:11:23 | INFO: Blender create Mesh node M3_10_gobek.020
19:11:23 | INFO: Blender create Mesh node M3_10_gobek.021
19:11:23 | INFO: Blender create Mesh node M3_10_gobek.022
19:11:23 | INFO: Blender create Mesh node M3_10_gobek.023
19:11:23 | INFO: Blender create Mesh node M3_10_kanat.001
19:11:23 | INFO: Blender create Mesh node M3_10_kasa.002
19:11:23 | INFO: Blender create Mesh node M3_10_kasa.003
19:11:23 | INFO: Blender create Mesh node M3_10_mentese
19:11:23 | INFO: Blender create Mesh node M3_10_mentese.001
19:11:23 | INFO: Blender create Mesh node M3_10_mentese.002
19:11:23 | INFO: Blender create Mesh node M3_10_pervaz.004
19:11:23 | INFO: Blender create Mesh node M3_10_pervaz.005
19:11:23 | INFO: Blender create Mesh node M3_10_pervaz.006
19:11:23 | INFO: Blender create Mesh node M3_10_pervaz.007
19:11:23 | INFO: Blender create Mesh node Sphere.023
19:11:23 | INFO: Blender create Mesh node Sphere.024
19:11:23 | INFO: Blender create Mesh node M3_10_topuz_mili
19:11:23 | INFO: Blender create Mesh node M3_10_topuz_mili.001
19:11:23 | INFO: Blender create Mesh node M3_10_ust_kasa.001
19:11:23 | INFO: Blender create Mesh node M3_10_ust_pervaz.002
19:11:23 | INFO: Blender create Mesh node M3_10_ust_pervaz.003
19:11:23 | INFO: Blender create Mesh node M3_10_yatay_profil.024
19:11:23 | INFO: Blender create Mesh node M3_10_yatay_profil.025
19:11:23 | INFO: Blender create Mesh node M3_10_yatay_profil.026
19:11:23 | INFO: Blender create Mesh node M3_10_yatay_profil.027
19:11:23 | INFO: Blender create Mesh node M3_10_yatay_profil.028
19:11:23 | INFO: Blender create Mesh node M3_10_yatay_profil.029
19:11:23 | INFO: Blender create Mesh node M3_10_yatay_profil.030
19:11:23 | INFO: Blender create Mesh node M3_10_yatay_profil.031
19:11:23 | INFO: Blender create Mesh node M3_10_yatay_profil.032
19:11:23 | INFO: Blender create Mesh node M3_10_yatay_profil.033
19:11:23 | INFO: Blender create Mesh node M3_10_yatay_profil.034
19:11:23 | INFO: Blender create Mesh node M3_10_yatay_profil.035
19:11:23 | INFO: Blender create Mesh node M3_10_yatay_profil.036
19:11:23 | INFO: Blender create Mesh node M3_10_yatay_profil.037
19:11:23 | INFO: Blender create Mesh node M3_10_yatay_profil.038
19:11:23 | INFO: Blender create Mesh node M3_10_yatay_profil.039
19:11:23 | INFO: Blender create Mesh node M3_10_yatay_profil.040
19:11:23 | INFO: Blender create Mesh node M3_10_yatay_profil.041
19:11:23 | INFO: Blender create Mesh node M3_10_yatay_profil.042
19:11:23 | INFO: Blender create Mesh node M3_10_yatay_profil.043
19:11:23 | INFO: Blender create Mesh node M3_10_yatay_profil.044
19:11:23 | INFO: Blender create Mesh node M3_10_yatay_profil.045
19:11:23 | INFO: Blender create Mesh node M3_10_yatay_profil.046
19:11:23 | INFO: Blender create Mesh node M3_10_yatay_profil.047
19:11:23 | INFO: Blender create Mesh node M3_11_esik_doseme.001
19:11:23 | INFO: Blender create Mesh node M3_11_kanat.001
19:11:23 | INFO: Blender create Mesh node M3_11_kasa.002
19:11:23 | INFO: Blender create Mesh node M3_11_kasa.003
19:11:23 | INFO: Blender create Mesh node M3_11_kulp
19:11:23 | INFO: Blender create Mesh node M3_11_kulp.001
19:11:23 | INFO: Blender create Mesh node M3_11_mentese
19:11:23 | INFO: Blender create Mesh node M3_11_mentese.001
19:11:23 | INFO: Blender create Mesh node M3_11_mentese.002
19:11:23 | INFO: Blender create Mesh node M3_11_pervaz.004
19:11:23 | INFO: Blender create Mesh node M3_11_pervaz.005
19:11:23 | INFO: Blender create Mesh node M3_11_pervaz.006
19:11:23 | INFO: Blender create Mesh node M3_11_pervaz.007
19:11:23 | INFO: Blender create Mesh node M3_11_ust_kasa.001
19:11:23 | INFO: Blender create Mesh node M3_11_ust_pervaz.002
19:11:23 | INFO: Blender create Mesh node M3_11_ust_pervaz.003
19:11:23 | INFO: Blender create Mesh node M3_12_dik_profil.024
19:11:23 | INFO: Blender create Mesh node M3_12_dik_profil.025
19:11:23 | INFO: Blender create Mesh node M3_12_dik_profil.026
19:11:23 | INFO: Blender create Mesh node M3_12_dik_profil.027
19:11:23 | INFO: Blender create Mesh node M3_12_dik_profil.028
19:11:23 | INFO: Blender create Mesh node M3_12_dik_profil.029
19:11:23 | INFO: Blender create Mesh node M3_12_dik_profil.030
19:11:23 | INFO: Blender create Mesh node M3_12_dik_profil.031
19:11:23 | INFO: Blender create Mesh node M3_12_dik_profil.032
19:11:23 | INFO: Blender create Mesh node M3_12_dik_profil.033
19:11:23 | INFO: Blender create Mesh node M3_12_dik_profil.034
19:11:23 | INFO: Blender create Mesh node M3_12_dik_profil.035
19:11:23 | INFO: Blender create Mesh node M3_12_dik_profil.036
19:11:23 | INFO: Blender create Mesh node M3_12_dik_profil.037
19:11:23 | INFO: Blender create Mesh node M3_12_dik_profil.038
19:11:23 | INFO: Blender create Mesh node M3_12_dik_profil.039
19:11:23 | INFO: Blender create Mesh node M3_12_dik_profil.040
19:11:23 | INFO: Blender create Mesh node M3_12_dik_profil.041
19:11:23 | INFO: Blender create Mesh node M3_12_dik_profil.042
19:11:23 | INFO: Blender create Mesh node M3_12_dik_profil.043
19:11:23 | INFO: Blender create Mesh node M3_12_dik_profil.044
19:11:23 | INFO: Blender create Mesh node M3_12_dik_profil.045
19:11:23 | INFO: Blender create Mesh node M3_12_dik_profil.046
19:11:23 | INFO: Blender create Mesh node M3_12_dik_profil.047
19:11:23 | INFO: Blender create Mesh node M3_12_esik_doseme.001
19:11:23 | INFO: Blender create Mesh node M3_12_gobek.012
19:11:23 | INFO: Blender create Mesh node M3_12_gobek.013
19:11:23 | INFO: Blender create Mesh node M3_12_gobek.014
19:11:23 | INFO: Blender create Mesh node M3_12_gobek.015
19:11:23 | INFO: Blender create Mesh node M3_12_gobek.016
19:11:23 | INFO: Blender create Mesh node M3_12_gobek.017
19:11:23 | INFO: Blender create Mesh node M3_12_gobek.018
19:11:23 | INFO: Blender create Mesh node M3_12_gobek.019
19:11:23 | INFO: Blender create Mesh node M3_12_gobek.020
19:11:23 | INFO: Blender create Mesh node M3_12_gobek.021
19:11:23 | INFO: Blender create Mesh node M3_12_gobek.022
19:11:23 | INFO: Blender create Mesh node M3_12_gobek.023
19:11:23 | INFO: Blender create Mesh node M3_12_kanat.001
19:11:23 | INFO: Blender create Mesh node M3_12_kasa.002
19:11:23 | INFO: Blender create Mesh node M3_12_kasa.003
19:11:23 | INFO: Blender create Mesh node M3_12_mentese
19:11:23 | INFO: Blender create Mesh node M3_12_mentese.001
19:11:23 | INFO: Blender create Mesh node M3_12_mentese.002
19:11:23 | INFO: Blender create Mesh node M3_12_pervaz.004
19:11:23 | INFO: Blender create Mesh node M3_12_pervaz.005
19:11:23 | INFO: Blender create Mesh node M3_12_pervaz.006
19:11:23 | INFO: Blender create Mesh node M3_12_pervaz.007
19:11:23 | INFO: Blender create Mesh node Sphere.025
19:11:23 | INFO: Blender create Mesh node Sphere.026
19:11:23 | INFO: Blender create Mesh node M3_12_topuz_mili
19:11:23 | INFO: Blender create Mesh node M3_12_topuz_mili.001
19:11:23 | INFO: Blender create Mesh node M3_12_ust_kasa.001
19:11:23 | INFO: Blender create Mesh node M3_12_ust_pervaz.002
19:11:23 | INFO: Blender create Mesh node M3_12_ust_pervaz.003
19:11:23 | INFO: Blender create Mesh node M3_12_yatay_profil.024
19:11:23 | INFO: Blender create Mesh node M3_12_yatay_profil.025
19:11:23 | INFO: Blender create Mesh node M3_12_yatay_profil.026
19:11:23 | INFO: Blender create Mesh node M3_12_yatay_profil.027
19:11:23 | INFO: Blender create Mesh node M3_12_yatay_profil.028
19:11:23 | INFO: Blender create Mesh node M3_12_yatay_profil.029
19:11:23 | INFO: Blender create Mesh node M3_12_yatay_profil.030
19:11:23 | INFO: Blender create Mesh node M3_12_yatay_profil.031
19:11:23 | INFO: Blender create Mesh node M3_12_yatay_profil.032
19:11:23 | INFO: Blender create Mesh node M3_12_yatay_profil.033
19:11:23 | INFO: Blender create Mesh node M3_12_yatay_profil.034
19:11:23 | INFO: Blender create Mesh node M3_12_yatay_profil.035
19:11:23 | INFO: Blender create Mesh node M3_12_yatay_profil.036
19:11:23 | INFO: Blender create Mesh node M3_12_yatay_profil.037
19:11:23 | INFO: Blender create Mesh node M3_12_yatay_profil.038
19:11:23 | INFO: Blender create Mesh node M3_12_yatay_profil.039
19:11:23 | INFO: Blender create Mesh node M3_12_yatay_profil.040
19:11:23 | INFO: Blender create Mesh node M3_12_yatay_profil.041
19:11:23 | INFO: Blender create Mesh node M3_12_yatay_profil.042
19:11:23 | INFO: Blender create Mesh node M3_12_yatay_profil.043
19:11:23 | INFO: Blender create Mesh node M3_12_yatay_profil.044
19:11:23 | INFO: Blender create Mesh node M3_12_yatay_profil.045
19:11:23 | INFO: Blender create Mesh node M3_12_yatay_profil.046
19:11:23 | INFO: Blender create Mesh node M3_12_yatay_profil.047
19:11:23 | INFO: Blender create Mesh node M3_13_dik_profil.024
19:11:23 | INFO: Blender create Mesh node M3_13_dik_profil.025
19:11:23 | INFO: Blender create Mesh node M3_13_dik_profil.026
19:11:23 | INFO: Blender create Mesh node M3_13_dik_profil.027
19:11:23 | INFO: Blender create Mesh node M3_13_dik_profil.028
19:11:23 | INFO: Blender create Mesh node M3_13_dik_profil.029
19:11:23 | INFO: Blender create Mesh node M3_13_dik_profil.030
19:11:23 | INFO: Blender create Mesh node M3_13_dik_profil.031
19:11:23 | INFO: Blender create Mesh node M3_13_dik_profil.032
19:11:23 | INFO: Blender create Mesh node M3_13_dik_profil.033
19:11:23 | INFO: Blender create Mesh node M3_13_dik_profil.034
19:11:23 | INFO: Blender create Mesh node M3_13_dik_profil.035
19:11:23 | INFO: Blender create Mesh node M3_13_dik_profil.036
19:11:23 | INFO: Blender create Mesh node M3_13_dik_profil.037
19:11:23 | INFO: Blender create Mesh node M3_13_dik_profil.038
19:11:23 | INFO: Blender create Mesh node M3_13_dik_profil.039
19:11:23 | INFO: Blender create Mesh node M3_13_dik_profil.040
19:11:23 | INFO: Blender create Mesh node M3_13_dik_profil.041
19:11:23 | INFO: Blender create Mesh node M3_13_dik_profil.042
19:11:23 | INFO: Blender create Mesh node M3_13_dik_profil.043
19:11:23 | INFO: Blender create Mesh node M3_13_dik_profil.044
19:11:23 | INFO: Blender create Mesh node M3_13_dik_profil.045
19:11:23 | INFO: Blender create Mesh node M3_13_dik_profil.046
19:11:23 | INFO: Blender create Mesh node M3_13_dik_profil.047
19:11:23 | INFO: Blender create Mesh node M3_13_esik_doseme.001
19:11:23 | INFO: Blender create Mesh node M3_13_gobek.012
19:11:23 | INFO: Blender create Mesh node M3_13_gobek.013
19:11:23 | INFO: Blender create Mesh node M3_13_gobek.014
19:11:23 | INFO: Blender create Mesh node M3_13_gobek.015
19:11:23 | INFO: Blender create Mesh node M3_13_gobek.016
19:11:23 | INFO: Blender create Mesh node M3_13_gobek.017
19:11:23 | INFO: Blender create Mesh node M3_13_gobek.018
19:11:23 | INFO: Blender create Mesh node M3_13_gobek.019
19:11:23 | INFO: Blender create Mesh node M3_13_gobek.020
19:11:23 | INFO: Blender create Mesh node M3_13_gobek.021
19:11:23 | INFO: Blender create Mesh node M3_13_gobek.022
19:11:23 | INFO: Blender create Mesh node M3_13_gobek.023
19:11:23 | INFO: Blender create Mesh node M3_13_kanat.001
19:11:23 | INFO: Blender create Mesh node M3_13_kasa.002
19:11:23 | INFO: Blender create Mesh node M3_13_kasa.003
19:11:23 | INFO: Blender create Mesh node M3_13_kasa_bini
19:11:23 | INFO: Blender create Mesh node M3_13_kasa_bini.001
19:11:23 | INFO: Blender create Mesh node M3_13_kulp.002
19:11:23 | INFO: Blender create Mesh node M3_13_kulp.003
19:11:23 | INFO: Blender create Mesh node M3_13_mentese.003
19:11:23 | INFO: Blender create Mesh node M3_13_mentese.004
19:11:23 | INFO: Blender create Mesh node M3_13_mentese.005
19:11:23 | INFO: Blender create Mesh node M3_13_pervaz.004
19:11:23 | INFO: Blender create Mesh node M3_13_pervaz.005
19:11:23 | INFO: Blender create Mesh node M3_13_pervaz.006
19:11:23 | INFO: Blender create Mesh node M3_13_pervaz.007
19:11:23 | INFO: Blender create Mesh node M3_13_ust_bini
19:11:23 | INFO: Blender create Mesh node M3_13_ust_kasa.001
19:11:23 | INFO: Blender create Mesh node M3_13_ust_pervaz.002
19:11:23 | INFO: Blender create Mesh node M3_13_ust_pervaz.003
19:11:23 | INFO: Blender create Mesh node M3_13_yatay_profil.024
19:11:23 | INFO: Blender create Mesh node M3_13_yatay_profil.025
19:11:23 | INFO: Blender create Mesh node M3_13_yatay_profil.026
19:11:23 | INFO: Blender create Mesh node M3_13_yatay_profil.027
19:11:23 | INFO: Blender create Mesh node M3_13_yatay_profil.028
19:11:23 | INFO: Blender create Mesh node M3_13_yatay_profil.029
19:11:23 | INFO: Blender create Mesh node M3_13_yatay_profil.030
19:11:23 | INFO: Blender create Mesh node M3_13_yatay_profil.031
19:11:23 | INFO: Blender create Mesh node M3_13_yatay_profil.032
19:11:23 | INFO: Blender create Mesh node M3_13_yatay_profil.033
19:11:23 | INFO: Blender create Mesh node M3_13_yatay_profil.034
19:11:23 | INFO: Blender create Mesh node M3_13_yatay_profil.035
19:11:23 | INFO: Blender create Mesh node M3_13_yatay_profil.036
19:11:23 | INFO: Blender create Mesh node M3_13_yatay_profil.037
19:11:23 | INFO: Blender create Mesh node M3_13_yatay_profil.038
19:11:23 | INFO: Blender create Mesh node M3_13_yatay_profil.039
19:11:23 | INFO: Blender create Mesh node M3_13_yatay_profil.040
19:11:23 | INFO: Blender create Mesh node M3_13_yatay_profil.041
19:11:23 | INFO: Blender create Mesh node M3_13_yatay_profil.042
19:11:23 | INFO: Blender create Mesh node M3_13_yatay_profil.043
19:11:23 | INFO: Blender create Mesh node M3_13_yatay_profil.044
19:11:23 | INFO: Blender create Mesh node M3_13_yatay_profil.045
19:11:23 | INFO: Blender create Mesh node M3_13_yatay_profil.046
19:11:23 | INFO: Blender create Mesh node M3_13_yatay_profil.047
19:11:23 | INFO: Blender create Mesh node M3C_kapi_ustu.001
19:11:23 | INFO: Blender create Mesh node M3C_sag_yan.001
19:11:23 | INFO: Blender create Mesh node M3C_sol_yan.001
19:11:23 | INFO: Blender create Mesh node M3G_Cam_ara_cita.004
19:11:23 | INFO: Blender create Mesh node M3G_Cam_ara_cita.005
19:11:23 | INFO: Blender create Mesh node M3G_Cam_ara_cita.006
19:11:23 | INFO: Blender create Mesh node M3G_Cam_ara_cita.007
19:11:23 | INFO: Blender create Mesh node M3G_Floral_cam.001
19:11:23 | INFO: Blender create Mesh node M3G_Kanat_alt.001
19:11:23 | INFO: Blender create Mesh node M3G_Kanat_dikme.002
19:11:23 | INFO: Blender create Mesh node M3G_Kanat_dikme.003
19:11:23 | INFO: Blender create Mesh node M3G_Kanat_ust.001
19:11:23 | INFO: Blender create Mesh node M3G_Kasa.002
19:11:23 | INFO: Blender create Mesh node M3G_Kasa.003
19:11:23 | INFO: Blender create Mesh node M3G_Kol.002
19:11:23 | INFO: Blender create Mesh node M3G_Kol.003
19:11:23 | INFO: Blender create Mesh node M3G_Mentese.003
19:11:23 | INFO: Blender create Mesh node M3G_Mentese.004
19:11:23 | INFO: Blender create Mesh node M3G_Mentese.005
19:11:23 | INFO: Blender create Mesh node M3G_Pervaz.004
19:11:23 | INFO: Blender create Mesh node M3G_Pervaz.005
19:11:23 | INFO: Blender create Mesh node M3G_Pervaz.006
19:11:23 | INFO: Blender create Mesh node M3G_Pervaz.007
19:11:23 | INFO: Blender create Mesh node M3G_Ust_kasa.001
19:11:23 | INFO: Blender create Mesh node M3G_Ust_pervaz.002
19:11:23 | INFO: Blender create Mesh node M3G_Ust_pervaz.003
19:11:23 | INFO: Blender create Mesh node M6_Antre_boru
19:11:23 | INFO: Blender create Mesh node M6_Antre_boru.001
19:11:23 | INFO: Blender create Mesh node M6_Antre_dilim_00
19:11:23 | INFO: Blender create Mesh node M6_Antre_dilim_01
19:11:23 | INFO: Blender create Mesh node M6_Antre_dilim_02
19:11:23 | INFO: Blender create Mesh node M6_Antre_dilim_03
19:11:23 | INFO: Blender create Mesh node M6_Antre_dilim_04
19:11:23 | INFO: Blender create Mesh node M6_Antre_dilim_05
19:11:23 | INFO: Blender create Mesh node M6_Antre_dilim_06
19:11:23 | INFO: Blender create Mesh node M6_Antre_dilim_07
19:11:23 | INFO: Blender create Mesh node M6_Antre_dilim_08
19:11:23 | INFO: Blender create Mesh node M6_Antre_dilim_09
19:11:23 | INFO: Blender create Mesh node M6_Antre_duvar_askisi
19:11:23 | INFO: Blender create Mesh node M6_Antre_duvar_askisi.001
19:11:23 | INFO: Blender create Mesh node M6_Antre_duvar_askisi.002
19:11:23 | INFO: Blender create Mesh node M6_Antre_duvar_askisi.003
19:11:23 | INFO: Blender create Mesh node M6_Antre_kollektor
19:11:23 | INFO: Blender create Mesh node M6_Antre_kollektor.001
19:11:23 | INFO: Blender create Mesh node M6_Antre_vana
19:11:23 | INFO: Blender create Mesh node M6_Antre_vana.001
19:11:23 | INFO: glTF import finished in 5.42s
[kontrol] ekler yüklendi: C:\Users\yigit\Downloads\angora-main (2)\angora-main\build\web\26092026\EKLER.glb
[kontrol] silindi mobilya ROUGHNSS90 4602 yüz
[kontrol] silindi mobilya bulb_warm 302 yüz
[kontrol] silindi mimari metal (5) 17483 yüz
[kontrol] silindi mimari Lift | Photographed walnut door finish (4).001 1149 yüz
[kontrol] silindi mobilya metal1 8260 yüz
[kontrol] silindi mobilya WOOD1 722 yüz
[kontrol] silindi mimari wood_dark (4) 17009 yüz
[kontrol] silindi mobilya WOOD2 920 yüz
[kontrol] silindi mobilya BLCK 28 yüz
[kontrol] silindi mobilya wht 68 yüz
[foto-doku] 29 malzeme 394617 yüz
C:\Users\yigit\Downloads\angora-main (2)\angora-main\tools\blender\08_kontrol_render.py:112: DeprecationWarning: 'World.use_nodes' is expected to be removed in Blender 6.0
  world = bpy.data.worlds.new('Gok'); scene.world = world; world.use_nodes = True
00:45.704  cycles           | WARNING HIPEW initialization failed: Error opening HIP dynamic library
00:49.500  render           | Saved: 'C:\Users\yigit\angora-tur10\kontrol\_olcum_47.png'
00:59.907  render           | Saved: 'C:\Users\yigit\angora-tur10\kontrol\render_47.png'
[kontrol] render 47 pozlama 0.41 -> C:\Users\yigit\angora-tur10\kontrol\render_47.png
01:02.844  render           | Saved: 'C:\Users\yigit\angora-tur10\kontrol\_olcum_18.png'
01:13.157  render           | Saved: 'C:\Users\yigit\angora-tur10\kontrol\render_18.png'
[kontrol] render 18 pozlama 2.66 -> C:\Users\yigit\angora-tur10\kontrol\render_18.png
01:15.922  render           | Saved: 'C:\Users\yigit\angora-tur10\kontrol\_olcum_34.png'
01:25.188  render           | Saved: 'C:\Users\yigit\angora-tur10\kontrol\render_34.png'
[kontrol] render 34 pozlama 2.15 -> C:\Users\yigit\angora-tur10\kontrol\render_34.png
01:28.219  render           | Saved: 'C:\Users\yigit\angora-tur10\kontrol\_olcum_42.png'
01:39.313  render           | Saved: 'C:\Users\yigit\angora-tur10\kontrol\render_42.png'
[kontrol] render 42 pozlama 2.08 -> C:\Users\yigit\angora-tur10\kontrol\render_42.png
01:42.110  render           | Saved: 'C:\Users\yigit\angora-tur10\kontrol\_olcum_29.png'
01:51.032  render           | Saved: 'C:\Users\yigit\angora-tur10\kontrol\render_29.png'
[kontrol] render 29 pozlama 3.15 -> C:\Users\yigit\angora-tur10\kontrol\render_29.png
01:54.172  render           | Saved: 'C:\Users\yigit\angora-tur10\kontrol\_olcum_40.png'
02:06.610  render           | Saved: 'C:\Users\yigit\angora-tur10\kontrol\render_40.png'
[kontrol] render 40 pozlama 2.36 -> C:\Users\yigit\angora-tur10\kontrol\render_40.png
02:09.532  render           | Saved: 'C:\Users\yigit\angora-tur10\kontrol\_olcum_17.png'
02:19.313  render           | Saved: 'C:\Users\yigit\angora-tur10\kontrol\render_17.png'
[kontrol] render 17 pozlama 0.86 -> C:\Users\yigit\angora-tur10\kontrol\render_17.png
02:21.782  render           | Saved: 'C:\Users\yigit\angora-tur10\kontrol\_olcum_04.png'
02:31.360  render           | Saved: 'C:\Users\yigit\angora-tur10\kontrol\render_04.png'
[kontrol] render 4 pozlama 1.05 -> C:\Users\yigit\angora-tur10\kontrol\render_04.png
02:33.844  render           | Saved: 'C:\Users\yigit\angora-tur10\kontrol\_olcum_13.png'
02:42.954  render           | Saved: 'C:\Users\yigit\angora-tur10\kontrol\render_13.png'
[kontrol] render 13 pozlama 1.03 -> C:\Users\yigit\angora-tur10\kontrol\render_13.png
02:45.454  render           | Saved: 'C:\Users\yigit\angora-tur10\kontrol\_olcum_15.png'
02:54.407  render           | Saved: 'C:\Users\yigit\angora-tur10\kontrol\render_15.png'
[kontrol] render 15 pozlama 9.0 -> C:\Users\yigit\angora-tur10\kontrol\render_15.png
02:56.985  render           | Saved: 'C:\Users\yigit\angora-tur10\kontrol\_olcum_19.png'
03:06.297  render           | Saved: 'C:\Users\yigit\angora-tur10\kontrol\render_19.png'
[kontrol] render 19 pozlama 1.53 -> C:\Users\yigit\angora-tur10\kontrol\render_19.png
03:09.344  render           | Saved: 'C:\Users\yigit\angora-tur10\kontrol\_olcum_21.png'
03:19.547  render           | Saved: 'C:\Users\yigit\angora-tur10\kontrol\render_21.png'
[kontrol] render 21 pozlama 1.13 -> C:\Users\yigit\angora-tur10\kontrol\render_21.png
03:22.844  render           | Saved: 'C:\Users\yigit\angora-tur10\kontrol\_olcum_44.png'
03:33.813  render           | Saved: 'C:\Users\yigit\angora-tur10\kontrol\render_44.png'
[kontrol] render 44 pozlama -0.08 -> C:\Users\yigit\angora-tur10\kontrol\render_44.png
[kontrol] TAMAM 13
Blender 5.2.1 LTS (hash 9e2066aef7ef built 2026-08-25 02:38:20)

Blender quit
