00:02.156  blend            | Read blend: "C:\Users\yigit\angora-tur10\ekler-calisma.blend"
[foto-doku] 12 malzeme 57062 yüz
INFO Draco is available, use library at C:\Program Files\Blender Foundation\Blender 5.2\5.2\scripts\addons_core\io_scene_gltf2\bf_intern_draco_bridge.dll
INFO MeshOptimizer is available, use library at C:\Program Files\Blender Foundation\Blender 5.2\5.2\scripts\addons_core\io_scene_gltf2\bf_intern_meshopt_bridge.dll
23:06:54 | INFO: Starting glTF 2.0 export
23:06:54 | INFO: Extracting primitive: A04_F18_34_sarkit
23:06:54 | INFO: Primitives created: 1
23:06:54 | INFO: Extracting primitive: A04_F18_34_zincir_halka
23:06:54 | INFO: Primitives created: 1
23:06:54 | INFO: Extracting primitive: A04_F18_34_zincir_halka.001
23:06:54 | INFO: Primitives created: 1
23:06:54 | INFO: Extracting primitive: A04_F18_34_zincir_halka.002
23:06:54 | INFO: Primitives created: 1
23:06:54 | INFO: Extracting primitive: A04_F18_34_zincir_halka.003
23:06:54 | INFO: Primitives created: 1
23:06:54 | INFO: Extracting primitive: A04_F18_34_zincir_halka.004
23:06:54 | INFO: Primitives created: 1
23:06:54 | INFO: Extracting primitive: A04_F18_34_zincir_halka.005
23:06:54 | INFO: Primitives created: 1
23:06:54 | INFO: Extracting primitive: A04_F18_34_zincir_halka.006
23:06:54 | INFO: Primitives created: 1
23:06:54 | INFO: Extracting primitive: A04_F18_34_zincir_halka.007
23:06:54 | INFO: Primitives created: 1
23:06:54 | INFO: Extracting primitive: A04_F18_34_zincir_halka.008
23:06:54 | INFO: Primitives created: 1
23:06:54 | INFO: Extracting primitive: A04_F18_34_zincir_halka.009
23:06:54 | INFO: Primitives created: 1
23:06:54 | INFO: Extracting primitive: A04_F18_34_zincir_halka.010
23:06:54 | INFO: Primitives created: 1
23:06:54 | INFO: Extracting primitive: A04_F18_34_zincir_halka.011
23:06:54 | INFO: Primitives created: 1
23:06:54 | INFO: Extracting primitive: A04_F18_34_zincir_halka.012
23:06:54 | INFO: Primitives created: 1
23:06:54 | INFO: Extracting primitive: A04_F18_34_zincir_halka.013
23:06:54 | INFO: Primitives created: 1
23:06:54 | INFO: Extracting primitive: A04_F18_34_zincir_halka.014
23:06:54 | INFO: Primitives created: 1
23:06:54 | INFO: Extracting primitive: A04_F18_34_zincir_halka.015
23:06:54 | INFO: Primitives created: 1
23:06:54 | INFO: Extracting primitive: A04_F18_34_zincir_halka.016
23:06:54 | INFO: Primitives created: 1
23:06:54 | INFO: Extracting primitive: A04_F18_34_zincir_halka.017
23:06:54 | INFO: Primitives created: 1
23:06:54 | INFO: Extracting primitive: A04_F18_34_zincir_halka.018
23:06:54 | INFO: Primitives created: 1
23:06:54 | INFO: Extracting primitive: A04_F18_34_zincir_halka.019
23:06:54 | INFO: Primitives created: 1
23:06:54 | INFO: Extracting primitive: A04_F18_34_zincir_halka.020
23:06:54 | INFO: Primitives created: 1
23:06:54 | INFO: Extracting primitive: A04_F18_34_zincir_halka.021
23:06:54 | INFO: Primitives created: 1
23:06:54 | INFO: Extracting primitive: A04_F18_34_zincir_halka.022
23:06:54 | INFO: Primitives created: 1
23:06:54 | INFO: Extracting primitive: A04_F18_34_zincir_halka.023
23:06:54 | INFO: Primitives created: 1
23:06:54 | INFO: Extracting primitive: A04_F18_34_zincir_halka.024
23:06:54 | INFO: Primitives created: 1
23:06:54 | INFO: Extracting primitive: A04_F18_34_zincir_halka.025
23:06:54 | INFO: Primitives created: 1
23:06:54 | INFO: Extracting primitive: A04_F18_34_zincir_halka.026
23:06:54 | INFO: Primitives created: 1
23:06:54 | INFO: Extracting primitive: A04_F18_34_zincir_halka.027
23:06:54 | INFO: Primitives created: 1
23:06:54 | INFO: Extracting primitive: A04_F18_34_zincir_halka.028
23:06:54 | INFO: Primitives created: 1
23:06:54 | INFO: Extracting primitive: A04_F18_34_zincir_halka.029
23:06:54 | INFO: Primitives created: 1
23:06:54 | INFO: Extracting primitive: A04_F18_34_zincir_halka.030
23:06:54 | INFO: Primitives created: 1
23:06:54 | INFO: Extracting primitive: A04_F18_34_zincir_halka.031
23:06:54 | INFO: Primitives created: 1
23:06:54 | INFO: Extracting primitive: A04_F18_34_zincir_halka.032
23:06:54 | INFO: Primitives created: 1
23:06:54 | INFO: Extracting primitive: A04_F18_34_zincir_halka.033
23:06:54 | INFO: Primitives created: 1
23:06:54 | INFO: Extracting primitive: A04_F18_34_zincir_halka.034
23:06:54 | INFO: Primitives created: 1
23:06:54 | INFO: Extracting primitive: A04_F18_34_zincir_halka.035
23:06:54 | INFO: Primitives created: 1
23:06:54 | INFO: Extracting primitive: A04_F18_34_zincir_halka.036
23:06:54 | INFO: Primitives created: 1
23:06:54 | INFO: Extracting primitive: A04_F18_34_zincir_halka.037
23:06:54 | INFO: Primitives created: 1
23:06:54 | INFO: Extracting primitive: A04_F18_34_zincir_halka.038
23:06:54 | INFO: Primitives created: 1
23:06:54 | INFO: Extracting primitive: A04_F18_34_zincir_halka.039
23:06:54 | INFO: Primitives created: 1
23:06:54 | INFO: Extracting primitive: A04_F18_34_zincir_halka.040
23:06:54 | INFO: Primitives created: 1
23:06:54 | INFO: Extracting primitive: A04_F18_34_zincir_halka.041
23:06:54 | INFO: Primitives created: 1
23:06:54 | INFO: Extracting primitive: A04_F18_34_zincir_halka.042
23:06:54 | INFO: Primitives created: 1
23:06:54 | INFO: Extracting primitive: A04_F18_34_zincir_halka.043
23:06:54 | INFO: Primitives created: 1
23:06:54 | INFO: Extracting primitive: A04_F18_34_zincir_halka.044
23:06:54 | INFO: Primitives created: 1
23:06:54 | INFO: Extracting primitive: A04_F18_34_zincir_halka.045
23:06:54 | INFO: Primitives created: 1
23:06:54 | INFO: Extracting primitive: A04_F18_34_zincir_halka.046
23:06:54 | INFO: Primitives created: 1
23:06:54 | INFO: Extracting primitive: A04_F18_34_zincir_halka.047
23:06:54 | INFO: Primitives created: 1
23:06:54 | INFO: Extracting primitive: A04_F18_34_zincir_halka.048
23:06:54 | INFO: Primitives created: 1
23:06:54 | INFO: Extracting primitive: A04_F18_34_zincir_halka.049
23:06:54 | INFO: Primitives created: 1
23:06:54 | INFO: Extracting primitive: A04_F18_34_zincir_halka.050
23:06:54 | INFO: Primitives created: 1
23:06:54 | INFO: Extracting primitive: A04_F18_34_zincir_halka.051
23:06:54 | INFO: Primitives created: 1
23:06:54 | INFO: Extracting primitive: A04_F18_34_zincir_halka.052
23:06:54 | INFO: Primitives created: 1
23:06:54 | INFO: Extracting primitive: A04_F18_34_zincir_halka.053
23:06:54 | INFO: Primitives created: 1
23:06:54 | INFO: Extracting primitive: A04_F18_34_zincir_halka.054
23:06:54 | INFO: Primitives created: 1
23:06:54 | INFO: Extracting primitive: A04_F18_34_zincir_halka.055
23:06:54 | INFO: Primitives created: 1
23:06:54 | INFO: Extracting primitive: A04_F18_34_zincir_halka.056
23:06:54 | INFO: Primitives created: 1
23:06:54 | INFO: Extracting primitive: A04_F18_34_zincir_halka.057
23:06:54 | INFO: Primitives created: 1
23:06:54 | INFO: Extracting primitive: A04_F18_34_zincir_halka.058
23:06:54 | INFO: Primitives created: 1
23:06:54 | INFO: Extracting primitive: A04_F18_34_zincir_halka.059
23:06:54 | INFO: Primitives created: 1
23:06:54 | INFO: Extracting primitive: A04_F18_34_zincir_halka.060
23:06:54 | INFO: Primitives created: 1
23:06:54 | INFO: Extracting primitive: A04_F18_34_zincir_halka.061
23:06:54 | INFO: Primitives created: 1
23:06:54 | INFO: Extracting primitive: A04_F18_34_zincir_halka.062
23:06:54 | INFO: Primitives created: 1
23:06:54 | INFO: Extracting primitive: A04_F18_34_zincir_halka.063
23:06:54 | INFO: Primitives created: 1
23:06:54 | INFO: Extracting primitive: A04_F18_34_zincir_halka.064
23:06:54 | INFO: Primitives created: 1
23:06:54 | INFO: Extracting primitive: A04_F18_34_zincir_halka.065
23:06:54 | INFO: Primitives created: 1
23:06:54 | INFO: Extracting primitive: A04_F18_34_zincir_halka.066
23:06:54 | INFO: Primitives created: 1
23:06:54 | INFO: Extracting primitive: A04_F18_34_zincir_halka.067
23:06:54 | INFO: Primitives created: 1
23:06:54 | INFO: Extracting primitive: A04_F18_34_zincir_halka.068
23:06:54 | INFO: Primitives created: 1
23:06:54 | INFO: Extracting primitive: A04_F18_34_zincir_halka.069
23:06:54 | INFO: Primitives created: 1
23:06:54 | INFO: Extracting primitive: A04_F18_34_zincir_halka.070
23:06:54 | INFO: Primitives created: 1
23:06:54 | INFO: Extracting primitive: A04_F18_34_zincir_halka.071
23:06:54 | INFO: Primitives created: 1
23:06:54 | INFO: Extracting primitive: A04_F18_34_zincir_halka.072
23:06:54 | INFO: Primitives created: 1
23:06:54 | INFO: Extracting primitive: A04_F18_34_zincir_halka.073
23:06:54 | INFO: Primitives created: 1
23:06:54 | INFO: Extracting primitive: A04_F18_34_zincir_halka.074
23:06:54 | INFO: Primitives created: 1
23:06:54 | INFO: Extracting primitive: A04_F18_34_zincir_halka.075
23:06:54 | INFO: Primitives created: 1
23:06:54 | INFO: Extracting primitive: A04_F18_34_zincir_halka.076
23:06:54 | INFO: Primitives created: 1
23:06:54 | INFO: Extracting primitive: A04_F18_34_zincir_halka.077
23:06:54 | INFO: Primitives created: 1
23:06:54 | INFO: Extracting primitive: A04_F18_34_zincir_tavan
23:06:54 | INFO: Primitives created: 1
23:06:54 | INFO: Extracting primitive: A04_F18_alt_aplik_cam
23:06:54 | INFO: Primitives created: 1
23:06:54 | INFO: Extracting primitive: A04_F18_alt_aplik_kol
23:06:54 | INFO: Primitives created: 1
23:06:54 | INFO: Extracting primitive: A04_F18_alt_aplik_rozet
23:06:54 | INFO: Primitives created: 1
23:06:54 | INFO: Extracting primitive: A04_F18_plafonyer_opal
23:06:54 | INFO: Primitives created: 1
23:06:54 | INFO: Extracting primitive: A04_F18_plafonyer_rozet
23:06:54 | INFO: Primitives created: 1
23:06:54 | INFO: Extracting primitive: A04_F18_plafonyer_topuz
23:06:54 | INFO: Primitives created: 1
23:06:54 | INFO: Extracting primitive: A04_F18_ust_aplik_cam
23:06:54 | INFO: Primitives created: 1
23:06:54 | INFO: Extracting primitive: A04_F18_ust_aplik_kol
23:06:54 | INFO: Primitives created: 1
23:06:54 | INFO: Extracting primitive: A04_F18_ust_aplik_rozet
23:06:54 | INFO: Primitives created: 1
23:06:54 | INFO: Extracting primitive: A04_F29_sol_kiris
23:06:55 | INFO: Primitives created: 1
23:06:55 | INFO: Extracting primitive: A04_F29_spot_0
23:06:55 | INFO: Primitives created: 1
23:06:55 | INFO: Extracting primitive: A04_F29_spot_1
23:06:55 | INFO: Primitives created: 1
23:06:55 | INFO: Extracting primitive: A04_F40_plafonyer_opal
23:06:55 | INFO: Primitives created: 1
23:06:55 | INFO: Extracting primitive: A04_F40_plafonyer_rozet
23:06:55 | INFO: Primitives created: 1
23:06:55 | INFO: Extracting primitive: A04_F40_plafonyer_topuz
23:06:55 | INFO: Primitives created: 1
23:06:55 | INFO: Extracting primitive: A04_K01_esik_kapagi
23:06:56 | INFO: Primitives created: 1
23:06:56 | INFO: Extracting primitive: A04_K01_kasa_ic_kaplama
23:06:56 | INFO: Primitives created: 1
23:06:56 | INFO: Extracting primitive: A04_K01_kasa_ic_kaplama.001
23:06:56 | INFO: Primitives created: 1
23:06:56 | INFO: Extracting primitive: A04_K01_kasa_ust_kaplama
23:06:56 | INFO: Primitives created: 1
23:06:56 | INFO: Extracting primitive: A04_K02_esik_kapagi
23:06:56 | INFO: Primitives created: 1
23:06:56 | INFO: Extracting primitive: A04_K02_kasa_ic_kaplama
23:06:56 | INFO: Primitives created: 1
23:06:56 | INFO: Extracting primitive: A04_K02_kasa_ic_kaplama.001
23:06:56 | INFO: Primitives created: 1
23:06:56 | INFO: Extracting primitive: A04_K02_kasa_ust_kaplama
23:06:56 | INFO: Primitives created: 1
23:06:56 | INFO: Extracting primitive: A04_K03_esik_kapagi
23:06:56 | INFO: Primitives created: 1
23:06:56 | INFO: Extracting primitive: A04_K03_kasa_ic_kaplama
23:06:56 | INFO: Primitives created: 1
23:06:56 | INFO: Extracting primitive: A04_K03_kasa_ic_kaplama.001
23:06:56 | INFO: Primitives created: 1
23:06:56 | INFO: Extracting primitive: A04_K03_kasa_ust_kaplama
23:06:56 | INFO: Primitives created: 1
23:06:56 | INFO: Extracting primitive: A04_K04_esik_kapagi
23:06:56 | INFO: Primitives created: 1
23:06:56 | INFO: Extracting primitive: A04_K04_kasa_ic_kaplama
23:06:56 | INFO: Primitives created: 1
23:06:56 | INFO: Extracting primitive: A04_K04_kasa_ic_kaplama.001
23:06:56 | INFO: Primitives created: 1
23:06:56 | INFO: Extracting primitive: A04_K04_kasa_ust_kaplama
23:06:56 | INFO: Primitives created: 1
23:06:56 | INFO: Extracting primitive: A04_K05_esik_kapagi
23:06:56 | INFO: Primitives created: 1
23:06:56 | INFO: Extracting primitive: A04_K05_kasa_ic_kaplama
23:06:56 | INFO: Primitives created: 1
23:06:56 | INFO: Extracting primitive: A04_K05_kasa_ic_kaplama.001
23:06:56 | INFO: Primitives created: 1
23:06:56 | INFO: Extracting primitive: A04_K05_kasa_ust_kaplama
23:06:56 | INFO: Primitives created: 1
23:06:56 | INFO: Extracting primitive: A04_K06_esik_kapagi
23:06:56 | INFO: Primitives created: 1
23:06:56 | INFO: Extracting primitive: A04_K06_kasa_ic_kaplama
23:06:56 | INFO: Primitives created: 1
23:06:56 | INFO: Extracting primitive: A04_K06_kasa_ic_kaplama.001
23:06:56 | INFO: Primitives created: 1
23:06:56 | INFO: Extracting primitive: A04_K06_kasa_ust_kaplama
23:06:56 | INFO: Primitives created: 1
23:06:56 | INFO: Extracting primitive: A04_K07_esik_kapagi
23:06:56 | INFO: Primitives created: 1
23:06:56 | INFO: Extracting primitive: A04_K07_kasa_ic_kaplama
23:06:56 | INFO: Primitives created: 1
23:06:56 | INFO: Extracting primitive: A04_K07_kasa_ic_kaplama.001
23:06:56 | INFO: Primitives created: 1
23:06:56 | INFO: Extracting primitive: A04_K07_kasa_ust_kaplama
23:06:56 | INFO: Primitives created: 1
23:06:56 | INFO: Extracting primitive: A04_K08_esik_kapagi
23:06:56 | INFO: Primitives created: 1
23:06:56 | INFO: Extracting primitive: A04_K08_kasa_ic_kaplama
23:06:56 | INFO: Primitives created: 1
23:06:56 | INFO: Extracting primitive: A04_K08_kasa_ic_kaplama.001
23:06:56 | INFO: Primitives created: 1
23:06:56 | INFO: Extracting primitive: A04_K08_kasa_ust_kaplama
23:06:56 | INFO: Primitives created: 1
23:06:56 | INFO: Extracting primitive: A04_K09_esik_kapagi
23:06:56 | INFO: Primitives created: 1
23:06:56 | INFO: Extracting primitive: A04_K09_kasa_ic_kaplama
23:06:57 | INFO: Primitives created: 1
23:06:57 | INFO: Extracting primitive: A04_K09_kasa_ic_kaplama.001
23:06:57 | INFO: Primitives created: 1
23:06:57 | INFO: Extracting primitive: A04_K09_kasa_ust_kaplama
23:06:57 | INFO: Primitives created: 1
23:06:57 | INFO: Extracting primitive: A04_K10_esik_kapagi
23:06:57 | INFO: Primitives created: 1
23:06:57 | INFO: Extracting primitive: A04_K10_kasa_ic_kaplama
23:06:57 | INFO: Primitives created: 1
23:06:57 | INFO: Extracting primitive: A04_K10_kasa_ic_kaplama.001
23:06:57 | INFO: Primitives created: 1
23:06:57 | INFO: Extracting primitive: A04_K10_kasa_ust_kaplama
23:06:57 | INFO: Primitives created: 1
23:06:57 | INFO: Extracting primitive: A04_K11_esik_kapagi
23:06:57 | INFO: Primitives created: 1
23:06:57 | INFO: Extracting primitive: A04_K11_kasa_ic_kaplama
23:06:57 | INFO: Primitives created: 1
23:06:57 | INFO: Extracting primitive: A04_K11_kasa_ic_kaplama.001
23:06:57 | INFO: Primitives created: 1
23:06:57 | INFO: Extracting primitive: A04_K11_kasa_ust_kaplama
23:06:57 | INFO: Primitives created: 1
23:06:57 | INFO: Extracting primitive: A04_K12_esik_kapagi
23:06:57 | INFO: Primitives created: 1
23:06:57 | INFO: Extracting primitive: A04_K12_kasa_ic_kaplama
23:06:57 | INFO: Primitives created: 1
23:06:57 | INFO: Extracting primitive: A04_K12_kasa_ic_kaplama.001
23:06:57 | INFO: Primitives created: 1
23:06:57 | INFO: Extracting primitive: A04_K12_kasa_ust_kaplama
23:06:57 | INFO: Primitives created: 1
23:06:57 | INFO: Extracting primitive: A04_K13_esik_kapagi
23:06:57 | INFO: Primitives created: 1
23:06:57 | INFO: Extracting primitive: A04_K13_kasa_ic_kaplama
23:06:57 | INFO: Primitives created: 1
23:06:57 | INFO: Extracting primitive: A04_K13_kasa_ic_kaplama.001
23:06:57 | INFO: Primitives created: 1
23:06:57 | INFO: Extracting primitive: A04_K13_kasa_ust_kaplama
23:06:57 | INFO: Primitives created: 1
23:06:57 | INFO: Extracting primitive: A05_F42_yuvarlak_1
23:06:57 | INFO: Primitives created: 1
23:06:57 | INFO: Extracting primitive: A05_F42_yuvarlak_2
23:06:57 | INFO: Primitives created: 1
23:06:57 | INFO: Extracting primitive: A05_F42_yuvarlak_3
23:06:57 | INFO: Primitives created: 1
23:06:57 | INFO: Extracting primitive: A05_kartonpiyer_birlesik
23:06:57 | INFO: Primitives created: 1
23:06:57 | INFO: Extracting primitive: M1_supurgelik_001
23:06:58 | INFO: Primitives created: 1
23:06:58 | INFO: Extracting primitive: M1_supurgelik_002
23:06:58 | INFO: Primitives created: 1
23:06:58 | INFO: Extracting primitive: M1_supurgelik_003
23:06:58 | INFO: Primitives created: 1
23:06:58 | INFO: Extracting primitive: M1_supurgelik_004
23:06:58 | INFO: Primitives created: 1
23:06:58 | INFO: Extracting primitive: M1_supurgelik_005
23:06:58 | INFO: Primitives created: 1
23:06:58 | INFO: Extracting primitive: M1_supurgelik_006
23:06:58 | INFO: Primitives created: 1
23:06:58 | INFO: Extracting primitive: M1_supurgelik_007
23:06:58 | INFO: Primitives created: 1
23:06:58 | INFO: Extracting primitive: M1_supurgelik_008
23:06:58 | INFO: Primitives created: 1
23:06:58 | INFO: Extracting primitive: M1_supurgelik_009
23:06:58 | INFO: Primitives created: 1
23:06:58 | INFO: Extracting primitive: M1_supurgelik_010
23:06:58 | INFO: Primitives created: 1
23:06:58 | INFO: Extracting primitive: M1_supurgelik_011
23:06:58 | INFO: Primitives created: 1
23:06:58 | INFO: Extracting primitive: M1_supurgelik_012
23:06:58 | INFO: Primitives created: 1
23:06:58 | INFO: Extracting primitive: M1_supurgelik_013
23:06:58 | INFO: Primitives created: 1
23:06:58 | INFO: Extracting primitive: M1_supurgelik_014
23:06:58 | INFO: Primitives created: 1
23:06:58 | INFO: Extracting primitive: M1_supurgelik_015
23:06:58 | INFO: Primitives created: 1
23:06:58 | INFO: Extracting primitive: M1_supurgelik_016
23:06:58 | INFO: Primitives created: 1
23:06:58 | INFO: Extracting primitive: M1_supurgelik_017
23:06:58 | INFO: Primitives created: 1
23:06:58 | INFO: Extracting primitive: M1_supurgelik_018
23:06:58 | INFO: Primitives created: 1
23:06:58 | INFO: Extracting primitive: M1_supurgelik_019
23:06:58 | INFO: Primitives created: 1
23:06:58 | INFO: Extracting primitive: M1_supurgelik_020
23:06:58 | INFO: Primitives created: 1
23:06:58 | INFO: Extracting primitive: M1_supurgelik_021
23:06:58 | INFO: Primitives created: 1
23:06:58 | INFO: Extracting primitive: M1_supurgelik_022
23:06:58 | INFO: Primitives created: 1
23:06:58 | INFO: Extracting primitive: M1_supurgelik_023
23:06:58 | INFO: Primitives created: 1
23:06:58 | INFO: Extracting primitive: M1_supurgelik_024
23:06:58 | INFO: Primitives created: 1
23:06:58 | INFO: Extracting primitive: M1_supurgelik_025
23:06:58 | INFO: Primitives created: 1
23:06:58 | INFO: Extracting primitive: M1_supurgelik_026
23:06:58 | INFO: Primitives created: 1
23:06:58 | INFO: Extracting primitive: M1_supurgelik_027
23:06:58 | INFO: Primitives created: 1
23:06:58 | INFO: Extracting primitive: M1_supurgelik_028
23:06:58 | INFO: Primitives created: 1
23:06:58 | INFO: Extracting primitive: M1_supurgelik_029
23:06:58 | INFO: Primitives created: 1
23:06:58 | INFO: Extracting primitive: M1_supurgelik_030
23:06:58 | INFO: Primitives created: 1
23:06:58 | INFO: Extracting primitive: M1_supurgelik_031
23:06:58 | INFO: Primitives created: 1
23:06:58 | INFO: Extracting primitive: M1_supurgelik_032
23:06:58 | INFO: Primitives created: 1
23:06:58 | INFO: Extracting primitive: M1_supurgelik_033
23:06:58 | INFO: Primitives created: 1
23:06:58 | INFO: Extracting primitive: M1_supurgelik_034
23:06:58 | INFO: Primitives created: 1
23:06:58 | INFO: Extracting primitive: M1_supurgelik_035
23:06:58 | INFO: Primitives created: 1
23:06:58 | INFO: Extracting primitive: M1_supurgelik_036
23:06:58 | INFO: Primitives created: 1
23:06:58 | INFO: Extracting primitive: M1_supurgelik_037
23:06:58 | INFO: Primitives created: 1
23:06:58 | INFO: Extracting primitive: M1_supurgelik_038
23:06:58 | INFO: Primitives created: 1
23:06:58 | INFO: Extracting primitive: M1_supurgelik_039
23:06:58 | INFO: Primitives created: 1
23:06:58 | INFO: Extracting primitive: M1_supurgelik_040
23:06:58 | INFO: Primitives created: 1
23:06:58 | INFO: Extracting primitive: M1_supurgelik_041
23:06:58 | INFO: Primitives created: 1
23:06:58 | INFO: Extracting primitive: M1_supurgelik_042
23:06:58 | INFO: Primitives created: 1
23:06:58 | INFO: Extracting primitive: M1_supurgelik_043
23:06:58 | INFO: Primitives created: 1
23:06:58 | INFO: Extracting primitive: M1_supurgelik_044
23:06:58 | INFO: Primitives created: 1
23:06:58 | INFO: Extracting primitive: M1_supurgelik_045
23:06:58 | INFO: Primitives created: 1
23:06:58 | INFO: Extracting primitive: M1_supurgelik_046
23:06:58 | INFO: Primitives created: 1
23:06:58 | INFO: Extracting primitive: M1_supurgelik_047
23:06:58 | INFO: Primitives created: 1
23:06:58 | INFO: Extracting primitive: M1_supurgelik_048
23:06:58 | INFO: Primitives created: 1
23:06:58 | INFO: Extracting primitive: M1_supurgelik_049
23:06:58 | INFO: Primitives created: 1
23:06:58 | INFO: Extracting primitive: M1_supurgelik_050
23:06:58 | INFO: Primitives created: 1
23:06:58 | INFO: Extracting primitive: M1_supurgelik_051
23:06:58 | INFO: Primitives created: 1
23:06:58 | INFO: Extracting primitive: M1_supurgelik_052
23:06:58 | INFO: Primitives created: 1
23:06:58 | INFO: Extracting primitive: M1_supurgelik_053
23:06:58 | INFO: Primitives created: 1
23:06:58 | INFO: Extracting primitive: M1_supurgelik_054
23:06:58 | INFO: Primitives created: 1
23:06:58 | INFO: Extracting primitive: M1_supurgelik_055
23:06:58 | INFO: Primitives created: 1
23:06:58 | INFO: Extracting primitive: M1_supurgelik_056
23:06:58 | INFO: Primitives created: 1
23:06:58 | INFO: Extracting primitive: M1_supurgelik_057
23:06:58 | INFO: Primitives created: 1
23:06:58 | INFO: Extracting primitive: M1_supurgelik_058
23:06:58 | INFO: Primitives created: 1
23:06:58 | INFO: Extracting primitive: M1_supurgelik_059
23:06:58 | INFO: Primitives created: 1
23:06:58 | INFO: Extracting primitive: M1_supurgelik_060
23:06:58 | INFO: Primitives created: 1
23:06:58 | INFO: Extracting primitive: M1_supurgelik_061
23:06:58 | INFO: Primitives created: 1
23:06:58 | INFO: Extracting primitive: M1_supurgelik_062
23:06:58 | INFO: Primitives created: 1
23:06:58 | INFO: Extracting primitive: M1_supurgelik_063
23:06:58 | INFO: Primitives created: 1
23:06:58 | INFO: Extracting primitive: M1_supurgelik_064
23:06:58 | INFO: Primitives created: 1
23:06:58 | INFO: Extracting primitive: M1_supurgelik_065
23:06:58 | INFO: Primitives created: 1
23:06:58 | INFO: Extracting primitive: M1_supurgelik_066
23:06:58 | INFO: Primitives created: 1
23:06:58 | INFO: Extracting primitive: M1_supurgelik_067
23:06:58 | INFO: Primitives created: 1
23:06:58 | INFO: Extracting primitive: M1_supurgelik_068
23:06:58 | INFO: Primitives created: 1
23:06:58 | INFO: Extracting primitive: M1_supurgelik_069
23:06:58 | INFO: Primitives created: 1
23:06:58 | INFO: Extracting primitive: M1_supurgelik_070
23:06:58 | INFO: Primitives created: 1
23:06:58 | INFO: Extracting primitive: M1_supurgelik_071
23:06:58 | INFO: Primitives created: 1
23:06:58 | INFO: Extracting primitive: M1_supurgelik_072
23:06:58 | INFO: Primitives created: 1
23:06:58 | INFO: Extracting primitive: M1_supurgelik_073
23:06:58 | INFO: Primitives created: 1
23:06:58 | INFO: Extracting primitive: M1_supurgelik_074
23:07:00 | INFO: Primitives created: 1
23:07:00 | INFO: Extracting primitive: M1_supurgelik_075
23:07:00 | INFO: Primitives created: 1
23:07:00 | INFO: Extracting primitive: M1_supurgelik_076
23:07:00 | INFO: Primitives created: 1
23:07:00 | INFO: Extracting primitive: M1_supurgelik_077
23:07:00 | INFO: Primitives created: 1
23:07:00 | INFO: Extracting primitive: M1_supurgelik_078
23:07:00 | INFO: Primitives created: 1
23:07:00 | INFO: Extracting primitive: M1_supurgelik_079
23:07:00 | INFO: Primitives created: 1
23:07:00 | INFO: Extracting primitive: M1_supurgelik_080
23:07:00 | INFO: Primitives created: 1
23:07:00 | INFO: Extracting primitive: M1_supurgelik_081
23:07:00 | INFO: Primitives created: 1
23:07:00 | INFO: Extracting primitive: M1_supurgelik_082
23:07:00 | INFO: Primitives created: 1
23:07:00 | INFO: Extracting primitive: M1_supurgelik_083
23:07:00 | INFO: Primitives created: 1
23:07:00 | INFO: Extracting primitive: M1_supurgelik_084
23:07:00 | INFO: Primitives created: 1
23:07:00 | INFO: Extracting primitive: M1_supurgelik_085
23:07:00 | INFO: Primitives created: 1
23:07:00 | INFO: Extracting primitive: M1_supurgelik_086
23:07:00 | INFO: Primitives created: 1
23:07:00 | INFO: Extracting primitive: M1_supurgelik_087
23:07:00 | INFO: Primitives created: 1
23:07:00 | INFO: Extracting primitive: M1_supurgelik_088
23:07:00 | INFO: Primitives created: 1
23:07:00 | INFO: Extracting primitive: M1_supurgelik_089
23:07:00 | INFO: Primitives created: 1
23:07:00 | INFO: Extracting primitive: M1_supurgelik_090
23:07:00 | INFO: Primitives created: 1
23:07:00 | INFO: Extracting primitive: M1_supurgelik_091
23:07:00 | INFO: Primitives created: 1
23:07:00 | INFO: Extracting primitive: M1_supurgelik_092
23:07:00 | INFO: Primitives created: 1
23:07:00 | INFO: Extracting primitive: M1_supurgelik_093
23:07:00 | INFO: Primitives created: 1
23:07:00 | INFO: Extracting primitive: M1_supurgelik_094
23:07:00 | INFO: Primitives created: 1
23:07:00 | INFO: Extracting primitive: M1_supurgelik_095
23:07:00 | INFO: Primitives created: 1
23:07:00 | INFO: Extracting primitive: M1_supurgelik_096
23:07:00 | INFO: Primitives created: 1
23:07:00 | INFO: Extracting primitive: M1_supurgelik_097
23:07:00 | INFO: Primitives created: 1
23:07:00 | INFO: Extracting primitive: M1_supurgelik_098
23:07:00 | INFO: Primitives created: 1
23:07:00 | INFO: Extracting primitive: M1_supurgelik_099
23:07:00 | INFO: Primitives created: 1
23:07:00 | INFO: Extracting primitive: M1_supurgelik_100
23:07:00 | INFO: Primitives created: 1
23:07:00 | INFO: Extracting primitive: M1_supurgelik_101
23:07:00 | INFO: Primitives created: 1
23:07:00 | INFO: Extracting primitive: M1_supurgelik_102
23:07:00 | INFO: Primitives created: 1
23:07:00 | INFO: Extracting primitive: M1_supurgelik_103
23:07:00 | INFO: Primitives created: 1
23:07:00 | INFO: Extracting primitive: M1_supurgelik_104
23:07:00 | INFO: Primitives created: 1
23:07:00 | INFO: Extracting primitive: M1_supurgelik_105
23:07:00 | INFO: Primitives created: 1
23:07:00 | INFO: Extracting primitive: M1_supurgelik_106
23:07:00 | INFO: Primitives created: 1
23:07:00 | INFO: Extracting primitive: M1_supurgelik_107
23:07:00 | INFO: Primitives created: 1
23:07:00 | INFO: Extracting primitive: M1_supurgelik_108
23:07:00 | INFO: Primitives created: 1
23:07:00 | INFO: Extracting primitive: M1_supurgelik_109
23:07:00 | INFO: Primitives created: 1
23:07:00 | INFO: Extracting primitive: M1_supurgelik_110
23:07:00 | INFO: Primitives created: 1
23:07:00 | INFO: Extracting primitive: M1_supurgelik_111
23:07:00 | INFO: Primitives created: 1
23:07:00 | INFO: Extracting primitive: M1_supurgelik_112
23:07:00 | INFO: Primitives created: 1
23:07:00 | INFO: Extracting primitive: M1_supurgelik_113
23:07:00 | INFO: Primitives created: 1
23:07:00 | INFO: Extracting primitive: M1_supurgelik_114
23:07:00 | INFO: Primitives created: 1
23:07:00 | INFO: Extracting primitive: M1_supurgelik_115
23:07:00 | INFO: Primitives created: 1
23:07:00 | INFO: Extracting primitive: M1_supurgelik_116
23:07:00 | INFO: Primitives created: 1
23:07:00 | INFO: Extracting primitive: M1_supurgelik_117
23:07:00 | INFO: Primitives created: 1
23:07:00 | INFO: Extracting primitive: M1_supurgelik_118
23:07:00 | INFO: Primitives created: 1
23:07:00 | INFO: Extracting primitive: M1_supurgelik_119
23:07:01 | INFO: Primitives created: 1
23:07:01 | INFO: Extracting primitive: M1_supurgelik_120
23:07:01 | INFO: Primitives created: 1
23:07:01 | INFO: Extracting primitive: M1_supurgelik_121
23:07:01 | INFO: Primitives created: 1
23:07:01 | INFO: Extracting primitive: M1_supurgelik_122
23:07:01 | INFO: Primitives created: 1
23:07:01 | INFO: Extracting primitive: M1_supurgelik_123
23:07:01 | INFO: Primitives created: 1
23:07:01 | INFO: Extracting primitive: M1_supurgelik_124
23:07:01 | INFO: Primitives created: 1
23:07:01 | INFO: Extracting primitive: M1_supurgelik_125
23:07:01 | INFO: Primitives created: 1
23:07:01 | INFO: Extracting primitive: M1_supurgelik_126
23:07:01 | INFO: Primitives created: 1
23:07:01 | INFO: Extracting primitive: M1_supurgelik_127
23:07:01 | INFO: Primitives created: 1
23:07:01 | INFO: Extracting primitive: M1_supurgelik_128
23:07:01 | INFO: Primitives created: 1
23:07:01 | INFO: Extracting primitive: M1_supurgelik_129
23:07:01 | INFO: Primitives created: 1
23:07:01 | INFO: Extracting primitive: M1_supurgelik_130
23:07:01 | INFO: Primitives created: 1
23:07:01 | INFO: Extracting primitive: M1_supurgelik_131
23:07:01 | INFO: Primitives created: 1
23:07:01 | INFO: Extracting primitive: M1_supurgelik_132
23:07:01 | INFO: Primitives created: 1
23:07:01 | INFO: Extracting primitive: M1_supurgelik_133
23:07:01 | INFO: Primitives created: 1
23:07:01 | INFO: Extracting primitive: M1_supurgelik_134
23:07:01 | INFO: Primitives created: 1
23:07:01 | INFO: Extracting primitive: M1_supurgelik_135
23:07:01 | INFO: Primitives created: 1
23:07:01 | INFO: Extracting primitive: M1_supurgelik_136
23:07:01 | INFO: Primitives created: 1
23:07:01 | INFO: Extracting primitive: M1_supurgelik_137
23:07:01 | INFO: Primitives created: 1
23:07:01 | INFO: Extracting primitive: M1_supurgelik_138
23:07:01 | INFO: Primitives created: 1
23:07:01 | INFO: Extracting primitive: M1_supurgelik_139
23:07:01 | INFO: Primitives created: 1
23:07:01 | INFO: Extracting primitive: M1_supurgelik_140
23:07:01 | INFO: Primitives created: 1
23:07:01 | INFO: Extracting primitive: M1_supurgelik_141
23:07:01 | INFO: Primitives created: 1
23:07:01 | INFO: Extracting primitive: M1_supurgelik_142
23:07:01 | INFO: Primitives created: 1
23:07:01 | INFO: Extracting primitive: M1_supurgelik_143
23:07:01 | INFO: Primitives created: 1
23:07:01 | INFO: Extracting primitive: M1_supurgelik_144
23:07:01 | INFO: Primitives created: 1
23:07:01 | INFO: Extracting primitive: M1_supurgelik_145
23:07:01 | INFO: Primitives created: 1
23:07:01 | INFO: Extracting primitive: M1_supurgelik_146
23:07:01 | INFO: Primitives created: 1
23:07:01 | INFO: Extracting primitive: M1_supurgelik_147
23:07:01 | INFO: Primitives created: 1
23:07:01 | INFO: Extracting primitive: M1_supurgelik_148
23:07:01 | INFO: Primitives created: 1
23:07:01 | INFO: Extracting primitive: M1_supurgelik_149
23:07:01 | INFO: Primitives created: 1
23:07:01 | INFO: Extracting primitive: M1_supurgelik_150
23:07:01 | INFO: Primitives created: 1
23:07:01 | INFO: Extracting primitive: M1_supurgelik_151
23:07:01 | INFO: Primitives created: 1
23:07:01 | INFO: Extracting primitive: M1_supurgelik_152
23:07:01 | INFO: Primitives created: 1
23:07:01 | INFO: Extracting primitive: M1_supurgelik_153
23:07:01 | INFO: Primitives created: 1
23:07:01 | INFO: Extracting primitive: M1_supurgelik_154
23:07:01 | INFO: Primitives created: 1
23:07:01 | INFO: Extracting primitive: M1_supurgelik_155
23:07:01 | INFO: Primitives created: 1
23:07:01 | INFO: Extracting primitive: M1_supurgelik_156
23:07:01 | INFO: Primitives created: 1
23:07:01 | INFO: Extracting primitive: M1_supurgelik_157
23:07:01 | INFO: Primitives created: 1
23:07:01 | INFO: Extracting primitive: M1_supurgelik_158
23:07:01 | INFO: Primitives created: 1
23:07:01 | INFO: Extracting primitive: M1_supurgelik_159
23:07:01 | INFO: Primitives created: 1
23:07:01 | INFO: Extracting primitive: M1_supurgelik_160
23:07:01 | INFO: Primitives created: 1
23:07:01 | INFO: Extracting primitive: M1_supurgelik_161
23:07:01 | INFO: Primitives created: 1
23:07:01 | INFO: Extracting primitive: M1_supurgelik_162
23:07:01 | INFO: Primitives created: 1
23:07:01 | INFO: Extracting primitive: M1_supurgelik_163
23:07:01 | INFO: Primitives created: 1
23:07:01 | INFO: Extracting primitive: M1_supurgelik_164
23:07:01 | INFO: Primitives created: 1
23:07:01 | INFO: Extracting primitive: M1_supurgelik_165
23:07:01 | INFO: Primitives created: 1
23:07:01 | INFO: Extracting primitive: M1_supurgelik_166
23:07:01 | INFO: Primitives created: 1
23:07:01 | INFO: Extracting primitive: M1_supurgelik_167
23:07:01 | INFO: Primitives created: 1
23:07:01 | INFO: Extracting primitive: M1_supurgelik_168
23:07:01 | INFO: Primitives created: 1
23:07:01 | INFO: Extracting primitive: M1_supurgelik_169
23:07:01 | INFO: Primitives created: 1
23:07:01 | INFO: Extracting primitive: M1_supurgelik_170
23:07:01 | INFO: Primitives created: 1
23:07:01 | INFO: Extracting primitive: M1_supurgelik_171
23:07:01 | INFO: Primitives created: 1
23:07:01 | INFO: Extracting primitive: M1_supurgelik_172
23:07:01 | INFO: Primitives created: 1
23:07:01 | INFO: Extracting primitive: M1_supurgelik_173
23:07:01 | INFO: Primitives created: 1
23:07:01 | INFO: Extracting primitive: M1_supurgelik_174
23:07:01 | INFO: Primitives created: 1
23:07:01 | INFO: Extracting primitive: M1_supurgelik_175
23:07:01 | INFO: Primitives created: 1
23:07:01 | INFO: Extracting primitive: M1_supurgelik_176
23:07:01 | INFO: Primitives created: 1
23:07:01 | INFO: Extracting primitive: M1_supurgelik_177
23:07:01 | INFO: Primitives created: 1
23:07:01 | INFO: Extracting primitive: M1_supurgelik_178
23:07:01 | INFO: Primitives created: 1
23:07:01 | INFO: Extracting primitive: M1_supurgelik_179
23:07:01 | INFO: Primitives created: 1
23:07:01 | INFO: Extracting primitive: M1_supurgelik_180
23:07:01 | INFO: Primitives created: 1
23:07:01 | INFO: Extracting primitive: M1_supurgelik_181
23:07:01 | INFO: Primitives created: 1
23:07:01 | INFO: Extracting primitive: M1_supurgelik_182
23:07:01 | INFO: Primitives created: 1
23:07:01 | INFO: Extracting primitive: M1_supurgelik_183
23:07:01 | INFO: Primitives created: 1
23:07:01 | INFO: Extracting primitive: M1_supurgelik_184
23:07:01 | INFO: Primitives created: 1
23:07:01 | INFO: Extracting primitive: M1_supurgelik_185
23:07:01 | INFO: Primitives created: 1
23:07:01 | INFO: Extracting primitive: M1_supurgelik_186
23:07:01 | INFO: Primitives created: 1
23:07:01 | INFO: Extracting primitive: M1_supurgelik_187
23:07:01 | INFO: Primitives created: 1
23:07:01 | INFO: Extracting primitive: M1_supurgelik_188
23:07:01 | INFO: Primitives created: 1
23:07:01 | INFO: Extracting primitive: M1_supurgelik_189
23:07:01 | INFO: Primitives created: 1
23:07:01 | INFO: Extracting primitive: M1_supurgelik_190
23:07:01 | INFO: Primitives created: 1
23:07:01 | INFO: Extracting primitive: M1_supurgelik_191
23:07:01 | INFO: Primitives created: 1
23:07:01 | INFO: Extracting primitive: M1_supurgelik_192
23:07:01 | INFO: Primitives created: 1
23:07:01 | INFO: Extracting primitive: M1_supurgelik_193
23:07:01 | INFO: Primitives created: 1
23:07:01 | INFO: Extracting primitive: M1_supurgelik_194
23:07:01 | INFO: Primitives created: 1
23:07:01 | INFO: Extracting primitive: M1_supurgelik_195
23:07:01 | INFO: Primitives created: 1
23:07:01 | INFO: Extracting primitive: M1_supurgelik_196
23:07:01 | INFO: Primitives created: 1
23:07:01 | INFO: Extracting primitive: M1_supurgelik_197
23:07:01 | INFO: Primitives created: 1
23:07:01 | INFO: Extracting primitive: M1_supurgelik_198
23:07:01 | INFO: Primitives created: 1
23:07:01 | INFO: Extracting primitive: M1_supurgelik_199
23:07:01 | INFO: Primitives created: 1
23:07:01 | INFO: Extracting primitive: M1_supurgelik_200
23:07:01 | INFO: Primitives created: 1
23:07:01 | INFO: Extracting primitive: M1_supurgelik_201
23:07:01 | INFO: Primitives created: 1
23:07:01 | INFO: Extracting primitive: M1_supurgelik_202
23:07:01 | INFO: Primitives created: 1
23:07:01 | INFO: Extracting primitive: M1_supurgelik_203
23:07:01 | INFO: Primitives created: 1
23:07:01 | INFO: Extracting primitive: M1_supurgelik_204
23:07:01 | INFO: Primitives created: 1
23:07:01 | INFO: Extracting primitive: M1_supurgelik_205
23:07:01 | INFO: Primitives created: 1
23:07:01 | INFO: Extracting primitive: M1_supurgelik_206
23:07:01 | INFO: Primitives created: 1
23:07:01 | INFO: Extracting primitive: M1_supurgelik_207
23:07:01 | INFO: Primitives created: 1
23:07:01 | INFO: Extracting primitive: M1_supurgelik_208
23:07:01 | INFO: Primitives created: 1
23:07:01 | INFO: Extracting primitive: M1_supurgelik_209
23:07:01 | INFO: Primitives created: 1
23:07:01 | INFO: Extracting primitive: M1_supurgelik_210
23:07:01 | INFO: Primitives created: 1
23:07:01 | INFO: Extracting primitive: M1_supurgelik_211
23:07:01 | INFO: Primitives created: 1
23:07:01 | INFO: Extracting primitive: M1_supurgelik_212
23:07:01 | INFO: Primitives created: 1
23:07:01 | INFO: Extracting primitive: M1_supurgelik_213
23:07:01 | INFO: Primitives created: 1
23:07:01 | INFO: Extracting primitive: M1_supurgelik_214
23:07:01 | INFO: Primitives created: 1
23:07:01 | INFO: Extracting primitive: M1_supurgelik_215
23:07:01 | INFO: Primitives created: 1
23:07:01 | INFO: Extracting primitive: M1_supurgelik_216
23:07:01 | INFO: Primitives created: 1
23:07:01 | INFO: Extracting primitive: M1_supurgelik_217
23:07:01 | INFO: Primitives created: 1
23:07:01 | INFO: Extracting primitive: M1_supurgelik_218
23:07:01 | INFO: Primitives created: 1
23:07:01 | INFO: Extracting primitive: M1_supurgelik_219
23:07:01 | INFO: Primitives created: 1
23:07:01 | INFO: Extracting primitive: M1_supurgelik_220
23:07:01 | INFO: Primitives created: 1
23:07:01 | INFO: Extracting primitive: M1_supurgelik_221
23:07:01 | INFO: Primitives created: 1
23:07:01 | INFO: Extracting primitive: M1_supurgelik_222
23:07:01 | INFO: Primitives created: 1
23:07:01 | INFO: Extracting primitive: M1_supurgelik_223
23:07:01 | INFO: Primitives created: 1
23:07:01 | INFO: Extracting primitive: M1_supurgelik_224
23:07:01 | INFO: Primitives created: 1
23:07:01 | INFO: Extracting primitive: M1_supurgelik_225
23:07:01 | INFO: Primitives created: 1
23:07:01 | INFO: Extracting primitive: M1_supurgelik_226
23:07:01 | INFO: Primitives created: 1
23:07:01 | INFO: Extracting primitive: M1_supurgelik_227
23:07:01 | INFO: Primitives created: 1
23:07:01 | INFO: Extracting primitive: M1_supurgelik_228
23:07:01 | INFO: Primitives created: 1
23:07:01 | INFO: Extracting primitive: M1_supurgelik_229
23:07:01 | INFO: Primitives created: 1
23:07:01 | INFO: Extracting primitive: M1_supurgelik_230
23:07:01 | INFO: Primitives created: 1
23:07:01 | INFO: Extracting primitive: M1_supurgelik_231
23:07:01 | INFO: Primitives created: 1
23:07:01 | INFO: Extracting primitive: M1_supurgelik_232
23:07:01 | INFO: Primitives created: 1
23:07:01 | INFO: Extracting primitive: M1_supurgelik_233
23:07:01 | INFO: Primitives created: 1
23:07:01 | INFO: Extracting primitive: M1_supurgelik_234
23:07:01 | INFO: Primitives created: 1
23:07:01 | INFO: Extracting primitive: M1_supurgelik_235
23:07:01 | INFO: Primitives created: 1
23:07:01 | INFO: Extracting primitive: M1_supurgelik_236
23:07:01 | INFO: Primitives created: 1
23:07:01 | INFO: Extracting primitive: M1_supurgelik_237
23:07:01 | INFO: Primitives created: 1
23:07:01 | INFO: Extracting primitive: M1_supurgelik_238
23:07:01 | INFO: Primitives created: 1
23:07:01 | INFO: Extracting primitive: M1_supurgelik_239
23:07:01 | INFO: Primitives created: 1
23:07:01 | INFO: Extracting primitive: M1_supurgelik_240
23:07:01 | INFO: Primitives created: 1
23:07:01 | INFO: Extracting primitive: M1_supurgelik_241
23:07:01 | INFO: Primitives created: 1
23:07:01 | INFO: Extracting primitive: M1_supurgelik_242
23:07:01 | INFO: Primitives created: 1
23:07:01 | INFO: Extracting primitive: M1_supurgelik_243
23:07:01 | INFO: Primitives created: 1
23:07:01 | INFO: Extracting primitive: M1_supurgelik_244
23:07:01 | INFO: Primitives created: 1
23:07:01 | INFO: Extracting primitive: M1_supurgelik_245
23:07:01 | INFO: Primitives created: 1
23:07:01 | INFO: Extracting primitive: M1_supurgelik_246
23:07:01 | INFO: Primitives created: 1
23:07:01 | INFO: Extracting primitive: M1_supurgelik_247
23:07:01 | INFO: Primitives created: 1
23:07:01 | INFO: Extracting primitive: M1_supurgelik_248
23:07:01 | INFO: Primitives created: 1
23:07:01 | INFO: Extracting primitive: M1_supurgelik_249
23:07:01 | INFO: Primitives created: 1
23:07:01 | INFO: Extracting primitive: M1_supurgelik_250
23:07:01 | INFO: Primitives created: 1
23:07:01 | INFO: Extracting primitive: M1_supurgelik_251
23:07:01 | INFO: Primitives created: 1
23:07:01 | INFO: Extracting primitive: M1_supurgelik_252
23:07:01 | INFO: Primitives created: 1
23:07:01 | INFO: Extracting primitive: M1_supurgelik_253
23:07:01 | INFO: Primitives created: 1
23:07:01 | INFO: Extracting primitive: M1_supurgelik_254
23:07:01 | INFO: Primitives created: 1
23:07:01 | INFO: Extracting primitive: M1_supurgelik_255
23:07:01 | INFO: Primitives created: 1
23:07:01 | INFO: Extracting primitive: M1_supurgelik_256
23:07:01 | INFO: Primitives created: 1
23:07:01 | INFO: Extracting primitive: M1_supurgelik_257
23:07:01 | INFO: Primitives created: 1
23:07:01 | INFO: Extracting primitive: M1_supurgelik_258
23:07:01 | INFO: Primitives created: 1
23:07:01 | INFO: Extracting primitive: M1_supurgelik_259
23:07:01 | INFO: Primitives created: 1
23:07:01 | INFO: Extracting primitive: M1_supurgelik_260
23:07:01 | INFO: Primitives created: 1
23:07:01 | INFO: Extracting primitive: M1_supurgelik_261
23:07:01 | INFO: Primitives created: 1
23:07:01 | INFO: Extracting primitive: M1_supurgelik_262
23:07:01 | INFO: Primitives created: 1
23:07:01 | INFO: Extracting primitive: M1_supurgelik_263
23:07:01 | INFO: Primitives created: 1
23:07:01 | INFO: Extracting primitive: M1_supurgelik_264
23:07:01 | INFO: Primitives created: 1
23:07:01 | INFO: Extracting primitive: M1_supurgelik_265
23:07:01 | INFO: Primitives created: 1
23:07:01 | INFO: Extracting primitive: M1_supurgelik_266
23:07:01 | INFO: Primitives created: 1
23:07:01 | INFO: Extracting primitive: M1_supurgelik_267
23:07:01 | INFO: Primitives created: 1
23:07:01 | INFO: Extracting primitive: M1_supurgelik_268
23:07:01 | INFO: Primitives created: 1
23:07:01 | INFO: Extracting primitive: M1_supurgelik_269
23:07:01 | INFO: Primitives created: 1
23:07:01 | INFO: Extracting primitive: M1_supurgelik_270
23:07:01 | INFO: Primitives created: 1
23:07:01 | INFO: Extracting primitive: M1_supurgelik_271
23:07:01 | INFO: Primitives created: 1
23:07:01 | INFO: Extracting primitive: M1_supurgelik_272
23:07:01 | INFO: Primitives created: 1
23:07:01 | INFO: Extracting primitive: M1_supurgelik_273
23:07:01 | INFO: Primitives created: 1
23:07:01 | INFO: Extracting primitive: M1_supurgelik_274
23:07:01 | INFO: Primitives created: 1
23:07:01 | INFO: Extracting primitive: M1_supurgelik_275
23:07:01 | INFO: Primitives created: 1
23:07:01 | INFO: Extracting primitive: M1_supurgelik_276
23:07:01 | INFO: Primitives created: 1
23:07:01 | INFO: Extracting primitive: M1_supurgelik_277
23:07:01 | INFO: Primitives created: 1
23:07:01 | INFO: Extracting primitive: M1_supurgelik_278
23:07:01 | INFO: Primitives created: 1
23:07:01 | INFO: Extracting primitive: M1_supurgelik_279
23:07:01 | INFO: Primitives created: 1
23:07:01 | INFO: Extracting primitive: M1_supurgelik_280
23:07:01 | INFO: Primitives created: 1
23:07:01 | INFO: Extracting primitive: M1_supurgelik_281
23:07:01 | INFO: Primitives created: 1
23:07:01 | INFO: Extracting primitive: M1_supurgelik_282
23:07:01 | INFO: Primitives created: 1
23:07:01 | INFO: Extracting primitive: M1_supurgelik_283
23:07:01 | INFO: Primitives created: 1
23:07:01 | INFO: Extracting primitive: M1_supurgelik_284
23:07:01 | INFO: Primitives created: 1
23:07:01 | INFO: Extracting primitive: M1_supurgelik_285
23:07:01 | INFO: Primitives created: 1
23:07:01 | INFO: Extracting primitive: M1_supurgelik_286
23:07:01 | INFO: Primitives created: 1
23:07:01 | INFO: Extracting primitive: M1_supurgelik_287
23:07:01 | INFO: Primitives created: 1
23:07:01 | INFO: Extracting primitive: M1_supurgelik_288
23:07:01 | INFO: Primitives created: 1
23:07:01 | INFO: Extracting primitive: M1_supurgelik_289
23:07:01 | INFO: Primitives created: 1
23:07:01 | INFO: Extracting primitive: M1_supurgelik_290
23:07:01 | INFO: Primitives created: 1
23:07:01 | INFO: Extracting primitive: M1_supurgelik_291
23:07:01 | INFO: Primitives created: 1
23:07:01 | INFO: Extracting primitive: M1_supurgelik_292
23:07:01 | INFO: Primitives created: 1
23:07:01 | INFO: Extracting primitive: M1_supurgelik_293
23:07:01 | INFO: Primitives created: 1
23:07:01 | INFO: Extracting primitive: M1_supurgelik_294
23:07:01 | INFO: Primitives created: 1
23:07:01 | INFO: Extracting primitive: M2_K0_0_basamak
23:07:01 | INFO: Primitives created: 1
23:07:01 | INFO: Extracting primitive: M2_K0_0_basamak.001
23:07:01 | INFO: Primitives created: 1
23:07:01 | INFO: Extracting primitive: M2_K0_0_basamak.002
23:07:01 | INFO: Primitives created: 1
23:07:01 | INFO: Extracting primitive: M2_K0_0_basamak.003
23:07:01 | INFO: Primitives created: 1
23:07:01 | INFO: Extracting primitive: M2_K0_0_basamak.004
23:07:01 | INFO: Primitives created: 1
23:07:01 | INFO: Extracting primitive: M2_K0_0_basamak.005
23:07:01 | INFO: Primitives created: 1
23:07:01 | INFO: Extracting primitive: M2_K0_0_basamak.006
23:07:01 | INFO: Primitives created: 1
23:07:01 | INFO: Extracting primitive: M2_K0_0_basamak.007
23:07:01 | INFO: Primitives created: 1
23:07:01 | INFO: Extracting primitive: M2_K0_0_basamak.008
23:07:01 | INFO: Primitives created: 1
23:07:01 | INFO: Extracting primitive: M2_K0_0_beyaz_altyapi
23:07:01 | INFO: Primitives created: 1
23:07:01 | INFO: Extracting primitive: M2_K0_0_korkuluk_ayak
23:07:01 | INFO: Primitives created: 1
23:07:01 | INFO: Extracting primitive: M2_K0_0_korkuluk_ayak.001
23:07:01 | INFO: Primitives created: 1
23:07:01 | INFO: Extracting primitive: M2_K0_0_korkuluk_ayak.004
23:07:01 | INFO: Primitives created: 1
23:07:01 | INFO: Extracting primitive: M2_K0_0_korkuluk_cerceve
23:07:01 | INFO: Primitives created: 1
23:07:01 | INFO: Extracting primitive: M2_K0_0_korkuluk_cerceve.001
23:07:01 | INFO: Primitives created: 1
23:07:01 | INFO: Extracting primitive: M2_K0_0_korkuluk_dikme
23:07:01 | INFO: Primitives created: 1
23:07:01 | INFO: Extracting primitive: M2_K0_0_korkuluk_dikme.001
23:07:01 | INFO: Primitives created: 1
23:07:01 | INFO: Extracting primitive: M2_K0_0_korkuluk_dikme.004
23:07:01 | INFO: Primitives created: 1
23:07:01 | INFO: Extracting primitive: M2_K0_0_korkuluk_kupeste
23:07:03 | INFO: Primitives created: 1
23:07:03 | INFO: Extracting primitive: A08_motif_prototip
23:07:03 | INFO: Primitives created: 1
23:07:03 | INFO: Extracting primitive: M2_K0_0_riht
23:07:03 | INFO: Primitives created: 1
23:07:03 | INFO: Extracting primitive: M2_K0_0_riht.001
23:07:03 | INFO: Primitives created: 1
23:07:03 | INFO: Extracting primitive: M2_K0_0_riht.002
23:07:03 | INFO: Primitives created: 1
23:07:03 | INFO: Extracting primitive: M2_K0_0_riht.003
23:07:03 | INFO: Primitives created: 1
23:07:03 | INFO: Extracting primitive: M2_K0_0_riht.004
23:07:03 | INFO: Primitives created: 1
23:07:03 | INFO: Extracting primitive: M2_K0_0_riht.005
23:07:03 | INFO: Primitives created: 1
23:07:03 | INFO: Extracting primitive: M2_K0_0_riht.006
23:07:03 | INFO: Primitives created: 1
23:07:03 | INFO: Extracting primitive: M2_K0_0_riht.007
23:07:03 | INFO: Primitives created: 1
23:07:03 | INFO: Extracting primitive: M2_K0_0_riht.008
23:07:03 | INFO: Primitives created: 1
23:07:03 | INFO: Extracting primitive: M2_K0_1_basamak
23:07:03 | INFO: Primitives created: 1
23:07:03 | INFO: Extracting primitive: M2_K0_1_basamak.001
23:07:03 | INFO: Primitives created: 1
23:07:03 | INFO: Extracting primitive: M2_K0_1_basamak.002
23:07:03 | INFO: Primitives created: 1
23:07:03 | INFO: Extracting primitive: M2_K0_1_basamak.003
23:07:03 | INFO: Primitives created: 1
23:07:03 | INFO: Extracting primitive: M2_K0_1_basamak.004
23:07:03 | INFO: Primitives created: 1
23:07:03 | INFO: Extracting primitive: M2_K0_1_basamak.005
23:07:03 | INFO: Primitives created: 1
23:07:03 | INFO: Extracting primitive: M2_K0_1_basamak.006
23:07:03 | INFO: Primitives created: 1
23:07:03 | INFO: Extracting primitive: M2_K0_1_basamak.007
23:07:03 | INFO: Primitives created: 1
23:07:03 | INFO: Extracting primitive: M2_K0_1_basamak.008
23:07:03 | INFO: Primitives created: 1
23:07:03 | INFO: Extracting primitive: M2_K0_1_beyaz_altyapi
23:07:03 | INFO: Primitives created: 1
23:07:03 | INFO: Extracting primitive: M2_K0_1_korkuluk_ayak
23:07:03 | INFO: Primitives created: 1
23:07:03 | INFO: Extracting primitive: M2_K0_1_korkuluk_ayak.001
23:07:03 | INFO: Primitives created: 1
23:07:03 | INFO: Extracting primitive: M2_K0_1_korkuluk_ayak.004
23:07:03 | INFO: Primitives created: 1
23:07:03 | INFO: Extracting primitive: M2_K0_1_korkuluk_cerceve
23:07:03 | INFO: Primitives created: 1
23:07:03 | INFO: Extracting primitive: M2_K0_1_korkuluk_cerceve.001
23:07:03 | INFO: Primitives created: 1
23:07:03 | INFO: Extracting primitive: M2_K0_1_korkuluk_dikme
23:07:03 | INFO: Primitives created: 1
23:07:03 | INFO: Extracting primitive: M2_K0_1_korkuluk_dikme.001
23:07:03 | INFO: Primitives created: 1
23:07:03 | INFO: Extracting primitive: M2_K0_1_korkuluk_dikme.004
23:07:03 | INFO: Primitives created: 1
23:07:03 | INFO: Extracting primitive: M2_K0_1_korkuluk_kupeste
23:07:03 | INFO: Primitives created: 1
23:07:03 | INFO: Extracting primitive: M2_K0_1_riht
23:07:03 | INFO: Primitives created: 1
23:07:03 | INFO: Extracting primitive: M2_K0_1_riht.001
23:07:03 | INFO: Primitives created: 1
23:07:03 | INFO: Extracting primitive: M2_K0_1_riht.002
23:07:03 | INFO: Primitives created: 1
23:07:03 | INFO: Extracting primitive: M2_K0_1_riht.003
23:07:03 | INFO: Primitives created: 1
23:07:03 | INFO: Extracting primitive: M2_K0_1_riht.004
23:07:03 | INFO: Primitives created: 1
23:07:03 | INFO: Extracting primitive: M2_K0_1_riht.005
23:07:03 | INFO: Primitives created: 1
23:07:03 | INFO: Extracting primitive: M2_K0_1_riht.006
23:07:03 | INFO: Primitives created: 1
23:07:03 | INFO: Extracting primitive: M2_K0_1_riht.007
23:07:03 | INFO: Primitives created: 1
23:07:03 | INFO: Extracting primitive: M2_K0_1_riht.008
23:07:03 | INFO: Primitives created: 1
23:07:03 | INFO: Extracting primitive: M2_K0_bosluk_korkuluk_0_ayak
23:07:03 | INFO: Primitives created: 1
23:07:03 | INFO: Extracting primitive: M2_K0_bosluk_korkuluk_0_ayak.001
23:07:03 | INFO: Primitives created: 1
23:07:03 | INFO: Extracting primitive: M2_K0_bosluk_korkuluk_0_ayak.004
23:07:03 | INFO: Primitives created: 1
23:07:03 | INFO: Extracting primitive: M2_K0_bosluk_korkuluk_0_cerceve
23:07:03 | INFO: Primitives created: 1
23:07:03 | INFO: Extracting primitive: M2_K0_bosluk_korkuluk_0_cerceve.001
23:07:03 | INFO: Primitives created: 1
23:07:03 | INFO: Extracting primitive: M2_K0_bosluk_korkuluk_0_dikme
23:07:03 | INFO: Primitives created: 1
23:07:03 | INFO: Extracting primitive: M2_K0_bosluk_korkuluk_0_dikme.001
23:07:03 | INFO: Primitives created: 1
23:07:03 | INFO: Extracting primitive: M2_K0_bosluk_korkuluk_0_dikme.004
23:07:03 | INFO: Primitives created: 1
23:07:03 | INFO: Extracting primitive: M2_K0_bosluk_korkuluk_0_kupeste
23:07:03 | INFO: Primitives created: 1
23:07:03 | INFO: Extracting primitive: M2_K0_sahanlik
23:07:03 | INFO: Primitives created: 1
23:07:03 | INFO: Extracting primitive: M2_K0_sahanlik_alti
23:07:03 | INFO: Primitives created: 1
23:07:03 | INFO: Extracting primitive: M2_K1_0_basamak
23:07:03 | INFO: Primitives created: 1
23:07:03 | INFO: Extracting primitive: M2_K1_0_basamak.001
23:07:03 | INFO: Primitives created: 1
23:07:03 | INFO: Extracting primitive: M2_K1_0_basamak.002
23:07:03 | INFO: Primitives created: 1
23:07:03 | INFO: Extracting primitive: M2_K1_0_basamak.003
23:07:03 | INFO: Primitives created: 1
23:07:03 | INFO: Extracting primitive: M2_K1_0_basamak.004
23:07:03 | INFO: Primitives created: 1
23:07:03 | INFO: Extracting primitive: M2_K1_0_basamak.005
23:07:03 | INFO: Primitives created: 1
23:07:03 | INFO: Extracting primitive: M2_K1_0_basamak.006
23:07:03 | INFO: Primitives created: 1
23:07:03 | INFO: Extracting primitive: M2_K1_0_basamak.007
23:07:03 | INFO: Primitives created: 1
23:07:03 | INFO: Extracting primitive: M2_K1_0_basamak.008
23:07:03 | INFO: Primitives created: 1
23:07:03 | INFO: Extracting primitive: M2_K1_0_basamak.009
23:07:03 | INFO: Primitives created: 1
23:07:03 | INFO: Extracting primitive: M2_K1_0_beyaz_altyapi
23:07:03 | INFO: Primitives created: 1
23:07:03 | INFO: Extracting primitive: M2_K1_0_korkuluk_ayak
23:07:03 | INFO: Primitives created: 1
23:07:03 | INFO: Extracting primitive: M2_K1_0_korkuluk_ayak.001
23:07:03 | INFO: Primitives created: 1
23:07:03 | INFO: Extracting primitive: M2_K1_0_korkuluk_ayak.004
23:07:03 | INFO: Primitives created: 1
23:07:03 | INFO: Extracting primitive: M2_K1_0_korkuluk_cerceve
23:07:03 | INFO: Primitives created: 1
23:07:03 | INFO: Extracting primitive: M2_K1_0_korkuluk_cerceve.001
23:07:03 | INFO: Primitives created: 1
23:07:03 | INFO: Extracting primitive: M2_K1_0_korkuluk_dikme
23:07:03 | INFO: Primitives created: 1
23:07:03 | INFO: Extracting primitive: M2_K1_0_korkuluk_dikme.001
23:07:03 | INFO: Primitives created: 1
23:07:03 | INFO: Extracting primitive: M2_K1_0_korkuluk_dikme.004
23:07:03 | INFO: Primitives created: 1
23:07:03 | INFO: Extracting primitive: M2_K1_0_korkuluk_kupeste
23:07:03 | INFO: Primitives created: 1
23:07:03 | INFO: Extracting primitive: M2_K1_0_riht
23:07:03 | INFO: Primitives created: 1
23:07:03 | INFO: Extracting primitive: M2_K1_0_riht.001
23:07:03 | INFO: Primitives created: 1
23:07:03 | INFO: Extracting primitive: M2_K1_0_riht.002
23:07:03 | INFO: Primitives created: 1
23:07:03 | INFO: Extracting primitive: M2_K1_0_riht.003
23:07:03 | INFO: Primitives created: 1
23:07:03 | INFO: Extracting primitive: M2_K1_0_riht.004
23:07:03 | INFO: Primitives created: 1
23:07:03 | INFO: Extracting primitive: M2_K1_0_riht.005
23:07:03 | INFO: Primitives created: 1
23:07:03 | INFO: Extracting primitive: M2_K1_0_riht.006
23:07:03 | INFO: Primitives created: 1
23:07:03 | INFO: Extracting primitive: M2_K1_0_riht.007
23:07:03 | INFO: Primitives created: 1
23:07:03 | INFO: Extracting primitive: M2_K1_0_riht.008
23:07:03 | INFO: Primitives created: 1
23:07:03 | INFO: Extracting primitive: M2_K1_0_riht.009
23:07:03 | INFO: Primitives created: 1
23:07:03 | INFO: Extracting primitive: M2_K1_1_basamak
23:07:03 | INFO: Primitives created: 1
23:07:03 | INFO: Extracting primitive: M2_K1_1_basamak.001
23:07:03 | INFO: Primitives created: 1
23:07:03 | INFO: Extracting primitive: M2_K1_1_basamak.002
23:07:03 | INFO: Primitives created: 1
23:07:03 | INFO: Extracting primitive: M2_K1_1_basamak.003
23:07:03 | INFO: Primitives created: 1
23:07:03 | INFO: Extracting primitive: M2_K1_1_basamak.004
23:07:03 | INFO: Primitives created: 1
23:07:03 | INFO: Extracting primitive: M2_K1_1_basamak.005
23:07:03 | INFO: Primitives created: 1
23:07:03 | INFO: Extracting primitive: M2_K1_1_basamak.006
23:07:03 | INFO: Primitives created: 1
23:07:03 | INFO: Extracting primitive: M2_K1_1_basamak.007
23:07:03 | INFO: Primitives created: 1
23:07:03 | INFO: Extracting primitive: M2_K1_1_basamak.008
23:07:03 | INFO: Primitives created: 1
23:07:03 | INFO: Extracting primitive: M2_K1_1_beyaz_altyapi
23:07:03 | INFO: Primitives created: 1
23:07:03 | INFO: Extracting primitive: M2_K1_1_korkuluk_ayak
23:07:03 | INFO: Primitives created: 1
23:07:03 | INFO: Extracting primitive: M2_K1_1_korkuluk_ayak.001
23:07:03 | INFO: Primitives created: 1
23:07:03 | INFO: Extracting primitive: M2_K1_1_korkuluk_ayak.004
23:07:03 | INFO: Primitives created: 1
23:07:03 | INFO: Extracting primitive: M2_K1_1_korkuluk_cerceve
23:07:03 | INFO: Primitives created: 1
23:07:03 | INFO: Extracting primitive: M2_K1_1_korkuluk_cerceve.001
23:07:03 | INFO: Primitives created: 1
23:07:03 | INFO: Extracting primitive: M2_K1_1_korkuluk_dikme
23:07:03 | INFO: Primitives created: 1
23:07:03 | INFO: Extracting primitive: M2_K1_1_korkuluk_dikme.001
23:07:03 | INFO: Primitives created: 1
23:07:03 | INFO: Extracting primitive: M2_K1_1_korkuluk_dikme.004
23:07:03 | INFO: Primitives created: 1
23:07:03 | INFO: Extracting primitive: M2_K1_1_korkuluk_kupeste
23:07:03 | INFO: Primitives created: 1
23:07:03 | INFO: Extracting primitive: M2_K1_1_riht
23:07:03 | INFO: Primitives created: 1
23:07:03 | INFO: Extracting primitive: M2_K1_1_riht.001
23:07:03 | INFO: Primitives created: 1
23:07:03 | INFO: Extracting primitive: M2_K1_1_riht.002
23:07:03 | INFO: Primitives created: 1
23:07:03 | INFO: Extracting primitive: M2_K1_1_riht.003
23:07:03 | INFO: Primitives created: 1
23:07:03 | INFO: Extracting primitive: M2_K1_1_riht.004
23:07:03 | INFO: Primitives created: 1
23:07:03 | INFO: Extracting primitive: M2_K1_1_riht.005
23:07:03 | INFO: Primitives created: 1
23:07:03 | INFO: Extracting primitive: M2_K1_1_riht.006
23:07:03 | INFO: Primitives created: 1
23:07:03 | INFO: Extracting primitive: M2_K1_1_riht.007
23:07:03 | INFO: Primitives created: 1
23:07:03 | INFO: Extracting primitive: M2_K1_1_riht.008
23:07:03 | INFO: Primitives created: 1
23:07:03 | INFO: Extracting primitive: M2_K1_bosluk_korkuluk_0_ayak
23:07:03 | INFO: Primitives created: 1
23:07:03 | INFO: Extracting primitive: M2_K1_bosluk_korkuluk_0_ayak.001
23:07:03 | INFO: Primitives created: 1
23:07:03 | INFO: Extracting primitive: M2_K1_bosluk_korkuluk_0_cerceve
23:07:03 | INFO: Primitives created: 1
23:07:03 | INFO: Extracting primitive: M2_K1_bosluk_korkuluk_0_cerceve.001
23:07:03 | INFO: Primitives created: 1
23:07:03 | INFO: Extracting primitive: M2_K1_bosluk_korkuluk_0_dikme
23:07:03 | INFO: Primitives created: 1
23:07:03 | INFO: Extracting primitive: M2_K1_bosluk_korkuluk_0_dikme.001
23:07:03 | INFO: Primitives created: 1
23:07:03 | INFO: Extracting primitive: M2_K1_bosluk_korkuluk_0_kupeste
23:07:03 | INFO: Primitives created: 1
23:07:03 | INFO: Extracting primitive: M2_K1_bosluk_korkuluk_1_ayak
23:07:03 | INFO: Primitives created: 1
23:07:03 | INFO: Extracting primitive: M2_K1_bosluk_korkuluk_1_ayak.001
23:07:03 | INFO: Primitives created: 1
23:07:03 | INFO: Extracting primitive: M2_K1_bosluk_korkuluk_1_cerceve
23:07:03 | INFO: Primitives created: 1
23:07:03 | INFO: Extracting primitive: M2_K1_bosluk_korkuluk_1_cerceve.001
23:07:03 | INFO: Primitives created: 1
23:07:03 | INFO: Extracting primitive: M2_K1_bosluk_korkuluk_1_dikme
23:07:03 | INFO: Primitives created: 1
23:07:03 | INFO: Extracting primitive: M2_K1_bosluk_korkuluk_1_dikme.001
23:07:03 | INFO: Primitives created: 1
23:07:03 | INFO: Extracting primitive: M2_K1_bosluk_korkuluk_1_kupeste
23:07:03 | INFO: Primitives created: 1
23:07:03 | INFO: Extracting primitive: M2_K1_sahanlik
23:07:03 | INFO: Primitives created: 1
23:07:03 | INFO: Extracting primitive: M2_K1_sahanlik_alti
23:07:03 | INFO: Primitives created: 1
23:07:03 | INFO: Extracting primitive: M2_K2_0_basamak
23:07:03 | INFO: Primitives created: 1
23:07:03 | INFO: Extracting primitive: M2_K2_0_basamak.001
23:07:03 | INFO: Primitives created: 1
23:07:03 | INFO: Extracting primitive: M2_K2_0_basamak.002
23:07:03 | INFO: Primitives created: 1
23:07:03 | INFO: Extracting primitive: M2_K2_0_basamak.003
23:07:03 | INFO: Primitives created: 1
23:07:03 | INFO: Extracting primitive: M2_K2_0_basamak.004
23:07:03 | INFO: Primitives created: 1
23:07:03 | INFO: Extracting primitive: M2_K2_0_basamak.005
23:07:03 | INFO: Primitives created: 1
23:07:03 | INFO: Extracting primitive: M2_K2_0_basamak.006
23:07:03 | INFO: Primitives created: 1
23:07:03 | INFO: Extracting primitive: M2_K2_0_basamak.007
23:07:03 | INFO: Primitives created: 1
23:07:03 | INFO: Extracting primitive: M2_K2_0_basamak.008
23:07:03 | INFO: Primitives created: 1
23:07:03 | INFO: Extracting primitive: M2_K2_0_beyaz_altyapi
23:07:03 | INFO: Primitives created: 1
23:07:03 | INFO: Extracting primitive: M2_K2_0_korkuluk_ayak
23:07:03 | INFO: Primitives created: 1
23:07:03 | INFO: Extracting primitive: M2_K2_0_korkuluk_ayak.001
23:07:03 | INFO: Primitives created: 1
23:07:03 | INFO: Extracting primitive: M2_K2_0_korkuluk_ayak.004
23:07:03 | INFO: Primitives created: 1
23:07:03 | INFO: Extracting primitive: M2_K2_0_korkuluk_cerceve
23:07:03 | INFO: Primitives created: 1
23:07:03 | INFO: Extracting primitive: M2_K2_0_korkuluk_cerceve.001
23:07:03 | INFO: Primitives created: 1
23:07:03 | INFO: Extracting primitive: M2_K2_0_korkuluk_dikme
23:07:03 | INFO: Primitives created: 1
23:07:03 | INFO: Extracting primitive: M2_K2_0_korkuluk_dikme.001
23:07:03 | INFO: Primitives created: 1
23:07:03 | INFO: Extracting primitive: M2_K2_0_korkuluk_dikme.004
23:07:03 | INFO: Primitives created: 1
23:07:03 | INFO: Extracting primitive: M2_K2_0_korkuluk_kupeste
23:07:03 | INFO: Primitives created: 1
23:07:03 | INFO: Extracting primitive: M2_K2_0_riht
23:07:03 | INFO: Primitives created: 1
23:07:03 | INFO: Extracting primitive: M2_K2_0_riht.001
23:07:03 | INFO: Primitives created: 1
23:07:03 | INFO: Extracting primitive: M2_K2_0_riht.002
23:07:03 | INFO: Primitives created: 1
23:07:03 | INFO: Extracting primitive: M2_K2_0_riht.003
23:07:03 | INFO: Primitives created: 1
23:07:03 | INFO: Extracting primitive: M2_K2_0_riht.004
23:07:03 | INFO: Primitives created: 1
23:07:03 | INFO: Extracting primitive: M2_K2_0_riht.005
23:07:03 | INFO: Primitives created: 1
23:07:03 | INFO: Extracting primitive: M2_K2_0_riht.006
23:07:03 | INFO: Primitives created: 1
23:07:03 | INFO: Extracting primitive: M2_K2_0_riht.007
23:07:03 | INFO: Primitives created: 1
23:07:03 | INFO: Extracting primitive: M2_K2_0_riht.008
23:07:03 | INFO: Primitives created: 1
23:07:03 | INFO: Extracting primitive: M2_K2_1_basamak
23:07:03 | INFO: Primitives created: 1
23:07:03 | INFO: Extracting primitive: M2_K2_1_basamak.001
23:07:03 | INFO: Primitives created: 1
23:07:03 | INFO: Extracting primitive: M2_K2_1_basamak.002
23:07:03 | INFO: Primitives created: 1
23:07:03 | INFO: Extracting primitive: M2_K2_1_basamak.003
23:07:03 | INFO: Primitives created: 1
23:07:03 | INFO: Extracting primitive: M2_K2_1_basamak.004
23:07:03 | INFO: Primitives created: 1
23:07:03 | INFO: Extracting primitive: M2_K2_1_basamak.005
23:07:03 | INFO: Primitives created: 1
23:07:03 | INFO: Extracting primitive: M2_K2_1_basamak.006
23:07:03 | INFO: Primitives created: 1
23:07:03 | INFO: Extracting primitive: M2_K2_1_basamak.007
23:07:03 | INFO: Primitives created: 1
23:07:03 | INFO: Extracting primitive: M2_K2_1_basamak.008
23:07:03 | INFO: Primitives created: 1
23:07:03 | INFO: Extracting primitive: M2_K2_1_beyaz_altyapi
23:07:03 | INFO: Primitives created: 1
23:07:03 | INFO: Extracting primitive: M2_K2_1_korkuluk_ayak
23:07:03 | INFO: Primitives created: 1
23:07:03 | INFO: Extracting primitive: M2_K2_1_korkuluk_ayak.001
23:07:03 | INFO: Primitives created: 1
23:07:03 | INFO: Extracting primitive: M2_K2_1_korkuluk_ayak.004
23:07:03 | INFO: Primitives created: 1
23:07:03 | INFO: Extracting primitive: M2_K2_1_korkuluk_cerceve
23:07:03 | INFO: Primitives created: 1
23:07:03 | INFO: Extracting primitive: M2_K2_1_korkuluk_cerceve.001
23:07:03 | INFO: Primitives created: 1
23:07:03 | INFO: Extracting primitive: M2_K2_1_korkuluk_dikme
23:07:03 | INFO: Primitives created: 1
23:07:03 | INFO: Extracting primitive: M2_K2_1_korkuluk_dikme.001
23:07:03 | INFO: Primitives created: 1
23:07:03 | INFO: Extracting primitive: M2_K2_1_korkuluk_dikme.004
23:07:03 | INFO: Primitives created: 1
23:07:03 | INFO: Extracting primitive: M2_K2_1_korkuluk_kupeste
23:07:03 | INFO: Primitives created: 1
23:07:03 | INFO: Extracting primitive: M2_K2_1_riht
23:07:03 | INFO: Primitives created: 1
23:07:03 | INFO: Extracting primitive: M2_K2_1_riht.001
23:07:03 | INFO: Primitives created: 1
23:07:03 | INFO: Extracting primitive: M2_K2_1_riht.002
23:07:03 | INFO: Primitives created: 1
23:07:03 | INFO: Extracting primitive: M2_K2_1_riht.003
23:07:03 | INFO: Primitives created: 1
23:07:03 | INFO: Extracting primitive: M2_K2_1_riht.004
23:07:03 | INFO: Primitives created: 1
23:07:03 | INFO: Extracting primitive: M2_K2_1_riht.005
23:07:03 | INFO: Primitives created: 1
23:07:03 | INFO: Extracting primitive: M2_K2_1_riht.006
23:07:03 | INFO: Primitives created: 1
23:07:03 | INFO: Extracting primitive: M2_K2_1_riht.007
23:07:03 | INFO: Primitives created: 1
23:07:03 | INFO: Extracting primitive: M2_K2_1_riht.008
23:07:03 | INFO: Primitives created: 1
23:07:03 | INFO: Extracting primitive: M2_K2_bosluk_korkuluk_0_ayak
23:07:03 | INFO: Primitives created: 1
23:07:03 | INFO: Extracting primitive: M2_K2_bosluk_korkuluk_0_ayak.001
23:07:03 | INFO: Primitives created: 1
23:07:03 | INFO: Extracting primitive: M2_K2_bosluk_korkuluk_0_cerceve
23:07:03 | INFO: Primitives created: 1
23:07:03 | INFO: Extracting primitive: M2_K2_bosluk_korkuluk_0_cerceve.001
23:07:03 | INFO: Primitives created: 1
23:07:03 | INFO: Extracting primitive: M2_K2_bosluk_korkuluk_0_dikme
23:07:03 | INFO: Primitives created: 1
23:07:03 | INFO: Extracting primitive: M2_K2_bosluk_korkuluk_0_dikme.001
23:07:03 | INFO: Primitives created: 1
23:07:03 | INFO: Extracting primitive: M2_K2_bosluk_korkuluk_0_kupeste
23:07:03 | INFO: Primitives created: 1
23:07:03 | INFO: Extracting primitive: M2_K2_sahanlik
23:07:03 | INFO: Primitives created: 1
23:07:03 | INFO: Extracting primitive: M2_K2_sahanlik_alti
23:07:03 | INFO: Primitives created: 1
23:07:03 | INFO: Extracting primitive: M3_01_dik_profil.012
23:07:03 | INFO: Primitives created: 1
23:07:03 | INFO: Extracting primitive: M3_01_dik_profil.013
23:07:03 | INFO: Primitives created: 1
23:07:03 | INFO: Extracting primitive: M3_01_dik_profil.014
23:07:03 | INFO: Primitives created: 1
23:07:03 | INFO: Extracting primitive: M3_01_dik_profil.015
23:07:03 | INFO: Primitives created: 1
23:07:03 | INFO: Extracting primitive: M3_01_dik_profil.016
23:07:03 | INFO: Primitives created: 1
23:07:03 | INFO: Extracting primitive: M3_01_dik_profil.017
23:07:03 | INFO: Primitives created: 1
23:07:03 | INFO: Extracting primitive: M3_01_dik_profil.018
23:07:03 | INFO: Primitives created: 1
23:07:03 | INFO: Extracting primitive: M3_01_dik_profil.019
23:07:03 | INFO: Primitives created: 1
23:07:03 | INFO: Extracting primitive: M3_01_dik_profil.020
23:07:03 | INFO: Primitives created: 1
23:07:03 | INFO: Extracting primitive: M3_01_dik_profil.021
23:07:03 | INFO: Primitives created: 1
23:07:03 | INFO: Extracting primitive: M3_01_dik_profil.022
23:07:03 | INFO: Primitives created: 1
23:07:03 | INFO: Extracting primitive: M3_01_dik_profil.023
23:07:03 | INFO: Primitives created: 1
23:07:03 | INFO: Extracting primitive: M3_01_esik_doseme.001
23:07:03 | INFO: Primitives created: 1
23:07:03 | INFO: Extracting primitive: M3_01_gobek.006
23:07:03 | INFO: Primitives created: 1
23:07:03 | INFO: Extracting primitive: M3_01_gobek.007
23:07:03 | INFO: Primitives created: 1
23:07:03 | INFO: Extracting primitive: M3_01_gobek.008
23:07:03 | INFO: Primitives created: 1
23:07:03 | INFO: Extracting primitive: M3_01_gobek.009
23:07:03 | INFO: Primitives created: 1
23:07:03 | INFO: Extracting primitive: M3_01_gobek.010
23:07:03 | INFO: Primitives created: 1
23:07:03 | INFO: Extracting primitive: M3_01_gobek.011
23:07:03 | INFO: Primitives created: 1
23:07:03 | INFO: Extracting primitive: M3_01_kanat.001
23:07:03 | INFO: Primitives created: 1
23:07:03 | INFO: Extracting primitive: M3_01_kasa.002
23:07:03 | INFO: Primitives created: 1
23:07:03 | INFO: Extracting primitive: M3_01_kasa.003
23:07:03 | INFO: Primitives created: 1
23:07:03 | INFO: Extracting primitive: M3_01_kulp
23:07:03 | INFO: Primitives created: 1
23:07:03 | INFO: Extracting primitive: M3_01_kulp.001
23:07:03 | INFO: Primitives created: 1
23:07:03 | INFO: Extracting primitive: M3_01_mentese
23:07:03 | INFO: Primitives created: 1
23:07:03 | INFO: Extracting primitive: M3_01_mentese.001
23:07:03 | INFO: Primitives created: 1
23:07:03 | INFO: Extracting primitive: M3_01_mentese.002
23:07:03 | INFO: Primitives created: 1
23:07:03 | INFO: Extracting primitive: M3_01_pervaz.004
23:07:03 | INFO: Primitives created: 1
23:07:03 | INFO: Extracting primitive: M3_01_pervaz.005
23:07:03 | INFO: Primitives created: 1
23:07:03 | INFO: Extracting primitive: M3_01_pervaz.006
23:07:03 | INFO: Primitives created: 1
23:07:03 | INFO: Extracting primitive: M3_01_pervaz.007
23:07:03 | INFO: Primitives created: 1
23:07:03 | INFO: Extracting primitive: M3_01_ust_kasa.001
23:07:03 | INFO: Primitives created: 1
23:07:03 | INFO: Extracting primitive: M3_01_ust_pervaz.002
23:07:03 | INFO: Primitives created: 1
23:07:03 | INFO: Extracting primitive: M3_01_ust_pervaz.003
23:07:03 | INFO: Primitives created: 1
23:07:03 | INFO: Extracting primitive: M3_01_yatay_profil.012
23:07:03 | INFO: Primitives created: 1
23:07:03 | INFO: Extracting primitive: M3_01_yatay_profil.013
23:07:03 | INFO: Primitives created: 1
23:07:03 | INFO: Extracting primitive: M3_01_yatay_profil.014
23:07:03 | INFO: Primitives created: 1
23:07:03 | INFO: Extracting primitive: M3_01_yatay_profil.015
23:07:03 | INFO: Primitives created: 1
23:07:03 | INFO: Extracting primitive: M3_01_yatay_profil.016
23:07:03 | INFO: Primitives created: 1
23:07:03 | INFO: Extracting primitive: M3_01_yatay_profil.017
23:07:03 | INFO: Primitives created: 1
23:07:03 | INFO: Extracting primitive: M3_01_yatay_profil.018
23:07:03 | INFO: Primitives created: 1
23:07:03 | INFO: Extracting primitive: M3_01_yatay_profil.019
23:07:03 | INFO: Primitives created: 1
23:07:03 | INFO: Extracting primitive: M3_01_yatay_profil.020
23:07:03 | INFO: Primitives created: 1
23:07:03 | INFO: Extracting primitive: M3_01_yatay_profil.021
23:07:03 | INFO: Primitives created: 1
23:07:03 | INFO: Extracting primitive: M3_01_yatay_profil.022
23:07:03 | INFO: Primitives created: 1
23:07:03 | INFO: Extracting primitive: M3_01_yatay_profil.023
23:07:03 | INFO: Primitives created: 1
23:07:03 | INFO: Extracting primitive: M3_02_dik_profil.024
23:07:03 | INFO: Primitives created: 1
23:07:03 | INFO: Extracting primitive: M3_02_dik_profil.025
23:07:03 | INFO: Primitives created: 1
23:07:03 | INFO: Extracting primitive: M3_02_dik_profil.026
23:07:03 | INFO: Primitives created: 1
23:07:03 | INFO: Extracting primitive: M3_02_dik_profil.027
23:07:03 | INFO: Primitives created: 1
23:07:03 | INFO: Extracting primitive: M3_02_dik_profil.028
23:07:03 | INFO: Primitives created: 1
23:07:03 | INFO: Extracting primitive: M3_02_dik_profil.029
23:07:03 | INFO: Primitives created: 1
23:07:03 | INFO: Extracting primitive: M3_02_dik_profil.030
23:07:03 | INFO: Primitives created: 1
23:07:03 | INFO: Extracting primitive: M3_02_dik_profil.031
23:07:03 | INFO: Primitives created: 1
23:07:03 | INFO: Extracting primitive: M3_02_dik_profil.032
23:07:03 | INFO: Primitives created: 1
23:07:03 | INFO: Extracting primitive: M3_02_dik_profil.033
23:07:03 | INFO: Primitives created: 1
23:07:03 | INFO: Extracting primitive: M3_02_dik_profil.034
23:07:03 | INFO: Primitives created: 1
23:07:03 | INFO: Extracting primitive: M3_02_dik_profil.035
23:07:03 | INFO: Primitives created: 1
23:07:03 | INFO: Extracting primitive: M3_02_dik_profil.036
23:07:03 | INFO: Primitives created: 1
23:07:03 | INFO: Extracting primitive: M3_02_dik_profil.037
23:07:03 | INFO: Primitives created: 1
23:07:03 | INFO: Extracting primitive: M3_02_dik_profil.038
23:07:03 | INFO: Primitives created: 1
23:07:03 | INFO: Extracting primitive: M3_02_dik_profil.039
23:07:03 | INFO: Primitives created: 1
23:07:03 | INFO: Extracting primitive: M3_02_dik_profil.040
23:07:03 | INFO: Primitives created: 1
23:07:03 | INFO: Extracting primitive: M3_02_dik_profil.041
23:07:03 | INFO: Primitives created: 1
23:07:03 | INFO: Extracting primitive: M3_02_dik_profil.042
23:07:03 | INFO: Primitives created: 1
23:07:03 | INFO: Extracting primitive: M3_02_dik_profil.043
23:07:03 | INFO: Primitives created: 1
23:07:03 | INFO: Extracting primitive: M3_02_dik_profil.044
23:07:03 | INFO: Primitives created: 1
23:07:03 | INFO: Extracting primitive: M3_02_dik_profil.045
23:07:03 | INFO: Primitives created: 1
23:07:03 | INFO: Extracting primitive: M3_02_dik_profil.046
23:07:03 | INFO: Primitives created: 1
23:07:03 | INFO: Extracting primitive: M3_02_dik_profil.047
23:07:03 | INFO: Primitives created: 1
23:07:03 | INFO: Extracting primitive: M3_02_esik_doseme.001
23:07:03 | INFO: Primitives created: 1
23:07:03 | INFO: Extracting primitive: M3_02_gobek.012
23:07:03 | INFO: Primitives created: 1
23:07:03 | INFO: Extracting primitive: M3_02_gobek.013
23:07:03 | INFO: Primitives created: 1
23:07:03 | INFO: Extracting primitive: M3_02_gobek.014
23:07:03 | INFO: Primitives created: 1
23:07:03 | INFO: Extracting primitive: M3_02_gobek.015
23:07:03 | INFO: Primitives created: 1
23:07:03 | INFO: Extracting primitive: M3_02_gobek.016
23:07:03 | INFO: Primitives created: 1
23:07:03 | INFO: Extracting primitive: M3_02_gobek.017
23:07:03 | INFO: Primitives created: 1
23:07:03 | INFO: Extracting primitive: M3_02_gobek.018
23:07:03 | INFO: Primitives created: 1
23:07:03 | INFO: Extracting primitive: M3_02_gobek.019
23:07:03 | INFO: Primitives created: 1
23:07:03 | INFO: Extracting primitive: M3_02_gobek.020
23:07:03 | INFO: Primitives created: 1
23:07:03 | INFO: Extracting primitive: M3_02_gobek.021
23:07:03 | INFO: Primitives created: 1
23:07:03 | INFO: Extracting primitive: M3_02_gobek.022
23:07:03 | INFO: Primitives created: 1
23:07:03 | INFO: Extracting primitive: M3_02_gobek.023
23:07:03 | INFO: Primitives created: 1
23:07:03 | INFO: Extracting primitive: M3_02_kanat.001
23:07:03 | INFO: Primitives created: 1
23:07:03 | INFO: Extracting primitive: M3_02_kasa.002
23:07:03 | INFO: Primitives created: 1
23:07:03 | INFO: Extracting primitive: M3_02_kasa.003
23:07:03 | INFO: Primitives created: 1
23:07:03 | INFO: Extracting primitive: M3_02_mentese
23:07:03 | INFO: Primitives created: 1
23:07:03 | INFO: Extracting primitive: M3_02_mentese.001
23:07:03 | INFO: Primitives created: 1
23:07:03 | INFO: Extracting primitive: M3_02_mentese.002
23:07:03 | INFO: Primitives created: 1
23:07:03 | INFO: Extracting primitive: M3_02_pervaz.004
23:07:03 | INFO: Primitives created: 1
23:07:03 | INFO: Extracting primitive: M3_02_pervaz.005
23:07:03 | INFO: Primitives created: 1
23:07:03 | INFO: Extracting primitive: M3_02_pervaz.006
23:07:03 | INFO: Primitives created: 1
23:07:03 | INFO: Extracting primitive: M3_02_pervaz.007
23:07:03 | INFO: Primitives created: 1
23:07:03 | INFO: Extracting primitive: Sphere.009
23:07:03 | INFO: Primitives created: 1
23:07:03 | INFO: Extracting primitive: Sphere.010
23:07:03 | INFO: Primitives created: 1
23:07:03 | INFO: Extracting primitive: M3_02_topuz_mili
23:07:03 | INFO: Primitives created: 1
23:07:03 | INFO: Extracting primitive: M3_02_topuz_mili.001
23:07:03 | INFO: Primitives created: 1
23:07:03 | INFO: Extracting primitive: M3_02_ust_kasa.001
23:07:03 | INFO: Primitives created: 1
23:07:03 | INFO: Extracting primitive: M3_02_ust_pervaz.002
23:07:03 | INFO: Primitives created: 1
23:07:03 | INFO: Extracting primitive: M3_02_ust_pervaz.003
23:07:03 | INFO: Primitives created: 1
23:07:03 | INFO: Extracting primitive: M3_02_yatay_profil.024
23:07:03 | INFO: Primitives created: 1
23:07:03 | INFO: Extracting primitive: M3_02_yatay_profil.025
23:07:03 | INFO: Primitives created: 1
23:07:03 | INFO: Extracting primitive: M3_02_yatay_profil.026
23:07:03 | INFO: Primitives created: 1
23:07:03 | INFO: Extracting primitive: M3_02_yatay_profil.027
23:07:03 | INFO: Primitives created: 1
23:07:03 | INFO: Extracting primitive: M3_02_yatay_profil.028
23:07:03 | INFO: Primitives created: 1
23:07:03 | INFO: Extracting primitive: M3_02_yatay_profil.029
23:07:03 | INFO: Primitives created: 1
23:07:03 | INFO: Extracting primitive: M3_02_yatay_profil.030
23:07:03 | INFO: Primitives created: 1
23:07:03 | INFO: Extracting primitive: M3_02_yatay_profil.031
23:07:03 | INFO: Primitives created: 1
23:07:03 | INFO: Extracting primitive: M3_02_yatay_profil.032
23:07:03 | INFO: Primitives created: 1
23:07:03 | INFO: Extracting primitive: M3_02_yatay_profil.033
23:07:03 | INFO: Primitives created: 1
23:07:03 | INFO: Extracting primitive: M3_02_yatay_profil.034
23:07:03 | INFO: Primitives created: 1
23:07:03 | INFO: Extracting primitive: M3_02_yatay_profil.035
23:07:03 | INFO: Primitives created: 1
23:07:03 | INFO: Extracting primitive: M3_02_yatay_profil.036
23:07:03 | INFO: Primitives created: 1
23:07:03 | INFO: Extracting primitive: M3_02_yatay_profil.037
23:07:03 | INFO: Primitives created: 1
23:07:03 | INFO: Extracting primitive: M3_02_yatay_profil.038
23:07:03 | INFO: Primitives created: 1
23:07:03 | INFO: Extracting primitive: M3_02_yatay_profil.039
23:07:03 | INFO: Primitives created: 1
23:07:03 | INFO: Extracting primitive: M3_02_yatay_profil.040
23:07:03 | INFO: Primitives created: 1
23:07:03 | INFO: Extracting primitive: M3_02_yatay_profil.041
23:07:03 | INFO: Primitives created: 1
23:07:03 | INFO: Extracting primitive: M3_02_yatay_profil.042
23:07:03 | INFO: Primitives created: 1
23:07:03 | INFO: Extracting primitive: M3_02_yatay_profil.043
23:07:03 | INFO: Primitives created: 1
23:07:03 | INFO: Extracting primitive: M3_02_yatay_profil.044
23:07:03 | INFO: Primitives created: 1
23:07:03 | INFO: Extracting primitive: M3_02_yatay_profil.045
23:07:03 | INFO: Primitives created: 1
23:07:03 | INFO: Extracting primitive: M3_02_yatay_profil.046
23:07:03 | INFO: Primitives created: 1
23:07:03 | INFO: Extracting primitive: M3_02_yatay_profil.047
23:07:03 | INFO: Primitives created: 1
23:07:03 | INFO: Extracting primitive: M3_03_dik_profil.024
23:07:03 | INFO: Primitives created: 1
23:07:03 | INFO: Extracting primitive: M3_03_dik_profil.025
23:07:03 | INFO: Primitives created: 1
23:07:03 | INFO: Extracting primitive: M3_03_dik_profil.026
23:07:03 | INFO: Primitives created: 1
23:07:03 | INFO: Extracting primitive: M3_03_dik_profil.027
23:07:03 | INFO: Primitives created: 1
23:07:03 | INFO: Extracting primitive: M3_03_dik_profil.028
23:07:03 | INFO: Primitives created: 1
23:07:03 | INFO: Extracting primitive: M3_03_dik_profil.029
23:07:03 | INFO: Primitives created: 1
23:07:03 | INFO: Extracting primitive: M3_03_dik_profil.030
23:07:03 | INFO: Primitives created: 1
23:07:03 | INFO: Extracting primitive: M3_03_dik_profil.031
23:07:03 | INFO: Primitives created: 1
23:07:03 | INFO: Extracting primitive: M3_03_dik_profil.032
23:07:03 | INFO: Primitives created: 1
23:07:03 | INFO: Extracting primitive: M3_03_dik_profil.033
23:07:03 | INFO: Primitives created: 1
23:07:03 | INFO: Extracting primitive: M3_03_dik_profil.034
23:07:03 | INFO: Primitives created: 1
23:07:03 | INFO: Extracting primitive: M3_03_dik_profil.035
23:07:03 | INFO: Primitives created: 1
23:07:03 | INFO: Extracting primitive: M3_03_dik_profil.036
23:07:03 | INFO: Primitives created: 1
23:07:03 | INFO: Extracting primitive: M3_03_dik_profil.037
23:07:03 | INFO: Primitives created: 1
23:07:03 | INFO: Extracting primitive: M3_03_dik_profil.038
23:07:03 | INFO: Primitives created: 1
23:07:03 | INFO: Extracting primitive: M3_03_dik_profil.039
23:07:03 | INFO: Primitives created: 1
23:07:03 | INFO: Extracting primitive: M3_03_dik_profil.040
23:07:03 | INFO: Primitives created: 1
23:07:03 | INFO: Extracting primitive: M3_03_dik_profil.041
23:07:03 | INFO: Primitives created: 1
23:07:03 | INFO: Extracting primitive: M3_03_dik_profil.042
23:07:03 | INFO: Primitives created: 1
23:07:03 | INFO: Extracting primitive: M3_03_dik_profil.043
23:07:03 | INFO: Primitives created: 1
23:07:03 | INFO: Extracting primitive: M3_03_dik_profil.044
23:07:03 | INFO: Primitives created: 1
23:07:03 | INFO: Extracting primitive: M3_03_dik_profil.045
23:07:03 | INFO: Primitives created: 1
23:07:03 | INFO: Extracting primitive: M3_03_dik_profil.046
23:07:03 | INFO: Primitives created: 1
23:07:03 | INFO: Extracting primitive: M3_03_dik_profil.047
23:07:03 | INFO: Primitives created: 1
23:07:03 | INFO: Extracting primitive: M3_03_esik_doseme.001
23:07:03 | INFO: Primitives created: 1
23:07:03 | INFO: Extracting primitive: M3_03_gobek.012
23:07:03 | INFO: Primitives created: 1
23:07:03 | INFO: Extracting primitive: M3_03_gobek.013
23:07:03 | INFO: Primitives created: 1
23:07:03 | INFO: Extracting primitive: M3_03_gobek.014
23:07:03 | INFO: Primitives created: 1
23:07:03 | INFO: Extracting primitive: M3_03_gobek.015
23:07:03 | INFO: Primitives created: 1
23:07:03 | INFO: Extracting primitive: M3_03_gobek.016
23:07:03 | INFO: Primitives created: 1
23:07:03 | INFO: Extracting primitive: M3_03_gobek.017
23:07:03 | INFO: Primitives created: 1
23:07:03 | INFO: Extracting primitive: M3_03_gobek.018
23:07:03 | INFO: Primitives created: 1
23:07:03 | INFO: Extracting primitive: M3_03_gobek.019
23:07:03 | INFO: Primitives created: 1
23:07:03 | INFO: Extracting primitive: M3_03_gobek.020
23:07:03 | INFO: Primitives created: 1
23:07:03 | INFO: Extracting primitive: M3_03_gobek.021
23:07:03 | INFO: Primitives created: 1
23:07:03 | INFO: Extracting primitive: M3_03_gobek.022
23:07:03 | INFO: Primitives created: 1
23:07:03 | INFO: Extracting primitive: M3_03_gobek.023
23:07:03 | INFO: Primitives created: 1
23:07:03 | INFO: Extracting primitive: M3_03_kanat.001
23:07:03 | INFO: Primitives created: 1
23:07:03 | INFO: Extracting primitive: M3_03_kasa.002
23:07:03 | INFO: Primitives created: 1
23:07:03 | INFO: Extracting primitive: M3_03_kasa.003
23:07:03 | INFO: Primitives created: 1
23:07:03 | INFO: Extracting primitive: M3_03_mentese
23:07:03 | INFO: Primitives created: 1
23:07:03 | INFO: Extracting primitive: M3_03_mentese.001
23:07:03 | INFO: Primitives created: 1
23:07:03 | INFO: Extracting primitive: M3_03_mentese.002
23:07:03 | INFO: Primitives created: 1
23:07:03 | INFO: Extracting primitive: M3_03_pervaz.004
23:07:03 | INFO: Primitives created: 1
23:07:03 | INFO: Extracting primitive: M3_03_pervaz.005
23:07:03 | INFO: Primitives created: 1
23:07:03 | INFO: Extracting primitive: M3_03_pervaz.006
23:07:03 | INFO: Primitives created: 1
23:07:03 | INFO: Extracting primitive: M3_03_pervaz.007
23:07:03 | INFO: Primitives created: 1
23:07:03 | INFO: Extracting primitive: Sphere.011
23:07:03 | INFO: Primitives created: 1
23:07:03 | INFO: Extracting primitive: Sphere.012
23:07:03 | INFO: Primitives created: 1
23:07:03 | INFO: Extracting primitive: M3_03_topuz_mili
23:07:03 | INFO: Primitives created: 1
23:07:03 | INFO: Extracting primitive: M3_03_topuz_mili.001
23:07:03 | INFO: Primitives created: 1
23:07:03 | INFO: Extracting primitive: M3_03_ust_kasa.001
23:07:03 | INFO: Primitives created: 1
23:07:03 | INFO: Extracting primitive: M3_03_ust_pervaz.002
23:07:03 | INFO: Primitives created: 1
23:07:03 | INFO: Extracting primitive: M3_03_ust_pervaz.003
23:07:03 | INFO: Primitives created: 1
23:07:03 | INFO: Extracting primitive: M3_03_yatay_profil.024
23:07:03 | INFO: Primitives created: 1
23:07:03 | INFO: Extracting primitive: M3_03_yatay_profil.025
23:07:03 | INFO: Primitives created: 1
23:07:03 | INFO: Extracting primitive: M3_03_yatay_profil.026
23:07:03 | INFO: Primitives created: 1
23:07:03 | INFO: Extracting primitive: M3_03_yatay_profil.027
23:07:03 | INFO: Primitives created: 1
23:07:03 | INFO: Extracting primitive: M3_03_yatay_profil.028
23:07:03 | INFO: Primitives created: 1
23:07:03 | INFO: Extracting primitive: M3_03_yatay_profil.029
23:07:03 | INFO: Primitives created: 1
23:07:03 | INFO: Extracting primitive: M3_03_yatay_profil.030
23:07:03 | INFO: Primitives created: 1
23:07:03 | INFO: Extracting primitive: M3_03_yatay_profil.031
23:07:03 | INFO: Primitives created: 1
23:07:03 | INFO: Extracting primitive: M3_03_yatay_profil.032
23:07:03 | INFO: Primitives created: 1
23:07:03 | INFO: Extracting primitive: M3_03_yatay_profil.033
23:07:03 | INFO: Primitives created: 1
23:07:03 | INFO: Extracting primitive: M3_03_yatay_profil.034
23:07:03 | INFO: Primitives created: 1
23:07:03 | INFO: Extracting primitive: M3_03_yatay_profil.035
23:07:03 | INFO: Primitives created: 1
23:07:03 | INFO: Extracting primitive: M3_03_yatay_profil.036
23:07:03 | INFO: Primitives created: 1
23:07:03 | INFO: Extracting primitive: M3_03_yatay_profil.037
23:07:03 | INFO: Primitives created: 1
23:07:03 | INFO: Extracting primitive: M3_03_yatay_profil.038
23:07:03 | INFO: Primitives created: 1
23:07:03 | INFO: Extracting primitive: M3_03_yatay_profil.039
23:07:03 | INFO: Primitives created: 1
23:07:03 | INFO: Extracting primitive: M3_03_yatay_profil.040
23:07:03 | INFO: Primitives created: 1
23:07:03 | INFO: Extracting primitive: M3_03_yatay_profil.041
23:07:03 | INFO: Primitives created: 1
23:07:03 | INFO: Extracting primitive: M3_03_yatay_profil.042
23:07:03 | INFO: Primitives created: 1
23:07:03 | INFO: Extracting primitive: M3_03_yatay_profil.043
23:07:03 | INFO: Primitives created: 1
23:07:03 | INFO: Extracting primitive: M3_03_yatay_profil.044
23:07:03 | INFO: Primitives created: 1
23:07:03 | INFO: Extracting primitive: M3_03_yatay_profil.045
23:07:03 | INFO: Primitives created: 1
23:07:03 | INFO: Extracting primitive: M3_03_yatay_profil.046
23:07:03 | INFO: Primitives created: 1
23:07:03 | INFO: Extracting primitive: M3_03_yatay_profil.047
23:07:03 | INFO: Primitives created: 1
23:07:03 | INFO: Extracting primitive: M3_04_dik_profil.024
23:07:03 | INFO: Primitives created: 1
23:07:03 | INFO: Extracting primitive: M3_04_dik_profil.025
23:07:03 | INFO: Primitives created: 1
23:07:03 | INFO: Extracting primitive: M3_04_dik_profil.026
23:07:03 | INFO: Primitives created: 1
23:07:03 | INFO: Extracting primitive: M3_04_dik_profil.027
23:07:03 | INFO: Primitives created: 1
23:07:03 | INFO: Extracting primitive: M3_04_dik_profil.028
23:07:03 | INFO: Primitives created: 1
23:07:03 | INFO: Extracting primitive: M3_04_dik_profil.029
23:07:03 | INFO: Primitives created: 1
23:07:03 | INFO: Extracting primitive: M3_04_dik_profil.030
23:07:03 | INFO: Primitives created: 1
23:07:03 | INFO: Extracting primitive: M3_04_dik_profil.031
23:07:03 | INFO: Primitives created: 1
23:07:03 | INFO: Extracting primitive: M3_04_dik_profil.032
23:07:03 | INFO: Primitives created: 1
23:07:03 | INFO: Extracting primitive: M3_04_dik_profil.033
23:07:03 | INFO: Primitives created: 1
23:07:03 | INFO: Extracting primitive: M3_04_dik_profil.034
23:07:03 | INFO: Primitives created: 1
23:07:03 | INFO: Extracting primitive: M3_04_dik_profil.035
23:07:03 | INFO: Primitives created: 1
23:07:03 | INFO: Extracting primitive: M3_04_dik_profil.036
23:07:03 | INFO: Primitives created: 1
23:07:03 | INFO: Extracting primitive: M3_04_dik_profil.037
23:07:03 | INFO: Primitives created: 1
23:07:03 | INFO: Extracting primitive: M3_04_dik_profil.038
23:07:03 | INFO: Primitives created: 1
23:07:03 | INFO: Extracting primitive: M3_04_dik_profil.039
23:07:03 | INFO: Primitives created: 1
23:07:03 | INFO: Extracting primitive: M3_04_dik_profil.040
23:07:03 | INFO: Primitives created: 1
23:07:03 | INFO: Extracting primitive: M3_04_dik_profil.041
23:07:03 | INFO: Primitives created: 1
23:07:03 | INFO: Extracting primitive: M3_04_dik_profil.042
23:07:03 | INFO: Primitives created: 1
23:07:03 | INFO: Extracting primitive: M3_04_dik_profil.043
23:07:03 | INFO: Primitives created: 1
23:07:03 | INFO: Extracting primitive: M3_04_dik_profil.044
23:07:03 | INFO: Primitives created: 1
23:07:03 | INFO: Extracting primitive: M3_04_dik_profil.045
23:07:03 | INFO: Primitives created: 1
23:07:03 | INFO: Extracting primitive: M3_04_dik_profil.046
23:07:03 | INFO: Primitives created: 1
23:07:03 | INFO: Extracting primitive: M3_04_dik_profil.047
23:07:03 | INFO: Primitives created: 1
23:07:03 | INFO: Extracting primitive: M3_04_esik_doseme.001
23:07:03 | INFO: Primitives created: 1
23:07:03 | INFO: Extracting primitive: M3_04_gobek.012
23:07:03 | INFO: Primitives created: 1
23:07:03 | INFO: Extracting primitive: M3_04_gobek.013
23:07:03 | INFO: Primitives created: 1
23:07:03 | INFO: Extracting primitive: M3_04_gobek.014
23:07:03 | INFO: Primitives created: 1
23:07:03 | INFO: Extracting primitive: M3_04_gobek.015
23:07:03 | INFO: Primitives created: 1
23:07:03 | INFO: Extracting primitive: M3_04_gobek.016
23:07:03 | INFO: Primitives created: 1
23:07:03 | INFO: Extracting primitive: M3_04_gobek.017
23:07:03 | INFO: Primitives created: 1
23:07:03 | INFO: Extracting primitive: M3_04_gobek.018
23:07:03 | INFO: Primitives created: 1
23:07:03 | INFO: Extracting primitive: M3_04_gobek.019
23:07:03 | INFO: Primitives created: 1
23:07:03 | INFO: Extracting primitive: M3_04_gobek.020
23:07:03 | INFO: Primitives created: 1
23:07:03 | INFO: Extracting primitive: M3_04_gobek.021
23:07:03 | INFO: Primitives created: 1
23:07:03 | INFO: Extracting primitive: M3_04_gobek.022
23:07:03 | INFO: Primitives created: 1
23:07:03 | INFO: Extracting primitive: M3_04_gobek.023
23:07:03 | INFO: Primitives created: 1
23:07:03 | INFO: Extracting primitive: M3_04_kanat.001
23:07:03 | INFO: Primitives created: 1
23:07:03 | INFO: Extracting primitive: M3_04_kasa.002
23:07:03 | INFO: Primitives created: 1
23:07:03 | INFO: Extracting primitive: M3_04_kasa.003
23:07:03 | INFO: Primitives created: 1
23:07:03 | INFO: Extracting primitive: M3_04_mentese
23:07:03 | INFO: Primitives created: 1
23:07:03 | INFO: Extracting primitive: M3_04_mentese.001
23:07:03 | INFO: Primitives created: 1
23:07:03 | INFO: Extracting primitive: M3_04_mentese.002
23:07:03 | INFO: Primitives created: 1
23:07:03 | INFO: Extracting primitive: M3_04_pervaz.004
23:07:03 | INFO: Primitives created: 1
23:07:03 | INFO: Extracting primitive: M3_04_pervaz.005
23:07:03 | INFO: Primitives created: 1
23:07:03 | INFO: Extracting primitive: M3_04_pervaz.006
23:07:03 | INFO: Primitives created: 1
23:07:03 | INFO: Extracting primitive: M3_04_pervaz.007
23:07:03 | INFO: Primitives created: 1
23:07:03 | INFO: Extracting primitive: Sphere.013
23:07:03 | INFO: Primitives created: 1
23:07:03 | INFO: Extracting primitive: Sphere.014
23:07:03 | INFO: Primitives created: 1
23:07:03 | INFO: Extracting primitive: M3_04_topuz_mili
23:07:03 | INFO: Primitives created: 1
23:07:03 | INFO: Extracting primitive: M3_04_topuz_mili.001
23:07:03 | INFO: Primitives created: 1
23:07:03 | INFO: Extracting primitive: M3_04_ust_kasa.001
23:07:03 | INFO: Primitives created: 1
23:07:03 | INFO: Extracting primitive: M3_04_ust_pervaz.002
23:07:03 | INFO: Primitives created: 1
23:07:03 | INFO: Extracting primitive: M3_04_ust_pervaz.003
23:07:03 | INFO: Primitives created: 1
23:07:03 | INFO: Extracting primitive: M3_04_yatay_profil.024
23:07:03 | INFO: Primitives created: 1
23:07:03 | INFO: Extracting primitive: M3_04_yatay_profil.025
23:07:03 | INFO: Primitives created: 1
23:07:03 | INFO: Extracting primitive: M3_04_yatay_profil.026
23:07:03 | INFO: Primitives created: 1
23:07:03 | INFO: Extracting primitive: M3_04_yatay_profil.027
23:07:03 | INFO: Primitives created: 1
23:07:03 | INFO: Extracting primitive: M3_04_yatay_profil.028
23:07:03 | INFO: Primitives created: 1
23:07:03 | INFO: Extracting primitive: M3_04_yatay_profil.029
23:07:03 | INFO: Primitives created: 1
23:07:03 | INFO: Extracting primitive: M3_04_yatay_profil.030
23:07:03 | INFO: Primitives created: 1
23:07:03 | INFO: Extracting primitive: M3_04_yatay_profil.031
23:07:03 | INFO: Primitives created: 1
23:07:03 | INFO: Extracting primitive: M3_04_yatay_profil.032
23:07:03 | INFO: Primitives created: 1
23:07:03 | INFO: Extracting primitive: M3_04_yatay_profil.033
23:07:03 | INFO: Primitives created: 1
23:07:03 | INFO: Extracting primitive: M3_04_yatay_profil.034
23:07:03 | INFO: Primitives created: 1
23:07:03 | INFO: Extracting primitive: M3_04_yatay_profil.035
23:07:03 | INFO: Primitives created: 1
23:07:03 | INFO: Extracting primitive: M3_04_yatay_profil.036
23:07:03 | INFO: Primitives created: 1
23:07:03 | INFO: Extracting primitive: M3_04_yatay_profil.037
23:07:03 | INFO: Primitives created: 1
23:07:03 | INFO: Extracting primitive: M3_04_yatay_profil.038
23:07:03 | INFO: Primitives created: 1
23:07:03 | INFO: Extracting primitive: M3_04_yatay_profil.039
23:07:03 | INFO: Primitives created: 1
23:07:03 | INFO: Extracting primitive: M3_04_yatay_profil.040
23:07:03 | INFO: Primitives created: 1
23:07:03 | INFO: Extracting primitive: M3_04_yatay_profil.041
23:07:03 | INFO: Primitives created: 1
23:07:03 | INFO: Extracting primitive: M3_04_yatay_profil.042
23:07:03 | INFO: Primitives created: 1
23:07:03 | INFO: Extracting primitive: M3_04_yatay_profil.043
23:07:03 | INFO: Primitives created: 1
23:07:03 | INFO: Extracting primitive: M3_04_yatay_profil.044
23:07:03 | INFO: Primitives created: 1
23:07:03 | INFO: Extracting primitive: M3_04_yatay_profil.045
23:07:03 | INFO: Primitives created: 1
23:07:03 | INFO: Extracting primitive: M3_04_yatay_profil.046
23:07:03 | INFO: Primitives created: 1
23:07:03 | INFO: Extracting primitive: M3_04_yatay_profil.047
23:07:03 | INFO: Primitives created: 1
23:07:03 | INFO: Extracting primitive: M3_05_dik_profil.024
23:07:03 | INFO: Primitives created: 1
23:07:03 | INFO: Extracting primitive: M3_05_dik_profil.025
23:07:03 | INFO: Primitives created: 1
23:07:03 | INFO: Extracting primitive: M3_05_dik_profil.026
23:07:03 | INFO: Primitives created: 1
23:07:03 | INFO: Extracting primitive: M3_05_dik_profil.027
23:07:03 | INFO: Primitives created: 1
23:07:03 | INFO: Extracting primitive: M3_05_dik_profil.028
23:07:03 | INFO: Primitives created: 1
23:07:03 | INFO: Extracting primitive: M3_05_dik_profil.029
23:07:03 | INFO: Primitives created: 1
23:07:03 | INFO: Extracting primitive: M3_05_dik_profil.030
23:07:03 | INFO: Primitives created: 1
23:07:03 | INFO: Extracting primitive: M3_05_dik_profil.031
23:07:03 | INFO: Primitives created: 1
23:07:03 | INFO: Extracting primitive: M3_05_dik_profil.032
23:07:03 | INFO: Primitives created: 1
23:07:03 | INFO: Extracting primitive: M3_05_dik_profil.033
23:07:03 | INFO: Primitives created: 1
23:07:03 | INFO: Extracting primitive: M3_05_dik_profil.034
23:07:03 | INFO: Primitives created: 1
23:07:03 | INFO: Extracting primitive: M3_05_dik_profil.035
23:07:03 | INFO: Primitives created: 1
23:07:03 | INFO: Extracting primitive: M3_05_dik_profil.036
23:07:03 | INFO: Primitives created: 1
23:07:03 | INFO: Extracting primitive: M3_05_dik_profil.037
23:07:03 | INFO: Primitives created: 1
23:07:03 | INFO: Extracting primitive: M3_05_dik_profil.038
23:07:03 | INFO: Primitives created: 1
23:07:03 | INFO: Extracting primitive: M3_05_dik_profil.039
23:07:03 | INFO: Primitives created: 1
23:07:03 | INFO: Extracting primitive: M3_05_dik_profil.040
23:07:03 | INFO: Primitives created: 1
23:07:03 | INFO: Extracting primitive: M3_05_dik_profil.041
23:07:03 | INFO: Primitives created: 1
23:07:03 | INFO: Extracting primitive: M3_05_dik_profil.042
23:07:03 | INFO: Primitives created: 1
23:07:03 | INFO: Extracting primitive: M3_05_dik_profil.043
23:07:03 | INFO: Primitives created: 1
23:07:03 | INFO: Extracting primitive: M3_05_dik_profil.044
23:07:03 | INFO: Primitives created: 1
23:07:03 | INFO: Extracting primitive: M3_05_dik_profil.045
23:07:03 | INFO: Primitives created: 1
23:07:03 | INFO: Extracting primitive: M3_05_dik_profil.046
23:07:03 | INFO: Primitives created: 1
23:07:03 | INFO: Extracting primitive: M3_05_dik_profil.047
23:07:03 | INFO: Primitives created: 1
23:07:03 | INFO: Extracting primitive: M3_05_esik_doseme.001
23:07:03 | INFO: Primitives created: 1
23:07:03 | INFO: Extracting primitive: M3_05_gobek.012
23:07:03 | INFO: Primitives created: 1
23:07:03 | INFO: Extracting primitive: M3_05_gobek.013
23:07:03 | INFO: Primitives created: 1
23:07:03 | INFO: Extracting primitive: M3_05_gobek.014
23:07:03 | INFO: Primitives created: 1
23:07:03 | INFO: Extracting primitive: M3_05_gobek.015
23:07:03 | INFO: Primitives created: 1
23:07:03 | INFO: Extracting primitive: M3_05_gobek.016
23:07:03 | INFO: Primitives created: 1
23:07:03 | INFO: Extracting primitive: M3_05_gobek.017
23:07:03 | INFO: Primitives created: 1
23:07:03 | INFO: Extracting primitive: M3_05_gobek.018
23:07:03 | INFO: Primitives created: 1
23:07:03 | INFO: Extracting primitive: M3_05_gobek.019
23:07:03 | INFO: Primitives created: 1
23:07:03 | INFO: Extracting primitive: M3_05_gobek.020
23:07:03 | INFO: Primitives created: 1
23:07:03 | INFO: Extracting primitive: M3_05_gobek.021
23:07:03 | INFO: Primitives created: 1
23:07:03 | INFO: Extracting primitive: M3_05_gobek.022
23:07:03 | INFO: Primitives created: 1
23:07:03 | INFO: Extracting primitive: M3_05_gobek.023
23:07:03 | INFO: Primitives created: 1
23:07:03 | INFO: Extracting primitive: M3_05_kanat.001
23:07:03 | INFO: Primitives created: 1
23:07:03 | INFO: Extracting primitive: M3_05_kasa.002
23:07:03 | INFO: Primitives created: 1
23:07:03 | INFO: Extracting primitive: M3_05_kasa.003
23:07:03 | INFO: Primitives created: 1
23:07:03 | INFO: Extracting primitive: M3_05_kulp
23:07:03 | INFO: Primitives created: 1
23:07:03 | INFO: Extracting primitive: M3_05_kulp.001
23:07:03 | INFO: Primitives created: 1
23:07:03 | INFO: Extracting primitive: M3_05_mentese
23:07:03 | INFO: Primitives created: 1
23:07:03 | INFO: Extracting primitive: M3_05_mentese.001
23:07:03 | INFO: Primitives created: 1
23:07:03 | INFO: Extracting primitive: M3_05_mentese.002
23:07:03 | INFO: Primitives created: 1
23:07:03 | INFO: Extracting primitive: M3_05_pervaz.004
23:07:03 | INFO: Primitives created: 1
23:07:03 | INFO: Extracting primitive: M3_05_pervaz.005
23:07:03 | INFO: Primitives created: 1
23:07:03 | INFO: Extracting primitive: M3_05_pervaz.006
23:07:03 | INFO: Primitives created: 1
23:07:03 | INFO: Extracting primitive: M3_05_pervaz.007
23:07:03 | INFO: Primitives created: 1
23:07:03 | INFO: Extracting primitive: M3_05_ust_kasa.001
23:07:03 | INFO: Primitives created: 1
23:07:03 | INFO: Extracting primitive: M3_05_ust_pervaz.002
23:07:03 | INFO: Primitives created: 1
23:07:03 | INFO: Extracting primitive: M3_05_ust_pervaz.003
23:07:03 | INFO: Primitives created: 1
23:07:03 | INFO: Extracting primitive: M3_05_yatay_profil.024
23:07:03 | INFO: Primitives created: 1
23:07:03 | INFO: Extracting primitive: M3_05_yatay_profil.025
23:07:03 | INFO: Primitives created: 1
23:07:03 | INFO: Extracting primitive: M3_05_yatay_profil.026
23:07:03 | INFO: Primitives created: 1
23:07:03 | INFO: Extracting primitive: M3_05_yatay_profil.027
23:07:03 | INFO: Primitives created: 1
23:07:03 | INFO: Extracting primitive: M3_05_yatay_profil.028
23:07:03 | INFO: Primitives created: 1
23:07:03 | INFO: Extracting primitive: M3_05_yatay_profil.029
23:07:03 | INFO: Primitives created: 1
23:07:03 | INFO: Extracting primitive: M3_05_yatay_profil.030
23:07:03 | INFO: Primitives created: 1
23:07:03 | INFO: Extracting primitive: M3_05_yatay_profil.031
23:07:03 | INFO: Primitives created: 1
23:07:03 | INFO: Extracting primitive: M3_05_yatay_profil.032
23:07:03 | INFO: Primitives created: 1
23:07:03 | INFO: Extracting primitive: M3_05_yatay_profil.033
23:07:03 | INFO: Primitives created: 1
23:07:03 | INFO: Extracting primitive: M3_05_yatay_profil.034
23:07:03 | INFO: Primitives created: 1
23:07:03 | INFO: Extracting primitive: M3_05_yatay_profil.035
23:07:03 | INFO: Primitives created: 1
23:07:03 | INFO: Extracting primitive: M3_05_yatay_profil.036
23:07:03 | INFO: Primitives created: 1
23:07:03 | INFO: Extracting primitive: M3_05_yatay_profil.037
23:07:03 | INFO: Primitives created: 1
23:07:03 | INFO: Extracting primitive: M3_05_yatay_profil.038
23:07:03 | INFO: Primitives created: 1
23:07:03 | INFO: Extracting primitive: M3_05_yatay_profil.039
23:07:03 | INFO: Primitives created: 1
23:07:03 | INFO: Extracting primitive: M3_05_yatay_profil.040
23:07:03 | INFO: Primitives created: 1
23:07:03 | INFO: Extracting primitive: M3_05_yatay_profil.041
23:07:03 | INFO: Primitives created: 1
23:07:03 | INFO: Extracting primitive: M3_05_yatay_profil.042
23:07:03 | INFO: Primitives created: 1
23:07:03 | INFO: Extracting primitive: M3_05_yatay_profil.043
23:07:03 | INFO: Primitives created: 1
23:07:03 | INFO: Extracting primitive: M3_05_yatay_profil.044
23:07:03 | INFO: Primitives created: 1
23:07:03 | INFO: Extracting primitive: M3_05_yatay_profil.045
23:07:03 | INFO: Primitives created: 1
23:07:03 | INFO: Extracting primitive: M3_05_yatay_profil.046
23:07:03 | INFO: Primitives created: 1
23:07:03 | INFO: Extracting primitive: M3_05_yatay_profil.047
23:07:03 | INFO: Primitives created: 1
23:07:03 | INFO: Extracting primitive: M3_06_dik_profil.024
23:07:03 | INFO: Primitives created: 1
23:07:03 | INFO: Extracting primitive: M3_06_dik_profil.025
23:07:03 | INFO: Primitives created: 1
23:07:03 | INFO: Extracting primitive: M3_06_dik_profil.026
23:07:03 | INFO: Primitives created: 1
23:07:03 | INFO: Extracting primitive: M3_06_dik_profil.027
23:07:03 | INFO: Primitives created: 1
23:07:03 | INFO: Extracting primitive: M3_06_dik_profil.028
23:07:03 | INFO: Primitives created: 1
23:07:03 | INFO: Extracting primitive: M3_06_dik_profil.029
23:07:03 | INFO: Primitives created: 1
23:07:03 | INFO: Extracting primitive: M3_06_dik_profil.030
23:07:03 | INFO: Primitives created: 1
23:07:03 | INFO: Extracting primitive: M3_06_dik_profil.031
23:07:03 | INFO: Primitives created: 1
23:07:03 | INFO: Extracting primitive: M3_06_dik_profil.032
23:07:03 | INFO: Primitives created: 1
23:07:03 | INFO: Extracting primitive: M3_06_dik_profil.033
23:07:03 | INFO: Primitives created: 1
23:07:03 | INFO: Extracting primitive: M3_06_dik_profil.034
23:07:03 | INFO: Primitives created: 1
23:07:03 | INFO: Extracting primitive: M3_06_dik_profil.035
23:07:03 | INFO: Primitives created: 1
23:07:03 | INFO: Extracting primitive: M3_06_dik_profil.036
23:07:03 | INFO: Primitives created: 1
23:07:03 | INFO: Extracting primitive: M3_06_dik_profil.037
23:07:03 | INFO: Primitives created: 1
23:07:03 | INFO: Extracting primitive: M3_06_dik_profil.038
23:07:03 | INFO: Primitives created: 1
23:07:03 | INFO: Extracting primitive: M3_06_dik_profil.039
23:07:03 | INFO: Primitives created: 1
23:07:03 | INFO: Extracting primitive: M3_06_dik_profil.040
23:07:03 | INFO: Primitives created: 1
23:07:03 | INFO: Extracting primitive: M3_06_dik_profil.041
23:07:03 | INFO: Primitives created: 1
23:07:03 | INFO: Extracting primitive: M3_06_dik_profil.042
23:07:03 | INFO: Primitives created: 1
23:07:03 | INFO: Extracting primitive: M3_06_dik_profil.043
23:07:03 | INFO: Primitives created: 1
23:07:03 | INFO: Extracting primitive: M3_06_dik_profil.044
23:07:03 | INFO: Primitives created: 1
23:07:03 | INFO: Extracting primitive: M3_06_dik_profil.045
23:07:03 | INFO: Primitives created: 1
23:07:03 | INFO: Extracting primitive: M3_06_dik_profil.046
23:07:03 | INFO: Primitives created: 1
23:07:03 | INFO: Extracting primitive: M3_06_dik_profil.047
23:07:03 | INFO: Primitives created: 1
23:07:03 | INFO: Extracting primitive: M3_06_esik_doseme.001
23:07:03 | INFO: Primitives created: 1
23:07:03 | INFO: Extracting primitive: M3_06_gobek.012
23:07:03 | INFO: Primitives created: 1
23:07:03 | INFO: Extracting primitive: M3_06_gobek.013
23:07:03 | INFO: Primitives created: 1
23:07:03 | INFO: Extracting primitive: M3_06_gobek.014
23:07:03 | INFO: Primitives created: 1
23:07:03 | INFO: Extracting primitive: M3_06_gobek.015
23:07:03 | INFO: Primitives created: 1
23:07:03 | INFO: Extracting primitive: M3_06_gobek.016
23:07:03 | INFO: Primitives created: 1
23:07:03 | INFO: Extracting primitive: M3_06_gobek.017
23:07:03 | INFO: Primitives created: 1
23:07:03 | INFO: Extracting primitive: M3_06_gobek.018
23:07:03 | INFO: Primitives created: 1
23:07:03 | INFO: Extracting primitive: M3_06_gobek.019
23:07:03 | INFO: Primitives created: 1
23:07:03 | INFO: Extracting primitive: M3_06_gobek.020
23:07:03 | INFO: Primitives created: 1
23:07:03 | INFO: Extracting primitive: M3_06_gobek.021
23:07:03 | INFO: Primitives created: 1
23:07:03 | INFO: Extracting primitive: M3_06_gobek.022
23:07:03 | INFO: Primitives created: 1
23:07:03 | INFO: Extracting primitive: M3_06_gobek.023
23:07:03 | INFO: Primitives created: 1
23:07:03 | INFO: Extracting primitive: M3_06_kanat.001
23:07:03 | INFO: Primitives created: 1
23:07:03 | INFO: Extracting primitive: M3_06_kasa.002
23:07:03 | INFO: Primitives created: 1
23:07:03 | INFO: Extracting primitive: M3_06_kasa.003
23:07:03 | INFO: Primitives created: 1
23:07:03 | INFO: Extracting primitive: M3_06_mentese
23:07:03 | INFO: Primitives created: 1
23:07:03 | INFO: Extracting primitive: M3_06_mentese.001
23:07:03 | INFO: Primitives created: 1
23:07:03 | INFO: Extracting primitive: M3_06_mentese.002
23:07:03 | INFO: Primitives created: 1
23:07:03 | INFO: Extracting primitive: M3_06_pervaz.004
23:07:03 | INFO: Primitives created: 1
23:07:03 | INFO: Extracting primitive: M3_06_pervaz.005
23:07:03 | INFO: Primitives created: 1
23:07:03 | INFO: Extracting primitive: M3_06_pervaz.006
23:07:03 | INFO: Primitives created: 1
23:07:03 | INFO: Extracting primitive: M3_06_pervaz.007
23:07:03 | INFO: Primitives created: 1
23:07:03 | INFO: Extracting primitive: Sphere.015
23:07:03 | INFO: Primitives created: 1
23:07:03 | INFO: Extracting primitive: Sphere.016
23:07:03 | INFO: Primitives created: 1
23:07:03 | INFO: Extracting primitive: M3_06_topuz_mili
23:07:03 | INFO: Primitives created: 1
23:07:03 | INFO: Extracting primitive: M3_06_topuz_mili.001
23:07:03 | INFO: Primitives created: 1
23:07:03 | INFO: Extracting primitive: M3_06_ust_kasa.001
23:07:03 | INFO: Primitives created: 1
23:07:03 | INFO: Extracting primitive: M3_06_ust_pervaz.002
23:07:03 | INFO: Primitives created: 1
23:07:03 | INFO: Extracting primitive: M3_06_ust_pervaz.003
23:07:03 | INFO: Primitives created: 1
23:07:03 | INFO: Extracting primitive: M3_06_yatay_profil.024
23:07:03 | INFO: Primitives created: 1
23:07:03 | INFO: Extracting primitive: M3_06_yatay_profil.025
23:07:03 | INFO: Primitives created: 1
23:07:03 | INFO: Extracting primitive: M3_06_yatay_profil.026
23:07:03 | INFO: Primitives created: 1
23:07:03 | INFO: Extracting primitive: M3_06_yatay_profil.027
23:07:03 | INFO: Primitives created: 1
23:07:03 | INFO: Extracting primitive: M3_06_yatay_profil.028
23:07:03 | INFO: Primitives created: 1
23:07:03 | INFO: Extracting primitive: M3_06_yatay_profil.029
23:07:03 | INFO: Primitives created: 1
23:07:03 | INFO: Extracting primitive: M3_06_yatay_profil.030
23:07:03 | INFO: Primitives created: 1
23:07:03 | INFO: Extracting primitive: M3_06_yatay_profil.031
23:07:03 | INFO: Primitives created: 1
23:07:03 | INFO: Extracting primitive: M3_06_yatay_profil.032
23:07:03 | INFO: Primitives created: 1
23:07:03 | INFO: Extracting primitive: M3_06_yatay_profil.033
23:07:03 | INFO: Primitives created: 1
23:07:03 | INFO: Extracting primitive: M3_06_yatay_profil.034
23:07:03 | INFO: Primitives created: 1
23:07:03 | INFO: Extracting primitive: M3_06_yatay_profil.035
23:07:03 | INFO: Primitives created: 1
23:07:03 | INFO: Extracting primitive: M3_06_yatay_profil.036
23:07:03 | INFO: Primitives created: 1
23:07:03 | INFO: Extracting primitive: M3_06_yatay_profil.037
23:07:03 | INFO: Primitives created: 1
23:07:03 | INFO: Extracting primitive: M3_06_yatay_profil.038
23:07:03 | INFO: Primitives created: 1
23:07:03 | INFO: Extracting primitive: M3_06_yatay_profil.039
23:07:03 | INFO: Primitives created: 1
23:07:03 | INFO: Extracting primitive: M3_06_yatay_profil.040
23:07:03 | INFO: Primitives created: 1
23:07:03 | INFO: Extracting primitive: M3_06_yatay_profil.041
23:07:03 | INFO: Primitives created: 1
23:07:03 | INFO: Extracting primitive: M3_06_yatay_profil.042
23:07:03 | INFO: Primitives created: 1
23:07:03 | INFO: Extracting primitive: M3_06_yatay_profil.043
23:07:03 | INFO: Primitives created: 1
23:07:03 | INFO: Extracting primitive: M3_06_yatay_profil.044
23:07:03 | INFO: Primitives created: 1
23:07:03 | INFO: Extracting primitive: M3_06_yatay_profil.045
23:07:03 | INFO: Primitives created: 1
23:07:03 | INFO: Extracting primitive: M3_06_yatay_profil.046
23:07:03 | INFO: Primitives created: 1
23:07:03 | INFO: Extracting primitive: M3_06_yatay_profil.047
23:07:03 | INFO: Primitives created: 1
23:07:03 | INFO: Extracting primitive: M3_07_dik_profil.024
23:07:03 | INFO: Primitives created: 1
23:07:03 | INFO: Extracting primitive: M3_07_dik_profil.025
23:07:03 | INFO: Primitives created: 1
23:07:03 | INFO: Extracting primitive: M3_07_dik_profil.026
23:07:03 | INFO: Primitives created: 1
23:07:03 | INFO: Extracting primitive: M3_07_dik_profil.027
23:07:03 | INFO: Primitives created: 1
23:07:03 | INFO: Extracting primitive: M3_07_dik_profil.028
23:07:03 | INFO: Primitives created: 1
23:07:03 | INFO: Extracting primitive: M3_07_dik_profil.029
23:07:03 | INFO: Primitives created: 1
23:07:03 | INFO: Extracting primitive: M3_07_dik_profil.030
23:07:03 | INFO: Primitives created: 1
23:07:03 | INFO: Extracting primitive: M3_07_dik_profil.031
23:07:03 | INFO: Primitives created: 1
23:07:03 | INFO: Extracting primitive: M3_07_dik_profil.032
23:07:03 | INFO: Primitives created: 1
23:07:03 | INFO: Extracting primitive: M3_07_dik_profil.033
23:07:03 | INFO: Primitives created: 1
23:07:03 | INFO: Extracting primitive: M3_07_dik_profil.034
23:07:03 | INFO: Primitives created: 1
23:07:03 | INFO: Extracting primitive: M3_07_dik_profil.035
23:07:03 | INFO: Primitives created: 1
23:07:03 | INFO: Extracting primitive: M3_07_dik_profil.036
23:07:03 | INFO: Primitives created: 1
23:07:03 | INFO: Extracting primitive: M3_07_dik_profil.037
23:07:03 | INFO: Primitives created: 1
23:07:03 | INFO: Extracting primitive: M3_07_dik_profil.038
23:07:03 | INFO: Primitives created: 1
23:07:03 | INFO: Extracting primitive: M3_07_dik_profil.039
23:07:03 | INFO: Primitives created: 1
23:07:03 | INFO: Extracting primitive: M3_07_dik_profil.040
23:07:03 | INFO: Primitives created: 1
23:07:03 | INFO: Extracting primitive: M3_07_dik_profil.041
23:07:03 | INFO: Primitives created: 1
23:07:03 | INFO: Extracting primitive: M3_07_dik_profil.042
23:07:03 | INFO: Primitives created: 1
23:07:03 | INFO: Extracting primitive: M3_07_dik_profil.043
23:07:03 | INFO: Primitives created: 1
23:07:03 | INFO: Extracting primitive: M3_07_dik_profil.044
23:07:03 | INFO: Primitives created: 1
23:07:03 | INFO: Extracting primitive: M3_07_dik_profil.045
23:07:03 | INFO: Primitives created: 1
23:07:03 | INFO: Extracting primitive: M3_07_dik_profil.046
23:07:03 | INFO: Primitives created: 1
23:07:03 | INFO: Extracting primitive: M3_07_dik_profil.047
23:07:03 | INFO: Primitives created: 1
23:07:03 | INFO: Extracting primitive: M3_07_esik_doseme.001
23:07:03 | INFO: Primitives created: 1
23:07:03 | INFO: Extracting primitive: M3_07_gobek.012
23:07:03 | INFO: Primitives created: 1
23:07:03 | INFO: Extracting primitive: M3_07_gobek.013
23:07:03 | INFO: Primitives created: 1
23:07:03 | INFO: Extracting primitive: M3_07_gobek.014
23:07:03 | INFO: Primitives created: 1
23:07:03 | INFO: Extracting primitive: M3_07_gobek.015
23:07:03 | INFO: Primitives created: 1
23:07:03 | INFO: Extracting primitive: M3_07_gobek.016
23:07:03 | INFO: Primitives created: 1
23:07:03 | INFO: Extracting primitive: M3_07_gobek.017
23:07:03 | INFO: Primitives created: 1
23:07:03 | INFO: Extracting primitive: M3_07_gobek.018
23:07:03 | INFO: Primitives created: 1
23:07:03 | INFO: Extracting primitive: M3_07_gobek.019
23:07:03 | INFO: Primitives created: 1
23:07:03 | INFO: Extracting primitive: M3_07_gobek.020
23:07:03 | INFO: Primitives created: 1
23:07:03 | INFO: Extracting primitive: M3_07_gobek.021
23:07:03 | INFO: Primitives created: 1
23:07:03 | INFO: Extracting primitive: M3_07_gobek.022
23:07:03 | INFO: Primitives created: 1
23:07:03 | INFO: Extracting primitive: M3_07_gobek.023
23:07:03 | INFO: Primitives created: 1
23:07:03 | INFO: Extracting primitive: M3_07_kanat.001
23:07:03 | INFO: Primitives created: 1
23:07:03 | INFO: Extracting primitive: M3_07_kasa.002
23:07:03 | INFO: Primitives created: 1
23:07:03 | INFO: Extracting primitive: M3_07_kasa.003
23:07:03 | INFO: Primitives created: 1
23:07:03 | INFO: Extracting primitive: M3_07_mentese
23:07:03 | INFO: Primitives created: 1
23:07:03 | INFO: Extracting primitive: M3_07_mentese.001
23:07:03 | INFO: Primitives created: 1
23:07:03 | INFO: Extracting primitive: M3_07_mentese.002
23:07:03 | INFO: Primitives created: 1
23:07:03 | INFO: Extracting primitive: M3_07_pervaz.004
23:07:03 | INFO: Primitives created: 1
23:07:03 | INFO: Extracting primitive: M3_07_pervaz.005
23:07:03 | INFO: Primitives created: 1
23:07:03 | INFO: Extracting primitive: M3_07_pervaz.006
23:07:03 | INFO: Primitives created: 1
23:07:04 | INFO: Extracting primitive: M3_07_pervaz.007
23:07:04 | INFO: Primitives created: 1
23:07:04 | INFO: Extracting primitive: Sphere.017
23:07:04 | INFO: Primitives created: 1
23:07:04 | INFO: Extracting primitive: Sphere.018
23:07:04 | INFO: Primitives created: 1
23:07:04 | INFO: Extracting primitive: M3_07_topuz_mili
23:07:04 | INFO: Primitives created: 1
23:07:04 | INFO: Extracting primitive: M3_07_topuz_mili.001
23:07:04 | INFO: Primitives created: 1
23:07:04 | INFO: Extracting primitive: M3_07_ust_kasa.001
23:07:04 | INFO: Primitives created: 1
23:07:04 | INFO: Extracting primitive: M3_07_ust_pervaz.002
23:07:04 | INFO: Primitives created: 1
23:07:04 | INFO: Extracting primitive: M3_07_ust_pervaz.003
23:07:04 | INFO: Primitives created: 1
23:07:04 | INFO: Extracting primitive: M3_07_yatay_profil.024
23:07:04 | INFO: Primitives created: 1
23:07:04 | INFO: Extracting primitive: M3_07_yatay_profil.025
23:07:04 | INFO: Primitives created: 1
23:07:04 | INFO: Extracting primitive: M3_07_yatay_profil.026
23:07:04 | INFO: Primitives created: 1
23:07:04 | INFO: Extracting primitive: M3_07_yatay_profil.027
23:07:04 | INFO: Primitives created: 1
23:07:04 | INFO: Extracting primitive: M3_07_yatay_profil.028
23:07:04 | INFO: Primitives created: 1
23:07:04 | INFO: Extracting primitive: M3_07_yatay_profil.029
23:07:04 | INFO: Primitives created: 1
23:07:04 | INFO: Extracting primitive: M3_07_yatay_profil.030
23:07:04 | INFO: Primitives created: 1
23:07:04 | INFO: Extracting primitive: M3_07_yatay_profil.031
23:07:04 | INFO: Primitives created: 1
23:07:04 | INFO: Extracting primitive: M3_07_yatay_profil.032
23:07:04 | INFO: Primitives created: 1
23:07:04 | INFO: Extracting primitive: M3_07_yatay_profil.033
23:07:04 | INFO: Primitives created: 1
23:07:04 | INFO: Extracting primitive: M3_07_yatay_profil.034
23:07:04 | INFO: Primitives created: 1
23:07:04 | INFO: Extracting primitive: M3_07_yatay_profil.035
23:07:04 | INFO: Primitives created: 1
23:07:04 | INFO: Extracting primitive: M3_07_yatay_profil.036
23:07:04 | INFO: Primitives created: 1
23:07:04 | INFO: Extracting primitive: M3_07_yatay_profil.037
23:07:04 | INFO: Primitives created: 1
23:07:04 | INFO: Extracting primitive: M3_07_yatay_profil.038
23:07:04 | INFO: Primitives created: 1
23:07:04 | INFO: Extracting primitive: M3_07_yatay_profil.039
23:07:04 | INFO: Primitives created: 1
23:07:04 | INFO: Extracting primitive: M3_07_yatay_profil.040
23:07:04 | INFO: Primitives created: 1
23:07:04 | INFO: Extracting primitive: M3_07_yatay_profil.041
23:07:04 | INFO: Primitives created: 1
23:07:04 | INFO: Extracting primitive: M3_07_yatay_profil.042
23:07:04 | INFO: Primitives created: 1
23:07:04 | INFO: Extracting primitive: M3_07_yatay_profil.043
23:07:04 | INFO: Primitives created: 1
23:07:04 | INFO: Extracting primitive: M3_07_yatay_profil.044
23:07:04 | INFO: Primitives created: 1
23:07:04 | INFO: Extracting primitive: M3_07_yatay_profil.045
23:07:04 | INFO: Primitives created: 1
23:07:04 | INFO: Extracting primitive: M3_07_yatay_profil.046
23:07:04 | INFO: Primitives created: 1
23:07:04 | INFO: Extracting primitive: M3_07_yatay_profil.047
23:07:04 | INFO: Primitives created: 1
23:07:04 | INFO: Extracting primitive: M3_08_dik_profil.024
23:07:04 | INFO: Primitives created: 1
23:07:04 | INFO: Extracting primitive: M3_08_dik_profil.025
23:07:04 | INFO: Primitives created: 1
23:07:04 | INFO: Extracting primitive: M3_08_dik_profil.026
23:07:04 | INFO: Primitives created: 1
23:07:04 | INFO: Extracting primitive: M3_08_dik_profil.027
23:07:04 | INFO: Primitives created: 1
23:07:04 | INFO: Extracting primitive: M3_08_dik_profil.028
23:07:04 | INFO: Primitives created: 1
23:07:04 | INFO: Extracting primitive: M3_08_dik_profil.029
23:07:04 | INFO: Primitives created: 1
23:07:04 | INFO: Extracting primitive: M3_08_dik_profil.030
23:07:04 | INFO: Primitives created: 1
23:07:04 | INFO: Extracting primitive: M3_08_dik_profil.031
23:07:04 | INFO: Primitives created: 1
23:07:04 | INFO: Extracting primitive: M3_08_dik_profil.032
23:07:04 | INFO: Primitives created: 1
23:07:04 | INFO: Extracting primitive: M3_08_dik_profil.033
23:07:04 | INFO: Primitives created: 1
23:07:04 | INFO: Extracting primitive: M3_08_dik_profil.034
23:07:04 | INFO: Primitives created: 1
23:07:04 | INFO: Extracting primitive: M3_08_dik_profil.035
23:07:04 | INFO: Primitives created: 1
23:07:04 | INFO: Extracting primitive: M3_08_dik_profil.036
23:07:04 | INFO: Primitives created: 1
23:07:04 | INFO: Extracting primitive: M3_08_dik_profil.037
23:07:04 | INFO: Primitives created: 1
23:07:04 | INFO: Extracting primitive: M3_08_dik_profil.038
23:07:04 | INFO: Primitives created: 1
23:07:04 | INFO: Extracting primitive: M3_08_dik_profil.039
23:07:04 | INFO: Primitives created: 1
23:07:04 | INFO: Extracting primitive: M3_08_dik_profil.040
23:07:04 | INFO: Primitives created: 1
23:07:04 | INFO: Extracting primitive: M3_08_dik_profil.041
23:07:04 | INFO: Primitives created: 1
23:07:04 | INFO: Extracting primitive: M3_08_dik_profil.042
23:07:04 | INFO: Primitives created: 1
23:07:04 | INFO: Extracting primitive: M3_08_dik_profil.043
23:07:04 | INFO: Primitives created: 1
23:07:04 | INFO: Extracting primitive: M3_08_dik_profil.044
23:07:04 | INFO: Primitives created: 1
23:07:04 | INFO: Extracting primitive: M3_08_dik_profil.045
23:07:04 | INFO: Primitives created: 1
23:07:04 | INFO: Extracting primitive: M3_08_dik_profil.046
23:07:04 | INFO: Primitives created: 1
23:07:04 | INFO: Extracting primitive: M3_08_dik_profil.047
23:07:04 | INFO: Primitives created: 1
23:07:04 | INFO: Extracting primitive: M3_08_esik_doseme.001
23:07:04 | INFO: Primitives created: 1
23:07:04 | INFO: Extracting primitive: M3_08_gobek.012
23:07:04 | INFO: Primitives created: 1
23:07:04 | INFO: Extracting primitive: M3_08_gobek.013
23:07:04 | INFO: Primitives created: 1
23:07:04 | INFO: Extracting primitive: M3_08_gobek.014
23:07:04 | INFO: Primitives created: 1
23:07:04 | INFO: Extracting primitive: M3_08_gobek.015
23:07:04 | INFO: Primitives created: 1
23:07:04 | INFO: Extracting primitive: M3_08_gobek.016
23:07:04 | INFO: Primitives created: 1
23:07:04 | INFO: Extracting primitive: M3_08_gobek.017
23:07:04 | INFO: Primitives created: 1
23:07:04 | INFO: Extracting primitive: M3_08_gobek.018
23:07:04 | INFO: Primitives created: 1
23:07:04 | INFO: Extracting primitive: M3_08_gobek.019
23:07:04 | INFO: Primitives created: 1
23:07:04 | INFO: Extracting primitive: M3_08_gobek.020
23:07:04 | INFO: Primitives created: 1
23:07:04 | INFO: Extracting primitive: M3_08_gobek.021
23:07:04 | INFO: Primitives created: 1
23:07:04 | INFO: Extracting primitive: M3_08_gobek.022
23:07:04 | INFO: Primitives created: 1
23:07:04 | INFO: Extracting primitive: M3_08_gobek.023
23:07:04 | INFO: Primitives created: 1
23:07:04 | INFO: Extracting primitive: M3_08_kanat.001
23:07:04 | INFO: Primitives created: 1
23:07:04 | INFO: Extracting primitive: M3_08_kasa.002
23:07:04 | INFO: Primitives created: 1
23:07:04 | INFO: Extracting primitive: M3_08_kasa.003
23:07:04 | INFO: Primitives created: 1
23:07:04 | INFO: Extracting primitive: M3_08_mentese
23:07:04 | INFO: Primitives created: 1
23:07:04 | INFO: Extracting primitive: M3_08_mentese.001
23:07:04 | INFO: Primitives created: 1
23:07:04 | INFO: Extracting primitive: M3_08_mentese.002
23:07:04 | INFO: Primitives created: 1
23:07:04 | INFO: Extracting primitive: M3_08_pervaz.004
23:07:04 | INFO: Primitives created: 1
23:07:04 | INFO: Extracting primitive: M3_08_pervaz.005
23:07:04 | INFO: Primitives created: 1
23:07:04 | INFO: Extracting primitive: M3_08_pervaz.006
23:07:04 | INFO: Primitives created: 1
23:07:04 | INFO: Extracting primitive: M3_08_pervaz.007
23:07:04 | INFO: Primitives created: 1
23:07:04 | INFO: Extracting primitive: Sphere.019
23:07:04 | INFO: Primitives created: 1
23:07:04 | INFO: Extracting primitive: Sphere.020
23:07:04 | INFO: Primitives created: 1
23:07:04 | INFO: Extracting primitive: M3_08_topuz_mili
23:07:04 | INFO: Primitives created: 1
23:07:04 | INFO: Extracting primitive: M3_08_topuz_mili.001
23:07:04 | INFO: Primitives created: 1
23:07:04 | INFO: Extracting primitive: M3_08_ust_kasa.001
23:07:04 | INFO: Primitives created: 1
23:07:04 | INFO: Extracting primitive: M3_08_ust_pervaz.002
23:07:04 | INFO: Primitives created: 1
23:07:04 | INFO: Extracting primitive: M3_08_ust_pervaz.003
23:07:04 | INFO: Primitives created: 1
23:07:04 | INFO: Extracting primitive: M3_08_yatay_profil.024
23:07:04 | INFO: Primitives created: 1
23:07:04 | INFO: Extracting primitive: M3_08_yatay_profil.025
23:07:04 | INFO: Primitives created: 1
23:07:04 | INFO: Extracting primitive: M3_08_yatay_profil.026
23:07:04 | INFO: Primitives created: 1
23:07:04 | INFO: Extracting primitive: M3_08_yatay_profil.027
23:07:04 | INFO: Primitives created: 1
23:07:04 | INFO: Extracting primitive: M3_08_yatay_profil.028
23:07:04 | INFO: Primitives created: 1
23:07:04 | INFO: Extracting primitive: M3_08_yatay_profil.029
23:07:04 | INFO: Primitives created: 1
23:07:04 | INFO: Extracting primitive: M3_08_yatay_profil.030
23:07:04 | INFO: Primitives created: 1
23:07:04 | INFO: Extracting primitive: M3_08_yatay_profil.031
23:07:04 | INFO: Primitives created: 1
23:07:04 | INFO: Extracting primitive: M3_08_yatay_profil.032
23:07:04 | INFO: Primitives created: 1
23:07:04 | INFO: Extracting primitive: M3_08_yatay_profil.033
23:07:04 | INFO: Primitives created: 1
23:07:04 | INFO: Extracting primitive: M3_08_yatay_profil.034
23:07:04 | INFO: Primitives created: 1
23:07:04 | INFO: Extracting primitive: M3_08_yatay_profil.035
23:07:04 | INFO: Primitives created: 1
23:07:04 | INFO: Extracting primitive: M3_08_yatay_profil.036
23:07:04 | INFO: Primitives created: 1
23:07:04 | INFO: Extracting primitive: M3_08_yatay_profil.037
23:07:04 | INFO: Primitives created: 1
23:07:04 | INFO: Extracting primitive: M3_08_yatay_profil.038
23:07:04 | INFO: Primitives created: 1
23:07:04 | INFO: Extracting primitive: M3_08_yatay_profil.039
23:07:04 | INFO: Primitives created: 1
23:07:04 | INFO: Extracting primitive: M3_08_yatay_profil.040
23:07:04 | INFO: Primitives created: 1
23:07:04 | INFO: Extracting primitive: M3_08_yatay_profil.041
23:07:04 | INFO: Primitives created: 1
23:07:04 | INFO: Extracting primitive: M3_08_yatay_profil.042
23:07:04 | INFO: Primitives created: 1
23:07:04 | INFO: Extracting primitive: M3_08_yatay_profil.043
23:07:04 | INFO: Primitives created: 1
23:07:04 | INFO: Extracting primitive: M3_08_yatay_profil.044
23:07:04 | INFO: Primitives created: 1
23:07:04 | INFO: Extracting primitive: M3_08_yatay_profil.045
23:07:04 | INFO: Primitives created: 1
23:07:04 | INFO: Extracting primitive: M3_08_yatay_profil.046
23:07:04 | INFO: Primitives created: 1
23:07:04 | INFO: Extracting primitive: M3_08_yatay_profil.047
23:07:04 | INFO: Primitives created: 1
23:07:04 | INFO: Extracting primitive: M3_09_dik_profil.024
23:07:04 | INFO: Primitives created: 1
23:07:04 | INFO: Extracting primitive: M3_09_dik_profil.025
23:07:04 | INFO: Primitives created: 1
23:07:04 | INFO: Extracting primitive: M3_09_dik_profil.026
23:07:04 | INFO: Primitives created: 1
23:07:04 | INFO: Extracting primitive: M3_09_dik_profil.027
23:07:04 | INFO: Primitives created: 1
23:07:04 | INFO: Extracting primitive: M3_09_dik_profil.028
23:07:04 | INFO: Primitives created: 1
23:07:04 | INFO: Extracting primitive: M3_09_dik_profil.029
23:07:04 | INFO: Primitives created: 1
23:07:04 | INFO: Extracting primitive: M3_09_dik_profil.030
23:07:04 | INFO: Primitives created: 1
23:07:04 | INFO: Extracting primitive: M3_09_dik_profil.031
23:07:04 | INFO: Primitives created: 1
23:07:04 | INFO: Extracting primitive: M3_09_dik_profil.032
23:07:04 | INFO: Primitives created: 1
23:07:04 | INFO: Extracting primitive: M3_09_dik_profil.033
23:07:04 | INFO: Primitives created: 1
23:07:04 | INFO: Extracting primitive: M3_09_dik_profil.034
23:07:04 | INFO: Primitives created: 1
23:07:04 | INFO: Extracting primitive: M3_09_dik_profil.035
23:07:04 | INFO: Primitives created: 1
23:07:04 | INFO: Extracting primitive: M3_09_dik_profil.036
23:07:04 | INFO: Primitives created: 1
23:07:04 | INFO: Extracting primitive: M3_09_dik_profil.037
23:07:04 | INFO: Primitives created: 1
23:07:04 | INFO: Extracting primitive: M3_09_dik_profil.038
23:07:04 | INFO: Primitives created: 1
23:07:04 | INFO: Extracting primitive: M3_09_dik_profil.039
23:07:04 | INFO: Primitives created: 1
23:07:04 | INFO: Extracting primitive: M3_09_dik_profil.040
23:07:04 | INFO: Primitives created: 1
23:07:04 | INFO: Extracting primitive: M3_09_dik_profil.041
23:07:04 | INFO: Primitives created: 1
23:07:04 | INFO: Extracting primitive: M3_09_dik_profil.042
23:07:04 | INFO: Primitives created: 1
23:07:04 | INFO: Extracting primitive: M3_09_dik_profil.043
23:07:04 | INFO: Primitives created: 1
23:07:04 | INFO: Extracting primitive: M3_09_dik_profil.044
23:07:04 | INFO: Primitives created: 1
23:07:04 | INFO: Extracting primitive: M3_09_dik_profil.045
23:07:04 | INFO: Primitives created: 1
23:07:04 | INFO: Extracting primitive: M3_09_dik_profil.046
23:07:04 | INFO: Primitives created: 1
23:07:04 | INFO: Extracting primitive: M3_09_dik_profil.047
23:07:04 | INFO: Primitives created: 1
23:07:04 | INFO: Extracting primitive: M3_09_esik_doseme.001
23:07:04 | INFO: Primitives created: 1
23:07:04 | INFO: Extracting primitive: M3_09_gobek.012
23:07:04 | INFO: Primitives created: 1
23:07:04 | INFO: Extracting primitive: M3_09_gobek.013
23:07:04 | INFO: Primitives created: 1
23:07:04 | INFO: Extracting primitive: M3_09_gobek.014
23:07:04 | INFO: Primitives created: 1
23:07:04 | INFO: Extracting primitive: M3_09_gobek.015
23:07:04 | INFO: Primitives created: 1
23:07:04 | INFO: Extracting primitive: M3_09_gobek.016
23:07:04 | INFO: Primitives created: 1
23:07:04 | INFO: Extracting primitive: M3_09_gobek.017
23:07:04 | INFO: Primitives created: 1
23:07:04 | INFO: Extracting primitive: M3_09_gobek.018
23:07:04 | INFO: Primitives created: 1
23:07:04 | INFO: Extracting primitive: M3_09_gobek.019
23:07:04 | INFO: Primitives created: 1
23:07:04 | INFO: Extracting primitive: M3_09_gobek.020
23:07:04 | INFO: Primitives created: 1
23:07:04 | INFO: Extracting primitive: M3_09_gobek.021
23:07:04 | INFO: Primitives created: 1
23:07:04 | INFO: Extracting primitive: M3_09_gobek.022
23:07:04 | INFO: Primitives created: 1
23:07:04 | INFO: Extracting primitive: M3_09_gobek.023
23:07:04 | INFO: Primitives created: 1
23:07:04 | INFO: Extracting primitive: M3_09_kanat.001
23:07:04 | INFO: Primitives created: 1
23:07:04 | INFO: Extracting primitive: M3_09_kasa.002
23:07:04 | INFO: Primitives created: 1
23:07:04 | INFO: Extracting primitive: M3_09_kasa.003
23:07:04 | INFO: Primitives created: 1
23:07:04 | INFO: Extracting primitive: M3_09_mentese
23:07:04 | INFO: Primitives created: 1
23:07:04 | INFO: Extracting primitive: M3_09_mentese.001
23:07:04 | INFO: Primitives created: 1
23:07:04 | INFO: Extracting primitive: M3_09_mentese.002
23:07:04 | INFO: Primitives created: 1
23:07:04 | INFO: Extracting primitive: M3_09_pervaz.004
23:07:04 | INFO: Primitives created: 1
23:07:04 | INFO: Extracting primitive: M3_09_pervaz.005
23:07:04 | INFO: Primitives created: 1
23:07:04 | INFO: Extracting primitive: M3_09_pervaz.006
23:07:04 | INFO: Primitives created: 1
23:07:04 | INFO: Extracting primitive: M3_09_pervaz.007
23:07:04 | INFO: Primitives created: 1
23:07:04 | INFO: Extracting primitive: Sphere.021
23:07:04 | INFO: Primitives created: 1
23:07:04 | INFO: Extracting primitive: Sphere.022
23:07:04 | INFO: Primitives created: 1
23:07:04 | INFO: Extracting primitive: M3_09_topuz_mili
23:07:04 | INFO: Primitives created: 1
23:07:04 | INFO: Extracting primitive: M3_09_topuz_mili.001
23:07:04 | INFO: Primitives created: 1
23:07:04 | INFO: Extracting primitive: M3_09_ust_kasa.001
23:07:04 | INFO: Primitives created: 1
23:07:04 | INFO: Extracting primitive: M3_09_ust_pervaz.002
23:07:04 | INFO: Primitives created: 1
23:07:04 | INFO: Extracting primitive: M3_09_ust_pervaz.003
23:07:04 | INFO: Primitives created: 1
23:07:04 | INFO: Extracting primitive: M3_09_yatay_profil.024
23:07:04 | INFO: Primitives created: 1
23:07:04 | INFO: Extracting primitive: M3_09_yatay_profil.025
23:07:04 | INFO: Primitives created: 1
23:07:04 | INFO: Extracting primitive: M3_09_yatay_profil.026
23:07:04 | INFO: Primitives created: 1
23:07:04 | INFO: Extracting primitive: M3_09_yatay_profil.027
23:07:04 | INFO: Primitives created: 1
23:07:04 | INFO: Extracting primitive: M3_09_yatay_profil.028
23:07:04 | INFO: Primitives created: 1
23:07:04 | INFO: Extracting primitive: M3_09_yatay_profil.029
23:07:04 | INFO: Primitives created: 1
23:07:04 | INFO: Extracting primitive: M3_09_yatay_profil.030
23:07:04 | INFO: Primitives created: 1
23:07:04 | INFO: Extracting primitive: M3_09_yatay_profil.031
23:07:04 | INFO: Primitives created: 1
23:07:04 | INFO: Extracting primitive: M3_09_yatay_profil.032
23:07:04 | INFO: Primitives created: 1
23:07:04 | INFO: Extracting primitive: M3_09_yatay_profil.033
23:07:04 | INFO: Primitives created: 1
23:07:04 | INFO: Extracting primitive: M3_09_yatay_profil.034
23:07:04 | INFO: Primitives created: 1
23:07:04 | INFO: Extracting primitive: M3_09_yatay_profil.035
23:07:04 | INFO: Primitives created: 1
23:07:04 | INFO: Extracting primitive: M3_09_yatay_profil.036
23:07:04 | INFO: Primitives created: 1
23:07:04 | INFO: Extracting primitive: M3_09_yatay_profil.037
23:07:04 | INFO: Primitives created: 1
23:07:04 | INFO: Extracting primitive: M3_09_yatay_profil.038
23:07:04 | INFO: Primitives created: 1
23:07:04 | INFO: Extracting primitive: M3_09_yatay_profil.039
23:07:04 | INFO: Primitives created: 1
23:07:04 | INFO: Extracting primitive: M3_09_yatay_profil.040
23:07:04 | INFO: Primitives created: 1
23:07:04 | INFO: Extracting primitive: M3_09_yatay_profil.041
23:07:04 | INFO: Primitives created: 1
23:07:04 | INFO: Extracting primitive: M3_09_yatay_profil.042
23:07:04 | INFO: Primitives created: 1
23:07:04 | INFO: Extracting primitive: M3_09_yatay_profil.043
23:07:04 | INFO: Primitives created: 1
23:07:04 | INFO: Extracting primitive: M3_09_yatay_profil.044
23:07:04 | INFO: Primitives created: 1
23:07:04 | INFO: Extracting primitive: M3_09_yatay_profil.045
23:07:04 | INFO: Primitives created: 1
23:07:04 | INFO: Extracting primitive: M3_09_yatay_profil.046
23:07:04 | INFO: Primitives created: 1
23:07:04 | INFO: Extracting primitive: M3_09_yatay_profil.047
23:07:04 | INFO: Primitives created: 1
23:07:04 | INFO: Extracting primitive: M3_10_dik_profil.024
23:07:04 | INFO: Primitives created: 1
23:07:04 | INFO: Extracting primitive: M3_10_dik_profil.025
23:07:04 | INFO: Primitives created: 1
23:07:04 | INFO: Extracting primitive: M3_10_dik_profil.026
23:07:04 | INFO: Primitives created: 1
23:07:04 | INFO: Extracting primitive: M3_10_dik_profil.027
23:07:04 | INFO: Primitives created: 1
23:07:04 | INFO: Extracting primitive: M3_10_dik_profil.028
23:07:04 | INFO: Primitives created: 1
23:07:04 | INFO: Extracting primitive: M3_10_dik_profil.029
23:07:04 | INFO: Primitives created: 1
23:07:04 | INFO: Extracting primitive: M3_10_dik_profil.030
23:07:04 | INFO: Primitives created: 1
23:07:04 | INFO: Extracting primitive: M3_10_dik_profil.031
23:07:04 | INFO: Primitives created: 1
23:07:04 | INFO: Extracting primitive: M3_10_dik_profil.032
23:07:04 | INFO: Primitives created: 1
23:07:04 | INFO: Extracting primitive: M3_10_dik_profil.033
23:07:04 | INFO: Primitives created: 1
23:07:04 | INFO: Extracting primitive: M3_10_dik_profil.034
23:07:04 | INFO: Primitives created: 1
23:07:04 | INFO: Extracting primitive: M3_10_dik_profil.035
23:07:04 | INFO: Primitives created: 1
23:07:04 | INFO: Extracting primitive: M3_10_dik_profil.036
23:07:04 | INFO: Primitives created: 1
23:07:04 | INFO: Extracting primitive: M3_10_dik_profil.037
23:07:04 | INFO: Primitives created: 1
23:07:04 | INFO: Extracting primitive: M3_10_dik_profil.038
23:07:04 | INFO: Primitives created: 1
23:07:04 | INFO: Extracting primitive: M3_10_dik_profil.039
23:07:04 | INFO: Primitives created: 1
23:07:04 | INFO: Extracting primitive: M3_10_dik_profil.040
23:07:04 | INFO: Primitives created: 1
23:07:04 | INFO: Extracting primitive: M3_10_dik_profil.041
23:07:04 | INFO: Primitives created: 1
23:07:04 | INFO: Extracting primitive: M3_10_dik_profil.042
23:07:04 | INFO: Primitives created: 1
23:07:04 | INFO: Extracting primitive: M3_10_dik_profil.043
23:07:04 | INFO: Primitives created: 1
23:07:04 | INFO: Extracting primitive: M3_10_dik_profil.044
23:07:04 | INFO: Primitives created: 1
23:07:04 | INFO: Extracting primitive: M3_10_dik_profil.045
23:07:04 | INFO: Primitives created: 1
23:07:04 | INFO: Extracting primitive: M3_10_dik_profil.046
23:07:04 | INFO: Primitives created: 1
23:07:04 | INFO: Extracting primitive: M3_10_dik_profil.047
23:07:04 | INFO: Primitives created: 1
23:07:04 | INFO: Extracting primitive: M3_10_doseme_boslugu.001
23:07:04 | INFO: Primitives created: 1
23:07:04 | INFO: Extracting primitive: M3_10_esik_doseme.001
23:07:04 | INFO: Primitives created: 1
23:07:04 | INFO: Extracting primitive: M3_10_gobek.012
23:07:04 | INFO: Primitives created: 1
23:07:04 | INFO: Extracting primitive: M3_10_gobek.013
23:07:04 | INFO: Primitives created: 1
23:07:04 | INFO: Extracting primitive: M3_10_gobek.014
23:07:04 | INFO: Primitives created: 1
23:07:04 | INFO: Extracting primitive: M3_10_gobek.015
23:07:04 | INFO: Primitives created: 1
23:07:04 | INFO: Extracting primitive: M3_10_gobek.016
23:07:04 | INFO: Primitives created: 1
23:07:04 | INFO: Extracting primitive: M3_10_gobek.017
23:07:04 | INFO: Primitives created: 1
23:07:04 | INFO: Extracting primitive: M3_10_gobek.018
23:07:04 | INFO: Primitives created: 1
23:07:04 | INFO: Extracting primitive: M3_10_gobek.019
23:07:04 | INFO: Primitives created: 1
23:07:04 | INFO: Extracting primitive: M3_10_gobek.020
23:07:04 | INFO: Primitives created: 1
23:07:04 | INFO: Extracting primitive: M3_10_gobek.021
23:07:04 | INFO: Primitives created: 1
23:07:04 | INFO: Extracting primitive: M3_10_gobek.022
23:07:04 | INFO: Primitives created: 1
23:07:04 | INFO: Extracting primitive: M3_10_gobek.023
23:07:04 | INFO: Primitives created: 1
23:07:04 | INFO: Extracting primitive: M3_10_kanat.001
23:07:04 | INFO: Primitives created: 1
23:07:04 | INFO: Extracting primitive: M3_10_kasa.002
23:07:04 | INFO: Primitives created: 1
23:07:04 | INFO: Extracting primitive: M3_10_kasa.003
23:07:04 | INFO: Primitives created: 1
23:07:04 | INFO: Extracting primitive: M3_10_mentese
23:07:04 | INFO: Primitives created: 1
23:07:05 | INFO: Extracting primitive: M3_10_mentese.001
23:07:05 | INFO: Primitives created: 1
23:07:05 | INFO: Extracting primitive: M3_10_mentese.002
23:07:05 | INFO: Primitives created: 1
23:07:05 | INFO: Extracting primitive: M3_10_pervaz.004
23:07:05 | INFO: Primitives created: 1
23:07:05 | INFO: Extracting primitive: M3_10_pervaz.005
23:07:05 | INFO: Primitives created: 1
23:07:05 | INFO: Extracting primitive: M3_10_pervaz.006
23:07:05 | INFO: Primitives created: 1
23:07:05 | INFO: Extracting primitive: M3_10_pervaz.007
23:07:05 | INFO: Primitives created: 1
23:07:05 | INFO: Extracting primitive: Sphere.023
23:07:05 | INFO: Primitives created: 1
23:07:05 | INFO: Extracting primitive: Sphere.024
23:07:05 | INFO: Primitives created: 1
23:07:05 | INFO: Extracting primitive: M3_10_topuz_mili
23:07:05 | INFO: Primitives created: 1
23:07:05 | INFO: Extracting primitive: M3_10_topuz_mili.001
23:07:05 | INFO: Primitives created: 1
23:07:05 | INFO: Extracting primitive: M3_10_ust_kasa.001
23:07:05 | INFO: Primitives created: 1
23:07:05 | INFO: Extracting primitive: M3_10_ust_pervaz.002
23:07:05 | INFO: Primitives created: 1
23:07:05 | INFO: Extracting primitive: M3_10_ust_pervaz.003
23:07:05 | INFO: Primitives created: 1
23:07:05 | INFO: Extracting primitive: M3_10_yatay_profil.024
23:07:05 | INFO: Primitives created: 1
23:07:05 | INFO: Extracting primitive: M3_10_yatay_profil.025
23:07:05 | INFO: Primitives created: 1
23:07:05 | INFO: Extracting primitive: M3_10_yatay_profil.026
23:07:05 | INFO: Primitives created: 1
23:07:05 | INFO: Extracting primitive: M3_10_yatay_profil.027
23:07:05 | INFO: Primitives created: 1
23:07:05 | INFO: Extracting primitive: M3_10_yatay_profil.028
23:07:05 | INFO: Primitives created: 1
23:07:05 | INFO: Extracting primitive: M3_10_yatay_profil.029
23:07:05 | INFO: Primitives created: 1
23:07:05 | INFO: Extracting primitive: M3_10_yatay_profil.030
23:07:05 | INFO: Primitives created: 1
23:07:05 | INFO: Extracting primitive: M3_10_yatay_profil.031
23:07:05 | INFO: Primitives created: 1
23:07:05 | INFO: Extracting primitive: M3_10_yatay_profil.032
23:07:05 | INFO: Primitives created: 1
23:07:05 | INFO: Extracting primitive: M3_10_yatay_profil.033
23:07:05 | INFO: Primitives created: 1
23:07:05 | INFO: Extracting primitive: M3_10_yatay_profil.034
23:07:05 | INFO: Primitives created: 1
23:07:05 | INFO: Extracting primitive: M3_10_yatay_profil.035
23:07:05 | INFO: Primitives created: 1
23:07:05 | INFO: Extracting primitive: M3_10_yatay_profil.036
23:07:05 | INFO: Primitives created: 1
23:07:05 | INFO: Extracting primitive: M3_10_yatay_profil.037
23:07:05 | INFO: Primitives created: 1
23:07:05 | INFO: Extracting primitive: M3_10_yatay_profil.038
23:07:05 | INFO: Primitives created: 1
23:07:05 | INFO: Extracting primitive: M3_10_yatay_profil.039
23:07:05 | INFO: Primitives created: 1
23:07:05 | INFO: Extracting primitive: M3_10_yatay_profil.040
23:07:05 | INFO: Primitives created: 1
23:07:05 | INFO: Extracting primitive: M3_10_yatay_profil.041
23:07:05 | INFO: Primitives created: 1
23:07:05 | INFO: Extracting primitive: M3_10_yatay_profil.042
23:07:05 | INFO: Primitives created: 1
23:07:05 | INFO: Extracting primitive: M3_10_yatay_profil.043
23:07:05 | INFO: Primitives created: 1
23:07:05 | INFO: Extracting primitive: M3_10_yatay_profil.044
23:07:05 | INFO: Primitives created: 1
23:07:05 | INFO: Extracting primitive: M3_10_yatay_profil.045
23:07:05 | INFO: Primitives created: 1
23:07:05 | INFO: Extracting primitive: M3_10_yatay_profil.046
23:07:05 | INFO: Primitives created: 1
23:07:05 | INFO: Extracting primitive: M3_10_yatay_profil.047
23:07:05 | INFO: Primitives created: 1
23:07:05 | INFO: Extracting primitive: M3_11_esik_doseme.001
23:07:05 | INFO: Primitives created: 1
23:07:05 | INFO: Extracting primitive: M3_11_kanat.001
23:07:05 | INFO: Primitives created: 1
23:07:05 | INFO: Extracting primitive: M3_11_kasa.002
23:07:05 | INFO: Primitives created: 1
23:07:05 | INFO: Extracting primitive: M3_11_kasa.003
23:07:05 | INFO: Primitives created: 1
23:07:05 | INFO: Extracting primitive: M3_11_kulp
23:07:05 | INFO: Primitives created: 1
23:07:05 | INFO: Extracting primitive: M3_11_kulp.001
23:07:05 | INFO: Primitives created: 1
23:07:05 | INFO: Extracting primitive: M3_11_mentese
23:07:05 | INFO: Primitives created: 1
23:07:05 | INFO: Extracting primitive: M3_11_mentese.001
23:07:05 | INFO: Primitives created: 1
23:07:05 | INFO: Extracting primitive: M3_11_mentese.002
23:07:05 | INFO: Primitives created: 1
23:07:05 | INFO: Extracting primitive: M3_11_pervaz.004
23:07:05 | INFO: Primitives created: 1
23:07:05 | INFO: Extracting primitive: M3_11_pervaz.005
23:07:05 | INFO: Primitives created: 1
23:07:05 | INFO: Extracting primitive: M3_11_pervaz.006
23:07:05 | INFO: Primitives created: 1
23:07:05 | INFO: Extracting primitive: M3_11_pervaz.007
23:07:05 | INFO: Primitives created: 1
23:07:05 | INFO: Extracting primitive: M3_11_ust_kasa.001
23:07:05 | INFO: Primitives created: 1
23:07:05 | INFO: Extracting primitive: M3_11_ust_pervaz.002
23:07:05 | INFO: Primitives created: 1
23:07:05 | INFO: Extracting primitive: M3_11_ust_pervaz.003
23:07:05 | INFO: Primitives created: 1
23:07:05 | INFO: Extracting primitive: M3_12_dik_profil.024
23:07:05 | INFO: Primitives created: 1
23:07:05 | INFO: Extracting primitive: M3_12_dik_profil.025
23:07:05 | INFO: Primitives created: 1
23:07:05 | INFO: Extracting primitive: M3_12_dik_profil.026
23:07:05 | INFO: Primitives created: 1
23:07:05 | INFO: Extracting primitive: M3_12_dik_profil.027
23:07:05 | INFO: Primitives created: 1
23:07:05 | INFO: Extracting primitive: M3_12_dik_profil.028
23:07:05 | INFO: Primitives created: 1
23:07:05 | INFO: Extracting primitive: M3_12_dik_profil.029
23:07:05 | INFO: Primitives created: 1
23:07:05 | INFO: Extracting primitive: M3_12_dik_profil.030
23:07:05 | INFO: Primitives created: 1
23:07:05 | INFO: Extracting primitive: M3_12_dik_profil.031
23:07:05 | INFO: Primitives created: 1
23:07:05 | INFO: Extracting primitive: M3_12_dik_profil.032
23:07:05 | INFO: Primitives created: 1
23:07:05 | INFO: Extracting primitive: M3_12_dik_profil.033
23:07:05 | INFO: Primitives created: 1
23:07:05 | INFO: Extracting primitive: M3_12_dik_profil.034
23:07:05 | INFO: Primitives created: 1
23:07:05 | INFO: Extracting primitive: M3_12_dik_profil.035
23:07:05 | INFO: Primitives created: 1
23:07:05 | INFO: Extracting primitive: M3_12_dik_profil.036
23:07:05 | INFO: Primitives created: 1
23:07:05 | INFO: Extracting primitive: M3_12_dik_profil.037
23:07:05 | INFO: Primitives created: 1
23:07:05 | INFO: Extracting primitive: M3_12_dik_profil.038
23:07:05 | INFO: Primitives created: 1
23:07:05 | INFO: Extracting primitive: M3_12_dik_profil.039
23:07:05 | INFO: Primitives created: 1
23:07:05 | INFO: Extracting primitive: M3_12_dik_profil.040
23:07:05 | INFO: Primitives created: 1
23:07:05 | INFO: Extracting primitive: M3_12_dik_profil.041
23:07:05 | INFO: Primitives created: 1
23:07:05 | INFO: Extracting primitive: M3_12_dik_profil.042
23:07:05 | INFO: Primitives created: 1
23:07:05 | INFO: Extracting primitive: M3_12_dik_profil.043
23:07:05 | INFO: Primitives created: 1
23:07:05 | INFO: Extracting primitive: M3_12_dik_profil.044
23:07:05 | INFO: Primitives created: 1
23:07:05 | INFO: Extracting primitive: M3_12_dik_profil.045
23:07:05 | INFO: Primitives created: 1
23:07:05 | INFO: Extracting primitive: M3_12_dik_profil.046
23:07:05 | INFO: Primitives created: 1
23:07:05 | INFO: Extracting primitive: M3_12_dik_profil.047
23:07:05 | INFO: Primitives created: 1
23:07:05 | INFO: Extracting primitive: M3_12_esik_doseme.001
23:07:05 | INFO: Primitives created: 1
23:07:05 | INFO: Extracting primitive: M3_12_gobek.012
23:07:05 | INFO: Primitives created: 1
23:07:05 | INFO: Extracting primitive: M3_12_gobek.013
23:07:05 | INFO: Primitives created: 1
23:07:05 | INFO: Extracting primitive: M3_12_gobek.014
23:07:05 | INFO: Primitives created: 1
23:07:05 | INFO: Extracting primitive: M3_12_gobek.015
23:07:05 | INFO: Primitives created: 1
23:07:05 | INFO: Extracting primitive: M3_12_gobek.016
23:07:05 | INFO: Primitives created: 1
23:07:05 | INFO: Extracting primitive: M3_12_gobek.017
23:07:05 | INFO: Primitives created: 1
23:07:05 | INFO: Extracting primitive: M3_12_gobek.018
23:07:05 | INFO: Primitives created: 1
23:07:05 | INFO: Extracting primitive: M3_12_gobek.019
23:07:05 | INFO: Primitives created: 1
23:07:05 | INFO: Extracting primitive: M3_12_gobek.020
23:07:05 | INFO: Primitives created: 1
23:07:05 | INFO: Extracting primitive: M3_12_gobek.021
23:07:05 | INFO: Primitives created: 1
23:07:05 | INFO: Extracting primitive: M3_12_gobek.022
23:07:05 | INFO: Primitives created: 1
23:07:05 | INFO: Extracting primitive: M3_12_gobek.023
23:07:05 | INFO: Primitives created: 1
23:07:05 | INFO: Extracting primitive: M3_12_kanat.001
23:07:05 | INFO: Primitives created: 1
23:07:05 | INFO: Extracting primitive: M3_12_kasa.002
23:07:05 | INFO: Primitives created: 1
23:07:05 | INFO: Extracting primitive: M3_12_kasa.003
23:07:05 | INFO: Primitives created: 1
23:07:05 | INFO: Extracting primitive: M3_12_mentese
23:07:05 | INFO: Primitives created: 1
23:07:05 | INFO: Extracting primitive: M3_12_mentese.001
23:07:05 | INFO: Primitives created: 1
23:07:05 | INFO: Extracting primitive: M3_12_mentese.002
23:07:05 | INFO: Primitives created: 1
23:07:05 | INFO: Extracting primitive: M3_12_pervaz.004
23:07:05 | INFO: Primitives created: 1
23:07:05 | INFO: Extracting primitive: M3_12_pervaz.005
23:07:05 | INFO: Primitives created: 1
23:07:05 | INFO: Extracting primitive: M3_12_pervaz.006
23:07:05 | INFO: Primitives created: 1
23:07:05 | INFO: Extracting primitive: M3_12_pervaz.007
23:07:05 | INFO: Primitives created: 1
23:07:05 | INFO: Extracting primitive: Sphere.025
23:07:05 | INFO: Primitives created: 1
23:07:05 | INFO: Extracting primitive: Sphere.026
23:07:05 | INFO: Primitives created: 1
23:07:05 | INFO: Extracting primitive: M3_12_topuz_mili
23:07:05 | INFO: Primitives created: 1
23:07:05 | INFO: Extracting primitive: M3_12_topuz_mili.001
23:07:05 | INFO: Primitives created: 1
23:07:05 | INFO: Extracting primitive: M3_12_ust_kasa.001
23:07:05 | INFO: Primitives created: 1
23:07:05 | INFO: Extracting primitive: M3_12_ust_pervaz.002
23:07:05 | INFO: Primitives created: 1
23:07:05 | INFO: Extracting primitive: M3_12_ust_pervaz.003
23:07:05 | INFO: Primitives created: 1
23:07:05 | INFO: Extracting primitive: M3_12_yatay_profil.024
23:07:05 | INFO: Primitives created: 1
23:07:05 | INFO: Extracting primitive: M3_12_yatay_profil.025
23:07:05 | INFO: Primitives created: 1
23:07:05 | INFO: Extracting primitive: M3_12_yatay_profil.026
23:07:05 | INFO: Primitives created: 1
23:07:05 | INFO: Extracting primitive: M3_12_yatay_profil.027
23:07:05 | INFO: Primitives created: 1
23:07:05 | INFO: Extracting primitive: M3_12_yatay_profil.028
23:07:05 | INFO: Primitives created: 1
23:07:05 | INFO: Extracting primitive: M3_12_yatay_profil.029
23:07:05 | INFO: Primitives created: 1
23:07:05 | INFO: Extracting primitive: M3_12_yatay_profil.030
23:07:05 | INFO: Primitives created: 1
23:07:05 | INFO: Extracting primitive: M3_12_yatay_profil.031
23:07:05 | INFO: Primitives created: 1
23:07:05 | INFO: Extracting primitive: M3_12_yatay_profil.032
23:07:05 | INFO: Primitives created: 1
23:07:05 | INFO: Extracting primitive: M3_12_yatay_profil.033
23:07:05 | INFO: Primitives created: 1
23:07:05 | INFO: Extracting primitive: M3_12_yatay_profil.034
23:07:05 | INFO: Primitives created: 1
23:07:05 | INFO: Extracting primitive: M3_12_yatay_profil.035
23:07:05 | INFO: Primitives created: 1
23:07:05 | INFO: Extracting primitive: M3_12_yatay_profil.036
23:07:05 | INFO: Primitives created: 1
23:07:05 | INFO: Extracting primitive: M3_12_yatay_profil.037
23:07:05 | INFO: Primitives created: 1
23:07:05 | INFO: Extracting primitive: M3_12_yatay_profil.038
23:07:05 | INFO: Primitives created: 1
23:07:05 | INFO: Extracting primitive: M3_12_yatay_profil.039
23:07:05 | INFO: Primitives created: 1
23:07:05 | INFO: Extracting primitive: M3_12_yatay_profil.040
23:07:05 | INFO: Primitives created: 1
23:07:05 | INFO: Extracting primitive: M3_12_yatay_profil.041
23:07:05 | INFO: Primitives created: 1
23:07:05 | INFO: Extracting primitive: M3_12_yatay_profil.042
23:07:05 | INFO: Primitives created: 1
23:07:05 | INFO: Extracting primitive: M3_12_yatay_profil.043
23:07:05 | INFO: Primitives created: 1
23:07:05 | INFO: Extracting primitive: M3_12_yatay_profil.044
23:07:05 | INFO: Primitives created: 1
23:07:05 | INFO: Extracting primitive: M3_12_yatay_profil.045
23:07:05 | INFO: Primitives created: 1
23:07:05 | INFO: Extracting primitive: M3_12_yatay_profil.046
23:07:05 | INFO: Primitives created: 1
23:07:05 | INFO: Extracting primitive: M3_12_yatay_profil.047
23:07:05 | INFO: Primitives created: 1
23:07:05 | INFO: Extracting primitive: M3_13_dik_profil.024
23:07:05 | INFO: Primitives created: 1
23:07:05 | INFO: Extracting primitive: M3_13_dik_profil.025
23:07:05 | INFO: Primitives created: 1
23:07:05 | INFO: Extracting primitive: M3_13_dik_profil.026
23:07:05 | INFO: Primitives created: 1
23:07:05 | INFO: Extracting primitive: M3_13_dik_profil.027
23:07:05 | INFO: Primitives created: 1
23:07:05 | INFO: Extracting primitive: M3_13_dik_profil.028
23:07:05 | INFO: Primitives created: 1
23:07:05 | INFO: Extracting primitive: M3_13_dik_profil.029
23:07:05 | INFO: Primitives created: 1
23:07:05 | INFO: Extracting primitive: M3_13_dik_profil.030
23:07:05 | INFO: Primitives created: 1
23:07:05 | INFO: Extracting primitive: M3_13_dik_profil.031
23:07:05 | INFO: Primitives created: 1
23:07:05 | INFO: Extracting primitive: M3_13_dik_profil.032
23:07:05 | INFO: Primitives created: 1
23:07:05 | INFO: Extracting primitive: M3_13_dik_profil.033
23:07:05 | INFO: Primitives created: 1
23:07:05 | INFO: Extracting primitive: M3_13_dik_profil.034
23:07:05 | INFO: Primitives created: 1
23:07:05 | INFO: Extracting primitive: M3_13_dik_profil.035
23:07:05 | INFO: Primitives created: 1
23:07:05 | INFO: Extracting primitive: M3_13_dik_profil.036
23:07:05 | INFO: Primitives created: 1
23:07:05 | INFO: Extracting primitive: M3_13_dik_profil.037
23:07:05 | INFO: Primitives created: 1
23:07:05 | INFO: Extracting primitive: M3_13_dik_profil.038
23:07:05 | INFO: Primitives created: 1
23:07:05 | INFO: Extracting primitive: M3_13_dik_profil.039
23:07:05 | INFO: Primitives created: 1
23:07:05 | INFO: Extracting primitive: M3_13_dik_profil.040
23:07:05 | INFO: Primitives created: 1
23:07:05 | INFO: Extracting primitive: M3_13_dik_profil.041
23:07:05 | INFO: Primitives created: 1
23:07:05 | INFO: Extracting primitive: M3_13_dik_profil.042
23:07:05 | INFO: Primitives created: 1
23:07:05 | INFO: Extracting primitive: M3_13_dik_profil.043
23:07:05 | INFO: Primitives created: 1
23:07:05 | INFO: Extracting primitive: M3_13_dik_profil.044
23:07:05 | INFO: Primitives created: 1
23:07:05 | INFO: Extracting primitive: M3_13_dik_profil.045
23:07:05 | INFO: Primitives created: 1
23:07:05 | INFO: Extracting primitive: M3_13_dik_profil.046
23:07:05 | INFO: Primitives created: 1
23:07:05 | INFO: Extracting primitive: M3_13_dik_profil.047
23:07:05 | INFO: Primitives created: 1
23:07:05 | INFO: Extracting primitive: M3_13_esik_doseme.001
23:07:05 | INFO: Primitives created: 1
23:07:05 | INFO: Extracting primitive: M3_13_gobek.012
23:07:05 | INFO: Primitives created: 1
23:07:05 | INFO: Extracting primitive: M3_13_gobek.013
23:07:05 | INFO: Primitives created: 1
23:07:05 | INFO: Extracting primitive: M3_13_gobek.014
23:07:05 | INFO: Primitives created: 1
23:07:05 | INFO: Extracting primitive: M3_13_gobek.015
23:07:05 | INFO: Primitives created: 1
23:07:05 | INFO: Extracting primitive: M3_13_gobek.016
23:07:05 | INFO: Primitives created: 1
23:07:05 | INFO: Extracting primitive: M3_13_gobek.017
23:07:05 | INFO: Primitives created: 1
23:07:05 | INFO: Extracting primitive: M3_13_gobek.018
23:07:05 | INFO: Primitives created: 1
23:07:05 | INFO: Extracting primitive: M3_13_gobek.019
23:07:05 | INFO: Primitives created: 1
23:07:05 | INFO: Extracting primitive: M3_13_gobek.020
23:07:05 | INFO: Primitives created: 1
23:07:05 | INFO: Extracting primitive: M3_13_gobek.021
23:07:05 | INFO: Primitives created: 1
23:07:05 | INFO: Extracting primitive: M3_13_gobek.022
23:07:05 | INFO: Primitives created: 1
23:07:05 | INFO: Extracting primitive: M3_13_gobek.023
23:07:05 | INFO: Primitives created: 1
23:07:05 | INFO: Extracting primitive: M3_13_kanat.001
23:07:05 | INFO: Primitives created: 1
23:07:05 | INFO: Extracting primitive: M3_13_kasa.002
23:07:05 | INFO: Primitives created: 1
23:07:05 | INFO: Extracting primitive: M3_13_kasa.003
23:07:05 | INFO: Primitives created: 1
23:07:05 | INFO: Extracting primitive: M3_13_kasa_bini
23:07:05 | INFO: Primitives created: 1
23:07:05 | INFO: Extracting primitive: M3_13_kasa_bini.001
23:07:05 | INFO: Primitives created: 1
23:07:05 | INFO: Extracting primitive: M3_13_kulp.002
23:07:05 | INFO: Primitives created: 1
23:07:05 | INFO: Extracting primitive: M3_13_kulp.003
23:07:05 | INFO: Primitives created: 1
23:07:05 | INFO: Extracting primitive: M3_13_mentese.003
23:07:05 | INFO: Primitives created: 1
23:07:05 | INFO: Extracting primitive: M3_13_mentese.004
23:07:05 | INFO: Primitives created: 1
23:07:05 | INFO: Extracting primitive: M3_13_mentese.005
23:07:05 | INFO: Primitives created: 1
23:07:05 | INFO: Extracting primitive: M3_13_pervaz.004
23:07:05 | INFO: Primitives created: 1
23:07:05 | INFO: Extracting primitive: M3_13_pervaz.005
23:07:05 | INFO: Primitives created: 1
23:07:05 | INFO: Extracting primitive: M3_13_pervaz.006
23:07:05 | INFO: Primitives created: 1
23:07:05 | INFO: Extracting primitive: M3_13_pervaz.007
23:07:05 | INFO: Primitives created: 1
23:07:05 | INFO: Extracting primitive: M3_13_ust_bini
23:07:05 | INFO: Primitives created: 1
23:07:05 | INFO: Extracting primitive: M3_13_ust_kasa.001
23:07:05 | INFO: Primitives created: 1
23:07:05 | INFO: Extracting primitive: M3_13_ust_pervaz.002
23:07:05 | INFO: Primitives created: 1
23:07:05 | INFO: Extracting primitive: M3_13_ust_pervaz.003
23:07:05 | INFO: Primitives created: 1
23:07:05 | INFO: Extracting primitive: M3_13_yatay_profil.024
23:07:05 | INFO: Primitives created: 1
23:07:05 | INFO: Extracting primitive: M3_13_yatay_profil.025
23:07:05 | INFO: Primitives created: 1
23:07:05 | INFO: Extracting primitive: M3_13_yatay_profil.026
23:07:05 | INFO: Primitives created: 1
23:07:05 | INFO: Extracting primitive: M3_13_yatay_profil.027
23:07:05 | INFO: Primitives created: 1
23:07:05 | INFO: Extracting primitive: M3_13_yatay_profil.028
23:07:05 | INFO: Primitives created: 1
23:07:05 | INFO: Extracting primitive: M3_13_yatay_profil.029
23:07:05 | INFO: Primitives created: 1
23:07:05 | INFO: Extracting primitive: M3_13_yatay_profil.030
23:07:05 | INFO: Primitives created: 1
23:07:05 | INFO: Extracting primitive: M3_13_yatay_profil.031
23:07:05 | INFO: Primitives created: 1
23:07:05 | INFO: Extracting primitive: M3_13_yatay_profil.032
23:07:05 | INFO: Primitives created: 1
23:07:05 | INFO: Extracting primitive: M3_13_yatay_profil.033
23:07:05 | INFO: Primitives created: 1
23:07:05 | INFO: Extracting primitive: M3_13_yatay_profil.034
23:07:05 | INFO: Primitives created: 1
23:07:05 | INFO: Extracting primitive: M3_13_yatay_profil.035
23:07:05 | INFO: Primitives created: 1
23:07:05 | INFO: Extracting primitive: M3_13_yatay_profil.036
23:07:05 | INFO: Primitives created: 1
23:07:05 | INFO: Extracting primitive: M3_13_yatay_profil.037
23:07:05 | INFO: Primitives created: 1
23:07:05 | INFO: Extracting primitive: M3_13_yatay_profil.038
23:07:05 | INFO: Primitives created: 1
23:07:05 | INFO: Extracting primitive: M3_13_yatay_profil.039
23:07:05 | INFO: Primitives created: 1
23:07:05 | INFO: Extracting primitive: M3_13_yatay_profil.040
23:07:05 | INFO: Primitives created: 1
23:07:05 | INFO: Extracting primitive: M3_13_yatay_profil.041
23:07:05 | INFO: Primitives created: 1
23:07:05 | INFO: Extracting primitive: M3_13_yatay_profil.042
23:07:05 | INFO: Primitives created: 1
23:07:05 | INFO: Extracting primitive: M3_13_yatay_profil.043
23:07:05 | INFO: Primitives created: 1
23:07:05 | INFO: Extracting primitive: M3_13_yatay_profil.044
23:07:05 | INFO: Primitives created: 1
23:07:05 | INFO: Extracting primitive: M3_13_yatay_profil.045
23:07:05 | INFO: Primitives created: 1
23:07:05 | INFO: Extracting primitive: M3_13_yatay_profil.046
23:07:05 | INFO: Primitives created: 1
23:07:05 | INFO: Extracting primitive: M3_13_yatay_profil.047
23:07:05 | INFO: Primitives created: 1
23:07:05 | INFO: Extracting primitive: M3C_kapi_ustu
23:07:05 | INFO: Primitives created: 1
23:07:05 | INFO: Extracting primitive: M3C_sag_yan
23:07:05 | INFO: Primitives created: 1
23:07:05 | INFO: Extracting primitive: M3C_sol_yan
23:07:05 | INFO: Primitives created: 1
23:07:05 | INFO: Extracting primitive: M3G_Cam_ara_cita.004
23:07:05 | INFO: Primitives created: 1
23:07:05 | INFO: Extracting primitive: M3G_Cam_ara_cita.005
23:07:05 | INFO: Primitives created: 1
23:07:05 | INFO: Extracting primitive: M3G_Cam_ara_cita.006
23:07:05 | INFO: Primitives created: 1
23:07:05 | INFO: Extracting primitive: M3G_Cam_ara_cita.007
23:07:05 | INFO: Primitives created: 1
23:07:05 | INFO: Extracting primitive: M3G_Floral_cam.001
23:07:05 | WARNING: More than one shader node tex image used for a texture. The resulting glTF sampler will behave like the first shader node tex image.
23:07:05 | INFO: Primitives created: 1
23:07:05 | INFO: Extracting primitive: M3G_Kanat_alt.001
23:07:05 | INFO: Primitives created: 1
23:07:05 | INFO: Extracting primitive: M3G_Kanat_dikme.002
23:07:05 | INFO: Primitives created: 1
23:07:05 | INFO: Extracting primitive: M3G_Kanat_dikme.003
23:07:05 | INFO: Primitives created: 1
23:07:05 | INFO: Extracting primitive: M3G_Kanat_ust.001
23:07:05 | INFO: Primitives created: 1
23:07:05 | INFO: Extracting primitive: M3G_Kasa.002
23:07:05 | INFO: Primitives created: 1
23:07:05 | INFO: Extracting primitive: M3G_Kasa.003
23:07:05 | INFO: Primitives created: 1
23:07:05 | INFO: Extracting primitive: M3G_Kol.002
23:07:05 | INFO: Primitives created: 1
23:07:05 | INFO: Extracting primitive: M3G_Kol.003
23:07:05 | INFO: Primitives created: 1
23:07:05 | INFO: Extracting primitive: M3G_Mentese.003
23:07:05 | INFO: Primitives created: 1
23:07:05 | INFO: Extracting primitive: M3G_Mentese.004
23:07:05 | INFO: Primitives created: 1
23:07:05 | INFO: Extracting primitive: M3G_Mentese.005
23:07:05 | INFO: Primitives created: 1
23:07:05 | INFO: Extracting primitive: M3G_Pervaz.004
23:07:05 | INFO: Primitives created: 1
23:07:05 | INFO: Extracting primitive: M3G_Pervaz.005
23:07:05 | INFO: Primitives created: 1
23:07:05 | INFO: Extracting primitive: M3G_Pervaz.006
23:07:05 | INFO: Primitives created: 1
23:07:05 | INFO: Extracting primitive: M3G_Pervaz.007
23:07:05 | INFO: Primitives created: 1
23:07:05 | INFO: Extracting primitive: M3G_Ust_kasa.001
23:07:05 | INFO: Primitives created: 1
23:07:05 | INFO: Extracting primitive: M3G_Ust_pervaz.002
23:07:05 | INFO: Primitives created: 1
23:07:05 | INFO: Extracting primitive: M3G_Ust_pervaz.003
23:07:05 | INFO: Primitives created: 1
23:07:05 | INFO: Extracting primitive: M6_Antre_boru
23:07:05 | INFO: Primitives created: 1
23:07:05 | INFO: Extracting primitive: M6_Antre_boru.001
23:07:05 | INFO: Primitives created: 1
23:07:05 | INFO: Extracting primitive: M6_Antre_dilim_00
23:07:05 | INFO: Primitives created: 1
23:07:05 | INFO: Extracting primitive: M6_Antre_dilim_01
23:07:05 | INFO: Primitives created: 1
23:07:05 | INFO: Extracting primitive: M6_Antre_dilim_02
23:07:05 | INFO: Primitives created: 1
23:07:05 | INFO: Extracting primitive: M6_Antre_dilim_03
23:07:05 | INFO: Primitives created: 1
23:07:05 | INFO: Extracting primitive: M6_Antre_dilim_04
23:07:05 | INFO: Primitives created: 1
23:07:05 | INFO: Extracting primitive: M6_Antre_dilim_05
23:07:05 | INFO: Primitives created: 1
23:07:05 | INFO: Extracting primitive: M6_Antre_dilim_06
23:07:05 | INFO: Primitives created: 1
23:07:05 | INFO: Extracting primitive: M6_Antre_dilim_07
23:07:05 | INFO: Primitives created: 1
23:07:05 | INFO: Extracting primitive: M6_Antre_dilim_08
23:07:05 | INFO: Primitives created: 1
23:07:05 | INFO: Extracting primitive: M6_Antre_dilim_09
23:07:05 | INFO: Primitives created: 1
23:07:05 | INFO: Extracting primitive: M6_Antre_duvar_askisi
23:07:05 | INFO: Primitives created: 1
23:07:05 | INFO: Extracting primitive: M6_Antre_duvar_askisi.001
23:07:05 | INFO: Primitives created: 1
23:07:05 | INFO: Extracting primitive: M6_Antre_duvar_askisi.002
23:07:05 | INFO: Primitives created: 1
23:07:05 | INFO: Extracting primitive: M6_Antre_duvar_askisi.003
23:07:05 | INFO: Primitives created: 1
23:07:05 | INFO: Extracting primitive: M6_Antre_kollektor
23:07:05 | INFO: Primitives created: 1
23:07:05 | INFO: Extracting primitive: M6_Antre_kollektor.001
23:07:05 | INFO: Primitives created: 1
23:07:05 | INFO: Extracting primitive: M6_Antre_vana
23:07:05 | INFO: Primitives created: 1
23:07:05 | INFO: Extracting primitive: M6_Antre_vana.001
23:07:05 | INFO: Primitives created: 1
23:07:06 | INFO: Finished glTF 2.0 export in 12.25006890296936 s

Info: Saved as "ekler-calisma.blend"
[tur10] M2 nesne 1685 ucgen 562641 {'katlar': 3, 'riht': 55, 'fotolar': [18, 34, 42, 47, 29], 'varyantlar': {'bodrum': [47], 'giris': [42, 40], 'birinci': [18, 34], 'cati': [29]}, 'olcum': 'mimari-olcum.json'}
[foto-doku] 12 malzeme 57028 yüz
23:07:09 | INFO: Starting glTF 2.0 export
23:07:09 | INFO: Extracting primitive: A04_F18_34_sarkit
23:07:09 | INFO: Primitives created: 1
23:07:09 | INFO: Extracting primitive: A04_F18_34_zincir_halka
23:07:09 | INFO: Primitives created: 1
23:07:09 | INFO: Extracting primitive: A04_F18_34_zincir_halka.001
23:07:09 | INFO: Primitives created: 1
23:07:09 | INFO: Extracting primitive: A04_F18_34_zincir_halka.002
23:07:09 | INFO: Primitives created: 1
23:07:09 | INFO: Extracting primitive: A04_F18_34_zincir_halka.003
23:07:09 | INFO: Primitives created: 1
23:07:09 | INFO: Extracting primitive: A04_F18_34_zincir_halka.004
23:07:09 | INFO: Primitives created: 1
23:07:09 | INFO: Extracting primitive: A04_F18_34_zincir_halka.005
23:07:09 | INFO: Primitives created: 1
23:07:09 | INFO: Extracting primitive: A04_F18_34_zincir_halka.006
23:07:09 | INFO: Primitives created: 1
23:07:09 | INFO: Extracting primitive: A04_F18_34_zincir_halka.007
23:07:09 | INFO: Primitives created: 1
23:07:09 | INFO: Extracting primitive: A04_F18_34_zincir_halka.008
23:07:09 | INFO: Primitives created: 1
23:07:09 | INFO: Extracting primitive: A04_F18_34_zincir_halka.009
23:07:09 | INFO: Primitives created: 1
23:07:09 | INFO: Extracting primitive: A04_F18_34_zincir_halka.010
23:07:09 | INFO: Primitives created: 1
23:07:09 | INFO: Extracting primitive: A04_F18_34_zincir_halka.011
23:07:09 | INFO: Primitives created: 1
23:07:09 | INFO: Extracting primitive: A04_F18_34_zincir_halka.012
23:07:09 | INFO: Primitives created: 1
23:07:09 | INFO: Extracting primitive: A04_F18_34_zincir_halka.013
23:07:09 | INFO: Primitives created: 1
23:07:09 | INFO: Extracting primitive: A04_F18_34_zincir_halka.014
23:07:09 | INFO: Primitives created: 1
23:07:09 | INFO: Extracting primitive: A04_F18_34_zincir_halka.015
23:07:09 | INFO: Primitives created: 1
23:07:09 | INFO: Extracting primitive: A04_F18_34_zincir_halka.016
23:07:09 | INFO: Primitives created: 1
23:07:09 | INFO: Extracting primitive: A04_F18_34_zincir_halka.017
23:07:09 | INFO: Primitives created: 1
23:07:09 | INFO: Extracting primitive: A04_F18_34_zincir_halka.018
23:07:09 | INFO: Primitives created: 1
23:07:09 | INFO: Extracting primitive: A04_F18_34_zincir_halka.019
23:07:09 | INFO: Primitives created: 1
23:07:09 | INFO: Extracting primitive: A04_F18_34_zincir_halka.020
23:07:09 | INFO: Primitives created: 1
23:07:09 | INFO: Extracting primitive: A04_F18_34_zincir_halka.021
23:07:09 | INFO: Primitives created: 1
23:07:09 | INFO: Extracting primitive: A04_F18_34_zincir_halka.022
23:07:09 | INFO: Primitives created: 1
23:07:09 | INFO: Extracting primitive: A04_F18_34_zincir_halka.023
23:07:09 | INFO: Primitives created: 1
23:07:09 | INFO: Extracting primitive: A04_F18_34_zincir_halka.024
23:07:09 | INFO: Primitives created: 1
23:07:09 | INFO: Extracting primitive: A04_F18_34_zincir_halka.025
23:07:09 | INFO: Primitives created: 1
23:07:09 | INFO: Extracting primitive: A04_F18_34_zincir_halka.026
23:07:09 | INFO: Primitives created: 1
23:07:09 | INFO: Extracting primitive: A04_F18_34_zincir_halka.027
23:07:09 | INFO: Primitives created: 1
23:07:09 | INFO: Extracting primitive: A04_F18_34_zincir_halka.028
23:07:09 | INFO: Primitives created: 1
23:07:09 | INFO: Extracting primitive: A04_F18_34_zincir_halka.029
23:07:09 | INFO: Primitives created: 1
23:07:09 | INFO: Extracting primitive: A04_F18_34_zincir_halka.030
23:07:09 | INFO: Primitives created: 1
23:07:09 | INFO: Extracting primitive: A04_F18_34_zincir_halka.031
23:07:09 | INFO: Primitives created: 1
23:07:09 | INFO: Extracting primitive: A04_F18_34_zincir_halka.032
23:07:09 | INFO: Primitives created: 1
23:07:09 | INFO: Extracting primitive: A04_F18_34_zincir_halka.033
23:07:09 | INFO: Primitives created: 1
23:07:09 | INFO: Extracting primitive: A04_F18_34_zincir_halka.034
23:07:09 | INFO: Primitives created: 1
23:07:09 | INFO: Extracting primitive: A04_F18_34_zincir_halka.035
23:07:09 | INFO: Primitives created: 1
23:07:09 | INFO: Extracting primitive: A04_F18_34_zincir_halka.036
23:07:09 | INFO: Primitives created: 1
23:07:09 | INFO: Extracting primitive: A04_F18_34_zincir_halka.037
23:07:09 | INFO: Primitives created: 1
23:07:09 | INFO: Extracting primitive: A04_F18_34_zincir_halka.038
23:07:09 | INFO: Primitives created: 1
23:07:09 | INFO: Extracting primitive: A04_F18_34_zincir_halka.039
23:07:09 | INFO: Primitives created: 1
23:07:09 | INFO: Extracting primitive: A04_F18_34_zincir_halka.040
23:07:09 | INFO: Primitives created: 1
23:07:09 | INFO: Extracting primitive: A04_F18_34_zincir_halka.041
23:07:09 | INFO: Primitives created: 1
23:07:09 | INFO: Extracting primitive: A04_F18_34_zincir_halka.042
23:07:09 | INFO: Primitives created: 1
23:07:09 | INFO: Extracting primitive: A04_F18_34_zincir_halka.043
23:07:09 | INFO: Primitives created: 1
23:07:09 | INFO: Extracting primitive: A04_F18_34_zincir_halka.044
23:07:09 | INFO: Primitives created: 1
23:07:09 | INFO: Extracting primitive: A04_F18_34_zincir_halka.045
23:07:09 | INFO: Primitives created: 1
23:07:09 | INFO: Extracting primitive: A04_F18_34_zincir_halka.046
23:07:09 | INFO: Primitives created: 1
23:07:09 | INFO: Extracting primitive: A04_F18_34_zincir_halka.047
23:07:09 | INFO: Primitives created: 1
23:07:09 | INFO: Extracting primitive: A04_F18_34_zincir_halka.048
23:07:09 | INFO: Primitives created: 1
23:07:09 | INFO: Extracting primitive: A04_F18_34_zincir_halka.049
23:07:09 | INFO: Primitives created: 1
23:07:09 | INFO: Extracting primitive: A04_F18_34_zincir_halka.050
23:07:09 | INFO: Primitives created: 1
23:07:09 | INFO: Extracting primitive: A04_F18_34_zincir_halka.051
23:07:09 | INFO: Primitives created: 1
23:07:09 | INFO: Extracting primitive: A04_F18_34_zincir_halka.052
23:07:09 | INFO: Primitives created: 1
23:07:09 | INFO: Extracting primitive: A04_F18_34_zincir_halka.053
23:07:09 | INFO: Primitives created: 1
23:07:09 | INFO: Extracting primitive: A04_F18_34_zincir_halka.054
23:07:09 | INFO: Primitives created: 1
23:07:09 | INFO: Extracting primitive: A04_F18_34_zincir_halka.055
23:07:09 | INFO: Primitives created: 1
23:07:09 | INFO: Extracting primitive: A04_F18_34_zincir_halka.056
23:07:09 | INFO: Primitives created: 1
23:07:09 | INFO: Extracting primitive: A04_F18_34_zincir_halka.057
23:07:09 | INFO: Primitives created: 1
23:07:09 | INFO: Extracting primitive: A04_F18_34_zincir_halka.058
23:07:09 | INFO: Primitives created: 1
23:07:09 | INFO: Extracting primitive: A04_F18_34_zincir_halka.059
23:07:09 | INFO: Primitives created: 1
23:07:09 | INFO: Extracting primitive: A04_F18_34_zincir_halka.060
23:07:09 | INFO: Primitives created: 1
23:07:09 | INFO: Extracting primitive: A04_F18_34_zincir_halka.061
23:07:09 | INFO: Primitives created: 1
23:07:09 | INFO: Extracting primitive: A04_F18_34_zincir_halka.062
23:07:09 | INFO: Primitives created: 1
23:07:09 | INFO: Extracting primitive: A04_F18_34_zincir_halka.063
23:07:09 | INFO: Primitives created: 1
23:07:09 | INFO: Extracting primitive: A04_F18_34_zincir_halka.064
23:07:09 | INFO: Primitives created: 1
23:07:09 | INFO: Extracting primitive: A04_F18_34_zincir_halka.065
23:07:09 | INFO: Primitives created: 1
23:07:09 | INFO: Extracting primitive: A04_F18_34_zincir_halka.066
23:07:09 | INFO: Primitives created: 1
23:07:09 | INFO: Extracting primitive: A04_F18_34_zincir_halka.067
23:07:09 | INFO: Primitives created: 1
23:07:09 | INFO: Extracting primitive: A04_F18_34_zincir_halka.068
23:07:09 | INFO: Primitives created: 1
23:07:09 | INFO: Extracting primitive: A04_F18_34_zincir_halka.069
23:07:09 | INFO: Primitives created: 1
23:07:09 | INFO: Extracting primitive: A04_F18_34_zincir_halka.070
23:07:09 | INFO: Primitives created: 1
23:07:09 | INFO: Extracting primitive: A04_F18_34_zincir_halka.071
23:07:09 | INFO: Primitives created: 1
23:07:09 | INFO: Extracting primitive: A04_F18_34_zincir_halka.072
23:07:09 | INFO: Primitives created: 1
23:07:09 | INFO: Extracting primitive: A04_F18_34_zincir_halka.073
23:07:09 | INFO: Primitives created: 1
23:07:09 | INFO: Extracting primitive: A04_F18_34_zincir_halka.074
23:07:09 | INFO: Primitives created: 1
23:07:09 | INFO: Extracting primitive: A04_F18_34_zincir_halka.075
23:07:09 | INFO: Primitives created: 1
23:07:09 | INFO: Extracting primitive: A04_F18_34_zincir_halka.076
23:07:09 | INFO: Primitives created: 1
23:07:09 | INFO: Extracting primitive: A04_F18_34_zincir_halka.077
23:07:09 | INFO: Primitives created: 1
23:07:09 | INFO: Extracting primitive: A04_F18_34_zincir_tavan
23:07:09 | INFO: Primitives created: 1
23:07:09 | INFO: Extracting primitive: A04_F18_alt_aplik_cam
23:07:09 | INFO: Primitives created: 1
23:07:09 | INFO: Extracting primitive: A04_F18_alt_aplik_kol
23:07:09 | INFO: Primitives created: 1
23:07:09 | INFO: Extracting primitive: A04_F18_alt_aplik_rozet
23:07:09 | INFO: Primitives created: 1
23:07:09 | INFO: Extracting primitive: A04_F18_plafonyer_opal
23:07:09 | INFO: Primitives created: 1
23:07:09 | INFO: Extracting primitive: A04_F18_plafonyer_rozet
23:07:09 | INFO: Primitives created: 1
23:07:09 | INFO: Extracting primitive: A04_F18_plafonyer_topuz
23:07:09 | INFO: Primitives created: 1
23:07:09 | INFO: Extracting primitive: A04_F18_ust_aplik_cam
23:07:09 | INFO: Primitives created: 1
23:07:09 | INFO: Extracting primitive: A04_F18_ust_aplik_kol
23:07:09 | INFO: Primitives created: 1
23:07:09 | INFO: Extracting primitive: A04_F18_ust_aplik_rozet
23:07:09 | INFO: Primitives created: 1
23:07:09 | INFO: Extracting primitive: A04_F29_sol_kiris
23:07:09 | INFO: Primitives created: 1
23:07:09 | INFO: Extracting primitive: A04_F29_spot_0
23:07:09 | INFO: Primitives created: 1
23:07:09 | INFO: Extracting primitive: A04_F29_spot_1
23:07:09 | INFO: Primitives created: 1
23:07:09 | INFO: Extracting primitive: A04_F40_plafonyer_opal
23:07:09 | INFO: Primitives created: 1
23:07:09 | INFO: Extracting primitive: A04_F40_plafonyer_rozet
23:07:09 | INFO: Primitives created: 1
23:07:09 | INFO: Extracting primitive: A04_F40_plafonyer_topuz
23:07:09 | INFO: Primitives created: 1
23:07:09 | INFO: Extracting primitive: A04_K01_esik_kapagi
23:07:11 | INFO: Primitives created: 1
23:07:11 | INFO: Extracting primitive: A04_K01_kasa_ic_kaplama
23:07:11 | INFO: Primitives created: 1
23:07:11 | INFO: Extracting primitive: A04_K01_kasa_ic_kaplama.001
23:07:11 | INFO: Primitives created: 1
23:07:11 | INFO: Extracting primitive: A04_K01_kasa_ust_kaplama
23:07:11 | INFO: Primitives created: 1
23:07:11 | INFO: Extracting primitive: A04_K02_esik_kapagi
23:07:11 | INFO: Primitives created: 1
23:07:11 | INFO: Extracting primitive: A04_K02_kasa_ic_kaplama
23:07:11 | INFO: Primitives created: 1
23:07:11 | INFO: Extracting primitive: A04_K02_kasa_ic_kaplama.001
23:07:11 | INFO: Primitives created: 1
23:07:11 | INFO: Extracting primitive: A04_K02_kasa_ust_kaplama
23:07:11 | INFO: Primitives created: 1
23:07:11 | INFO: Extracting primitive: A04_K03_esik_kapagi
23:07:11 | INFO: Primitives created: 1
23:07:11 | INFO: Extracting primitive: A04_K03_kasa_ic_kaplama
23:07:11 | INFO: Primitives created: 1
23:07:11 | INFO: Extracting primitive: A04_K03_kasa_ic_kaplama.001
23:07:11 | INFO: Primitives created: 1
23:07:11 | INFO: Extracting primitive: A04_K03_kasa_ust_kaplama
23:07:11 | INFO: Primitives created: 1
23:07:11 | INFO: Extracting primitive: A04_K04_esik_kapagi
23:07:11 | INFO: Primitives created: 1
23:07:11 | INFO: Extracting primitive: A04_K04_kasa_ic_kaplama
23:07:11 | INFO: Primitives created: 1
23:07:11 | INFO: Extracting primitive: A04_K04_kasa_ic_kaplama.001
23:07:11 | INFO: Primitives created: 1
23:07:11 | INFO: Extracting primitive: A04_K04_kasa_ust_kaplama
23:07:11 | INFO: Primitives created: 1
23:07:11 | INFO: Extracting primitive: A04_K05_esik_kapagi
23:07:11 | INFO: Primitives created: 1
23:07:11 | INFO: Extracting primitive: A04_K05_kasa_ic_kaplama
23:07:11 | INFO: Primitives created: 1
23:07:11 | INFO: Extracting primitive: A04_K05_kasa_ic_kaplama.001
23:07:11 | INFO: Primitives created: 1
23:07:11 | INFO: Extracting primitive: A04_K05_kasa_ust_kaplama
23:07:11 | INFO: Primitives created: 1
23:07:11 | INFO: Extracting primitive: A04_K06_esik_kapagi
23:07:11 | INFO: Primitives created: 1
23:07:11 | INFO: Extracting primitive: A04_K06_kasa_ic_kaplama
23:07:11 | INFO: Primitives created: 1
23:07:11 | INFO: Extracting primitive: A04_K06_kasa_ic_kaplama.001
23:07:11 | INFO: Primitives created: 1
23:07:11 | INFO: Extracting primitive: A04_K06_kasa_ust_kaplama
23:07:11 | INFO: Primitives created: 1
23:07:11 | INFO: Extracting primitive: A04_K07_esik_kapagi
23:07:11 | INFO: Primitives created: 1
23:07:11 | INFO: Extracting primitive: A04_K07_kasa_ic_kaplama
23:07:11 | INFO: Primitives created: 1
23:07:11 | INFO: Extracting primitive: A04_K07_kasa_ic_kaplama.001
23:07:11 | INFO: Primitives created: 1
23:07:11 | INFO: Extracting primitive: A04_K07_kasa_ust_kaplama
23:07:11 | INFO: Primitives created: 1
23:07:11 | INFO: Extracting primitive: A04_K08_esik_kapagi
23:07:11 | INFO: Primitives created: 1
23:07:11 | INFO: Extracting primitive: A04_K08_kasa_ic_kaplama
23:07:11 | INFO: Primitives created: 1
23:07:11 | INFO: Extracting primitive: A04_K08_kasa_ic_kaplama.001
23:07:11 | INFO: Primitives created: 1
23:07:11 | INFO: Extracting primitive: A04_K08_kasa_ust_kaplama
23:07:11 | INFO: Primitives created: 1
23:07:11 | INFO: Extracting primitive: A04_K09_esik_kapagi
23:07:11 | INFO: Primitives created: 1
23:07:11 | INFO: Extracting primitive: A04_K09_kasa_ic_kaplama
23:07:12 | INFO: Primitives created: 1
23:07:12 | INFO: Extracting primitive: A04_K09_kasa_ic_kaplama.001
23:07:12 | INFO: Primitives created: 1
23:07:12 | INFO: Extracting primitive: A04_K09_kasa_ust_kaplama
23:07:12 | INFO: Primitives created: 1
23:07:12 | INFO: Extracting primitive: A04_K10_esik_kapagi
23:07:12 | INFO: Primitives created: 1
23:07:12 | INFO: Extracting primitive: A04_K10_kasa_ic_kaplama
23:07:12 | INFO: Primitives created: 1
23:07:12 | INFO: Extracting primitive: A04_K10_kasa_ic_kaplama.001
23:07:12 | INFO: Primitives created: 1
23:07:12 | INFO: Extracting primitive: A04_K10_kasa_ust_kaplama
23:07:12 | INFO: Primitives created: 1
23:07:12 | INFO: Extracting primitive: A04_K11_esik_kapagi
23:07:12 | INFO: Primitives created: 1
23:07:12 | INFO: Extracting primitive: A04_K11_kasa_ic_kaplama
23:07:12 | INFO: Primitives created: 1
23:07:12 | INFO: Extracting primitive: A04_K11_kasa_ic_kaplama.001
23:07:12 | INFO: Primitives created: 1
23:07:12 | INFO: Extracting primitive: A04_K11_kasa_ust_kaplama
23:07:12 | INFO: Primitives created: 1
23:07:12 | INFO: Extracting primitive: A04_K12_esik_kapagi
23:07:12 | INFO: Primitives created: 1
23:07:12 | INFO: Extracting primitive: A04_K12_kasa_ic_kaplama
23:07:12 | INFO: Primitives created: 1
23:07:12 | INFO: Extracting primitive: A04_K12_kasa_ic_kaplama.001
23:07:12 | INFO: Primitives created: 1
23:07:12 | INFO: Extracting primitive: A04_K12_kasa_ust_kaplama
23:07:12 | INFO: Primitives created: 1
23:07:12 | INFO: Extracting primitive: A04_K13_esik_kapagi
23:07:12 | INFO: Primitives created: 1
23:07:12 | INFO: Extracting primitive: A04_K13_kasa_ic_kaplama
23:07:12 | INFO: Primitives created: 1
23:07:12 | INFO: Extracting primitive: A04_K13_kasa_ic_kaplama.001
23:07:12 | INFO: Primitives created: 1
23:07:12 | INFO: Extracting primitive: A04_K13_kasa_ust_kaplama
23:07:12 | INFO: Primitives created: 1
23:07:12 | INFO: Extracting primitive: A05_F42_yuvarlak_1
23:07:12 | INFO: Primitives created: 1
23:07:12 | INFO: Extracting primitive: A05_F42_yuvarlak_2
23:07:12 | INFO: Primitives created: 1
23:07:12 | INFO: Extracting primitive: A05_F42_yuvarlak_3
23:07:12 | INFO: Primitives created: 1
23:07:12 | INFO: Extracting primitive: A05_kartonpiyer_birlesik
23:07:12 | INFO: Primitives created: 1
23:07:12 | INFO: Extracting primitive: A08_Cift_kasa
23:07:12 | INFO: Primitives created: 1
23:07:12 | INFO: Extracting primitive: A08_Cift_kasa.001
23:07:12 | INFO: Primitives created: 1
23:07:12 | INFO: Extracting primitive: A08_Cift_pervaz
23:07:12 | INFO: Primitives created: 1
23:07:12 | INFO: Extracting primitive: A08_Cift_pervaz.001
23:07:12 | INFO: Primitives created: 1
23:07:12 | INFO: Extracting primitive: A08_Cift_pervaz.002
23:07:12 | INFO: Primitives created: 1
23:07:12 | INFO: Extracting primitive: A08_Cift_pervaz.003
23:07:12 | INFO: Primitives created: 1
23:07:12 | INFO: Extracting primitive: A08_Cift_sag_alt
23:07:12 | INFO: Primitives created: 1
23:07:12 | INFO: Extracting primitive: A08_Cift_sag_cam
23:07:12 | WARNING: More than one shader node tex image used for a texture. The resulting glTF sampler will behave like the first shader node tex image.
23:07:12 | INFO: Primitives created: 1
23:07:12 | INFO: Extracting primitive: A08_Cift_sag_dikme
23:07:12 | INFO: Primitives created: 1
23:07:12 | INFO: Extracting primitive: A08_Cift_sag_dikme.001
23:07:12 | INFO: Primitives created: 1
23:07:12 | INFO: Extracting primitive: A08_Cift_sag_kol
23:07:12 | INFO: Primitives created: 1
23:07:12 | INFO: Extracting primitive: A08_Cift_sag_mentese
23:07:12 | INFO: Primitives created: 1
23:07:12 | INFO: Extracting primitive: A08_Cift_sag_mentese.001
23:07:12 | INFO: Primitives created: 1
23:07:12 | INFO: Extracting primitive: A08_Cift_sag_mentese.002
23:07:12 | INFO: Primitives created: 1
23:07:12 | INFO: Extracting primitive: A08_Cift_sag_ust
23:07:12 | INFO: Primitives created: 1
23:07:12 | INFO: Extracting primitive: A08_Cift_sol_alt
23:07:12 | INFO: Primitives created: 1
23:07:12 | INFO: Extracting primitive: A08_Cift_sol_cam
23:07:12 | INFO: Primitives created: 1
23:07:12 | INFO: Extracting primitive: A08_Cift_sol_dikme
23:07:12 | INFO: Primitives created: 1
23:07:12 | INFO: Extracting primitive: A08_Cift_sol_dikme.001
23:07:12 | INFO: Primitives created: 1
23:07:12 | INFO: Extracting primitive: A08_Cift_sol_kol
23:07:12 | INFO: Primitives created: 1
23:07:12 | INFO: Extracting primitive: A08_Cift_sol_mentese
23:07:12 | INFO: Primitives created: 1
23:07:12 | INFO: Extracting primitive: A08_Cift_sol_mentese.001
23:07:12 | INFO: Primitives created: 1
23:07:12 | INFO: Extracting primitive: A08_Cift_sol_mentese.002
23:07:12 | INFO: Primitives created: 1
23:07:12 | INFO: Extracting primitive: A08_Cift_sol_ust
23:07:12 | INFO: Primitives created: 1
23:07:12 | INFO: Extracting primitive: A08_Cift_ust_kasa
23:07:12 | INFO: Primitives created: 1
23:07:12 | INFO: Extracting primitive: A08_F02_dolu_merdiven_alti
23:07:12 | INFO: Primitives created: 1
23:07:12 | INFO: Extracting primitive: A08_F06_aplik_kol
23:07:12 | INFO: Primitives created: 1
23:07:12 | INFO: Extracting primitive: A08_F06_aplik_rozet
23:07:12 | INFO: Primitives created: 1
23:07:12 | INFO: Extracting primitive: A08_F06_opal
23:07:12 | INFO: Primitives created: 1
23:07:12 | INFO: Extracting primitive: A08_F13_17_ampul
23:07:12 | INFO: Primitives created: 1
23:07:12 | INFO: Extracting primitive: A08_F13_17_ampul.001
23:07:12 | INFO: Primitives created: 1
23:07:12 | INFO: Extracting primitive: A08_F13_17_ampul.002
23:07:12 | INFO: Primitives created: 1
23:07:12 | INFO: Extracting primitive: A08_F13_17_kol
23:07:12 | INFO: Primitives created: 1
23:07:12 | INFO: Extracting primitive: A08_F13_17_kol.001
23:07:12 | INFO: Primitives created: 1
23:07:12 | INFO: Extracting primitive: A08_F13_17_kol.002
23:07:12 | INFO: Primitives created: 1
23:07:12 | INFO: Extracting primitive: A08_F13_17_rozet
23:07:12 | INFO: Primitives created: 1
23:07:12 | INFO: Extracting primitive: A08_F13_17_spot
23:07:12 | INFO: Primitives created: 1
23:07:12 | INFO: Extracting primitive: A08_F13_17_spot.001
23:07:12 | INFO: Primitives created: 1
23:07:12 | INFO: Extracting primitive: A08_F13_17_spot.002
23:07:12 | INFO: Primitives created: 1
23:07:12 | INFO: Extracting primitive: A08_F18_galeri_ayak
23:07:12 | INFO: Primitives created: 1
23:07:12 | INFO: Extracting primitive: A08_F18_galeri_ayak.001
23:07:12 | INFO: Primitives created: 1
23:07:12 | INFO: Extracting primitive: A08_F18_galeri_cerceve
23:07:12 | INFO: Primitives created: 1
23:07:12 | INFO: Extracting primitive: A08_F18_galeri_cerceve.001
23:07:12 | INFO: Primitives created: 1
23:07:12 | INFO: Extracting primitive: A08_F18_galeri_dikme
23:07:12 | INFO: Primitives created: 1
23:07:12 | INFO: Extracting primitive: A08_F18_galeri_dikme.001
23:07:12 | INFO: Primitives created: 1
23:07:12 | INFO: Extracting primitive: A08_F18_galeri_kupeste
23:07:13 | INFO: Primitives created: 1
23:07:13 | INFO: Extracting primitive: A08_motif_prototip
23:07:13 | INFO: Primitives created: 1
23:07:13 | INFO: Extracting primitive: A08_F47_sag_duvar_kapatma
23:07:13 | INFO: Primitives created: 1
23:07:13 | INFO: Extracting primitive: M1_supurgelik_001
23:07:14 | INFO: Primitives created: 1
23:07:14 | INFO: Extracting primitive: M1_supurgelik_002
23:07:14 | INFO: Primitives created: 1
23:07:14 | INFO: Extracting primitive: M1_supurgelik_003
23:07:14 | INFO: Primitives created: 1
23:07:14 | INFO: Extracting primitive: M1_supurgelik_004
23:07:14 | INFO: Primitives created: 1
23:07:14 | INFO: Extracting primitive: M1_supurgelik_005
23:07:14 | INFO: Primitives created: 1
23:07:14 | INFO: Extracting primitive: M1_supurgelik_006
23:07:14 | INFO: Primitives created: 1
23:07:14 | INFO: Extracting primitive: M1_supurgelik_007
23:07:14 | INFO: Primitives created: 1
23:07:14 | INFO: Extracting primitive: M1_supurgelik_008
23:07:14 | INFO: Primitives created: 1
23:07:14 | INFO: Extracting primitive: M1_supurgelik_009
23:07:14 | INFO: Primitives created: 1
23:07:14 | INFO: Extracting primitive: M1_supurgelik_010
23:07:14 | INFO: Primitives created: 1
23:07:14 | INFO: Extracting primitive: M1_supurgelik_011
23:07:14 | INFO: Primitives created: 1
23:07:14 | INFO: Extracting primitive: M1_supurgelik_012
23:07:14 | INFO: Primitives created: 1
23:07:14 | INFO: Extracting primitive: M1_supurgelik_013
23:07:14 | INFO: Primitives created: 1
23:07:14 | INFO: Extracting primitive: M1_supurgelik_014
23:07:14 | INFO: Primitives created: 1
23:07:14 | INFO: Extracting primitive: M1_supurgelik_015
23:07:14 | INFO: Primitives created: 1
23:07:14 | INFO: Extracting primitive: M1_supurgelik_016
23:07:14 | INFO: Primitives created: 1
23:07:14 | INFO: Extracting primitive: M1_supurgelik_017
23:07:14 | INFO: Primitives created: 1
23:07:14 | INFO: Extracting primitive: M1_supurgelik_018
23:07:14 | INFO: Primitives created: 1
23:07:14 | INFO: Extracting primitive: M1_supurgelik_019
23:07:14 | INFO: Primitives created: 1
23:07:14 | INFO: Extracting primitive: M1_supurgelik_020
23:07:14 | INFO: Primitives created: 1
23:07:14 | INFO: Extracting primitive: M1_supurgelik_021
23:07:14 | INFO: Primitives created: 1
23:07:14 | INFO: Extracting primitive: M1_supurgelik_022
23:07:14 | INFO: Primitives created: 1
23:07:14 | INFO: Extracting primitive: M1_supurgelik_023
23:07:14 | INFO: Primitives created: 1
23:07:14 | INFO: Extracting primitive: M1_supurgelik_024
23:07:14 | INFO: Primitives created: 1
23:07:14 | INFO: Extracting primitive: M1_supurgelik_025
23:07:14 | INFO: Primitives created: 1
23:07:14 | INFO: Extracting primitive: M1_supurgelik_026
23:07:14 | INFO: Primitives created: 1
23:07:14 | INFO: Extracting primitive: M1_supurgelik_027
23:07:14 | INFO: Primitives created: 1
23:07:14 | INFO: Extracting primitive: M1_supurgelik_028
23:07:14 | INFO: Primitives created: 1
23:07:14 | INFO: Extracting primitive: M1_supurgelik_029
23:07:14 | INFO: Primitives created: 1
23:07:14 | INFO: Extracting primitive: M1_supurgelik_030
23:07:14 | INFO: Primitives created: 1
23:07:14 | INFO: Extracting primitive: M1_supurgelik_031
23:07:14 | INFO: Primitives created: 1
23:07:14 | INFO: Extracting primitive: M1_supurgelik_032
23:07:14 | INFO: Primitives created: 1
23:07:14 | INFO: Extracting primitive: M1_supurgelik_033
23:07:14 | INFO: Primitives created: 1
23:07:14 | INFO: Extracting primitive: M1_supurgelik_034
23:07:14 | INFO: Primitives created: 1
23:07:14 | INFO: Extracting primitive: M1_supurgelik_035
23:07:14 | INFO: Primitives created: 1
23:07:14 | INFO: Extracting primitive: M1_supurgelik_036
23:07:14 | INFO: Primitives created: 1
23:07:14 | INFO: Extracting primitive: M1_supurgelik_037
23:07:14 | INFO: Primitives created: 1
23:07:14 | INFO: Extracting primitive: M1_supurgelik_038
23:07:14 | INFO: Primitives created: 1
23:07:14 | INFO: Extracting primitive: M1_supurgelik_039
23:07:14 | INFO: Primitives created: 1
23:07:14 | INFO: Extracting primitive: M1_supurgelik_040
23:07:14 | INFO: Primitives created: 1
23:07:14 | INFO: Extracting primitive: M1_supurgelik_041
23:07:14 | INFO: Primitives created: 1
23:07:14 | INFO: Extracting primitive: M1_supurgelik_042
23:07:14 | INFO: Primitives created: 1
23:07:14 | INFO: Extracting primitive: M1_supurgelik_043
23:07:14 | INFO: Primitives created: 1
23:07:14 | INFO: Extracting primitive: M1_supurgelik_044
23:07:14 | INFO: Primitives created: 1
23:07:14 | INFO: Extracting primitive: M1_supurgelik_045
23:07:14 | INFO: Primitives created: 1
23:07:14 | INFO: Extracting primitive: M1_supurgelik_046
23:07:14 | INFO: Primitives created: 1
23:07:14 | INFO: Extracting primitive: M1_supurgelik_047
23:07:14 | INFO: Primitives created: 1
23:07:14 | INFO: Extracting primitive: M1_supurgelik_048
23:07:14 | INFO: Primitives created: 1
23:07:14 | INFO: Extracting primitive: M1_supurgelik_049
23:07:14 | INFO: Primitives created: 1
23:07:14 | INFO: Extracting primitive: M1_supurgelik_050
23:07:14 | INFO: Primitives created: 1
23:07:14 | INFO: Extracting primitive: M1_supurgelik_051
23:07:14 | INFO: Primitives created: 1
23:07:14 | INFO: Extracting primitive: M1_supurgelik_052
23:07:14 | INFO: Primitives created: 1
23:07:14 | INFO: Extracting primitive: M1_supurgelik_053
23:07:14 | INFO: Primitives created: 1
23:07:14 | INFO: Extracting primitive: M1_supurgelik_054
23:07:14 | INFO: Primitives created: 1
23:07:14 | INFO: Extracting primitive: M1_supurgelik_055
23:07:14 | INFO: Primitives created: 1
23:07:14 | INFO: Extracting primitive: M1_supurgelik_056
23:07:14 | INFO: Primitives created: 1
23:07:14 | INFO: Extracting primitive: M1_supurgelik_057
23:07:14 | INFO: Primitives created: 1
23:07:14 | INFO: Extracting primitive: M1_supurgelik_058
23:07:14 | INFO: Primitives created: 1
23:07:14 | INFO: Extracting primitive: M1_supurgelik_059
23:07:14 | INFO: Primitives created: 1
23:07:14 | INFO: Extracting primitive: M1_supurgelik_060
23:07:14 | INFO: Primitives created: 1
23:07:14 | INFO: Extracting primitive: M1_supurgelik_061
23:07:14 | INFO: Primitives created: 1
23:07:14 | INFO: Extracting primitive: M1_supurgelik_062
23:07:14 | INFO: Primitives created: 1
23:07:14 | INFO: Extracting primitive: M1_supurgelik_063
23:07:14 | INFO: Primitives created: 1
23:07:14 | INFO: Extracting primitive: M1_supurgelik_064
23:07:14 | INFO: Primitives created: 1
23:07:14 | INFO: Extracting primitive: M1_supurgelik_065
23:07:14 | INFO: Primitives created: 1
23:07:14 | INFO: Extracting primitive: M1_supurgelik_066
23:07:14 | INFO: Primitives created: 1
23:07:14 | INFO: Extracting primitive: M1_supurgelik_067
23:07:14 | INFO: Primitives created: 1
23:07:14 | INFO: Extracting primitive: M1_supurgelik_068
23:07:14 | INFO: Primitives created: 1
23:07:14 | INFO: Extracting primitive: M1_supurgelik_069
23:07:14 | INFO: Primitives created: 1
23:07:14 | INFO: Extracting primitive: M1_supurgelik_070
23:07:14 | INFO: Primitives created: 1
23:07:14 | INFO: Extracting primitive: M1_supurgelik_071
23:07:14 | INFO: Primitives created: 1
23:07:14 | INFO: Extracting primitive: M1_supurgelik_072
23:07:14 | INFO: Primitives created: 1
23:07:14 | INFO: Extracting primitive: M1_supurgelik_073
23:07:14 | INFO: Primitives created: 1
23:07:14 | INFO: Extracting primitive: M1_supurgelik_074
23:07:15 | INFO: Primitives created: 1
23:07:15 | INFO: Extracting primitive: M1_supurgelik_075
23:07:15 | INFO: Primitives created: 1
23:07:15 | INFO: Extracting primitive: M1_supurgelik_076
23:07:15 | INFO: Primitives created: 1
23:07:15 | INFO: Extracting primitive: M1_supurgelik_077
23:07:15 | INFO: Primitives created: 1
23:07:15 | INFO: Extracting primitive: M1_supurgelik_078
23:07:15 | INFO: Primitives created: 1
23:07:15 | INFO: Extracting primitive: M1_supurgelik_079
23:07:15 | INFO: Primitives created: 1
23:07:15 | INFO: Extracting primitive: M1_supurgelik_080
23:07:15 | INFO: Primitives created: 1
23:07:15 | INFO: Extracting primitive: M1_supurgelik_081
23:07:15 | INFO: Primitives created: 1
23:07:15 | INFO: Extracting primitive: M1_supurgelik_082
23:07:15 | INFO: Primitives created: 1
23:07:15 | INFO: Extracting primitive: M1_supurgelik_083
23:07:15 | INFO: Primitives created: 1
23:07:15 | INFO: Extracting primitive: M1_supurgelik_084
23:07:15 | INFO: Primitives created: 1
23:07:15 | INFO: Extracting primitive: M1_supurgelik_085
23:07:15 | INFO: Primitives created: 1
23:07:15 | INFO: Extracting primitive: M1_supurgelik_086
23:07:15 | INFO: Primitives created: 1
23:07:15 | INFO: Extracting primitive: M1_supurgelik_087
23:07:15 | INFO: Primitives created: 1
23:07:15 | INFO: Extracting primitive: M1_supurgelik_088
23:07:15 | INFO: Primitives created: 1
23:07:15 | INFO: Extracting primitive: M1_supurgelik_089
23:07:15 | INFO: Primitives created: 1
23:07:15 | INFO: Extracting primitive: M1_supurgelik_090
23:07:15 | INFO: Primitives created: 1
23:07:15 | INFO: Extracting primitive: M1_supurgelik_091
23:07:15 | INFO: Primitives created: 1
23:07:15 | INFO: Extracting primitive: M1_supurgelik_092
23:07:15 | INFO: Primitives created: 1
23:07:15 | INFO: Extracting primitive: M1_supurgelik_093
23:07:15 | INFO: Primitives created: 1
23:07:15 | INFO: Extracting primitive: M1_supurgelik_094
23:07:15 | INFO: Primitives created: 1
23:07:15 | INFO: Extracting primitive: M1_supurgelik_095
23:07:15 | INFO: Primitives created: 1
23:07:15 | INFO: Extracting primitive: M1_supurgelik_096
23:07:15 | INFO: Primitives created: 1
23:07:15 | INFO: Extracting primitive: M1_supurgelik_097
23:07:16 | INFO: Primitives created: 1
23:07:16 | INFO: Extracting primitive: M1_supurgelik_098
23:07:16 | INFO: Primitives created: 1
23:07:16 | INFO: Extracting primitive: M1_supurgelik_099
23:07:16 | INFO: Primitives created: 1
23:07:16 | INFO: Extracting primitive: M1_supurgelik_100
23:07:16 | INFO: Primitives created: 1
23:07:16 | INFO: Extracting primitive: M1_supurgelik_101
23:07:16 | INFO: Primitives created: 1
23:07:16 | INFO: Extracting primitive: M1_supurgelik_102
23:07:16 | INFO: Primitives created: 1
23:07:16 | INFO: Extracting primitive: M1_supurgelik_103
23:07:16 | INFO: Primitives created: 1
23:07:16 | INFO: Extracting primitive: M1_supurgelik_104
23:07:16 | INFO: Primitives created: 1
23:07:16 | INFO: Extracting primitive: M1_supurgelik_105
23:07:16 | INFO: Primitives created: 1
23:07:16 | INFO: Extracting primitive: M1_supurgelik_106
23:07:16 | INFO: Primitives created: 1
23:07:16 | INFO: Extracting primitive: M1_supurgelik_107
23:07:16 | INFO: Primitives created: 1
23:07:16 | INFO: Extracting primitive: M1_supurgelik_108
23:07:16 | INFO: Primitives created: 1
23:07:16 | INFO: Extracting primitive: M1_supurgelik_109
23:07:16 | INFO: Primitives created: 1
23:07:16 | INFO: Extracting primitive: M1_supurgelik_110
23:07:16 | INFO: Primitives created: 1
23:07:16 | INFO: Extracting primitive: M1_supurgelik_111
23:07:16 | INFO: Primitives created: 1
23:07:16 | INFO: Extracting primitive: M1_supurgelik_112
23:07:16 | INFO: Primitives created: 1
23:07:16 | INFO: Extracting primitive: M1_supurgelik_113
23:07:16 | INFO: Primitives created: 1
23:07:16 | INFO: Extracting primitive: M1_supurgelik_114
23:07:16 | INFO: Primitives created: 1
23:07:16 | INFO: Extracting primitive: M1_supurgelik_115
23:07:16 | INFO: Primitives created: 1
23:07:16 | INFO: Extracting primitive: M1_supurgelik_116
23:07:16 | INFO: Primitives created: 1
23:07:16 | INFO: Extracting primitive: M1_supurgelik_117
23:07:16 | INFO: Primitives created: 1
23:07:16 | INFO: Extracting primitive: M1_supurgelik_118
23:07:16 | INFO: Primitives created: 1
23:07:16 | INFO: Extracting primitive: M1_supurgelik_119
23:07:17 | INFO: Primitives created: 1
23:07:17 | INFO: Extracting primitive: M1_supurgelik_120
23:07:17 | INFO: Primitives created: 1
23:07:17 | INFO: Extracting primitive: M1_supurgelik_121
23:07:17 | INFO: Primitives created: 1
23:07:17 | INFO: Extracting primitive: M1_supurgelik_122
23:07:17 | INFO: Primitives created: 1
23:07:17 | INFO: Extracting primitive: M1_supurgelik_123
23:07:17 | INFO: Primitives created: 1
23:07:17 | INFO: Extracting primitive: M1_supurgelik_124
23:07:17 | INFO: Primitives created: 1
23:07:17 | INFO: Extracting primitive: M1_supurgelik_125
23:07:17 | INFO: Primitives created: 1
23:07:17 | INFO: Extracting primitive: M1_supurgelik_126
23:07:17 | INFO: Primitives created: 1
23:07:17 | INFO: Extracting primitive: M1_supurgelik_127
23:07:17 | INFO: Primitives created: 1
23:07:17 | INFO: Extracting primitive: M1_supurgelik_128
23:07:17 | INFO: Primitives created: 1
23:07:17 | INFO: Extracting primitive: M1_supurgelik_129
23:07:17 | INFO: Primitives created: 1
23:07:17 | INFO: Extracting primitive: M1_supurgelik_130
23:07:17 | INFO: Primitives created: 1
23:07:17 | INFO: Extracting primitive: M1_supurgelik_131
23:07:17 | INFO: Primitives created: 1
23:07:17 | INFO: Extracting primitive: M1_supurgelik_132
23:07:17 | INFO: Primitives created: 1
23:07:17 | INFO: Extracting primitive: M1_supurgelik_133
23:07:17 | INFO: Primitives created: 1
23:07:17 | INFO: Extracting primitive: M1_supurgelik_134
23:07:17 | INFO: Primitives created: 1
23:07:17 | INFO: Extracting primitive: M1_supurgelik_135
23:07:17 | INFO: Primitives created: 1
23:07:17 | INFO: Extracting primitive: M1_supurgelik_136
23:07:17 | INFO: Primitives created: 1
23:07:17 | INFO: Extracting primitive: M1_supurgelik_137
23:07:17 | INFO: Primitives created: 1
23:07:17 | INFO: Extracting primitive: M1_supurgelik_138
23:07:17 | INFO: Primitives created: 1
23:07:17 | INFO: Extracting primitive: M1_supurgelik_139
23:07:17 | INFO: Primitives created: 1
23:07:17 | INFO: Extracting primitive: M1_supurgelik_140
23:07:17 | INFO: Primitives created: 1
23:07:17 | INFO: Extracting primitive: M1_supurgelik_141
23:07:17 | INFO: Primitives created: 1
23:07:17 | INFO: Extracting primitive: M1_supurgelik_142
23:07:17 | INFO: Primitives created: 1
23:07:17 | INFO: Extracting primitive: M1_supurgelik_143
23:07:17 | INFO: Primitives created: 1
23:07:17 | INFO: Extracting primitive: M1_supurgelik_144
23:07:17 | INFO: Primitives created: 1
23:07:17 | INFO: Extracting primitive: M1_supurgelik_145
23:07:17 | INFO: Primitives created: 1
23:07:17 | INFO: Extracting primitive: M1_supurgelik_146
23:07:17 | INFO: Primitives created: 1
23:07:17 | INFO: Extracting primitive: M1_supurgelik_147
23:07:17 | INFO: Primitives created: 1
23:07:17 | INFO: Extracting primitive: M1_supurgelik_148
23:07:17 | INFO: Primitives created: 1
23:07:17 | INFO: Extracting primitive: M1_supurgelik_149
23:07:17 | INFO: Primitives created: 1
23:07:17 | INFO: Extracting primitive: M1_supurgelik_150
23:07:17 | INFO: Primitives created: 1
23:07:17 | INFO: Extracting primitive: M1_supurgelik_151
23:07:17 | INFO: Primitives created: 1
23:07:17 | INFO: Extracting primitive: M1_supurgelik_152
23:07:17 | INFO: Primitives created: 1
23:07:17 | INFO: Extracting primitive: M1_supurgelik_153
23:07:17 | INFO: Primitives created: 1
23:07:17 | INFO: Extracting primitive: M1_supurgelik_154
23:07:17 | INFO: Primitives created: 1
23:07:17 | INFO: Extracting primitive: M1_supurgelik_155
23:07:17 | INFO: Primitives created: 1
23:07:17 | INFO: Extracting primitive: M1_supurgelik_156
23:07:17 | INFO: Primitives created: 1
23:07:17 | INFO: Extracting primitive: M1_supurgelik_157
23:07:17 | INFO: Primitives created: 1
23:07:17 | INFO: Extracting primitive: M1_supurgelik_158
23:07:17 | INFO: Primitives created: 1
23:07:17 | INFO: Extracting primitive: M1_supurgelik_159
23:07:17 | INFO: Primitives created: 1
23:07:17 | INFO: Extracting primitive: M1_supurgelik_160
23:07:17 | INFO: Primitives created: 1
23:07:17 | INFO: Extracting primitive: M1_supurgelik_161
23:07:17 | INFO: Primitives created: 1
23:07:17 | INFO: Extracting primitive: M1_supurgelik_162
23:07:17 | INFO: Primitives created: 1
23:07:17 | INFO: Extracting primitive: M1_supurgelik_163
23:07:17 | INFO: Primitives created: 1
23:07:17 | INFO: Extracting primitive: M1_supurgelik_164
23:07:17 | INFO: Primitives created: 1
23:07:17 | INFO: Extracting primitive: M1_supurgelik_165
23:07:17 | INFO: Primitives created: 1
23:07:17 | INFO: Extracting primitive: M1_supurgelik_166
23:07:17 | INFO: Primitives created: 1
23:07:17 | INFO: Extracting primitive: M1_supurgelik_167
23:07:17 | INFO: Primitives created: 1
23:07:17 | INFO: Extracting primitive: M1_supurgelik_168
23:07:17 | INFO: Primitives created: 1
23:07:17 | INFO: Extracting primitive: M1_supurgelik_169
23:07:17 | INFO: Primitives created: 1
23:07:17 | INFO: Extracting primitive: M1_supurgelik_170
23:07:17 | INFO: Primitives created: 1
23:07:17 | INFO: Extracting primitive: M1_supurgelik_171
23:07:17 | INFO: Primitives created: 1
23:07:17 | INFO: Extracting primitive: M1_supurgelik_172
23:07:17 | INFO: Primitives created: 1
23:07:17 | INFO: Extracting primitive: M1_supurgelik_173
23:07:17 | INFO: Primitives created: 1
23:07:17 | INFO: Extracting primitive: M1_supurgelik_174
23:07:17 | INFO: Primitives created: 1
23:07:17 | INFO: Extracting primitive: M1_supurgelik_175
23:07:17 | INFO: Primitives created: 1
23:07:17 | INFO: Extracting primitive: M1_supurgelik_176
23:07:17 | INFO: Primitives created: 1
23:07:17 | INFO: Extracting primitive: M1_supurgelik_177
23:07:17 | INFO: Primitives created: 1
23:07:17 | INFO: Extracting primitive: M1_supurgelik_178
23:07:17 | INFO: Primitives created: 1
23:07:17 | INFO: Extracting primitive: M1_supurgelik_179
23:07:17 | INFO: Primitives created: 1
23:07:17 | INFO: Extracting primitive: M1_supurgelik_180
23:07:17 | INFO: Primitives created: 1
23:07:17 | INFO: Extracting primitive: M1_supurgelik_181
23:07:17 | INFO: Primitives created: 1
23:07:17 | INFO: Extracting primitive: M1_supurgelik_182
23:07:17 | INFO: Primitives created: 1
23:07:17 | INFO: Extracting primitive: M1_supurgelik_183
23:07:17 | INFO: Primitives created: 1
23:07:17 | INFO: Extracting primitive: M1_supurgelik_184
23:07:17 | INFO: Primitives created: 1
23:07:17 | INFO: Extracting primitive: M1_supurgelik_185
23:07:17 | INFO: Primitives created: 1
23:07:17 | INFO: Extracting primitive: M1_supurgelik_186
23:07:17 | INFO: Primitives created: 1
23:07:17 | INFO: Extracting primitive: M1_supurgelik_187
23:07:17 | INFO: Primitives created: 1
23:07:17 | INFO: Extracting primitive: M1_supurgelik_188
23:07:17 | INFO: Primitives created: 1
23:07:17 | INFO: Extracting primitive: M1_supurgelik_189
23:07:17 | INFO: Primitives created: 1
23:07:17 | INFO: Extracting primitive: M1_supurgelik_190
23:07:17 | INFO: Primitives created: 1
23:07:17 | INFO: Extracting primitive: M1_supurgelik_191
23:07:17 | INFO: Primitives created: 1
23:07:17 | INFO: Extracting primitive: M1_supurgelik_192
23:07:17 | INFO: Primitives created: 1
23:07:17 | INFO: Extracting primitive: M1_supurgelik_193
23:07:17 | INFO: Primitives created: 1
23:07:17 | INFO: Extracting primitive: M1_supurgelik_194
23:07:17 | INFO: Primitives created: 1
23:07:17 | INFO: Extracting primitive: M1_supurgelik_195
23:07:17 | INFO: Primitives created: 1
23:07:17 | INFO: Extracting primitive: M1_supurgelik_196
23:07:17 | INFO: Primitives created: 1
23:07:17 | INFO: Extracting primitive: M1_supurgelik_197
23:07:17 | INFO: Primitives created: 1
23:07:17 | INFO: Extracting primitive: M1_supurgelik_198
23:07:17 | INFO: Primitives created: 1
23:07:17 | INFO: Extracting primitive: M1_supurgelik_199
23:07:17 | INFO: Primitives created: 1
23:07:17 | INFO: Extracting primitive: M1_supurgelik_200
23:07:17 | INFO: Primitives created: 1
23:07:17 | INFO: Extracting primitive: M1_supurgelik_201
23:07:17 | INFO: Primitives created: 1
23:07:17 | INFO: Extracting primitive: M1_supurgelik_202
23:07:17 | INFO: Primitives created: 1
23:07:17 | INFO: Extracting primitive: M1_supurgelik_203
23:07:17 | INFO: Primitives created: 1
23:07:17 | INFO: Extracting primitive: M1_supurgelik_204
23:07:17 | INFO: Primitives created: 1
23:07:17 | INFO: Extracting primitive: M1_supurgelik_205
23:07:17 | INFO: Primitives created: 1
23:07:17 | INFO: Extracting primitive: M1_supurgelik_206
23:07:17 | INFO: Primitives created: 1
23:07:17 | INFO: Extracting primitive: M1_supurgelik_207
23:07:17 | INFO: Primitives created: 1
23:07:17 | INFO: Extracting primitive: M1_supurgelik_208
23:07:17 | INFO: Primitives created: 1
23:07:17 | INFO: Extracting primitive: M1_supurgelik_209
23:07:17 | INFO: Primitives created: 1
23:07:17 | INFO: Extracting primitive: M1_supurgelik_210
23:07:17 | INFO: Primitives created: 1
23:07:17 | INFO: Extracting primitive: M1_supurgelik_211
23:07:17 | INFO: Primitives created: 1
23:07:17 | INFO: Extracting primitive: M1_supurgelik_212
23:07:17 | INFO: Primitives created: 1
23:07:17 | INFO: Extracting primitive: M1_supurgelik_213
23:07:17 | INFO: Primitives created: 1
23:07:17 | INFO: Extracting primitive: M1_supurgelik_214
23:07:17 | INFO: Primitives created: 1
23:07:17 | INFO: Extracting primitive: M1_supurgelik_215
23:07:17 | INFO: Primitives created: 1
23:07:17 | INFO: Extracting primitive: M1_supurgelik_216
23:07:17 | INFO: Primitives created: 1
23:07:17 | INFO: Extracting primitive: M1_supurgelik_217
23:07:17 | INFO: Primitives created: 1
23:07:17 | INFO: Extracting primitive: M1_supurgelik_218
23:07:17 | INFO: Primitives created: 1
23:07:17 | INFO: Extracting primitive: M1_supurgelik_219
23:07:17 | INFO: Primitives created: 1
23:07:17 | INFO: Extracting primitive: M1_supurgelik_220
23:07:17 | INFO: Primitives created: 1
23:07:17 | INFO: Extracting primitive: M1_supurgelik_221
23:07:17 | INFO: Primitives created: 1
23:07:17 | INFO: Extracting primitive: M1_supurgelik_222
23:07:17 | INFO: Primitives created: 1
23:07:17 | INFO: Extracting primitive: M1_supurgelik_223
23:07:17 | INFO: Primitives created: 1
23:07:17 | INFO: Extracting primitive: M1_supurgelik_224
23:07:17 | INFO: Primitives created: 1
23:07:17 | INFO: Extracting primitive: M1_supurgelik_225
23:07:17 | INFO: Primitives created: 1
23:07:17 | INFO: Extracting primitive: M1_supurgelik_226
23:07:17 | INFO: Primitives created: 1
23:07:17 | INFO: Extracting primitive: M1_supurgelik_227
23:07:17 | INFO: Primitives created: 1
23:07:17 | INFO: Extracting primitive: M1_supurgelik_228
23:07:17 | INFO: Primitives created: 1
23:07:17 | INFO: Extracting primitive: M1_supurgelik_229
23:07:17 | INFO: Primitives created: 1
23:07:17 | INFO: Extracting primitive: M1_supurgelik_230
23:07:17 | INFO: Primitives created: 1
23:07:17 | INFO: Extracting primitive: M1_supurgelik_231
23:07:17 | INFO: Primitives created: 1
23:07:17 | INFO: Extracting primitive: M1_supurgelik_232
23:07:17 | INFO: Primitives created: 1
23:07:17 | INFO: Extracting primitive: M1_supurgelik_233
23:07:17 | INFO: Primitives created: 1
23:07:17 | INFO: Extracting primitive: M1_supurgelik_234
23:07:17 | INFO: Primitives created: 1
23:07:17 | INFO: Extracting primitive: M1_supurgelik_235
23:07:17 | INFO: Primitives created: 1
23:07:17 | INFO: Extracting primitive: M1_supurgelik_236
23:07:17 | INFO: Primitives created: 1
23:07:17 | INFO: Extracting primitive: M1_supurgelik_237
23:07:17 | INFO: Primitives created: 1
23:07:17 | INFO: Extracting primitive: M1_supurgelik_238
23:07:17 | INFO: Primitives created: 1
23:07:17 | INFO: Extracting primitive: M1_supurgelik_239
23:07:17 | INFO: Primitives created: 1
23:07:17 | INFO: Extracting primitive: M1_supurgelik_240
23:07:17 | INFO: Primitives created: 1
23:07:17 | INFO: Extracting primitive: M1_supurgelik_241
23:07:17 | INFO: Primitives created: 1
23:07:17 | INFO: Extracting primitive: M1_supurgelik_242
23:07:17 | INFO: Primitives created: 1
23:07:17 | INFO: Extracting primitive: M1_supurgelik_243
23:07:17 | INFO: Primitives created: 1
23:07:17 | INFO: Extracting primitive: M1_supurgelik_244
23:07:17 | INFO: Primitives created: 1
23:07:17 | INFO: Extracting primitive: M1_supurgelik_245
23:07:17 | INFO: Primitives created: 1
23:07:17 | INFO: Extracting primitive: M1_supurgelik_246
23:07:17 | INFO: Primitives created: 1
23:07:17 | INFO: Extracting primitive: M1_supurgelik_247
23:07:17 | INFO: Primitives created: 1
23:07:17 | INFO: Extracting primitive: M1_supurgelik_248
23:07:17 | INFO: Primitives created: 1
23:07:17 | INFO: Extracting primitive: M1_supurgelik_249
23:07:17 | INFO: Primitives created: 1
23:07:17 | INFO: Extracting primitive: M1_supurgelik_250
23:07:17 | INFO: Primitives created: 1
23:07:17 | INFO: Extracting primitive: M1_supurgelik_251
23:07:17 | INFO: Primitives created: 1
23:07:17 | INFO: Extracting primitive: M1_supurgelik_252
23:07:17 | INFO: Primitives created: 1
23:07:17 | INFO: Extracting primitive: M1_supurgelik_253
23:07:17 | INFO: Primitives created: 1
23:07:17 | INFO: Extracting primitive: M1_supurgelik_254
23:07:17 | INFO: Primitives created: 1
23:07:17 | INFO: Extracting primitive: M1_supurgelik_255
23:07:17 | INFO: Primitives created: 1
23:07:17 | INFO: Extracting primitive: M1_supurgelik_256
23:07:17 | INFO: Primitives created: 1
23:07:17 | INFO: Extracting primitive: M1_supurgelik_257
23:07:17 | INFO: Primitives created: 1
23:07:17 | INFO: Extracting primitive: M1_supurgelik_258
23:07:17 | INFO: Primitives created: 1
23:07:17 | INFO: Extracting primitive: M1_supurgelik_259
23:07:17 | INFO: Primitives created: 1
23:07:17 | INFO: Extracting primitive: M1_supurgelik_260
23:07:17 | INFO: Primitives created: 1
23:07:17 | INFO: Extracting primitive: M1_supurgelik_261
23:07:17 | INFO: Primitives created: 1
23:07:17 | INFO: Extracting primitive: M1_supurgelik_262
23:07:17 | INFO: Primitives created: 1
23:07:17 | INFO: Extracting primitive: M1_supurgelik_263
23:07:17 | INFO: Primitives created: 1
23:07:17 | INFO: Extracting primitive: M1_supurgelik_264
23:07:17 | INFO: Primitives created: 1
23:07:17 | INFO: Extracting primitive: M1_supurgelik_265
23:07:17 | INFO: Primitives created: 1
23:07:17 | INFO: Extracting primitive: M1_supurgelik_266
23:07:17 | INFO: Primitives created: 1
23:07:17 | INFO: Extracting primitive: M1_supurgelik_267
23:07:17 | INFO: Primitives created: 1
23:07:17 | INFO: Extracting primitive: M1_supurgelik_268
23:07:17 | INFO: Primitives created: 1
23:07:17 | INFO: Extracting primitive: M1_supurgelik_269
23:07:17 | INFO: Primitives created: 1
23:07:17 | INFO: Extracting primitive: M1_supurgelik_270
23:07:17 | INFO: Primitives created: 1
23:07:17 | INFO: Extracting primitive: M1_supurgelik_271
23:07:17 | INFO: Primitives created: 1
23:07:17 | INFO: Extracting primitive: M1_supurgelik_272
23:07:17 | INFO: Primitives created: 1
23:07:17 | INFO: Extracting primitive: M1_supurgelik_273
23:07:17 | INFO: Primitives created: 1
23:07:17 | INFO: Extracting primitive: M1_supurgelik_274
23:07:17 | INFO: Primitives created: 1
23:07:17 | INFO: Extracting primitive: M1_supurgelik_275
23:07:17 | INFO: Primitives created: 1
23:07:17 | INFO: Extracting primitive: M1_supurgelik_276
23:07:17 | INFO: Primitives created: 1
23:07:17 | INFO: Extracting primitive: M1_supurgelik_277
23:07:17 | INFO: Primitives created: 1
23:07:17 | INFO: Extracting primitive: M1_supurgelik_278
23:07:17 | INFO: Primitives created: 1
23:07:17 | INFO: Extracting primitive: M1_supurgelik_279
23:07:17 | INFO: Primitives created: 1
23:07:17 | INFO: Extracting primitive: M1_supurgelik_280
23:07:17 | INFO: Primitives created: 1
23:07:17 | INFO: Extracting primitive: M1_supurgelik_281
23:07:17 | INFO: Primitives created: 1
23:07:17 | INFO: Extracting primitive: M1_supurgelik_282
23:07:17 | INFO: Primitives created: 1
23:07:17 | INFO: Extracting primitive: M1_supurgelik_283
23:07:17 | INFO: Primitives created: 1
23:07:17 | INFO: Extracting primitive: M1_supurgelik_284
23:07:17 | INFO: Primitives created: 1
23:07:17 | INFO: Extracting primitive: M1_supurgelik_285
23:07:17 | INFO: Primitives created: 1
23:07:17 | INFO: Extracting primitive: M1_supurgelik_286
23:07:17 | INFO: Primitives created: 1
23:07:17 | INFO: Extracting primitive: M1_supurgelik_287
23:07:17 | INFO: Primitives created: 1
23:07:17 | INFO: Extracting primitive: M1_supurgelik_288
23:07:17 | INFO: Primitives created: 1
23:07:17 | INFO: Extracting primitive: M1_supurgelik_289
23:07:17 | INFO: Primitives created: 1
23:07:17 | INFO: Extracting primitive: M1_supurgelik_290
23:07:17 | INFO: Primitives created: 1
23:07:17 | INFO: Extracting primitive: M1_supurgelik_291
23:07:17 | INFO: Primitives created: 1
23:07:17 | INFO: Extracting primitive: M1_supurgelik_292
23:07:17 | INFO: Primitives created: 1
23:07:17 | INFO: Extracting primitive: M1_supurgelik_293
23:07:17 | INFO: Primitives created: 1
23:07:17 | INFO: Extracting primitive: M1_supurgelik_294
23:07:17 | INFO: Primitives created: 1
23:07:17 | INFO: Extracting primitive: M2_K0_0_basamak
23:07:17 | INFO: Primitives created: 1
23:07:17 | INFO: Extracting primitive: M2_K0_0_basamak.001
23:07:17 | INFO: Primitives created: 1
23:07:17 | INFO: Extracting primitive: M2_K0_0_basamak.002
23:07:17 | INFO: Primitives created: 1
23:07:17 | INFO: Extracting primitive: M2_K0_0_basamak.003
23:07:17 | INFO: Primitives created: 1
23:07:17 | INFO: Extracting primitive: M2_K0_0_basamak.004
23:07:17 | INFO: Primitives created: 1
23:07:17 | INFO: Extracting primitive: M2_K0_0_basamak.005
23:07:17 | INFO: Primitives created: 1
23:07:17 | INFO: Extracting primitive: M2_K0_0_basamak.006
23:07:17 | INFO: Primitives created: 1
23:07:17 | INFO: Extracting primitive: M2_K0_0_basamak.007
23:07:17 | INFO: Primitives created: 1
23:07:17 | INFO: Extracting primitive: M2_K0_0_basamak.008
23:07:17 | INFO: Primitives created: 1
23:07:17 | INFO: Extracting primitive: M2_K0_0_beyaz_altyapi
23:07:17 | INFO: Primitives created: 1
23:07:17 | INFO: Extracting primitive: M2_K0_0_korkuluk_ayak
23:07:17 | INFO: Primitives created: 1
23:07:17 | INFO: Extracting primitive: M2_K0_0_korkuluk_ayak.001
23:07:17 | INFO: Primitives created: 1
23:07:17 | INFO: Extracting primitive: M2_K0_0_korkuluk_ayak.004
23:07:17 | INFO: Primitives created: 1
23:07:17 | INFO: Extracting primitive: M2_K0_0_korkuluk_cerceve
23:07:17 | INFO: Primitives created: 1
23:07:17 | INFO: Extracting primitive: M2_K0_0_korkuluk_cerceve.001
23:07:17 | INFO: Primitives created: 1
23:07:17 | INFO: Extracting primitive: M2_K0_0_korkuluk_dikme
23:07:17 | INFO: Primitives created: 1
23:07:17 | INFO: Extracting primitive: M2_K0_0_korkuluk_dikme.001
23:07:17 | INFO: Primitives created: 1
23:07:17 | INFO: Extracting primitive: M2_K0_0_korkuluk_dikme.004
23:07:17 | INFO: Primitives created: 1
23:07:17 | INFO: Extracting primitive: M2_K0_0_korkuluk_kupeste
23:07:17 | INFO: Primitives created: 1
23:07:17 | INFO: Extracting primitive: M2_K0_0_riht
23:07:17 | INFO: Primitives created: 1
23:07:17 | INFO: Extracting primitive: M2_K0_0_riht.001
23:07:17 | INFO: Primitives created: 1
23:07:17 | INFO: Extracting primitive: M2_K0_0_riht.002
23:07:17 | INFO: Primitives created: 1
23:07:17 | INFO: Extracting primitive: M2_K0_0_riht.003
23:07:17 | INFO: Primitives created: 1
23:07:17 | INFO: Extracting primitive: M2_K0_0_riht.004
23:07:17 | INFO: Primitives created: 1
23:07:17 | INFO: Extracting primitive: M2_K0_0_riht.005
23:07:17 | INFO: Primitives created: 1
23:07:17 | INFO: Extracting primitive: M2_K0_0_riht.006
23:07:17 | INFO: Primitives created: 1
23:07:17 | INFO: Extracting primitive: M2_K0_0_riht.007
23:07:17 | INFO: Primitives created: 1
23:07:17 | INFO: Extracting primitive: M2_K0_0_riht.008
23:07:17 | INFO: Primitives created: 1
23:07:17 | INFO: Extracting primitive: M2_K0_1_basamak
23:07:17 | INFO: Primitives created: 1
23:07:17 | INFO: Extracting primitive: M2_K0_1_basamak.001
23:07:17 | INFO: Primitives created: 1
23:07:17 | INFO: Extracting primitive: M2_K0_1_basamak.002
23:07:17 | INFO: Primitives created: 1
23:07:17 | INFO: Extracting primitive: M2_K0_1_basamak.003
23:07:17 | INFO: Primitives created: 1
23:07:17 | INFO: Extracting primitive: M2_K0_1_basamak.004
23:07:17 | INFO: Primitives created: 1
23:07:17 | INFO: Extracting primitive: M2_K0_1_basamak.005
23:07:17 | INFO: Primitives created: 1
23:07:17 | INFO: Extracting primitive: M2_K0_1_basamak.006
23:07:17 | INFO: Primitives created: 1
23:07:17 | INFO: Extracting primitive: M2_K0_1_basamak.007
23:07:17 | INFO: Primitives created: 1
23:07:17 | INFO: Extracting primitive: M2_K0_1_basamak.008
23:07:17 | INFO: Primitives created: 1
23:07:17 | INFO: Extracting primitive: M2_K0_1_beyaz_altyapi
23:07:17 | INFO: Primitives created: 1
23:07:17 | INFO: Extracting primitive: M2_K0_1_korkuluk_ayak
23:07:17 | INFO: Primitives created: 1
23:07:17 | INFO: Extracting primitive: M2_K0_1_korkuluk_ayak.001
23:07:17 | INFO: Primitives created: 1
23:07:17 | INFO: Extracting primitive: M2_K0_1_korkuluk_ayak.004
23:07:17 | INFO: Primitives created: 1
23:07:17 | INFO: Extracting primitive: M2_K0_1_korkuluk_cerceve
23:07:17 | INFO: Primitives created: 1
23:07:17 | INFO: Extracting primitive: M2_K0_1_korkuluk_cerceve.001
23:07:17 | INFO: Primitives created: 1
23:07:17 | INFO: Extracting primitive: M2_K0_1_korkuluk_dikme
23:07:17 | INFO: Primitives created: 1
23:07:17 | INFO: Extracting primitive: M2_K0_1_korkuluk_dikme.001
23:07:17 | INFO: Primitives created: 1
23:07:17 | INFO: Extracting primitive: M2_K0_1_korkuluk_dikme.004
23:07:17 | INFO: Primitives created: 1
23:07:17 | INFO: Extracting primitive: M2_K0_1_korkuluk_kupeste
23:07:17 | INFO: Primitives created: 1
23:07:17 | INFO: Extracting primitive: M2_K0_1_riht
23:07:17 | INFO: Primitives created: 1
23:07:17 | INFO: Extracting primitive: M2_K0_1_riht.001
23:07:17 | INFO: Primitives created: 1
23:07:17 | INFO: Extracting primitive: M2_K0_1_riht.002
23:07:17 | INFO: Primitives created: 1
23:07:17 | INFO: Extracting primitive: M2_K0_1_riht.003
23:07:17 | INFO: Primitives created: 1
23:07:17 | INFO: Extracting primitive: M2_K0_1_riht.004
23:07:17 | INFO: Primitives created: 1
23:07:17 | INFO: Extracting primitive: M2_K0_1_riht.005
23:07:17 | INFO: Primitives created: 1
23:07:17 | INFO: Extracting primitive: M2_K0_1_riht.006
23:07:17 | INFO: Primitives created: 1
23:07:17 | INFO: Extracting primitive: M2_K0_1_riht.007
23:07:17 | INFO: Primitives created: 1
23:07:17 | INFO: Extracting primitive: M2_K0_1_riht.008
23:07:17 | INFO: Primitives created: 1
23:07:17 | INFO: Extracting primitive: M2_K0_bosluk_korkuluk_0_ayak
23:07:17 | INFO: Primitives created: 1
23:07:17 | INFO: Extracting primitive: M2_K0_bosluk_korkuluk_0_ayak.001
23:07:17 | INFO: Primitives created: 1
23:07:17 | INFO: Extracting primitive: M2_K0_bosluk_korkuluk_0_ayak.004
23:07:17 | INFO: Primitives created: 1
23:07:17 | INFO: Extracting primitive: M2_K0_bosluk_korkuluk_0_cerceve
23:07:17 | INFO: Primitives created: 1
23:07:17 | INFO: Extracting primitive: M2_K0_bosluk_korkuluk_0_cerceve.001
23:07:17 | INFO: Primitives created: 1
23:07:17 | INFO: Extracting primitive: M2_K0_bosluk_korkuluk_0_dikme
23:07:17 | INFO: Primitives created: 1
23:07:17 | INFO: Extracting primitive: M2_K0_bosluk_korkuluk_0_dikme.001
23:07:17 | INFO: Primitives created: 1
23:07:17 | INFO: Extracting primitive: M2_K0_bosluk_korkuluk_0_dikme.004
23:07:17 | INFO: Primitives created: 1
23:07:17 | INFO: Extracting primitive: M2_K0_bosluk_korkuluk_0_kupeste
23:07:17 | INFO: Primitives created: 1
23:07:17 | INFO: Extracting primitive: M2_K0_sahanlik
23:07:17 | INFO: Primitives created: 1
23:07:17 | INFO: Extracting primitive: M2_K0_sahanlik_alti
23:07:17 | INFO: Primitives created: 1
23:07:17 | INFO: Extracting primitive: M2_K1_0_basamak
23:07:17 | INFO: Primitives created: 1
23:07:17 | INFO: Extracting primitive: M2_K1_0_basamak.001
23:07:17 | INFO: Primitives created: 1
23:07:17 | INFO: Extracting primitive: M2_K1_0_basamak.002
23:07:17 | INFO: Primitives created: 1
23:07:17 | INFO: Extracting primitive: M2_K1_0_basamak.003
23:07:17 | INFO: Primitives created: 1
23:07:17 | INFO: Extracting primitive: M2_K1_0_basamak.004
23:07:17 | INFO: Primitives created: 1
23:07:17 | INFO: Extracting primitive: M2_K1_0_basamak.005
23:07:17 | INFO: Primitives created: 1
23:07:17 | INFO: Extracting primitive: M2_K1_0_basamak.006
23:07:17 | INFO: Primitives created: 1
23:07:17 | INFO: Extracting primitive: M2_K1_0_basamak.007
23:07:17 | INFO: Primitives created: 1
23:07:17 | INFO: Extracting primitive: M2_K1_0_basamak.008
23:07:17 | INFO: Primitives created: 1
23:07:17 | INFO: Extracting primitive: M2_K1_0_basamak.009
23:07:17 | INFO: Primitives created: 1
23:07:17 | INFO: Extracting primitive: M2_K1_0_beyaz_altyapi
23:07:17 | INFO: Primitives created: 1
23:07:17 | INFO: Extracting primitive: M2_K1_0_korkuluk_ayak
23:07:17 | INFO: Primitives created: 1
23:07:17 | INFO: Extracting primitive: M2_K1_0_korkuluk_ayak.001
23:07:17 | INFO: Primitives created: 1
23:07:17 | INFO: Extracting primitive: M2_K1_0_korkuluk_ayak.004
23:07:17 | INFO: Primitives created: 1
23:07:17 | INFO: Extracting primitive: M2_K1_0_korkuluk_cerceve
23:07:17 | INFO: Primitives created: 1
23:07:17 | INFO: Extracting primitive: M2_K1_0_korkuluk_cerceve.001
23:07:17 | INFO: Primitives created: 1
23:07:17 | INFO: Extracting primitive: M2_K1_0_korkuluk_dikme
23:07:17 | INFO: Primitives created: 1
23:07:17 | INFO: Extracting primitive: M2_K1_0_korkuluk_dikme.001
23:07:17 | INFO: Primitives created: 1
23:07:17 | INFO: Extracting primitive: M2_K1_0_korkuluk_dikme.004
23:07:17 | INFO: Primitives created: 1
23:07:17 | INFO: Extracting primitive: M2_K1_0_korkuluk_kupeste
23:07:17 | INFO: Primitives created: 1
23:07:17 | INFO: Extracting primitive: M2_K1_0_riht
23:07:17 | INFO: Primitives created: 1
23:07:17 | INFO: Extracting primitive: M2_K1_0_riht.001
23:07:17 | INFO: Primitives created: 1
23:07:17 | INFO: Extracting primitive: M2_K1_0_riht.002
23:07:17 | INFO: Primitives created: 1
23:07:17 | INFO: Extracting primitive: M2_K1_0_riht.003
23:07:17 | INFO: Primitives created: 1
23:07:17 | INFO: Extracting primitive: M2_K1_0_riht.004
23:07:17 | INFO: Primitives created: 1
23:07:17 | INFO: Extracting primitive: M2_K1_0_riht.005
23:07:17 | INFO: Primitives created: 1
23:07:17 | INFO: Extracting primitive: M2_K1_0_riht.006
23:07:17 | INFO: Primitives created: 1
23:07:17 | INFO: Extracting primitive: M2_K1_0_riht.007
23:07:17 | INFO: Primitives created: 1
23:07:17 | INFO: Extracting primitive: M2_K1_0_riht.008
23:07:17 | INFO: Primitives created: 1
23:07:17 | INFO: Extracting primitive: M2_K1_0_riht.009
23:07:17 | INFO: Primitives created: 1
23:07:17 | INFO: Extracting primitive: M2_K1_1_basamak
23:07:17 | INFO: Primitives created: 1
23:07:17 | INFO: Extracting primitive: M2_K1_1_basamak.001
23:07:17 | INFO: Primitives created: 1
23:07:17 | INFO: Extracting primitive: M2_K1_1_basamak.002
23:07:17 | INFO: Primitives created: 1
23:07:17 | INFO: Extracting primitive: M2_K1_1_basamak.003
23:07:17 | INFO: Primitives created: 1
23:07:17 | INFO: Extracting primitive: M2_K1_1_basamak.004
23:07:17 | INFO: Primitives created: 1
23:07:17 | INFO: Extracting primitive: M2_K1_1_basamak.005
23:07:17 | INFO: Primitives created: 1
23:07:17 | INFO: Extracting primitive: M2_K1_1_basamak.006
23:07:17 | INFO: Primitives created: 1
23:07:17 | INFO: Extracting primitive: M2_K1_1_basamak.007
23:07:17 | INFO: Primitives created: 1
23:07:17 | INFO: Extracting primitive: M2_K1_1_basamak.008
23:07:17 | INFO: Primitives created: 1
23:07:17 | INFO: Extracting primitive: M2_K1_1_beyaz_altyapi
23:07:17 | INFO: Primitives created: 1
23:07:17 | INFO: Extracting primitive: M2_K1_1_korkuluk_ayak
23:07:17 | INFO: Primitives created: 1
23:07:17 | INFO: Extracting primitive: M2_K1_1_korkuluk_ayak.001
23:07:17 | INFO: Primitives created: 1
23:07:17 | INFO: Extracting primitive: M2_K1_1_korkuluk_ayak.004
23:07:17 | INFO: Primitives created: 1
23:07:17 | INFO: Extracting primitive: M2_K1_1_korkuluk_cerceve
23:07:17 | INFO: Primitives created: 1
23:07:17 | INFO: Extracting primitive: M2_K1_1_korkuluk_cerceve.001
23:07:17 | INFO: Primitives created: 1
23:07:17 | INFO: Extracting primitive: M2_K1_1_korkuluk_dikme
23:07:17 | INFO: Primitives created: 1
23:07:17 | INFO: Extracting primitive: M2_K1_1_korkuluk_dikme.001
23:07:17 | INFO: Primitives created: 1
23:07:17 | INFO: Extracting primitive: M2_K1_1_korkuluk_dikme.004
23:07:17 | INFO: Primitives created: 1
23:07:17 | INFO: Extracting primitive: M2_K1_1_korkuluk_kupeste
23:07:17 | INFO: Primitives created: 1
23:07:17 | INFO: Extracting primitive: M2_K1_1_riht
23:07:17 | INFO: Primitives created: 1
23:07:17 | INFO: Extracting primitive: M2_K1_1_riht.001
23:07:17 | INFO: Primitives created: 1
23:07:17 | INFO: Extracting primitive: M2_K1_1_riht.002
23:07:17 | INFO: Primitives created: 1
23:07:17 | INFO: Extracting primitive: M2_K1_1_riht.003
23:07:17 | INFO: Primitives created: 1
23:07:17 | INFO: Extracting primitive: M2_K1_1_riht.004
23:07:17 | INFO: Primitives created: 1
23:07:17 | INFO: Extracting primitive: M2_K1_1_riht.005
23:07:17 | INFO: Primitives created: 1
23:07:17 | INFO: Extracting primitive: M2_K1_1_riht.006
23:07:17 | INFO: Primitives created: 1
23:07:17 | INFO: Extracting primitive: M2_K1_1_riht.007
23:07:17 | INFO: Primitives created: 1
23:07:17 | INFO: Extracting primitive: M2_K1_1_riht.008
23:07:17 | INFO: Primitives created: 1
23:07:17 | INFO: Extracting primitive: M2_K1_bosluk_korkuluk_0_ayak
23:07:17 | INFO: Primitives created: 1
23:07:17 | INFO: Extracting primitive: M2_K1_bosluk_korkuluk_0_ayak.001
23:07:17 | INFO: Primitives created: 1
23:07:17 | INFO: Extracting primitive: M2_K1_bosluk_korkuluk_0_cerceve
23:07:17 | INFO: Primitives created: 1
23:07:17 | INFO: Extracting primitive: M2_K1_bosluk_korkuluk_0_cerceve.001
23:07:17 | INFO: Primitives created: 1
23:07:17 | INFO: Extracting primitive: M2_K1_bosluk_korkuluk_0_dikme
23:07:17 | INFO: Primitives created: 1
23:07:17 | INFO: Extracting primitive: M2_K1_bosluk_korkuluk_0_dikme.001
23:07:17 | INFO: Primitives created: 1
23:07:17 | INFO: Extracting primitive: M2_K1_bosluk_korkuluk_0_kupeste
23:07:17 | INFO: Primitives created: 1
23:07:17 | INFO: Extracting primitive: M2_K1_bosluk_korkuluk_1_ayak
23:07:17 | INFO: Primitives created: 1
23:07:17 | INFO: Extracting primitive: M2_K1_bosluk_korkuluk_1_ayak.001
23:07:17 | INFO: Primitives created: 1
23:07:17 | INFO: Extracting primitive: M2_K1_bosluk_korkuluk_1_cerceve
23:07:17 | INFO: Primitives created: 1
23:07:17 | INFO: Extracting primitive: M2_K1_bosluk_korkuluk_1_cerceve.001
23:07:17 | INFO: Primitives created: 1
23:07:17 | INFO: Extracting primitive: M2_K1_bosluk_korkuluk_1_dikme
23:07:17 | INFO: Primitives created: 1
23:07:17 | INFO: Extracting primitive: M2_K1_bosluk_korkuluk_1_dikme.001
23:07:17 | INFO: Primitives created: 1
23:07:17 | INFO: Extracting primitive: M2_K1_bosluk_korkuluk_1_kupeste
23:07:17 | INFO: Primitives created: 1
23:07:17 | INFO: Extracting primitive: M2_K1_sahanlik
23:07:17 | INFO: Primitives created: 1
23:07:17 | INFO: Extracting primitive: M2_K1_sahanlik_alti
23:07:17 | INFO: Primitives created: 1
23:07:17 | INFO: Extracting primitive: M2_K2_0_basamak
23:07:17 | INFO: Primitives created: 1
23:07:17 | INFO: Extracting primitive: M2_K2_0_basamak.001
23:07:17 | INFO: Primitives created: 1
23:07:17 | INFO: Extracting primitive: M2_K2_0_basamak.002
23:07:17 | INFO: Primitives created: 1
23:07:17 | INFO: Extracting primitive: M2_K2_0_basamak.003
23:07:17 | INFO: Primitives created: 1
23:07:17 | INFO: Extracting primitive: M2_K2_0_basamak.004
23:07:17 | INFO: Primitives created: 1
23:07:17 | INFO: Extracting primitive: M2_K2_0_basamak.005
23:07:17 | INFO: Primitives created: 1
23:07:17 | INFO: Extracting primitive: M2_K2_0_basamak.006
23:07:17 | INFO: Primitives created: 1
23:07:17 | INFO: Extracting primitive: M2_K2_0_basamak.007
23:07:17 | INFO: Primitives created: 1
23:07:17 | INFO: Extracting primitive: M2_K2_0_basamak.008
23:07:17 | INFO: Primitives created: 1
23:07:17 | INFO: Extracting primitive: M2_K2_0_beyaz_altyapi
23:07:17 | INFO: Primitives created: 1
23:07:17 | INFO: Extracting primitive: M2_K2_0_korkuluk_ayak
23:07:17 | INFO: Primitives created: 1
23:07:17 | INFO: Extracting primitive: M2_K2_0_korkuluk_ayak.001
23:07:17 | INFO: Primitives created: 1
23:07:17 | INFO: Extracting primitive: M2_K2_0_korkuluk_ayak.004
23:07:17 | INFO: Primitives created: 1
23:07:17 | INFO: Extracting primitive: M2_K2_0_korkuluk_cerceve
23:07:17 | INFO: Primitives created: 1
23:07:17 | INFO: Extracting primitive: M2_K2_0_korkuluk_cerceve.001
23:07:17 | INFO: Primitives created: 1
23:07:17 | INFO: Extracting primitive: M2_K2_0_korkuluk_dikme
23:07:17 | INFO: Primitives created: 1
23:07:17 | INFO: Extracting primitive: M2_K2_0_korkuluk_dikme.001
23:07:17 | INFO: Primitives created: 1
23:07:17 | INFO: Extracting primitive: M2_K2_0_korkuluk_dikme.004
23:07:17 | INFO: Primitives created: 1
23:07:17 | INFO: Extracting primitive: M2_K2_0_korkuluk_kupeste
23:07:17 | INFO: Primitives created: 1
23:07:17 | INFO: Extracting primitive: M2_K2_0_riht
23:07:17 | INFO: Primitives created: 1
23:07:17 | INFO: Extracting primitive: M2_K2_0_riht.001
23:07:17 | INFO: Primitives created: 1
23:07:17 | INFO: Extracting primitive: M2_K2_0_riht.002
23:07:17 | INFO: Primitives created: 1
23:07:17 | INFO: Extracting primitive: M2_K2_0_riht.003
23:07:17 | INFO: Primitives created: 1
23:07:17 | INFO: Extracting primitive: M2_K2_0_riht.004
23:07:17 | INFO: Primitives created: 1
23:07:17 | INFO: Extracting primitive: M2_K2_0_riht.005
23:07:17 | INFO: Primitives created: 1
23:07:17 | INFO: Extracting primitive: M2_K2_0_riht.006
23:07:17 | INFO: Primitives created: 1
23:07:17 | INFO: Extracting primitive: M2_K2_0_riht.007
23:07:17 | INFO: Primitives created: 1
23:07:17 | INFO: Extracting primitive: M2_K2_0_riht.008
23:07:17 | INFO: Primitives created: 1
23:07:17 | INFO: Extracting primitive: M2_K2_1_basamak
23:07:17 | INFO: Primitives created: 1
23:07:17 | INFO: Extracting primitive: M2_K2_1_basamak.001
23:07:17 | INFO: Primitives created: 1
23:07:17 | INFO: Extracting primitive: M2_K2_1_basamak.002
23:07:17 | INFO: Primitives created: 1
23:07:17 | INFO: Extracting primitive: M2_K2_1_basamak.003
23:07:17 | INFO: Primitives created: 1
23:07:17 | INFO: Extracting primitive: M2_K2_1_basamak.004
23:07:17 | INFO: Primitives created: 1
23:07:17 | INFO: Extracting primitive: M2_K2_1_basamak.005
23:07:17 | INFO: Primitives created: 1
23:07:17 | INFO: Extracting primitive: M2_K2_1_basamak.006
23:07:17 | INFO: Primitives created: 1
23:07:17 | INFO: Extracting primitive: M2_K2_1_basamak.007
23:07:17 | INFO: Primitives created: 1
23:07:17 | INFO: Extracting primitive: M2_K2_1_basamak.008
23:07:17 | INFO: Primitives created: 1
23:07:17 | INFO: Extracting primitive: M2_K2_1_beyaz_altyapi
23:07:17 | INFO: Primitives created: 1
23:07:17 | INFO: Extracting primitive: M2_K2_1_korkuluk_ayak
23:07:17 | INFO: Primitives created: 1
23:07:17 | INFO: Extracting primitive: M2_K2_1_korkuluk_ayak.001
23:07:17 | INFO: Primitives created: 1
23:07:17 | INFO: Extracting primitive: M2_K2_1_korkuluk_ayak.004
23:07:17 | INFO: Primitives created: 1
23:07:17 | INFO: Extracting primitive: M2_K2_1_korkuluk_cerceve
23:07:17 | INFO: Primitives created: 1
23:07:17 | INFO: Extracting primitive: M2_K2_1_korkuluk_cerceve.001
23:07:17 | INFO: Primitives created: 1
23:07:17 | INFO: Extracting primitive: M2_K2_1_korkuluk_dikme
23:07:17 | INFO: Primitives created: 1
23:07:17 | INFO: Extracting primitive: M2_K2_1_korkuluk_dikme.001
23:07:17 | INFO: Primitives created: 1
23:07:17 | INFO: Extracting primitive: M2_K2_1_korkuluk_dikme.004
23:07:17 | INFO: Primitives created: 1
23:07:17 | INFO: Extracting primitive: M2_K2_1_korkuluk_kupeste
23:07:17 | INFO: Primitives created: 1
23:07:17 | INFO: Extracting primitive: M2_K2_1_riht
23:07:17 | INFO: Primitives created: 1
23:07:17 | INFO: Extracting primitive: M2_K2_1_riht.001
23:07:17 | INFO: Primitives created: 1
23:07:17 | INFO: Extracting primitive: M2_K2_1_riht.002
23:07:17 | INFO: Primitives created: 1
23:07:17 | INFO: Extracting primitive: M2_K2_1_riht.003
23:07:17 | INFO: Primitives created: 1
23:07:17 | INFO: Extracting primitive: M2_K2_1_riht.004
23:07:17 | INFO: Primitives created: 1
23:07:17 | INFO: Extracting primitive: M2_K2_1_riht.005
23:07:17 | INFO: Primitives created: 1
23:07:17 | INFO: Extracting primitive: M2_K2_1_riht.006
23:07:17 | INFO: Primitives created: 1
23:07:17 | INFO: Extracting primitive: M2_K2_1_riht.007
23:07:17 | INFO: Primitives created: 1
23:07:17 | INFO: Extracting primitive: M2_K2_1_riht.008
23:07:17 | INFO: Primitives created: 1
23:07:17 | INFO: Extracting primitive: M2_K2_bosluk_korkuluk_0_ayak
23:07:17 | INFO: Primitives created: 1
23:07:17 | INFO: Extracting primitive: M2_K2_bosluk_korkuluk_0_ayak.001
23:07:17 | INFO: Primitives created: 1
23:07:17 | INFO: Extracting primitive: M2_K2_bosluk_korkuluk_0_cerceve
23:07:17 | INFO: Primitives created: 1
23:07:17 | INFO: Extracting primitive: M2_K2_bosluk_korkuluk_0_cerceve.001
23:07:17 | INFO: Primitives created: 1
23:07:17 | INFO: Extracting primitive: M2_K2_bosluk_korkuluk_0_dikme
23:07:17 | INFO: Primitives created: 1
23:07:17 | INFO: Extracting primitive: M2_K2_bosluk_korkuluk_0_dikme.001
23:07:17 | INFO: Primitives created: 1
23:07:17 | INFO: Extracting primitive: M2_K2_bosluk_korkuluk_0_kupeste
23:07:17 | INFO: Primitives created: 1
23:07:17 | INFO: Extracting primitive: M2_K2_sahanlik
23:07:17 | INFO: Primitives created: 1
23:07:17 | INFO: Extracting primitive: M2_K2_sahanlik_alti
23:07:17 | INFO: Primitives created: 1
23:07:17 | INFO: Extracting primitive: M3_01_dik_profil.012
23:07:17 | INFO: Primitives created: 1
23:07:17 | INFO: Extracting primitive: M3_01_dik_profil.013
23:07:17 | INFO: Primitives created: 1
23:07:17 | INFO: Extracting primitive: M3_01_dik_profil.014
23:07:17 | INFO: Primitives created: 1
23:07:17 | INFO: Extracting primitive: M3_01_dik_profil.015
23:07:17 | INFO: Primitives created: 1
23:07:17 | INFO: Extracting primitive: M3_01_dik_profil.016
23:07:17 | INFO: Primitives created: 1
23:07:17 | INFO: Extracting primitive: M3_01_dik_profil.017
23:07:17 | INFO: Primitives created: 1
23:07:17 | INFO: Extracting primitive: M3_01_dik_profil.018
23:07:17 | INFO: Primitives created: 1
23:07:17 | INFO: Extracting primitive: M3_01_dik_profil.019
23:07:17 | INFO: Primitives created: 1
23:07:17 | INFO: Extracting primitive: M3_01_dik_profil.020
23:07:17 | INFO: Primitives created: 1
23:07:17 | INFO: Extracting primitive: M3_01_dik_profil.021
23:07:17 | INFO: Primitives created: 1
23:07:17 | INFO: Extracting primitive: M3_01_dik_profil.022
23:07:17 | INFO: Primitives created: 1
23:07:17 | INFO: Extracting primitive: M3_01_dik_profil.023
23:07:17 | INFO: Primitives created: 1
23:07:17 | INFO: Extracting primitive: M3_01_esik_doseme.001
23:07:17 | INFO: Primitives created: 1
23:07:17 | INFO: Extracting primitive: M3_01_gobek.006
23:07:17 | INFO: Primitives created: 1
23:07:17 | INFO: Extracting primitive: M3_01_gobek.007
23:07:17 | INFO: Primitives created: 1
23:07:17 | INFO: Extracting primitive: M3_01_gobek.008
23:07:17 | INFO: Primitives created: 1
23:07:17 | INFO: Extracting primitive: M3_01_gobek.009
23:07:17 | INFO: Primitives created: 1
23:07:17 | INFO: Extracting primitive: M3_01_gobek.010
23:07:17 | INFO: Primitives created: 1
23:07:17 | INFO: Extracting primitive: M3_01_gobek.011
23:07:17 | INFO: Primitives created: 1
23:07:17 | INFO: Extracting primitive: M3_01_kanat.001
23:07:17 | INFO: Primitives created: 1
23:07:17 | INFO: Extracting primitive: M3_01_kasa.002
23:07:17 | INFO: Primitives created: 1
23:07:17 | INFO: Extracting primitive: M3_01_kasa.003
23:07:17 | INFO: Primitives created: 1
23:07:17 | INFO: Extracting primitive: M3_01_kulp
23:07:17 | INFO: Primitives created: 1
23:07:17 | INFO: Extracting primitive: M3_01_kulp.001
23:07:17 | INFO: Primitives created: 1
23:07:17 | INFO: Extracting primitive: M3_01_mentese
23:07:17 | INFO: Primitives created: 1
23:07:17 | INFO: Extracting primitive: M3_01_mentese.001
23:07:17 | INFO: Primitives created: 1
23:07:17 | INFO: Extracting primitive: M3_01_mentese.002
23:07:17 | INFO: Primitives created: 1
23:07:17 | INFO: Extracting primitive: M3_01_pervaz.004
23:07:17 | INFO: Primitives created: 1
23:07:17 | INFO: Extracting primitive: M3_01_pervaz.005
23:07:17 | INFO: Primitives created: 1
23:07:17 | INFO: Extracting primitive: M3_01_pervaz.006
23:07:17 | INFO: Primitives created: 1
23:07:17 | INFO: Extracting primitive: M3_01_pervaz.007
23:07:17 | INFO: Primitives created: 1
23:07:17 | INFO: Extracting primitive: M3_01_ust_kasa.001
23:07:17 | INFO: Primitives created: 1
23:07:17 | INFO: Extracting primitive: M3_01_ust_pervaz.002
23:07:17 | INFO: Primitives created: 1
23:07:17 | INFO: Extracting primitive: M3_01_ust_pervaz.003
23:07:17 | INFO: Primitives created: 1
23:07:17 | INFO: Extracting primitive: M3_01_yatay_profil.012
23:07:17 | INFO: Primitives created: 1
23:07:17 | INFO: Extracting primitive: M3_01_yatay_profil.013
23:07:17 | INFO: Primitives created: 1
23:07:17 | INFO: Extracting primitive: M3_01_yatay_profil.014
23:07:17 | INFO: Primitives created: 1
23:07:17 | INFO: Extracting primitive: M3_01_yatay_profil.015
23:07:17 | INFO: Primitives created: 1
23:07:17 | INFO: Extracting primitive: M3_01_yatay_profil.016
23:07:18 | INFO: Primitives created: 1
23:07:18 | INFO: Extracting primitive: M3_01_yatay_profil.017
23:07:18 | INFO: Primitives created: 1
23:07:18 | INFO: Extracting primitive: M3_01_yatay_profil.018
23:07:18 | INFO: Primitives created: 1
23:07:18 | INFO: Extracting primitive: M3_01_yatay_profil.019
23:07:18 | INFO: Primitives created: 1
23:07:18 | INFO: Extracting primitive: M3_01_yatay_profil.020
23:07:18 | INFO: Primitives created: 1
23:07:18 | INFO: Extracting primitive: M3_01_yatay_profil.021
23:07:18 | INFO: Primitives created: 1
23:07:18 | INFO: Extracting primitive: M3_01_yatay_profil.022
23:07:18 | INFO: Primitives created: 1
23:07:18 | INFO: Extracting primitive: M3_01_yatay_profil.023
23:07:18 | INFO: Primitives created: 1
23:07:18 | INFO: Extracting primitive: M3_02_dik_profil.024
23:07:18 | INFO: Primitives created: 1
23:07:18 | INFO: Extracting primitive: M3_02_dik_profil.025
23:07:18 | INFO: Primitives created: 1
23:07:18 | INFO: Extracting primitive: M3_02_dik_profil.026
23:07:18 | INFO: Primitives created: 1
23:07:18 | INFO: Extracting primitive: M3_02_dik_profil.027
23:07:18 | INFO: Primitives created: 1
23:07:18 | INFO: Extracting primitive: M3_02_dik_profil.028
23:07:18 | INFO: Primitives created: 1
23:07:18 | INFO: Extracting primitive: M3_02_dik_profil.029
23:07:18 | INFO: Primitives created: 1
23:07:18 | INFO: Extracting primitive: M3_02_dik_profil.030
23:07:18 | INFO: Primitives created: 1
23:07:18 | INFO: Extracting primitive: M3_02_dik_profil.031
23:07:18 | INFO: Primitives created: 1
23:07:18 | INFO: Extracting primitive: M3_02_dik_profil.032
23:07:18 | INFO: Primitives created: 1
23:07:18 | INFO: Extracting primitive: M3_02_dik_profil.033
23:07:18 | INFO: Primitives created: 1
23:07:18 | INFO: Extracting primitive: M3_02_dik_profil.034
23:07:18 | INFO: Primitives created: 1
23:07:18 | INFO: Extracting primitive: M3_02_dik_profil.035
23:07:18 | INFO: Primitives created: 1
23:07:18 | INFO: Extracting primitive: M3_02_dik_profil.036
23:07:18 | INFO: Primitives created: 1
23:07:18 | INFO: Extracting primitive: M3_02_dik_profil.037
23:07:18 | INFO: Primitives created: 1
23:07:18 | INFO: Extracting primitive: M3_02_dik_profil.038
23:07:18 | INFO: Primitives created: 1
23:07:18 | INFO: Extracting primitive: M3_02_dik_profil.039
23:07:18 | INFO: Primitives created: 1
23:07:18 | INFO: Extracting primitive: M3_02_dik_profil.040
23:07:18 | INFO: Primitives created: 1
23:07:18 | INFO: Extracting primitive: M3_02_dik_profil.041
23:07:18 | INFO: Primitives created: 1
23:07:18 | INFO: Extracting primitive: M3_02_dik_profil.042
23:07:18 | INFO: Primitives created: 1
23:07:18 | INFO: Extracting primitive: M3_02_dik_profil.043
23:07:18 | INFO: Primitives created: 1
23:07:18 | INFO: Extracting primitive: M3_02_dik_profil.044
23:07:18 | INFO: Primitives created: 1
23:07:18 | INFO: Extracting primitive: M3_02_dik_profil.045
23:07:18 | INFO: Primitives created: 1
23:07:18 | INFO: Extracting primitive: M3_02_dik_profil.046
23:07:18 | INFO: Primitives created: 1
23:07:18 | INFO: Extracting primitive: M3_02_dik_profil.047
23:07:18 | INFO: Primitives created: 1
23:07:18 | INFO: Extracting primitive: M3_02_esik_doseme.001
23:07:18 | INFO: Primitives created: 1
23:07:18 | INFO: Extracting primitive: M3_02_gobek.012
23:07:18 | INFO: Primitives created: 1
23:07:18 | INFO: Extracting primitive: M3_02_gobek.013
23:07:18 | INFO: Primitives created: 1
23:07:18 | INFO: Extracting primitive: M3_02_gobek.014
23:07:18 | INFO: Primitives created: 1
23:07:18 | INFO: Extracting primitive: M3_02_gobek.015
23:07:18 | INFO: Primitives created: 1
23:07:18 | INFO: Extracting primitive: M3_02_gobek.016
23:07:18 | INFO: Primitives created: 1
23:07:18 | INFO: Extracting primitive: M3_02_gobek.017
23:07:18 | INFO: Primitives created: 1
23:07:18 | INFO: Extracting primitive: M3_02_gobek.018
23:07:18 | INFO: Primitives created: 1
23:07:18 | INFO: Extracting primitive: M3_02_gobek.019
23:07:18 | INFO: Primitives created: 1
23:07:18 | INFO: Extracting primitive: M3_02_gobek.020
23:07:18 | INFO: Primitives created: 1
23:07:18 | INFO: Extracting primitive: M3_02_gobek.021
23:07:18 | INFO: Primitives created: 1
23:07:18 | INFO: Extracting primitive: M3_02_gobek.022
23:07:18 | INFO: Primitives created: 1
23:07:18 | INFO: Extracting primitive: M3_02_gobek.023
23:07:18 | INFO: Primitives created: 1
23:07:18 | INFO: Extracting primitive: M3_02_kanat.001
23:07:18 | INFO: Primitives created: 1
23:07:18 | INFO: Extracting primitive: M3_02_kasa.002
23:07:18 | INFO: Primitives created: 1
23:07:18 | INFO: Extracting primitive: M3_02_kasa.003
23:07:18 | INFO: Primitives created: 1
23:07:18 | INFO: Extracting primitive: M3_02_mentese
23:07:18 | INFO: Primitives created: 1
23:07:18 | INFO: Extracting primitive: M3_02_mentese.001
23:07:18 | INFO: Primitives created: 1
23:07:18 | INFO: Extracting primitive: M3_02_mentese.002
23:07:18 | INFO: Primitives created: 1
23:07:18 | INFO: Extracting primitive: M3_02_pervaz.004
23:07:18 | INFO: Primitives created: 1
23:07:18 | INFO: Extracting primitive: M3_02_pervaz.005
23:07:18 | INFO: Primitives created: 1
23:07:18 | INFO: Extracting primitive: M3_02_pervaz.006
23:07:18 | INFO: Primitives created: 1
23:07:18 | INFO: Extracting primitive: M3_02_pervaz.007
23:07:18 | INFO: Primitives created: 1
23:07:18 | INFO: Extracting primitive: Sphere.009
23:07:18 | INFO: Primitives created: 1
23:07:18 | INFO: Extracting primitive: Sphere.010
23:07:18 | INFO: Primitives created: 1
23:07:18 | INFO: Extracting primitive: M3_02_topuz_mili
23:07:18 | INFO: Primitives created: 1
23:07:18 | INFO: Extracting primitive: M3_02_topuz_mili.001
23:07:18 | INFO: Primitives created: 1
23:07:18 | INFO: Extracting primitive: M3_02_ust_kasa.001
23:07:18 | INFO: Primitives created: 1
23:07:18 | INFO: Extracting primitive: M3_02_ust_pervaz.002
23:07:18 | INFO: Primitives created: 1
23:07:18 | INFO: Extracting primitive: M3_02_ust_pervaz.003
23:07:18 | INFO: Primitives created: 1
23:07:18 | INFO: Extracting primitive: M3_02_yatay_profil.024
23:07:18 | INFO: Primitives created: 1
23:07:18 | INFO: Extracting primitive: M3_02_yatay_profil.025
23:07:18 | INFO: Primitives created: 1
23:07:18 | INFO: Extracting primitive: M3_02_yatay_profil.026
23:07:18 | INFO: Primitives created: 1
23:07:18 | INFO: Extracting primitive: M3_02_yatay_profil.027
23:07:18 | INFO: Primitives created: 1
23:07:18 | INFO: Extracting primitive: M3_02_yatay_profil.028
23:07:18 | INFO: Primitives created: 1
23:07:18 | INFO: Extracting primitive: M3_02_yatay_profil.029
23:07:18 | INFO: Primitives created: 1
23:07:18 | INFO: Extracting primitive: M3_02_yatay_profil.030
23:07:18 | INFO: Primitives created: 1
23:07:18 | INFO: Extracting primitive: M3_02_yatay_profil.031
23:07:18 | INFO: Primitives created: 1
23:07:18 | INFO: Extracting primitive: M3_02_yatay_profil.032
23:07:18 | INFO: Primitives created: 1
23:07:18 | INFO: Extracting primitive: M3_02_yatay_profil.033
23:07:18 | INFO: Primitives created: 1
23:07:18 | INFO: Extracting primitive: M3_02_yatay_profil.034
23:07:18 | INFO: Primitives created: 1
23:07:18 | INFO: Extracting primitive: M3_02_yatay_profil.035
23:07:18 | INFO: Primitives created: 1
23:07:18 | INFO: Extracting primitive: M3_02_yatay_profil.036
23:07:18 | INFO: Primitives created: 1
23:07:18 | INFO: Extracting primitive: M3_02_yatay_profil.037
23:07:18 | INFO: Primitives created: 1
23:07:18 | INFO: Extracting primitive: M3_02_yatay_profil.038
23:07:18 | INFO: Primitives created: 1
23:07:18 | INFO: Extracting primitive: M3_02_yatay_profil.039
23:07:18 | INFO: Primitives created: 1
23:07:18 | INFO: Extracting primitive: M3_02_yatay_profil.040
23:07:18 | INFO: Primitives created: 1
23:07:18 | INFO: Extracting primitive: M3_02_yatay_profil.041
23:07:18 | INFO: Primitives created: 1
23:07:18 | INFO: Extracting primitive: M3_02_yatay_profil.042
23:07:18 | INFO: Primitives created: 1
23:07:18 | INFO: Extracting primitive: M3_02_yatay_profil.043
23:07:18 | INFO: Primitives created: 1
23:07:18 | INFO: Extracting primitive: M3_02_yatay_profil.044
23:07:18 | INFO: Primitives created: 1
23:07:18 | INFO: Extracting primitive: M3_02_yatay_profil.045
23:07:18 | INFO: Primitives created: 1
23:07:18 | INFO: Extracting primitive: M3_02_yatay_profil.046
23:07:18 | INFO: Primitives created: 1
23:07:18 | INFO: Extracting primitive: M3_02_yatay_profil.047
23:07:18 | INFO: Primitives created: 1
23:07:18 | INFO: Extracting primitive: M3_03_dik_profil.024
23:07:18 | INFO: Primitives created: 1
23:07:18 | INFO: Extracting primitive: M3_03_dik_profil.025
23:07:18 | INFO: Primitives created: 1
23:07:18 | INFO: Extracting primitive: M3_03_dik_profil.026
23:07:18 | INFO: Primitives created: 1
23:07:18 | INFO: Extracting primitive: M3_03_dik_profil.027
23:07:18 | INFO: Primitives created: 1
23:07:18 | INFO: Extracting primitive: M3_03_dik_profil.028
23:07:18 | INFO: Primitives created: 1
23:07:18 | INFO: Extracting primitive: M3_03_dik_profil.029
23:07:18 | INFO: Primitives created: 1
23:07:18 | INFO: Extracting primitive: M3_03_dik_profil.030
23:07:18 | INFO: Primitives created: 1
23:07:18 | INFO: Extracting primitive: M3_03_dik_profil.031
23:07:18 | INFO: Primitives created: 1
23:07:18 | INFO: Extracting primitive: M3_03_dik_profil.032
23:07:18 | INFO: Primitives created: 1
23:07:18 | INFO: Extracting primitive: M3_03_dik_profil.033
23:07:18 | INFO: Primitives created: 1
23:07:18 | INFO: Extracting primitive: M3_03_dik_profil.034
23:07:18 | INFO: Primitives created: 1
23:07:18 | INFO: Extracting primitive: M3_03_dik_profil.035
23:07:18 | INFO: Primitives created: 1
23:07:18 | INFO: Extracting primitive: M3_03_dik_profil.036
23:07:18 | INFO: Primitives created: 1
23:07:18 | INFO: Extracting primitive: M3_03_dik_profil.037
23:07:18 | INFO: Primitives created: 1
23:07:18 | INFO: Extracting primitive: M3_03_dik_profil.038
23:07:18 | INFO: Primitives created: 1
23:07:18 | INFO: Extracting primitive: M3_03_dik_profil.039
23:07:18 | INFO: Primitives created: 1
23:07:18 | INFO: Extracting primitive: M3_03_dik_profil.040
23:07:18 | INFO: Primitives created: 1
23:07:18 | INFO: Extracting primitive: M3_03_dik_profil.041
23:07:18 | INFO: Primitives created: 1
23:07:18 | INFO: Extracting primitive: M3_03_dik_profil.042
23:07:18 | INFO: Primitives created: 1
23:07:18 | INFO: Extracting primitive: M3_03_dik_profil.043
23:07:18 | INFO: Primitives created: 1
23:07:18 | INFO: Extracting primitive: M3_03_dik_profil.044
23:07:18 | INFO: Primitives created: 1
23:07:18 | INFO: Extracting primitive: M3_03_dik_profil.045
23:07:18 | INFO: Primitives created: 1
23:07:18 | INFO: Extracting primitive: M3_03_dik_profil.046
23:07:18 | INFO: Primitives created: 1
23:07:18 | INFO: Extracting primitive: M3_03_dik_profil.047
23:07:18 | INFO: Primitives created: 1
23:07:18 | INFO: Extracting primitive: M3_03_esik_doseme.001
23:07:18 | INFO: Primitives created: 1
23:07:18 | INFO: Extracting primitive: M3_03_gobek.012
23:07:18 | INFO: Primitives created: 1
23:07:18 | INFO: Extracting primitive: M3_03_gobek.013
23:07:18 | INFO: Primitives created: 1
23:07:18 | INFO: Extracting primitive: M3_03_gobek.014
23:07:18 | INFO: Primitives created: 1
23:07:18 | INFO: Extracting primitive: M3_03_gobek.015
23:07:18 | INFO: Primitives created: 1
23:07:18 | INFO: Extracting primitive: M3_03_gobek.016
23:07:18 | INFO: Primitives created: 1
23:07:18 | INFO: Extracting primitive: M3_03_gobek.017
23:07:18 | INFO: Primitives created: 1
23:07:18 | INFO: Extracting primitive: M3_03_gobek.018
23:07:18 | INFO: Primitives created: 1
23:07:18 | INFO: Extracting primitive: M3_03_gobek.019
23:07:18 | INFO: Primitives created: 1
23:07:18 | INFO: Extracting primitive: M3_03_gobek.020
23:07:18 | INFO: Primitives created: 1
23:07:18 | INFO: Extracting primitive: M3_03_gobek.021
23:07:18 | INFO: Primitives created: 1
23:07:18 | INFO: Extracting primitive: M3_03_gobek.022
23:07:18 | INFO: Primitives created: 1
23:07:18 | INFO: Extracting primitive: M3_03_gobek.023
23:07:18 | INFO: Primitives created: 1
23:07:18 | INFO: Extracting primitive: M3_03_kanat.001
23:07:18 | INFO: Primitives created: 1
23:07:18 | INFO: Extracting primitive: M3_03_kasa.002
23:07:18 | INFO: Primitives created: 1
23:07:18 | INFO: Extracting primitive: M3_03_kasa.003
23:07:18 | INFO: Primitives created: 1
23:07:18 | INFO: Extracting primitive: M3_03_mentese
23:07:18 | INFO: Primitives created: 1
23:07:18 | INFO: Extracting primitive: M3_03_mentese.001
23:07:18 | INFO: Primitives created: 1
23:07:18 | INFO: Extracting primitive: M3_03_mentese.002
23:07:18 | INFO: Primitives created: 1
23:07:18 | INFO: Extracting primitive: M3_03_pervaz.004
23:07:18 | INFO: Primitives created: 1
23:07:18 | INFO: Extracting primitive: M3_03_pervaz.005
23:07:18 | INFO: Primitives created: 1
23:07:18 | INFO: Extracting primitive: M3_03_pervaz.006
23:07:18 | INFO: Primitives created: 1
23:07:18 | INFO: Extracting primitive: M3_03_pervaz.007
23:07:18 | INFO: Primitives created: 1
23:07:18 | INFO: Extracting primitive: Sphere.011
23:07:18 | INFO: Primitives created: 1
23:07:18 | INFO: Extracting primitive: Sphere.012
23:07:18 | INFO: Primitives created: 1
23:07:18 | INFO: Extracting primitive: M3_03_topuz_mili
23:07:18 | INFO: Primitives created: 1
23:07:18 | INFO: Extracting primitive: M3_03_topuz_mili.001
23:07:18 | INFO: Primitives created: 1
23:07:18 | INFO: Extracting primitive: M3_03_ust_kasa.001
23:07:18 | INFO: Primitives created: 1
23:07:18 | INFO: Extracting primitive: M3_03_ust_pervaz.002
23:07:18 | INFO: Primitives created: 1
23:07:18 | INFO: Extracting primitive: M3_03_ust_pervaz.003
23:07:18 | INFO: Primitives created: 1
23:07:18 | INFO: Extracting primitive: M3_03_yatay_profil.024
23:07:18 | INFO: Primitives created: 1
23:07:18 | INFO: Extracting primitive: M3_03_yatay_profil.025
23:07:18 | INFO: Primitives created: 1
23:07:18 | INFO: Extracting primitive: M3_03_yatay_profil.026
23:07:18 | INFO: Primitives created: 1
23:07:18 | INFO: Extracting primitive: M3_03_yatay_profil.027
23:07:18 | INFO: Primitives created: 1
23:07:18 | INFO: Extracting primitive: M3_03_yatay_profil.028
23:07:18 | INFO: Primitives created: 1
23:07:18 | INFO: Extracting primitive: M3_03_yatay_profil.029
23:07:18 | INFO: Primitives created: 1
23:07:18 | INFO: Extracting primitive: M3_03_yatay_profil.030
23:07:18 | INFO: Primitives created: 1
23:07:18 | INFO: Extracting primitive: M3_03_yatay_profil.031
23:07:18 | INFO: Primitives created: 1
23:07:18 | INFO: Extracting primitive: M3_03_yatay_profil.032
23:07:18 | INFO: Primitives created: 1
23:07:18 | INFO: Extracting primitive: M3_03_yatay_profil.033
23:07:18 | INFO: Primitives created: 1
23:07:18 | INFO: Extracting primitive: M3_03_yatay_profil.034
23:07:18 | INFO: Primitives created: 1
23:07:18 | INFO: Extracting primitive: M3_03_yatay_profil.035
23:07:18 | INFO: Primitives created: 1
23:07:18 | INFO: Extracting primitive: M3_03_yatay_profil.036
23:07:18 | INFO: Primitives created: 1
23:07:18 | INFO: Extracting primitive: M3_03_yatay_profil.037
23:07:18 | INFO: Primitives created: 1
23:07:18 | INFO: Extracting primitive: M3_03_yatay_profil.038
23:07:18 | INFO: Primitives created: 1
23:07:18 | INFO: Extracting primitive: M3_03_yatay_profil.039
23:07:18 | INFO: Primitives created: 1
23:07:18 | INFO: Extracting primitive: M3_03_yatay_profil.040
23:07:18 | INFO: Primitives created: 1
23:07:18 | INFO: Extracting primitive: M3_03_yatay_profil.041
23:07:18 | INFO: Primitives created: 1
23:07:18 | INFO: Extracting primitive: M3_03_yatay_profil.042
23:07:18 | INFO: Primitives created: 1
23:07:18 | INFO: Extracting primitive: M3_03_yatay_profil.043
23:07:18 | INFO: Primitives created: 1
23:07:18 | INFO: Extracting primitive: M3_03_yatay_profil.044
23:07:18 | INFO: Primitives created: 1
23:07:18 | INFO: Extracting primitive: M3_03_yatay_profil.045
23:07:18 | INFO: Primitives created: 1
23:07:18 | INFO: Extracting primitive: M3_03_yatay_profil.046
23:07:18 | INFO: Primitives created: 1
23:07:18 | INFO: Extracting primitive: M3_03_yatay_profil.047
23:07:18 | INFO: Primitives created: 1
23:07:18 | INFO: Extracting primitive: M3_04_dik_profil.024
23:07:18 | INFO: Primitives created: 1
23:07:18 | INFO: Extracting primitive: M3_04_dik_profil.025
23:07:18 | INFO: Primitives created: 1
23:07:18 | INFO: Extracting primitive: M3_04_dik_profil.026
23:07:18 | INFO: Primitives created: 1
23:07:18 | INFO: Extracting primitive: M3_04_dik_profil.027
23:07:18 | INFO: Primitives created: 1
23:07:18 | INFO: Extracting primitive: M3_04_dik_profil.028
23:07:18 | INFO: Primitives created: 1
23:07:18 | INFO: Extracting primitive: M3_04_dik_profil.029
23:07:18 | INFO: Primitives created: 1
23:07:18 | INFO: Extracting primitive: M3_04_dik_profil.030
23:07:18 | INFO: Primitives created: 1
23:07:18 | INFO: Extracting primitive: M3_04_dik_profil.031
23:07:18 | INFO: Primitives created: 1
23:07:18 | INFO: Extracting primitive: M3_04_dik_profil.032
23:07:18 | INFO: Primitives created: 1
23:07:18 | INFO: Extracting primitive: M3_04_dik_profil.033
23:07:18 | INFO: Primitives created: 1
23:07:18 | INFO: Extracting primitive: M3_04_dik_profil.034
23:07:18 | INFO: Primitives created: 1
23:07:18 | INFO: Extracting primitive: M3_04_dik_profil.035
23:07:18 | INFO: Primitives created: 1
23:07:18 | INFO: Extracting primitive: M3_04_dik_profil.036
23:07:18 | INFO: Primitives created: 1
23:07:18 | INFO: Extracting primitive: M3_04_dik_profil.037
23:07:18 | INFO: Primitives created: 1
23:07:18 | INFO: Extracting primitive: M3_04_dik_profil.038
23:07:18 | INFO: Primitives created: 1
23:07:18 | INFO: Extracting primitive: M3_04_dik_profil.039
23:07:18 | INFO: Primitives created: 1
23:07:18 | INFO: Extracting primitive: M3_04_dik_profil.040
23:07:18 | INFO: Primitives created: 1
23:07:18 | INFO: Extracting primitive: M3_04_dik_profil.041
23:07:18 | INFO: Primitives created: 1
23:07:18 | INFO: Extracting primitive: M3_04_dik_profil.042
23:07:18 | INFO: Primitives created: 1
23:07:18 | INFO: Extracting primitive: M3_04_dik_profil.043
23:07:18 | INFO: Primitives created: 1
23:07:18 | INFO: Extracting primitive: M3_04_dik_profil.044
23:07:18 | INFO: Primitives created: 1
23:07:18 | INFO: Extracting primitive: M3_04_dik_profil.045
23:07:18 | INFO: Primitives created: 1
23:07:18 | INFO: Extracting primitive: M3_04_dik_profil.046
23:07:18 | INFO: Primitives created: 1
23:07:18 | INFO: Extracting primitive: M3_04_dik_profil.047
23:07:18 | INFO: Primitives created: 1
23:07:18 | INFO: Extracting primitive: M3_04_esik_doseme.001
23:07:18 | INFO: Primitives created: 1
23:07:18 | INFO: Extracting primitive: M3_04_gobek.012
23:07:18 | INFO: Primitives created: 1
23:07:18 | INFO: Extracting primitive: M3_04_gobek.013
23:07:18 | INFO: Primitives created: 1
23:07:18 | INFO: Extracting primitive: M3_04_gobek.014
23:07:18 | INFO: Primitives created: 1
23:07:18 | INFO: Extracting primitive: M3_04_gobek.015
23:07:18 | INFO: Primitives created: 1
23:07:18 | INFO: Extracting primitive: M3_04_gobek.016
23:07:18 | INFO: Primitives created: 1
23:07:18 | INFO: Extracting primitive: M3_04_gobek.017
23:07:18 | INFO: Primitives created: 1
23:07:18 | INFO: Extracting primitive: M3_04_gobek.018
23:07:18 | INFO: Primitives created: 1
23:07:18 | INFO: Extracting primitive: M3_04_gobek.019
23:07:18 | INFO: Primitives created: 1
23:07:18 | INFO: Extracting primitive: M3_04_gobek.020
23:07:18 | INFO: Primitives created: 1
23:07:18 | INFO: Extracting primitive: M3_04_gobek.021
23:07:18 | INFO: Primitives created: 1
23:07:18 | INFO: Extracting primitive: M3_04_gobek.022
23:07:18 | INFO: Primitives created: 1
23:07:18 | INFO: Extracting primitive: M3_04_gobek.023
23:07:18 | INFO: Primitives created: 1
23:07:18 | INFO: Extracting primitive: M3_04_kanat.001
23:07:18 | INFO: Primitives created: 1
23:07:18 | INFO: Extracting primitive: M3_04_kasa.002
23:07:18 | INFO: Primitives created: 1
23:07:18 | INFO: Extracting primitive: M3_04_kasa.003
23:07:18 | INFO: Primitives created: 1
23:07:18 | INFO: Extracting primitive: M3_04_mentese
23:07:18 | INFO: Primitives created: 1
23:07:18 | INFO: Extracting primitive: M3_04_mentese.001
23:07:18 | INFO: Primitives created: 1
23:07:18 | INFO: Extracting primitive: M3_04_mentese.002
23:07:18 | INFO: Primitives created: 1
23:07:18 | INFO: Extracting primitive: M3_04_pervaz.004
23:07:18 | INFO: Primitives created: 1
23:07:18 | INFO: Extracting primitive: M3_04_pervaz.005
23:07:18 | INFO: Primitives created: 1
23:07:18 | INFO: Extracting primitive: M3_04_pervaz.006
23:07:18 | INFO: Primitives created: 1
23:07:18 | INFO: Extracting primitive: M3_04_pervaz.007
23:07:18 | INFO: Primitives created: 1
23:07:18 | INFO: Extracting primitive: Sphere.013
23:07:18 | INFO: Primitives created: 1
23:07:18 | INFO: Extracting primitive: Sphere.014
23:07:18 | INFO: Primitives created: 1
23:07:18 | INFO: Extracting primitive: M3_04_topuz_mili
23:07:18 | INFO: Primitives created: 1
23:07:18 | INFO: Extracting primitive: M3_04_topuz_mili.001
23:07:18 | INFO: Primitives created: 1
23:07:18 | INFO: Extracting primitive: M3_04_ust_kasa.001
23:07:18 | INFO: Primitives created: 1
23:07:18 | INFO: Extracting primitive: M3_04_ust_pervaz.002
23:07:18 | INFO: Primitives created: 1
23:07:18 | INFO: Extracting primitive: M3_04_ust_pervaz.003
23:07:18 | INFO: Primitives created: 1
23:07:18 | INFO: Extracting primitive: M3_04_yatay_profil.024
23:07:18 | INFO: Primitives created: 1
23:07:18 | INFO: Extracting primitive: M3_04_yatay_profil.025
23:07:18 | INFO: Primitives created: 1
23:07:18 | INFO: Extracting primitive: M3_04_yatay_profil.026
23:07:18 | INFO: Primitives created: 1
23:07:18 | INFO: Extracting primitive: M3_04_yatay_profil.027
23:07:18 | INFO: Primitives created: 1
23:07:18 | INFO: Extracting primitive: M3_04_yatay_profil.028
23:07:18 | INFO: Primitives created: 1
23:07:18 | INFO: Extracting primitive: M3_04_yatay_profil.029
23:07:18 | INFO: Primitives created: 1
23:07:18 | INFO: Extracting primitive: M3_04_yatay_profil.030
23:07:18 | INFO: Primitives created: 1
23:07:18 | INFO: Extracting primitive: M3_04_yatay_profil.031
23:07:18 | INFO: Primitives created: 1
23:07:18 | INFO: Extracting primitive: M3_04_yatay_profil.032
23:07:18 | INFO: Primitives created: 1
23:07:18 | INFO: Extracting primitive: M3_04_yatay_profil.033
23:07:18 | INFO: Primitives created: 1
23:07:18 | INFO: Extracting primitive: M3_04_yatay_profil.034
23:07:18 | INFO: Primitives created: 1
23:07:18 | INFO: Extracting primitive: M3_04_yatay_profil.035
23:07:18 | INFO: Primitives created: 1
23:07:18 | INFO: Extracting primitive: M3_04_yatay_profil.036
23:07:18 | INFO: Primitives created: 1
23:07:18 | INFO: Extracting primitive: M3_04_yatay_profil.037
23:07:18 | INFO: Primitives created: 1
23:07:18 | INFO: Extracting primitive: M3_04_yatay_profil.038
23:07:18 | INFO: Primitives created: 1
23:07:18 | INFO: Extracting primitive: M3_04_yatay_profil.039
23:07:18 | INFO: Primitives created: 1
23:07:18 | INFO: Extracting primitive: M3_04_yatay_profil.040
23:07:18 | INFO: Primitives created: 1
23:07:18 | INFO: Extracting primitive: M3_04_yatay_profil.041
23:07:18 | INFO: Primitives created: 1
23:07:18 | INFO: Extracting primitive: M3_04_yatay_profil.042
23:07:18 | INFO: Primitives created: 1
23:07:18 | INFO: Extracting primitive: M3_04_yatay_profil.043
23:07:18 | INFO: Primitives created: 1
23:07:18 | INFO: Extracting primitive: M3_04_yatay_profil.044
23:07:18 | INFO: Primitives created: 1
23:07:18 | INFO: Extracting primitive: M3_04_yatay_profil.045
23:07:18 | INFO: Primitives created: 1
23:07:18 | INFO: Extracting primitive: M3_04_yatay_profil.046
23:07:18 | INFO: Primitives created: 1
23:07:18 | INFO: Extracting primitive: M3_04_yatay_profil.047
23:07:18 | INFO: Primitives created: 1
23:07:18 | INFO: Extracting primitive: M3_05_dik_profil.024
23:07:18 | INFO: Primitives created: 1
23:07:18 | INFO: Extracting primitive: M3_05_dik_profil.025
23:07:18 | INFO: Primitives created: 1
23:07:18 | INFO: Extracting primitive: M3_05_dik_profil.026
23:07:18 | INFO: Primitives created: 1
23:07:18 | INFO: Extracting primitive: M3_05_dik_profil.027
23:07:18 | INFO: Primitives created: 1
23:07:18 | INFO: Extracting primitive: M3_05_dik_profil.028
23:07:18 | INFO: Primitives created: 1
23:07:18 | INFO: Extracting primitive: M3_05_dik_profil.029
23:07:18 | INFO: Primitives created: 1
23:07:18 | INFO: Extracting primitive: M3_05_dik_profil.030
23:07:18 | INFO: Primitives created: 1
23:07:18 | INFO: Extracting primitive: M3_05_dik_profil.031
23:07:18 | INFO: Primitives created: 1
23:07:18 | INFO: Extracting primitive: M3_05_dik_profil.032
23:07:18 | INFO: Primitives created: 1
23:07:18 | INFO: Extracting primitive: M3_05_dik_profil.033
23:07:18 | INFO: Primitives created: 1
23:07:18 | INFO: Extracting primitive: M3_05_dik_profil.034
23:07:18 | INFO: Primitives created: 1
23:07:18 | INFO: Extracting primitive: M3_05_dik_profil.035
23:07:18 | INFO: Primitives created: 1
23:07:18 | INFO: Extracting primitive: M3_05_dik_profil.036
23:07:18 | INFO: Primitives created: 1
23:07:18 | INFO: Extracting primitive: M3_05_dik_profil.037
23:07:18 | INFO: Primitives created: 1
23:07:18 | INFO: Extracting primitive: M3_05_dik_profil.038
23:07:18 | INFO: Primitives created: 1
23:07:18 | INFO: Extracting primitive: M3_05_dik_profil.039
23:07:18 | INFO: Primitives created: 1
23:07:18 | INFO: Extracting primitive: M3_05_dik_profil.040
23:07:18 | INFO: Primitives created: 1
23:07:18 | INFO: Extracting primitive: M3_05_dik_profil.041
23:07:18 | INFO: Primitives created: 1
23:07:18 | INFO: Extracting primitive: M3_05_dik_profil.042
23:07:18 | INFO: Primitives created: 1
23:07:18 | INFO: Extracting primitive: M3_05_dik_profil.043
23:07:18 | INFO: Primitives created: 1
23:07:18 | INFO: Extracting primitive: M3_05_dik_profil.044
23:07:18 | INFO: Primitives created: 1
23:07:18 | INFO: Extracting primitive: M3_05_dik_profil.045
23:07:18 | INFO: Primitives created: 1
23:07:18 | INFO: Extracting primitive: M3_05_dik_profil.046
23:07:18 | INFO: Primitives created: 1
23:07:18 | INFO: Extracting primitive: M3_05_dik_profil.047
23:07:18 | INFO: Primitives created: 1
23:07:18 | INFO: Extracting primitive: M3_05_esik_doseme.001
23:07:18 | INFO: Primitives created: 1
23:07:18 | INFO: Extracting primitive: M3_05_gobek.012
23:07:18 | INFO: Primitives created: 1
23:07:18 | INFO: Extracting primitive: M3_05_gobek.013
23:07:18 | INFO: Primitives created: 1
23:07:18 | INFO: Extracting primitive: M3_05_gobek.014
23:07:18 | INFO: Primitives created: 1
23:07:18 | INFO: Extracting primitive: M3_05_gobek.015
23:07:18 | INFO: Primitives created: 1
23:07:18 | INFO: Extracting primitive: M3_05_gobek.016
23:07:18 | INFO: Primitives created: 1
23:07:18 | INFO: Extracting primitive: M3_05_gobek.017
23:07:18 | INFO: Primitives created: 1
23:07:18 | INFO: Extracting primitive: M3_05_gobek.018
23:07:18 | INFO: Primitives created: 1
23:07:18 | INFO: Extracting primitive: M3_05_gobek.019
23:07:18 | INFO: Primitives created: 1
23:07:18 | INFO: Extracting primitive: M3_05_gobek.020
23:07:18 | INFO: Primitives created: 1
23:07:18 | INFO: Extracting primitive: M3_05_gobek.021
23:07:18 | INFO: Primitives created: 1
23:07:18 | INFO: Extracting primitive: M3_05_gobek.022
23:07:18 | INFO: Primitives created: 1
23:07:18 | INFO: Extracting primitive: M3_05_gobek.023
23:07:18 | INFO: Primitives created: 1
23:07:18 | INFO: Extracting primitive: M3_05_kanat.001
23:07:18 | INFO: Primitives created: 1
23:07:18 | INFO: Extracting primitive: M3_05_kasa.002
23:07:18 | INFO: Primitives created: 1
23:07:18 | INFO: Extracting primitive: M3_05_kasa.003
23:07:18 | INFO: Primitives created: 1
23:07:18 | INFO: Extracting primitive: M3_05_kulp
23:07:18 | INFO: Primitives created: 1
23:07:18 | INFO: Extracting primitive: M3_05_kulp.001
23:07:18 | INFO: Primitives created: 1
23:07:18 | INFO: Extracting primitive: M3_05_mentese
23:07:18 | INFO: Primitives created: 1
23:07:18 | INFO: Extracting primitive: M3_05_mentese.001
23:07:18 | INFO: Primitives created: 1
23:07:18 | INFO: Extracting primitive: M3_05_mentese.002
23:07:18 | INFO: Primitives created: 1
23:07:18 | INFO: Extracting primitive: M3_05_pervaz.004
23:07:18 | INFO: Primitives created: 1
23:07:18 | INFO: Extracting primitive: M3_05_pervaz.005
23:07:18 | INFO: Primitives created: 1
23:07:18 | INFO: Extracting primitive: M3_05_pervaz.006
23:07:18 | INFO: Primitives created: 1
23:07:18 | INFO: Extracting primitive: M3_05_pervaz.007
23:07:18 | INFO: Primitives created: 1
23:07:18 | INFO: Extracting primitive: M3_05_ust_kasa.001
23:07:18 | INFO: Primitives created: 1
23:07:18 | INFO: Extracting primitive: M3_05_ust_pervaz.002
23:07:18 | INFO: Primitives created: 1
23:07:18 | INFO: Extracting primitive: M3_05_ust_pervaz.003
23:07:18 | INFO: Primitives created: 1
23:07:18 | INFO: Extracting primitive: M3_05_yatay_profil.024
23:07:18 | INFO: Primitives created: 1
23:07:18 | INFO: Extracting primitive: M3_05_yatay_profil.025
23:07:18 | INFO: Primitives created: 1
23:07:18 | INFO: Extracting primitive: M3_05_yatay_profil.026
23:07:18 | INFO: Primitives created: 1
23:07:18 | INFO: Extracting primitive: M3_05_yatay_profil.027
23:07:18 | INFO: Primitives created: 1
23:07:18 | INFO: Extracting primitive: M3_05_yatay_profil.028
23:07:18 | INFO: Primitives created: 1
23:07:18 | INFO: Extracting primitive: M3_05_yatay_profil.029
23:07:18 | INFO: Primitives created: 1
23:07:18 | INFO: Extracting primitive: M3_05_yatay_profil.030
23:07:18 | INFO: Primitives created: 1
23:07:18 | INFO: Extracting primitive: M3_05_yatay_profil.031
23:07:18 | INFO: Primitives created: 1
23:07:18 | INFO: Extracting primitive: M3_05_yatay_profil.032
23:07:18 | INFO: Primitives created: 1
23:07:18 | INFO: Extracting primitive: M3_05_yatay_profil.033
23:07:18 | INFO: Primitives created: 1
23:07:18 | INFO: Extracting primitive: M3_05_yatay_profil.034
23:07:18 | INFO: Primitives created: 1
23:07:18 | INFO: Extracting primitive: M3_05_yatay_profil.035
23:07:18 | INFO: Primitives created: 1
23:07:18 | INFO: Extracting primitive: M3_05_yatay_profil.036
23:07:18 | INFO: Primitives created: 1
23:07:18 | INFO: Extracting primitive: M3_05_yatay_profil.037
23:07:18 | INFO: Primitives created: 1
23:07:18 | INFO: Extracting primitive: M3_05_yatay_profil.038
23:07:18 | INFO: Primitives created: 1
23:07:18 | INFO: Extracting primitive: M3_05_yatay_profil.039
23:07:18 | INFO: Primitives created: 1
23:07:18 | INFO: Extracting primitive: M3_05_yatay_profil.040
23:07:18 | INFO: Primitives created: 1
23:07:18 | INFO: Extracting primitive: M3_05_yatay_profil.041
23:07:18 | INFO: Primitives created: 1
23:07:18 | INFO: Extracting primitive: M3_05_yatay_profil.042
23:07:18 | INFO: Primitives created: 1
23:07:18 | INFO: Extracting primitive: M3_05_yatay_profil.043
23:07:18 | INFO: Primitives created: 1
23:07:18 | INFO: Extracting primitive: M3_05_yatay_profil.044
23:07:18 | INFO: Primitives created: 1
23:07:18 | INFO: Extracting primitive: M3_05_yatay_profil.045
23:07:18 | INFO: Primitives created: 1
23:07:18 | INFO: Extracting primitive: M3_05_yatay_profil.046
23:07:18 | INFO: Primitives created: 1
23:07:18 | INFO: Extracting primitive: M3_05_yatay_profil.047
23:07:18 | INFO: Primitives created: 1
23:07:18 | INFO: Extracting primitive: M3_06_dik_profil.024
23:07:18 | INFO: Primitives created: 1
23:07:18 | INFO: Extracting primitive: M3_06_dik_profil.025
23:07:18 | INFO: Primitives created: 1
23:07:18 | INFO: Extracting primitive: M3_06_dik_profil.026
23:07:18 | INFO: Primitives created: 1
23:07:18 | INFO: Extracting primitive: M3_06_dik_profil.027
23:07:18 | INFO: Primitives created: 1
23:07:18 | INFO: Extracting primitive: M3_06_dik_profil.028
23:07:18 | INFO: Primitives created: 1
23:07:18 | INFO: Extracting primitive: M3_06_dik_profil.029
23:07:18 | INFO: Primitives created: 1
23:07:18 | INFO: Extracting primitive: M3_06_dik_profil.030
23:07:18 | INFO: Primitives created: 1
23:07:18 | INFO: Extracting primitive: M3_06_dik_profil.031
23:07:18 | INFO: Primitives created: 1
23:07:18 | INFO: Extracting primitive: M3_06_dik_profil.032
23:07:18 | INFO: Primitives created: 1
23:07:18 | INFO: Extracting primitive: M3_06_dik_profil.033
23:07:18 | INFO: Primitives created: 1
23:07:18 | INFO: Extracting primitive: M3_06_dik_profil.034
23:07:18 | INFO: Primitives created: 1
23:07:18 | INFO: Extracting primitive: M3_06_dik_profil.035
23:07:18 | INFO: Primitives created: 1
23:07:18 | INFO: Extracting primitive: M3_06_dik_profil.036
23:07:18 | INFO: Primitives created: 1
23:07:18 | INFO: Extracting primitive: M3_06_dik_profil.037
23:07:18 | INFO: Primitives created: 1
23:07:18 | INFO: Extracting primitive: M3_06_dik_profil.038
23:07:18 | INFO: Primitives created: 1
23:07:18 | INFO: Extracting primitive: M3_06_dik_profil.039
23:07:18 | INFO: Primitives created: 1
23:07:18 | INFO: Extracting primitive: M3_06_dik_profil.040
23:07:18 | INFO: Primitives created: 1
23:07:18 | INFO: Extracting primitive: M3_06_dik_profil.041
23:07:18 | INFO: Primitives created: 1
23:07:18 | INFO: Extracting primitive: M3_06_dik_profil.042
23:07:18 | INFO: Primitives created: 1
23:07:18 | INFO: Extracting primitive: M3_06_dik_profil.043
23:07:18 | INFO: Primitives created: 1
23:07:18 | INFO: Extracting primitive: M3_06_dik_profil.044
23:07:18 | INFO: Primitives created: 1
23:07:18 | INFO: Extracting primitive: M3_06_dik_profil.045
23:07:18 | INFO: Primitives created: 1
23:07:18 | INFO: Extracting primitive: M3_06_dik_profil.046
23:07:18 | INFO: Primitives created: 1
23:07:18 | INFO: Extracting primitive: M3_06_dik_profil.047
23:07:18 | INFO: Primitives created: 1
23:07:18 | INFO: Extracting primitive: M3_06_esik_doseme.001
23:07:18 | INFO: Primitives created: 1
23:07:18 | INFO: Extracting primitive: M3_06_gobek.012
23:07:18 | INFO: Primitives created: 1
23:07:18 | INFO: Extracting primitive: M3_06_gobek.013
23:07:18 | INFO: Primitives created: 1
23:07:18 | INFO: Extracting primitive: M3_06_gobek.014
23:07:18 | INFO: Primitives created: 1
23:07:18 | INFO: Extracting primitive: M3_06_gobek.015
23:07:18 | INFO: Primitives created: 1
23:07:18 | INFO: Extracting primitive: M3_06_gobek.016
23:07:18 | INFO: Primitives created: 1
23:07:18 | INFO: Extracting primitive: M3_06_gobek.017
23:07:18 | INFO: Primitives created: 1
23:07:18 | INFO: Extracting primitive: M3_06_gobek.018
23:07:18 | INFO: Primitives created: 1
23:07:18 | INFO: Extracting primitive: M3_06_gobek.019
23:07:18 | INFO: Primitives created: 1
23:07:18 | INFO: Extracting primitive: M3_06_gobek.020
23:07:18 | INFO: Primitives created: 1
23:07:18 | INFO: Extracting primitive: M3_06_gobek.021
23:07:18 | INFO: Primitives created: 1
23:07:18 | INFO: Extracting primitive: M3_06_gobek.022
23:07:18 | INFO: Primitives created: 1
23:07:18 | INFO: Extracting primitive: M3_06_gobek.023
23:07:18 | INFO: Primitives created: 1
23:07:18 | INFO: Extracting primitive: M3_06_kanat.001
23:07:18 | INFO: Primitives created: 1
23:07:18 | INFO: Extracting primitive: M3_06_kasa.002
23:07:18 | INFO: Primitives created: 1
23:07:18 | INFO: Extracting primitive: M3_06_kasa.003
23:07:18 | INFO: Primitives created: 1
23:07:18 | INFO: Extracting primitive: M3_06_mentese
23:07:18 | INFO: Primitives created: 1
23:07:18 | INFO: Extracting primitive: M3_06_mentese.001
23:07:18 | INFO: Primitives created: 1
23:07:18 | INFO: Extracting primitive: M3_06_mentese.002
23:07:18 | INFO: Primitives created: 1
23:07:18 | INFO: Extracting primitive: M3_06_pervaz.004
23:07:18 | INFO: Primitives created: 1
23:07:18 | INFO: Extracting primitive: M3_06_pervaz.005
23:07:18 | INFO: Primitives created: 1
23:07:18 | INFO: Extracting primitive: M3_06_pervaz.006
23:07:18 | INFO: Primitives created: 1
23:07:18 | INFO: Extracting primitive: M3_06_pervaz.007
23:07:18 | INFO: Primitives created: 1
23:07:18 | INFO: Extracting primitive: Sphere.015
23:07:18 | INFO: Primitives created: 1
23:07:18 | INFO: Extracting primitive: Sphere.016
23:07:18 | INFO: Primitives created: 1
23:07:18 | INFO: Extracting primitive: M3_06_topuz_mili
23:07:18 | INFO: Primitives created: 1
23:07:18 | INFO: Extracting primitive: M3_06_topuz_mili.001
23:07:18 | INFO: Primitives created: 1
23:07:18 | INFO: Extracting primitive: M3_06_ust_kasa.001
23:07:18 | INFO: Primitives created: 1
23:07:18 | INFO: Extracting primitive: M3_06_ust_pervaz.002
23:07:18 | INFO: Primitives created: 1
23:07:18 | INFO: Extracting primitive: M3_06_ust_pervaz.003
23:07:18 | INFO: Primitives created: 1
23:07:18 | INFO: Extracting primitive: M3_06_yatay_profil.024
23:07:18 | INFO: Primitives created: 1
23:07:18 | INFO: Extracting primitive: M3_06_yatay_profil.025
23:07:18 | INFO: Primitives created: 1
23:07:18 | INFO: Extracting primitive: M3_06_yatay_profil.026
23:07:18 | INFO: Primitives created: 1
23:07:18 | INFO: Extracting primitive: M3_06_yatay_profil.027
23:07:18 | INFO: Primitives created: 1
23:07:18 | INFO: Extracting primitive: M3_06_yatay_profil.028
23:07:18 | INFO: Primitives created: 1
23:07:18 | INFO: Extracting primitive: M3_06_yatay_profil.029
23:07:18 | INFO: Primitives created: 1
23:07:18 | INFO: Extracting primitive: M3_06_yatay_profil.030
23:07:18 | INFO: Primitives created: 1
23:07:18 | INFO: Extracting primitive: M3_06_yatay_profil.031
23:07:18 | INFO: Primitives created: 1
23:07:18 | INFO: Extracting primitive: M3_06_yatay_profil.032
23:07:18 | INFO: Primitives created: 1
23:07:18 | INFO: Extracting primitive: M3_06_yatay_profil.033
23:07:18 | INFO: Primitives created: 1
23:07:18 | INFO: Extracting primitive: M3_06_yatay_profil.034
23:07:18 | INFO: Primitives created: 1
23:07:18 | INFO: Extracting primitive: M3_06_yatay_profil.035
23:07:18 | INFO: Primitives created: 1
23:07:18 | INFO: Extracting primitive: M3_06_yatay_profil.036
23:07:18 | INFO: Primitives created: 1
23:07:18 | INFO: Extracting primitive: M3_06_yatay_profil.037
23:07:18 | INFO: Primitives created: 1
23:07:18 | INFO: Extracting primitive: M3_06_yatay_profil.038
23:07:18 | INFO: Primitives created: 1
23:07:18 | INFO: Extracting primitive: M3_06_yatay_profil.039
23:07:18 | INFO: Primitives created: 1
23:07:18 | INFO: Extracting primitive: M3_06_yatay_profil.040
23:07:18 | INFO: Primitives created: 1
23:07:18 | INFO: Extracting primitive: M3_06_yatay_profil.041
23:07:18 | INFO: Primitives created: 1
23:07:18 | INFO: Extracting primitive: M3_06_yatay_profil.042
23:07:18 | INFO: Primitives created: 1
23:07:18 | INFO: Extracting primitive: M3_06_yatay_profil.043
23:07:18 | INFO: Primitives created: 1
23:07:18 | INFO: Extracting primitive: M3_06_yatay_profil.044
23:07:18 | INFO: Primitives created: 1
23:07:18 | INFO: Extracting primitive: M3_06_yatay_profil.045
23:07:18 | INFO: Primitives created: 1
23:07:18 | INFO: Extracting primitive: M3_06_yatay_profil.046
23:07:18 | INFO: Primitives created: 1
23:07:18 | INFO: Extracting primitive: M3_06_yatay_profil.047
23:07:18 | INFO: Primitives created: 1
23:07:18 | INFO: Extracting primitive: M3_07_dik_profil.024
23:07:18 | INFO: Primitives created: 1
23:07:18 | INFO: Extracting primitive: M3_07_dik_profil.025
23:07:18 | INFO: Primitives created: 1
23:07:18 | INFO: Extracting primitive: M3_07_dik_profil.026
23:07:18 | INFO: Primitives created: 1
23:07:18 | INFO: Extracting primitive: M3_07_dik_profil.027
23:07:18 | INFO: Primitives created: 1
23:07:18 | INFO: Extracting primitive: M3_07_dik_profil.028
23:07:18 | INFO: Primitives created: 1
23:07:18 | INFO: Extracting primitive: M3_07_dik_profil.029
23:07:18 | INFO: Primitives created: 1
23:07:18 | INFO: Extracting primitive: M3_07_dik_profil.030
23:07:18 | INFO: Primitives created: 1
23:07:18 | INFO: Extracting primitive: M3_07_dik_profil.031
23:07:18 | INFO: Primitives created: 1
23:07:18 | INFO: Extracting primitive: M3_07_dik_profil.032
23:07:18 | INFO: Primitives created: 1
23:07:18 | INFO: Extracting primitive: M3_07_dik_profil.033
23:07:18 | INFO: Primitives created: 1
23:07:18 | INFO: Extracting primitive: M3_07_dik_profil.034
23:07:18 | INFO: Primitives created: 1
23:07:18 | INFO: Extracting primitive: M3_07_dik_profil.035
23:07:18 | INFO: Primitives created: 1
23:07:18 | INFO: Extracting primitive: M3_07_dik_profil.036
23:07:18 | INFO: Primitives created: 1
23:07:18 | INFO: Extracting primitive: M3_07_dik_profil.037
23:07:18 | INFO: Primitives created: 1
23:07:18 | INFO: Extracting primitive: M3_07_dik_profil.038
23:07:18 | INFO: Primitives created: 1
23:07:18 | INFO: Extracting primitive: M3_07_dik_profil.039
23:07:18 | INFO: Primitives created: 1
23:07:18 | INFO: Extracting primitive: M3_07_dik_profil.040
23:07:18 | INFO: Primitives created: 1
23:07:18 | INFO: Extracting primitive: M3_07_dik_profil.041
23:07:18 | INFO: Primitives created: 1
23:07:18 | INFO: Extracting primitive: M3_07_dik_profil.042
23:07:18 | INFO: Primitives created: 1
23:07:18 | INFO: Extracting primitive: M3_07_dik_profil.043
23:07:18 | INFO: Primitives created: 1
23:07:18 | INFO: Extracting primitive: M3_07_dik_profil.044
23:07:18 | INFO: Primitives created: 1
23:07:18 | INFO: Extracting primitive: M3_07_dik_profil.045
23:07:18 | INFO: Primitives created: 1
23:07:18 | INFO: Extracting primitive: M3_07_dik_profil.046
23:07:18 | INFO: Primitives created: 1
23:07:18 | INFO: Extracting primitive: M3_07_dik_profil.047
23:07:18 | INFO: Primitives created: 1
23:07:18 | INFO: Extracting primitive: M3_07_esik_doseme.001
23:07:18 | INFO: Primitives created: 1
23:07:18 | INFO: Extracting primitive: M3_07_gobek.012
23:07:18 | INFO: Primitives created: 1
23:07:18 | INFO: Extracting primitive: M3_07_gobek.013
23:07:18 | INFO: Primitives created: 1
23:07:18 | INFO: Extracting primitive: M3_07_gobek.014
23:07:18 | INFO: Primitives created: 1
23:07:18 | INFO: Extracting primitive: M3_07_gobek.015
23:07:18 | INFO: Primitives created: 1
23:07:18 | INFO: Extracting primitive: M3_07_gobek.016
23:07:18 | INFO: Primitives created: 1
23:07:18 | INFO: Extracting primitive: M3_07_gobek.017
23:07:18 | INFO: Primitives created: 1
23:07:18 | INFO: Extracting primitive: M3_07_gobek.018
23:07:18 | INFO: Primitives created: 1
23:07:18 | INFO: Extracting primitive: M3_07_gobek.019
23:07:18 | INFO: Primitives created: 1
23:07:18 | INFO: Extracting primitive: M3_07_gobek.020
23:07:18 | INFO: Primitives created: 1
23:07:18 | INFO: Extracting primitive: M3_07_gobek.021
23:07:18 | INFO: Primitives created: 1
23:07:18 | INFO: Extracting primitive: M3_07_gobek.022
23:07:18 | INFO: Primitives created: 1
23:07:18 | INFO: Extracting primitive: M3_07_gobek.023
23:07:18 | INFO: Primitives created: 1
23:07:18 | INFO: Extracting primitive: M3_07_kanat.001
23:07:18 | INFO: Primitives created: 1
23:07:18 | INFO: Extracting primitive: M3_07_kasa.002
23:07:18 | INFO: Primitives created: 1
23:07:18 | INFO: Extracting primitive: M3_07_kasa.003
23:07:18 | INFO: Primitives created: 1
23:07:18 | INFO: Extracting primitive: M3_07_mentese
23:07:18 | INFO: Primitives created: 1
23:07:18 | INFO: Extracting primitive: M3_07_mentese.001
23:07:18 | INFO: Primitives created: 1
23:07:18 | INFO: Extracting primitive: M3_07_mentese.002
23:07:18 | INFO: Primitives created: 1
23:07:18 | INFO: Extracting primitive: M3_07_pervaz.004
23:07:18 | INFO: Primitives created: 1
23:07:18 | INFO: Extracting primitive: M3_07_pervaz.005
23:07:18 | INFO: Primitives created: 1
23:07:18 | INFO: Extracting primitive: M3_07_pervaz.006
23:07:18 | INFO: Primitives created: 1
23:07:18 | INFO: Extracting primitive: M3_07_pervaz.007
23:07:18 | INFO: Primitives created: 1
23:07:18 | INFO: Extracting primitive: Sphere.017
23:07:18 | INFO: Primitives created: 1
23:07:18 | INFO: Extracting primitive: Sphere.018
23:07:18 | INFO: Primitives created: 1
23:07:18 | INFO: Extracting primitive: M3_07_topuz_mili
23:07:18 | INFO: Primitives created: 1
23:07:18 | INFO: Extracting primitive: M3_07_topuz_mili.001
23:07:18 | INFO: Primitives created: 1
23:07:18 | INFO: Extracting primitive: M3_07_ust_kasa.001
23:07:18 | INFO: Primitives created: 1
23:07:18 | INFO: Extracting primitive: M3_07_ust_pervaz.002
23:07:18 | INFO: Primitives created: 1
23:07:18 | INFO: Extracting primitive: M3_07_ust_pervaz.003
23:07:18 | INFO: Primitives created: 1
23:07:18 | INFO: Extracting primitive: M3_07_yatay_profil.024
23:07:18 | INFO: Primitives created: 1
23:07:18 | INFO: Extracting primitive: M3_07_yatay_profil.025
23:07:18 | INFO: Primitives created: 1
23:07:18 | INFO: Extracting primitive: M3_07_yatay_profil.026
23:07:18 | INFO: Primitives created: 1
23:07:18 | INFO: Extracting primitive: M3_07_yatay_profil.027
23:07:18 | INFO: Primitives created: 1
23:07:18 | INFO: Extracting primitive: M3_07_yatay_profil.028
23:07:18 | INFO: Primitives created: 1
23:07:18 | INFO: Extracting primitive: M3_07_yatay_profil.029
23:07:18 | INFO: Primitives created: 1
23:07:18 | INFO: Extracting primitive: M3_07_yatay_profil.030
23:07:18 | INFO: Primitives created: 1
23:07:18 | INFO: Extracting primitive: M3_07_yatay_profil.031
23:07:18 | INFO: Primitives created: 1
23:07:18 | INFO: Extracting primitive: M3_07_yatay_profil.032
23:07:18 | INFO: Primitives created: 1
23:07:18 | INFO: Extracting primitive: M3_07_yatay_profil.033
23:07:18 | INFO: Primitives created: 1
23:07:18 | INFO: Extracting primitive: M3_07_yatay_profil.034
23:07:18 | INFO: Primitives created: 1
23:07:18 | INFO: Extracting primitive: M3_07_yatay_profil.035
23:07:18 | INFO: Primitives created: 1
23:07:18 | INFO: Extracting primitive: M3_07_yatay_profil.036
23:07:18 | INFO: Primitives created: 1
23:07:18 | INFO: Extracting primitive: M3_07_yatay_profil.037
23:07:18 | INFO: Primitives created: 1
23:07:18 | INFO: Extracting primitive: M3_07_yatay_profil.038
23:07:18 | INFO: Primitives created: 1
23:07:18 | INFO: Extracting primitive: M3_07_yatay_profil.039
23:07:18 | INFO: Primitives created: 1
23:07:18 | INFO: Extracting primitive: M3_07_yatay_profil.040
23:07:18 | INFO: Primitives created: 1
23:07:18 | INFO: Extracting primitive: M3_07_yatay_profil.041
23:07:18 | INFO: Primitives created: 1
23:07:18 | INFO: Extracting primitive: M3_07_yatay_profil.042
23:07:18 | INFO: Primitives created: 1
23:07:18 | INFO: Extracting primitive: M3_07_yatay_profil.043
23:07:18 | INFO: Primitives created: 1
23:07:18 | INFO: Extracting primitive: M3_07_yatay_profil.044
23:07:18 | INFO: Primitives created: 1
23:07:18 | INFO: Extracting primitive: M3_07_yatay_profil.045
23:07:18 | INFO: Primitives created: 1
23:07:18 | INFO: Extracting primitive: M3_07_yatay_profil.046
23:07:18 | INFO: Primitives created: 1
23:07:18 | INFO: Extracting primitive: M3_07_yatay_profil.047
23:07:18 | INFO: Primitives created: 1
23:07:18 | INFO: Extracting primitive: M3_08_dik_profil.024
23:07:18 | INFO: Primitives created: 1
23:07:18 | INFO: Extracting primitive: M3_08_dik_profil.025
23:07:18 | INFO: Primitives created: 1
23:07:18 | INFO: Extracting primitive: M3_08_dik_profil.026
23:07:18 | INFO: Primitives created: 1
23:07:18 | INFO: Extracting primitive: M3_08_dik_profil.027
23:07:18 | INFO: Primitives created: 1
23:07:18 | INFO: Extracting primitive: M3_08_dik_profil.028
23:07:18 | INFO: Primitives created: 1
23:07:18 | INFO: Extracting primitive: M3_08_dik_profil.029
23:07:18 | INFO: Primitives created: 1
23:07:18 | INFO: Extracting primitive: M3_08_dik_profil.030
23:07:18 | INFO: Primitives created: 1
23:07:18 | INFO: Extracting primitive: M3_08_dik_profil.031
23:07:18 | INFO: Primitives created: 1
23:07:18 | INFO: Extracting primitive: M3_08_dik_profil.032
23:07:18 | INFO: Primitives created: 1
23:07:18 | INFO: Extracting primitive: M3_08_dik_profil.033
23:07:18 | INFO: Primitives created: 1
23:07:18 | INFO: Extracting primitive: M3_08_dik_profil.034
23:07:18 | INFO: Primitives created: 1
23:07:18 | INFO: Extracting primitive: M3_08_dik_profil.035
23:07:18 | INFO: Primitives created: 1
23:07:18 | INFO: Extracting primitive: M3_08_dik_profil.036
23:07:18 | INFO: Primitives created: 1
23:07:18 | INFO: Extracting primitive: M3_08_dik_profil.037
23:07:18 | INFO: Primitives created: 1
23:07:18 | INFO: Extracting primitive: M3_08_dik_profil.038
23:07:18 | INFO: Primitives created: 1
23:07:18 | INFO: Extracting primitive: M3_08_dik_profil.039
23:07:18 | INFO: Primitives created: 1
23:07:18 | INFO: Extracting primitive: M3_08_dik_profil.040
23:07:18 | INFO: Primitives created: 1
23:07:18 | INFO: Extracting primitive: M3_08_dik_profil.041
23:07:18 | INFO: Primitives created: 1
23:07:18 | INFO: Extracting primitive: M3_08_dik_profil.042
23:07:18 | INFO: Primitives created: 1
23:07:18 | INFO: Extracting primitive: M3_08_dik_profil.043
23:07:18 | INFO: Primitives created: 1
23:07:18 | INFO: Extracting primitive: M3_08_dik_profil.044
23:07:18 | INFO: Primitives created: 1
23:07:18 | INFO: Extracting primitive: M3_08_dik_profil.045
23:07:18 | INFO: Primitives created: 1
23:07:18 | INFO: Extracting primitive: M3_08_dik_profil.046
23:07:18 | INFO: Primitives created: 1
23:07:18 | INFO: Extracting primitive: M3_08_dik_profil.047
23:07:18 | INFO: Primitives created: 1
23:07:18 | INFO: Extracting primitive: M3_08_esik_doseme.001
23:07:18 | INFO: Primitives created: 1
23:07:18 | INFO: Extracting primitive: M3_08_gobek.012
23:07:18 | INFO: Primitives created: 1
23:07:18 | INFO: Extracting primitive: M3_08_gobek.013
23:07:18 | INFO: Primitives created: 1
23:07:18 | INFO: Extracting primitive: M3_08_gobek.014
23:07:18 | INFO: Primitives created: 1
23:07:18 | INFO: Extracting primitive: M3_08_gobek.015
23:07:18 | INFO: Primitives created: 1
23:07:18 | INFO: Extracting primitive: M3_08_gobek.016
23:07:18 | INFO: Primitives created: 1
23:07:18 | INFO: Extracting primitive: M3_08_gobek.017
23:07:18 | INFO: Primitives created: 1
23:07:18 | INFO: Extracting primitive: M3_08_gobek.018
23:07:18 | INFO: Primitives created: 1
23:07:18 | INFO: Extracting primitive: M3_08_gobek.019
23:07:18 | INFO: Primitives created: 1
23:07:18 | INFO: Extracting primitive: M3_08_gobek.020
23:07:18 | INFO: Primitives created: 1
23:07:18 | INFO: Extracting primitive: M3_08_gobek.021
23:07:18 | INFO: Primitives created: 1
23:07:18 | INFO: Extracting primitive: M3_08_gobek.022
23:07:18 | INFO: Primitives created: 1
23:07:18 | INFO: Extracting primitive: M3_08_gobek.023
23:07:18 | INFO: Primitives created: 1
23:07:18 | INFO: Extracting primitive: M3_08_kanat.001
23:07:18 | INFO: Primitives created: 1
23:07:18 | INFO: Extracting primitive: M3_08_kasa.002
23:07:18 | INFO: Primitives created: 1
23:07:18 | INFO: Extracting primitive: M3_08_kasa.003
23:07:18 | INFO: Primitives created: 1
23:07:18 | INFO: Extracting primitive: M3_08_mentese
23:07:18 | INFO: Primitives created: 1
23:07:18 | INFO: Extracting primitive: M3_08_mentese.001
23:07:18 | INFO: Primitives created: 1
23:07:18 | INFO: Extracting primitive: M3_08_mentese.002
23:07:18 | INFO: Primitives created: 1
23:07:18 | INFO: Extracting primitive: M3_08_pervaz.004
23:07:18 | INFO: Primitives created: 1
23:07:18 | INFO: Extracting primitive: M3_08_pervaz.005
23:07:18 | INFO: Primitives created: 1
23:07:18 | INFO: Extracting primitive: M3_08_pervaz.006
23:07:18 | INFO: Primitives created: 1
23:07:18 | INFO: Extracting primitive: M3_08_pervaz.007
23:07:18 | INFO: Primitives created: 1
23:07:18 | INFO: Extracting primitive: Sphere.019
23:07:18 | INFO: Primitives created: 1
23:07:18 | INFO: Extracting primitive: Sphere.020
23:07:18 | INFO: Primitives created: 1
23:07:18 | INFO: Extracting primitive: M3_08_topuz_mili
23:07:18 | INFO: Primitives created: 1
23:07:18 | INFO: Extracting primitive: M3_08_topuz_mili.001
23:07:18 | INFO: Primitives created: 1
23:07:18 | INFO: Extracting primitive: M3_08_ust_kasa.001
23:07:18 | INFO: Primitives created: 1
23:07:18 | INFO: Extracting primitive: M3_08_ust_pervaz.002
23:07:18 | INFO: Primitives created: 1
23:07:18 | INFO: Extracting primitive: M3_08_ust_pervaz.003
23:07:18 | INFO: Primitives created: 1
23:07:18 | INFO: Extracting primitive: M3_08_yatay_profil.024
23:07:18 | INFO: Primitives created: 1
23:07:18 | INFO: Extracting primitive: M3_08_yatay_profil.025
23:07:18 | INFO: Primitives created: 1
23:07:18 | INFO: Extracting primitive: M3_08_yatay_profil.026
23:07:18 | INFO: Primitives created: 1
23:07:18 | INFO: Extracting primitive: M3_08_yatay_profil.027
23:07:18 | INFO: Primitives created: 1
23:07:18 | INFO: Extracting primitive: M3_08_yatay_profil.028
23:07:18 | INFO: Primitives created: 1
23:07:18 | INFO: Extracting primitive: M3_08_yatay_profil.029
23:07:18 | INFO: Primitives created: 1
23:07:18 | INFO: Extracting primitive: M3_08_yatay_profil.030
23:07:18 | INFO: Primitives created: 1
23:07:18 | INFO: Extracting primitive: M3_08_yatay_profil.031
23:07:18 | INFO: Primitives created: 1
23:07:18 | INFO: Extracting primitive: M3_08_yatay_profil.032
23:07:18 | INFO: Primitives created: 1
23:07:18 | INFO: Extracting primitive: M3_08_yatay_profil.033
23:07:18 | INFO: Primitives created: 1
23:07:18 | INFO: Extracting primitive: M3_08_yatay_profil.034
23:07:18 | INFO: Primitives created: 1
23:07:18 | INFO: Extracting primitive: M3_08_yatay_profil.035
23:07:18 | INFO: Primitives created: 1
23:07:18 | INFO: Extracting primitive: M3_08_yatay_profil.036
23:07:18 | INFO: Primitives created: 1
23:07:18 | INFO: Extracting primitive: M3_08_yatay_profil.037
23:07:18 | INFO: Primitives created: 1
23:07:18 | INFO: Extracting primitive: M3_08_yatay_profil.038
23:07:18 | INFO: Primitives created: 1
23:07:18 | INFO: Extracting primitive: M3_08_yatay_profil.039
23:07:18 | INFO: Primitives created: 1
23:07:18 | INFO: Extracting primitive: M3_08_yatay_profil.040
23:07:18 | INFO: Primitives created: 1
23:07:18 | INFO: Extracting primitive: M3_08_yatay_profil.041
23:07:18 | INFO: Primitives created: 1
23:07:18 | INFO: Extracting primitive: M3_08_yatay_profil.042
23:07:18 | INFO: Primitives created: 1
23:07:18 | INFO: Extracting primitive: M3_08_yatay_profil.043
23:07:18 | INFO: Primitives created: 1
23:07:18 | INFO: Extracting primitive: M3_08_yatay_profil.044
23:07:18 | INFO: Primitives created: 1
23:07:18 | INFO: Extracting primitive: M3_08_yatay_profil.045
23:07:18 | INFO: Primitives created: 1
23:07:18 | INFO: Extracting primitive: M3_08_yatay_profil.046
23:07:18 | INFO: Primitives created: 1
23:07:18 | INFO: Extracting primitive: M3_08_yatay_profil.047
23:07:18 | INFO: Primitives created: 1
23:07:18 | INFO: Extracting primitive: M3_09_dik_profil.024
23:07:18 | INFO: Primitives created: 1
23:07:18 | INFO: Extracting primitive: M3_09_dik_profil.025
23:07:18 | INFO: Primitives created: 1
23:07:18 | INFO: Extracting primitive: M3_09_dik_profil.026
23:07:18 | INFO: Primitives created: 1
23:07:18 | INFO: Extracting primitive: M3_09_dik_profil.027
23:07:18 | INFO: Primitives created: 1
23:07:18 | INFO: Extracting primitive: M3_09_dik_profil.028
23:07:18 | INFO: Primitives created: 1
23:07:18 | INFO: Extracting primitive: M3_09_dik_profil.029
23:07:18 | INFO: Primitives created: 1
23:07:18 | INFO: Extracting primitive: M3_09_dik_profil.030
23:07:18 | INFO: Primitives created: 1
23:07:18 | INFO: Extracting primitive: M3_09_dik_profil.031
23:07:18 | INFO: Primitives created: 1
23:07:18 | INFO: Extracting primitive: M3_09_dik_profil.032
23:07:18 | INFO: Primitives created: 1
23:07:18 | INFO: Extracting primitive: M3_09_dik_profil.033
23:07:18 | INFO: Primitives created: 1
23:07:18 | INFO: Extracting primitive: M3_09_dik_profil.034
23:07:18 | INFO: Primitives created: 1
23:07:18 | INFO: Extracting primitive: M3_09_dik_profil.035
23:07:18 | INFO: Primitives created: 1
23:07:18 | INFO: Extracting primitive: M3_09_dik_profil.036
23:07:18 | INFO: Primitives created: 1
23:07:18 | INFO: Extracting primitive: M3_09_dik_profil.037
23:07:18 | INFO: Primitives created: 1
23:07:18 | INFO: Extracting primitive: M3_09_dik_profil.038
23:07:18 | INFO: Primitives created: 1
23:07:18 | INFO: Extracting primitive: M3_09_dik_profil.039
23:07:18 | INFO: Primitives created: 1
23:07:18 | INFO: Extracting primitive: M3_09_dik_profil.040
23:07:18 | INFO: Primitives created: 1
23:07:18 | INFO: Extracting primitive: M3_09_dik_profil.041
23:07:18 | INFO: Primitives created: 1
23:07:18 | INFO: Extracting primitive: M3_09_dik_profil.042
23:07:18 | INFO: Primitives created: 1
23:07:18 | INFO: Extracting primitive: M3_09_dik_profil.043
23:07:18 | INFO: Primitives created: 1
23:07:18 | INFO: Extracting primitive: M3_09_dik_profil.044
23:07:18 | INFO: Primitives created: 1
23:07:18 | INFO: Extracting primitive: M3_09_dik_profil.045
23:07:18 | INFO: Primitives created: 1
23:07:18 | INFO: Extracting primitive: M3_09_dik_profil.046
23:07:18 | INFO: Primitives created: 1
23:07:18 | INFO: Extracting primitive: M3_09_dik_profil.047
23:07:18 | INFO: Primitives created: 1
23:07:18 | INFO: Extracting primitive: M3_09_esik_doseme.001
23:07:18 | INFO: Primitives created: 1
23:07:18 | INFO: Extracting primitive: M3_09_gobek.012
23:07:19 | INFO: Primitives created: 1
23:07:19 | INFO: Extracting primitive: M3_09_gobek.013
23:07:19 | INFO: Primitives created: 1
23:07:19 | INFO: Extracting primitive: M3_09_gobek.014
23:07:19 | INFO: Primitives created: 1
23:07:19 | INFO: Extracting primitive: M3_09_gobek.015
23:07:19 | INFO: Primitives created: 1
23:07:19 | INFO: Extracting primitive: M3_09_gobek.016
23:07:19 | INFO: Primitives created: 1
23:07:19 | INFO: Extracting primitive: M3_09_gobek.017
23:07:19 | INFO: Primitives created: 1
23:07:19 | INFO: Extracting primitive: M3_09_gobek.018
23:07:19 | INFO: Primitives created: 1
23:07:19 | INFO: Extracting primitive: M3_09_gobek.019
23:07:19 | INFO: Primitives created: 1
23:07:19 | INFO: Extracting primitive: M3_09_gobek.020
23:07:19 | INFO: Primitives created: 1
23:07:19 | INFO: Extracting primitive: M3_09_gobek.021
23:07:19 | INFO: Primitives created: 1
23:07:19 | INFO: Extracting primitive: M3_09_gobek.022
23:07:19 | INFO: Primitives created: 1
23:07:19 | INFO: Extracting primitive: M3_09_gobek.023
23:07:19 | INFO: Primitives created: 1
23:07:19 | INFO: Extracting primitive: M3_09_kanat.001
23:07:19 | INFO: Primitives created: 1
23:07:19 | INFO: Extracting primitive: M3_09_kasa.002
23:07:19 | INFO: Primitives created: 1
23:07:19 | INFO: Extracting primitive: M3_09_kasa.003
23:07:19 | INFO: Primitives created: 1
23:07:19 | INFO: Extracting primitive: M3_09_mentese
23:07:19 | INFO: Primitives created: 1
23:07:19 | INFO: Extracting primitive: M3_09_mentese.001
23:07:19 | INFO: Primitives created: 1
23:07:19 | INFO: Extracting primitive: M3_09_mentese.002
23:07:19 | INFO: Primitives created: 1
23:07:19 | INFO: Extracting primitive: M3_09_pervaz.004
23:07:19 | INFO: Primitives created: 1
23:07:19 | INFO: Extracting primitive: M3_09_pervaz.005
23:07:19 | INFO: Primitives created: 1
23:07:19 | INFO: Extracting primitive: M3_09_pervaz.006
23:07:19 | INFO: Primitives created: 1
23:07:19 | INFO: Extracting primitive: M3_09_pervaz.007
23:07:19 | INFO: Primitives created: 1
23:07:19 | INFO: Extracting primitive: Sphere.021
23:07:19 | INFO: Primitives created: 1
23:07:19 | INFO: Extracting primitive: Sphere.022
23:07:19 | INFO: Primitives created: 1
23:07:19 | INFO: Extracting primitive: M3_09_topuz_mili
23:07:19 | INFO: Primitives created: 1
23:07:19 | INFO: Extracting primitive: M3_09_topuz_mili.001
23:07:19 | INFO: Primitives created: 1
23:07:19 | INFO: Extracting primitive: M3_09_ust_kasa.001
23:07:19 | INFO: Primitives created: 1
23:07:19 | INFO: Extracting primitive: M3_09_ust_pervaz.002
23:07:19 | INFO: Primitives created: 1
23:07:19 | INFO: Extracting primitive: M3_09_ust_pervaz.003
23:07:19 | INFO: Primitives created: 1
23:07:19 | INFO: Extracting primitive: M3_09_yatay_profil.024
23:07:19 | INFO: Primitives created: 1
23:07:19 | INFO: Extracting primitive: M3_09_yatay_profil.025
23:07:19 | INFO: Primitives created: 1
23:07:19 | INFO: Extracting primitive: M3_09_yatay_profil.026
23:07:19 | INFO: Primitives created: 1
23:07:19 | INFO: Extracting primitive: M3_09_yatay_profil.027
23:07:19 | INFO: Primitives created: 1
23:07:19 | INFO: Extracting primitive: M3_09_yatay_profil.028
23:07:19 | INFO: Primitives created: 1
23:07:19 | INFO: Extracting primitive: M3_09_yatay_profil.029
23:07:19 | INFO: Primitives created: 1
23:07:19 | INFO: Extracting primitive: M3_09_yatay_profil.030
23:07:19 | INFO: Primitives created: 1
23:07:19 | INFO: Extracting primitive: M3_09_yatay_profil.031
23:07:19 | INFO: Primitives created: 1
23:07:19 | INFO: Extracting primitive: M3_09_yatay_profil.032
23:07:19 | INFO: Primitives created: 1
23:07:19 | INFO: Extracting primitive: M3_09_yatay_profil.033
23:07:19 | INFO: Primitives created: 1
23:07:19 | INFO: Extracting primitive: M3_09_yatay_profil.034
23:07:19 | INFO: Primitives created: 1
23:07:19 | INFO: Extracting primitive: M3_09_yatay_profil.035
23:07:19 | INFO: Primitives created: 1
23:07:19 | INFO: Extracting primitive: M3_09_yatay_profil.036
23:07:19 | INFO: Primitives created: 1
23:07:19 | INFO: Extracting primitive: M3_09_yatay_profil.037
23:07:19 | INFO: Primitives created: 1
23:07:19 | INFO: Extracting primitive: M3_09_yatay_profil.038
23:07:19 | INFO: Primitives created: 1
23:07:19 | INFO: Extracting primitive: M3_09_yatay_profil.039
23:07:19 | INFO: Primitives created: 1
23:07:19 | INFO: Extracting primitive: M3_09_yatay_profil.040
23:07:19 | INFO: Primitives created: 1
23:07:19 | INFO: Extracting primitive: M3_09_yatay_profil.041
23:07:19 | INFO: Primitives created: 1
23:07:19 | INFO: Extracting primitive: M3_09_yatay_profil.042
23:07:19 | INFO: Primitives created: 1
23:07:19 | INFO: Extracting primitive: M3_09_yatay_profil.043
23:07:19 | INFO: Primitives created: 1
23:07:19 | INFO: Extracting primitive: M3_09_yatay_profil.044
23:07:19 | INFO: Primitives created: 1
23:07:19 | INFO: Extracting primitive: M3_09_yatay_profil.045
23:07:19 | INFO: Primitives created: 1
23:07:19 | INFO: Extracting primitive: M3_09_yatay_profil.046
23:07:19 | INFO: Primitives created: 1
23:07:19 | INFO: Extracting primitive: M3_09_yatay_profil.047
23:07:19 | INFO: Primitives created: 1
23:07:19 | INFO: Extracting primitive: M3_10_dik_profil.024
23:07:19 | INFO: Primitives created: 1
23:07:19 | INFO: Extracting primitive: M3_10_dik_profil.025
23:07:19 | INFO: Primitives created: 1
23:07:19 | INFO: Extracting primitive: M3_10_dik_profil.026
23:07:19 | INFO: Primitives created: 1
23:07:19 | INFO: Extracting primitive: M3_10_dik_profil.027
23:07:19 | INFO: Primitives created: 1
23:07:19 | INFO: Extracting primitive: M3_10_dik_profil.028
23:07:19 | INFO: Primitives created: 1
23:07:19 | INFO: Extracting primitive: M3_10_dik_profil.029
23:07:19 | INFO: Primitives created: 1
23:07:19 | INFO: Extracting primitive: M3_10_dik_profil.030
23:07:19 | INFO: Primitives created: 1
23:07:19 | INFO: Extracting primitive: M3_10_dik_profil.031
23:07:19 | INFO: Primitives created: 1
23:07:19 | INFO: Extracting primitive: M3_10_dik_profil.032
23:07:19 | INFO: Primitives created: 1
23:07:19 | INFO: Extracting primitive: M3_10_dik_profil.033
23:07:19 | INFO: Primitives created: 1
23:07:19 | INFO: Extracting primitive: M3_10_dik_profil.034
23:07:19 | INFO: Primitives created: 1
23:07:19 | INFO: Extracting primitive: M3_10_dik_profil.035
23:07:19 | INFO: Primitives created: 1
23:07:19 | INFO: Extracting primitive: M3_10_dik_profil.036
23:07:19 | INFO: Primitives created: 1
23:07:19 | INFO: Extracting primitive: M3_10_dik_profil.037
23:07:19 | INFO: Primitives created: 1
23:07:19 | INFO: Extracting primitive: M3_10_dik_profil.038
23:07:19 | INFO: Primitives created: 1
23:07:19 | INFO: Extracting primitive: M3_10_dik_profil.039
23:07:19 | INFO: Primitives created: 1
23:07:19 | INFO: Extracting primitive: M3_10_dik_profil.040
23:07:19 | INFO: Primitives created: 1
23:07:19 | INFO: Extracting primitive: M3_10_dik_profil.041
23:07:19 | INFO: Primitives created: 1
23:07:19 | INFO: Extracting primitive: M3_10_dik_profil.042
23:07:19 | INFO: Primitives created: 1
23:07:19 | INFO: Extracting primitive: M3_10_dik_profil.043
23:07:19 | INFO: Primitives created: 1
23:07:19 | INFO: Extracting primitive: M3_10_dik_profil.044
23:07:19 | INFO: Primitives created: 1
23:07:19 | INFO: Extracting primitive: M3_10_dik_profil.045
23:07:19 | INFO: Primitives created: 1
23:07:19 | INFO: Extracting primitive: M3_10_dik_profil.046
23:07:19 | INFO: Primitives created: 1
23:07:19 | INFO: Extracting primitive: M3_10_dik_profil.047
23:07:19 | INFO: Primitives created: 1
23:07:19 | INFO: Extracting primitive: M3_10_doseme_boslugu.001
23:07:19 | INFO: Primitives created: 1
23:07:19 | INFO: Extracting primitive: M3_10_esik_doseme.001
23:07:19 | INFO: Primitives created: 1
23:07:19 | INFO: Extracting primitive: M3_10_gobek.012
23:07:19 | INFO: Primitives created: 1
23:07:19 | INFO: Extracting primitive: M3_10_gobek.013
23:07:19 | INFO: Primitives created: 1
23:07:19 | INFO: Extracting primitive: M3_10_gobek.014
23:07:19 | INFO: Primitives created: 1
23:07:19 | INFO: Extracting primitive: M3_10_gobek.015
23:07:19 | INFO: Primitives created: 1
23:07:19 | INFO: Extracting primitive: M3_10_gobek.016
23:07:19 | INFO: Primitives created: 1
23:07:19 | INFO: Extracting primitive: M3_10_gobek.017
23:07:19 | INFO: Primitives created: 1
23:07:19 | INFO: Extracting primitive: M3_10_gobek.018
23:07:19 | INFO: Primitives created: 1
23:07:19 | INFO: Extracting primitive: M3_10_gobek.019
23:07:19 | INFO: Primitives created: 1
23:07:19 | INFO: Extracting primitive: M3_10_gobek.020
23:07:19 | INFO: Primitives created: 1
23:07:19 | INFO: Extracting primitive: M3_10_gobek.021
23:07:19 | INFO: Primitives created: 1
23:07:19 | INFO: Extracting primitive: M3_10_gobek.022
23:07:19 | INFO: Primitives created: 1
23:07:19 | INFO: Extracting primitive: M3_10_gobek.023
23:07:19 | INFO: Primitives created: 1
23:07:19 | INFO: Extracting primitive: M3_10_kanat.001
23:07:19 | INFO: Primitives created: 1
23:07:19 | INFO: Extracting primitive: M3_10_kasa.002
23:07:19 | INFO: Primitives created: 1
23:07:19 | INFO: Extracting primitive: M3_10_kasa.003
23:07:19 | INFO: Primitives created: 1
23:07:19 | INFO: Extracting primitive: M3_10_mentese
23:07:19 | INFO: Primitives created: 1
23:07:19 | INFO: Extracting primitive: M3_10_mentese.001
23:07:19 | INFO: Primitives created: 1
23:07:19 | INFO: Extracting primitive: M3_10_mentese.002
23:07:19 | INFO: Primitives created: 1
23:07:19 | INFO: Extracting primitive: M3_10_pervaz.004
23:07:19 | INFO: Primitives created: 1
23:07:19 | INFO: Extracting primitive: M3_10_pervaz.005
23:07:19 | INFO: Primitives created: 1
23:07:19 | INFO: Extracting primitive: M3_10_pervaz.006
23:07:19 | INFO: Primitives created: 1
23:07:19 | INFO: Extracting primitive: M3_10_pervaz.007
23:07:19 | INFO: Primitives created: 1
23:07:19 | INFO: Extracting primitive: Sphere.023
23:07:19 | INFO: Primitives created: 1
23:07:19 | INFO: Extracting primitive: Sphere.024
23:07:19 | INFO: Primitives created: 1
23:07:19 | INFO: Extracting primitive: M3_10_topuz_mili
23:07:19 | INFO: Primitives created: 1
23:07:19 | INFO: Extracting primitive: M3_10_topuz_mili.001
23:07:19 | INFO: Primitives created: 1
23:07:19 | INFO: Extracting primitive: M3_10_ust_kasa.001
23:07:19 | INFO: Primitives created: 1
23:07:19 | INFO: Extracting primitive: M3_10_ust_pervaz.002
23:07:19 | INFO: Primitives created: 1
23:07:19 | INFO: Extracting primitive: M3_10_ust_pervaz.003
23:07:19 | INFO: Primitives created: 1
23:07:19 | INFO: Extracting primitive: M3_10_yatay_profil.024
23:07:19 | INFO: Primitives created: 1
23:07:19 | INFO: Extracting primitive: M3_10_yatay_profil.025
23:07:19 | INFO: Primitives created: 1
23:07:19 | INFO: Extracting primitive: M3_10_yatay_profil.026
23:07:19 | INFO: Primitives created: 1
23:07:19 | INFO: Extracting primitive: M3_10_yatay_profil.027
23:07:19 | INFO: Primitives created: 1
23:07:19 | INFO: Extracting primitive: M3_10_yatay_profil.028
23:07:19 | INFO: Primitives created: 1
23:07:19 | INFO: Extracting primitive: M3_10_yatay_profil.029
23:07:19 | INFO: Primitives created: 1
23:07:19 | INFO: Extracting primitive: M3_10_yatay_profil.030
23:07:19 | INFO: Primitives created: 1
23:07:19 | INFO: Extracting primitive: M3_10_yatay_profil.031
23:07:19 | INFO: Primitives created: 1
23:07:19 | INFO: Extracting primitive: M3_10_yatay_profil.032
23:07:19 | INFO: Primitives created: 1
23:07:19 | INFO: Extracting primitive: M3_10_yatay_profil.033
23:07:19 | INFO: Primitives created: 1
23:07:19 | INFO: Extracting primitive: M3_10_yatay_profil.034
23:07:19 | INFO: Primitives created: 1
23:07:19 | INFO: Extracting primitive: M3_10_yatay_profil.035
23:07:19 | INFO: Primitives created: 1
23:07:19 | INFO: Extracting primitive: M3_10_yatay_profil.036
23:07:19 | INFO: Primitives created: 1
23:07:19 | INFO: Extracting primitive: M3_10_yatay_profil.037
23:07:19 | INFO: Primitives created: 1
23:07:19 | INFO: Extracting primitive: M3_10_yatay_profil.038
23:07:19 | INFO: Primitives created: 1
23:07:19 | INFO: Extracting primitive: M3_10_yatay_profil.039
23:07:19 | INFO: Primitives created: 1
23:07:19 | INFO: Extracting primitive: M3_10_yatay_profil.040
23:07:19 | INFO: Primitives created: 1
23:07:19 | INFO: Extracting primitive: M3_10_yatay_profil.041
23:07:19 | INFO: Primitives created: 1
23:07:19 | INFO: Extracting primitive: M3_10_yatay_profil.042
23:07:19 | INFO: Primitives created: 1
23:07:19 | INFO: Extracting primitive: M3_10_yatay_profil.043
23:07:19 | INFO: Primitives created: 1
23:07:19 | INFO: Extracting primitive: M3_10_yatay_profil.044
23:07:19 | INFO: Primitives created: 1
23:07:19 | INFO: Extracting primitive: M3_10_yatay_profil.045
23:07:19 | INFO: Primitives created: 1
23:07:19 | INFO: Extracting primitive: M3_10_yatay_profil.046
23:07:19 | INFO: Primitives created: 1
23:07:19 | INFO: Extracting primitive: M3_10_yatay_profil.047
23:07:19 | INFO: Primitives created: 1
23:07:19 | INFO: Extracting primitive: M3_11_esik_doseme.001
23:07:19 | INFO: Primitives created: 1
23:07:19 | INFO: Extracting primitive: M3_11_kanat.001
23:07:19 | INFO: Primitives created: 1
23:07:19 | INFO: Extracting primitive: M3_11_kasa.002
23:07:19 | INFO: Primitives created: 1
23:07:19 | INFO: Extracting primitive: M3_11_kasa.003
23:07:19 | INFO: Primitives created: 1
23:07:19 | INFO: Extracting primitive: M3_11_kulp
23:07:19 | INFO: Primitives created: 1
23:07:19 | INFO: Extracting primitive: M3_11_kulp.001
23:07:19 | INFO: Primitives created: 1
23:07:19 | INFO: Extracting primitive: M3_11_mentese
23:07:19 | INFO: Primitives created: 1
23:07:19 | INFO: Extracting primitive: M3_11_mentese.001
23:07:19 | INFO: Primitives created: 1
23:07:19 | INFO: Extracting primitive: M3_11_mentese.002
23:07:19 | INFO: Primitives created: 1
23:07:19 | INFO: Extracting primitive: M3_11_pervaz.004
23:07:19 | INFO: Primitives created: 1
23:07:19 | INFO: Extracting primitive: M3_11_pervaz.005
23:07:19 | INFO: Primitives created: 1
23:07:19 | INFO: Extracting primitive: M3_11_pervaz.006
23:07:19 | INFO: Primitives created: 1
23:07:19 | INFO: Extracting primitive: M3_11_pervaz.007
23:07:19 | INFO: Primitives created: 1
23:07:19 | INFO: Extracting primitive: M3_11_ust_kasa.001
23:07:19 | INFO: Primitives created: 1
23:07:19 | INFO: Extracting primitive: M3_11_ust_pervaz.002
23:07:19 | INFO: Primitives created: 1
23:07:19 | INFO: Extracting primitive: M3_11_ust_pervaz.003
23:07:19 | INFO: Primitives created: 1
23:07:19 | INFO: Extracting primitive: M3_12_dik_profil.024
23:07:19 | INFO: Primitives created: 1
23:07:19 | INFO: Extracting primitive: M3_12_dik_profil.025
23:07:19 | INFO: Primitives created: 1
23:07:19 | INFO: Extracting primitive: M3_12_dik_profil.026
23:07:19 | INFO: Primitives created: 1
23:07:19 | INFO: Extracting primitive: M3_12_dik_profil.027
23:07:19 | INFO: Primitives created: 1
23:07:19 | INFO: Extracting primitive: M3_12_dik_profil.028
23:07:19 | INFO: Primitives created: 1
23:07:19 | INFO: Extracting primitive: M3_12_dik_profil.029
23:07:19 | INFO: Primitives created: 1
23:07:19 | INFO: Extracting primitive: M3_12_dik_profil.030
23:07:19 | INFO: Primitives created: 1
23:07:19 | INFO: Extracting primitive: M3_12_dik_profil.031
23:07:19 | INFO: Primitives created: 1
23:07:19 | INFO: Extracting primitive: M3_12_dik_profil.032
23:07:19 | INFO: Primitives created: 1
23:07:19 | INFO: Extracting primitive: M3_12_dik_profil.033
23:07:19 | INFO: Primitives created: 1
23:07:19 | INFO: Extracting primitive: M3_12_dik_profil.034
23:07:19 | INFO: Primitives created: 1
23:07:19 | INFO: Extracting primitive: M3_12_dik_profil.035
23:07:19 | INFO: Primitives created: 1
23:07:19 | INFO: Extracting primitive: M3_12_dik_profil.036
23:07:19 | INFO: Primitives created: 1
23:07:19 | INFO: Extracting primitive: M3_12_dik_profil.037
23:07:19 | INFO: Primitives created: 1
23:07:19 | INFO: Extracting primitive: M3_12_dik_profil.038
23:07:19 | INFO: Primitives created: 1
23:07:19 | INFO: Extracting primitive: M3_12_dik_profil.039
23:07:19 | INFO: Primitives created: 1
23:07:19 | INFO: Extracting primitive: M3_12_dik_profil.040
23:07:19 | INFO: Primitives created: 1
23:07:19 | INFO: Extracting primitive: M3_12_dik_profil.041
23:07:19 | INFO: Primitives created: 1
23:07:19 | INFO: Extracting primitive: M3_12_dik_profil.042
23:07:19 | INFO: Primitives created: 1
23:07:19 | INFO: Extracting primitive: M3_12_dik_profil.043
23:07:19 | INFO: Primitives created: 1
23:07:19 | INFO: Extracting primitive: M3_12_dik_profil.044
23:07:19 | INFO: Primitives created: 1
23:07:19 | INFO: Extracting primitive: M3_12_dik_profil.045
23:07:19 | INFO: Primitives created: 1
23:07:19 | INFO: Extracting primitive: M3_12_dik_profil.046
23:07:19 | INFO: Primitives created: 1
23:07:19 | INFO: Extracting primitive: M3_12_dik_profil.047
23:07:19 | INFO: Primitives created: 1
23:07:19 | INFO: Extracting primitive: M3_12_esik_doseme.001
23:07:19 | INFO: Primitives created: 1
23:07:19 | INFO: Extracting primitive: M3_12_gobek.012
23:07:19 | INFO: Primitives created: 1
23:07:19 | INFO: Extracting primitive: M3_12_gobek.013
23:07:19 | INFO: Primitives created: 1
23:07:19 | INFO: Extracting primitive: M3_12_gobek.014
23:07:19 | INFO: Primitives created: 1
23:07:19 | INFO: Extracting primitive: M3_12_gobek.015
23:07:19 | INFO: Primitives created: 1
23:07:19 | INFO: Extracting primitive: M3_12_gobek.016
23:07:19 | INFO: Primitives created: 1
23:07:19 | INFO: Extracting primitive: M3_12_gobek.017
23:07:19 | INFO: Primitives created: 1
23:07:19 | INFO: Extracting primitive: M3_12_gobek.018
23:07:19 | INFO: Primitives created: 1
23:07:19 | INFO: Extracting primitive: M3_12_gobek.019
23:07:19 | INFO: Primitives created: 1
23:07:19 | INFO: Extracting primitive: M3_12_gobek.020
23:07:19 | INFO: Primitives created: 1
23:07:19 | INFO: Extracting primitive: M3_12_gobek.021
23:07:19 | INFO: Primitives created: 1
23:07:19 | INFO: Extracting primitive: M3_12_gobek.022
23:07:19 | INFO: Primitives created: 1
23:07:19 | INFO: Extracting primitive: M3_12_gobek.023
23:07:19 | INFO: Primitives created: 1
23:07:19 | INFO: Extracting primitive: M3_12_kanat.001
23:07:19 | INFO: Primitives created: 1
23:07:19 | INFO: Extracting primitive: M3_12_kasa.002
23:07:19 | INFO: Primitives created: 1
23:07:19 | INFO: Extracting primitive: M3_12_kasa.003
23:07:19 | INFO: Primitives created: 1
23:07:19 | INFO: Extracting primitive: M3_12_mentese
23:07:19 | INFO: Primitives created: 1
23:07:19 | INFO: Extracting primitive: M3_12_mentese.001
23:07:19 | INFO: Primitives created: 1
23:07:19 | INFO: Extracting primitive: M3_12_mentese.002
23:07:19 | INFO: Primitives created: 1
23:07:19 | INFO: Extracting primitive: M3_12_pervaz.004
23:07:19 | INFO: Primitives created: 1
23:07:19 | INFO: Extracting primitive: M3_12_pervaz.005
23:07:19 | INFO: Primitives created: 1
23:07:19 | INFO: Extracting primitive: M3_12_pervaz.006
23:07:19 | INFO: Primitives created: 1
23:07:19 | INFO: Extracting primitive: M3_12_pervaz.007
23:07:19 | INFO: Primitives created: 1
23:07:19 | INFO: Extracting primitive: Sphere.025
23:07:19 | INFO: Primitives created: 1
23:07:19 | INFO: Extracting primitive: Sphere.026
23:07:19 | INFO: Primitives created: 1
23:07:19 | INFO: Extracting primitive: M3_12_topuz_mili
23:07:19 | INFO: Primitives created: 1
23:07:19 | INFO: Extracting primitive: M3_12_topuz_mili.001
23:07:19 | INFO: Primitives created: 1
23:07:19 | INFO: Extracting primitive: M3_12_ust_kasa.001
23:07:19 | INFO: Primitives created: 1
23:07:19 | INFO: Extracting primitive: M3_12_ust_pervaz.002
23:07:19 | INFO: Primitives created: 1
23:07:19 | INFO: Extracting primitive: M3_12_ust_pervaz.003
23:07:19 | INFO: Primitives created: 1
23:07:19 | INFO: Extracting primitive: M3_12_yatay_profil.024
23:07:19 | INFO: Primitives created: 1
23:07:19 | INFO: Extracting primitive: M3_12_yatay_profil.025
23:07:19 | INFO: Primitives created: 1
23:07:19 | INFO: Extracting primitive: M3_12_yatay_profil.026
23:07:19 | INFO: Primitives created: 1
23:07:19 | INFO: Extracting primitive: M3_12_yatay_profil.027
23:07:19 | INFO: Primitives created: 1
23:07:19 | INFO: Extracting primitive: M3_12_yatay_profil.028
23:07:19 | INFO: Primitives created: 1
23:07:19 | INFO: Extracting primitive: M3_12_yatay_profil.029
23:07:19 | INFO: Primitives created: 1
23:07:19 | INFO: Extracting primitive: M3_12_yatay_profil.030
23:07:19 | INFO: Primitives created: 1
23:07:19 | INFO: Extracting primitive: M3_12_yatay_profil.031
23:07:19 | INFO: Primitives created: 1
23:07:19 | INFO: Extracting primitive: M3_12_yatay_profil.032
23:07:19 | INFO: Primitives created: 1
23:07:19 | INFO: Extracting primitive: M3_12_yatay_profil.033
23:07:19 | INFO: Primitives created: 1
23:07:19 | INFO: Extracting primitive: M3_12_yatay_profil.034
23:07:19 | INFO: Primitives created: 1
23:07:19 | INFO: Extracting primitive: M3_12_yatay_profil.035
23:07:19 | INFO: Primitives created: 1
23:07:19 | INFO: Extracting primitive: M3_12_yatay_profil.036
23:07:19 | INFO: Primitives created: 1
23:07:19 | INFO: Extracting primitive: M3_12_yatay_profil.037
23:07:19 | INFO: Primitives created: 1
23:07:19 | INFO: Extracting primitive: M3_12_yatay_profil.038
23:07:19 | INFO: Primitives created: 1
23:07:19 | INFO: Extracting primitive: M3_12_yatay_profil.039
23:07:19 | INFO: Primitives created: 1
23:07:19 | INFO: Extracting primitive: M3_12_yatay_profil.040
23:07:19 | INFO: Primitives created: 1
23:07:19 | INFO: Extracting primitive: M3_12_yatay_profil.041
23:07:19 | INFO: Primitives created: 1
23:07:19 | INFO: Extracting primitive: M3_12_yatay_profil.042
23:07:19 | INFO: Primitives created: 1
23:07:19 | INFO: Extracting primitive: M3_12_yatay_profil.043
23:07:19 | INFO: Primitives created: 1
23:07:19 | INFO: Extracting primitive: M3_12_yatay_profil.044
23:07:19 | INFO: Primitives created: 1
23:07:19 | INFO: Extracting primitive: M3_12_yatay_profil.045
23:07:19 | INFO: Primitives created: 1
23:07:19 | INFO: Extracting primitive: M3_12_yatay_profil.046
23:07:19 | INFO: Primitives created: 1
23:07:19 | INFO: Extracting primitive: M3_12_yatay_profil.047
23:07:19 | INFO: Primitives created: 1
23:07:19 | INFO: Extracting primitive: M3_13_dik_profil.024
23:07:19 | INFO: Primitives created: 1
23:07:19 | INFO: Extracting primitive: M3_13_dik_profil.025
23:07:19 | INFO: Primitives created: 1
23:07:19 | INFO: Extracting primitive: M3_13_dik_profil.026
23:07:19 | INFO: Primitives created: 1
23:07:19 | INFO: Extracting primitive: M3_13_dik_profil.027
23:07:19 | INFO: Primitives created: 1
23:07:19 | INFO: Extracting primitive: M3_13_dik_profil.028
23:07:19 | INFO: Primitives created: 1
23:07:19 | INFO: Extracting primitive: M3_13_dik_profil.029
23:07:19 | INFO: Primitives created: 1
23:07:19 | INFO: Extracting primitive: M3_13_dik_profil.030
23:07:19 | INFO: Primitives created: 1
23:07:19 | INFO: Extracting primitive: M3_13_dik_profil.031
23:07:19 | INFO: Primitives created: 1
23:07:19 | INFO: Extracting primitive: M3_13_dik_profil.032
23:07:19 | INFO: Primitives created: 1
23:07:19 | INFO: Extracting primitive: M3_13_dik_profil.033
23:07:19 | INFO: Primitives created: 1
23:07:19 | INFO: Extracting primitive: M3_13_dik_profil.034
23:07:19 | INFO: Primitives created: 1
23:07:19 | INFO: Extracting primitive: M3_13_dik_profil.035
23:07:19 | INFO: Primitives created: 1
23:07:19 | INFO: Extracting primitive: M3_13_dik_profil.036
23:07:19 | INFO: Primitives created: 1
23:07:19 | INFO: Extracting primitive: M3_13_dik_profil.037
23:07:19 | INFO: Primitives created: 1
23:07:19 | INFO: Extracting primitive: M3_13_dik_profil.038
23:07:19 | INFO: Primitives created: 1
23:07:19 | INFO: Extracting primitive: M3_13_dik_profil.039
23:07:19 | INFO: Primitives created: 1
23:07:19 | INFO: Extracting primitive: M3_13_dik_profil.040
23:07:19 | INFO: Primitives created: 1
23:07:19 | INFO: Extracting primitive: M3_13_dik_profil.041
23:07:19 | INFO: Primitives created: 1
23:07:19 | INFO: Extracting primitive: M3_13_dik_profil.042
23:07:19 | INFO: Primitives created: 1
23:07:19 | INFO: Extracting primitive: M3_13_dik_profil.043
23:07:19 | INFO: Primitives created: 1
23:07:19 | INFO: Extracting primitive: M3_13_dik_profil.044
23:07:19 | INFO: Primitives created: 1
23:07:19 | INFO: Extracting primitive: M3_13_dik_profil.045
23:07:19 | INFO: Primitives created: 1
23:07:19 | INFO: Extracting primitive: M3_13_dik_profil.046
23:07:19 | INFO: Primitives created: 1
23:07:19 | INFO: Extracting primitive: M3_13_dik_profil.047
23:07:19 | INFO: Primitives created: 1
23:07:19 | INFO: Extracting primitive: M3_13_esik_doseme.001
23:07:19 | INFO: Primitives created: 1
23:07:19 | INFO: Extracting primitive: M3_13_gobek.012
23:07:19 | INFO: Primitives created: 1
23:07:19 | INFO: Extracting primitive: M3_13_gobek.013
23:07:19 | INFO: Primitives created: 1
23:07:19 | INFO: Extracting primitive: M3_13_gobek.014
23:07:19 | INFO: Primitives created: 1
23:07:19 | INFO: Extracting primitive: M3_13_gobek.015
23:07:19 | INFO: Primitives created: 1
23:07:19 | INFO: Extracting primitive: M3_13_gobek.016
23:07:19 | INFO: Primitives created: 1
23:07:19 | INFO: Extracting primitive: M3_13_gobek.017
23:07:19 | INFO: Primitives created: 1
23:07:19 | INFO: Extracting primitive: M3_13_gobek.018
23:07:19 | INFO: Primitives created: 1
23:07:19 | INFO: Extracting primitive: M3_13_gobek.019
23:07:19 | INFO: Primitives created: 1
23:07:19 | INFO: Extracting primitive: M3_13_gobek.020
23:07:19 | INFO: Primitives created: 1
23:07:19 | INFO: Extracting primitive: M3_13_gobek.021
23:07:19 | INFO: Primitives created: 1
23:07:19 | INFO: Extracting primitive: M3_13_gobek.022
23:07:19 | INFO: Primitives created: 1
23:07:19 | INFO: Extracting primitive: M3_13_gobek.023
23:07:19 | INFO: Primitives created: 1
23:07:19 | INFO: Extracting primitive: M3_13_kanat.001
23:07:19 | INFO: Primitives created: 1
23:07:19 | INFO: Extracting primitive: M3_13_kasa.002
23:07:19 | INFO: Primitives created: 1
23:07:19 | INFO: Extracting primitive: M3_13_kasa.003
23:07:19 | INFO: Primitives created: 1
23:07:19 | INFO: Extracting primitive: M3_13_kasa_bini
23:07:19 | INFO: Primitives created: 1
23:07:19 | INFO: Extracting primitive: M3_13_kasa_bini.001
23:07:19 | INFO: Primitives created: 1
23:07:19 | INFO: Extracting primitive: M3_13_kulp.002
23:07:19 | INFO: Primitives created: 1
23:07:19 | INFO: Extracting primitive: M3_13_kulp.003
23:07:19 | INFO: Primitives created: 1
23:07:19 | INFO: Extracting primitive: M3_13_mentese.003
23:07:19 | INFO: Primitives created: 1
23:07:19 | INFO: Extracting primitive: M3_13_mentese.004
23:07:19 | INFO: Primitives created: 1
23:07:19 | INFO: Extracting primitive: M3_13_mentese.005
23:07:19 | INFO: Primitives created: 1
23:07:19 | INFO: Extracting primitive: M3_13_pervaz.004
23:07:19 | INFO: Primitives created: 1
23:07:19 | INFO: Extracting primitive: M3_13_pervaz.005
23:07:19 | INFO: Primitives created: 1
23:07:19 | INFO: Extracting primitive: M3_13_pervaz.006
23:07:19 | INFO: Primitives created: 1
23:07:19 | INFO: Extracting primitive: M3_13_pervaz.007
23:07:19 | INFO: Primitives created: 1
23:07:19 | INFO: Extracting primitive: M3_13_ust_bini
23:07:19 | INFO: Primitives created: 1
23:07:19 | INFO: Extracting primitive: M3_13_ust_kasa.001
23:07:19 | INFO: Primitives created: 1
23:07:19 | INFO: Extracting primitive: M3_13_ust_pervaz.002
23:07:19 | INFO: Primitives created: 1
23:07:19 | INFO: Extracting primitive: M3_13_ust_pervaz.003
23:07:19 | INFO: Primitives created: 1
23:07:19 | INFO: Extracting primitive: M3_13_yatay_profil.024
23:07:19 | INFO: Primitives created: 1
23:07:19 | INFO: Extracting primitive: M3_13_yatay_profil.025
23:07:19 | INFO: Primitives created: 1
23:07:19 | INFO: Extracting primitive: M3_13_yatay_profil.026
23:07:19 | INFO: Primitives created: 1
23:07:19 | INFO: Extracting primitive: M3_13_yatay_profil.027
23:07:19 | INFO: Primitives created: 1
23:07:19 | INFO: Extracting primitive: M3_13_yatay_profil.028
23:07:19 | INFO: Primitives created: 1
23:07:19 | INFO: Extracting primitive: M3_13_yatay_profil.029
23:07:19 | INFO: Primitives created: 1
23:07:19 | INFO: Extracting primitive: M3_13_yatay_profil.030
23:07:19 | INFO: Primitives created: 1
23:07:19 | INFO: Extracting primitive: M3_13_yatay_profil.031
23:07:19 | INFO: Primitives created: 1
23:07:19 | INFO: Extracting primitive: M3_13_yatay_profil.032
23:07:19 | INFO: Primitives created: 1
23:07:19 | INFO: Extracting primitive: M3_13_yatay_profil.033
23:07:19 | INFO: Primitives created: 1
23:07:19 | INFO: Extracting primitive: M3_13_yatay_profil.034
23:07:19 | INFO: Primitives created: 1
23:07:19 | INFO: Extracting primitive: M3_13_yatay_profil.035
23:07:19 | INFO: Primitives created: 1
23:07:19 | INFO: Extracting primitive: M3_13_yatay_profil.036
23:07:19 | INFO: Primitives created: 1
23:07:19 | INFO: Extracting primitive: M3_13_yatay_profil.037
23:07:19 | INFO: Primitives created: 1
23:07:19 | INFO: Extracting primitive: M3_13_yatay_profil.038
23:07:19 | INFO: Primitives created: 1
23:07:19 | INFO: Extracting primitive: M3_13_yatay_profil.039
23:07:19 | INFO: Primitives created: 1
23:07:19 | INFO: Extracting primitive: M3_13_yatay_profil.040
23:07:19 | INFO: Primitives created: 1
23:07:19 | INFO: Extracting primitive: M3_13_yatay_profil.041
23:07:19 | INFO: Primitives created: 1
23:07:19 | INFO: Extracting primitive: M3_13_yatay_profil.042
23:07:19 | INFO: Primitives created: 1
23:07:19 | INFO: Extracting primitive: M3_13_yatay_profil.043
23:07:19 | INFO: Primitives created: 1
23:07:19 | INFO: Extracting primitive: M3_13_yatay_profil.044
23:07:19 | INFO: Primitives created: 1
23:07:19 | INFO: Extracting primitive: M3_13_yatay_profil.045
23:07:19 | INFO: Primitives created: 1
23:07:19 | INFO: Extracting primitive: M3_13_yatay_profil.046
23:07:19 | INFO: Primitives created: 1
23:07:19 | INFO: Extracting primitive: M3_13_yatay_profil.047
23:07:19 | INFO: Primitives created: 1
23:07:19 | INFO: Extracting primitive: M3C_kapi_ustu
23:07:19 | INFO: Primitives created: 1
23:07:19 | INFO: Extracting primitive: M3C_sag_yan
23:07:19 | INFO: Primitives created: 1
23:07:19 | INFO: Extracting primitive: M3C_sol_yan
23:07:19 | INFO: Primitives created: 1
23:07:19 | INFO: Extracting primitive: M6_Antre_boru
23:07:19 | INFO: Primitives created: 1
23:07:19 | INFO: Extracting primitive: M6_Antre_boru.001
23:07:19 | INFO: Primitives created: 1
23:07:19 | INFO: Extracting primitive: M6_Antre_dilim_00
23:07:19 | INFO: Primitives created: 1
23:07:19 | INFO: Extracting primitive: M6_Antre_dilim_01
23:07:19 | INFO: Primitives created: 1
23:07:19 | INFO: Extracting primitive: M6_Antre_dilim_02
23:07:19 | INFO: Primitives created: 1
23:07:19 | INFO: Extracting primitive: M6_Antre_dilim_03
23:07:19 | INFO: Primitives created: 1
23:07:19 | INFO: Extracting primitive: M6_Antre_dilim_04
23:07:19 | INFO: Primitives created: 1
23:07:19 | INFO: Extracting primitive: M6_Antre_dilim_05
23:07:19 | INFO: Primitives created: 1
23:07:19 | INFO: Extracting primitive: M6_Antre_dilim_06
23:07:19 | INFO: Primitives created: 1
23:07:19 | INFO: Extracting primitive: M6_Antre_dilim_07
23:07:19 | INFO: Primitives created: 1
23:07:19 | INFO: Extracting primitive: M6_Antre_dilim_08
23:07:19 | INFO: Primitives created: 1
23:07:19 | INFO: Extracting primitive: M6_Antre_dilim_09
23:07:19 | INFO: Primitives created: 1
23:07:19 | INFO: Extracting primitive: M6_Antre_duvar_askisi
23:07:19 | INFO: Primitives created: 1
23:07:19 | INFO: Extracting primitive: M6_Antre_duvar_askisi.001
23:07:19 | INFO: Primitives created: 1
23:07:19 | INFO: Extracting primitive: M6_Antre_duvar_askisi.002
23:07:19 | INFO: Primitives created: 1
23:07:19 | INFO: Extracting primitive: M6_Antre_duvar_askisi.003
23:07:19 | INFO: Primitives created: 1
23:07:19 | INFO: Extracting primitive: M6_Antre_kollektor
23:07:19 | INFO: Primitives created: 1
23:07:19 | INFO: Extracting primitive: M6_Antre_kollektor.001
23:07:19 | INFO: Primitives created: 1
23:07:19 | INFO: Extracting primitive: M6_Antre_vana
23:07:19 | INFO: Primitives created: 1
23:07:19 | INFO: Extracting primitive: M6_Antre_vana.001
23:07:19 | INFO: Primitives created: 1
23:07:21 | INFO: Finished glTF 2.0 export in 11.745979309082031 s

Info: Saved as "ekler-calisma.blend"
[tur10] A08 nesne 1714 ucgen 596859 {'tek_korkuluk': 'foto18/34 ortak prototype mesh', 'galeri18': 'yakın kenar eklendi', 'kapilar': '11 tam açık, 40 çift menteşeli iki kanat', 'armatürler': [13, 17, 6], 'merdiven_alti': 'bodrum ikinci kol dolu; sağ duvar kapatıldı'}
Blender 5.2.1 LTS (hash 9e2066aef7ef built 2026-08-25 02:38:20)

Blender quit
