00:02.500  blend            | Read blend: "C:\Users\yigit\angora-tur10\ekler-calisma.blend"
[foto-doku] 12 malzeme 57977 yüz
INFO Draco is available, use library at C:\Program Files\Blender Foundation\Blender 5.2\5.2\scripts\addons_core\io_scene_gltf2\bf_intern_draco_bridge.dll
INFO MeshOptimizer is available, use library at C:\Program Files\Blender Foundation\Blender 5.2\5.2\scripts\addons_core\io_scene_gltf2\bf_intern_meshopt_bridge.dll
19:55:22 | INFO: Starting glTF 2.0 export
19:55:22 | INFO: Extracting primitive: A04_F18_34_sarkit
19:55:22 | INFO: Primitives created: 1
19:55:22 | INFO: Extracting primitive: A04_F18_34_zincir_halka
19:55:22 | INFO: Primitives created: 1
19:55:22 | INFO: Extracting primitive: A04_F18_34_zincir_halka.001
19:55:22 | INFO: Primitives created: 1
19:55:22 | INFO: Extracting primitive: A04_F18_34_zincir_halka.002
19:55:22 | INFO: Primitives created: 1
19:55:22 | INFO: Extracting primitive: A04_F18_34_zincir_halka.003
19:55:22 | INFO: Primitives created: 1
19:55:22 | INFO: Extracting primitive: A04_F18_34_zincir_halka.004
19:55:22 | INFO: Primitives created: 1
19:55:22 | INFO: Extracting primitive: A04_F18_34_zincir_halka.005
19:55:22 | INFO: Primitives created: 1
19:55:22 | INFO: Extracting primitive: A04_F18_34_zincir_halka.006
19:55:22 | INFO: Primitives created: 1
19:55:22 | INFO: Extracting primitive: A04_F18_34_zincir_halka.007
19:55:22 | INFO: Primitives created: 1
19:55:22 | INFO: Extracting primitive: A04_F18_34_zincir_halka.008
19:55:22 | INFO: Primitives created: 1
19:55:22 | INFO: Extracting primitive: A04_F18_34_zincir_halka.009
19:55:22 | INFO: Primitives created: 1
19:55:22 | INFO: Extracting primitive: A04_F18_34_zincir_halka.010
19:55:22 | INFO: Primitives created: 1
19:55:22 | INFO: Extracting primitive: A04_F18_34_zincir_halka.011
19:55:22 | INFO: Primitives created: 1
19:55:22 | INFO: Extracting primitive: A04_F18_34_zincir_halka.012
19:55:22 | INFO: Primitives created: 1
19:55:22 | INFO: Extracting primitive: A04_F18_34_zincir_halka.013
19:55:22 | INFO: Primitives created: 1
19:55:22 | INFO: Extracting primitive: A04_F18_34_zincir_halka.014
19:55:22 | INFO: Primitives created: 1
19:55:22 | INFO: Extracting primitive: A04_F18_34_zincir_halka.015
19:55:22 | INFO: Primitives created: 1
19:55:22 | INFO: Extracting primitive: A04_F18_34_zincir_halka.016
19:55:22 | INFO: Primitives created: 1
19:55:22 | INFO: Extracting primitive: A04_F18_34_zincir_halka.017
19:55:22 | INFO: Primitives created: 1
19:55:22 | INFO: Extracting primitive: A04_F18_34_zincir_halka.018
19:55:22 | INFO: Primitives created: 1
19:55:22 | INFO: Extracting primitive: A04_F18_34_zincir_halka.019
19:55:22 | INFO: Primitives created: 1
19:55:22 | INFO: Extracting primitive: A04_F18_34_zincir_halka.020
19:55:22 | INFO: Primitives created: 1
19:55:22 | INFO: Extracting primitive: A04_F18_34_zincir_halka.021
19:55:22 | INFO: Primitives created: 1
19:55:22 | INFO: Extracting primitive: A04_F18_34_zincir_halka.022
19:55:22 | INFO: Primitives created: 1
19:55:22 | INFO: Extracting primitive: A04_F18_34_zincir_halka.023
19:55:22 | INFO: Primitives created: 1
19:55:22 | INFO: Extracting primitive: A04_F18_34_zincir_halka.024
19:55:22 | INFO: Primitives created: 1
19:55:22 | INFO: Extracting primitive: A04_F18_34_zincir_halka.025
19:55:22 | INFO: Primitives created: 1
19:55:22 | INFO: Extracting primitive: A04_F18_34_zincir_halka.026
19:55:22 | INFO: Primitives created: 1
19:55:22 | INFO: Extracting primitive: A04_F18_34_zincir_halka.027
19:55:22 | INFO: Primitives created: 1
19:55:22 | INFO: Extracting primitive: A04_F18_34_zincir_halka.028
19:55:22 | INFO: Primitives created: 1
19:55:22 | INFO: Extracting primitive: A04_F18_34_zincir_halka.029
19:55:22 | INFO: Primitives created: 1
19:55:22 | INFO: Extracting primitive: A04_F18_34_zincir_halka.030
19:55:22 | INFO: Primitives created: 1
19:55:22 | INFO: Extracting primitive: A04_F18_34_zincir_halka.031
19:55:22 | INFO: Primitives created: 1
19:55:22 | INFO: Extracting primitive: A04_F18_34_zincir_halka.032
19:55:22 | INFO: Primitives created: 1
19:55:22 | INFO: Extracting primitive: A04_F18_34_zincir_halka.033
19:55:22 | INFO: Primitives created: 1
19:55:22 | INFO: Extracting primitive: A04_F18_34_zincir_halka.034
19:55:22 | INFO: Primitives created: 1
19:55:22 | INFO: Extracting primitive: A04_F18_34_zincir_halka.035
19:55:22 | INFO: Primitives created: 1
19:55:22 | INFO: Extracting primitive: A04_F18_34_zincir_halka.036
19:55:22 | INFO: Primitives created: 1
19:55:22 | INFO: Extracting primitive: A04_F18_34_zincir_halka.037
19:55:22 | INFO: Primitives created: 1
19:55:22 | INFO: Extracting primitive: A04_F18_34_zincir_halka.038
19:55:22 | INFO: Primitives created: 1
19:55:22 | INFO: Extracting primitive: A04_F18_34_zincir_halka.039
19:55:22 | INFO: Primitives created: 1
19:55:22 | INFO: Extracting primitive: A04_F18_34_zincir_halka.040
19:55:22 | INFO: Primitives created: 1
19:55:22 | INFO: Extracting primitive: A04_F18_34_zincir_halka.041
19:55:22 | INFO: Primitives created: 1
19:55:22 | INFO: Extracting primitive: A04_F18_34_zincir_halka.042
19:55:22 | INFO: Primitives created: 1
19:55:22 | INFO: Extracting primitive: A04_F18_34_zincir_halka.043
19:55:22 | INFO: Primitives created: 1
19:55:22 | INFO: Extracting primitive: A04_F18_34_zincir_halka.044
19:55:22 | INFO: Primitives created: 1
19:55:22 | INFO: Extracting primitive: A04_F18_34_zincir_halka.045
19:55:22 | INFO: Primitives created: 1
19:55:22 | INFO: Extracting primitive: A04_F18_34_zincir_halka.046
19:55:22 | INFO: Primitives created: 1
19:55:22 | INFO: Extracting primitive: A04_F18_34_zincir_halka.047
19:55:22 | INFO: Primitives created: 1
19:55:22 | INFO: Extracting primitive: A04_F18_34_zincir_halka.048
19:55:22 | INFO: Primitives created: 1
19:55:22 | INFO: Extracting primitive: A04_F18_34_zincir_halka.049
19:55:22 | INFO: Primitives created: 1
19:55:22 | INFO: Extracting primitive: A04_F18_34_zincir_halka.050
19:55:22 | INFO: Primitives created: 1
19:55:22 | INFO: Extracting primitive: A04_F18_34_zincir_halka.051
19:55:22 | INFO: Primitives created: 1
19:55:22 | INFO: Extracting primitive: A04_F18_34_zincir_halka.052
19:55:22 | INFO: Primitives created: 1
19:55:22 | INFO: Extracting primitive: A04_F18_34_zincir_halka.053
19:55:22 | INFO: Primitives created: 1
19:55:22 | INFO: Extracting primitive: A04_F18_34_zincir_halka.054
19:55:22 | INFO: Primitives created: 1
19:55:22 | INFO: Extracting primitive: A04_F18_34_zincir_halka.055
19:55:22 | INFO: Primitives created: 1
19:55:22 | INFO: Extracting primitive: A04_F18_34_zincir_halka.056
19:55:22 | INFO: Primitives created: 1
19:55:22 | INFO: Extracting primitive: A04_F18_34_zincir_halka.057
19:55:22 | INFO: Primitives created: 1
19:55:22 | INFO: Extracting primitive: A04_F18_34_zincir_halka.058
19:55:22 | INFO: Primitives created: 1
19:55:22 | INFO: Extracting primitive: A04_F18_34_zincir_halka.059
19:55:22 | INFO: Primitives created: 1
19:55:22 | INFO: Extracting primitive: A04_F18_34_zincir_halka.060
19:55:22 | INFO: Primitives created: 1
19:55:22 | INFO: Extracting primitive: A04_F18_34_zincir_halka.061
19:55:22 | INFO: Primitives created: 1
19:55:22 | INFO: Extracting primitive: A04_F18_34_zincir_halka.062
19:55:22 | INFO: Primitives created: 1
19:55:22 | INFO: Extracting primitive: A04_F18_34_zincir_halka.063
19:55:22 | INFO: Primitives created: 1
19:55:22 | INFO: Extracting primitive: A04_F18_34_zincir_halka.064
19:55:22 | INFO: Primitives created: 1
19:55:22 | INFO: Extracting primitive: A04_F18_34_zincir_halka.065
19:55:22 | INFO: Primitives created: 1
19:55:22 | INFO: Extracting primitive: A04_F18_34_zincir_halka.066
19:55:22 | INFO: Primitives created: 1
19:55:22 | INFO: Extracting primitive: A04_F18_34_zincir_halka.067
19:55:22 | INFO: Primitives created: 1
19:55:22 | INFO: Extracting primitive: A04_F18_34_zincir_halka.068
19:55:22 | INFO: Primitives created: 1
19:55:22 | INFO: Extracting primitive: A04_F18_34_zincir_halka.069
19:55:22 | INFO: Primitives created: 1
19:55:22 | INFO: Extracting primitive: A04_F18_34_zincir_halka.070
19:55:22 | INFO: Primitives created: 1
19:55:22 | INFO: Extracting primitive: A04_F18_34_zincir_halka.071
19:55:22 | INFO: Primitives created: 1
19:55:22 | INFO: Extracting primitive: A04_F18_34_zincir_halka.072
19:55:22 | INFO: Primitives created: 1
19:55:22 | INFO: Extracting primitive: A04_F18_34_zincir_halka.073
19:55:22 | INFO: Primitives created: 1
19:55:22 | INFO: Extracting primitive: A04_F18_34_zincir_halka.074
19:55:22 | INFO: Primitives created: 1
19:55:22 | INFO: Extracting primitive: A04_F18_34_zincir_halka.075
19:55:22 | INFO: Primitives created: 1
19:55:22 | INFO: Extracting primitive: A04_F18_34_zincir_halka.076
19:55:22 | INFO: Primitives created: 1
19:55:22 | INFO: Extracting primitive: A04_F18_34_zincir_halka.077
19:55:22 | INFO: Primitives created: 1
19:55:22 | INFO: Extracting primitive: A04_F18_34_zincir_tavan
19:55:22 | INFO: Primitives created: 1
19:55:22 | INFO: Extracting primitive: A04_F18_alt_aplik_cam
19:55:22 | INFO: Primitives created: 1
19:55:22 | INFO: Extracting primitive: A04_F18_alt_aplik_kol
19:55:22 | INFO: Primitives created: 1
19:55:22 | INFO: Extracting primitive: A04_F18_alt_aplik_rozet
19:55:22 | INFO: Primitives created: 1
19:55:22 | INFO: Extracting primitive: A04_F18_plafonyer_opal
19:55:22 | INFO: Primitives created: 1
19:55:22 | INFO: Extracting primitive: A04_F18_plafonyer_rozet
19:55:22 | INFO: Primitives created: 1
19:55:22 | INFO: Extracting primitive: A04_F18_plafonyer_topuz
19:55:22 | INFO: Primitives created: 1
19:55:22 | INFO: Extracting primitive: A04_F18_ust_aplik_cam
19:55:22 | INFO: Primitives created: 1
19:55:22 | INFO: Extracting primitive: A04_F18_ust_aplik_kol
19:55:22 | INFO: Primitives created: 1
19:55:22 | INFO: Extracting primitive: A04_F18_ust_aplik_rozet
19:55:22 | INFO: Primitives created: 1
19:55:22 | INFO: Extracting primitive: A04_F29_sol_kiris
19:55:22 | INFO: Primitives created: 1
19:55:22 | INFO: Extracting primitive: A04_F29_spot_0
19:55:22 | INFO: Primitives created: 1
19:55:22 | INFO: Extracting primitive: A04_F29_spot_1
19:55:22 | INFO: Primitives created: 1
19:55:22 | INFO: Extracting primitive: A04_F40_plafonyer_opal
19:55:22 | INFO: Primitives created: 1
19:55:22 | INFO: Extracting primitive: A04_F40_plafonyer_rozet
19:55:22 | INFO: Primitives created: 1
19:55:22 | INFO: Extracting primitive: A04_F40_plafonyer_topuz
19:55:22 | INFO: Primitives created: 1
19:55:22 | INFO: Extracting primitive: A04_K01_esik_kapagi
19:55:24 | INFO: Primitives created: 1
19:55:24 | INFO: Extracting primitive: A04_K01_kasa_ic_kaplama
19:55:24 | INFO: Primitives created: 1
19:55:24 | INFO: Extracting primitive: A04_K01_kasa_ic_kaplama.001
19:55:24 | INFO: Primitives created: 1
19:55:24 | INFO: Extracting primitive: A04_K01_kasa_ust_kaplama
19:55:24 | INFO: Primitives created: 1
19:55:24 | INFO: Extracting primitive: A04_K02_esik_kapagi
19:55:24 | INFO: Primitives created: 1
19:55:24 | INFO: Extracting primitive: A04_K02_kasa_ic_kaplama
19:55:24 | INFO: Primitives created: 1
19:55:24 | INFO: Extracting primitive: A04_K02_kasa_ic_kaplama.001
19:55:24 | INFO: Primitives created: 1
19:55:24 | INFO: Extracting primitive: A04_K02_kasa_ust_kaplama
19:55:24 | INFO: Primitives created: 1
19:55:24 | INFO: Extracting primitive: A04_K03_esik_kapagi
19:55:24 | INFO: Primitives created: 1
19:55:24 | INFO: Extracting primitive: A04_K03_kasa_ic_kaplama
19:55:24 | INFO: Primitives created: 1
19:55:24 | INFO: Extracting primitive: A04_K03_kasa_ic_kaplama.001
19:55:24 | INFO: Primitives created: 1
19:55:24 | INFO: Extracting primitive: A04_K03_kasa_ust_kaplama
19:55:24 | INFO: Primitives created: 1
19:55:24 | INFO: Extracting primitive: A04_K04_esik_kapagi
19:55:24 | INFO: Primitives created: 1
19:55:24 | INFO: Extracting primitive: A04_K04_kasa_ic_kaplama
19:55:24 | INFO: Primitives created: 1
19:55:24 | INFO: Extracting primitive: A04_K04_kasa_ic_kaplama.001
19:55:24 | INFO: Primitives created: 1
19:55:24 | INFO: Extracting primitive: A04_K04_kasa_ust_kaplama
19:55:24 | INFO: Primitives created: 1
19:55:24 | INFO: Extracting primitive: A04_K05_esik_kapagi
19:55:24 | INFO: Primitives created: 1
19:55:24 | INFO: Extracting primitive: A04_K05_kasa_ic_kaplama
19:55:24 | INFO: Primitives created: 1
19:55:24 | INFO: Extracting primitive: A04_K05_kasa_ic_kaplama.001
19:55:24 | INFO: Primitives created: 1
19:55:24 | INFO: Extracting primitive: A04_K05_kasa_ust_kaplama
19:55:24 | INFO: Primitives created: 1
19:55:24 | INFO: Extracting primitive: A04_K06_esik_kapagi
19:55:24 | INFO: Primitives created: 1
19:55:24 | INFO: Extracting primitive: A04_K06_kasa_ic_kaplama
19:55:24 | INFO: Primitives created: 1
19:55:24 | INFO: Extracting primitive: A04_K06_kasa_ic_kaplama.001
19:55:24 | INFO: Primitives created: 1
19:55:24 | INFO: Extracting primitive: A04_K06_kasa_ust_kaplama
19:55:24 | INFO: Primitives created: 1
19:55:24 | INFO: Extracting primitive: A04_K07_esik_kapagi
19:55:24 | INFO: Primitives created: 1
19:55:24 | INFO: Extracting primitive: A04_K07_kasa_ic_kaplama
19:55:24 | INFO: Primitives created: 1
19:55:24 | INFO: Extracting primitive: A04_K07_kasa_ic_kaplama.001
19:55:24 | INFO: Primitives created: 1
19:55:24 | INFO: Extracting primitive: A04_K07_kasa_ust_kaplama
19:55:24 | INFO: Primitives created: 1
19:55:24 | INFO: Extracting primitive: A04_K08_esik_kapagi
19:55:24 | INFO: Primitives created: 1
19:55:24 | INFO: Extracting primitive: A04_K08_kasa_ic_kaplama
19:55:24 | INFO: Primitives created: 1
19:55:24 | INFO: Extracting primitive: A04_K08_kasa_ic_kaplama.001
19:55:24 | INFO: Primitives created: 1
19:55:24 | INFO: Extracting primitive: A04_K08_kasa_ust_kaplama
19:55:24 | INFO: Primitives created: 1
19:55:24 | INFO: Extracting primitive: A04_K09_esik_kapagi
19:55:24 | INFO: Primitives created: 1
19:55:24 | INFO: Extracting primitive: A04_K09_kasa_ic_kaplama
19:55:26 | INFO: Primitives created: 1
19:55:26 | INFO: Extracting primitive: A04_K09_kasa_ic_kaplama.001
19:55:26 | INFO: Primitives created: 1
19:55:26 | INFO: Extracting primitive: A04_K09_kasa_ust_kaplama
19:55:26 | INFO: Primitives created: 1
19:55:26 | INFO: Extracting primitive: A04_K10_esik_kapagi
19:55:26 | INFO: Primitives created: 1
19:55:26 | INFO: Extracting primitive: A04_K10_kasa_ic_kaplama
19:55:26 | INFO: Primitives created: 1
19:55:26 | INFO: Extracting primitive: A04_K10_kasa_ic_kaplama.001
19:55:26 | INFO: Primitives created: 1
19:55:26 | INFO: Extracting primitive: A04_K10_kasa_ust_kaplama
19:55:26 | INFO: Primitives created: 1
19:55:26 | INFO: Extracting primitive: A04_K11_esik_kapagi
19:55:26 | INFO: Primitives created: 1
19:55:26 | INFO: Extracting primitive: A04_K11_kasa_ic_kaplama
19:55:26 | INFO: Primitives created: 1
19:55:26 | INFO: Extracting primitive: A04_K11_kasa_ic_kaplama.001
19:55:26 | INFO: Primitives created: 1
19:55:26 | INFO: Extracting primitive: A04_K11_kasa_ust_kaplama
19:55:26 | INFO: Primitives created: 1
19:55:26 | INFO: Extracting primitive: A04_K12_esik_kapagi
19:55:26 | INFO: Primitives created: 1
19:55:26 | INFO: Extracting primitive: A04_K12_kasa_ic_kaplama
19:55:26 | INFO: Primitives created: 1
19:55:26 | INFO: Extracting primitive: A04_K12_kasa_ic_kaplama.001
19:55:26 | INFO: Primitives created: 1
19:55:26 | INFO: Extracting primitive: A04_K12_kasa_ust_kaplama
19:55:26 | INFO: Primitives created: 1
19:55:26 | INFO: Extracting primitive: A04_K13_esik_kapagi
19:55:26 | INFO: Primitives created: 1
19:55:26 | INFO: Extracting primitive: A04_K13_kasa_ic_kaplama
19:55:26 | INFO: Primitives created: 1
19:55:26 | INFO: Extracting primitive: A04_K13_kasa_ic_kaplama.001
19:55:26 | INFO: Primitives created: 1
19:55:26 | INFO: Extracting primitive: A04_K13_kasa_ust_kaplama
19:55:26 | INFO: Primitives created: 1
19:55:26 | INFO: Extracting primitive: A05_F42_yuvarlak_1
19:55:26 | INFO: Primitives created: 1
19:55:26 | INFO: Extracting primitive: A05_F42_yuvarlak_2
19:55:26 | INFO: Primitives created: 1
19:55:26 | INFO: Extracting primitive: A05_F42_yuvarlak_3
19:55:26 | INFO: Primitives created: 1
19:55:26 | INFO: Extracting primitive: A05_kartonpiyer_birlesik
19:55:26 | INFO: Primitives created: 1
19:55:26 | INFO: Extracting primitive: M1_supurgelik_001
19:55:27 | INFO: Primitives created: 1
19:55:27 | INFO: Extracting primitive: M1_supurgelik_002
19:55:27 | INFO: Primitives created: 1
19:55:27 | INFO: Extracting primitive: M1_supurgelik_003
19:55:27 | INFO: Primitives created: 1
19:55:27 | INFO: Extracting primitive: M1_supurgelik_004
19:55:27 | INFO: Primitives created: 1
19:55:27 | INFO: Extracting primitive: M1_supurgelik_005
19:55:27 | INFO: Primitives created: 1
19:55:27 | INFO: Extracting primitive: M1_supurgelik_006
19:55:27 | INFO: Primitives created: 1
19:55:27 | INFO: Extracting primitive: M1_supurgelik_007
19:55:27 | INFO: Primitives created: 1
19:55:27 | INFO: Extracting primitive: M1_supurgelik_008
19:55:27 | INFO: Primitives created: 1
19:55:27 | INFO: Extracting primitive: M1_supurgelik_009
19:55:27 | INFO: Primitives created: 1
19:55:27 | INFO: Extracting primitive: M1_supurgelik_010
19:55:27 | INFO: Primitives created: 1
19:55:27 | INFO: Extracting primitive: M1_supurgelik_011
19:55:27 | INFO: Primitives created: 1
19:55:27 | INFO: Extracting primitive: M1_supurgelik_012
19:55:27 | INFO: Primitives created: 1
19:55:27 | INFO: Extracting primitive: M1_supurgelik_013
19:55:27 | INFO: Primitives created: 1
19:55:27 | INFO: Extracting primitive: M1_supurgelik_014
19:55:27 | INFO: Primitives created: 1
19:55:27 | INFO: Extracting primitive: M1_supurgelik_015
19:55:27 | INFO: Primitives created: 1
19:55:27 | INFO: Extracting primitive: M1_supurgelik_016
19:55:27 | INFO: Primitives created: 1
19:55:27 | INFO: Extracting primitive: M1_supurgelik_017
19:55:27 | INFO: Primitives created: 1
19:55:27 | INFO: Extracting primitive: M1_supurgelik_018
19:55:27 | INFO: Primitives created: 1
19:55:27 | INFO: Extracting primitive: M1_supurgelik_019
19:55:27 | INFO: Primitives created: 1
19:55:27 | INFO: Extracting primitive: M1_supurgelik_020
19:55:27 | INFO: Primitives created: 1
19:55:27 | INFO: Extracting primitive: M1_supurgelik_021
19:55:27 | INFO: Primitives created: 1
19:55:27 | INFO: Extracting primitive: M1_supurgelik_022
19:55:27 | INFO: Primitives created: 1
19:55:27 | INFO: Extracting primitive: M1_supurgelik_023
19:55:27 | INFO: Primitives created: 1
19:55:27 | INFO: Extracting primitive: M1_supurgelik_024
19:55:27 | INFO: Primitives created: 1
19:55:27 | INFO: Extracting primitive: M1_supurgelik_025
19:55:27 | INFO: Primitives created: 1
19:55:27 | INFO: Extracting primitive: M1_supurgelik_026
19:55:27 | INFO: Primitives created: 1
19:55:27 | INFO: Extracting primitive: M1_supurgelik_027
19:55:27 | INFO: Primitives created: 1
19:55:27 | INFO: Extracting primitive: M1_supurgelik_028
19:55:27 | INFO: Primitives created: 1
19:55:27 | INFO: Extracting primitive: M1_supurgelik_029
19:55:27 | INFO: Primitives created: 1
19:55:27 | INFO: Extracting primitive: M1_supurgelik_030
19:55:27 | INFO: Primitives created: 1
19:55:27 | INFO: Extracting primitive: M1_supurgelik_031
19:55:27 | INFO: Primitives created: 1
19:55:27 | INFO: Extracting primitive: M1_supurgelik_032
19:55:27 | INFO: Primitives created: 1
19:55:27 | INFO: Extracting primitive: M1_supurgelik_033
19:55:27 | INFO: Primitives created: 1
19:55:27 | INFO: Extracting primitive: M1_supurgelik_034
19:55:27 | INFO: Primitives created: 1
19:55:27 | INFO: Extracting primitive: M1_supurgelik_035
19:55:27 | INFO: Primitives created: 1
19:55:27 | INFO: Extracting primitive: M1_supurgelik_036
19:55:27 | INFO: Primitives created: 1
19:55:27 | INFO: Extracting primitive: M1_supurgelik_037
19:55:27 | INFO: Primitives created: 1
19:55:27 | INFO: Extracting primitive: M1_supurgelik_038
19:55:27 | INFO: Primitives created: 1
19:55:27 | INFO: Extracting primitive: M1_supurgelik_039
19:55:27 | INFO: Primitives created: 1
19:55:27 | INFO: Extracting primitive: M1_supurgelik_040
19:55:27 | INFO: Primitives created: 1
19:55:27 | INFO: Extracting primitive: M1_supurgelik_041
19:55:27 | INFO: Primitives created: 1
19:55:27 | INFO: Extracting primitive: M1_supurgelik_042
19:55:27 | INFO: Primitives created: 1
19:55:27 | INFO: Extracting primitive: M1_supurgelik_043
19:55:27 | INFO: Primitives created: 1
19:55:27 | INFO: Extracting primitive: M1_supurgelik_044
19:55:27 | INFO: Primitives created: 1
19:55:27 | INFO: Extracting primitive: M1_supurgelik_045
19:55:27 | INFO: Primitives created: 1
19:55:27 | INFO: Extracting primitive: M1_supurgelik_046
19:55:27 | INFO: Primitives created: 1
19:55:27 | INFO: Extracting primitive: M1_supurgelik_047
19:55:27 | INFO: Primitives created: 1
19:55:27 | INFO: Extracting primitive: M1_supurgelik_048
19:55:27 | INFO: Primitives created: 1
19:55:27 | INFO: Extracting primitive: M1_supurgelik_049
19:55:27 | INFO: Primitives created: 1
19:55:27 | INFO: Extracting primitive: M1_supurgelik_050
19:55:27 | INFO: Primitives created: 1
19:55:27 | INFO: Extracting primitive: M1_supurgelik_051
19:55:27 | INFO: Primitives created: 1
19:55:27 | INFO: Extracting primitive: M1_supurgelik_052
19:55:27 | INFO: Primitives created: 1
19:55:27 | INFO: Extracting primitive: M1_supurgelik_053
19:55:27 | INFO: Primitives created: 1
19:55:27 | INFO: Extracting primitive: M1_supurgelik_054
19:55:27 | INFO: Primitives created: 1
19:55:27 | INFO: Extracting primitive: M1_supurgelik_055
19:55:27 | INFO: Primitives created: 1
19:55:27 | INFO: Extracting primitive: M1_supurgelik_056
19:55:27 | INFO: Primitives created: 1
19:55:27 | INFO: Extracting primitive: M1_supurgelik_057
19:55:27 | INFO: Primitives created: 1
19:55:27 | INFO: Extracting primitive: M1_supurgelik_058
19:55:27 | INFO: Primitives created: 1
19:55:27 | INFO: Extracting primitive: M1_supurgelik_059
19:55:27 | INFO: Primitives created: 1
19:55:27 | INFO: Extracting primitive: M1_supurgelik_060
19:55:27 | INFO: Primitives created: 1
19:55:27 | INFO: Extracting primitive: M1_supurgelik_061
19:55:27 | INFO: Primitives created: 1
19:55:27 | INFO: Extracting primitive: M1_supurgelik_062
19:55:27 | INFO: Primitives created: 1
19:55:27 | INFO: Extracting primitive: M1_supurgelik_063
19:55:27 | INFO: Primitives created: 1
19:55:27 | INFO: Extracting primitive: M1_supurgelik_064
19:55:27 | INFO: Primitives created: 1
19:55:27 | INFO: Extracting primitive: M1_supurgelik_065
19:55:27 | INFO: Primitives created: 1
19:55:27 | INFO: Extracting primitive: M1_supurgelik_066
19:55:27 | INFO: Primitives created: 1
19:55:27 | INFO: Extracting primitive: M1_supurgelik_067
19:55:27 | INFO: Primitives created: 1
19:55:27 | INFO: Extracting primitive: M1_supurgelik_068
19:55:27 | INFO: Primitives created: 1
19:55:27 | INFO: Extracting primitive: M1_supurgelik_069
19:55:27 | INFO: Primitives created: 1
19:55:27 | INFO: Extracting primitive: M1_supurgelik_070
19:55:27 | INFO: Primitives created: 1
19:55:27 | INFO: Extracting primitive: M1_supurgelik_071
19:55:27 | INFO: Primitives created: 1
19:55:27 | INFO: Extracting primitive: M1_supurgelik_072
19:55:27 | INFO: Primitives created: 1
19:55:27 | INFO: Extracting primitive: M1_supurgelik_073
19:55:27 | INFO: Primitives created: 1
19:55:27 | INFO: Extracting primitive: M1_supurgelik_074
19:55:29 | INFO: Primitives created: 1
19:55:29 | INFO: Extracting primitive: M1_supurgelik_075
19:55:29 | INFO: Primitives created: 1
19:55:29 | INFO: Extracting primitive: M1_supurgelik_076
19:55:29 | INFO: Primitives created: 1
19:55:29 | INFO: Extracting primitive: M1_supurgelik_077
19:55:29 | INFO: Primitives created: 1
19:55:29 | INFO: Extracting primitive: M1_supurgelik_078
19:55:29 | INFO: Primitives created: 1
19:55:29 | INFO: Extracting primitive: M1_supurgelik_079
19:55:29 | INFO: Primitives created: 1
19:55:29 | INFO: Extracting primitive: M1_supurgelik_080
19:55:29 | INFO: Primitives created: 1
19:55:29 | INFO: Extracting primitive: M1_supurgelik_081
19:55:29 | INFO: Primitives created: 1
19:55:29 | INFO: Extracting primitive: M1_supurgelik_082
19:55:29 | INFO: Primitives created: 1
19:55:29 | INFO: Extracting primitive: M1_supurgelik_083
19:55:29 | INFO: Primitives created: 1
19:55:29 | INFO: Extracting primitive: M1_supurgelik_084
19:55:29 | INFO: Primitives created: 1
19:55:29 | INFO: Extracting primitive: M1_supurgelik_085
19:55:29 | INFO: Primitives created: 1
19:55:29 | INFO: Extracting primitive: M1_supurgelik_086
19:55:29 | INFO: Primitives created: 1
19:55:29 | INFO: Extracting primitive: M1_supurgelik_087
19:55:29 | INFO: Primitives created: 1
19:55:29 | INFO: Extracting primitive: M1_supurgelik_088
19:55:29 | INFO: Primitives created: 1
19:55:29 | INFO: Extracting primitive: M1_supurgelik_089
19:55:29 | INFO: Primitives created: 1
19:55:29 | INFO: Extracting primitive: M1_supurgelik_090
19:55:29 | INFO: Primitives created: 1
19:55:29 | INFO: Extracting primitive: M1_supurgelik_091
19:55:29 | INFO: Primitives created: 1
19:55:29 | INFO: Extracting primitive: M1_supurgelik_092
19:55:29 | INFO: Primitives created: 1
19:55:29 | INFO: Extracting primitive: M1_supurgelik_093
19:55:29 | INFO: Primitives created: 1
19:55:29 | INFO: Extracting primitive: M1_supurgelik_094
19:55:29 | INFO: Primitives created: 1
19:55:29 | INFO: Extracting primitive: M1_supurgelik_095
19:55:29 | INFO: Primitives created: 1
19:55:29 | INFO: Extracting primitive: M1_supurgelik_096
19:55:29 | INFO: Primitives created: 1
19:55:29 | INFO: Extracting primitive: M1_supurgelik_097
19:55:29 | INFO: Primitives created: 1
19:55:29 | INFO: Extracting primitive: M1_supurgelik_098
19:55:29 | INFO: Primitives created: 1
19:55:29 | INFO: Extracting primitive: M1_supurgelik_099
19:55:29 | INFO: Primitives created: 1
19:55:29 | INFO: Extracting primitive: M1_supurgelik_100
19:55:29 | INFO: Primitives created: 1
19:55:29 | INFO: Extracting primitive: M1_supurgelik_101
19:55:29 | INFO: Primitives created: 1
19:55:29 | INFO: Extracting primitive: M1_supurgelik_102
19:55:29 | INFO: Primitives created: 1
19:55:29 | INFO: Extracting primitive: M1_supurgelik_103
19:55:29 | INFO: Primitives created: 1
19:55:29 | INFO: Extracting primitive: M1_supurgelik_104
19:55:29 | INFO: Primitives created: 1
19:55:29 | INFO: Extracting primitive: M1_supurgelik_105
19:55:29 | INFO: Primitives created: 1
19:55:29 | INFO: Extracting primitive: M1_supurgelik_106
19:55:29 | INFO: Primitives created: 1
19:55:29 | INFO: Extracting primitive: M1_supurgelik_107
19:55:29 | INFO: Primitives created: 1
19:55:29 | INFO: Extracting primitive: M1_supurgelik_108
19:55:29 | INFO: Primitives created: 1
19:55:29 | INFO: Extracting primitive: M1_supurgelik_109
19:55:29 | INFO: Primitives created: 1
19:55:29 | INFO: Extracting primitive: M1_supurgelik_110
19:55:29 | INFO: Primitives created: 1
19:55:29 | INFO: Extracting primitive: M1_supurgelik_111
19:55:29 | INFO: Primitives created: 1
19:55:29 | INFO: Extracting primitive: M1_supurgelik_112
19:55:29 | INFO: Primitives created: 1
19:55:29 | INFO: Extracting primitive: M1_supurgelik_113
19:55:29 | INFO: Primitives created: 1
19:55:29 | INFO: Extracting primitive: M1_supurgelik_114
19:55:29 | INFO: Primitives created: 1
19:55:29 | INFO: Extracting primitive: M1_supurgelik_115
19:55:29 | INFO: Primitives created: 1
19:55:29 | INFO: Extracting primitive: M1_supurgelik_116
19:55:29 | INFO: Primitives created: 1
19:55:29 | INFO: Extracting primitive: M1_supurgelik_117
19:55:29 | INFO: Primitives created: 1
19:55:29 | INFO: Extracting primitive: M1_supurgelik_118
19:55:29 | INFO: Primitives created: 1
19:55:29 | INFO: Extracting primitive: M1_supurgelik_119
19:55:31 | INFO: Primitives created: 1
19:55:31 | INFO: Extracting primitive: M1_supurgelik_120
19:55:31 | INFO: Primitives created: 1
19:55:31 | INFO: Extracting primitive: M1_supurgelik_121
19:55:31 | INFO: Primitives created: 1
19:55:31 | INFO: Extracting primitive: M1_supurgelik_122
19:55:31 | INFO: Primitives created: 1
19:55:31 | INFO: Extracting primitive: M1_supurgelik_123
19:55:31 | INFO: Primitives created: 1
19:55:31 | INFO: Extracting primitive: M1_supurgelik_124
19:55:31 | INFO: Primitives created: 1
19:55:31 | INFO: Extracting primitive: M1_supurgelik_125
19:55:31 | INFO: Primitives created: 1
19:55:31 | INFO: Extracting primitive: M1_supurgelik_126
19:55:31 | INFO: Primitives created: 1
19:55:31 | INFO: Extracting primitive: M1_supurgelik_127
19:55:31 | INFO: Primitives created: 1
19:55:31 | INFO: Extracting primitive: M1_supurgelik_128
19:55:31 | INFO: Primitives created: 1
19:55:31 | INFO: Extracting primitive: M1_supurgelik_129
19:55:31 | INFO: Primitives created: 1
19:55:31 | INFO: Extracting primitive: M1_supurgelik_130
19:55:31 | INFO: Primitives created: 1
19:55:31 | INFO: Extracting primitive: M1_supurgelik_131
19:55:31 | INFO: Primitives created: 1
19:55:31 | INFO: Extracting primitive: M1_supurgelik_132
19:55:31 | INFO: Primitives created: 1
19:55:31 | INFO: Extracting primitive: M1_supurgelik_133
19:55:31 | INFO: Primitives created: 1
19:55:31 | INFO: Extracting primitive: M1_supurgelik_134
19:55:31 | INFO: Primitives created: 1
19:55:31 | INFO: Extracting primitive: M1_supurgelik_135
19:55:31 | INFO: Primitives created: 1
19:55:31 | INFO: Extracting primitive: M1_supurgelik_136
19:55:31 | INFO: Primitives created: 1
19:55:31 | INFO: Extracting primitive: M1_supurgelik_137
19:55:31 | INFO: Primitives created: 1
19:55:31 | INFO: Extracting primitive: M1_supurgelik_138
19:55:31 | INFO: Primitives created: 1
19:55:31 | INFO: Extracting primitive: M1_supurgelik_139
19:55:31 | INFO: Primitives created: 1
19:55:31 | INFO: Extracting primitive: M1_supurgelik_140
19:55:31 | INFO: Primitives created: 1
19:55:31 | INFO: Extracting primitive: M1_supurgelik_141
19:55:31 | INFO: Primitives created: 1
19:55:31 | INFO: Extracting primitive: M1_supurgelik_142
19:55:31 | INFO: Primitives created: 1
19:55:31 | INFO: Extracting primitive: M1_supurgelik_143
19:55:31 | INFO: Primitives created: 1
19:55:31 | INFO: Extracting primitive: M1_supurgelik_144
19:55:31 | INFO: Primitives created: 1
19:55:31 | INFO: Extracting primitive: M1_supurgelik_145
19:55:31 | INFO: Primitives created: 1
19:55:31 | INFO: Extracting primitive: M1_supurgelik_146
19:55:31 | INFO: Primitives created: 1
19:55:31 | INFO: Extracting primitive: M1_supurgelik_147
19:55:31 | INFO: Primitives created: 1
19:55:31 | INFO: Extracting primitive: M1_supurgelik_148
19:55:31 | INFO: Primitives created: 1
19:55:31 | INFO: Extracting primitive: M1_supurgelik_149
19:55:31 | INFO: Primitives created: 1
19:55:31 | INFO: Extracting primitive: M1_supurgelik_150
19:55:31 | INFO: Primitives created: 1
19:55:31 | INFO: Extracting primitive: M1_supurgelik_151
19:55:31 | INFO: Primitives created: 1
19:55:31 | INFO: Extracting primitive: M1_supurgelik_152
19:55:31 | INFO: Primitives created: 1
19:55:31 | INFO: Extracting primitive: M1_supurgelik_153
19:55:31 | INFO: Primitives created: 1
19:55:31 | INFO: Extracting primitive: M1_supurgelik_154
19:55:31 | INFO: Primitives created: 1
19:55:31 | INFO: Extracting primitive: M1_supurgelik_155
19:55:31 | INFO: Primitives created: 1
19:55:31 | INFO: Extracting primitive: M1_supurgelik_156
19:55:31 | INFO: Primitives created: 1
19:55:31 | INFO: Extracting primitive: M1_supurgelik_157
19:55:31 | INFO: Primitives created: 1
19:55:31 | INFO: Extracting primitive: M1_supurgelik_158
19:55:31 | INFO: Primitives created: 1
19:55:31 | INFO: Extracting primitive: M1_supurgelik_159
19:55:31 | INFO: Primitives created: 1
19:55:31 | INFO: Extracting primitive: M1_supurgelik_160
19:55:31 | INFO: Primitives created: 1
19:55:31 | INFO: Extracting primitive: M1_supurgelik_161
19:55:31 | INFO: Primitives created: 1
19:55:31 | INFO: Extracting primitive: M1_supurgelik_162
19:55:31 | INFO: Primitives created: 1
19:55:31 | INFO: Extracting primitive: M1_supurgelik_163
19:55:31 | INFO: Primitives created: 1
19:55:31 | INFO: Extracting primitive: M1_supurgelik_164
19:55:31 | INFO: Primitives created: 1
19:55:31 | INFO: Extracting primitive: M1_supurgelik_165
19:55:31 | INFO: Primitives created: 1
19:55:31 | INFO: Extracting primitive: M1_supurgelik_166
19:55:31 | INFO: Primitives created: 1
19:55:31 | INFO: Extracting primitive: M1_supurgelik_167
19:55:31 | INFO: Primitives created: 1
19:55:31 | INFO: Extracting primitive: M1_supurgelik_168
19:55:31 | INFO: Primitives created: 1
19:55:31 | INFO: Extracting primitive: M1_supurgelik_169
19:55:31 | INFO: Primitives created: 1
19:55:31 | INFO: Extracting primitive: M1_supurgelik_170
19:55:31 | INFO: Primitives created: 1
19:55:31 | INFO: Extracting primitive: M1_supurgelik_171
19:55:31 | INFO: Primitives created: 1
19:55:31 | INFO: Extracting primitive: M1_supurgelik_172
19:55:31 | INFO: Primitives created: 1
19:55:31 | INFO: Extracting primitive: M1_supurgelik_173
19:55:31 | INFO: Primitives created: 1
19:55:31 | INFO: Extracting primitive: M1_supurgelik_174
19:55:31 | INFO: Primitives created: 1
19:55:31 | INFO: Extracting primitive: M1_supurgelik_175
19:55:31 | INFO: Primitives created: 1
19:55:31 | INFO: Extracting primitive: M1_supurgelik_176
19:55:31 | INFO: Primitives created: 1
19:55:31 | INFO: Extracting primitive: M1_supurgelik_177
19:55:31 | INFO: Primitives created: 1
19:55:31 | INFO: Extracting primitive: M1_supurgelik_178
19:55:31 | INFO: Primitives created: 1
19:55:31 | INFO: Extracting primitive: M1_supurgelik_179
19:55:31 | INFO: Primitives created: 1
19:55:31 | INFO: Extracting primitive: M1_supurgelik_180
19:55:31 | INFO: Primitives created: 1
19:55:31 | INFO: Extracting primitive: M1_supurgelik_181
19:55:31 | INFO: Primitives created: 1
19:55:31 | INFO: Extracting primitive: M1_supurgelik_182
19:55:31 | INFO: Primitives created: 1
19:55:31 | INFO: Extracting primitive: M1_supurgelik_183
19:55:31 | INFO: Primitives created: 1
19:55:31 | INFO: Extracting primitive: M1_supurgelik_184
19:55:31 | INFO: Primitives created: 1
19:55:31 | INFO: Extracting primitive: M1_supurgelik_185
19:55:31 | INFO: Primitives created: 1
19:55:31 | INFO: Extracting primitive: M1_supurgelik_186
19:55:31 | INFO: Primitives created: 1
19:55:31 | INFO: Extracting primitive: M1_supurgelik_187
19:55:31 | INFO: Primitives created: 1
19:55:31 | INFO: Extracting primitive: M1_supurgelik_188
19:55:31 | INFO: Primitives created: 1
19:55:31 | INFO: Extracting primitive: M1_supurgelik_189
19:55:31 | INFO: Primitives created: 1
19:55:31 | INFO: Extracting primitive: M1_supurgelik_190
19:55:31 | INFO: Primitives created: 1
19:55:31 | INFO: Extracting primitive: M1_supurgelik_191
19:55:31 | INFO: Primitives created: 1
19:55:31 | INFO: Extracting primitive: M1_supurgelik_192
19:55:31 | INFO: Primitives created: 1
19:55:31 | INFO: Extracting primitive: M1_supurgelik_193
19:55:31 | INFO: Primitives created: 1
19:55:31 | INFO: Extracting primitive: M1_supurgelik_194
19:55:31 | INFO: Primitives created: 1
19:55:31 | INFO: Extracting primitive: M1_supurgelik_195
19:55:31 | INFO: Primitives created: 1
19:55:31 | INFO: Extracting primitive: M1_supurgelik_196
19:55:31 | INFO: Primitives created: 1
19:55:31 | INFO: Extracting primitive: M1_supurgelik_197
19:55:31 | INFO: Primitives created: 1
19:55:31 | INFO: Extracting primitive: M1_supurgelik_198
19:55:31 | INFO: Primitives created: 1
19:55:31 | INFO: Extracting primitive: M1_supurgelik_199
19:55:31 | INFO: Primitives created: 1
19:55:31 | INFO: Extracting primitive: M1_supurgelik_200
19:55:31 | INFO: Primitives created: 1
19:55:31 | INFO: Extracting primitive: M1_supurgelik_201
19:55:31 | INFO: Primitives created: 1
19:55:31 | INFO: Extracting primitive: M1_supurgelik_202
19:55:31 | INFO: Primitives created: 1
19:55:31 | INFO: Extracting primitive: M1_supurgelik_203
19:55:31 | INFO: Primitives created: 1
19:55:31 | INFO: Extracting primitive: M1_supurgelik_204
19:55:31 | INFO: Primitives created: 1
19:55:31 | INFO: Extracting primitive: M1_supurgelik_205
19:55:31 | INFO: Primitives created: 1
19:55:31 | INFO: Extracting primitive: M1_supurgelik_206
19:55:31 | INFO: Primitives created: 1
19:55:31 | INFO: Extracting primitive: M1_supurgelik_207
19:55:31 | INFO: Primitives created: 1
19:55:31 | INFO: Extracting primitive: M1_supurgelik_208
19:55:31 | INFO: Primitives created: 1
19:55:31 | INFO: Extracting primitive: M1_supurgelik_209
19:55:31 | INFO: Primitives created: 1
19:55:31 | INFO: Extracting primitive: M1_supurgelik_210
19:55:31 | INFO: Primitives created: 1
19:55:31 | INFO: Extracting primitive: M1_supurgelik_211
19:55:31 | INFO: Primitives created: 1
19:55:31 | INFO: Extracting primitive: M1_supurgelik_212
19:55:31 | INFO: Primitives created: 1
19:55:31 | INFO: Extracting primitive: M1_supurgelik_213
19:55:31 | INFO: Primitives created: 1
19:55:31 | INFO: Extracting primitive: M1_supurgelik_214
19:55:31 | INFO: Primitives created: 1
19:55:31 | INFO: Extracting primitive: M1_supurgelik_215
19:55:31 | INFO: Primitives created: 1
19:55:31 | INFO: Extracting primitive: M1_supurgelik_216
19:55:31 | INFO: Primitives created: 1
19:55:31 | INFO: Extracting primitive: M1_supurgelik_217
19:55:31 | INFO: Primitives created: 1
19:55:31 | INFO: Extracting primitive: M1_supurgelik_218
19:55:31 | INFO: Primitives created: 1
19:55:31 | INFO: Extracting primitive: M1_supurgelik_219
19:55:31 | INFO: Primitives created: 1
19:55:31 | INFO: Extracting primitive: M1_supurgelik_220
19:55:31 | INFO: Primitives created: 1
19:55:31 | INFO: Extracting primitive: M1_supurgelik_221
19:55:31 | INFO: Primitives created: 1
19:55:31 | INFO: Extracting primitive: M1_supurgelik_222
19:55:31 | INFO: Primitives created: 1
19:55:31 | INFO: Extracting primitive: M1_supurgelik_223
19:55:31 | INFO: Primitives created: 1
19:55:31 | INFO: Extracting primitive: M1_supurgelik_224
19:55:31 | INFO: Primitives created: 1
19:55:31 | INFO: Extracting primitive: M1_supurgelik_225
19:55:31 | INFO: Primitives created: 1
19:55:31 | INFO: Extracting primitive: M1_supurgelik_226
19:55:31 | INFO: Primitives created: 1
19:55:31 | INFO: Extracting primitive: M1_supurgelik_227
19:55:31 | INFO: Primitives created: 1
19:55:31 | INFO: Extracting primitive: M1_supurgelik_228
19:55:31 | INFO: Primitives created: 1
19:55:31 | INFO: Extracting primitive: M1_supurgelik_229
19:55:31 | INFO: Primitives created: 1
19:55:31 | INFO: Extracting primitive: M1_supurgelik_230
19:55:31 | INFO: Primitives created: 1
19:55:31 | INFO: Extracting primitive: M1_supurgelik_231
19:55:31 | INFO: Primitives created: 1
19:55:31 | INFO: Extracting primitive: M1_supurgelik_232
19:55:31 | INFO: Primitives created: 1
19:55:31 | INFO: Extracting primitive: M1_supurgelik_233
19:55:31 | INFO: Primitives created: 1
19:55:31 | INFO: Extracting primitive: M1_supurgelik_234
19:55:31 | INFO: Primitives created: 1
19:55:31 | INFO: Extracting primitive: M1_supurgelik_235
19:55:31 | INFO: Primitives created: 1
19:55:31 | INFO: Extracting primitive: M1_supurgelik_236
19:55:31 | INFO: Primitives created: 1
19:55:31 | INFO: Extracting primitive: M1_supurgelik_237
19:55:31 | INFO: Primitives created: 1
19:55:31 | INFO: Extracting primitive: M1_supurgelik_238
19:55:31 | INFO: Primitives created: 1
19:55:31 | INFO: Extracting primitive: M1_supurgelik_239
19:55:31 | INFO: Primitives created: 1
19:55:31 | INFO: Extracting primitive: M1_supurgelik_240
19:55:31 | INFO: Primitives created: 1
19:55:31 | INFO: Extracting primitive: M1_supurgelik_241
19:55:31 | INFO: Primitives created: 1
19:55:31 | INFO: Extracting primitive: M1_supurgelik_242
19:55:31 | INFO: Primitives created: 1
19:55:31 | INFO: Extracting primitive: M1_supurgelik_243
19:55:31 | INFO: Primitives created: 1
19:55:31 | INFO: Extracting primitive: M1_supurgelik_244
19:55:31 | INFO: Primitives created: 1
19:55:31 | INFO: Extracting primitive: M1_supurgelik_245
19:55:31 | INFO: Primitives created: 1
19:55:31 | INFO: Extracting primitive: M1_supurgelik_246
19:55:31 | INFO: Primitives created: 1
19:55:31 | INFO: Extracting primitive: M1_supurgelik_247
19:55:31 | INFO: Primitives created: 1
19:55:31 | INFO: Extracting primitive: M1_supurgelik_248
19:55:31 | INFO: Primitives created: 1
19:55:31 | INFO: Extracting primitive: M1_supurgelik_249
19:55:31 | INFO: Primitives created: 1
19:55:31 | INFO: Extracting primitive: M1_supurgelik_250
19:55:31 | INFO: Primitives created: 1
19:55:31 | INFO: Extracting primitive: M1_supurgelik_251
19:55:31 | INFO: Primitives created: 1
19:55:31 | INFO: Extracting primitive: M1_supurgelik_252
19:55:31 | INFO: Primitives created: 1
19:55:31 | INFO: Extracting primitive: M1_supurgelik_253
19:55:31 | INFO: Primitives created: 1
19:55:31 | INFO: Extracting primitive: M1_supurgelik_254
19:55:31 | INFO: Primitives created: 1
19:55:31 | INFO: Extracting primitive: M1_supurgelik_255
19:55:31 | INFO: Primitives created: 1
19:55:31 | INFO: Extracting primitive: M1_supurgelik_256
19:55:31 | INFO: Primitives created: 1
19:55:31 | INFO: Extracting primitive: M1_supurgelik_257
19:55:31 | INFO: Primitives created: 1
19:55:31 | INFO: Extracting primitive: M1_supurgelik_258
19:55:31 | INFO: Primitives created: 1
19:55:31 | INFO: Extracting primitive: M1_supurgelik_259
19:55:31 | INFO: Primitives created: 1
19:55:31 | INFO: Extracting primitive: M1_supurgelik_260
19:55:31 | INFO: Primitives created: 1
19:55:31 | INFO: Extracting primitive: M1_supurgelik_261
19:55:31 | INFO: Primitives created: 1
19:55:31 | INFO: Extracting primitive: M1_supurgelik_262
19:55:31 | INFO: Primitives created: 1
19:55:31 | INFO: Extracting primitive: M1_supurgelik_263
19:55:31 | INFO: Primitives created: 1
19:55:31 | INFO: Extracting primitive: M1_supurgelik_264
19:55:31 | INFO: Primitives created: 1
19:55:31 | INFO: Extracting primitive: M1_supurgelik_265
19:55:31 | INFO: Primitives created: 1
19:55:31 | INFO: Extracting primitive: M1_supurgelik_266
19:55:31 | INFO: Primitives created: 1
19:55:31 | INFO: Extracting primitive: M1_supurgelik_267
19:55:31 | INFO: Primitives created: 1
19:55:31 | INFO: Extracting primitive: M1_supurgelik_268
19:55:31 | INFO: Primitives created: 1
19:55:31 | INFO: Extracting primitive: M1_supurgelik_269
19:55:31 | INFO: Primitives created: 1
19:55:31 | INFO: Extracting primitive: M1_supurgelik_270
19:55:31 | INFO: Primitives created: 1
19:55:31 | INFO: Extracting primitive: M1_supurgelik_271
19:55:31 | INFO: Primitives created: 1
19:55:31 | INFO: Extracting primitive: M1_supurgelik_272
19:55:31 | INFO: Primitives created: 1
19:55:31 | INFO: Extracting primitive: M1_supurgelik_273
19:55:31 | INFO: Primitives created: 1
19:55:31 | INFO: Extracting primitive: M1_supurgelik_274
19:55:31 | INFO: Primitives created: 1
19:55:31 | INFO: Extracting primitive: M1_supurgelik_275
19:55:31 | INFO: Primitives created: 1
19:55:31 | INFO: Extracting primitive: M1_supurgelik_276
19:55:31 | INFO: Primitives created: 1
19:55:31 | INFO: Extracting primitive: M1_supurgelik_277
19:55:31 | INFO: Primitives created: 1
19:55:31 | INFO: Extracting primitive: M1_supurgelik_278
19:55:31 | INFO: Primitives created: 1
19:55:31 | INFO: Extracting primitive: M1_supurgelik_279
19:55:31 | INFO: Primitives created: 1
19:55:31 | INFO: Extracting primitive: M1_supurgelik_280
19:55:31 | INFO: Primitives created: 1
19:55:31 | INFO: Extracting primitive: M1_supurgelik_281
19:55:31 | INFO: Primitives created: 1
19:55:31 | INFO: Extracting primitive: M1_supurgelik_282
19:55:31 | INFO: Primitives created: 1
19:55:31 | INFO: Extracting primitive: M1_supurgelik_283
19:55:31 | INFO: Primitives created: 1
19:55:31 | INFO: Extracting primitive: M1_supurgelik_284
19:55:31 | INFO: Primitives created: 1
19:55:31 | INFO: Extracting primitive: M1_supurgelik_285
19:55:31 | INFO: Primitives created: 1
19:55:31 | INFO: Extracting primitive: M1_supurgelik_286
19:55:31 | INFO: Primitives created: 1
19:55:31 | INFO: Extracting primitive: M1_supurgelik_287
19:55:31 | INFO: Primitives created: 1
19:55:31 | INFO: Extracting primitive: M1_supurgelik_288
19:55:31 | INFO: Primitives created: 1
19:55:31 | INFO: Extracting primitive: M1_supurgelik_289
19:55:31 | INFO: Primitives created: 1
19:55:31 | INFO: Extracting primitive: M1_supurgelik_290
19:55:31 | INFO: Primitives created: 1
19:55:31 | INFO: Extracting primitive: M1_supurgelik_291
19:55:31 | INFO: Primitives created: 1
19:55:31 | INFO: Extracting primitive: M1_supurgelik_292
19:55:31 | INFO: Primitives created: 1
19:55:31 | INFO: Extracting primitive: M1_supurgelik_293
19:55:31 | INFO: Primitives created: 1
19:55:31 | INFO: Extracting primitive: M1_supurgelik_294
19:55:31 | INFO: Primitives created: 1
19:55:31 | INFO: Extracting primitive: M2_K0_0_basamak.009
19:55:31 | INFO: Primitives created: 1
19:55:31 | INFO: Extracting primitive: M2_K0_0_basamak.010
19:55:31 | INFO: Primitives created: 1
19:55:31 | INFO: Extracting primitive: M2_K0_0_basamak.011
19:55:31 | INFO: Primitives created: 1
19:55:31 | INFO: Extracting primitive: M2_K0_0_basamak.012
19:55:31 | INFO: Primitives created: 1
19:55:31 | INFO: Extracting primitive: M2_K0_0_basamak.013
19:55:31 | INFO: Primitives created: 1
19:55:31 | INFO: Extracting primitive: M2_K0_0_basamak.014
19:55:31 | INFO: Primitives created: 1
19:55:31 | INFO: Extracting primitive: M2_K0_0_basamak.015
19:55:31 | INFO: Primitives created: 1
19:55:31 | INFO: Extracting primitive: M2_K0_0_basamak.016
19:55:31 | INFO: Primitives created: 1
19:55:31 | INFO: Extracting primitive: M2_K0_0_basamak.017
19:55:31 | INFO: Primitives created: 1
19:55:31 | INFO: Extracting primitive: M2_K0_0_beyaz_altyapi.001
19:55:31 | INFO: Primitives created: 1
19:55:31 | INFO: Extracting primitive: M2_K0_0_korkuluk_ayak.002
19:55:31 | INFO: Primitives created: 1
19:55:31 | INFO: Extracting primitive: M2_K0_0_korkuluk_ayak.003
19:55:31 | INFO: Primitives created: 1
19:55:31 | INFO: Extracting primitive: M2_K0_0_korkuluk_ayak.005
19:55:31 | INFO: Primitives created: 1
19:55:31 | INFO: Extracting primitive: M2_K0_0_korkuluk_C_surgun.016
19:55:31 | INFO: Primitives created: 1
19:55:31 | INFO: Extracting primitive: M2_K0_0_korkuluk_C_surgun.017
19:55:31 | INFO: Primitives created: 1
19:55:31 | INFO: Extracting primitive: M2_K0_0_korkuluk_C_surgun.018
19:55:31 | INFO: Primitives created: 1
19:55:31 | INFO: Extracting primitive: M2_K0_0_korkuluk_C_surgun.019
19:55:31 | INFO: Primitives created: 1
19:55:31 | INFO: Extracting primitive: M2_K0_0_korkuluk_C_surgun.020
19:55:31 | INFO: Primitives created: 1
19:55:31 | INFO: Extracting primitive: M2_K0_0_korkuluk_C_surgun.021
19:55:31 | INFO: Primitives created: 1
19:55:31 | INFO: Extracting primitive: M2_K0_0_korkuluk_C_surgun.022
19:55:31 | INFO: Primitives created: 1
19:55:31 | INFO: Extracting primitive: M2_K0_0_korkuluk_C_surgun.023
19:55:31 | INFO: Primitives created: 1
19:55:31 | INFO: Extracting primitive: M2_K0_0_korkuluk_C_surgun.024
19:55:31 | INFO: Primitives created: 1
19:55:31 | INFO: Extracting primitive: M2_K0_0_korkuluk_C_surgun.025
19:55:31 | INFO: Primitives created: 1
19:55:31 | INFO: Extracting primitive: M2_K0_0_korkuluk_C_surgun.026
19:55:31 | INFO: Primitives created: 1
19:55:31 | INFO: Extracting primitive: M2_K0_0_korkuluk_C_surgun.027
19:55:31 | INFO: Primitives created: 1
19:55:31 | INFO: Extracting primitive: M2_K0_0_korkuluk_C_surgun.028
19:55:31 | INFO: Primitives created: 1
19:55:31 | INFO: Extracting primitive: M2_K0_0_korkuluk_C_surgun.029
19:55:31 | INFO: Primitives created: 1
19:55:31 | INFO: Extracting primitive: M2_K0_0_korkuluk_C_surgun.030
19:55:31 | INFO: Primitives created: 1
19:55:31 | INFO: Extracting primitive: M2_K0_0_korkuluk_C_surgun.031
19:55:31 | INFO: Primitives created: 1
19:55:31 | INFO: Extracting primitive: M2_K0_0_korkuluk_cerceve.002
19:55:31 | INFO: Primitives created: 1
19:55:31 | INFO: Extracting primitive: M2_K0_0_korkuluk_cerceve.003
19:55:31 | INFO: Primitives created: 1
19:55:31 | INFO: Extracting primitive: M2_K0_0_korkuluk_dikme.002
19:55:31 | INFO: Primitives created: 1
19:55:31 | INFO: Extracting primitive: M2_K0_0_korkuluk_dikme.003
19:55:31 | INFO: Primitives created: 1
19:55:31 | INFO: Extracting primitive: M2_K0_0_korkuluk_dikme.005
19:55:31 | INFO: Primitives created: 1
19:55:31 | INFO: Extracting primitive: M2_K0_0_korkuluk_kupeste.001
19:55:33 | INFO: Primitives created: 1
19:55:33 | INFO: Extracting primitive: M2_K0_0_korkuluk_S_ana.016
19:55:33 | INFO: Primitives created: 1
19:55:33 | INFO: Extracting primitive: M2_K0_0_korkuluk_S_ana.017
19:55:33 | INFO: Primitives created: 1
19:55:33 | INFO: Extracting primitive: M2_K0_0_korkuluk_S_ana.018
19:55:33 | INFO: Primitives created: 1
19:55:33 | INFO: Extracting primitive: M2_K0_0_korkuluk_S_ana.019
19:55:33 | INFO: Primitives created: 1
19:55:33 | INFO: Extracting primitive: M2_K0_0_korkuluk_S_ana.020
19:55:33 | INFO: Primitives created: 1
19:55:33 | INFO: Extracting primitive: M2_K0_0_korkuluk_S_ana.021
19:55:33 | INFO: Primitives created: 1
19:55:33 | INFO: Extracting primitive: M2_K0_0_korkuluk_S_ana.022
19:55:33 | INFO: Primitives created: 1
19:55:33 | INFO: Extracting primitive: M2_K0_0_korkuluk_S_ana.023
19:55:33 | INFO: Primitives created: 1
19:55:33 | INFO: Extracting primitive: M2_K0_0_korkuluk_S_ana.024
19:55:33 | INFO: Primitives created: 1
19:55:33 | INFO: Extracting primitive: M2_K0_0_korkuluk_S_ana.025
19:55:33 | INFO: Primitives created: 1
19:55:33 | INFO: Extracting primitive: M2_K0_0_korkuluk_S_ana.026
19:55:33 | INFO: Primitives created: 1
19:55:33 | INFO: Extracting primitive: M2_K0_0_korkuluk_S_ana.027
19:55:33 | INFO: Primitives created: 1
19:55:33 | INFO: Extracting primitive: M2_K0_0_korkuluk_S_ana.028
19:55:33 | INFO: Primitives created: 1
19:55:33 | INFO: Extracting primitive: M2_K0_0_korkuluk_S_ana.029
19:55:33 | INFO: Primitives created: 1
19:55:33 | INFO: Extracting primitive: M2_K0_0_korkuluk_S_ana.030
19:55:33 | INFO: Primitives created: 1
19:55:33 | INFO: Extracting primitive: M2_K0_0_korkuluk_S_ana.031
19:55:33 | INFO: Primitives created: 1
19:55:33 | INFO: Extracting primitive: M2_K0_0_riht.009
19:55:33 | INFO: Primitives created: 1
19:55:33 | INFO: Extracting primitive: M2_K0_0_riht.010
19:55:33 | INFO: Primitives created: 1
19:55:33 | INFO: Extracting primitive: M2_K0_0_riht.011
19:55:33 | INFO: Primitives created: 1
19:55:33 | INFO: Extracting primitive: M2_K0_0_riht.012
19:55:33 | INFO: Primitives created: 1
19:55:33 | INFO: Extracting primitive: M2_K0_0_riht.013
19:55:33 | INFO: Primitives created: 1
19:55:33 | INFO: Extracting primitive: M2_K0_0_riht.014
19:55:33 | INFO: Primitives created: 1
19:55:33 | INFO: Extracting primitive: M2_K0_0_riht.015
19:55:33 | INFO: Primitives created: 1
19:55:33 | INFO: Extracting primitive: M2_K0_0_riht.016
19:55:33 | INFO: Primitives created: 1
19:55:33 | INFO: Extracting primitive: M2_K0_0_riht.017
19:55:33 | INFO: Primitives created: 1
19:55:33 | INFO: Extracting primitive: M2_K0_1_basamak.009
19:55:33 | INFO: Primitives created: 1
19:55:33 | INFO: Extracting primitive: M2_K0_1_basamak.010
19:55:33 | INFO: Primitives created: 1
19:55:33 | INFO: Extracting primitive: M2_K0_1_basamak.011
19:55:33 | INFO: Primitives created: 1
19:55:33 | INFO: Extracting primitive: M2_K0_1_basamak.012
19:55:33 | INFO: Primitives created: 1
19:55:33 | INFO: Extracting primitive: M2_K0_1_basamak.013
19:55:33 | INFO: Primitives created: 1
19:55:33 | INFO: Extracting primitive: M2_K0_1_basamak.014
19:55:33 | INFO: Primitives created: 1
19:55:33 | INFO: Extracting primitive: M2_K0_1_basamak.015
19:55:33 | INFO: Primitives created: 1
19:55:33 | INFO: Extracting primitive: M2_K0_1_basamak.016
19:55:33 | INFO: Primitives created: 1
19:55:33 | INFO: Extracting primitive: M2_K0_1_basamak.017
19:55:33 | INFO: Primitives created: 1
19:55:33 | INFO: Extracting primitive: M2_K0_1_beyaz_altyapi.001
19:55:33 | INFO: Primitives created: 1
19:55:33 | INFO: Extracting primitive: M2_K0_1_korkuluk_ayak.002
19:55:33 | INFO: Primitives created: 1
19:55:33 | INFO: Extracting primitive: M2_K0_1_korkuluk_ayak.003
19:55:33 | INFO: Primitives created: 1
19:55:33 | INFO: Extracting primitive: M2_K0_1_korkuluk_ayak.005
19:55:33 | INFO: Primitives created: 1
19:55:33 | INFO: Extracting primitive: M2_K0_1_korkuluk_C_surgun.016
19:55:33 | INFO: Primitives created: 1
19:55:33 | INFO: Extracting primitive: M2_K0_1_korkuluk_C_surgun.017
19:55:33 | INFO: Primitives created: 1
19:55:33 | INFO: Extracting primitive: M2_K0_1_korkuluk_C_surgun.018
19:55:33 | INFO: Primitives created: 1
19:55:33 | INFO: Extracting primitive: M2_K0_1_korkuluk_C_surgun.019
19:55:33 | INFO: Primitives created: 1
19:55:33 | INFO: Extracting primitive: M2_K0_1_korkuluk_C_surgun.020
19:55:33 | INFO: Primitives created: 1
19:55:33 | INFO: Extracting primitive: M2_K0_1_korkuluk_C_surgun.021
19:55:33 | INFO: Primitives created: 1
19:55:33 | INFO: Extracting primitive: M2_K0_1_korkuluk_C_surgun.022
19:55:33 | INFO: Primitives created: 1
19:55:33 | INFO: Extracting primitive: M2_K0_1_korkuluk_C_surgun.023
19:55:33 | INFO: Primitives created: 1
19:55:33 | INFO: Extracting primitive: M2_K0_1_korkuluk_C_surgun.024
19:55:33 | INFO: Primitives created: 1
19:55:33 | INFO: Extracting primitive: M2_K0_1_korkuluk_C_surgun.025
19:55:33 | INFO: Primitives created: 1
19:55:33 | INFO: Extracting primitive: M2_K0_1_korkuluk_C_surgun.026
19:55:33 | INFO: Primitives created: 1
19:55:33 | INFO: Extracting primitive: M2_K0_1_korkuluk_C_surgun.027
19:55:33 | INFO: Primitives created: 1
19:55:33 | INFO: Extracting primitive: M2_K0_1_korkuluk_C_surgun.028
19:55:33 | INFO: Primitives created: 1
19:55:33 | INFO: Extracting primitive: M2_K0_1_korkuluk_C_surgun.029
19:55:33 | INFO: Primitives created: 1
19:55:33 | INFO: Extracting primitive: M2_K0_1_korkuluk_C_surgun.030
19:55:33 | INFO: Primitives created: 1
19:55:33 | INFO: Extracting primitive: M2_K0_1_korkuluk_C_surgun.031
19:55:33 | INFO: Primitives created: 1
19:55:33 | INFO: Extracting primitive: M2_K0_1_korkuluk_cerceve.002
19:55:33 | INFO: Primitives created: 1
19:55:33 | INFO: Extracting primitive: M2_K0_1_korkuluk_cerceve.003
19:55:33 | INFO: Primitives created: 1
19:55:33 | INFO: Extracting primitive: M2_K0_1_korkuluk_dikme.002
19:55:33 | INFO: Primitives created: 1
19:55:33 | INFO: Extracting primitive: M2_K0_1_korkuluk_dikme.003
19:55:33 | INFO: Primitives created: 1
19:55:33 | INFO: Extracting primitive: M2_K0_1_korkuluk_dikme.005
19:55:33 | INFO: Primitives created: 1
19:55:33 | INFO: Extracting primitive: M2_K0_1_korkuluk_kupeste.001
19:55:33 | INFO: Primitives created: 1
19:55:33 | INFO: Extracting primitive: M2_K0_1_korkuluk_S_ana.016
19:55:33 | INFO: Primitives created: 1
19:55:33 | INFO: Extracting primitive: M2_K0_1_korkuluk_S_ana.017
19:55:33 | INFO: Primitives created: 1
19:55:33 | INFO: Extracting primitive: M2_K0_1_korkuluk_S_ana.018
19:55:33 | INFO: Primitives created: 1
19:55:33 | INFO: Extracting primitive: M2_K0_1_korkuluk_S_ana.019
19:55:33 | INFO: Primitives created: 1
19:55:33 | INFO: Extracting primitive: M2_K0_1_korkuluk_S_ana.020
19:55:33 | INFO: Primitives created: 1
19:55:33 | INFO: Extracting primitive: M2_K0_1_korkuluk_S_ana.021
19:55:33 | INFO: Primitives created: 1
19:55:33 | INFO: Extracting primitive: M2_K0_1_korkuluk_S_ana.022
19:55:33 | INFO: Primitives created: 1
19:55:33 | INFO: Extracting primitive: M2_K0_1_korkuluk_S_ana.023
19:55:33 | INFO: Primitives created: 1
19:55:33 | INFO: Extracting primitive: M2_K0_1_korkuluk_S_ana.024
19:55:33 | INFO: Primitives created: 1
19:55:33 | INFO: Extracting primitive: M2_K0_1_korkuluk_S_ana.025
19:55:33 | INFO: Primitives created: 1
19:55:33 | INFO: Extracting primitive: M2_K0_1_korkuluk_S_ana.026
19:55:33 | INFO: Primitives created: 1
19:55:33 | INFO: Extracting primitive: M2_K0_1_korkuluk_S_ana.027
19:55:33 | INFO: Primitives created: 1
19:55:33 | INFO: Extracting primitive: M2_K0_1_korkuluk_S_ana.028
19:55:33 | INFO: Primitives created: 1
19:55:33 | INFO: Extracting primitive: M2_K0_1_korkuluk_S_ana.029
19:55:33 | INFO: Primitives created: 1
19:55:33 | INFO: Extracting primitive: M2_K0_1_korkuluk_S_ana.030
19:55:33 | INFO: Primitives created: 1
19:55:33 | INFO: Extracting primitive: M2_K0_1_korkuluk_S_ana.031
19:55:33 | INFO: Primitives created: 1
19:55:33 | INFO: Extracting primitive: M2_K0_1_riht.009
19:55:33 | INFO: Primitives created: 1
19:55:33 | INFO: Extracting primitive: M2_K0_1_riht.010
19:55:33 | INFO: Primitives created: 1
19:55:33 | INFO: Extracting primitive: M2_K0_1_riht.011
19:55:33 | INFO: Primitives created: 1
19:55:33 | INFO: Extracting primitive: M2_K0_1_riht.012
19:55:33 | INFO: Primitives created: 1
19:55:33 | INFO: Extracting primitive: M2_K0_1_riht.013
19:55:33 | INFO: Primitives created: 1
19:55:33 | INFO: Extracting primitive: M2_K0_1_riht.014
19:55:33 | INFO: Primitives created: 1
19:55:33 | INFO: Extracting primitive: M2_K0_1_riht.015
19:55:33 | INFO: Primitives created: 1
19:55:33 | INFO: Extracting primitive: M2_K0_1_riht.016
19:55:33 | INFO: Primitives created: 1
19:55:33 | INFO: Extracting primitive: M2_K0_1_riht.017
19:55:33 | INFO: Primitives created: 1
19:55:33 | INFO: Extracting primitive: M2_K0_bosluk_korkuluk_0_ayak.002
19:55:33 | INFO: Primitives created: 1
19:55:33 | INFO: Extracting primitive: M2_K0_bosluk_korkuluk_0_ayak.003
19:55:33 | INFO: Primitives created: 1
19:55:33 | INFO: Extracting primitive: M2_K0_bosluk_korkuluk_0_C_surgun.020
19:55:33 | INFO: Primitives created: 1
19:55:33 | INFO: Extracting primitive: M2_K0_bosluk_korkuluk_0_C_surgun.021
19:55:33 | INFO: Primitives created: 1
19:55:33 | INFO: Extracting primitive: M2_K0_bosluk_korkuluk_0_C_surgun.022
19:55:33 | INFO: Primitives created: 1
19:55:33 | INFO: Extracting primitive: M2_K0_bosluk_korkuluk_0_C_surgun.023
19:55:33 | INFO: Primitives created: 1
19:55:33 | INFO: Extracting primitive: M2_K0_bosluk_korkuluk_0_C_surgun.024
19:55:33 | INFO: Primitives created: 1
19:55:33 | INFO: Extracting primitive: M2_K0_bosluk_korkuluk_0_C_surgun.025
19:55:33 | INFO: Primitives created: 1
19:55:33 | INFO: Extracting primitive: M2_K0_bosluk_korkuluk_0_C_surgun.026
19:55:33 | INFO: Primitives created: 1
19:55:33 | INFO: Extracting primitive: M2_K0_bosluk_korkuluk_0_C_surgun.027
19:55:33 | INFO: Primitives created: 1
19:55:33 | INFO: Extracting primitive: M2_K0_bosluk_korkuluk_0_C_surgun.028
19:55:33 | INFO: Primitives created: 1
19:55:33 | INFO: Extracting primitive: M2_K0_bosluk_korkuluk_0_C_surgun.029
19:55:33 | INFO: Primitives created: 1
19:55:33 | INFO: Extracting primitive: M2_K0_bosluk_korkuluk_0_C_surgun.030
19:55:33 | INFO: Primitives created: 1
19:55:33 | INFO: Extracting primitive: M2_K0_bosluk_korkuluk_0_C_surgun.031
19:55:33 | INFO: Primitives created: 1
19:55:33 | INFO: Extracting primitive: M2_K0_bosluk_korkuluk_0_C_surgun.032
19:55:33 | INFO: Primitives created: 1
19:55:33 | INFO: Extracting primitive: M2_K0_bosluk_korkuluk_0_C_surgun.033
19:55:33 | INFO: Primitives created: 1
19:55:33 | INFO: Extracting primitive: M2_K0_bosluk_korkuluk_0_C_surgun.034
19:55:33 | INFO: Primitives created: 1
19:55:33 | INFO: Extracting primitive: M2_K0_bosluk_korkuluk_0_C_surgun.035
19:55:33 | INFO: Primitives created: 1
19:55:33 | INFO: Extracting primitive: M2_K0_bosluk_korkuluk_0_C_surgun.036
19:55:33 | INFO: Primitives created: 1
19:55:33 | INFO: Extracting primitive: M2_K0_bosluk_korkuluk_0_C_surgun.037
19:55:33 | INFO: Primitives created: 1
19:55:33 | INFO: Extracting primitive: M2_K0_bosluk_korkuluk_0_C_surgun.038
19:55:33 | INFO: Primitives created: 1
19:55:33 | INFO: Extracting primitive: M2_K0_bosluk_korkuluk_0_C_surgun.039
19:55:33 | INFO: Primitives created: 1
19:55:33 | INFO: Extracting primitive: M2_K0_bosluk_korkuluk_0_cerceve.002
19:55:33 | INFO: Primitives created: 1
19:55:33 | INFO: Extracting primitive: M2_K0_bosluk_korkuluk_0_cerceve.003
19:55:33 | INFO: Primitives created: 1
19:55:33 | INFO: Extracting primitive: M2_K0_bosluk_korkuluk_0_dikme.002
19:55:33 | INFO: Primitives created: 1
19:55:33 | INFO: Extracting primitive: M2_K0_bosluk_korkuluk_0_dikme.003
19:55:33 | INFO: Primitives created: 1
19:55:33 | INFO: Extracting primitive: M2_K0_bosluk_korkuluk_0_kucuk_C_bordur.034
19:55:33 | INFO: Primitives created: 1
19:55:33 | INFO: Extracting primitive: M2_K0_bosluk_korkuluk_0_kucuk_C_bordur.035
19:55:33 | INFO: Primitives created: 1
19:55:33 | INFO: Extracting primitive: M2_K0_bosluk_korkuluk_0_kucuk_C_bordur.036
19:55:33 | INFO: Primitives created: 1
19:55:33 | INFO: Extracting primitive: M2_K0_bosluk_korkuluk_0_kucuk_C_bordur.037
19:55:33 | INFO: Primitives created: 1
19:55:33 | INFO: Extracting primitive: M2_K0_bosluk_korkuluk_0_kucuk_C_bordur.038
19:55:33 | INFO: Primitives created: 1
19:55:33 | INFO: Extracting primitive: M2_K0_bosluk_korkuluk_0_kucuk_C_bordur.039
19:55:33 | INFO: Primitives created: 1
19:55:33 | INFO: Extracting primitive: M2_K0_bosluk_korkuluk_0_kucuk_C_bordur.040
19:55:33 | INFO: Primitives created: 1
19:55:33 | INFO: Extracting primitive: M2_K0_bosluk_korkuluk_0_kucuk_C_bordur.041
19:55:33 | INFO: Primitives created: 1
19:55:33 | INFO: Extracting primitive: M2_K0_bosluk_korkuluk_0_kucuk_C_bordur.042
19:55:33 | INFO: Primitives created: 1
19:55:33 | INFO: Extracting primitive: M2_K0_bosluk_korkuluk_0_kucuk_C_bordur.043
19:55:33 | INFO: Primitives created: 1
19:55:33 | INFO: Extracting primitive: M2_K0_bosluk_korkuluk_0_kucuk_C_bordur.044
19:55:33 | INFO: Primitives created: 1
19:55:33 | INFO: Extracting primitive: M2_K0_bosluk_korkuluk_0_kucuk_C_bordur.045
19:55:33 | INFO: Primitives created: 1
19:55:33 | INFO: Extracting primitive: M2_K0_bosluk_korkuluk_0_kucuk_C_bordur.046
19:55:33 | INFO: Primitives created: 1
19:55:33 | INFO: Extracting primitive: M2_K0_bosluk_korkuluk_0_kucuk_C_bordur.047
19:55:33 | INFO: Primitives created: 1
19:55:33 | INFO: Extracting primitive: M2_K0_bosluk_korkuluk_0_kucuk_C_bordur.048
19:55:33 | INFO: Primitives created: 1
19:55:33 | INFO: Extracting primitive: M2_K0_bosluk_korkuluk_0_kucuk_C_bordur.049
19:55:33 | INFO: Primitives created: 1
19:55:33 | INFO: Extracting primitive: M2_K0_bosluk_korkuluk_0_kucuk_C_bordur.050
19:55:33 | INFO: Primitives created: 1
19:55:33 | INFO: Extracting primitive: M2_K0_bosluk_korkuluk_0_kucuk_C_bordur.051
19:55:33 | INFO: Primitives created: 1
19:55:33 | INFO: Extracting primitive: M2_K0_bosluk_korkuluk_0_kucuk_C_bordur.052
19:55:33 | INFO: Primitives created: 1
19:55:33 | INFO: Extracting primitive: M2_K0_bosluk_korkuluk_0_kucuk_C_bordur.053
19:55:33 | INFO: Primitives created: 1
19:55:33 | INFO: Extracting primitive: M2_K0_bosluk_korkuluk_0_kucuk_C_bordur.054
19:55:33 | INFO: Primitives created: 1
19:55:33 | INFO: Extracting primitive: M2_K0_bosluk_korkuluk_0_kucuk_C_bordur.055
19:55:33 | INFO: Primitives created: 1
19:55:33 | INFO: Extracting primitive: M2_K0_bosluk_korkuluk_0_kucuk_C_bordur.056
19:55:33 | INFO: Primitives created: 1
19:55:33 | INFO: Extracting primitive: M2_K0_bosluk_korkuluk_0_kucuk_C_bordur.057
19:55:33 | INFO: Primitives created: 1
19:55:33 | INFO: Extracting primitive: M2_K0_bosluk_korkuluk_0_kucuk_C_bordur.058
19:55:33 | INFO: Primitives created: 1
19:55:33 | INFO: Extracting primitive: M2_K0_bosluk_korkuluk_0_kucuk_C_bordur.059
19:55:33 | INFO: Primitives created: 1
19:55:33 | INFO: Extracting primitive: M2_K0_bosluk_korkuluk_0_kucuk_C_bordur.060
19:55:33 | INFO: Primitives created: 1
19:55:33 | INFO: Extracting primitive: M2_K0_bosluk_korkuluk_0_kucuk_C_bordur.061
19:55:33 | INFO: Primitives created: 1
19:55:33 | INFO: Extracting primitive: M2_K0_bosluk_korkuluk_0_kucuk_C_bordur.062
19:55:33 | INFO: Primitives created: 1
19:55:33 | INFO: Extracting primitive: M2_K0_bosluk_korkuluk_0_kucuk_C_bordur.063
19:55:33 | INFO: Primitives created: 1
19:55:33 | INFO: Extracting primitive: M2_K0_bosluk_korkuluk_0_kucuk_C_bordur.064
19:55:33 | INFO: Primitives created: 1
19:55:33 | INFO: Extracting primitive: M2_K0_bosluk_korkuluk_0_kucuk_C_bordur.065
19:55:33 | INFO: Primitives created: 1
19:55:33 | INFO: Extracting primitive: M2_K0_bosluk_korkuluk_0_kucuk_C_bordur.066
19:55:33 | INFO: Primitives created: 1
19:55:33 | INFO: Extracting primitive: M2_K0_bosluk_korkuluk_0_kucuk_C_bordur.067
19:55:33 | INFO: Primitives created: 1
19:55:33 | INFO: Extracting primitive: M2_K0_bosluk_korkuluk_0_kupeste.001
19:55:33 | INFO: Primitives created: 1
19:55:33 | INFO: Extracting primitive: M2_K0_bosluk_korkuluk_0_S_ana.010
19:55:33 | INFO: Primitives created: 1
19:55:33 | INFO: Extracting primitive: M2_K0_bosluk_korkuluk_0_S_ana.011
19:55:33 | INFO: Primitives created: 1
19:55:33 | INFO: Extracting primitive: M2_K0_bosluk_korkuluk_0_S_ana.012
19:55:33 | INFO: Primitives created: 1
19:55:33 | INFO: Extracting primitive: M2_K0_bosluk_korkuluk_0_S_ana.013
19:55:33 | INFO: Primitives created: 1
19:55:33 | INFO: Extracting primitive: M2_K0_bosluk_korkuluk_0_S_ana.014
19:55:33 | INFO: Primitives created: 1
19:55:33 | INFO: Extracting primitive: M2_K0_bosluk_korkuluk_0_S_ana.015
19:55:33 | INFO: Primitives created: 1
19:55:33 | INFO: Extracting primitive: M2_K0_bosluk_korkuluk_0_S_ana.016
19:55:33 | INFO: Primitives created: 1
19:55:33 | INFO: Extracting primitive: M2_K0_bosluk_korkuluk_0_S_ana.017
19:55:33 | INFO: Primitives created: 1
19:55:33 | INFO: Extracting primitive: M2_K0_bosluk_korkuluk_0_S_ana.018
19:55:33 | INFO: Primitives created: 1
19:55:33 | INFO: Extracting primitive: M2_K0_bosluk_korkuluk_0_S_ana.019
19:55:33 | INFO: Primitives created: 1
19:55:33 | INFO: Extracting primitive: M2_K0_sahanlik.001
19:55:33 | INFO: Primitives created: 1
19:55:33 | INFO: Extracting primitive: M2_K0_sahanlik_alti.001
19:55:33 | INFO: Primitives created: 1
19:55:33 | INFO: Extracting primitive: M2_K1_0_basamak.010
19:55:33 | INFO: Primitives created: 1
19:55:33 | INFO: Extracting primitive: M2_K1_0_basamak.011
19:55:33 | INFO: Primitives created: 1
19:55:33 | INFO: Extracting primitive: M2_K1_0_basamak.012
19:55:33 | INFO: Primitives created: 1
19:55:33 | INFO: Extracting primitive: M2_K1_0_basamak.013
19:55:33 | INFO: Primitives created: 1
19:55:33 | INFO: Extracting primitive: M2_K1_0_basamak.014
19:55:33 | INFO: Primitives created: 1
19:55:33 | INFO: Extracting primitive: M2_K1_0_basamak.015
19:55:33 | INFO: Primitives created: 1
19:55:33 | INFO: Extracting primitive: M2_K1_0_basamak.016
19:55:33 | INFO: Primitives created: 1
19:55:33 | INFO: Extracting primitive: M2_K1_0_basamak.017
19:55:33 | INFO: Primitives created: 1
19:55:33 | INFO: Extracting primitive: M2_K1_0_basamak.018
19:55:33 | INFO: Primitives created: 1
19:55:33 | INFO: Extracting primitive: M2_K1_0_basamak.019
19:55:33 | INFO: Primitives created: 1
19:55:33 | INFO: Extracting primitive: M2_K1_0_beyaz_altyapi.001
19:55:33 | INFO: Primitives created: 1
19:55:33 | INFO: Extracting primitive: M2_K1_0_korkuluk_ayak.002
19:55:33 | INFO: Primitives created: 1
19:55:33 | INFO: Extracting primitive: M2_K1_0_korkuluk_ayak.003
19:55:33 | INFO: Primitives created: 1
19:55:33 | INFO: Extracting primitive: M2_K1_0_korkuluk_ayak.005
19:55:33 | INFO: Primitives created: 1
19:55:33 | INFO: Extracting primitive: M2_K1_0_korkuluk_C_surgun.024
19:55:33 | INFO: Primitives created: 1
19:55:33 | INFO: Extracting primitive: M2_K1_0_korkuluk_C_surgun.025
19:55:33 | INFO: Primitives created: 1
19:55:33 | INFO: Extracting primitive: M2_K1_0_korkuluk_C_surgun.026
19:55:33 | INFO: Primitives created: 1
19:55:33 | INFO: Extracting primitive: M2_K1_0_korkuluk_C_surgun.027
19:55:33 | INFO: Primitives created: 1
19:55:33 | INFO: Extracting primitive: M2_K1_0_korkuluk_C_surgun.028
19:55:33 | INFO: Primitives created: 1
19:55:33 | INFO: Extracting primitive: M2_K1_0_korkuluk_C_surgun.029
19:55:33 | INFO: Primitives created: 1
19:55:33 | INFO: Extracting primitive: M2_K1_0_korkuluk_C_surgun.030
19:55:33 | INFO: Primitives created: 1
19:55:33 | INFO: Extracting primitive: M2_K1_0_korkuluk_C_surgun.031
19:55:33 | INFO: Primitives created: 1
19:55:33 | INFO: Extracting primitive: M2_K1_0_korkuluk_C_surgun.032
19:55:33 | INFO: Primitives created: 1
19:55:33 | INFO: Extracting primitive: M2_K1_0_korkuluk_C_surgun.033
19:55:33 | INFO: Primitives created: 1
19:55:33 | INFO: Extracting primitive: M2_K1_0_korkuluk_C_surgun.034
19:55:33 | INFO: Primitives created: 1
19:55:33 | INFO: Extracting primitive: M2_K1_0_korkuluk_C_surgun.035
19:55:33 | INFO: Primitives created: 1
19:55:33 | INFO: Extracting primitive: M2_K1_0_korkuluk_C_surgun.036
19:55:33 | INFO: Primitives created: 1
19:55:33 | INFO: Extracting primitive: M2_K1_0_korkuluk_C_surgun.037
19:55:33 | INFO: Primitives created: 1
19:55:33 | INFO: Extracting primitive: M2_K1_0_korkuluk_C_surgun.038
19:55:33 | INFO: Primitives created: 1
19:55:33 | INFO: Extracting primitive: M2_K1_0_korkuluk_C_surgun.039
19:55:33 | INFO: Primitives created: 1
19:55:33 | INFO: Extracting primitive: M2_K1_0_korkuluk_C_surgun.040
19:55:33 | INFO: Primitives created: 1
19:55:33 | INFO: Extracting primitive: M2_K1_0_korkuluk_C_surgun.041
19:55:33 | INFO: Primitives created: 1
19:55:33 | INFO: Extracting primitive: M2_K1_0_korkuluk_C_surgun.042
19:55:33 | INFO: Primitives created: 1
19:55:33 | INFO: Extracting primitive: M2_K1_0_korkuluk_C_surgun.043
19:55:33 | INFO: Primitives created: 1
19:55:33 | INFO: Extracting primitive: M2_K1_0_korkuluk_C_surgun.044
19:55:33 | INFO: Primitives created: 1
19:55:33 | INFO: Extracting primitive: M2_K1_0_korkuluk_C_surgun.045
19:55:33 | INFO: Primitives created: 1
19:55:33 | INFO: Extracting primitive: M2_K1_0_korkuluk_C_surgun.046
19:55:33 | INFO: Primitives created: 1
19:55:33 | INFO: Extracting primitive: M2_K1_0_korkuluk_C_surgun.047
19:55:33 | INFO: Primitives created: 1
19:55:33 | INFO: Extracting primitive: M2_K1_0_korkuluk_cerceve.002
19:55:33 | INFO: Primitives created: 1
19:55:33 | INFO: Extracting primitive: M2_K1_0_korkuluk_cerceve.003
19:55:33 | INFO: Primitives created: 1
19:55:33 | INFO: Extracting primitive: M2_K1_0_korkuluk_dikme.002
19:55:33 | INFO: Primitives created: 1
19:55:33 | INFO: Extracting primitive: M2_K1_0_korkuluk_dikme.003
19:55:33 | INFO: Primitives created: 1
19:55:33 | INFO: Extracting primitive: M2_K1_0_korkuluk_dikme.005
19:55:33 | INFO: Primitives created: 1
19:55:33 | INFO: Extracting primitive: M2_K1_0_korkuluk_kucuk_C_bordur.042
19:55:33 | INFO: Primitives created: 1
19:55:33 | INFO: Extracting primitive: M2_K1_0_korkuluk_kucuk_C_bordur.043
19:55:34 | INFO: Primitives created: 1
19:55:34 | INFO: Extracting primitive: M2_K1_0_korkuluk_kucuk_C_bordur.044
19:55:34 | INFO: Primitives created: 1
19:55:34 | INFO: Extracting primitive: M2_K1_0_korkuluk_kucuk_C_bordur.045
19:55:34 | INFO: Primitives created: 1
19:55:34 | INFO: Extracting primitive: M2_K1_0_korkuluk_kucuk_C_bordur.046
19:55:34 | INFO: Primitives created: 1
19:55:34 | INFO: Extracting primitive: M2_K1_0_korkuluk_kucuk_C_bordur.047
19:55:34 | INFO: Primitives created: 1
19:55:34 | INFO: Extracting primitive: M2_K1_0_korkuluk_kucuk_C_bordur.048
19:55:34 | INFO: Primitives created: 1
19:55:34 | INFO: Extracting primitive: M2_K1_0_korkuluk_kucuk_C_bordur.049
19:55:34 | INFO: Primitives created: 1
19:55:34 | INFO: Extracting primitive: M2_K1_0_korkuluk_kucuk_C_bordur.050
19:55:34 | INFO: Primitives created: 1
19:55:34 | INFO: Extracting primitive: M2_K1_0_korkuluk_kucuk_C_bordur.051
19:55:34 | INFO: Primitives created: 1
19:55:34 | INFO: Extracting primitive: M2_K1_0_korkuluk_kucuk_C_bordur.052
19:55:34 | INFO: Primitives created: 1
19:55:34 | INFO: Extracting primitive: M2_K1_0_korkuluk_kucuk_C_bordur.053
19:55:34 | INFO: Primitives created: 1
19:55:34 | INFO: Extracting primitive: M2_K1_0_korkuluk_kucuk_C_bordur.054
19:55:34 | INFO: Primitives created: 1
19:55:34 | INFO: Extracting primitive: M2_K1_0_korkuluk_kucuk_C_bordur.055
19:55:34 | INFO: Primitives created: 1
19:55:34 | INFO: Extracting primitive: M2_K1_0_korkuluk_kucuk_C_bordur.056
19:55:34 | INFO: Primitives created: 1
19:55:34 | INFO: Extracting primitive: M2_K1_0_korkuluk_kucuk_C_bordur.057
19:55:34 | INFO: Primitives created: 1
19:55:34 | INFO: Extracting primitive: M2_K1_0_korkuluk_kucuk_C_bordur.058
19:55:34 | INFO: Primitives created: 1
19:55:34 | INFO: Extracting primitive: M2_K1_0_korkuluk_kucuk_C_bordur.059
19:55:34 | INFO: Primitives created: 1
19:55:34 | INFO: Extracting primitive: M2_K1_0_korkuluk_kucuk_C_bordur.060
19:55:34 | INFO: Primitives created: 1
19:55:34 | INFO: Extracting primitive: M2_K1_0_korkuluk_kucuk_C_bordur.061
19:55:34 | INFO: Primitives created: 1
19:55:34 | INFO: Extracting primitive: M2_K1_0_korkuluk_kucuk_C_bordur.062
19:55:34 | INFO: Primitives created: 1
19:55:34 | INFO: Extracting primitive: M2_K1_0_korkuluk_kucuk_C_bordur.063
19:55:34 | INFO: Primitives created: 1
19:55:34 | INFO: Extracting primitive: M2_K1_0_korkuluk_kucuk_C_bordur.064
19:55:34 | INFO: Primitives created: 1
19:55:34 | INFO: Extracting primitive: M2_K1_0_korkuluk_kucuk_C_bordur.065
19:55:34 | INFO: Primitives created: 1
19:55:34 | INFO: Extracting primitive: M2_K1_0_korkuluk_kucuk_C_bordur.066
19:55:34 | INFO: Primitives created: 1
19:55:34 | INFO: Extracting primitive: M2_K1_0_korkuluk_kucuk_C_bordur.067
19:55:34 | INFO: Primitives created: 1
19:55:34 | INFO: Extracting primitive: M2_K1_0_korkuluk_kucuk_C_bordur.068
19:55:34 | INFO: Primitives created: 1
19:55:34 | INFO: Extracting primitive: M2_K1_0_korkuluk_kucuk_C_bordur.069
19:55:34 | INFO: Primitives created: 1
19:55:34 | INFO: Extracting primitive: M2_K1_0_korkuluk_kucuk_C_bordur.070
19:55:34 | INFO: Primitives created: 1
19:55:34 | INFO: Extracting primitive: M2_K1_0_korkuluk_kucuk_C_bordur.071
19:55:34 | INFO: Primitives created: 1
19:55:34 | INFO: Extracting primitive: M2_K1_0_korkuluk_kucuk_C_bordur.072
19:55:34 | INFO: Primitives created: 1
19:55:34 | INFO: Extracting primitive: M2_K1_0_korkuluk_kucuk_C_bordur.073
19:55:34 | INFO: Primitives created: 1
19:55:34 | INFO: Extracting primitive: M2_K1_0_korkuluk_kucuk_C_bordur.074
19:55:34 | INFO: Primitives created: 1
19:55:34 | INFO: Extracting primitive: M2_K1_0_korkuluk_kucuk_C_bordur.075
19:55:34 | INFO: Primitives created: 1
19:55:34 | INFO: Extracting primitive: M2_K1_0_korkuluk_kucuk_C_bordur.076
19:55:34 | INFO: Primitives created: 1
19:55:34 | INFO: Extracting primitive: M2_K1_0_korkuluk_kucuk_C_bordur.077
19:55:34 | INFO: Primitives created: 1
19:55:34 | INFO: Extracting primitive: M2_K1_0_korkuluk_kucuk_C_bordur.078
19:55:34 | INFO: Primitives created: 1
19:55:34 | INFO: Extracting primitive: M2_K1_0_korkuluk_kucuk_C_bordur.079
19:55:34 | INFO: Primitives created: 1
19:55:34 | INFO: Extracting primitive: M2_K1_0_korkuluk_kucuk_C_bordur.080
19:55:34 | INFO: Primitives created: 1
19:55:34 | INFO: Extracting primitive: M2_K1_0_korkuluk_kucuk_C_bordur.081
19:55:34 | INFO: Primitives created: 1
19:55:34 | INFO: Extracting primitive: M2_K1_0_korkuluk_kucuk_C_bordur.082
19:55:34 | INFO: Primitives created: 1
19:55:34 | INFO: Extracting primitive: M2_K1_0_korkuluk_kucuk_C_bordur.083
19:55:34 | INFO: Primitives created: 1
19:55:34 | INFO: Extracting primitive: M2_K1_0_korkuluk_kupeste.001
19:55:34 | INFO: Primitives created: 1
19:55:34 | INFO: Extracting primitive: M2_K1_0_korkuluk_S_ana.012
19:55:34 | INFO: Primitives created: 1
19:55:34 | INFO: Extracting primitive: M2_K1_0_korkuluk_S_ana.013
19:55:34 | INFO: Primitives created: 1
19:55:34 | INFO: Extracting primitive: M2_K1_0_korkuluk_S_ana.014
19:55:34 | INFO: Primitives created: 1
19:55:34 | INFO: Extracting primitive: M2_K1_0_korkuluk_S_ana.015
19:55:34 | INFO: Primitives created: 1
19:55:34 | INFO: Extracting primitive: M2_K1_0_korkuluk_S_ana.016
19:55:34 | INFO: Primitives created: 1
19:55:34 | INFO: Extracting primitive: M2_K1_0_korkuluk_S_ana.017
19:55:34 | INFO: Primitives created: 1
19:55:34 | INFO: Extracting primitive: M2_K1_0_korkuluk_S_ana.018
19:55:34 | INFO: Primitives created: 1
19:55:34 | INFO: Extracting primitive: M2_K1_0_korkuluk_S_ana.019
19:55:34 | INFO: Primitives created: 1
19:55:34 | INFO: Extracting primitive: M2_K1_0_korkuluk_S_ana.020
19:55:34 | INFO: Primitives created: 1
19:55:34 | INFO: Extracting primitive: M2_K1_0_korkuluk_S_ana.021
19:55:34 | INFO: Primitives created: 1
19:55:34 | INFO: Extracting primitive: M2_K1_0_korkuluk_S_ana.022
19:55:34 | INFO: Primitives created: 1
19:55:34 | INFO: Extracting primitive: M2_K1_0_korkuluk_S_ana.023
19:55:34 | INFO: Primitives created: 1
19:55:34 | INFO: Extracting primitive: M2_K1_0_riht.010
19:55:34 | INFO: Primitives created: 1
19:55:34 | INFO: Extracting primitive: M2_K1_0_riht.011
19:55:34 | INFO: Primitives created: 1
19:55:34 | INFO: Extracting primitive: M2_K1_0_riht.012
19:55:34 | INFO: Primitives created: 1
19:55:34 | INFO: Extracting primitive: M2_K1_0_riht.013
19:55:34 | INFO: Primitives created: 1
19:55:34 | INFO: Extracting primitive: M2_K1_0_riht.014
19:55:34 | INFO: Primitives created: 1
19:55:34 | INFO: Extracting primitive: M2_K1_0_riht.015
19:55:34 | INFO: Primitives created: 1
19:55:34 | INFO: Extracting primitive: M2_K1_0_riht.016
19:55:34 | INFO: Primitives created: 1
19:55:34 | INFO: Extracting primitive: M2_K1_0_riht.017
19:55:34 | INFO: Primitives created: 1
19:55:34 | INFO: Extracting primitive: M2_K1_0_riht.018
19:55:34 | INFO: Primitives created: 1
19:55:34 | INFO: Extracting primitive: M2_K1_0_riht.019
19:55:34 | INFO: Primitives created: 1
19:55:34 | INFO: Extracting primitive: M2_K1_1_basamak.009
19:55:34 | INFO: Primitives created: 1
19:55:34 | INFO: Extracting primitive: M2_K1_1_basamak.010
19:55:34 | INFO: Primitives created: 1
19:55:34 | INFO: Extracting primitive: M2_K1_1_basamak.011
19:55:34 | INFO: Primitives created: 1
19:55:34 | INFO: Extracting primitive: M2_K1_1_basamak.012
19:55:34 | INFO: Primitives created: 1
19:55:34 | INFO: Extracting primitive: M2_K1_1_basamak.013
19:55:34 | INFO: Primitives created: 1
19:55:34 | INFO: Extracting primitive: M2_K1_1_basamak.014
19:55:34 | INFO: Primitives created: 1
19:55:34 | INFO: Extracting primitive: M2_K1_1_basamak.015
19:55:34 | INFO: Primitives created: 1
19:55:34 | INFO: Extracting primitive: M2_K1_1_basamak.016
19:55:34 | INFO: Primitives created: 1
19:55:34 | INFO: Extracting primitive: M2_K1_1_basamak.017
19:55:34 | INFO: Primitives created: 1
19:55:34 | INFO: Extracting primitive: M2_K1_1_beyaz_altyapi.001
19:55:34 | INFO: Primitives created: 1
19:55:34 | INFO: Extracting primitive: M2_K1_1_korkuluk_ayak.002
19:55:34 | INFO: Primitives created: 1
19:55:34 | INFO: Extracting primitive: M2_K1_1_korkuluk_ayak.003
19:55:34 | INFO: Primitives created: 1
19:55:34 | INFO: Extracting primitive: M2_K1_1_korkuluk_ayak.005
19:55:34 | INFO: Primitives created: 1
19:55:34 | INFO: Extracting primitive: M2_K1_1_korkuluk_C_surgun.024
19:55:34 | INFO: Primitives created: 1
19:55:34 | INFO: Extracting primitive: M2_K1_1_korkuluk_C_surgun.025
19:55:34 | INFO: Primitives created: 1
19:55:34 | INFO: Extracting primitive: M2_K1_1_korkuluk_C_surgun.026
19:55:34 | INFO: Primitives created: 1
19:55:34 | INFO: Extracting primitive: M2_K1_1_korkuluk_C_surgun.027
19:55:34 | INFO: Primitives created: 1
19:55:34 | INFO: Extracting primitive: M2_K1_1_korkuluk_C_surgun.028
19:55:34 | INFO: Primitives created: 1
19:55:34 | INFO: Extracting primitive: M2_K1_1_korkuluk_C_surgun.029
19:55:34 | INFO: Primitives created: 1
19:55:34 | INFO: Extracting primitive: M2_K1_1_korkuluk_C_surgun.030
19:55:34 | INFO: Primitives created: 1
19:55:34 | INFO: Extracting primitive: M2_K1_1_korkuluk_C_surgun.031
19:55:34 | INFO: Primitives created: 1
19:55:34 | INFO: Extracting primitive: M2_K1_1_korkuluk_C_surgun.032
19:55:34 | INFO: Primitives created: 1
19:55:34 | INFO: Extracting primitive: M2_K1_1_korkuluk_C_surgun.033
19:55:34 | INFO: Primitives created: 1
19:55:34 | INFO: Extracting primitive: M2_K1_1_korkuluk_C_surgun.034
19:55:34 | INFO: Primitives created: 1
19:55:34 | INFO: Extracting primitive: M2_K1_1_korkuluk_C_surgun.035
19:55:34 | INFO: Primitives created: 1
19:55:34 | INFO: Extracting primitive: M2_K1_1_korkuluk_C_surgun.036
19:55:34 | INFO: Primitives created: 1
19:55:34 | INFO: Extracting primitive: M2_K1_1_korkuluk_C_surgun.037
19:55:34 | INFO: Primitives created: 1
19:55:34 | INFO: Extracting primitive: M2_K1_1_korkuluk_C_surgun.038
19:55:34 | INFO: Primitives created: 1
19:55:34 | INFO: Extracting primitive: M2_K1_1_korkuluk_C_surgun.039
19:55:34 | INFO: Primitives created: 1
19:55:34 | INFO: Extracting primitive: M2_K1_1_korkuluk_C_surgun.040
19:55:34 | INFO: Primitives created: 1
19:55:34 | INFO: Extracting primitive: M2_K1_1_korkuluk_C_surgun.041
19:55:34 | INFO: Primitives created: 1
19:55:34 | INFO: Extracting primitive: M2_K1_1_korkuluk_C_surgun.042
19:55:34 | INFO: Primitives created: 1
19:55:34 | INFO: Extracting primitive: M2_K1_1_korkuluk_C_surgun.043
19:55:34 | INFO: Primitives created: 1
19:55:34 | INFO: Extracting primitive: M2_K1_1_korkuluk_C_surgun.044
19:55:34 | INFO: Primitives created: 1
19:55:34 | INFO: Extracting primitive: M2_K1_1_korkuluk_C_surgun.045
19:55:34 | INFO: Primitives created: 1
19:55:34 | INFO: Extracting primitive: M2_K1_1_korkuluk_C_surgun.046
19:55:34 | INFO: Primitives created: 1
19:55:34 | INFO: Extracting primitive: M2_K1_1_korkuluk_C_surgun.047
19:55:34 | INFO: Primitives created: 1
19:55:34 | INFO: Extracting primitive: M2_K1_1_korkuluk_cerceve.002
19:55:34 | INFO: Primitives created: 1
19:55:34 | INFO: Extracting primitive: M2_K1_1_korkuluk_cerceve.003
19:55:34 | INFO: Primitives created: 1
19:55:34 | INFO: Extracting primitive: M2_K1_1_korkuluk_dikme.002
19:55:34 | INFO: Primitives created: 1
19:55:34 | INFO: Extracting primitive: M2_K1_1_korkuluk_dikme.003
19:55:34 | INFO: Primitives created: 1
19:55:34 | INFO: Extracting primitive: M2_K1_1_korkuluk_dikme.005
19:55:34 | INFO: Primitives created: 1
19:55:34 | INFO: Extracting primitive: M2_K1_1_korkuluk_kucuk_C_bordur.038
19:55:34 | INFO: Primitives created: 1
19:55:34 | INFO: Extracting primitive: M2_K1_1_korkuluk_kucuk_C_bordur.039
19:55:34 | INFO: Primitives created: 1
19:55:34 | INFO: Extracting primitive: M2_K1_1_korkuluk_kucuk_C_bordur.040
19:55:34 | INFO: Primitives created: 1
19:55:34 | INFO: Extracting primitive: M2_K1_1_korkuluk_kucuk_C_bordur.041
19:55:34 | INFO: Primitives created: 1
19:55:34 | INFO: Extracting primitive: M2_K1_1_korkuluk_kucuk_C_bordur.042
19:55:34 | INFO: Primitives created: 1
19:55:34 | INFO: Extracting primitive: M2_K1_1_korkuluk_kucuk_C_bordur.043
19:55:34 | INFO: Primitives created: 1
19:55:34 | INFO: Extracting primitive: M2_K1_1_korkuluk_kucuk_C_bordur.044
19:55:34 | INFO: Primitives created: 1
19:55:34 | INFO: Extracting primitive: M2_K1_1_korkuluk_kucuk_C_bordur.045
19:55:34 | INFO: Primitives created: 1
19:55:34 | INFO: Extracting primitive: M2_K1_1_korkuluk_kucuk_C_bordur.046
19:55:34 | INFO: Primitives created: 1
19:55:34 | INFO: Extracting primitive: M2_K1_1_korkuluk_kucuk_C_bordur.047
19:55:34 | INFO: Primitives created: 1
19:55:34 | INFO: Extracting primitive: M2_K1_1_korkuluk_kucuk_C_bordur.048
19:55:34 | INFO: Primitives created: 1
19:55:34 | INFO: Extracting primitive: M2_K1_1_korkuluk_kucuk_C_bordur.049
19:55:34 | INFO: Primitives created: 1
19:55:34 | INFO: Extracting primitive: M2_K1_1_korkuluk_kucuk_C_bordur.050
19:55:34 | INFO: Primitives created: 1
19:55:34 | INFO: Extracting primitive: M2_K1_1_korkuluk_kucuk_C_bordur.051
19:55:34 | INFO: Primitives created: 1
19:55:34 | INFO: Extracting primitive: M2_K1_1_korkuluk_kucuk_C_bordur.052
19:55:34 | INFO: Primitives created: 1
19:55:34 | INFO: Extracting primitive: M2_K1_1_korkuluk_kucuk_C_bordur.053
19:55:34 | INFO: Primitives created: 1
19:55:34 | INFO: Extracting primitive: M2_K1_1_korkuluk_kucuk_C_bordur.054
19:55:34 | INFO: Primitives created: 1
19:55:34 | INFO: Extracting primitive: M2_K1_1_korkuluk_kucuk_C_bordur.055
19:55:34 | INFO: Primitives created: 1
19:55:34 | INFO: Extracting primitive: M2_K1_1_korkuluk_kucuk_C_bordur.056
19:55:34 | INFO: Primitives created: 1
19:55:34 | INFO: Extracting primitive: M2_K1_1_korkuluk_kucuk_C_bordur.057
19:55:34 | INFO: Primitives created: 1
19:55:34 | INFO: Extracting primitive: M2_K1_1_korkuluk_kucuk_C_bordur.058
19:55:34 | INFO: Primitives created: 1
19:55:34 | INFO: Extracting primitive: M2_K1_1_korkuluk_kucuk_C_bordur.059
19:55:34 | INFO: Primitives created: 1
19:55:34 | INFO: Extracting primitive: M2_K1_1_korkuluk_kucuk_C_bordur.060
19:55:34 | INFO: Primitives created: 1
19:55:34 | INFO: Extracting primitive: M2_K1_1_korkuluk_kucuk_C_bordur.061
19:55:34 | INFO: Primitives created: 1
19:55:34 | INFO: Extracting primitive: M2_K1_1_korkuluk_kucuk_C_bordur.062
19:55:34 | INFO: Primitives created: 1
19:55:34 | INFO: Extracting primitive: M2_K1_1_korkuluk_kucuk_C_bordur.063
19:55:34 | INFO: Primitives created: 1
19:55:34 | INFO: Extracting primitive: M2_K1_1_korkuluk_kucuk_C_bordur.064
19:55:34 | INFO: Primitives created: 1
19:55:34 | INFO: Extracting primitive: M2_K1_1_korkuluk_kucuk_C_bordur.065
19:55:34 | INFO: Primitives created: 1
19:55:34 | INFO: Extracting primitive: M2_K1_1_korkuluk_kucuk_C_bordur.066
19:55:34 | INFO: Primitives created: 1
19:55:34 | INFO: Extracting primitive: M2_K1_1_korkuluk_kucuk_C_bordur.067
19:55:34 | INFO: Primitives created: 1
19:55:34 | INFO: Extracting primitive: M2_K1_1_korkuluk_kucuk_C_bordur.068
19:55:34 | INFO: Primitives created: 1
19:55:34 | INFO: Extracting primitive: M2_K1_1_korkuluk_kucuk_C_bordur.069
19:55:34 | INFO: Primitives created: 1
19:55:34 | INFO: Extracting primitive: M2_K1_1_korkuluk_kucuk_C_bordur.070
19:55:34 | INFO: Primitives created: 1
19:55:34 | INFO: Extracting primitive: M2_K1_1_korkuluk_kucuk_C_bordur.071
19:55:34 | INFO: Primitives created: 1
19:55:34 | INFO: Extracting primitive: M2_K1_1_korkuluk_kucuk_C_bordur.072
19:55:34 | INFO: Primitives created: 1
19:55:34 | INFO: Extracting primitive: M2_K1_1_korkuluk_kucuk_C_bordur.073
19:55:34 | INFO: Primitives created: 1
19:55:34 | INFO: Extracting primitive: M2_K1_1_korkuluk_kucuk_C_bordur.074
19:55:34 | INFO: Primitives created: 1
19:55:34 | INFO: Extracting primitive: M2_K1_1_korkuluk_kucuk_C_bordur.075
19:55:34 | INFO: Primitives created: 1
19:55:34 | INFO: Extracting primitive: M2_K1_1_korkuluk_kupeste.001
19:55:34 | INFO: Primitives created: 1
19:55:34 | INFO: Extracting primitive: M2_K1_1_korkuluk_S_ana.012
19:55:34 | INFO: Primitives created: 1
19:55:34 | INFO: Extracting primitive: M2_K1_1_korkuluk_S_ana.013
19:55:34 | INFO: Primitives created: 1
19:55:34 | INFO: Extracting primitive: M2_K1_1_korkuluk_S_ana.014
19:55:34 | INFO: Primitives created: 1
19:55:34 | INFO: Extracting primitive: M2_K1_1_korkuluk_S_ana.015
19:55:34 | INFO: Primitives created: 1
19:55:34 | INFO: Extracting primitive: M2_K1_1_korkuluk_S_ana.016
19:55:34 | INFO: Primitives created: 1
19:55:34 | INFO: Extracting primitive: M2_K1_1_korkuluk_S_ana.017
19:55:34 | INFO: Primitives created: 1
19:55:34 | INFO: Extracting primitive: M2_K1_1_korkuluk_S_ana.018
19:55:34 | INFO: Primitives created: 1
19:55:34 | INFO: Extracting primitive: M2_K1_1_korkuluk_S_ana.019
19:55:34 | INFO: Primitives created: 1
19:55:34 | INFO: Extracting primitive: M2_K1_1_korkuluk_S_ana.020
19:55:34 | INFO: Primitives created: 1
19:55:34 | INFO: Extracting primitive: M2_K1_1_korkuluk_S_ana.021
19:55:34 | INFO: Primitives created: 1
19:55:34 | INFO: Extracting primitive: M2_K1_1_korkuluk_S_ana.022
19:55:34 | INFO: Primitives created: 1
19:55:34 | INFO: Extracting primitive: M2_K1_1_korkuluk_S_ana.023
19:55:34 | INFO: Primitives created: 1
19:55:34 | INFO: Extracting primitive: M2_K1_1_riht.009
19:55:34 | INFO: Primitives created: 1
19:55:34 | INFO: Extracting primitive: M2_K1_1_riht.010
19:55:34 | INFO: Primitives created: 1
19:55:34 | INFO: Extracting primitive: M2_K1_1_riht.011
19:55:34 | INFO: Primitives created: 1
19:55:34 | INFO: Extracting primitive: M2_K1_1_riht.012
19:55:34 | INFO: Primitives created: 1
19:55:34 | INFO: Extracting primitive: M2_K1_1_riht.013
19:55:34 | INFO: Primitives created: 1
19:55:34 | INFO: Extracting primitive: M2_K1_1_riht.014
19:55:34 | INFO: Primitives created: 1
19:55:34 | INFO: Extracting primitive: M2_K1_1_riht.015
19:55:34 | INFO: Primitives created: 1
19:55:34 | INFO: Extracting primitive: M2_K1_1_riht.016
19:55:34 | INFO: Primitives created: 1
19:55:34 | INFO: Extracting primitive: M2_K1_1_riht.017
19:55:34 | INFO: Primitives created: 1
19:55:34 | INFO: Extracting primitive: M2_K1_bosluk_korkuluk_0_ayak.002
19:55:34 | INFO: Primitives created: 1
19:55:34 | INFO: Extracting primitive: M2_K1_bosluk_korkuluk_0_ayak.003
19:55:34 | INFO: Primitives created: 1
19:55:34 | INFO: Extracting primitive: M2_K1_bosluk_korkuluk_0_C_surgun.016
19:55:34 | INFO: Primitives created: 1
19:55:34 | INFO: Extracting primitive: M2_K1_bosluk_korkuluk_0_C_surgun.017
19:55:34 | INFO: Primitives created: 1
19:55:34 | INFO: Extracting primitive: M2_K1_bosluk_korkuluk_0_C_surgun.018
19:55:34 | INFO: Primitives created: 1
19:55:34 | INFO: Extracting primitive: M2_K1_bosluk_korkuluk_0_C_surgun.019
19:55:34 | INFO: Primitives created: 1
19:55:34 | INFO: Extracting primitive: M2_K1_bosluk_korkuluk_0_C_surgun.020
19:55:34 | INFO: Primitives created: 1
19:55:34 | INFO: Extracting primitive: M2_K1_bosluk_korkuluk_0_C_surgun.021
19:55:34 | INFO: Primitives created: 1
19:55:34 | INFO: Extracting primitive: M2_K1_bosluk_korkuluk_0_C_surgun.022
19:55:34 | INFO: Primitives created: 1
19:55:34 | INFO: Extracting primitive: M2_K1_bosluk_korkuluk_0_C_surgun.023
19:55:34 | INFO: Primitives created: 1
19:55:34 | INFO: Extracting primitive: M2_K1_bosluk_korkuluk_0_C_surgun.024
19:55:34 | INFO: Primitives created: 1
19:55:34 | INFO: Extracting primitive: M2_K1_bosluk_korkuluk_0_C_surgun.025
19:55:34 | INFO: Primitives created: 1
19:55:34 | INFO: Extracting primitive: M2_K1_bosluk_korkuluk_0_C_surgun.026
19:55:34 | INFO: Primitives created: 1
19:55:34 | INFO: Extracting primitive: M2_K1_bosluk_korkuluk_0_C_surgun.027
19:55:34 | INFO: Primitives created: 1
19:55:34 | INFO: Extracting primitive: M2_K1_bosluk_korkuluk_0_C_surgun.028
19:55:34 | INFO: Primitives created: 1
19:55:34 | INFO: Extracting primitive: M2_K1_bosluk_korkuluk_0_C_surgun.029
19:55:34 | INFO: Primitives created: 1
19:55:34 | INFO: Extracting primitive: M2_K1_bosluk_korkuluk_0_C_surgun.030
19:55:34 | INFO: Primitives created: 1
19:55:34 | INFO: Extracting primitive: M2_K1_bosluk_korkuluk_0_C_surgun.031
19:55:34 | INFO: Primitives created: 1
19:55:34 | INFO: Extracting primitive: M2_K1_bosluk_korkuluk_0_cerceve.002
19:55:34 | INFO: Primitives created: 1
19:55:34 | INFO: Extracting primitive: M2_K1_bosluk_korkuluk_0_cerceve.003
19:55:34 | INFO: Primitives created: 1
19:55:34 | INFO: Extracting primitive: M2_K1_bosluk_korkuluk_0_dikme.002
19:55:34 | INFO: Primitives created: 1
19:55:34 | INFO: Extracting primitive: M2_K1_bosluk_korkuluk_0_dikme.003
19:55:34 | INFO: Primitives created: 1
19:55:34 | INFO: Extracting primitive: M2_K1_bosluk_korkuluk_0_kucuk_C_bordur.030
19:55:34 | INFO: Primitives created: 1
19:55:34 | INFO: Extracting primitive: M2_K1_bosluk_korkuluk_0_kucuk_C_bordur.031
19:55:34 | INFO: Primitives created: 1
19:55:34 | INFO: Extracting primitive: M2_K1_bosluk_korkuluk_0_kucuk_C_bordur.032
19:55:34 | INFO: Primitives created: 1
19:55:34 | INFO: Extracting primitive: M2_K1_bosluk_korkuluk_0_kucuk_C_bordur.033
19:55:34 | INFO: Primitives created: 1
19:55:34 | INFO: Extracting primitive: M2_K1_bosluk_korkuluk_0_kucuk_C_bordur.034
19:55:34 | INFO: Primitives created: 1
19:55:34 | INFO: Extracting primitive: M2_K1_bosluk_korkuluk_0_kucuk_C_bordur.035
19:55:34 | INFO: Primitives created: 1
19:55:34 | INFO: Extracting primitive: M2_K1_bosluk_korkuluk_0_kucuk_C_bordur.036
19:55:34 | INFO: Primitives created: 1
19:55:34 | INFO: Extracting primitive: M2_K1_bosluk_korkuluk_0_kucuk_C_bordur.037
19:55:34 | INFO: Primitives created: 1
19:55:34 | INFO: Extracting primitive: M2_K1_bosluk_korkuluk_0_kucuk_C_bordur.038
19:55:34 | INFO: Primitives created: 1
19:55:34 | INFO: Extracting primitive: M2_K1_bosluk_korkuluk_0_kucuk_C_bordur.039
19:55:34 | INFO: Primitives created: 1
19:55:34 | INFO: Extracting primitive: M2_K1_bosluk_korkuluk_0_kucuk_C_bordur.040
19:55:34 | INFO: Primitives created: 1
19:55:34 | INFO: Extracting primitive: M2_K1_bosluk_korkuluk_0_kucuk_C_bordur.041
19:55:34 | INFO: Primitives created: 1
19:55:34 | INFO: Extracting primitive: M2_K1_bosluk_korkuluk_0_kucuk_C_bordur.042
19:55:34 | INFO: Primitives created: 1
19:55:34 | INFO: Extracting primitive: M2_K1_bosluk_korkuluk_0_kucuk_C_bordur.043
19:55:34 | INFO: Primitives created: 1
19:55:34 | INFO: Extracting primitive: M2_K1_bosluk_korkuluk_0_kucuk_C_bordur.044
19:55:34 | INFO: Primitives created: 1
19:55:34 | INFO: Extracting primitive: M2_K1_bosluk_korkuluk_0_kucuk_C_bordur.045
19:55:34 | INFO: Primitives created: 1
19:55:34 | INFO: Extracting primitive: M2_K1_bosluk_korkuluk_0_kucuk_C_bordur.046
19:55:34 | INFO: Primitives created: 1
19:55:34 | INFO: Extracting primitive: M2_K1_bosluk_korkuluk_0_kucuk_C_bordur.047
19:55:34 | INFO: Primitives created: 1
19:55:34 | INFO: Extracting primitive: M2_K1_bosluk_korkuluk_0_kucuk_C_bordur.048
19:55:34 | INFO: Primitives created: 1
19:55:34 | INFO: Extracting primitive: M2_K1_bosluk_korkuluk_0_kucuk_C_bordur.049
19:55:34 | INFO: Primitives created: 1
19:55:34 | INFO: Extracting primitive: M2_K1_bosluk_korkuluk_0_kucuk_C_bordur.050
19:55:34 | INFO: Primitives created: 1
19:55:34 | INFO: Extracting primitive: M2_K1_bosluk_korkuluk_0_kucuk_C_bordur.051
19:55:34 | INFO: Primitives created: 1
19:55:34 | INFO: Extracting primitive: M2_K1_bosluk_korkuluk_0_kucuk_C_bordur.052
19:55:34 | INFO: Primitives created: 1
19:55:34 | INFO: Extracting primitive: M2_K1_bosluk_korkuluk_0_kucuk_C_bordur.053
19:55:34 | INFO: Primitives created: 1
19:55:34 | INFO: Extracting primitive: M2_K1_bosluk_korkuluk_0_kucuk_C_bordur.054
19:55:34 | INFO: Primitives created: 1
19:55:34 | INFO: Extracting primitive: M2_K1_bosluk_korkuluk_0_kucuk_C_bordur.055
19:55:34 | INFO: Primitives created: 1
19:55:34 | INFO: Extracting primitive: M2_K1_bosluk_korkuluk_0_kucuk_C_bordur.056
19:55:34 | INFO: Primitives created: 1
19:55:34 | INFO: Extracting primitive: M2_K1_bosluk_korkuluk_0_kucuk_C_bordur.057
19:55:34 | INFO: Primitives created: 1
19:55:34 | INFO: Extracting primitive: M2_K1_bosluk_korkuluk_0_kucuk_C_bordur.058
19:55:34 | INFO: Primitives created: 1
19:55:34 | INFO: Extracting primitive: M2_K1_bosluk_korkuluk_0_kucuk_C_bordur.059
19:55:34 | INFO: Primitives created: 1
19:55:34 | INFO: Extracting primitive: M2_K1_bosluk_korkuluk_0_kupeste.001
19:55:34 | INFO: Primitives created: 1
19:55:34 | INFO: Extracting primitive: M2_K1_bosluk_korkuluk_0_S_ana.008
19:55:34 | INFO: Primitives created: 1
19:55:34 | INFO: Extracting primitive: M2_K1_bosluk_korkuluk_0_S_ana.009
19:55:34 | INFO: Primitives created: 1
19:55:34 | INFO: Extracting primitive: M2_K1_bosluk_korkuluk_0_S_ana.010
19:55:34 | INFO: Primitives created: 1
19:55:34 | INFO: Extracting primitive: M2_K1_bosluk_korkuluk_0_S_ana.011
19:55:34 | INFO: Primitives created: 1
19:55:34 | INFO: Extracting primitive: M2_K1_bosluk_korkuluk_0_S_ana.012
19:55:34 | INFO: Primitives created: 1
19:55:34 | INFO: Extracting primitive: M2_K1_bosluk_korkuluk_0_S_ana.013
19:55:34 | INFO: Primitives created: 1
19:55:34 | INFO: Extracting primitive: M2_K1_bosluk_korkuluk_0_S_ana.014
19:55:34 | INFO: Primitives created: 1
19:55:34 | INFO: Extracting primitive: M2_K1_bosluk_korkuluk_0_S_ana.015
19:55:34 | INFO: Primitives created: 1
19:55:34 | INFO: Extracting primitive: M2_K1_bosluk_korkuluk_1_ayak.002
19:55:34 | INFO: Primitives created: 1
19:55:34 | INFO: Extracting primitive: M2_K1_bosluk_korkuluk_1_ayak.003
19:55:34 | INFO: Primitives created: 1
19:55:34 | INFO: Extracting primitive: M2_K1_bosluk_korkuluk_1_C_surgun.020
19:55:34 | INFO: Primitives created: 1
19:55:34 | INFO: Extracting primitive: M2_K1_bosluk_korkuluk_1_C_surgun.021
19:55:34 | INFO: Primitives created: 1
19:55:34 | INFO: Extracting primitive: M2_K1_bosluk_korkuluk_1_C_surgun.022
19:55:34 | INFO: Primitives created: 1
19:55:34 | INFO: Extracting primitive: M2_K1_bosluk_korkuluk_1_C_surgun.023
19:55:34 | INFO: Primitives created: 1
19:55:34 | INFO: Extracting primitive: M2_K1_bosluk_korkuluk_1_C_surgun.024
19:55:34 | INFO: Primitives created: 1
19:55:34 | INFO: Extracting primitive: M2_K1_bosluk_korkuluk_1_C_surgun.025
19:55:34 | INFO: Primitives created: 1
19:55:34 | INFO: Extracting primitive: M2_K1_bosluk_korkuluk_1_C_surgun.026
19:55:34 | INFO: Primitives created: 1
19:55:34 | INFO: Extracting primitive: M2_K1_bosluk_korkuluk_1_C_surgun.027
19:55:34 | INFO: Primitives created: 1
19:55:34 | INFO: Extracting primitive: M2_K1_bosluk_korkuluk_1_C_surgun.028
19:55:34 | INFO: Primitives created: 1
19:55:34 | INFO: Extracting primitive: M2_K1_bosluk_korkuluk_1_C_surgun.029
19:55:34 | INFO: Primitives created: 1
19:55:34 | INFO: Extracting primitive: M2_K1_bosluk_korkuluk_1_C_surgun.030
19:55:34 | INFO: Primitives created: 1
19:55:34 | INFO: Extracting primitive: M2_K1_bosluk_korkuluk_1_C_surgun.031
19:55:34 | INFO: Primitives created: 1
19:55:34 | INFO: Extracting primitive: M2_K1_bosluk_korkuluk_1_C_surgun.032
19:55:34 | INFO: Primitives created: 1
19:55:34 | INFO: Extracting primitive: M2_K1_bosluk_korkuluk_1_C_surgun.033
19:55:34 | INFO: Primitives created: 1
19:55:34 | INFO: Extracting primitive: M2_K1_bosluk_korkuluk_1_C_surgun.034
19:55:34 | INFO: Primitives created: 1
19:55:34 | INFO: Extracting primitive: M2_K1_bosluk_korkuluk_1_C_surgun.035
19:55:34 | INFO: Primitives created: 1
19:55:34 | INFO: Extracting primitive: M2_K1_bosluk_korkuluk_1_C_surgun.036
19:55:34 | INFO: Primitives created: 1
19:55:34 | INFO: Extracting primitive: M2_K1_bosluk_korkuluk_1_C_surgun.037
19:55:34 | INFO: Primitives created: 1
19:55:34 | INFO: Extracting primitive: M2_K1_bosluk_korkuluk_1_C_surgun.038
19:55:34 | INFO: Primitives created: 1
19:55:34 | INFO: Extracting primitive: M2_K1_bosluk_korkuluk_1_C_surgun.039
19:55:34 | INFO: Primitives created: 1
19:55:34 | INFO: Extracting primitive: M2_K1_bosluk_korkuluk_1_cerceve.002
19:55:34 | INFO: Primitives created: 1
19:55:34 | INFO: Extracting primitive: M2_K1_bosluk_korkuluk_1_cerceve.003
19:55:34 | INFO: Primitives created: 1
19:55:34 | INFO: Extracting primitive: M2_K1_bosluk_korkuluk_1_dikme.002
19:55:34 | INFO: Primitives created: 1
19:55:34 | INFO: Extracting primitive: M2_K1_bosluk_korkuluk_1_dikme.003
19:55:34 | INFO: Primitives created: 1
19:55:34 | INFO: Extracting primitive: M2_K1_bosluk_korkuluk_1_kucuk_C_bordur.032
19:55:34 | INFO: Primitives created: 1
19:55:34 | INFO: Extracting primitive: M2_K1_bosluk_korkuluk_1_kucuk_C_bordur.033
19:55:34 | INFO: Primitives created: 1
19:55:34 | INFO: Extracting primitive: M2_K1_bosluk_korkuluk_1_kucuk_C_bordur.034
19:55:34 | INFO: Primitives created: 1
19:55:34 | INFO: Extracting primitive: M2_K1_bosluk_korkuluk_1_kucuk_C_bordur.035
19:55:34 | INFO: Primitives created: 1
19:55:34 | INFO: Extracting primitive: M2_K1_bosluk_korkuluk_1_kucuk_C_bordur.036
19:55:34 | INFO: Primitives created: 1
19:55:34 | INFO: Extracting primitive: M2_K1_bosluk_korkuluk_1_kucuk_C_bordur.037
19:55:34 | INFO: Primitives created: 1
19:55:34 | INFO: Extracting primitive: M2_K1_bosluk_korkuluk_1_kucuk_C_bordur.038
19:55:34 | INFO: Primitives created: 1
19:55:34 | INFO: Extracting primitive: M2_K1_bosluk_korkuluk_1_kucuk_C_bordur.039
19:55:34 | INFO: Primitives created: 1
19:55:34 | INFO: Extracting primitive: M2_K1_bosluk_korkuluk_1_kucuk_C_bordur.040
19:55:34 | INFO: Primitives created: 1
19:55:34 | INFO: Extracting primitive: M2_K1_bosluk_korkuluk_1_kucuk_C_bordur.041
19:55:34 | INFO: Primitives created: 1
19:55:34 | INFO: Extracting primitive: M2_K1_bosluk_korkuluk_1_kucuk_C_bordur.042
19:55:34 | INFO: Primitives created: 1
19:55:34 | INFO: Extracting primitive: M2_K1_bosluk_korkuluk_1_kucuk_C_bordur.043
19:55:34 | INFO: Primitives created: 1
19:55:34 | INFO: Extracting primitive: M2_K1_bosluk_korkuluk_1_kucuk_C_bordur.044
19:55:34 | INFO: Primitives created: 1
19:55:34 | INFO: Extracting primitive: M2_K1_bosluk_korkuluk_1_kucuk_C_bordur.045
19:55:34 | INFO: Primitives created: 1
19:55:34 | INFO: Extracting primitive: M2_K1_bosluk_korkuluk_1_kucuk_C_bordur.046
19:55:34 | INFO: Primitives created: 1
19:55:34 | INFO: Extracting primitive: M2_K1_bosluk_korkuluk_1_kucuk_C_bordur.047
19:55:34 | INFO: Primitives created: 1
19:55:34 | INFO: Extracting primitive: M2_K1_bosluk_korkuluk_1_kucuk_C_bordur.048
19:55:34 | INFO: Primitives created: 1
19:55:34 | INFO: Extracting primitive: M2_K1_bosluk_korkuluk_1_kucuk_C_bordur.049
19:55:34 | INFO: Primitives created: 1
19:55:34 | INFO: Extracting primitive: M2_K1_bosluk_korkuluk_1_kucuk_C_bordur.050
19:55:34 | INFO: Primitives created: 1
19:55:34 | INFO: Extracting primitive: M2_K1_bosluk_korkuluk_1_kucuk_C_bordur.051
19:55:34 | INFO: Primitives created: 1
19:55:34 | INFO: Extracting primitive: M2_K1_bosluk_korkuluk_1_kucuk_C_bordur.052
19:55:34 | INFO: Primitives created: 1
19:55:34 | INFO: Extracting primitive: M2_K1_bosluk_korkuluk_1_kucuk_C_bordur.053
19:55:34 | INFO: Primitives created: 1
19:55:34 | INFO: Extracting primitive: M2_K1_bosluk_korkuluk_1_kucuk_C_bordur.054
19:55:34 | INFO: Primitives created: 1
19:55:34 | INFO: Extracting primitive: M2_K1_bosluk_korkuluk_1_kucuk_C_bordur.055
19:55:34 | INFO: Primitives created: 1
19:55:34 | INFO: Extracting primitive: M2_K1_bosluk_korkuluk_1_kucuk_C_bordur.056
19:55:34 | INFO: Primitives created: 1
19:55:34 | INFO: Extracting primitive: M2_K1_bosluk_korkuluk_1_kucuk_C_bordur.057
19:55:34 | INFO: Primitives created: 1
19:55:34 | INFO: Extracting primitive: M2_K1_bosluk_korkuluk_1_kucuk_C_bordur.058
19:55:34 | INFO: Primitives created: 1
19:55:34 | INFO: Extracting primitive: M2_K1_bosluk_korkuluk_1_kucuk_C_bordur.059
19:55:34 | INFO: Primitives created: 1
19:55:34 | INFO: Extracting primitive: M2_K1_bosluk_korkuluk_1_kucuk_C_bordur.060
19:55:34 | INFO: Primitives created: 1
19:55:34 | INFO: Extracting primitive: M2_K1_bosluk_korkuluk_1_kucuk_C_bordur.061
19:55:34 | INFO: Primitives created: 1
19:55:34 | INFO: Extracting primitive: M2_K1_bosluk_korkuluk_1_kucuk_C_bordur.062
19:55:34 | INFO: Primitives created: 1
19:55:34 | INFO: Extracting primitive: M2_K1_bosluk_korkuluk_1_kucuk_C_bordur.063
19:55:34 | INFO: Primitives created: 1
19:55:34 | INFO: Extracting primitive: M2_K1_bosluk_korkuluk_1_kupeste.001
19:55:34 | INFO: Primitives created: 1
19:55:34 | INFO: Extracting primitive: M2_K1_bosluk_korkuluk_1_S_ana.010
19:55:34 | INFO: Primitives created: 1
19:55:34 | INFO: Extracting primitive: M2_K1_bosluk_korkuluk_1_S_ana.011
19:55:34 | INFO: Primitives created: 1
19:55:34 | INFO: Extracting primitive: M2_K1_bosluk_korkuluk_1_S_ana.012
19:55:34 | INFO: Primitives created: 1
19:55:34 | INFO: Extracting primitive: M2_K1_bosluk_korkuluk_1_S_ana.013
19:55:34 | INFO: Primitives created: 1
19:55:34 | INFO: Extracting primitive: M2_K1_bosluk_korkuluk_1_S_ana.014
19:55:34 | INFO: Primitives created: 1
19:55:34 | INFO: Extracting primitive: M2_K1_bosluk_korkuluk_1_S_ana.015
19:55:34 | INFO: Primitives created: 1
19:55:34 | INFO: Extracting primitive: M2_K1_bosluk_korkuluk_1_S_ana.016
19:55:34 | INFO: Primitives created: 1
19:55:34 | INFO: Extracting primitive: M2_K1_bosluk_korkuluk_1_S_ana.017
19:55:34 | INFO: Primitives created: 1
19:55:34 | INFO: Extracting primitive: M2_K1_bosluk_korkuluk_1_S_ana.018
19:55:34 | INFO: Primitives created: 1
19:55:34 | INFO: Extracting primitive: M2_K1_bosluk_korkuluk_1_S_ana.019
19:55:34 | INFO: Primitives created: 1
19:55:34 | INFO: Extracting primitive: M2_K1_sahanlik.001
19:55:34 | INFO: Primitives created: 1
19:55:34 | INFO: Extracting primitive: M2_K1_sahanlik_alti.001
19:55:34 | INFO: Primitives created: 1
19:55:34 | INFO: Extracting primitive: M2_K2_0_basamak.009
19:55:34 | INFO: Primitives created: 1
19:55:34 | INFO: Extracting primitive: M2_K2_0_basamak.010
19:55:34 | INFO: Primitives created: 1
19:55:34 | INFO: Extracting primitive: M2_K2_0_basamak.011
19:55:34 | INFO: Primitives created: 1
19:55:34 | INFO: Extracting primitive: M2_K2_0_basamak.012
19:55:34 | INFO: Primitives created: 1
19:55:34 | INFO: Extracting primitive: M2_K2_0_basamak.013
19:55:34 | INFO: Primitives created: 1
19:55:34 | INFO: Extracting primitive: M2_K2_0_basamak.014
19:55:34 | INFO: Primitives created: 1
19:55:34 | INFO: Extracting primitive: M2_K2_0_basamak.015
19:55:34 | INFO: Primitives created: 1
19:55:34 | INFO: Extracting primitive: M2_K2_0_basamak.016
19:55:34 | INFO: Primitives created: 1
19:55:34 | INFO: Extracting primitive: M2_K2_0_basamak.017
19:55:34 | INFO: Primitives created: 1
19:55:34 | INFO: Extracting primitive: M2_K2_0_beyaz_altyapi.001
19:55:34 | INFO: Primitives created: 1
19:55:34 | INFO: Extracting primitive: M2_K2_0_korkuluk_ayak.002
19:55:34 | INFO: Primitives created: 1
19:55:34 | INFO: Extracting primitive: M2_K2_0_korkuluk_ayak.003
19:55:34 | INFO: Primitives created: 1
19:55:34 | INFO: Extracting primitive: M2_K2_0_korkuluk_ayak.005
19:55:34 | INFO: Primitives created: 1
19:55:34 | INFO: Extracting primitive: M2_K2_0_korkuluk_C_surgun.028
19:55:34 | INFO: Primitives created: 1
19:55:34 | INFO: Extracting primitive: M2_K2_0_korkuluk_C_surgun.029
19:55:34 | INFO: Primitives created: 1
19:55:34 | INFO: Extracting primitive: M2_K2_0_korkuluk_C_surgun.030
19:55:34 | INFO: Primitives created: 1
19:55:34 | INFO: Extracting primitive: M2_K2_0_korkuluk_C_surgun.031
19:55:34 | INFO: Primitives created: 1
19:55:34 | INFO: Extracting primitive: M2_K2_0_korkuluk_C_surgun.032
19:55:34 | INFO: Primitives created: 1
19:55:34 | INFO: Extracting primitive: M2_K2_0_korkuluk_C_surgun.033
19:55:34 | INFO: Primitives created: 1
19:55:34 | INFO: Extracting primitive: M2_K2_0_korkuluk_C_surgun.034
19:55:34 | INFO: Primitives created: 1
19:55:34 | INFO: Extracting primitive: M2_K2_0_korkuluk_C_surgun.035
19:55:34 | INFO: Primitives created: 1
19:55:34 | INFO: Extracting primitive: M2_K2_0_korkuluk_C_surgun.036
19:55:34 | INFO: Primitives created: 1
19:55:34 | INFO: Extracting primitive: M2_K2_0_korkuluk_C_surgun.037
19:55:34 | INFO: Primitives created: 1
19:55:34 | INFO: Extracting primitive: M2_K2_0_korkuluk_C_surgun.038
19:55:34 | INFO: Primitives created: 1
19:55:34 | INFO: Extracting primitive: M2_K2_0_korkuluk_C_surgun.039
19:55:34 | INFO: Primitives created: 1
19:55:34 | INFO: Extracting primitive: M2_K2_0_korkuluk_C_surgun.040
19:55:34 | INFO: Primitives created: 1
19:55:34 | INFO: Extracting primitive: M2_K2_0_korkuluk_C_surgun.041
19:55:34 | INFO: Primitives created: 1
19:55:34 | INFO: Extracting primitive: M2_K2_0_korkuluk_C_surgun.042
19:55:34 | INFO: Primitives created: 1
19:55:34 | INFO: Extracting primitive: M2_K2_0_korkuluk_C_surgun.043
19:55:34 | INFO: Primitives created: 1
19:55:34 | INFO: Extracting primitive: M2_K2_0_korkuluk_C_surgun.044
19:55:34 | INFO: Primitives created: 1
19:55:34 | INFO: Extracting primitive: M2_K2_0_korkuluk_C_surgun.045
19:55:34 | INFO: Primitives created: 1
19:55:34 | INFO: Extracting primitive: M2_K2_0_korkuluk_C_surgun.046
19:55:34 | INFO: Primitives created: 1
19:55:34 | INFO: Extracting primitive: M2_K2_0_korkuluk_C_surgun.047
19:55:34 | INFO: Primitives created: 1
19:55:34 | INFO: Extracting primitive: M2_K2_0_korkuluk_C_surgun.048
19:55:34 | INFO: Primitives created: 1
19:55:34 | INFO: Extracting primitive: M2_K2_0_korkuluk_C_surgun.049
19:55:34 | INFO: Primitives created: 1
19:55:34 | INFO: Extracting primitive: M2_K2_0_korkuluk_C_surgun.050
19:55:34 | INFO: Primitives created: 1
19:55:34 | INFO: Extracting primitive: M2_K2_0_korkuluk_C_surgun.051
19:55:34 | INFO: Primitives created: 1
19:55:34 | INFO: Extracting primitive: M2_K2_0_korkuluk_C_surgun.052
19:55:34 | INFO: Primitives created: 1
19:55:34 | INFO: Extracting primitive: M2_K2_0_korkuluk_C_surgun.053
19:55:34 | INFO: Primitives created: 1
19:55:34 | INFO: Extracting primitive: M2_K2_0_korkuluk_C_surgun.054
19:55:34 | INFO: Primitives created: 1
19:55:34 | INFO: Extracting primitive: M2_K2_0_korkuluk_C_surgun.055
19:55:34 | INFO: Primitives created: 1
19:55:34 | INFO: Extracting primitive: M2_K2_0_korkuluk_cerceve.002
19:55:34 | INFO: Primitives created: 1
19:55:34 | INFO: Extracting primitive: M2_K2_0_korkuluk_cerceve.003
19:55:34 | INFO: Primitives created: 1
19:55:34 | INFO: Extracting primitive: M2_K2_0_korkuluk_dikme.002
19:55:34 | INFO: Primitives created: 1
19:55:34 | INFO: Extracting primitive: M2_K2_0_korkuluk_dikme.003
19:55:34 | INFO: Primitives created: 1
19:55:34 | INFO: Extracting primitive: M2_K2_0_korkuluk_dikme.005
19:55:34 | INFO: Primitives created: 1
19:55:34 | INFO: Extracting primitive: M2_K2_0_korkuluk_kucuk_C_bordur.048
19:55:34 | INFO: Primitives created: 1
19:55:34 | INFO: Extracting primitive: M2_K2_0_korkuluk_kucuk_C_bordur.049
19:55:34 | INFO: Primitives created: 1
19:55:34 | INFO: Extracting primitive: M2_K2_0_korkuluk_kucuk_C_bordur.050
19:55:34 | INFO: Primitives created: 1
19:55:34 | INFO: Extracting primitive: M2_K2_0_korkuluk_kucuk_C_bordur.051
19:55:34 | INFO: Primitives created: 1
19:55:34 | INFO: Extracting primitive: M2_K2_0_korkuluk_kucuk_C_bordur.052
19:55:34 | INFO: Primitives created: 1
19:55:34 | INFO: Extracting primitive: M2_K2_0_korkuluk_kucuk_C_bordur.053
19:55:34 | INFO: Primitives created: 1
19:55:34 | INFO: Extracting primitive: M2_K2_0_korkuluk_kucuk_C_bordur.054
19:55:34 | INFO: Primitives created: 1
19:55:34 | INFO: Extracting primitive: M2_K2_0_korkuluk_kucuk_C_bordur.055
19:55:34 | INFO: Primitives created: 1
19:55:34 | INFO: Extracting primitive: M2_K2_0_korkuluk_kucuk_C_bordur.056
19:55:34 | INFO: Primitives created: 1
19:55:34 | INFO: Extracting primitive: M2_K2_0_korkuluk_kucuk_C_bordur.057
19:55:34 | INFO: Primitives created: 1
19:55:34 | INFO: Extracting primitive: M2_K2_0_korkuluk_kucuk_C_bordur.058
19:55:34 | INFO: Primitives created: 1
19:55:34 | INFO: Extracting primitive: M2_K2_0_korkuluk_kucuk_C_bordur.059
19:55:34 | INFO: Primitives created: 1
19:55:34 | INFO: Extracting primitive: M2_K2_0_korkuluk_kucuk_C_bordur.060
19:55:34 | INFO: Primitives created: 1
19:55:34 | INFO: Extracting primitive: M2_K2_0_korkuluk_kucuk_C_bordur.061
19:55:34 | INFO: Primitives created: 1
19:55:34 | INFO: Extracting primitive: M2_K2_0_korkuluk_kucuk_C_bordur.062
19:55:34 | INFO: Primitives created: 1
19:55:34 | INFO: Extracting primitive: M2_K2_0_korkuluk_kucuk_C_bordur.063
19:55:34 | INFO: Primitives created: 1
19:55:34 | INFO: Extracting primitive: M2_K2_0_korkuluk_kucuk_C_bordur.064
19:55:34 | INFO: Primitives created: 1
19:55:34 | INFO: Extracting primitive: M2_K2_0_korkuluk_kucuk_C_bordur.065
19:55:34 | INFO: Primitives created: 1
19:55:34 | INFO: Extracting primitive: M2_K2_0_korkuluk_kucuk_C_bordur.066
19:55:34 | INFO: Primitives created: 1
19:55:34 | INFO: Extracting primitive: M2_K2_0_korkuluk_kucuk_C_bordur.067
19:55:34 | INFO: Primitives created: 1
19:55:34 | INFO: Extracting primitive: M2_K2_0_korkuluk_kucuk_C_bordur.068
19:55:34 | INFO: Primitives created: 1
19:55:34 | INFO: Extracting primitive: M2_K2_0_korkuluk_kucuk_C_bordur.069
19:55:34 | INFO: Primitives created: 1
19:55:34 | INFO: Extracting primitive: M2_K2_0_korkuluk_kucuk_C_bordur.070
19:55:34 | INFO: Primitives created: 1
19:55:34 | INFO: Extracting primitive: M2_K2_0_korkuluk_kucuk_C_bordur.071
19:55:34 | INFO: Primitives created: 1
19:55:34 | INFO: Extracting primitive: M2_K2_0_korkuluk_kucuk_C_bordur.072
19:55:34 | INFO: Primitives created: 1
19:55:34 | INFO: Extracting primitive: M2_K2_0_korkuluk_kucuk_C_bordur.073
19:55:34 | INFO: Primitives created: 1
19:55:34 | INFO: Extracting primitive: M2_K2_0_korkuluk_kucuk_C_bordur.074
19:55:34 | INFO: Primitives created: 1
19:55:34 | INFO: Extracting primitive: M2_K2_0_korkuluk_kucuk_C_bordur.075
19:55:34 | INFO: Primitives created: 1
19:55:34 | INFO: Extracting primitive: M2_K2_0_korkuluk_kucuk_C_bordur.076
19:55:34 | INFO: Primitives created: 1
19:55:34 | INFO: Extracting primitive: M2_K2_0_korkuluk_kucuk_C_bordur.077
19:55:34 | INFO: Primitives created: 1
19:55:34 | INFO: Extracting primitive: M2_K2_0_korkuluk_kucuk_C_bordur.078
19:55:34 | INFO: Primitives created: 1
19:55:34 | INFO: Extracting primitive: M2_K2_0_korkuluk_kucuk_C_bordur.079
19:55:34 | INFO: Primitives created: 1
19:55:34 | INFO: Extracting primitive: M2_K2_0_korkuluk_kucuk_C_bordur.080
19:55:34 | INFO: Primitives created: 1
19:55:34 | INFO: Extracting primitive: M2_K2_0_korkuluk_kucuk_C_bordur.081
19:55:34 | INFO: Primitives created: 1
19:55:34 | INFO: Extracting primitive: M2_K2_0_korkuluk_kucuk_C_bordur.082
19:55:34 | INFO: Primitives created: 1
19:55:34 | INFO: Extracting primitive: M2_K2_0_korkuluk_kucuk_C_bordur.083
19:55:34 | INFO: Primitives created: 1
19:55:34 | INFO: Extracting primitive: M2_K2_0_korkuluk_kucuk_C_bordur.084
19:55:34 | INFO: Primitives created: 1
19:55:34 | INFO: Extracting primitive: M2_K2_0_korkuluk_kucuk_C_bordur.085
19:55:34 | INFO: Primitives created: 1
19:55:34 | INFO: Extracting primitive: M2_K2_0_korkuluk_kucuk_C_bordur.086
19:55:34 | INFO: Primitives created: 1
19:55:34 | INFO: Extracting primitive: M2_K2_0_korkuluk_kucuk_C_bordur.087
19:55:34 | INFO: Primitives created: 1
19:55:34 | INFO: Extracting primitive: M2_K2_0_korkuluk_kucuk_C_bordur.088
19:55:34 | INFO: Primitives created: 1
19:55:34 | INFO: Extracting primitive: M2_K2_0_korkuluk_kucuk_C_bordur.089
19:55:34 | INFO: Primitives created: 1
19:55:34 | INFO: Extracting primitive: M2_K2_0_korkuluk_kucuk_C_bordur.090
19:55:34 | INFO: Primitives created: 1
19:55:34 | INFO: Extracting primitive: M2_K2_0_korkuluk_kucuk_C_bordur.091
19:55:34 | INFO: Primitives created: 1
19:55:34 | INFO: Extracting primitive: M2_K2_0_korkuluk_kucuk_C_bordur.092
19:55:34 | INFO: Primitives created: 1
19:55:34 | INFO: Extracting primitive: M2_K2_0_korkuluk_kucuk_C_bordur.093
19:55:34 | INFO: Primitives created: 1
19:55:34 | INFO: Extracting primitive: M2_K2_0_korkuluk_kucuk_C_bordur.094
19:55:34 | INFO: Primitives created: 1
19:55:34 | INFO: Extracting primitive: M2_K2_0_korkuluk_kucuk_C_bordur.095
19:55:34 | INFO: Primitives created: 1
19:55:34 | INFO: Extracting primitive: M2_K2_0_korkuluk_kupeste.001
19:55:34 | INFO: Primitives created: 1
19:55:34 | INFO: Extracting primitive: M2_K2_0_korkuluk_S_ana.014
19:55:34 | INFO: Primitives created: 1
19:55:34 | INFO: Extracting primitive: M2_K2_0_korkuluk_S_ana.015
19:55:34 | INFO: Primitives created: 1
19:55:34 | INFO: Extracting primitive: M2_K2_0_korkuluk_S_ana.016
19:55:34 | INFO: Primitives created: 1
19:55:34 | INFO: Extracting primitive: M2_K2_0_korkuluk_S_ana.017
19:55:34 | INFO: Primitives created: 1
19:55:34 | INFO: Extracting primitive: M2_K2_0_korkuluk_S_ana.018
19:55:34 | INFO: Primitives created: 1
19:55:34 | INFO: Extracting primitive: M2_K2_0_korkuluk_S_ana.019
19:55:34 | INFO: Primitives created: 1
19:55:34 | INFO: Extracting primitive: M2_K2_0_korkuluk_S_ana.020
19:55:34 | INFO: Primitives created: 1
19:55:34 | INFO: Extracting primitive: M2_K2_0_korkuluk_S_ana.021
19:55:34 | INFO: Primitives created: 1
19:55:34 | INFO: Extracting primitive: M2_K2_0_korkuluk_S_ana.022
19:55:34 | INFO: Primitives created: 1
19:55:34 | INFO: Extracting primitive: M2_K2_0_korkuluk_S_ana.023
19:55:34 | INFO: Primitives created: 1
19:55:34 | INFO: Extracting primitive: M2_K2_0_korkuluk_S_ana.024
19:55:34 | INFO: Primitives created: 1
19:55:34 | INFO: Extracting primitive: M2_K2_0_korkuluk_S_ana.025
19:55:34 | INFO: Primitives created: 1
19:55:34 | INFO: Extracting primitive: M2_K2_0_korkuluk_S_ana.026
19:55:34 | INFO: Primitives created: 1
19:55:34 | INFO: Extracting primitive: M2_K2_0_korkuluk_S_ana.027
19:55:34 | INFO: Primitives created: 1
19:55:34 | INFO: Extracting primitive: M2_K2_0_riht.009
19:55:34 | INFO: Primitives created: 1
19:55:34 | INFO: Extracting primitive: M2_K2_0_riht.010
19:55:34 | INFO: Primitives created: 1
19:55:34 | INFO: Extracting primitive: M2_K2_0_riht.011
19:55:34 | INFO: Primitives created: 1
19:55:34 | INFO: Extracting primitive: M2_K2_0_riht.012
19:55:34 | INFO: Primitives created: 1
19:55:34 | INFO: Extracting primitive: M2_K2_0_riht.013
19:55:34 | INFO: Primitives created: 1
19:55:34 | INFO: Extracting primitive: M2_K2_0_riht.014
19:55:34 | INFO: Primitives created: 1
19:55:34 | INFO: Extracting primitive: M2_K2_0_riht.015
19:55:34 | INFO: Primitives created: 1
19:55:34 | INFO: Extracting primitive: M2_K2_0_riht.016
19:55:34 | INFO: Primitives created: 1
19:55:34 | INFO: Extracting primitive: M2_K2_0_riht.017
19:55:34 | INFO: Primitives created: 1
19:55:34 | INFO: Extracting primitive: M2_K2_1_basamak.009
19:55:34 | INFO: Primitives created: 1
19:55:34 | INFO: Extracting primitive: M2_K2_1_basamak.010
19:55:34 | INFO: Primitives created: 1
19:55:34 | INFO: Extracting primitive: M2_K2_1_basamak.011
19:55:34 | INFO: Primitives created: 1
19:55:34 | INFO: Extracting primitive: M2_K2_1_basamak.012
19:55:34 | INFO: Primitives created: 1
19:55:34 | INFO: Extracting primitive: M2_K2_1_basamak.013
19:55:34 | INFO: Primitives created: 1
19:55:34 | INFO: Extracting primitive: M2_K2_1_basamak.014
19:55:34 | INFO: Primitives created: 1
19:55:34 | INFO: Extracting primitive: M2_K2_1_basamak.015
19:55:34 | INFO: Primitives created: 1
19:55:34 | INFO: Extracting primitive: M2_K2_1_basamak.016
19:55:34 | INFO: Primitives created: 1
19:55:34 | INFO: Extracting primitive: M2_K2_1_basamak.017
19:55:34 | INFO: Primitives created: 1
19:55:34 | INFO: Extracting primitive: M2_K2_1_beyaz_altyapi.001
19:55:34 | INFO: Primitives created: 1
19:55:34 | INFO: Extracting primitive: M2_K2_1_korkuluk_ayak.002
19:55:34 | INFO: Primitives created: 1
19:55:34 | INFO: Extracting primitive: M2_K2_1_korkuluk_ayak.003
19:55:34 | INFO: Primitives created: 1
19:55:34 | INFO: Extracting primitive: M2_K2_1_korkuluk_C_surgun.016
19:55:34 | INFO: Primitives created: 1
19:55:34 | INFO: Extracting primitive: M2_K2_1_korkuluk_C_surgun.017
19:55:34 | INFO: Primitives created: 1
19:55:34 | INFO: Extracting primitive: M2_K2_1_korkuluk_C_surgun.018
19:55:34 | INFO: Primitives created: 1
19:55:34 | INFO: Extracting primitive: M2_K2_1_korkuluk_C_surgun.019
19:55:34 | INFO: Primitives created: 1
19:55:34 | INFO: Extracting primitive: M2_K2_1_korkuluk_C_surgun.020
19:55:34 | INFO: Primitives created: 1
19:55:34 | INFO: Extracting primitive: M2_K2_1_korkuluk_C_surgun.021
19:55:34 | INFO: Primitives created: 1
19:55:34 | INFO: Extracting primitive: M2_K2_1_korkuluk_C_surgun.022
19:55:34 | INFO: Primitives created: 1
19:55:34 | INFO: Extracting primitive: M2_K2_1_korkuluk_C_surgun.023
19:55:34 | INFO: Primitives created: 1
19:55:34 | INFO: Extracting primitive: M2_K2_1_korkuluk_C_surgun.024
19:55:34 | INFO: Primitives created: 1
19:55:34 | INFO: Extracting primitive: M2_K2_1_korkuluk_C_surgun.025
19:55:34 | INFO: Primitives created: 1
19:55:34 | INFO: Extracting primitive: M2_K2_1_korkuluk_C_surgun.026
19:55:34 | INFO: Primitives created: 1
19:55:34 | INFO: Extracting primitive: M2_K2_1_korkuluk_C_surgun.027
19:55:34 | INFO: Primitives created: 1
19:55:34 | INFO: Extracting primitive: M2_K2_1_korkuluk_C_surgun.028
19:55:34 | INFO: Primitives created: 1
19:55:34 | INFO: Extracting primitive: M2_K2_1_korkuluk_C_surgun.029
19:55:34 | INFO: Primitives created: 1
19:55:34 | INFO: Extracting primitive: M2_K2_1_korkuluk_C_surgun.030
19:55:34 | INFO: Primitives created: 1
19:55:34 | INFO: Extracting primitive: M2_K2_1_korkuluk_C_surgun.031
19:55:34 | INFO: Primitives created: 1
19:55:34 | INFO: Extracting primitive: M2_K2_1_korkuluk_cerceve.002
19:55:34 | INFO: Primitives created: 1
19:55:34 | INFO: Extracting primitive: M2_K2_1_korkuluk_cerceve.003
19:55:34 | INFO: Primitives created: 1
19:55:34 | INFO: Extracting primitive: M2_K2_1_korkuluk_dikme.002
19:55:34 | INFO: Primitives created: 1
19:55:34 | INFO: Extracting primitive: M2_K2_1_korkuluk_dikme.003
19:55:34 | INFO: Primitives created: 1
19:55:34 | INFO: Extracting primitive: M2_K2_1_korkuluk_kupeste.001
19:55:34 | INFO: Primitives created: 1
19:55:34 | INFO: Extracting primitive: M2_K2_1_korkuluk_pirinc_baglanti.004
19:55:34 | INFO: Primitives created: 1
19:55:34 | INFO: Extracting primitive: M2_K2_1_korkuluk_pirinc_baglanti.005
19:55:34 | INFO: Primitives created: 1
19:55:34 | INFO: Extracting primitive: M2_K2_1_korkuluk_pirinc_baglanti.006
19:55:34 | INFO: Primitives created: 1
19:55:34 | INFO: Extracting primitive: M2_K2_1_korkuluk_pirinc_baglanti.007
19:55:34 | INFO: Primitives created: 1
19:55:34 | INFO: Extracting primitive: M2_K2_1_korkuluk_S_ana.008
19:55:34 | INFO: Primitives created: 1
19:55:34 | INFO: Extracting primitive: M2_K2_1_korkuluk_S_ana.009
19:55:34 | INFO: Primitives created: 1
19:55:34 | INFO: Extracting primitive: M2_K2_1_korkuluk_S_ana.010
19:55:34 | INFO: Primitives created: 1
19:55:34 | INFO: Extracting primitive: M2_K2_1_korkuluk_S_ana.011
19:55:34 | INFO: Primitives created: 1
19:55:34 | INFO: Extracting primitive: M2_K2_1_korkuluk_S_ana.012
19:55:34 | INFO: Primitives created: 1
19:55:34 | INFO: Extracting primitive: M2_K2_1_korkuluk_S_ana.013
19:55:34 | INFO: Primitives created: 1
19:55:34 | INFO: Extracting primitive: M2_K2_1_korkuluk_S_ana.014
19:55:34 | INFO: Primitives created: 1
19:55:34 | INFO: Extracting primitive: M2_K2_1_korkuluk_S_ana.015
19:55:34 | INFO: Primitives created: 1
19:55:34 | INFO: Extracting primitive: M2_K2_1_korkuluk_zambak_sap.008
19:55:34 | INFO: Primitives created: 1
19:55:34 | INFO: Extracting primitive: M2_K2_1_korkuluk_zambak_sap.009
19:55:34 | INFO: Primitives created: 1
19:55:34 | INFO: Extracting primitive: M2_K2_1_korkuluk_zambak_sap.010
19:55:34 | INFO: Primitives created: 1
19:55:34 | INFO: Extracting primitive: M2_K2_1_korkuluk_zambak_sap.011
19:55:34 | INFO: Primitives created: 1
19:55:34 | INFO: Extracting primitive: M2_K2_1_korkuluk_zambak_sap.012
19:55:34 | INFO: Primitives created: 1
19:55:34 | INFO: Extracting primitive: M2_K2_1_korkuluk_zambak_sap.013
19:55:34 | INFO: Primitives created: 1
19:55:34 | INFO: Extracting primitive: M2_K2_1_korkuluk_zambak_sap.014
19:55:34 | INFO: Primitives created: 1
19:55:34 | INFO: Extracting primitive: M2_K2_1_korkuluk_zambak_sap.015
19:55:34 | INFO: Primitives created: 1
19:55:34 | INFO: Extracting primitive: M2_K2_1_korkuluk_zambak_yaprak.024
19:55:34 | INFO: Primitives created: 1
19:55:34 | INFO: Extracting primitive: M2_K2_1_korkuluk_zambak_yaprak.025
19:55:34 | INFO: Primitives created: 1
19:55:34 | INFO: Extracting primitive: M2_K2_1_korkuluk_zambak_yaprak.026
19:55:34 | INFO: Primitives created: 1
19:55:34 | INFO: Extracting primitive: M2_K2_1_korkuluk_zambak_yaprak.027
19:55:34 | INFO: Primitives created: 1
19:55:34 | INFO: Extracting primitive: M2_K2_1_korkuluk_zambak_yaprak.028
19:55:34 | INFO: Primitives created: 1
19:55:34 | INFO: Extracting primitive: M2_K2_1_korkuluk_zambak_yaprak.029
19:55:34 | INFO: Primitives created: 1
19:55:34 | INFO: Extracting primitive: M2_K2_1_korkuluk_zambak_yaprak.030
19:55:34 | INFO: Primitives created: 1
19:55:34 | INFO: Extracting primitive: M2_K2_1_korkuluk_zambak_yaprak.031
19:55:34 | INFO: Primitives created: 1
19:55:34 | INFO: Extracting primitive: M2_K2_1_korkuluk_zambak_yaprak.032
19:55:34 | INFO: Primitives created: 1
19:55:34 | INFO: Extracting primitive: M2_K2_1_korkuluk_zambak_yaprak.033
19:55:34 | INFO: Primitives created: 1
19:55:34 | INFO: Extracting primitive: M2_K2_1_korkuluk_zambak_yaprak.034
19:55:34 | INFO: Primitives created: 1
19:55:34 | INFO: Extracting primitive: M2_K2_1_korkuluk_zambak_yaprak.035
19:55:34 | INFO: Primitives created: 1
19:55:34 | INFO: Extracting primitive: M2_K2_1_korkuluk_zambak_yaprak.036
19:55:34 | INFO: Primitives created: 1
19:55:34 | INFO: Extracting primitive: M2_K2_1_korkuluk_zambak_yaprak.037
19:55:34 | INFO: Primitives created: 1
19:55:34 | INFO: Extracting primitive: M2_K2_1_korkuluk_zambak_yaprak.038
19:55:34 | INFO: Primitives created: 1
19:55:34 | INFO: Extracting primitive: M2_K2_1_korkuluk_zambak_yaprak.039
19:55:34 | INFO: Primitives created: 1
19:55:34 | INFO: Extracting primitive: M2_K2_1_korkuluk_zambak_yaprak.040
19:55:34 | INFO: Primitives created: 1
19:55:34 | INFO: Extracting primitive: M2_K2_1_korkuluk_zambak_yaprak.041
19:55:34 | INFO: Primitives created: 1
19:55:34 | INFO: Extracting primitive: M2_K2_1_korkuluk_zambak_yaprak.042
19:55:34 | INFO: Primitives created: 1
19:55:34 | INFO: Extracting primitive: M2_K2_1_korkuluk_zambak_yaprak.043
19:55:34 | INFO: Primitives created: 1
19:55:34 | INFO: Extracting primitive: M2_K2_1_korkuluk_zambak_yaprak.044
19:55:34 | INFO: Primitives created: 1
19:55:34 | INFO: Extracting primitive: M2_K2_1_korkuluk_zambak_yaprak.045
19:55:34 | INFO: Primitives created: 1
19:55:34 | INFO: Extracting primitive: M2_K2_1_korkuluk_zambak_yaprak.046
19:55:34 | INFO: Primitives created: 1
19:55:34 | INFO: Extracting primitive: M2_K2_1_korkuluk_zambak_yaprak.047
19:55:34 | INFO: Primitives created: 1
19:55:34 | INFO: Extracting primitive: M2_K2_1_riht.009
19:55:34 | INFO: Primitives created: 1
19:55:34 | INFO: Extracting primitive: M2_K2_1_riht.010
19:55:34 | INFO: Primitives created: 1
19:55:34 | INFO: Extracting primitive: M2_K2_1_riht.011
19:55:34 | INFO: Primitives created: 1
19:55:34 | INFO: Extracting primitive: M2_K2_1_riht.012
19:55:34 | INFO: Primitives created: 1
19:55:34 | INFO: Extracting primitive: M2_K2_1_riht.013
19:55:34 | INFO: Primitives created: 1
19:55:34 | INFO: Extracting primitive: M2_K2_1_riht.014
19:55:34 | INFO: Primitives created: 1
19:55:34 | INFO: Extracting primitive: M2_K2_1_riht.015
19:55:34 | INFO: Primitives created: 1
19:55:34 | INFO: Extracting primitive: M2_K2_1_riht.016
19:55:34 | INFO: Primitives created: 1
19:55:34 | INFO: Extracting primitive: M2_K2_1_riht.017
19:55:34 | INFO: Primitives created: 1
19:55:34 | INFO: Extracting primitive: M2_K2_bosluk_korkuluk_0_ayak.002
19:55:34 | INFO: Primitives created: 1
19:55:34 | INFO: Extracting primitive: M2_K2_bosluk_korkuluk_0_ayak.003
19:55:34 | INFO: Primitives created: 1
19:55:34 | INFO: Extracting primitive: M2_K2_bosluk_korkuluk_0_C_surgun.012
19:55:34 | INFO: Primitives created: 1
19:55:34 | INFO: Extracting primitive: M2_K2_bosluk_korkuluk_0_C_surgun.013
19:55:34 | INFO: Primitives created: 1
19:55:34 | INFO: Extracting primitive: M2_K2_bosluk_korkuluk_0_C_surgun.014
19:55:34 | INFO: Primitives created: 1
19:55:34 | INFO: Extracting primitive: M2_K2_bosluk_korkuluk_0_C_surgun.015
19:55:34 | INFO: Primitives created: 1
19:55:34 | INFO: Extracting primitive: M2_K2_bosluk_korkuluk_0_C_surgun.016
19:55:34 | INFO: Primitives created: 1
19:55:34 | INFO: Extracting primitive: M2_K2_bosluk_korkuluk_0_C_surgun.017
19:55:34 | INFO: Primitives created: 1
19:55:34 | INFO: Extracting primitive: M2_K2_bosluk_korkuluk_0_C_surgun.018
19:55:34 | INFO: Primitives created: 1
19:55:34 | INFO: Extracting primitive: M2_K2_bosluk_korkuluk_0_C_surgun.019
19:55:34 | INFO: Primitives created: 1
19:55:34 | INFO: Extracting primitive: M2_K2_bosluk_korkuluk_0_C_surgun.020
19:55:34 | INFO: Primitives created: 1
19:55:34 | INFO: Extracting primitive: M2_K2_bosluk_korkuluk_0_C_surgun.021
19:55:34 | INFO: Primitives created: 1
19:55:34 | INFO: Extracting primitive: M2_K2_bosluk_korkuluk_0_C_surgun.022
19:55:34 | INFO: Primitives created: 1
19:55:34 | INFO: Extracting primitive: M2_K2_bosluk_korkuluk_0_C_surgun.023
19:55:34 | INFO: Primitives created: 1
19:55:34 | INFO: Extracting primitive: M2_K2_bosluk_korkuluk_0_cerceve.002
19:55:34 | INFO: Primitives created: 1
19:55:34 | INFO: Extracting primitive: M2_K2_bosluk_korkuluk_0_cerceve.003
19:55:34 | INFO: Primitives created: 1
19:55:34 | INFO: Extracting primitive: M2_K2_bosluk_korkuluk_0_dikme.002
19:55:34 | INFO: Primitives created: 1
19:55:34 | INFO: Extracting primitive: M2_K2_bosluk_korkuluk_0_dikme.003
19:55:34 | INFO: Primitives created: 1
19:55:34 | INFO: Extracting primitive: M2_K2_bosluk_korkuluk_0_kupeste.001
19:55:34 | INFO: Primitives created: 1
19:55:34 | INFO: Extracting primitive: M2_K2_bosluk_korkuluk_0_pirinc_baglanti.003
19:55:34 | INFO: Primitives created: 1
19:55:34 | INFO: Extracting primitive: M2_K2_bosluk_korkuluk_0_pirinc_baglanti.004
19:55:34 | INFO: Primitives created: 1
19:55:34 | INFO: Extracting primitive: M2_K2_bosluk_korkuluk_0_pirinc_baglanti.005
19:55:34 | INFO: Primitives created: 1
19:55:34 | INFO: Extracting primitive: M2_K2_bosluk_korkuluk_0_S_ana.006
19:55:34 | INFO: Primitives created: 1
19:55:34 | INFO: Extracting primitive: M2_K2_bosluk_korkuluk_0_S_ana.007
19:55:34 | INFO: Primitives created: 1
19:55:34 | INFO: Extracting primitive: M2_K2_bosluk_korkuluk_0_S_ana.008
19:55:34 | INFO: Primitives created: 1
19:55:34 | INFO: Extracting primitive: M2_K2_bosluk_korkuluk_0_S_ana.009
19:55:34 | INFO: Primitives created: 1
19:55:34 | INFO: Extracting primitive: M2_K2_bosluk_korkuluk_0_S_ana.010
19:55:34 | INFO: Primitives created: 1
19:55:34 | INFO: Extracting primitive: M2_K2_bosluk_korkuluk_0_S_ana.011
19:55:34 | INFO: Primitives created: 1
19:55:34 | INFO: Extracting primitive: M2_K2_bosluk_korkuluk_0_zambak_sap.006
19:55:34 | INFO: Primitives created: 1
19:55:34 | INFO: Extracting primitive: M2_K2_bosluk_korkuluk_0_zambak_sap.007
19:55:34 | INFO: Primitives created: 1
19:55:34 | INFO: Extracting primitive: M2_K2_bosluk_korkuluk_0_zambak_sap.008
19:55:34 | INFO: Primitives created: 1
19:55:34 | INFO: Extracting primitive: M2_K2_bosluk_korkuluk_0_zambak_sap.009
19:55:34 | INFO: Primitives created: 1
19:55:34 | INFO: Extracting primitive: M2_K2_bosluk_korkuluk_0_zambak_sap.010
19:55:34 | INFO: Primitives created: 1
19:55:34 | INFO: Extracting primitive: M2_K2_bosluk_korkuluk_0_zambak_sap.011
19:55:34 | INFO: Primitives created: 1
19:55:34 | INFO: Extracting primitive: M2_K2_bosluk_korkuluk_0_zambak_yaprak.018
19:55:34 | INFO: Primitives created: 1
19:55:34 | INFO: Extracting primitive: M2_K2_bosluk_korkuluk_0_zambak_yaprak.019
19:55:34 | INFO: Primitives created: 1
19:55:34 | INFO: Extracting primitive: M2_K2_bosluk_korkuluk_0_zambak_yaprak.020
19:55:34 | INFO: Primitives created: 1
19:55:34 | INFO: Extracting primitive: M2_K2_bosluk_korkuluk_0_zambak_yaprak.021
19:55:34 | INFO: Primitives created: 1
19:55:34 | INFO: Extracting primitive: M2_K2_bosluk_korkuluk_0_zambak_yaprak.022
19:55:34 | INFO: Primitives created: 1
19:55:34 | INFO: Extracting primitive: M2_K2_bosluk_korkuluk_0_zambak_yaprak.023
19:55:34 | INFO: Primitives created: 1
19:55:34 | INFO: Extracting primitive: M2_K2_bosluk_korkuluk_0_zambak_yaprak.024
19:55:34 | INFO: Primitives created: 1
19:55:34 | INFO: Extracting primitive: M2_K2_bosluk_korkuluk_0_zambak_yaprak.025
19:55:34 | INFO: Primitives created: 1
19:55:34 | INFO: Extracting primitive: M2_K2_bosluk_korkuluk_0_zambak_yaprak.026
19:55:34 | INFO: Primitives created: 1
19:55:34 | INFO: Extracting primitive: M2_K2_bosluk_korkuluk_0_zambak_yaprak.027
19:55:34 | INFO: Primitives created: 1
19:55:34 | INFO: Extracting primitive: M2_K2_bosluk_korkuluk_0_zambak_yaprak.028
19:55:34 | INFO: Primitives created: 1
19:55:34 | INFO: Extracting primitive: M2_K2_bosluk_korkuluk_0_zambak_yaprak.029
19:55:34 | INFO: Primitives created: 1
19:55:34 | INFO: Extracting primitive: M2_K2_bosluk_korkuluk_0_zambak_yaprak.030
19:55:34 | INFO: Primitives created: 1
19:55:34 | INFO: Extracting primitive: M2_K2_bosluk_korkuluk_0_zambak_yaprak.031
19:55:34 | INFO: Primitives created: 1
19:55:34 | INFO: Extracting primitive: M2_K2_bosluk_korkuluk_0_zambak_yaprak.032
19:55:34 | INFO: Primitives created: 1
19:55:34 | INFO: Extracting primitive: M2_K2_bosluk_korkuluk_0_zambak_yaprak.033
19:55:34 | INFO: Primitives created: 1
19:55:34 | INFO: Extracting primitive: M2_K2_bosluk_korkuluk_0_zambak_yaprak.034
19:55:34 | INFO: Primitives created: 1
19:55:34 | INFO: Extracting primitive: M2_K2_bosluk_korkuluk_0_zambak_yaprak.035
19:55:34 | INFO: Primitives created: 1
19:55:34 | INFO: Extracting primitive: M2_K2_sahanlik.001
19:55:34 | INFO: Primitives created: 1
19:55:34 | INFO: Extracting primitive: M2_K2_sahanlik_alti.001
19:55:34 | INFO: Primitives created: 1
19:55:34 | INFO: Extracting primitive: M3_01_dik_profil.012
19:55:34 | INFO: Primitives created: 1
19:55:34 | INFO: Extracting primitive: M3_01_dik_profil.013
19:55:34 | INFO: Primitives created: 1
19:55:34 | INFO: Extracting primitive: M3_01_dik_profil.014
19:55:34 | INFO: Primitives created: 1
19:55:34 | INFO: Extracting primitive: M3_01_dik_profil.015
19:55:34 | INFO: Primitives created: 1
19:55:34 | INFO: Extracting primitive: M3_01_dik_profil.016
19:55:34 | INFO: Primitives created: 1
19:55:34 | INFO: Extracting primitive: M3_01_dik_profil.017
19:55:34 | INFO: Primitives created: 1
19:55:34 | INFO: Extracting primitive: M3_01_dik_profil.018
19:55:34 | INFO: Primitives created: 1
19:55:34 | INFO: Extracting primitive: M3_01_dik_profil.019
19:55:34 | INFO: Primitives created: 1
19:55:34 | INFO: Extracting primitive: M3_01_dik_profil.020
19:55:34 | INFO: Primitives created: 1
19:55:34 | INFO: Extracting primitive: M3_01_dik_profil.021
19:55:34 | INFO: Primitives created: 1
19:55:34 | INFO: Extracting primitive: M3_01_dik_profil.022
19:55:34 | INFO: Primitives created: 1
19:55:34 | INFO: Extracting primitive: M3_01_dik_profil.023
19:55:34 | INFO: Primitives created: 1
19:55:34 | INFO: Extracting primitive: M3_01_esik_doseme.001
19:55:34 | INFO: Primitives created: 1
19:55:34 | INFO: Extracting primitive: M3_01_gobek.006
19:55:34 | INFO: Primitives created: 1
19:55:34 | INFO: Extracting primitive: M3_01_gobek.007
19:55:34 | INFO: Primitives created: 1
19:55:34 | INFO: Extracting primitive: M3_01_gobek.008
19:55:34 | INFO: Primitives created: 1
19:55:34 | INFO: Extracting primitive: M3_01_gobek.009
19:55:34 | INFO: Primitives created: 1
19:55:34 | INFO: Extracting primitive: M3_01_gobek.010
19:55:34 | INFO: Primitives created: 1
19:55:34 | INFO: Extracting primitive: M3_01_gobek.011
19:55:34 | INFO: Primitives created: 1
19:55:34 | INFO: Extracting primitive: M3_01_kanat.001
19:55:34 | INFO: Primitives created: 1
19:55:34 | INFO: Extracting primitive: M3_01_kasa.002
19:55:34 | INFO: Primitives created: 1
19:55:34 | INFO: Extracting primitive: M3_01_kasa.003
19:55:34 | INFO: Primitives created: 1
19:55:34 | INFO: Extracting primitive: M3_01_kulp
19:55:34 | INFO: Primitives created: 1
19:55:34 | INFO: Extracting primitive: M3_01_kulp.001
19:55:34 | INFO: Primitives created: 1
19:55:34 | INFO: Extracting primitive: M3_01_mentese
19:55:34 | INFO: Primitives created: 1
19:55:34 | INFO: Extracting primitive: M3_01_mentese.001
19:55:34 | INFO: Primitives created: 1
19:55:34 | INFO: Extracting primitive: M3_01_mentese.002
19:55:34 | INFO: Primitives created: 1
19:55:34 | INFO: Extracting primitive: M3_01_pervaz.004
19:55:34 | INFO: Primitives created: 1
19:55:34 | INFO: Extracting primitive: M3_01_pervaz.005
19:55:34 | INFO: Primitives created: 1
19:55:34 | INFO: Extracting primitive: M3_01_pervaz.006
19:55:34 | INFO: Primitives created: 1
19:55:34 | INFO: Extracting primitive: M3_01_pervaz.007
19:55:34 | INFO: Primitives created: 1
19:55:34 | INFO: Extracting primitive: M3_01_ust_kasa.001
19:55:34 | INFO: Primitives created: 1
19:55:34 | INFO: Extracting primitive: M3_01_ust_pervaz.002
19:55:34 | INFO: Primitives created: 1
19:55:34 | INFO: Extracting primitive: M3_01_ust_pervaz.003
19:55:34 | INFO: Primitives created: 1
19:55:34 | INFO: Extracting primitive: M3_01_yatay_profil.012
19:55:34 | INFO: Primitives created: 1
19:55:34 | INFO: Extracting primitive: M3_01_yatay_profil.013
19:55:34 | INFO: Primitives created: 1
19:55:34 | INFO: Extracting primitive: M3_01_yatay_profil.014
19:55:34 | INFO: Primitives created: 1
19:55:34 | INFO: Extracting primitive: M3_01_yatay_profil.015
19:55:34 | INFO: Primitives created: 1
19:55:34 | INFO: Extracting primitive: M3_01_yatay_profil.016
19:55:34 | INFO: Primitives created: 1
19:55:34 | INFO: Extracting primitive: M3_01_yatay_profil.017
19:55:34 | INFO: Primitives created: 1
19:55:34 | INFO: Extracting primitive: M3_01_yatay_profil.018
19:55:34 | INFO: Primitives created: 1
19:55:34 | INFO: Extracting primitive: M3_01_yatay_profil.019
19:55:34 | INFO: Primitives created: 1
19:55:34 | INFO: Extracting primitive: M3_01_yatay_profil.020
19:55:34 | INFO: Primitives created: 1
19:55:34 | INFO: Extracting primitive: M3_01_yatay_profil.021
19:55:34 | INFO: Primitives created: 1
19:55:34 | INFO: Extracting primitive: M3_01_yatay_profil.022
19:55:34 | INFO: Primitives created: 1
19:55:34 | INFO: Extracting primitive: M3_01_yatay_profil.023
19:55:34 | INFO: Primitives created: 1
19:55:34 | INFO: Extracting primitive: M3_02_dik_profil.024
19:55:34 | INFO: Primitives created: 1
19:55:34 | INFO: Extracting primitive: M3_02_dik_profil.025
19:55:34 | INFO: Primitives created: 1
19:55:34 | INFO: Extracting primitive: M3_02_dik_profil.026
19:55:34 | INFO: Primitives created: 1
19:55:34 | INFO: Extracting primitive: M3_02_dik_profil.027
19:55:34 | INFO: Primitives created: 1
19:55:34 | INFO: Extracting primitive: M3_02_dik_profil.028
19:55:34 | INFO: Primitives created: 1
19:55:34 | INFO: Extracting primitive: M3_02_dik_profil.029
19:55:34 | INFO: Primitives created: 1
19:55:34 | INFO: Extracting primitive: M3_02_dik_profil.030
19:55:34 | INFO: Primitives created: 1
19:55:34 | INFO: Extracting primitive: M3_02_dik_profil.031
19:55:34 | INFO: Primitives created: 1
19:55:34 | INFO: Extracting primitive: M3_02_dik_profil.032
19:55:34 | INFO: Primitives created: 1
19:55:34 | INFO: Extracting primitive: M3_02_dik_profil.033
19:55:34 | INFO: Primitives created: 1
19:55:34 | INFO: Extracting primitive: M3_02_dik_profil.034
19:55:34 | INFO: Primitives created: 1
19:55:34 | INFO: Extracting primitive: M3_02_dik_profil.035
19:55:34 | INFO: Primitives created: 1
19:55:34 | INFO: Extracting primitive: M3_02_dik_profil.036
19:55:34 | INFO: Primitives created: 1
19:55:35 | INFO: Extracting primitive: M3_02_dik_profil.037
19:55:35 | INFO: Primitives created: 1
19:55:35 | INFO: Extracting primitive: M3_02_dik_profil.038
19:55:35 | INFO: Primitives created: 1
19:55:35 | INFO: Extracting primitive: M3_02_dik_profil.039
19:55:35 | INFO: Primitives created: 1
19:55:35 | INFO: Extracting primitive: M3_02_dik_profil.040
19:55:35 | INFO: Primitives created: 1
19:55:35 | INFO: Extracting primitive: M3_02_dik_profil.041
19:55:35 | INFO: Primitives created: 1
19:55:35 | INFO: Extracting primitive: M3_02_dik_profil.042
19:55:35 | INFO: Primitives created: 1
19:55:35 | INFO: Extracting primitive: M3_02_dik_profil.043
19:55:35 | INFO: Primitives created: 1
19:55:35 | INFO: Extracting primitive: M3_02_dik_profil.044
19:55:35 | INFO: Primitives created: 1
19:55:35 | INFO: Extracting primitive: M3_02_dik_profil.045
19:55:35 | INFO: Primitives created: 1
19:55:35 | INFO: Extracting primitive: M3_02_dik_profil.046
19:55:35 | INFO: Primitives created: 1
19:55:35 | INFO: Extracting primitive: M3_02_dik_profil.047
19:55:35 | INFO: Primitives created: 1
19:55:35 | INFO: Extracting primitive: M3_02_esik_doseme.001
19:55:35 | INFO: Primitives created: 1
19:55:35 | INFO: Extracting primitive: M3_02_gobek.012
19:55:35 | INFO: Primitives created: 1
19:55:35 | INFO: Extracting primitive: M3_02_gobek.013
19:55:35 | INFO: Primitives created: 1
19:55:35 | INFO: Extracting primitive: M3_02_gobek.014
19:55:35 | INFO: Primitives created: 1
19:55:35 | INFO: Extracting primitive: M3_02_gobek.015
19:55:35 | INFO: Primitives created: 1
19:55:35 | INFO: Extracting primitive: M3_02_gobek.016
19:55:35 | INFO: Primitives created: 1
19:55:35 | INFO: Extracting primitive: M3_02_gobek.017
19:55:35 | INFO: Primitives created: 1
19:55:35 | INFO: Extracting primitive: M3_02_gobek.018
19:55:35 | INFO: Primitives created: 1
19:55:35 | INFO: Extracting primitive: M3_02_gobek.019
19:55:35 | INFO: Primitives created: 1
19:55:35 | INFO: Extracting primitive: M3_02_gobek.020
19:55:35 | INFO: Primitives created: 1
19:55:35 | INFO: Extracting primitive: M3_02_gobek.021
19:55:35 | INFO: Primitives created: 1
19:55:35 | INFO: Extracting primitive: M3_02_gobek.022
19:55:35 | INFO: Primitives created: 1
19:55:35 | INFO: Extracting primitive: M3_02_gobek.023
19:55:35 | INFO: Primitives created: 1
19:55:35 | INFO: Extracting primitive: M3_02_kanat.001
19:55:35 | INFO: Primitives created: 1
19:55:35 | INFO: Extracting primitive: M3_02_kasa.002
19:55:35 | INFO: Primitives created: 1
19:55:35 | INFO: Extracting primitive: M3_02_kasa.003
19:55:35 | INFO: Primitives created: 1
19:55:35 | INFO: Extracting primitive: M3_02_mentese
19:55:35 | INFO: Primitives created: 1
19:55:35 | INFO: Extracting primitive: M3_02_mentese.001
19:55:35 | INFO: Primitives created: 1
19:55:35 | INFO: Extracting primitive: M3_02_mentese.002
19:55:35 | INFO: Primitives created: 1
19:55:35 | INFO: Extracting primitive: M3_02_pervaz.004
19:55:35 | INFO: Primitives created: 1
19:55:35 | INFO: Extracting primitive: M3_02_pervaz.005
19:55:35 | INFO: Primitives created: 1
19:55:35 | INFO: Extracting primitive: M3_02_pervaz.006
19:55:35 | INFO: Primitives created: 1
19:55:35 | INFO: Extracting primitive: M3_02_pervaz.007
19:55:35 | INFO: Primitives created: 1
19:55:35 | INFO: Extracting primitive: Sphere.009
19:55:35 | INFO: Primitives created: 1
19:55:35 | INFO: Extracting primitive: Sphere.010
19:55:35 | INFO: Primitives created: 1
19:55:35 | INFO: Extracting primitive: M3_02_topuz_mili
19:55:35 | INFO: Primitives created: 1
19:55:35 | INFO: Extracting primitive: M3_02_topuz_mili.001
19:55:35 | INFO: Primitives created: 1
19:55:35 | INFO: Extracting primitive: M3_02_ust_kasa.001
19:55:35 | INFO: Primitives created: 1
19:55:35 | INFO: Extracting primitive: M3_02_ust_pervaz.002
19:55:35 | INFO: Primitives created: 1
19:55:35 | INFO: Extracting primitive: M3_02_ust_pervaz.003
19:55:35 | INFO: Primitives created: 1
19:55:35 | INFO: Extracting primitive: M3_02_yatay_profil.024
19:55:35 | INFO: Primitives created: 1
19:55:35 | INFO: Extracting primitive: M3_02_yatay_profil.025
19:55:35 | INFO: Primitives created: 1
19:55:35 | INFO: Extracting primitive: M3_02_yatay_profil.026
19:55:35 | INFO: Primitives created: 1
19:55:35 | INFO: Extracting primitive: M3_02_yatay_profil.027
19:55:35 | INFO: Primitives created: 1
19:55:35 | INFO: Extracting primitive: M3_02_yatay_profil.028
19:55:35 | INFO: Primitives created: 1
19:55:35 | INFO: Extracting primitive: M3_02_yatay_profil.029
19:55:35 | INFO: Primitives created: 1
19:55:35 | INFO: Extracting primitive: M3_02_yatay_profil.030
19:55:35 | INFO: Primitives created: 1
19:55:35 | INFO: Extracting primitive: M3_02_yatay_profil.031
19:55:35 | INFO: Primitives created: 1
19:55:35 | INFO: Extracting primitive: M3_02_yatay_profil.032
19:55:35 | INFO: Primitives created: 1
19:55:35 | INFO: Extracting primitive: M3_02_yatay_profil.033
19:55:35 | INFO: Primitives created: 1
19:55:35 | INFO: Extracting primitive: M3_02_yatay_profil.034
19:55:35 | INFO: Primitives created: 1
19:55:35 | INFO: Extracting primitive: M3_02_yatay_profil.035
19:55:35 | INFO: Primitives created: 1
19:55:35 | INFO: Extracting primitive: M3_02_yatay_profil.036
19:55:35 | INFO: Primitives created: 1
19:55:35 | INFO: Extracting primitive: M3_02_yatay_profil.037
19:55:35 | INFO: Primitives created: 1
19:55:35 | INFO: Extracting primitive: M3_02_yatay_profil.038
19:55:35 | INFO: Primitives created: 1
19:55:35 | INFO: Extracting primitive: M3_02_yatay_profil.039
19:55:35 | INFO: Primitives created: 1
19:55:35 | INFO: Extracting primitive: M3_02_yatay_profil.040
19:55:35 | INFO: Primitives created: 1
19:55:35 | INFO: Extracting primitive: M3_02_yatay_profil.041
19:55:35 | INFO: Primitives created: 1
19:55:35 | INFO: Extracting primitive: M3_02_yatay_profil.042
19:55:35 | INFO: Primitives created: 1
19:55:35 | INFO: Extracting primitive: M3_02_yatay_profil.043
19:55:35 | INFO: Primitives created: 1
19:55:35 | INFO: Extracting primitive: M3_02_yatay_profil.044
19:55:35 | INFO: Primitives created: 1
19:55:35 | INFO: Extracting primitive: M3_02_yatay_profil.045
19:55:35 | INFO: Primitives created: 1
19:55:35 | INFO: Extracting primitive: M3_02_yatay_profil.046
19:55:35 | INFO: Primitives created: 1
19:55:35 | INFO: Extracting primitive: M3_02_yatay_profil.047
19:55:35 | INFO: Primitives created: 1
19:55:35 | INFO: Extracting primitive: M3_03_dik_profil.024
19:55:35 | INFO: Primitives created: 1
19:55:35 | INFO: Extracting primitive: M3_03_dik_profil.025
19:55:35 | INFO: Primitives created: 1
19:55:35 | INFO: Extracting primitive: M3_03_dik_profil.026
19:55:35 | INFO: Primitives created: 1
19:55:35 | INFO: Extracting primitive: M3_03_dik_profil.027
19:55:35 | INFO: Primitives created: 1
19:55:35 | INFO: Extracting primitive: M3_03_dik_profil.028
19:55:35 | INFO: Primitives created: 1
19:55:35 | INFO: Extracting primitive: M3_03_dik_profil.029
19:55:35 | INFO: Primitives created: 1
19:55:35 | INFO: Extracting primitive: M3_03_dik_profil.030
19:55:35 | INFO: Primitives created: 1
19:55:35 | INFO: Extracting primitive: M3_03_dik_profil.031
19:55:35 | INFO: Primitives created: 1
19:55:35 | INFO: Extracting primitive: M3_03_dik_profil.032
19:55:35 | INFO: Primitives created: 1
19:55:35 | INFO: Extracting primitive: M3_03_dik_profil.033
19:55:35 | INFO: Primitives created: 1
19:55:35 | INFO: Extracting primitive: M3_03_dik_profil.034
19:55:35 | INFO: Primitives created: 1
19:55:35 | INFO: Extracting primitive: M3_03_dik_profil.035
19:55:35 | INFO: Primitives created: 1
19:55:35 | INFO: Extracting primitive: M3_03_dik_profil.036
19:55:35 | INFO: Primitives created: 1
19:55:35 | INFO: Extracting primitive: M3_03_dik_profil.037
19:55:35 | INFO: Primitives created: 1
19:55:35 | INFO: Extracting primitive: M3_03_dik_profil.038
19:55:35 | INFO: Primitives created: 1
19:55:35 | INFO: Extracting primitive: M3_03_dik_profil.039
19:55:35 | INFO: Primitives created: 1
19:55:35 | INFO: Extracting primitive: M3_03_dik_profil.040
19:55:35 | INFO: Primitives created: 1
19:55:35 | INFO: Extracting primitive: M3_03_dik_profil.041
19:55:35 | INFO: Primitives created: 1
19:55:35 | INFO: Extracting primitive: M3_03_dik_profil.042
19:55:35 | INFO: Primitives created: 1
19:55:35 | INFO: Extracting primitive: M3_03_dik_profil.043
19:55:35 | INFO: Primitives created: 1
19:55:35 | INFO: Extracting primitive: M3_03_dik_profil.044
19:55:35 | INFO: Primitives created: 1
19:55:35 | INFO: Extracting primitive: M3_03_dik_profil.045
19:55:35 | INFO: Primitives created: 1
19:55:35 | INFO: Extracting primitive: M3_03_dik_profil.046
19:55:35 | INFO: Primitives created: 1
19:55:35 | INFO: Extracting primitive: M3_03_dik_profil.047
19:55:35 | INFO: Primitives created: 1
19:55:35 | INFO: Extracting primitive: M3_03_esik_doseme.001
19:55:35 | INFO: Primitives created: 1
19:55:35 | INFO: Extracting primitive: M3_03_gobek.012
19:55:35 | INFO: Primitives created: 1
19:55:35 | INFO: Extracting primitive: M3_03_gobek.013
19:55:35 | INFO: Primitives created: 1
19:55:35 | INFO: Extracting primitive: M3_03_gobek.014
19:55:35 | INFO: Primitives created: 1
19:55:35 | INFO: Extracting primitive: M3_03_gobek.015
19:55:35 | INFO: Primitives created: 1
19:55:35 | INFO: Extracting primitive: M3_03_gobek.016
19:55:35 | INFO: Primitives created: 1
19:55:35 | INFO: Extracting primitive: M3_03_gobek.017
19:55:35 | INFO: Primitives created: 1
19:55:35 | INFO: Extracting primitive: M3_03_gobek.018
19:55:35 | INFO: Primitives created: 1
19:55:35 | INFO: Extracting primitive: M3_03_gobek.019
19:55:35 | INFO: Primitives created: 1
19:55:35 | INFO: Extracting primitive: M3_03_gobek.020
19:55:35 | INFO: Primitives created: 1
19:55:35 | INFO: Extracting primitive: M3_03_gobek.021
19:55:35 | INFO: Primitives created: 1
19:55:35 | INFO: Extracting primitive: M3_03_gobek.022
19:55:35 | INFO: Primitives created: 1
19:55:35 | INFO: Extracting primitive: M3_03_gobek.023
19:55:35 | INFO: Primitives created: 1
19:55:35 | INFO: Extracting primitive: M3_03_kanat.001
19:55:35 | INFO: Primitives created: 1
19:55:35 | INFO: Extracting primitive: M3_03_kasa.002
19:55:35 | INFO: Primitives created: 1
19:55:35 | INFO: Extracting primitive: M3_03_kasa.003
19:55:35 | INFO: Primitives created: 1
19:55:35 | INFO: Extracting primitive: M3_03_mentese
19:55:35 | INFO: Primitives created: 1
19:55:35 | INFO: Extracting primitive: M3_03_mentese.001
19:55:35 | INFO: Primitives created: 1
19:55:35 | INFO: Extracting primitive: M3_03_mentese.002
19:55:35 | INFO: Primitives created: 1
19:55:35 | INFO: Extracting primitive: M3_03_pervaz.004
19:55:35 | INFO: Primitives created: 1
19:55:35 | INFO: Extracting primitive: M3_03_pervaz.005
19:55:35 | INFO: Primitives created: 1
19:55:35 | INFO: Extracting primitive: M3_03_pervaz.006
19:55:35 | INFO: Primitives created: 1
19:55:35 | INFO: Extracting primitive: M3_03_pervaz.007
19:55:35 | INFO: Primitives created: 1
19:55:35 | INFO: Extracting primitive: Sphere.011
19:55:35 | INFO: Primitives created: 1
19:55:35 | INFO: Extracting primitive: Sphere.012
19:55:35 | INFO: Primitives created: 1
19:55:35 | INFO: Extracting primitive: M3_03_topuz_mili
19:55:35 | INFO: Primitives created: 1
19:55:35 | INFO: Extracting primitive: M3_03_topuz_mili.001
19:55:35 | INFO: Primitives created: 1
19:55:35 | INFO: Extracting primitive: M3_03_ust_kasa.001
19:55:35 | INFO: Primitives created: 1
19:55:35 | INFO: Extracting primitive: M3_03_ust_pervaz.002
19:55:35 | INFO: Primitives created: 1
19:55:35 | INFO: Extracting primitive: M3_03_ust_pervaz.003
19:55:35 | INFO: Primitives created: 1
19:55:35 | INFO: Extracting primitive: M3_03_yatay_profil.024
19:55:35 | INFO: Primitives created: 1
19:55:35 | INFO: Extracting primitive: M3_03_yatay_profil.025
19:55:35 | INFO: Primitives created: 1
19:55:35 | INFO: Extracting primitive: M3_03_yatay_profil.026
19:55:35 | INFO: Primitives created: 1
19:55:35 | INFO: Extracting primitive: M3_03_yatay_profil.027
19:55:35 | INFO: Primitives created: 1
19:55:35 | INFO: Extracting primitive: M3_03_yatay_profil.028
19:55:35 | INFO: Primitives created: 1
19:55:35 | INFO: Extracting primitive: M3_03_yatay_profil.029
19:55:35 | INFO: Primitives created: 1
19:55:35 | INFO: Extracting primitive: M3_03_yatay_profil.030
19:55:35 | INFO: Primitives created: 1
19:55:35 | INFO: Extracting primitive: M3_03_yatay_profil.031
19:55:35 | INFO: Primitives created: 1
19:55:35 | INFO: Extracting primitive: M3_03_yatay_profil.032
19:55:35 | INFO: Primitives created: 1
19:55:35 | INFO: Extracting primitive: M3_03_yatay_profil.033
19:55:35 | INFO: Primitives created: 1
19:55:35 | INFO: Extracting primitive: M3_03_yatay_profil.034
19:55:35 | INFO: Primitives created: 1
19:55:35 | INFO: Extracting primitive: M3_03_yatay_profil.035
19:55:35 | INFO: Primitives created: 1
19:55:35 | INFO: Extracting primitive: M3_03_yatay_profil.036
19:55:35 | INFO: Primitives created: 1
19:55:35 | INFO: Extracting primitive: M3_03_yatay_profil.037
19:55:35 | INFO: Primitives created: 1
19:55:35 | INFO: Extracting primitive: M3_03_yatay_profil.038
19:55:35 | INFO: Primitives created: 1
19:55:35 | INFO: Extracting primitive: M3_03_yatay_profil.039
19:55:35 | INFO: Primitives created: 1
19:55:35 | INFO: Extracting primitive: M3_03_yatay_profil.040
19:55:35 | INFO: Primitives created: 1
19:55:35 | INFO: Extracting primitive: M3_03_yatay_profil.041
19:55:35 | INFO: Primitives created: 1
19:55:35 | INFO: Extracting primitive: M3_03_yatay_profil.042
19:55:35 | INFO: Primitives created: 1
19:55:35 | INFO: Extracting primitive: M3_03_yatay_profil.043
19:55:35 | INFO: Primitives created: 1
19:55:35 | INFO: Extracting primitive: M3_03_yatay_profil.044
19:55:35 | INFO: Primitives created: 1
19:55:35 | INFO: Extracting primitive: M3_03_yatay_profil.045
19:55:35 | INFO: Primitives created: 1
19:55:35 | INFO: Extracting primitive: M3_03_yatay_profil.046
19:55:35 | INFO: Primitives created: 1
19:55:35 | INFO: Extracting primitive: M3_03_yatay_profil.047
19:55:35 | INFO: Primitives created: 1
19:55:35 | INFO: Extracting primitive: M3_04_dik_profil.024
19:55:35 | INFO: Primitives created: 1
19:55:35 | INFO: Extracting primitive: M3_04_dik_profil.025
19:55:35 | INFO: Primitives created: 1
19:55:35 | INFO: Extracting primitive: M3_04_dik_profil.026
19:55:35 | INFO: Primitives created: 1
19:55:35 | INFO: Extracting primitive: M3_04_dik_profil.027
19:55:35 | INFO: Primitives created: 1
19:55:35 | INFO: Extracting primitive: M3_04_dik_profil.028
19:55:35 | INFO: Primitives created: 1
19:55:35 | INFO: Extracting primitive: M3_04_dik_profil.029
19:55:35 | INFO: Primitives created: 1
19:55:35 | INFO: Extracting primitive: M3_04_dik_profil.030
19:55:35 | INFO: Primitives created: 1
19:55:35 | INFO: Extracting primitive: M3_04_dik_profil.031
19:55:35 | INFO: Primitives created: 1
19:55:35 | INFO: Extracting primitive: M3_04_dik_profil.032
19:55:35 | INFO: Primitives created: 1
19:55:35 | INFO: Extracting primitive: M3_04_dik_profil.033
19:55:35 | INFO: Primitives created: 1
19:55:35 | INFO: Extracting primitive: M3_04_dik_profil.034
19:55:35 | INFO: Primitives created: 1
19:55:35 | INFO: Extracting primitive: M3_04_dik_profil.035
19:55:35 | INFO: Primitives created: 1
19:55:35 | INFO: Extracting primitive: M3_04_dik_profil.036
19:55:35 | INFO: Primitives created: 1
19:55:35 | INFO: Extracting primitive: M3_04_dik_profil.037
19:55:35 | INFO: Primitives created: 1
19:55:35 | INFO: Extracting primitive: M3_04_dik_profil.038
19:55:35 | INFO: Primitives created: 1
19:55:35 | INFO: Extracting primitive: M3_04_dik_profil.039
19:55:35 | INFO: Primitives created: 1
19:55:35 | INFO: Extracting primitive: M3_04_dik_profil.040
19:55:35 | INFO: Primitives created: 1
19:55:35 | INFO: Extracting primitive: M3_04_dik_profil.041
19:55:35 | INFO: Primitives created: 1
19:55:35 | INFO: Extracting primitive: M3_04_dik_profil.042
19:55:35 | INFO: Primitives created: 1
19:55:35 | INFO: Extracting primitive: M3_04_dik_profil.043
19:55:35 | INFO: Primitives created: 1
19:55:35 | INFO: Extracting primitive: M3_04_dik_profil.044
19:55:35 | INFO: Primitives created: 1
19:55:35 | INFO: Extracting primitive: M3_04_dik_profil.045
19:55:35 | INFO: Primitives created: 1
19:55:35 | INFO: Extracting primitive: M3_04_dik_profil.046
19:55:35 | INFO: Primitives created: 1
19:55:35 | INFO: Extracting primitive: M3_04_dik_profil.047
19:55:35 | INFO: Primitives created: 1
19:55:35 | INFO: Extracting primitive: M3_04_esik_doseme.001
19:55:35 | INFO: Primitives created: 1
19:55:35 | INFO: Extracting primitive: M3_04_gobek.012
19:55:35 | INFO: Primitives created: 1
19:55:35 | INFO: Extracting primitive: M3_04_gobek.013
19:55:35 | INFO: Primitives created: 1
19:55:35 | INFO: Extracting primitive: M3_04_gobek.014
19:55:35 | INFO: Primitives created: 1
19:55:35 | INFO: Extracting primitive: M3_04_gobek.015
19:55:35 | INFO: Primitives created: 1
19:55:35 | INFO: Extracting primitive: M3_04_gobek.016
19:55:35 | INFO: Primitives created: 1
19:55:35 | INFO: Extracting primitive: M3_04_gobek.017
19:55:35 | INFO: Primitives created: 1
19:55:35 | INFO: Extracting primitive: M3_04_gobek.018
19:55:35 | INFO: Primitives created: 1
19:55:35 | INFO: Extracting primitive: M3_04_gobek.019
19:55:35 | INFO: Primitives created: 1
19:55:35 | INFO: Extracting primitive: M3_04_gobek.020
19:55:35 | INFO: Primitives created: 1
19:55:35 | INFO: Extracting primitive: M3_04_gobek.021
19:55:35 | INFO: Primitives created: 1
19:55:35 | INFO: Extracting primitive: M3_04_gobek.022
19:55:35 | INFO: Primitives created: 1
19:55:35 | INFO: Extracting primitive: M3_04_gobek.023
19:55:35 | INFO: Primitives created: 1
19:55:35 | INFO: Extracting primitive: M3_04_kanat.001
19:55:35 | INFO: Primitives created: 1
19:55:35 | INFO: Extracting primitive: M3_04_kasa.002
19:55:35 | INFO: Primitives created: 1
19:55:35 | INFO: Extracting primitive: M3_04_kasa.003
19:55:35 | INFO: Primitives created: 1
19:55:35 | INFO: Extracting primitive: M3_04_mentese
19:55:35 | INFO: Primitives created: 1
19:55:35 | INFO: Extracting primitive: M3_04_mentese.001
19:55:35 | INFO: Primitives created: 1
19:55:35 | INFO: Extracting primitive: M3_04_mentese.002
19:55:35 | INFO: Primitives created: 1
19:55:35 | INFO: Extracting primitive: M3_04_pervaz.004
19:55:35 | INFO: Primitives created: 1
19:55:35 | INFO: Extracting primitive: M3_04_pervaz.005
19:55:35 | INFO: Primitives created: 1
19:55:35 | INFO: Extracting primitive: M3_04_pervaz.006
19:55:35 | INFO: Primitives created: 1
19:55:35 | INFO: Extracting primitive: M3_04_pervaz.007
19:55:35 | INFO: Primitives created: 1
19:55:35 | INFO: Extracting primitive: Sphere.013
19:55:35 | INFO: Primitives created: 1
19:55:35 | INFO: Extracting primitive: Sphere.014
19:55:35 | INFO: Primitives created: 1
19:55:35 | INFO: Extracting primitive: M3_04_topuz_mili
19:55:35 | INFO: Primitives created: 1
19:55:35 | INFO: Extracting primitive: M3_04_topuz_mili.001
19:55:35 | INFO: Primitives created: 1
19:55:35 | INFO: Extracting primitive: M3_04_ust_kasa.001
19:55:35 | INFO: Primitives created: 1
19:55:35 | INFO: Extracting primitive: M3_04_ust_pervaz.002
19:55:35 | INFO: Primitives created: 1
19:55:35 | INFO: Extracting primitive: M3_04_ust_pervaz.003
19:55:35 | INFO: Primitives created: 1
19:55:35 | INFO: Extracting primitive: M3_04_yatay_profil.024
19:55:35 | INFO: Primitives created: 1
19:55:35 | INFO: Extracting primitive: M3_04_yatay_profil.025
19:55:35 | INFO: Primitives created: 1
19:55:35 | INFO: Extracting primitive: M3_04_yatay_profil.026
19:55:35 | INFO: Primitives created: 1
19:55:35 | INFO: Extracting primitive: M3_04_yatay_profil.027
19:55:35 | INFO: Primitives created: 1
19:55:35 | INFO: Extracting primitive: M3_04_yatay_profil.028
19:55:35 | INFO: Primitives created: 1
19:55:35 | INFO: Extracting primitive: M3_04_yatay_profil.029
19:55:35 | INFO: Primitives created: 1
19:55:35 | INFO: Extracting primitive: M3_04_yatay_profil.030
19:55:35 | INFO: Primitives created: 1
19:55:35 | INFO: Extracting primitive: M3_04_yatay_profil.031
19:55:35 | INFO: Primitives created: 1
19:55:35 | INFO: Extracting primitive: M3_04_yatay_profil.032
19:55:35 | INFO: Primitives created: 1
19:55:35 | INFO: Extracting primitive: M3_04_yatay_profil.033
19:55:35 | INFO: Primitives created: 1
19:55:35 | INFO: Extracting primitive: M3_04_yatay_profil.034
19:55:35 | INFO: Primitives created: 1
19:55:35 | INFO: Extracting primitive: M3_04_yatay_profil.035
19:55:35 | INFO: Primitives created: 1
19:55:35 | INFO: Extracting primitive: M3_04_yatay_profil.036
19:55:35 | INFO: Primitives created: 1
19:55:35 | INFO: Extracting primitive: M3_04_yatay_profil.037
19:55:35 | INFO: Primitives created: 1
19:55:35 | INFO: Extracting primitive: M3_04_yatay_profil.038
19:55:35 | INFO: Primitives created: 1
19:55:35 | INFO: Extracting primitive: M3_04_yatay_profil.039
19:55:35 | INFO: Primitives created: 1
19:55:35 | INFO: Extracting primitive: M3_04_yatay_profil.040
19:55:35 | INFO: Primitives created: 1
19:55:35 | INFO: Extracting primitive: M3_04_yatay_profil.041
19:55:35 | INFO: Primitives created: 1
19:55:35 | INFO: Extracting primitive: M3_04_yatay_profil.042
19:55:35 | INFO: Primitives created: 1
19:55:35 | INFO: Extracting primitive: M3_04_yatay_profil.043
19:55:35 | INFO: Primitives created: 1
19:55:35 | INFO: Extracting primitive: M3_04_yatay_profil.044
19:55:35 | INFO: Primitives created: 1
19:55:35 | INFO: Extracting primitive: M3_04_yatay_profil.045
19:55:35 | INFO: Primitives created: 1
19:55:35 | INFO: Extracting primitive: M3_04_yatay_profil.046
19:55:35 | INFO: Primitives created: 1
19:55:35 | INFO: Extracting primitive: M3_04_yatay_profil.047
19:55:35 | INFO: Primitives created: 1
19:55:35 | INFO: Extracting primitive: M3_05_dik_profil.024
19:55:35 | INFO: Primitives created: 1
19:55:35 | INFO: Extracting primitive: M3_05_dik_profil.025
19:55:35 | INFO: Primitives created: 1
19:55:35 | INFO: Extracting primitive: M3_05_dik_profil.026
19:55:35 | INFO: Primitives created: 1
19:55:35 | INFO: Extracting primitive: M3_05_dik_profil.027
19:55:35 | INFO: Primitives created: 1
19:55:35 | INFO: Extracting primitive: M3_05_dik_profil.028
19:55:35 | INFO: Primitives created: 1
19:55:35 | INFO: Extracting primitive: M3_05_dik_profil.029
19:55:35 | INFO: Primitives created: 1
19:55:35 | INFO: Extracting primitive: M3_05_dik_profil.030
19:55:35 | INFO: Primitives created: 1
19:55:35 | INFO: Extracting primitive: M3_05_dik_profil.031
19:55:35 | INFO: Primitives created: 1
19:55:35 | INFO: Extracting primitive: M3_05_dik_profil.032
19:55:35 | INFO: Primitives created: 1
19:55:35 | INFO: Extracting primitive: M3_05_dik_profil.033
19:55:35 | INFO: Primitives created: 1
19:55:35 | INFO: Extracting primitive: M3_05_dik_profil.034
19:55:35 | INFO: Primitives created: 1
19:55:35 | INFO: Extracting primitive: M3_05_dik_profil.035
19:55:35 | INFO: Primitives created: 1
19:55:35 | INFO: Extracting primitive: M3_05_dik_profil.036
19:55:35 | INFO: Primitives created: 1
19:55:35 | INFO: Extracting primitive: M3_05_dik_profil.037
19:55:35 | INFO: Primitives created: 1
19:55:35 | INFO: Extracting primitive: M3_05_dik_profil.038
19:55:35 | INFO: Primitives created: 1
19:55:35 | INFO: Extracting primitive: M3_05_dik_profil.039
19:55:35 | INFO: Primitives created: 1
19:55:35 | INFO: Extracting primitive: M3_05_dik_profil.040
19:55:35 | INFO: Primitives created: 1
19:55:35 | INFO: Extracting primitive: M3_05_dik_profil.041
19:55:35 | INFO: Primitives created: 1
19:55:35 | INFO: Extracting primitive: M3_05_dik_profil.042
19:55:35 | INFO: Primitives created: 1
19:55:35 | INFO: Extracting primitive: M3_05_dik_profil.043
19:55:35 | INFO: Primitives created: 1
19:55:35 | INFO: Extracting primitive: M3_05_dik_profil.044
19:55:35 | INFO: Primitives created: 1
19:55:35 | INFO: Extracting primitive: M3_05_dik_profil.045
19:55:35 | INFO: Primitives created: 1
19:55:35 | INFO: Extracting primitive: M3_05_dik_profil.046
19:55:35 | INFO: Primitives created: 1
19:55:35 | INFO: Extracting primitive: M3_05_dik_profil.047
19:55:35 | INFO: Primitives created: 1
19:55:35 | INFO: Extracting primitive: M3_05_esik_doseme.001
19:55:35 | INFO: Primitives created: 1
19:55:35 | INFO: Extracting primitive: M3_05_gobek.012
19:55:35 | INFO: Primitives created: 1
19:55:35 | INFO: Extracting primitive: M3_05_gobek.013
19:55:35 | INFO: Primitives created: 1
19:55:35 | INFO: Extracting primitive: M3_05_gobek.014
19:55:35 | INFO: Primitives created: 1
19:55:35 | INFO: Extracting primitive: M3_05_gobek.015
19:55:35 | INFO: Primitives created: 1
19:55:35 | INFO: Extracting primitive: M3_05_gobek.016
19:55:35 | INFO: Primitives created: 1
19:55:35 | INFO: Extracting primitive: M3_05_gobek.017
19:55:35 | INFO: Primitives created: 1
19:55:35 | INFO: Extracting primitive: M3_05_gobek.018
19:55:35 | INFO: Primitives created: 1
19:55:35 | INFO: Extracting primitive: M3_05_gobek.019
19:55:35 | INFO: Primitives created: 1
19:55:35 | INFO: Extracting primitive: M3_05_gobek.020
19:55:35 | INFO: Primitives created: 1
19:55:35 | INFO: Extracting primitive: M3_05_gobek.021
19:55:35 | INFO: Primitives created: 1
19:55:35 | INFO: Extracting primitive: M3_05_gobek.022
19:55:35 | INFO: Primitives created: 1
19:55:35 | INFO: Extracting primitive: M3_05_gobek.023
19:55:35 | INFO: Primitives created: 1
19:55:35 | INFO: Extracting primitive: M3_05_kanat.001
19:55:35 | INFO: Primitives created: 1
19:55:35 | INFO: Extracting primitive: M3_05_kasa.002
19:55:35 | INFO: Primitives created: 1
19:55:35 | INFO: Extracting primitive: M3_05_kasa.003
19:55:35 | INFO: Primitives created: 1
19:55:35 | INFO: Extracting primitive: M3_05_kulp
19:55:35 | INFO: Primitives created: 1
19:55:35 | INFO: Extracting primitive: M3_05_kulp.001
19:55:35 | INFO: Primitives created: 1
19:55:35 | INFO: Extracting primitive: M3_05_mentese
19:55:35 | INFO: Primitives created: 1
19:55:35 | INFO: Extracting primitive: M3_05_mentese.001
19:55:35 | INFO: Primitives created: 1
19:55:35 | INFO: Extracting primitive: M3_05_mentese.002
19:55:35 | INFO: Primitives created: 1
19:55:35 | INFO: Extracting primitive: M3_05_pervaz.004
19:55:35 | INFO: Primitives created: 1
19:55:35 | INFO: Extracting primitive: M3_05_pervaz.005
19:55:35 | INFO: Primitives created: 1
19:55:35 | INFO: Extracting primitive: M3_05_pervaz.006
19:55:35 | INFO: Primitives created: 1
19:55:35 | INFO: Extracting primitive: M3_05_pervaz.007
19:55:35 | INFO: Primitives created: 1
19:55:35 | INFO: Extracting primitive: M3_05_ust_kasa.001
19:55:35 | INFO: Primitives created: 1
19:55:35 | INFO: Extracting primitive: M3_05_ust_pervaz.002
19:55:35 | INFO: Primitives created: 1
19:55:35 | INFO: Extracting primitive: M3_05_ust_pervaz.003
19:55:35 | INFO: Primitives created: 1
19:55:35 | INFO: Extracting primitive: M3_05_yatay_profil.024
19:55:35 | INFO: Primitives created: 1
19:55:35 | INFO: Extracting primitive: M3_05_yatay_profil.025
19:55:35 | INFO: Primitives created: 1
19:55:35 | INFO: Extracting primitive: M3_05_yatay_profil.026
19:55:35 | INFO: Primitives created: 1
19:55:35 | INFO: Extracting primitive: M3_05_yatay_profil.027
19:55:35 | INFO: Primitives created: 1
19:55:35 | INFO: Extracting primitive: M3_05_yatay_profil.028
19:55:35 | INFO: Primitives created: 1
19:55:35 | INFO: Extracting primitive: M3_05_yatay_profil.029
19:55:35 | INFO: Primitives created: 1
19:55:35 | INFO: Extracting primitive: M3_05_yatay_profil.030
19:55:35 | INFO: Primitives created: 1
19:55:35 | INFO: Extracting primitive: M3_05_yatay_profil.031
19:55:35 | INFO: Primitives created: 1
19:55:35 | INFO: Extracting primitive: M3_05_yatay_profil.032
19:55:35 | INFO: Primitives created: 1
19:55:35 | INFO: Extracting primitive: M3_05_yatay_profil.033
19:55:35 | INFO: Primitives created: 1
19:55:35 | INFO: Extracting primitive: M3_05_yatay_profil.034
19:55:35 | INFO: Primitives created: 1
19:55:35 | INFO: Extracting primitive: M3_05_yatay_profil.035
19:55:35 | INFO: Primitives created: 1
19:55:35 | INFO: Extracting primitive: M3_05_yatay_profil.036
19:55:35 | INFO: Primitives created: 1
19:55:35 | INFO: Extracting primitive: M3_05_yatay_profil.037
19:55:35 | INFO: Primitives created: 1
19:55:35 | INFO: Extracting primitive: M3_05_yatay_profil.038
19:55:35 | INFO: Primitives created: 1
19:55:35 | INFO: Extracting primitive: M3_05_yatay_profil.039
19:55:35 | INFO: Primitives created: 1
19:55:35 | INFO: Extracting primitive: M3_05_yatay_profil.040
19:55:35 | INFO: Primitives created: 1
19:55:35 | INFO: Extracting primitive: M3_05_yatay_profil.041
19:55:35 | INFO: Primitives created: 1
19:55:35 | INFO: Extracting primitive: M3_05_yatay_profil.042
19:55:35 | INFO: Primitives created: 1
19:55:35 | INFO: Extracting primitive: M3_05_yatay_profil.043
19:55:35 | INFO: Primitives created: 1
19:55:35 | INFO: Extracting primitive: M3_05_yatay_profil.044
19:55:35 | INFO: Primitives created: 1
19:55:35 | INFO: Extracting primitive: M3_05_yatay_profil.045
19:55:35 | INFO: Primitives created: 1
19:55:35 | INFO: Extracting primitive: M3_05_yatay_profil.046
19:55:35 | INFO: Primitives created: 1
19:55:35 | INFO: Extracting primitive: M3_05_yatay_profil.047
19:55:35 | INFO: Primitives created: 1
19:55:35 | INFO: Extracting primitive: M3_06_dik_profil.024
19:55:35 | INFO: Primitives created: 1
19:55:35 | INFO: Extracting primitive: M3_06_dik_profil.025
19:55:35 | INFO: Primitives created: 1
19:55:35 | INFO: Extracting primitive: M3_06_dik_profil.026
19:55:35 | INFO: Primitives created: 1
19:55:35 | INFO: Extracting primitive: M3_06_dik_profil.027
19:55:35 | INFO: Primitives created: 1
19:55:35 | INFO: Extracting primitive: M3_06_dik_profil.028
19:55:35 | INFO: Primitives created: 1
19:55:35 | INFO: Extracting primitive: M3_06_dik_profil.029
19:55:35 | INFO: Primitives created: 1
19:55:35 | INFO: Extracting primitive: M3_06_dik_profil.030
19:55:35 | INFO: Primitives created: 1
19:55:35 | INFO: Extracting primitive: M3_06_dik_profil.031
19:55:35 | INFO: Primitives created: 1
19:55:35 | INFO: Extracting primitive: M3_06_dik_profil.032
19:55:35 | INFO: Primitives created: 1
19:55:35 | INFO: Extracting primitive: M3_06_dik_profil.033
19:55:35 | INFO: Primitives created: 1
19:55:35 | INFO: Extracting primitive: M3_06_dik_profil.034
19:55:35 | INFO: Primitives created: 1
19:55:35 | INFO: Extracting primitive: M3_06_dik_profil.035
19:55:35 | INFO: Primitives created: 1
19:55:35 | INFO: Extracting primitive: M3_06_dik_profil.036
19:55:35 | INFO: Primitives created: 1
19:55:35 | INFO: Extracting primitive: M3_06_dik_profil.037
19:55:35 | INFO: Primitives created: 1
19:55:35 | INFO: Extracting primitive: M3_06_dik_profil.038
19:55:35 | INFO: Primitives created: 1
19:55:35 | INFO: Extracting primitive: M3_06_dik_profil.039
19:55:35 | INFO: Primitives created: 1
19:55:35 | INFO: Extracting primitive: M3_06_dik_profil.040
19:55:35 | INFO: Primitives created: 1
19:55:35 | INFO: Extracting primitive: M3_06_dik_profil.041
19:55:35 | INFO: Primitives created: 1
19:55:35 | INFO: Extracting primitive: M3_06_dik_profil.042
19:55:35 | INFO: Primitives created: 1
19:55:35 | INFO: Extracting primitive: M3_06_dik_profil.043
19:55:35 | INFO: Primitives created: 1
19:55:35 | INFO: Extracting primitive: M3_06_dik_profil.044
19:55:35 | INFO: Primitives created: 1
19:55:35 | INFO: Extracting primitive: M3_06_dik_profil.045
19:55:35 | INFO: Primitives created: 1
19:55:35 | INFO: Extracting primitive: M3_06_dik_profil.046
19:55:35 | INFO: Primitives created: 1
19:55:35 | INFO: Extracting primitive: M3_06_dik_profil.047
19:55:35 | INFO: Primitives created: 1
19:55:35 | INFO: Extracting primitive: M3_06_esik_doseme.001
19:55:35 | INFO: Primitives created: 1
19:55:35 | INFO: Extracting primitive: M3_06_gobek.012
19:55:35 | INFO: Primitives created: 1
19:55:35 | INFO: Extracting primitive: M3_06_gobek.013
19:55:35 | INFO: Primitives created: 1
19:55:35 | INFO: Extracting primitive: M3_06_gobek.014
19:55:35 | INFO: Primitives created: 1
19:55:35 | INFO: Extracting primitive: M3_06_gobek.015
19:55:35 | INFO: Primitives created: 1
19:55:35 | INFO: Extracting primitive: M3_06_gobek.016
19:55:35 | INFO: Primitives created: 1
19:55:35 | INFO: Extracting primitive: M3_06_gobek.017
19:55:35 | INFO: Primitives created: 1
19:55:35 | INFO: Extracting primitive: M3_06_gobek.018
19:55:35 | INFO: Primitives created: 1
19:55:35 | INFO: Extracting primitive: M3_06_gobek.019
19:55:35 | INFO: Primitives created: 1
19:55:35 | INFO: Extracting primitive: M3_06_gobek.020
19:55:35 | INFO: Primitives created: 1
19:55:35 | INFO: Extracting primitive: M3_06_gobek.021
19:55:35 | INFO: Primitives created: 1
19:55:35 | INFO: Extracting primitive: M3_06_gobek.022
19:55:35 | INFO: Primitives created: 1
19:55:35 | INFO: Extracting primitive: M3_06_gobek.023
19:55:35 | INFO: Primitives created: 1
19:55:35 | INFO: Extracting primitive: M3_06_kanat.001
19:55:35 | INFO: Primitives created: 1
19:55:35 | INFO: Extracting primitive: M3_06_kasa.002
19:55:35 | INFO: Primitives created: 1
19:55:35 | INFO: Extracting primitive: M3_06_kasa.003
19:55:35 | INFO: Primitives created: 1
19:55:35 | INFO: Extracting primitive: M3_06_mentese
19:55:35 | INFO: Primitives created: 1
19:55:35 | INFO: Extracting primitive: M3_06_mentese.001
19:55:35 | INFO: Primitives created: 1
19:55:35 | INFO: Extracting primitive: M3_06_mentese.002
19:55:35 | INFO: Primitives created: 1
19:55:35 | INFO: Extracting primitive: M3_06_pervaz.004
19:55:35 | INFO: Primitives created: 1
19:55:35 | INFO: Extracting primitive: M3_06_pervaz.005
19:55:35 | INFO: Primitives created: 1
19:55:35 | INFO: Extracting primitive: M3_06_pervaz.006
19:55:35 | INFO: Primitives created: 1
19:55:35 | INFO: Extracting primitive: M3_06_pervaz.007
19:55:35 | INFO: Primitives created: 1
19:55:35 | INFO: Extracting primitive: Sphere.015
19:55:35 | INFO: Primitives created: 1
19:55:35 | INFO: Extracting primitive: Sphere.016
19:55:35 | INFO: Primitives created: 1
19:55:35 | INFO: Extracting primitive: M3_06_topuz_mili
19:55:35 | INFO: Primitives created: 1
19:55:35 | INFO: Extracting primitive: M3_06_topuz_mili.001
19:55:35 | INFO: Primitives created: 1
19:55:35 | INFO: Extracting primitive: M3_06_ust_kasa.001
19:55:35 | INFO: Primitives created: 1
19:55:35 | INFO: Extracting primitive: M3_06_ust_pervaz.002
19:55:35 | INFO: Primitives created: 1
19:55:35 | INFO: Extracting primitive: M3_06_ust_pervaz.003
19:55:35 | INFO: Primitives created: 1
19:55:35 | INFO: Extracting primitive: M3_06_yatay_profil.024
19:55:35 | INFO: Primitives created: 1
19:55:35 | INFO: Extracting primitive: M3_06_yatay_profil.025
19:55:35 | INFO: Primitives created: 1
19:55:35 | INFO: Extracting primitive: M3_06_yatay_profil.026
19:55:35 | INFO: Primitives created: 1
19:55:35 | INFO: Extracting primitive: M3_06_yatay_profil.027
19:55:35 | INFO: Primitives created: 1
19:55:35 | INFO: Extracting primitive: M3_06_yatay_profil.028
19:55:35 | INFO: Primitives created: 1
19:55:35 | INFO: Extracting primitive: M3_06_yatay_profil.029
19:55:35 | INFO: Primitives created: 1
19:55:35 | INFO: Extracting primitive: M3_06_yatay_profil.030
19:55:35 | INFO: Primitives created: 1
19:55:35 | INFO: Extracting primitive: M3_06_yatay_profil.031
19:55:35 | INFO: Primitives created: 1
19:55:35 | INFO: Extracting primitive: M3_06_yatay_profil.032
19:55:35 | INFO: Primitives created: 1
19:55:35 | INFO: Extracting primitive: M3_06_yatay_profil.033
19:55:35 | INFO: Primitives created: 1
19:55:35 | INFO: Extracting primitive: M3_06_yatay_profil.034
19:55:35 | INFO: Primitives created: 1
19:55:35 | INFO: Extracting primitive: M3_06_yatay_profil.035
19:55:35 | INFO: Primitives created: 1
19:55:35 | INFO: Extracting primitive: M3_06_yatay_profil.036
19:55:35 | INFO: Primitives created: 1
19:55:35 | INFO: Extracting primitive: M3_06_yatay_profil.037
19:55:35 | INFO: Primitives created: 1
19:55:35 | INFO: Extracting primitive: M3_06_yatay_profil.038
19:55:35 | INFO: Primitives created: 1
19:55:35 | INFO: Extracting primitive: M3_06_yatay_profil.039
19:55:35 | INFO: Primitives created: 1
19:55:35 | INFO: Extracting primitive: M3_06_yatay_profil.040
19:55:35 | INFO: Primitives created: 1
19:55:35 | INFO: Extracting primitive: M3_06_yatay_profil.041
19:55:35 | INFO: Primitives created: 1
19:55:35 | INFO: Extracting primitive: M3_06_yatay_profil.042
19:55:35 | INFO: Primitives created: 1
19:55:35 | INFO: Extracting primitive: M3_06_yatay_profil.043
19:55:35 | INFO: Primitives created: 1
19:55:35 | INFO: Extracting primitive: M3_06_yatay_profil.044
19:55:35 | INFO: Primitives created: 1
19:55:35 | INFO: Extracting primitive: M3_06_yatay_profil.045
19:55:35 | INFO: Primitives created: 1
19:55:35 | INFO: Extracting primitive: M3_06_yatay_profil.046
19:55:35 | INFO: Primitives created: 1
19:55:35 | INFO: Extracting primitive: M3_06_yatay_profil.047
19:55:35 | INFO: Primitives created: 1
19:55:35 | INFO: Extracting primitive: M3_07_dik_profil.024
19:55:35 | INFO: Primitives created: 1
19:55:35 | INFO: Extracting primitive: M3_07_dik_profil.025
19:55:35 | INFO: Primitives created: 1
19:55:35 | INFO: Extracting primitive: M3_07_dik_profil.026
19:55:35 | INFO: Primitives created: 1
19:55:35 | INFO: Extracting primitive: M3_07_dik_profil.027
19:55:35 | INFO: Primitives created: 1
19:55:35 | INFO: Extracting primitive: M3_07_dik_profil.028
19:55:35 | INFO: Primitives created: 1
19:55:35 | INFO: Extracting primitive: M3_07_dik_profil.029
19:55:35 | INFO: Primitives created: 1
19:55:35 | INFO: Extracting primitive: M3_07_dik_profil.030
19:55:35 | INFO: Primitives created: 1
19:55:35 | INFO: Extracting primitive: M3_07_dik_profil.031
19:55:35 | INFO: Primitives created: 1
19:55:35 | INFO: Extracting primitive: M3_07_dik_profil.032
19:55:35 | INFO: Primitives created: 1
19:55:35 | INFO: Extracting primitive: M3_07_dik_profil.033
19:55:35 | INFO: Primitives created: 1
19:55:35 | INFO: Extracting primitive: M3_07_dik_profil.034
19:55:35 | INFO: Primitives created: 1
19:55:35 | INFO: Extracting primitive: M3_07_dik_profil.035
19:55:35 | INFO: Primitives created: 1
19:55:35 | INFO: Extracting primitive: M3_07_dik_profil.036
19:55:35 | INFO: Primitives created: 1
19:55:35 | INFO: Extracting primitive: M3_07_dik_profil.037
19:55:35 | INFO: Primitives created: 1
19:55:35 | INFO: Extracting primitive: M3_07_dik_profil.038
19:55:35 | INFO: Primitives created: 1
19:55:35 | INFO: Extracting primitive: M3_07_dik_profil.039
19:55:35 | INFO: Primitives created: 1
19:55:35 | INFO: Extracting primitive: M3_07_dik_profil.040
19:55:35 | INFO: Primitives created: 1
19:55:35 | INFO: Extracting primitive: M3_07_dik_profil.041
19:55:35 | INFO: Primitives created: 1
19:55:35 | INFO: Extracting primitive: M3_07_dik_profil.042
19:55:35 | INFO: Primitives created: 1
19:55:35 | INFO: Extracting primitive: M3_07_dik_profil.043
19:55:35 | INFO: Primitives created: 1
19:55:35 | INFO: Extracting primitive: M3_07_dik_profil.044
19:55:35 | INFO: Primitives created: 1
19:55:35 | INFO: Extracting primitive: M3_07_dik_profil.045
19:55:35 | INFO: Primitives created: 1
19:55:35 | INFO: Extracting primitive: M3_07_dik_profil.046
19:55:35 | INFO: Primitives created: 1
19:55:35 | INFO: Extracting primitive: M3_07_dik_profil.047
19:55:35 | INFO: Primitives created: 1
19:55:35 | INFO: Extracting primitive: M3_07_esik_doseme.001
19:55:35 | INFO: Primitives created: 1
19:55:35 | INFO: Extracting primitive: M3_07_gobek.012
19:55:35 | INFO: Primitives created: 1
19:55:35 | INFO: Extracting primitive: M3_07_gobek.013
19:55:35 | INFO: Primitives created: 1
19:55:35 | INFO: Extracting primitive: M3_07_gobek.014
19:55:35 | INFO: Primitives created: 1
19:55:35 | INFO: Extracting primitive: M3_07_gobek.015
19:55:35 | INFO: Primitives created: 1
19:55:35 | INFO: Extracting primitive: M3_07_gobek.016
19:55:35 | INFO: Primitives created: 1
19:55:35 | INFO: Extracting primitive: M3_07_gobek.017
19:55:35 | INFO: Primitives created: 1
19:55:35 | INFO: Extracting primitive: M3_07_gobek.018
19:55:35 | INFO: Primitives created: 1
19:55:35 | INFO: Extracting primitive: M3_07_gobek.019
19:55:35 | INFO: Primitives created: 1
19:55:35 | INFO: Extracting primitive: M3_07_gobek.020
19:55:35 | INFO: Primitives created: 1
19:55:35 | INFO: Extracting primitive: M3_07_gobek.021
19:55:35 | INFO: Primitives created: 1
19:55:35 | INFO: Extracting primitive: M3_07_gobek.022
19:55:35 | INFO: Primitives created: 1
19:55:35 | INFO: Extracting primitive: M3_07_gobek.023
19:55:35 | INFO: Primitives created: 1
19:55:35 | INFO: Extracting primitive: M3_07_kanat.001
19:55:35 | INFO: Primitives created: 1
19:55:35 | INFO: Extracting primitive: M3_07_kasa.002
19:55:35 | INFO: Primitives created: 1
19:55:35 | INFO: Extracting primitive: M3_07_kasa.003
19:55:35 | INFO: Primitives created: 1
19:55:35 | INFO: Extracting primitive: M3_07_mentese
19:55:35 | INFO: Primitives created: 1
19:55:35 | INFO: Extracting primitive: M3_07_mentese.001
19:55:35 | INFO: Primitives created: 1
19:55:35 | INFO: Extracting primitive: M3_07_mentese.002
19:55:35 | INFO: Primitives created: 1
19:55:35 | INFO: Extracting primitive: M3_07_pervaz.004
19:55:35 | INFO: Primitives created: 1
19:55:35 | INFO: Extracting primitive: M3_07_pervaz.005
19:55:35 | INFO: Primitives created: 1
19:55:35 | INFO: Extracting primitive: M3_07_pervaz.006
19:55:35 | INFO: Primitives created: 1
19:55:35 | INFO: Extracting primitive: M3_07_pervaz.007
19:55:35 | INFO: Primitives created: 1
19:55:35 | INFO: Extracting primitive: Sphere.017
19:55:35 | INFO: Primitives created: 1
19:55:35 | INFO: Extracting primitive: Sphere.018
19:55:35 | INFO: Primitives created: 1
19:55:35 | INFO: Extracting primitive: M3_07_topuz_mili
19:55:35 | INFO: Primitives created: 1
19:55:35 | INFO: Extracting primitive: M3_07_topuz_mili.001
19:55:35 | INFO: Primitives created: 1
19:55:35 | INFO: Extracting primitive: M3_07_ust_kasa.001
19:55:35 | INFO: Primitives created: 1
19:55:35 | INFO: Extracting primitive: M3_07_ust_pervaz.002
19:55:35 | INFO: Primitives created: 1
19:55:35 | INFO: Extracting primitive: M3_07_ust_pervaz.003
19:55:35 | INFO: Primitives created: 1
19:55:35 | INFO: Extracting primitive: M3_07_yatay_profil.024
19:55:35 | INFO: Primitives created: 1
19:55:35 | INFO: Extracting primitive: M3_07_yatay_profil.025
19:55:35 | INFO: Primitives created: 1
19:55:35 | INFO: Extracting primitive: M3_07_yatay_profil.026
19:55:35 | INFO: Primitives created: 1
19:55:35 | INFO: Extracting primitive: M3_07_yatay_profil.027
19:55:35 | INFO: Primitives created: 1
19:55:35 | INFO: Extracting primitive: M3_07_yatay_profil.028
19:55:35 | INFO: Primitives created: 1
19:55:35 | INFO: Extracting primitive: M3_07_yatay_profil.029
19:55:35 | INFO: Primitives created: 1
19:55:35 | INFO: Extracting primitive: M3_07_yatay_profil.030
19:55:35 | INFO: Primitives created: 1
19:55:35 | INFO: Extracting primitive: M3_07_yatay_profil.031
19:55:35 | INFO: Primitives created: 1
19:55:35 | INFO: Extracting primitive: M3_07_yatay_profil.032
19:55:35 | INFO: Primitives created: 1
19:55:35 | INFO: Extracting primitive: M3_07_yatay_profil.033
19:55:35 | INFO: Primitives created: 1
19:55:35 | INFO: Extracting primitive: M3_07_yatay_profil.034
19:55:35 | INFO: Primitives created: 1
19:55:35 | INFO: Extracting primitive: M3_07_yatay_profil.035
19:55:35 | INFO: Primitives created: 1
19:55:35 | INFO: Extracting primitive: M3_07_yatay_profil.036
19:55:35 | INFO: Primitives created: 1
19:55:35 | INFO: Extracting primitive: M3_07_yatay_profil.037
19:55:35 | INFO: Primitives created: 1
19:55:35 | INFO: Extracting primitive: M3_07_yatay_profil.038
19:55:35 | INFO: Primitives created: 1
19:55:35 | INFO: Extracting primitive: M3_07_yatay_profil.039
19:55:35 | INFO: Primitives created: 1
19:55:35 | INFO: Extracting primitive: M3_07_yatay_profil.040
19:55:35 | INFO: Primitives created: 1
19:55:35 | INFO: Extracting primitive: M3_07_yatay_profil.041
19:55:35 | INFO: Primitives created: 1
19:55:35 | INFO: Extracting primitive: M3_07_yatay_profil.042
19:55:35 | INFO: Primitives created: 1
19:55:35 | INFO: Extracting primitive: M3_07_yatay_profil.043
19:55:35 | INFO: Primitives created: 1
19:55:35 | INFO: Extracting primitive: M3_07_yatay_profil.044
19:55:35 | INFO: Primitives created: 1
19:55:35 | INFO: Extracting primitive: M3_07_yatay_profil.045
19:55:35 | INFO: Primitives created: 1
19:55:35 | INFO: Extracting primitive: M3_07_yatay_profil.046
19:55:35 | INFO: Primitives created: 1
19:55:35 | INFO: Extracting primitive: M3_07_yatay_profil.047
19:55:35 | INFO: Primitives created: 1
19:55:35 | INFO: Extracting primitive: M3_08_dik_profil.024
19:55:35 | INFO: Primitives created: 1
19:55:35 | INFO: Extracting primitive: M3_08_dik_profil.025
19:55:35 | INFO: Primitives created: 1
19:55:35 | INFO: Extracting primitive: M3_08_dik_profil.026
19:55:35 | INFO: Primitives created: 1
19:55:35 | INFO: Extracting primitive: M3_08_dik_profil.027
19:55:35 | INFO: Primitives created: 1
19:55:35 | INFO: Extracting primitive: M3_08_dik_profil.028
19:55:35 | INFO: Primitives created: 1
19:55:35 | INFO: Extracting primitive: M3_08_dik_profil.029
19:55:35 | INFO: Primitives created: 1
19:55:35 | INFO: Extracting primitive: M3_08_dik_profil.030
19:55:35 | INFO: Primitives created: 1
19:55:35 | INFO: Extracting primitive: M3_08_dik_profil.031
19:55:35 | INFO: Primitives created: 1
19:55:35 | INFO: Extracting primitive: M3_08_dik_profil.032
19:55:35 | INFO: Primitives created: 1
19:55:35 | INFO: Extracting primitive: M3_08_dik_profil.033
19:55:35 | INFO: Primitives created: 1
19:55:35 | INFO: Extracting primitive: M3_08_dik_profil.034
19:55:35 | INFO: Primitives created: 1
19:55:35 | INFO: Extracting primitive: M3_08_dik_profil.035
19:55:35 | INFO: Primitives created: 1
19:55:35 | INFO: Extracting primitive: M3_08_dik_profil.036
19:55:35 | INFO: Primitives created: 1
19:55:35 | INFO: Extracting primitive: M3_08_dik_profil.037
19:55:35 | INFO: Primitives created: 1
19:55:35 | INFO: Extracting primitive: M3_08_dik_profil.038
19:55:35 | INFO: Primitives created: 1
19:55:35 | INFO: Extracting primitive: M3_08_dik_profil.039
19:55:35 | INFO: Primitives created: 1
19:55:35 | INFO: Extracting primitive: M3_08_dik_profil.040
19:55:35 | INFO: Primitives created: 1
19:55:35 | INFO: Extracting primitive: M3_08_dik_profil.041
19:55:35 | INFO: Primitives created: 1
19:55:35 | INFO: Extracting primitive: M3_08_dik_profil.042
19:55:35 | INFO: Primitives created: 1
19:55:35 | INFO: Extracting primitive: M3_08_dik_profil.043
19:55:35 | INFO: Primitives created: 1
19:55:35 | INFO: Extracting primitive: M3_08_dik_profil.044
19:55:35 | INFO: Primitives created: 1
19:55:35 | INFO: Extracting primitive: M3_08_dik_profil.045
19:55:35 | INFO: Primitives created: 1
19:55:35 | INFO: Extracting primitive: M3_08_dik_profil.046
19:55:35 | INFO: Primitives created: 1
19:55:35 | INFO: Extracting primitive: M3_08_dik_profil.047
19:55:35 | INFO: Primitives created: 1
19:55:35 | INFO: Extracting primitive: M3_08_esik_doseme.001
19:55:35 | INFO: Primitives created: 1
19:55:35 | INFO: Extracting primitive: M3_08_gobek.012
19:55:35 | INFO: Primitives created: 1
19:55:35 | INFO: Extracting primitive: M3_08_gobek.013
19:55:35 | INFO: Primitives created: 1
19:55:35 | INFO: Extracting primitive: M3_08_gobek.014
19:55:35 | INFO: Primitives created: 1
19:55:35 | INFO: Extracting primitive: M3_08_gobek.015
19:55:35 | INFO: Primitives created: 1
19:55:35 | INFO: Extracting primitive: M3_08_gobek.016
19:55:35 | INFO: Primitives created: 1
19:55:35 | INFO: Extracting primitive: M3_08_gobek.017
19:55:35 | INFO: Primitives created: 1
19:55:35 | INFO: Extracting primitive: M3_08_gobek.018
19:55:35 | INFO: Primitives created: 1
19:55:35 | INFO: Extracting primitive: M3_08_gobek.019
19:55:35 | INFO: Primitives created: 1
19:55:35 | INFO: Extracting primitive: M3_08_gobek.020
19:55:35 | INFO: Primitives created: 1
19:55:35 | INFO: Extracting primitive: M3_08_gobek.021
19:55:35 | INFO: Primitives created: 1
19:55:35 | INFO: Extracting primitive: M3_08_gobek.022
19:55:35 | INFO: Primitives created: 1
19:55:35 | INFO: Extracting primitive: M3_08_gobek.023
19:55:35 | INFO: Primitives created: 1
19:55:35 | INFO: Extracting primitive: M3_08_kanat.001
19:55:35 | INFO: Primitives created: 1
19:55:35 | INFO: Extracting primitive: M3_08_kasa.002
19:55:35 | INFO: Primitives created: 1
19:55:35 | INFO: Extracting primitive: M3_08_kasa.003
19:55:35 | INFO: Primitives created: 1
19:55:35 | INFO: Extracting primitive: M3_08_mentese
19:55:35 | INFO: Primitives created: 1
19:55:35 | INFO: Extracting primitive: M3_08_mentese.001
19:55:35 | INFO: Primitives created: 1
19:55:35 | INFO: Extracting primitive: M3_08_mentese.002
19:55:35 | INFO: Primitives created: 1
19:55:35 | INFO: Extracting primitive: M3_08_pervaz.004
19:55:35 | INFO: Primitives created: 1
19:55:35 | INFO: Extracting primitive: M3_08_pervaz.005
19:55:35 | INFO: Primitives created: 1
19:55:35 | INFO: Extracting primitive: M3_08_pervaz.006
19:55:35 | INFO: Primitives created: 1
19:55:35 | INFO: Extracting primitive: M3_08_pervaz.007
19:55:35 | INFO: Primitives created: 1
19:55:35 | INFO: Extracting primitive: Sphere.019
19:55:35 | INFO: Primitives created: 1
19:55:35 | INFO: Extracting primitive: Sphere.020
19:55:35 | INFO: Primitives created: 1
19:55:35 | INFO: Extracting primitive: M3_08_topuz_mili
19:55:35 | INFO: Primitives created: 1
19:55:35 | INFO: Extracting primitive: M3_08_topuz_mili.001
19:55:35 | INFO: Primitives created: 1
19:55:35 | INFO: Extracting primitive: M3_08_ust_kasa.001
19:55:35 | INFO: Primitives created: 1
19:55:35 | INFO: Extracting primitive: M3_08_ust_pervaz.002
19:55:35 | INFO: Primitives created: 1
19:55:35 | INFO: Extracting primitive: M3_08_ust_pervaz.003
19:55:35 | INFO: Primitives created: 1
19:55:35 | INFO: Extracting primitive: M3_08_yatay_profil.024
19:55:35 | INFO: Primitives created: 1
19:55:35 | INFO: Extracting primitive: M3_08_yatay_profil.025
19:55:35 | INFO: Primitives created: 1
19:55:35 | INFO: Extracting primitive: M3_08_yatay_profil.026
19:55:35 | INFO: Primitives created: 1
19:55:35 | INFO: Extracting primitive: M3_08_yatay_profil.027
19:55:35 | INFO: Primitives created: 1
19:55:35 | INFO: Extracting primitive: M3_08_yatay_profil.028
19:55:35 | INFO: Primitives created: 1
19:55:35 | INFO: Extracting primitive: M3_08_yatay_profil.029
19:55:35 | INFO: Primitives created: 1
19:55:35 | INFO: Extracting primitive: M3_08_yatay_profil.030
19:55:35 | INFO: Primitives created: 1
19:55:35 | INFO: Extracting primitive: M3_08_yatay_profil.031
19:55:35 | INFO: Primitives created: 1
19:55:35 | INFO: Extracting primitive: M3_08_yatay_profil.032
19:55:35 | INFO: Primitives created: 1
19:55:35 | INFO: Extracting primitive: M3_08_yatay_profil.033
19:55:35 | INFO: Primitives created: 1
19:55:35 | INFO: Extracting primitive: M3_08_yatay_profil.034
19:55:35 | INFO: Primitives created: 1
19:55:35 | INFO: Extracting primitive: M3_08_yatay_profil.035
19:55:35 | INFO: Primitives created: 1
19:55:35 | INFO: Extracting primitive: M3_08_yatay_profil.036
19:55:35 | INFO: Primitives created: 1
19:55:35 | INFO: Extracting primitive: M3_08_yatay_profil.037
19:55:35 | INFO: Primitives created: 1
19:55:35 | INFO: Extracting primitive: M3_08_yatay_profil.038
19:55:35 | INFO: Primitives created: 1
19:55:35 | INFO: Extracting primitive: M3_08_yatay_profil.039
19:55:35 | INFO: Primitives created: 1
19:55:35 | INFO: Extracting primitive: M3_08_yatay_profil.040
19:55:35 | INFO: Primitives created: 1
19:55:35 | INFO: Extracting primitive: M3_08_yatay_profil.041
19:55:35 | INFO: Primitives created: 1
19:55:35 | INFO: Extracting primitive: M3_08_yatay_profil.042
19:55:35 | INFO: Primitives created: 1
19:55:35 | INFO: Extracting primitive: M3_08_yatay_profil.043
19:55:35 | INFO: Primitives created: 1
19:55:35 | INFO: Extracting primitive: M3_08_yatay_profil.044
19:55:35 | INFO: Primitives created: 1
19:55:35 | INFO: Extracting primitive: M3_08_yatay_profil.045
19:55:35 | INFO: Primitives created: 1
19:55:35 | INFO: Extracting primitive: M3_08_yatay_profil.046
19:55:35 | INFO: Primitives created: 1
19:55:35 | INFO: Extracting primitive: M3_08_yatay_profil.047
19:55:35 | INFO: Primitives created: 1
19:55:35 | INFO: Extracting primitive: M3_09_dik_profil.024
19:55:35 | INFO: Primitives created: 1
19:55:35 | INFO: Extracting primitive: M3_09_dik_profil.025
19:55:35 | INFO: Primitives created: 1
19:55:35 | INFO: Extracting primitive: M3_09_dik_profil.026
19:55:35 | INFO: Primitives created: 1
19:55:35 | INFO: Extracting primitive: M3_09_dik_profil.027
19:55:35 | INFO: Primitives created: 1
19:55:35 | INFO: Extracting primitive: M3_09_dik_profil.028
19:55:35 | INFO: Primitives created: 1
19:55:35 | INFO: Extracting primitive: M3_09_dik_profil.029
19:55:35 | INFO: Primitives created: 1
19:55:35 | INFO: Extracting primitive: M3_09_dik_profil.030
19:55:35 | INFO: Primitives created: 1
19:55:35 | INFO: Extracting primitive: M3_09_dik_profil.031
19:55:35 | INFO: Primitives created: 1
19:55:35 | INFO: Extracting primitive: M3_09_dik_profil.032
19:55:35 | INFO: Primitives created: 1
19:55:35 | INFO: Extracting primitive: M3_09_dik_profil.033
19:55:35 | INFO: Primitives created: 1
19:55:35 | INFO: Extracting primitive: M3_09_dik_profil.034
19:55:35 | INFO: Primitives created: 1
19:55:35 | INFO: Extracting primitive: M3_09_dik_profil.035
19:55:35 | INFO: Primitives created: 1
19:55:35 | INFO: Extracting primitive: M3_09_dik_profil.036
19:55:35 | INFO: Primitives created: 1
19:55:35 | INFO: Extracting primitive: M3_09_dik_profil.037
19:55:35 | INFO: Primitives created: 1
19:55:35 | INFO: Extracting primitive: M3_09_dik_profil.038
19:55:35 | INFO: Primitives created: 1
19:55:35 | INFO: Extracting primitive: M3_09_dik_profil.039
19:55:35 | INFO: Primitives created: 1
19:55:35 | INFO: Extracting primitive: M3_09_dik_profil.040
19:55:35 | INFO: Primitives created: 1
19:55:35 | INFO: Extracting primitive: M3_09_dik_profil.041
19:55:35 | INFO: Primitives created: 1
19:55:35 | INFO: Extracting primitive: M3_09_dik_profil.042
19:55:35 | INFO: Primitives created: 1
19:55:35 | INFO: Extracting primitive: M3_09_dik_profil.043
19:55:35 | INFO: Primitives created: 1
19:55:35 | INFO: Extracting primitive: M3_09_dik_profil.044
19:55:35 | INFO: Primitives created: 1
19:55:35 | INFO: Extracting primitive: M3_09_dik_profil.045
19:55:35 | INFO: Primitives created: 1
19:55:35 | INFO: Extracting primitive: M3_09_dik_profil.046
19:55:35 | INFO: Primitives created: 1
19:55:35 | INFO: Extracting primitive: M3_09_dik_profil.047
19:55:35 | INFO: Primitives created: 1
19:55:35 | INFO: Extracting primitive: M3_09_esik_doseme.001
19:55:35 | INFO: Primitives created: 1
19:55:35 | INFO: Extracting primitive: M3_09_gobek.012
19:55:36 | INFO: Primitives created: 1
19:55:36 | INFO: Extracting primitive: M3_09_gobek.013
19:55:36 | INFO: Primitives created: 1
19:55:36 | INFO: Extracting primitive: M3_09_gobek.014
19:55:36 | INFO: Primitives created: 1
19:55:36 | INFO: Extracting primitive: M3_09_gobek.015
19:55:36 | INFO: Primitives created: 1
19:55:36 | INFO: Extracting primitive: M3_09_gobek.016
19:55:36 | INFO: Primitives created: 1
19:55:36 | INFO: Extracting primitive: M3_09_gobek.017
19:55:36 | INFO: Primitives created: 1
19:55:36 | INFO: Extracting primitive: M3_09_gobek.018
19:55:36 | INFO: Primitives created: 1
19:55:36 | INFO: Extracting primitive: M3_09_gobek.019
19:55:36 | INFO: Primitives created: 1
19:55:36 | INFO: Extracting primitive: M3_09_gobek.020
19:55:36 | INFO: Primitives created: 1
19:55:36 | INFO: Extracting primitive: M3_09_gobek.021
19:55:36 | INFO: Primitives created: 1
19:55:36 | INFO: Extracting primitive: M3_09_gobek.022
19:55:36 | INFO: Primitives created: 1
19:55:36 | INFO: Extracting primitive: M3_09_gobek.023
19:55:36 | INFO: Primitives created: 1
19:55:36 | INFO: Extracting primitive: M3_09_kanat.001
19:55:36 | INFO: Primitives created: 1
19:55:36 | INFO: Extracting primitive: M3_09_kasa.002
19:55:36 | INFO: Primitives created: 1
19:55:36 | INFO: Extracting primitive: M3_09_kasa.003
19:55:36 | INFO: Primitives created: 1
19:55:36 | INFO: Extracting primitive: M3_09_mentese
19:55:36 | INFO: Primitives created: 1
19:55:36 | INFO: Extracting primitive: M3_09_mentese.001
19:55:36 | INFO: Primitives created: 1
19:55:36 | INFO: Extracting primitive: M3_09_mentese.002
19:55:36 | INFO: Primitives created: 1
19:55:36 | INFO: Extracting primitive: M3_09_pervaz.004
19:55:37 | INFO: Primitives created: 1
19:55:37 | INFO: Extracting primitive: M3_09_pervaz.005
19:55:37 | INFO: Primitives created: 1
19:55:37 | INFO: Extracting primitive: M3_09_pervaz.006
19:55:37 | INFO: Primitives created: 1
19:55:37 | INFO: Extracting primitive: M3_09_pervaz.007
19:55:37 | INFO: Primitives created: 1
19:55:37 | INFO: Extracting primitive: Sphere.021
19:55:37 | INFO: Primitives created: 1
19:55:37 | INFO: Extracting primitive: Sphere.022
19:55:37 | INFO: Primitives created: 1
19:55:37 | INFO: Extracting primitive: M3_09_topuz_mili
19:55:37 | INFO: Primitives created: 1
19:55:37 | INFO: Extracting primitive: M3_09_topuz_mili.001
19:55:37 | INFO: Primitives created: 1
19:55:37 | INFO: Extracting primitive: M3_09_ust_kasa.001
19:55:37 | INFO: Primitives created: 1
19:55:37 | INFO: Extracting primitive: M3_09_ust_pervaz.002
19:55:37 | INFO: Primitives created: 1
19:55:37 | INFO: Extracting primitive: M3_09_ust_pervaz.003
19:55:37 | INFO: Primitives created: 1
19:55:37 | INFO: Extracting primitive: M3_09_yatay_profil.024
19:55:37 | INFO: Primitives created: 1
19:55:37 | INFO: Extracting primitive: M3_09_yatay_profil.025
19:55:37 | INFO: Primitives created: 1
19:55:37 | INFO: Extracting primitive: M3_09_yatay_profil.026
19:55:37 | INFO: Primitives created: 1
19:55:37 | INFO: Extracting primitive: M3_09_yatay_profil.027
19:55:37 | INFO: Primitives created: 1
19:55:37 | INFO: Extracting primitive: M3_09_yatay_profil.028
19:55:37 | INFO: Primitives created: 1
19:55:37 | INFO: Extracting primitive: M3_09_yatay_profil.029
19:55:37 | INFO: Primitives created: 1
19:55:37 | INFO: Extracting primitive: M3_09_yatay_profil.030
19:55:37 | INFO: Primitives created: 1
19:55:37 | INFO: Extracting primitive: M3_09_yatay_profil.031
19:55:37 | INFO: Primitives created: 1
19:55:37 | INFO: Extracting primitive: M3_09_yatay_profil.032
19:55:37 | INFO: Primitives created: 1
19:55:37 | INFO: Extracting primitive: M3_09_yatay_profil.033
19:55:37 | INFO: Primitives created: 1
19:55:37 | INFO: Extracting primitive: M3_09_yatay_profil.034
19:55:37 | INFO: Primitives created: 1
19:55:37 | INFO: Extracting primitive: M3_09_yatay_profil.035
19:55:37 | INFO: Primitives created: 1
19:55:37 | INFO: Extracting primitive: M3_09_yatay_profil.036
19:55:37 | INFO: Primitives created: 1
19:55:37 | INFO: Extracting primitive: M3_09_yatay_profil.037
19:55:37 | INFO: Primitives created: 1
19:55:37 | INFO: Extracting primitive: M3_09_yatay_profil.038
19:55:37 | INFO: Primitives created: 1
19:55:37 | INFO: Extracting primitive: M3_09_yatay_profil.039
19:55:37 | INFO: Primitives created: 1
19:55:37 | INFO: Extracting primitive: M3_09_yatay_profil.040
19:55:37 | INFO: Primitives created: 1
19:55:37 | INFO: Extracting primitive: M3_09_yatay_profil.041
19:55:37 | INFO: Primitives created: 1
19:55:37 | INFO: Extracting primitive: M3_09_yatay_profil.042
19:55:37 | INFO: Primitives created: 1
19:55:37 | INFO: Extracting primitive: M3_09_yatay_profil.043
19:55:37 | INFO: Primitives created: 1
19:55:37 | INFO: Extracting primitive: M3_09_yatay_profil.044
19:55:37 | INFO: Primitives created: 1
19:55:37 | INFO: Extracting primitive: M3_09_yatay_profil.045
19:55:37 | INFO: Primitives created: 1
19:55:37 | INFO: Extracting primitive: M3_09_yatay_profil.046
19:55:37 | INFO: Primitives created: 1
19:55:37 | INFO: Extracting primitive: M3_09_yatay_profil.047
19:55:37 | INFO: Primitives created: 1
19:55:37 | INFO: Extracting primitive: M3_10_dik_profil.024
19:55:37 | INFO: Primitives created: 1
19:55:37 | INFO: Extracting primitive: M3_10_dik_profil.025
19:55:37 | INFO: Primitives created: 1
19:55:37 | INFO: Extracting primitive: M3_10_dik_profil.026
19:55:37 | INFO: Primitives created: 1
19:55:37 | INFO: Extracting primitive: M3_10_dik_profil.027
19:55:37 | INFO: Primitives created: 1
19:55:37 | INFO: Extracting primitive: M3_10_dik_profil.028
19:55:37 | INFO: Primitives created: 1
19:55:37 | INFO: Extracting primitive: M3_10_dik_profil.029
19:55:37 | INFO: Primitives created: 1
19:55:37 | INFO: Extracting primitive: M3_10_dik_profil.030
19:55:37 | INFO: Primitives created: 1
19:55:37 | INFO: Extracting primitive: M3_10_dik_profil.031
19:55:37 | INFO: Primitives created: 1
19:55:37 | INFO: Extracting primitive: M3_10_dik_profil.032
19:55:37 | INFO: Primitives created: 1
19:55:37 | INFO: Extracting primitive: M3_10_dik_profil.033
19:55:37 | INFO: Primitives created: 1
19:55:37 | INFO: Extracting primitive: M3_10_dik_profil.034
19:55:37 | INFO: Primitives created: 1
19:55:37 | INFO: Extracting primitive: M3_10_dik_profil.035
19:55:37 | INFO: Primitives created: 1
19:55:37 | INFO: Extracting primitive: M3_10_dik_profil.036
19:55:37 | INFO: Primitives created: 1
19:55:37 | INFO: Extracting primitive: M3_10_dik_profil.037
19:55:37 | INFO: Primitives created: 1
19:55:37 | INFO: Extracting primitive: M3_10_dik_profil.038
19:55:37 | INFO: Primitives created: 1
19:55:37 | INFO: Extracting primitive: M3_10_dik_profil.039
19:55:37 | INFO: Primitives created: 1
19:55:37 | INFO: Extracting primitive: M3_10_dik_profil.040
19:55:37 | INFO: Primitives created: 1
19:55:37 | INFO: Extracting primitive: M3_10_dik_profil.041
19:55:37 | INFO: Primitives created: 1
19:55:37 | INFO: Extracting primitive: M3_10_dik_profil.042
19:55:37 | INFO: Primitives created: 1
19:55:37 | INFO: Extracting primitive: M3_10_dik_profil.043
19:55:37 | INFO: Primitives created: 1
19:55:37 | INFO: Extracting primitive: M3_10_dik_profil.044
19:55:37 | INFO: Primitives created: 1
19:55:37 | INFO: Extracting primitive: M3_10_dik_profil.045
19:55:37 | INFO: Primitives created: 1
19:55:37 | INFO: Extracting primitive: M3_10_dik_profil.046
19:55:37 | INFO: Primitives created: 1
19:55:37 | INFO: Extracting primitive: M3_10_dik_profil.047
19:55:37 | INFO: Primitives created: 1
19:55:37 | INFO: Extracting primitive: M3_10_doseme_boslugu.001
19:55:37 | INFO: Primitives created: 1
19:55:37 | INFO: Extracting primitive: M3_10_esik_doseme.001
19:55:37 | INFO: Primitives created: 1
19:55:37 | INFO: Extracting primitive: M3_10_gobek.012
19:55:37 | INFO: Primitives created: 1
19:55:37 | INFO: Extracting primitive: M3_10_gobek.013
19:55:37 | INFO: Primitives created: 1
19:55:37 | INFO: Extracting primitive: M3_10_gobek.014
19:55:37 | INFO: Primitives created: 1
19:55:37 | INFO: Extracting primitive: M3_10_gobek.015
19:55:37 | INFO: Primitives created: 1
19:55:37 | INFO: Extracting primitive: M3_10_gobek.016
19:55:37 | INFO: Primitives created: 1
19:55:37 | INFO: Extracting primitive: M3_10_gobek.017
19:55:37 | INFO: Primitives created: 1
19:55:37 | INFO: Extracting primitive: M3_10_gobek.018
19:55:37 | INFO: Primitives created: 1
19:55:37 | INFO: Extracting primitive: M3_10_gobek.019
19:55:37 | INFO: Primitives created: 1
19:55:37 | INFO: Extracting primitive: M3_10_gobek.020
19:55:37 | INFO: Primitives created: 1
19:55:37 | INFO: Extracting primitive: M3_10_gobek.021
19:55:37 | INFO: Primitives created: 1
19:55:37 | INFO: Extracting primitive: M3_10_gobek.022
19:55:37 | INFO: Primitives created: 1
19:55:37 | INFO: Extracting primitive: M3_10_gobek.023
19:55:37 | INFO: Primitives created: 1
19:55:37 | INFO: Extracting primitive: M3_10_kanat.001
19:55:37 | INFO: Primitives created: 1
19:55:37 | INFO: Extracting primitive: M3_10_kasa.002
19:55:37 | INFO: Primitives created: 1
19:55:37 | INFO: Extracting primitive: M3_10_kasa.003
19:55:37 | INFO: Primitives created: 1
19:55:37 | INFO: Extracting primitive: M3_10_mentese
19:55:37 | INFO: Primitives created: 1
19:55:37 | INFO: Extracting primitive: M3_10_mentese.001
19:55:37 | INFO: Primitives created: 1
19:55:37 | INFO: Extracting primitive: M3_10_mentese.002
19:55:37 | INFO: Primitives created: 1
19:55:37 | INFO: Extracting primitive: M3_10_pervaz.004
19:55:37 | INFO: Primitives created: 1
19:55:37 | INFO: Extracting primitive: M3_10_pervaz.005
19:55:37 | INFO: Primitives created: 1
19:55:37 | INFO: Extracting primitive: M3_10_pervaz.006
19:55:37 | INFO: Primitives created: 1
19:55:37 | INFO: Extracting primitive: M3_10_pervaz.007
19:55:37 | INFO: Primitives created: 1
19:55:37 | INFO: Extracting primitive: Sphere.023
19:55:37 | INFO: Primitives created: 1
19:55:37 | INFO: Extracting primitive: Sphere.024
19:55:37 | INFO: Primitives created: 1
19:55:37 | INFO: Extracting primitive: M3_10_topuz_mili
19:55:37 | INFO: Primitives created: 1
19:55:37 | INFO: Extracting primitive: M3_10_topuz_mili.001
19:55:37 | INFO: Primitives created: 1
19:55:37 | INFO: Extracting primitive: M3_10_ust_kasa.001
19:55:37 | INFO: Primitives created: 1
19:55:37 | INFO: Extracting primitive: M3_10_ust_pervaz.002
19:55:37 | INFO: Primitives created: 1
19:55:37 | INFO: Extracting primitive: M3_10_ust_pervaz.003
19:55:37 | INFO: Primitives created: 1
19:55:37 | INFO: Extracting primitive: M3_10_yatay_profil.024
19:55:37 | INFO: Primitives created: 1
19:55:37 | INFO: Extracting primitive: M3_10_yatay_profil.025
19:55:37 | INFO: Primitives created: 1
19:55:37 | INFO: Extracting primitive: M3_10_yatay_profil.026
19:55:37 | INFO: Primitives created: 1
19:55:37 | INFO: Extracting primitive: M3_10_yatay_profil.027
19:55:37 | INFO: Primitives created: 1
19:55:37 | INFO: Extracting primitive: M3_10_yatay_profil.028
19:55:37 | INFO: Primitives created: 1
19:55:37 | INFO: Extracting primitive: M3_10_yatay_profil.029
19:55:37 | INFO: Primitives created: 1
19:55:37 | INFO: Extracting primitive: M3_10_yatay_profil.030
19:55:37 | INFO: Primitives created: 1
19:55:37 | INFO: Extracting primitive: M3_10_yatay_profil.031
19:55:37 | INFO: Primitives created: 1
19:55:37 | INFO: Extracting primitive: M3_10_yatay_profil.032
19:55:37 | INFO: Primitives created: 1
19:55:37 | INFO: Extracting primitive: M3_10_yatay_profil.033
19:55:37 | INFO: Primitives created: 1
19:55:37 | INFO: Extracting primitive: M3_10_yatay_profil.034
19:55:37 | INFO: Primitives created: 1
19:55:37 | INFO: Extracting primitive: M3_10_yatay_profil.035
19:55:37 | INFO: Primitives created: 1
19:55:37 | INFO: Extracting primitive: M3_10_yatay_profil.036
19:55:37 | INFO: Primitives created: 1
19:55:37 | INFO: Extracting primitive: M3_10_yatay_profil.037
19:55:37 | INFO: Primitives created: 1
19:55:37 | INFO: Extracting primitive: M3_10_yatay_profil.038
19:55:37 | INFO: Primitives created: 1
19:55:37 | INFO: Extracting primitive: M3_10_yatay_profil.039
19:55:37 | INFO: Primitives created: 1
19:55:37 | INFO: Extracting primitive: M3_10_yatay_profil.040
19:55:37 | INFO: Primitives created: 1
19:55:37 | INFO: Extracting primitive: M3_10_yatay_profil.041
19:55:37 | INFO: Primitives created: 1
19:55:37 | INFO: Extracting primitive: M3_10_yatay_profil.042
19:55:37 | INFO: Primitives created: 1
19:55:37 | INFO: Extracting primitive: M3_10_yatay_profil.043
19:55:37 | INFO: Primitives created: 1
19:55:37 | INFO: Extracting primitive: M3_10_yatay_profil.044
19:55:37 | INFO: Primitives created: 1
19:55:37 | INFO: Extracting primitive: M3_10_yatay_profil.045
19:55:37 | INFO: Primitives created: 1
19:55:37 | INFO: Extracting primitive: M3_10_yatay_profil.046
19:55:37 | INFO: Primitives created: 1
19:55:37 | INFO: Extracting primitive: M3_10_yatay_profil.047
19:55:37 | INFO: Primitives created: 1
19:55:37 | INFO: Extracting primitive: M3_11_esik_doseme.001
19:55:37 | INFO: Primitives created: 1
19:55:37 | INFO: Extracting primitive: M3_11_kanat.001
19:55:37 | INFO: Primitives created: 1
19:55:37 | INFO: Extracting primitive: M3_11_kasa.002
19:55:37 | INFO: Primitives created: 1
19:55:37 | INFO: Extracting primitive: M3_11_kasa.003
19:55:37 | INFO: Primitives created: 1
19:55:37 | INFO: Extracting primitive: M3_11_kulp
19:55:37 | INFO: Primitives created: 1
19:55:37 | INFO: Extracting primitive: M3_11_kulp.001
19:55:37 | INFO: Primitives created: 1
19:55:37 | INFO: Extracting primitive: M3_11_mentese
19:55:37 | INFO: Primitives created: 1
19:55:37 | INFO: Extracting primitive: M3_11_mentese.001
19:55:37 | INFO: Primitives created: 1
19:55:37 | INFO: Extracting primitive: M3_11_mentese.002
19:55:37 | INFO: Primitives created: 1
19:55:37 | INFO: Extracting primitive: M3_11_pervaz.004
19:55:37 | INFO: Primitives created: 1
19:55:37 | INFO: Extracting primitive: M3_11_pervaz.005
19:55:37 | INFO: Primitives created: 1
19:55:37 | INFO: Extracting primitive: M3_11_pervaz.006
19:55:37 | INFO: Primitives created: 1
19:55:37 | INFO: Extracting primitive: M3_11_pervaz.007
19:55:37 | INFO: Primitives created: 1
19:55:37 | INFO: Extracting primitive: M3_11_ust_kasa.001
19:55:37 | INFO: Primitives created: 1
19:55:37 | INFO: Extracting primitive: M3_11_ust_pervaz.002
19:55:37 | INFO: Primitives created: 1
19:55:37 | INFO: Extracting primitive: M3_11_ust_pervaz.003
19:55:37 | INFO: Primitives created: 1
19:55:37 | INFO: Extracting primitive: M3_12_dik_profil.024
19:55:37 | INFO: Primitives created: 1
19:55:37 | INFO: Extracting primitive: M3_12_dik_profil.025
19:55:37 | INFO: Primitives created: 1
19:55:37 | INFO: Extracting primitive: M3_12_dik_profil.026
19:55:37 | INFO: Primitives created: 1
19:55:37 | INFO: Extracting primitive: M3_12_dik_profil.027
19:55:37 | INFO: Primitives created: 1
19:55:37 | INFO: Extracting primitive: M3_12_dik_profil.028
19:55:37 | INFO: Primitives created: 1
19:55:37 | INFO: Extracting primitive: M3_12_dik_profil.029
19:55:37 | INFO: Primitives created: 1
19:55:37 | INFO: Extracting primitive: M3_12_dik_profil.030
19:55:37 | INFO: Primitives created: 1
19:55:37 | INFO: Extracting primitive: M3_12_dik_profil.031
19:55:37 | INFO: Primitives created: 1
19:55:37 | INFO: Extracting primitive: M3_12_dik_profil.032
19:55:37 | INFO: Primitives created: 1
19:55:37 | INFO: Extracting primitive: M3_12_dik_profil.033
19:55:37 | INFO: Primitives created: 1
19:55:37 | INFO: Extracting primitive: M3_12_dik_profil.034
19:55:37 | INFO: Primitives created: 1
19:55:37 | INFO: Extracting primitive: M3_12_dik_profil.035
19:55:37 | INFO: Primitives created: 1
19:55:37 | INFO: Extracting primitive: M3_12_dik_profil.036
19:55:37 | INFO: Primitives created: 1
19:55:37 | INFO: Extracting primitive: M3_12_dik_profil.037
19:55:37 | INFO: Primitives created: 1
19:55:37 | INFO: Extracting primitive: M3_12_dik_profil.038
19:55:37 | INFO: Primitives created: 1
19:55:37 | INFO: Extracting primitive: M3_12_dik_profil.039
19:55:37 | INFO: Primitives created: 1
19:55:37 | INFO: Extracting primitive: M3_12_dik_profil.040
19:55:37 | INFO: Primitives created: 1
19:55:37 | INFO: Extracting primitive: M3_12_dik_profil.041
19:55:37 | INFO: Primitives created: 1
19:55:37 | INFO: Extracting primitive: M3_12_dik_profil.042
19:55:37 | INFO: Primitives created: 1
19:55:37 | INFO: Extracting primitive: M3_12_dik_profil.043
19:55:37 | INFO: Primitives created: 1
19:55:37 | INFO: Extracting primitive: M3_12_dik_profil.044
19:55:37 | INFO: Primitives created: 1
19:55:37 | INFO: Extracting primitive: M3_12_dik_profil.045
19:55:37 | INFO: Primitives created: 1
19:55:37 | INFO: Extracting primitive: M3_12_dik_profil.046
19:55:37 | INFO: Primitives created: 1
19:55:37 | INFO: Extracting primitive: M3_12_dik_profil.047
19:55:37 | INFO: Primitives created: 1
19:55:37 | INFO: Extracting primitive: M3_12_esik_doseme.001
19:55:37 | INFO: Primitives created: 1
19:55:37 | INFO: Extracting primitive: M3_12_gobek.012
19:55:37 | INFO: Primitives created: 1
19:55:37 | INFO: Extracting primitive: M3_12_gobek.013
19:55:37 | INFO: Primitives created: 1
19:55:37 | INFO: Extracting primitive: M3_12_gobek.014
19:55:37 | INFO: Primitives created: 1
19:55:37 | INFO: Extracting primitive: M3_12_gobek.015
19:55:37 | INFO: Primitives created: 1
19:55:37 | INFO: Extracting primitive: M3_12_gobek.016
19:55:37 | INFO: Primitives created: 1
19:55:37 | INFO: Extracting primitive: M3_12_gobek.017
19:55:37 | INFO: Primitives created: 1
19:55:37 | INFO: Extracting primitive: M3_12_gobek.018
19:55:37 | INFO: Primitives created: 1
19:55:37 | INFO: Extracting primitive: M3_12_gobek.019
19:55:37 | INFO: Primitives created: 1
19:55:37 | INFO: Extracting primitive: M3_12_gobek.020
19:55:37 | INFO: Primitives created: 1
19:55:37 | INFO: Extracting primitive: M3_12_gobek.021
19:55:37 | INFO: Primitives created: 1
19:55:37 | INFO: Extracting primitive: M3_12_gobek.022
19:55:37 | INFO: Primitives created: 1
19:55:37 | INFO: Extracting primitive: M3_12_gobek.023
19:55:37 | INFO: Primitives created: 1
19:55:37 | INFO: Extracting primitive: M3_12_kanat.001
19:55:37 | INFO: Primitives created: 1
19:55:37 | INFO: Extracting primitive: M3_12_kasa.002
19:55:37 | INFO: Primitives created: 1
19:55:37 | INFO: Extracting primitive: M3_12_kasa.003
19:55:37 | INFO: Primitives created: 1
19:55:37 | INFO: Extracting primitive: M3_12_mentese
19:55:37 | INFO: Primitives created: 1
19:55:37 | INFO: Extracting primitive: M3_12_mentese.001
19:55:37 | INFO: Primitives created: 1
19:55:37 | INFO: Extracting primitive: M3_12_mentese.002
19:55:37 | INFO: Primitives created: 1
19:55:37 | INFO: Extracting primitive: M3_12_pervaz.004
19:55:37 | INFO: Primitives created: 1
19:55:37 | INFO: Extracting primitive: M3_12_pervaz.005
19:55:37 | INFO: Primitives created: 1
19:55:37 | INFO: Extracting primitive: M3_12_pervaz.006
19:55:37 | INFO: Primitives created: 1
19:55:37 | INFO: Extracting primitive: M3_12_pervaz.007
19:55:37 | INFO: Primitives created: 1
19:55:37 | INFO: Extracting primitive: Sphere.025
19:55:37 | INFO: Primitives created: 1
19:55:37 | INFO: Extracting primitive: Sphere.026
19:55:37 | INFO: Primitives created: 1
19:55:37 | INFO: Extracting primitive: M3_12_topuz_mili
19:55:37 | INFO: Primitives created: 1
19:55:37 | INFO: Extracting primitive: M3_12_topuz_mili.001
19:55:37 | INFO: Primitives created: 1
19:55:37 | INFO: Extracting primitive: M3_12_ust_kasa.001
19:55:37 | INFO: Primitives created: 1
19:55:37 | INFO: Extracting primitive: M3_12_ust_pervaz.002
19:55:37 | INFO: Primitives created: 1
19:55:37 | INFO: Extracting primitive: M3_12_ust_pervaz.003
19:55:37 | INFO: Primitives created: 1
19:55:37 | INFO: Extracting primitive: M3_12_yatay_profil.024
19:55:37 | INFO: Primitives created: 1
19:55:37 | INFO: Extracting primitive: M3_12_yatay_profil.025
19:55:37 | INFO: Primitives created: 1
19:55:37 | INFO: Extracting primitive: M3_12_yatay_profil.026
19:55:37 | INFO: Primitives created: 1
19:55:37 | INFO: Extracting primitive: M3_12_yatay_profil.027
19:55:37 | INFO: Primitives created: 1
19:55:37 | INFO: Extracting primitive: M3_12_yatay_profil.028
19:55:37 | INFO: Primitives created: 1
19:55:37 | INFO: Extracting primitive: M3_12_yatay_profil.029
19:55:37 | INFO: Primitives created: 1
19:55:37 | INFO: Extracting primitive: M3_12_yatay_profil.030
19:55:37 | INFO: Primitives created: 1
19:55:37 | INFO: Extracting primitive: M3_12_yatay_profil.031
19:55:37 | INFO: Primitives created: 1
19:55:37 | INFO: Extracting primitive: M3_12_yatay_profil.032
19:55:37 | INFO: Primitives created: 1
19:55:37 | INFO: Extracting primitive: M3_12_yatay_profil.033
19:55:37 | INFO: Primitives created: 1
19:55:37 | INFO: Extracting primitive: M3_12_yatay_profil.034
19:55:37 | INFO: Primitives created: 1
19:55:37 | INFO: Extracting primitive: M3_12_yatay_profil.035
19:55:37 | INFO: Primitives created: 1
19:55:37 | INFO: Extracting primitive: M3_12_yatay_profil.036
19:55:37 | INFO: Primitives created: 1
19:55:37 | INFO: Extracting primitive: M3_12_yatay_profil.037
19:55:37 | INFO: Primitives created: 1
19:55:37 | INFO: Extracting primitive: M3_12_yatay_profil.038
19:55:37 | INFO: Primitives created: 1
19:55:37 | INFO: Extracting primitive: M3_12_yatay_profil.039
19:55:37 | INFO: Primitives created: 1
19:55:37 | INFO: Extracting primitive: M3_12_yatay_profil.040
19:55:37 | INFO: Primitives created: 1
19:55:37 | INFO: Extracting primitive: M3_12_yatay_profil.041
19:55:37 | INFO: Primitives created: 1
19:55:37 | INFO: Extracting primitive: M3_12_yatay_profil.042
19:55:37 | INFO: Primitives created: 1
19:55:37 | INFO: Extracting primitive: M3_12_yatay_profil.043
19:55:37 | INFO: Primitives created: 1
19:55:37 | INFO: Extracting primitive: M3_12_yatay_profil.044
19:55:37 | INFO: Primitives created: 1
19:55:37 | INFO: Extracting primitive: M3_12_yatay_profil.045
19:55:37 | INFO: Primitives created: 1
19:55:37 | INFO: Extracting primitive: M3_12_yatay_profil.046
19:55:37 | INFO: Primitives created: 1
19:55:37 | INFO: Extracting primitive: M3_12_yatay_profil.047
19:55:37 | INFO: Primitives created: 1
19:55:37 | INFO: Extracting primitive: M3_13_dik_profil.024
19:55:37 | INFO: Primitives created: 1
19:55:37 | INFO: Extracting primitive: M3_13_dik_profil.025
19:55:37 | INFO: Primitives created: 1
19:55:37 | INFO: Extracting primitive: M3_13_dik_profil.026
19:55:37 | INFO: Primitives created: 1
19:55:37 | INFO: Extracting primitive: M3_13_dik_profil.027
19:55:37 | INFO: Primitives created: 1
19:55:37 | INFO: Extracting primitive: M3_13_dik_profil.028
19:55:37 | INFO: Primitives created: 1
19:55:37 | INFO: Extracting primitive: M3_13_dik_profil.029
19:55:37 | INFO: Primitives created: 1
19:55:37 | INFO: Extracting primitive: M3_13_dik_profil.030
19:55:37 | INFO: Primitives created: 1
19:55:37 | INFO: Extracting primitive: M3_13_dik_profil.031
19:55:37 | INFO: Primitives created: 1
19:55:37 | INFO: Extracting primitive: M3_13_dik_profil.032
19:55:37 | INFO: Primitives created: 1
19:55:37 | INFO: Extracting primitive: M3_13_dik_profil.033
19:55:37 | INFO: Primitives created: 1
19:55:37 | INFO: Extracting primitive: M3_13_dik_profil.034
19:55:37 | INFO: Primitives created: 1
19:55:37 | INFO: Extracting primitive: M3_13_dik_profil.035
19:55:37 | INFO: Primitives created: 1
19:55:37 | INFO: Extracting primitive: M3_13_dik_profil.036
19:55:37 | INFO: Primitives created: 1
19:55:37 | INFO: Extracting primitive: M3_13_dik_profil.037
19:55:37 | INFO: Primitives created: 1
19:55:37 | INFO: Extracting primitive: M3_13_dik_profil.038
19:55:37 | INFO: Primitives created: 1
19:55:37 | INFO: Extracting primitive: M3_13_dik_profil.039
19:55:37 | INFO: Primitives created: 1
19:55:37 | INFO: Extracting primitive: M3_13_dik_profil.040
19:55:37 | INFO: Primitives created: 1
19:55:37 | INFO: Extracting primitive: M3_13_dik_profil.041
19:55:37 | INFO: Primitives created: 1
19:55:37 | INFO: Extracting primitive: M3_13_dik_profil.042
19:55:37 | INFO: Primitives created: 1
19:55:37 | INFO: Extracting primitive: M3_13_dik_profil.043
19:55:37 | INFO: Primitives created: 1
19:55:37 | INFO: Extracting primitive: M3_13_dik_profil.044
19:55:37 | INFO: Primitives created: 1
19:55:37 | INFO: Extracting primitive: M3_13_dik_profil.045
19:55:37 | INFO: Primitives created: 1
19:55:37 | INFO: Extracting primitive: M3_13_dik_profil.046
19:55:37 | INFO: Primitives created: 1
19:55:37 | INFO: Extracting primitive: M3_13_dik_profil.047
19:55:37 | INFO: Primitives created: 1
19:55:37 | INFO: Extracting primitive: M3_13_esik_doseme.001
19:55:37 | INFO: Primitives created: 1
19:55:37 | INFO: Extracting primitive: M3_13_gobek.012
19:55:37 | INFO: Primitives created: 1
19:55:37 | INFO: Extracting primitive: M3_13_gobek.013
19:55:37 | INFO: Primitives created: 1
19:55:37 | INFO: Extracting primitive: M3_13_gobek.014
19:55:37 | INFO: Primitives created: 1
19:55:37 | INFO: Extracting primitive: M3_13_gobek.015
19:55:37 | INFO: Primitives created: 1
19:55:37 | INFO: Extracting primitive: M3_13_gobek.016
19:55:37 | INFO: Primitives created: 1
19:55:37 | INFO: Extracting primitive: M3_13_gobek.017
19:55:37 | INFO: Primitives created: 1
19:55:37 | INFO: Extracting primitive: M3_13_gobek.018
19:55:37 | INFO: Primitives created: 1
19:55:37 | INFO: Extracting primitive: M3_13_gobek.019
19:55:37 | INFO: Primitives created: 1
19:55:37 | INFO: Extracting primitive: M3_13_gobek.020
19:55:37 | INFO: Primitives created: 1
19:55:37 | INFO: Extracting primitive: M3_13_gobek.021
19:55:37 | INFO: Primitives created: 1
19:55:37 | INFO: Extracting primitive: M3_13_gobek.022
19:55:37 | INFO: Primitives created: 1
19:55:37 | INFO: Extracting primitive: M3_13_gobek.023
19:55:37 | INFO: Primitives created: 1
19:55:37 | INFO: Extracting primitive: M3_13_kanat.001
19:55:37 | INFO: Primitives created: 1
19:55:37 | INFO: Extracting primitive: M3_13_kasa.002
19:55:37 | INFO: Primitives created: 1
19:55:37 | INFO: Extracting primitive: M3_13_kasa.003
19:55:37 | INFO: Primitives created: 1
19:55:37 | INFO: Extracting primitive: M3_13_kasa_bini
19:55:37 | INFO: Primitives created: 1
19:55:37 | INFO: Extracting primitive: M3_13_kasa_bini.001
19:55:37 | INFO: Primitives created: 1
19:55:37 | INFO: Extracting primitive: M3_13_kulp.002
19:55:37 | INFO: Primitives created: 1
19:55:37 | INFO: Extracting primitive: M3_13_kulp.003
19:55:37 | INFO: Primitives created: 1
19:55:37 | INFO: Extracting primitive: M3_13_mentese.003
19:55:37 | INFO: Primitives created: 1
19:55:37 | INFO: Extracting primitive: M3_13_mentese.004
19:55:37 | INFO: Primitives created: 1
19:55:37 | INFO: Extracting primitive: M3_13_mentese.005
19:55:37 | INFO: Primitives created: 1
19:55:37 | INFO: Extracting primitive: M3_13_pervaz.004
19:55:37 | INFO: Primitives created: 1
19:55:37 | INFO: Extracting primitive: M3_13_pervaz.005
19:55:37 | INFO: Primitives created: 1
19:55:37 | INFO: Extracting primitive: M3_13_pervaz.006
19:55:37 | INFO: Primitives created: 1
19:55:37 | INFO: Extracting primitive: M3_13_pervaz.007
19:55:37 | INFO: Primitives created: 1
19:55:37 | INFO: Extracting primitive: M3_13_ust_bini
19:55:37 | INFO: Primitives created: 1
19:55:37 | INFO: Extracting primitive: M3_13_ust_kasa.001
19:55:37 | INFO: Primitives created: 1
19:55:37 | INFO: Extracting primitive: M3_13_ust_pervaz.002
19:55:37 | INFO: Primitives created: 1
19:55:37 | INFO: Extracting primitive: M3_13_ust_pervaz.003
19:55:37 | INFO: Primitives created: 1
19:55:37 | INFO: Extracting primitive: M3_13_yatay_profil.024
19:55:37 | INFO: Primitives created: 1
19:55:37 | INFO: Extracting primitive: M3_13_yatay_profil.025
19:55:37 | INFO: Primitives created: 1
19:55:37 | INFO: Extracting primitive: M3_13_yatay_profil.026
19:55:37 | INFO: Primitives created: 1
19:55:37 | INFO: Extracting primitive: M3_13_yatay_profil.027
19:55:37 | INFO: Primitives created: 1
19:55:37 | INFO: Extracting primitive: M3_13_yatay_profil.028
19:55:37 | INFO: Primitives created: 1
19:55:37 | INFO: Extracting primitive: M3_13_yatay_profil.029
19:55:37 | INFO: Primitives created: 1
19:55:37 | INFO: Extracting primitive: M3_13_yatay_profil.030
19:55:37 | INFO: Primitives created: 1
19:55:37 | INFO: Extracting primitive: M3_13_yatay_profil.031
19:55:37 | INFO: Primitives created: 1
19:55:37 | INFO: Extracting primitive: M3_13_yatay_profil.032
19:55:37 | INFO: Primitives created: 1
19:55:37 | INFO: Extracting primitive: M3_13_yatay_profil.033
19:55:37 | INFO: Primitives created: 1
19:55:37 | INFO: Extracting primitive: M3_13_yatay_profil.034
19:55:37 | INFO: Primitives created: 1
19:55:37 | INFO: Extracting primitive: M3_13_yatay_profil.035
19:55:37 | INFO: Primitives created: 1
19:55:37 | INFO: Extracting primitive: M3_13_yatay_profil.036
19:55:37 | INFO: Primitives created: 1
19:55:37 | INFO: Extracting primitive: M3_13_yatay_profil.037
19:55:37 | INFO: Primitives created: 1
19:55:37 | INFO: Extracting primitive: M3_13_yatay_profil.038
19:55:37 | INFO: Primitives created: 1
19:55:37 | INFO: Extracting primitive: M3_13_yatay_profil.039
19:55:37 | INFO: Primitives created: 1
19:55:37 | INFO: Extracting primitive: M3_13_yatay_profil.040
19:55:37 | INFO: Primitives created: 1
19:55:37 | INFO: Extracting primitive: M3_13_yatay_profil.041
19:55:37 | INFO: Primitives created: 1
19:55:37 | INFO: Extracting primitive: M3_13_yatay_profil.042
19:55:37 | INFO: Primitives created: 1
19:55:37 | INFO: Extracting primitive: M3_13_yatay_profil.043
19:55:37 | INFO: Primitives created: 1
19:55:37 | INFO: Extracting primitive: M3_13_yatay_profil.044
19:55:37 | INFO: Primitives created: 1
19:55:37 | INFO: Extracting primitive: M3_13_yatay_profil.045
19:55:37 | INFO: Primitives created: 1
19:55:37 | INFO: Extracting primitive: M3_13_yatay_profil.046
19:55:37 | INFO: Primitives created: 1
19:55:37 | INFO: Extracting primitive: M3_13_yatay_profil.047
19:55:37 | INFO: Primitives created: 1
19:55:37 | INFO: Extracting primitive: M3C_kapi_ustu
19:55:37 | INFO: Primitives created: 1
19:55:37 | INFO: Extracting primitive: M3C_sag_yan
19:55:37 | INFO: Primitives created: 1
19:55:37 | INFO: Extracting primitive: M3C_sol_yan
19:55:37 | INFO: Primitives created: 1
19:55:37 | INFO: Extracting primitive: M3G_Cam_ara_cita.004
19:55:37 | INFO: Primitives created: 1
19:55:37 | INFO: Extracting primitive: M3G_Cam_ara_cita.005
19:55:37 | INFO: Primitives created: 1
19:55:37 | INFO: Extracting primitive: M3G_Cam_ara_cita.006
19:55:37 | INFO: Primitives created: 1
19:55:37 | INFO: Extracting primitive: M3G_Cam_ara_cita.007
19:55:37 | INFO: Primitives created: 1
19:55:37 | INFO: Extracting primitive: M3G_Floral_cam.001
19:55:37 | WARNING: More than one shader node tex image used for a texture. The resulting glTF sampler will behave like the first shader node tex image.
19:55:37 | INFO: Primitives created: 1
19:55:37 | INFO: Extracting primitive: M3G_Kanat_alt.001
19:55:37 | INFO: Primitives created: 1
19:55:37 | INFO: Extracting primitive: M3G_Kanat_dikme.002
19:55:37 | INFO: Primitives created: 1
19:55:37 | INFO: Extracting primitive: M3G_Kanat_dikme.003
19:55:37 | INFO: Primitives created: 1
19:55:37 | INFO: Extracting primitive: M3G_Kanat_ust.001
19:55:37 | INFO: Primitives created: 1
19:55:37 | INFO: Extracting primitive: M3G_Kasa.002
19:55:37 | INFO: Primitives created: 1
19:55:37 | INFO: Extracting primitive: M3G_Kasa.003
19:55:37 | INFO: Primitives created: 1
19:55:37 | INFO: Extracting primitive: M3G_Kol.002
19:55:37 | INFO: Primitives created: 1
19:55:37 | INFO: Extracting primitive: M3G_Kol.003
19:55:37 | INFO: Primitives created: 1
19:55:37 | INFO: Extracting primitive: M3G_Mentese.003
19:55:37 | INFO: Primitives created: 1
19:55:37 | INFO: Extracting primitive: M3G_Mentese.004
19:55:37 | INFO: Primitives created: 1
19:55:37 | INFO: Extracting primitive: M3G_Mentese.005
19:55:37 | INFO: Primitives created: 1
19:55:37 | INFO: Extracting primitive: M3G_Pervaz.004
19:55:37 | INFO: Primitives created: 1
19:55:37 | INFO: Extracting primitive: M3G_Pervaz.005
19:55:37 | INFO: Primitives created: 1
19:55:37 | INFO: Extracting primitive: M3G_Pervaz.006
19:55:37 | INFO: Primitives created: 1
19:55:37 | INFO: Extracting primitive: M3G_Pervaz.007
19:55:37 | INFO: Primitives created: 1
19:55:37 | INFO: Extracting primitive: M3G_Ust_kasa.001
19:55:37 | INFO: Primitives created: 1
19:55:37 | INFO: Extracting primitive: M3G_Ust_pervaz.002
19:55:37 | INFO: Primitives created: 1
19:55:37 | INFO: Extracting primitive: M3G_Ust_pervaz.003
19:55:37 | INFO: Primitives created: 1
19:55:37 | INFO: Extracting primitive: M6_Antre_boru
19:55:37 | INFO: Primitives created: 1
19:55:37 | INFO: Extracting primitive: M6_Antre_boru.001
19:55:37 | INFO: Primitives created: 1
19:55:37 | INFO: Extracting primitive: M6_Antre_dilim_00
19:55:37 | INFO: Primitives created: 1
19:55:37 | INFO: Extracting primitive: M6_Antre_dilim_01
19:55:37 | INFO: Primitives created: 1
19:55:37 | INFO: Extracting primitive: M6_Antre_dilim_02
19:55:37 | INFO: Primitives created: 1
19:55:37 | INFO: Extracting primitive: M6_Antre_dilim_03
19:55:37 | INFO: Primitives created: 1
19:55:37 | INFO: Extracting primitive: M6_Antre_dilim_04
19:55:37 | INFO: Primitives created: 1
19:55:37 | INFO: Extracting primitive: M6_Antre_dilim_05
19:55:37 | INFO: Primitives created: 1
19:55:37 | INFO: Extracting primitive: M6_Antre_dilim_06
19:55:37 | INFO: Primitives created: 1
19:55:37 | INFO: Extracting primitive: M6_Antre_dilim_07
19:55:37 | INFO: Primitives created: 1
19:55:37 | INFO: Extracting primitive: M6_Antre_dilim_08
19:55:37 | INFO: Primitives created: 1
19:55:37 | INFO: Extracting primitive: M6_Antre_dilim_09
19:55:37 | INFO: Primitives created: 1
19:55:37 | INFO: Extracting primitive: M6_Antre_duvar_askisi
19:55:37 | INFO: Primitives created: 1
19:55:37 | INFO: Extracting primitive: M6_Antre_duvar_askisi.001
19:55:37 | INFO: Primitives created: 1
19:55:37 | INFO: Extracting primitive: M6_Antre_duvar_askisi.002
19:55:37 | INFO: Primitives created: 1
19:55:37 | INFO: Extracting primitive: M6_Antre_duvar_askisi.003
19:55:37 | INFO: Primitives created: 1
19:55:37 | INFO: Extracting primitive: M6_Antre_kollektor
19:55:37 | INFO: Primitives created: 1
19:55:37 | INFO: Extracting primitive: M6_Antre_kollektor.001
19:55:37 | INFO: Primitives created: 1
19:55:37 | INFO: Extracting primitive: M6_Antre_vana
19:55:37 | INFO: Primitives created: 1
19:55:37 | INFO: Extracting primitive: M6_Antre_vana.001
19:55:37 | INFO: Primitives created: 1
19:55:40 | INFO: Finished glTF 2.0 export in 17.62406587600708 s

Info: Saved as "ekler-calisma.blend"
[tur10] A05 nesne 2204 ucgen 433051 {'fotolar': [18, 29, 34, 40, 42, 21, 47], 'normal_gucu': 0.15, 'not': 'Büyük mimari yüzleri silme maskesinden koru; yuvarlak duvar lambaları; fotoğraf tahta atlası.'}
Blender 5.2.1 LTS (hash 9e2066aef7ef built 2026-08-25 02:38:20)

Blender quit
