21:36:43 | INFO: Data are loaded, start creating Blender stuff
21:36:43 | INFO: Blender create Mesh node Mesh_15183.008
21:36:43 | INFO: Blender create Mesh node Mesh_3020.001
21:36:43 | INFO: Blender create Mesh node Mesh_15183.003
21:36:43 | INFO: Blender create Mesh node Mesh_11.004
21:36:43 | INFO: Blender create Mesh node antique_wood (2) | interior-common.118
21:36:43 | INFO: Blender create Mesh node Mesh_3020.004
21:36:43 | INFO: Blender create Mesh node Cube.001
21:36:43 | INFO: Blender create Mesh node Mesh_3020.009
21:36:44 | INFO: Blender create Mesh node Mesh_15183.114
21:36:44 | INFO: Blender create Mesh node Cube.003
21:36:44 | INFO: Blender create Mesh node Mesh_93.005
21:36:46 | INFO: Blender create Mesh node Mesh_3020.002
21:36:46 | INFO: Blender create Mesh node Mesh_242
21:36:46 | INFO: Blender create Mesh node Mesh_11.003
21:36:46 | INFO: Blender create Mesh node Mesh_11.001
21:36:46 | INFO: Blender create Mesh node Mesh_15183.002
21:36:46 | INFO: Blender create Mesh node Mesh_15183.104
21:36:46 | INFO: Blender create Mesh node Mesh_15183.109
21:36:46 | INFO: Blender create Mesh node Mesh_97
21:36:46 | INFO: Blender create Mesh node Mesh_15183.103
21:36:46 | INFO: Blender create Mesh node Mesh_15183.107
21:36:46 | INFO: Blender create Mesh node Mesh_15183.108
21:36:46 | INFO: Blender create Mesh node Mesh_15183.099
21:36:46 | INFO: Blender create Mesh node Mesh_15183.100
21:36:46 | INFO: Blender create Mesh node Mesh_15183.001
21:36:46 | INFO: glTF import finished in 3.40s
21:36:46 | INFO: Data are loaded, start creating Blender stuff
21:36:46 | INFO: Blender create Mesh node antique_wood (2) | interior-common.087
21:36:46 | INFO: Blender create Mesh node antique_wood (2) | interior-common.017
21:36:46 | INFO: Blender create Mesh node antique_wood (2) | interior-common.013
21:36:46 | INFO: Blender create Mesh node antique_wood (2) | interior-common.043
21:36:46 | INFO: Blender create Mesh node antique_wood (2) | interior-common.001
21:36:46 | INFO: Blender create Mesh node antique_wood (2) | interior-common.016
21:36:46 | INFO: Blender create Mesh node antique_wood (2) | interior-common.084
21:36:46 | INFO: Blender create Mesh node antique_wood (2) | interior-common.060
21:36:46 | INFO: Blender create Mesh node antique_wood (2) | interior-common.058
21:36:46 | INFO: Blender create Mesh node antique_wood (2) | interior-common.067
21:36:47 | INFO: Blender create Mesh node antique_wood (2) | interior-common.140
21:36:47 | INFO: Blender create Mesh node antique_wood (2) | interior-common.094
21:36:47 | INFO: Blender create Mesh node antique_wood (2) | interior-common.047
21:36:47 | INFO: Blender create Mesh node antique_wood (2) | interior-common.065
21:36:47 | INFO: Blender create Mesh node antique_wood (2) | interior-common.073
21:36:48 | INFO: Blender create Mesh node antique_wood (2) | interior-common.019
21:36:48 | INFO: Blender create Mesh node antique_wood (2) | interior-common.049
21:36:48 | INFO: Blender create Mesh node antique_wood (2) | interior-common.100
21:36:48 | INFO: Blender create Mesh node antique_wood (2) | interior-common.120
21:36:48 | INFO: Blender create Mesh node antique_wood (2) | interior-common.110
21:36:48 | INFO: Blender create Mesh node antique_wood (2) | interior-common.116
21:36:48 | INFO: glTF import finished in 1.60s
21:36:48 | INFO: Data are loaded, start creating Blender stuff
21:36:48 | INFO: Blender create Mesh node A04_F18_34_sarkit
21:36:48 | INFO: Blender create Mesh node A04_F18_34_zincir_halka
21:36:48 | INFO: Blender create Mesh node A04_F18_34_zincir_halka.001
21:36:48 | INFO: Blender create Mesh node A04_F18_34_zincir_halka.002
21:36:48 | INFO: Blender create Mesh node A04_F18_34_zincir_halka.003
21:36:48 | INFO: Blender create Mesh node A04_F18_34_zincir_halka.004
21:36:48 | INFO: Blender create Mesh node A04_F18_34_zincir_halka.005
21:36:48 | INFO: Blender create Mesh node A04_F18_34_zincir_halka.006
21:36:48 | INFO: Blender create Mesh node A04_F18_34_zincir_halka.007
21:36:48 | INFO: Blender create Mesh node A04_F18_34_zincir_halka.008
21:36:48 | INFO: Blender create Mesh node A04_F18_34_zincir_halka.009
21:36:48 | INFO: Blender create Mesh node A04_F18_34_zincir_halka.010
21:36:48 | INFO: Blender create Mesh node A04_F18_34_zincir_halka.011
21:36:48 | INFO: Blender create Mesh node A04_F18_34_zincir_halka.012
21:36:48 | INFO: Blender create Mesh node A04_F18_34_zincir_halka.013
21:36:48 | INFO: Blender create Mesh node A04_F18_34_zincir_halka.014
21:36:48 | INFO: Blender create Mesh node A04_F18_34_zincir_halka.015
21:36:48 | INFO: Blender create Mesh node A04_F18_34_zincir_halka.016
21:36:48 | INFO: Blender create Mesh node A04_F18_34_zincir_halka.017
21:36:48 | INFO: Blender create Mesh node A04_F18_34_zincir_halka.018
21:36:48 | INFO: Blender create Mesh node A04_F18_34_zincir_halka.019
21:36:48 | INFO: Blender create Mesh node A04_F18_34_zincir_halka.020
21:36:48 | INFO: Blender create Mesh node A04_F18_34_zincir_halka.021
21:36:48 | INFO: Blender create Mesh node A04_F18_34_zincir_halka.022
21:36:48 | INFO: Blender create Mesh node A04_F18_34_zincir_halka.023
21:36:48 | INFO: Blender create Mesh node A04_F18_34_zincir_halka.024
21:36:48 | INFO: Blender create Mesh node A04_F18_34_zincir_halka.025
21:36:48 | INFO: Blender create Mesh node A04_F18_34_zincir_halka.026
21:36:48 | INFO: Blender create Mesh node A04_F18_34_zincir_halka.027
21:36:48 | INFO: Blender create Mesh node A04_F18_34_zincir_halka.028
21:36:48 | INFO: Blender create Mesh node A04_F18_34_zincir_halka.029
21:36:48 | INFO: Blender create Mesh node A04_F18_34_zincir_halka.030
21:36:48 | INFO: Blender create Mesh node A04_F18_34_zincir_halka.031
21:36:48 | INFO: Blender create Mesh node A04_F18_34_zincir_halka.032
21:36:48 | INFO: Blender create Mesh node A04_F18_34_zincir_halka.033
21:36:48 | INFO: Blender create Mesh node A04_F18_34_zincir_halka.034
21:36:48 | INFO: Blender create Mesh node A04_F18_34_zincir_halka.035
21:36:48 | INFO: Blender create Mesh node A04_F18_34_zincir_halka.036
21:36:48 | INFO: Blender create Mesh node A04_F18_34_zincir_halka.037
21:36:48 | INFO: Blender create Mesh node A04_F18_34_zincir_halka.038
21:36:48 | INFO: Blender create Mesh node A04_F18_34_zincir_halka.039
21:36:48 | INFO: Blender create Mesh node A04_F18_34_zincir_halka.040
21:36:48 | INFO: Blender create Mesh node A04_F18_34_zincir_halka.041
21:36:48 | INFO: Blender create Mesh node A04_F18_34_zincir_halka.042
21:36:48 | INFO: Blender create Mesh node A04_F18_34_zincir_halka.043
21:36:48 | INFO: Blender create Mesh node A04_F18_34_zincir_halka.044
21:36:48 | INFO: Blender create Mesh node A04_F18_34_zincir_halka.045
21:36:48 | INFO: Blender create Mesh node A04_F18_34_zincir_halka.046
21:36:48 | INFO: Blender create Mesh node A04_F18_34_zincir_halka.047
21:36:48 | INFO: Blender create Mesh node A04_F18_34_zincir_halka.048
21:36:48 | INFO: Blender create Mesh node A04_F18_34_zincir_halka.049
21:36:48 | INFO: Blender create Mesh node A04_F18_34_zincir_halka.050
21:36:48 | INFO: Blender create Mesh node A04_F18_34_zincir_halka.051
21:36:48 | INFO: Blender create Mesh node A04_F18_34_zincir_halka.052
21:36:48 | INFO: Blender create Mesh node A04_F18_34_zincir_halka.053
21:36:48 | INFO: Blender create Mesh node A04_F18_34_zincir_halka.054
21:36:48 | INFO: Blender create Mesh node A04_F18_34_zincir_halka.055
21:36:48 | INFO: Blender create Mesh node A04_F18_34_zincir_halka.056
21:36:48 | INFO: Blender create Mesh node A04_F18_34_zincir_halka.057
21:36:48 | INFO: Blender create Mesh node A04_F18_34_zincir_halka.058
21:36:48 | INFO: Blender create Mesh node A04_F18_34_zincir_halka.059
21:36:48 | INFO: Blender create Mesh node A04_F18_34_zincir_halka.060
21:36:48 | INFO: Blender create Mesh node A04_F18_34_zincir_halka.061
21:36:48 | INFO: Blender create Mesh node A04_F18_34_zincir_halka.062
21:36:48 | INFO: Blender create Mesh node A04_F18_34_zincir_halka.063
21:36:48 | INFO: Blender create Mesh node A04_F18_34_zincir_halka.064
21:36:48 | INFO: Blender create Mesh node A04_F18_34_zincir_halka.065
21:36:48 | INFO: Blender create Mesh node A04_F18_34_zincir_halka.066
21:36:48 | INFO: Blender create Mesh node A04_F18_34_zincir_halka.067
21:36:48 | INFO: Blender create Mesh node A04_F18_34_zincir_halka.068
21:36:48 | INFO: Blender create Mesh node A04_F18_34_zincir_halka.069
21:36:48 | INFO: Blender create Mesh node A04_F18_34_zincir_halka.070
21:36:48 | INFO: Blender create Mesh node A04_F18_34_zincir_halka.071
21:36:48 | INFO: Blender create Mesh node A04_F18_34_zincir_halka.072
21:36:48 | INFO: Blender create Mesh node A04_F18_34_zincir_halka.073
21:36:48 | INFO: Blender create Mesh node A04_F18_34_zincir_halka.074
21:36:48 | INFO: Blender create Mesh node A04_F18_34_zincir_halka.075
21:36:48 | INFO: Blender create Mesh node A04_F18_34_zincir_halka.076
21:36:48 | INFO: Blender create Mesh node A04_F18_34_zincir_halka.077
21:36:48 | INFO: Blender create Mesh node A04_F18_34_zincir_tavan
21:36:48 | INFO: Blender create Mesh node A04_F18_alt_aplik_cam
21:36:48 | INFO: Blender create Mesh node A04_F18_alt_aplik_kol
21:36:48 | INFO: Blender create Mesh node A04_F18_alt_aplik_rozet
21:36:48 | INFO: Blender create Mesh node A04_F18_plafonyer_opal
21:36:48 | INFO: Blender create Mesh node A04_F18_plafonyer_rozet
21:36:48 | INFO: Blender create Mesh node A04_F18_plafonyer_topuz
21:36:48 | INFO: Blender create Mesh node A04_F18_ust_aplik_cam
21:36:48 | INFO: Blender create Mesh node A04_F18_ust_aplik_kol
21:36:48 | INFO: Blender create Mesh node A04_F18_ust_aplik_rozet
21:36:48 | INFO: Blender create Mesh node A04_F29_sol_kiris
21:36:48 | INFO: Blender create Mesh node A04_F29_spot_0
21:36:48 | INFO: Blender create Mesh node A04_F29_spot_1
21:36:48 | INFO: Blender create Mesh node A04_F40_plafonyer_opal
21:36:48 | INFO: Blender create Mesh node A04_F40_plafonyer_rozet
21:36:48 | INFO: Blender create Mesh node A04_F40_plafonyer_topuz
21:36:48 | INFO: Blender create Mesh node A04_K01_esik_kapagi
21:36:48 | INFO: Blender create Mesh node A04_K01_kasa_ic_kaplama
21:36:48 | INFO: Blender create Mesh node A04_K01_kasa_ic_kaplama.001
21:36:48 | INFO: Blender create Mesh node A04_K01_kasa_ust_kaplama
21:36:48 | INFO: Blender create Mesh node A04_K02_esik_kapagi
21:36:48 | INFO: Blender create Mesh node A04_K02_kasa_ic_kaplama
21:36:48 | INFO: Blender create Mesh node A04_K02_kasa_ic_kaplama.001
21:36:48 | INFO: Blender create Mesh node A04_K02_kasa_ust_kaplama
21:36:48 | INFO: Blender create Mesh node A04_K03_esik_kapagi
21:36:48 | INFO: Blender create Mesh node A04_K03_kasa_ic_kaplama
21:36:48 | INFO: Blender create Mesh node A04_K03_kasa_ic_kaplama.001
21:36:48 | INFO: Blender create Mesh node A04_K03_kasa_ust_kaplama
21:36:48 | INFO: Blender create Mesh node A04_K04_esik_kapagi
21:36:48 | INFO: Blender create Mesh node A04_K04_kasa_ic_kaplama
21:36:48 | INFO: Blender create Mesh node A04_K04_kasa_ic_kaplama.001
21:36:48 | INFO: Blender create Mesh node A04_K04_kasa_ust_kaplama
21:36:48 | INFO: Blender create Mesh node A04_K05_esik_kapagi
21:36:48 | INFO: Blender create Mesh node A04_K05_kasa_ic_kaplama
21:36:48 | INFO: Blender create Mesh node A04_K05_kasa_ic_kaplama.001
21:36:48 | INFO: Blender create Mesh node A04_K05_kasa_ust_kaplama
21:36:48 | INFO: Blender create Mesh node A04_K06_esik_kapagi
21:36:48 | INFO: Blender create Mesh node A04_K06_kasa_ic_kaplama
21:36:48 | INFO: Blender create Mesh node A04_K06_kasa_ic_kaplama.001
21:36:48 | INFO: Blender create Mesh node A04_K06_kasa_ust_kaplama
21:36:48 | INFO: Blender create Mesh node A04_K07_esik_kapagi
21:36:48 | INFO: Blender create Mesh node A04_K07_kasa_ic_kaplama
21:36:48 | INFO: Blender create Mesh node A04_K07_kasa_ic_kaplama.001
21:36:48 | INFO: Blender create Mesh node A04_K07_kasa_ust_kaplama
21:36:48 | INFO: Blender create Mesh node A04_K08_esik_kapagi
21:36:48 | INFO: Blender create Mesh node A04_K08_kasa_ic_kaplama
21:36:48 | INFO: Blender create Mesh node A04_K08_kasa_ic_kaplama.001
21:36:48 | INFO: Blender create Mesh node A04_K08_kasa_ust_kaplama
21:36:48 | INFO: Blender create Mesh node A04_K09_esik_kapagi
21:36:48 | INFO: Blender create Mesh node A04_K09_kasa_ic_kaplama
21:36:48 | INFO: Blender create Mesh node A04_K09_kasa_ic_kaplama.001
21:36:48 | INFO: Blender create Mesh node A04_K09_kasa_ust_kaplama
21:36:48 | INFO: Blender create Mesh node A04_K10_esik_kapagi
21:36:48 | INFO: Blender create Mesh node A04_K10_kasa_ic_kaplama
21:36:48 | INFO: Blender create Mesh node A04_K10_kasa_ic_kaplama.001
21:36:48 | INFO: Blender create Mesh node A04_K10_kasa_ust_kaplama
21:36:48 | INFO: Blender create Mesh node A04_K11_esik_kapagi
21:36:48 | INFO: Blender create Mesh node A04_K11_kasa_ic_kaplama
21:36:48 | INFO: Blender create Mesh node A04_K11_kasa_ic_kaplama.001
21:36:48 | INFO: Blender create Mesh node A04_K11_kasa_ust_kaplama
21:36:48 | INFO: Blender create Mesh node A04_K12_esik_kapagi
21:36:49 | INFO: Blender create Mesh node A04_K12_kasa_ic_kaplama
21:36:49 | INFO: Blender create Mesh node A04_K12_kasa_ic_kaplama.001
21:36:49 | INFO: Blender create Mesh node A04_K12_kasa_ust_kaplama
21:36:49 | INFO: Blender create Mesh node A04_K13_esik_kapagi
21:36:49 | INFO: Blender create Mesh node A04_K13_kasa_ic_kaplama
21:36:49 | INFO: Blender create Mesh node A04_K13_kasa_ic_kaplama.001
21:36:49 | INFO: Blender create Mesh node A04_K13_kasa_ust_kaplama
21:36:49 | INFO: Blender create Mesh node A05_F42_yuvarlak_1
21:36:49 | INFO: Blender create Mesh node A05_F42_yuvarlak_2
21:36:49 | INFO: Blender create Mesh node A05_F42_yuvarlak_3
21:36:49 | INFO: Blender create Mesh node A05_kartonpiyer_birlesik
21:36:49 | INFO: Blender create Mesh node M1_supurgelik_001
21:36:49 | INFO: Blender create Mesh node M1_supurgelik_002
21:36:49 | INFO: Blender create Mesh node M1_supurgelik_003
21:36:49 | INFO: Blender create Mesh node M1_supurgelik_004
21:36:49 | INFO: Blender create Mesh node M1_supurgelik_005
21:36:49 | INFO: Blender create Mesh node M1_supurgelik_006
21:36:49 | INFO: Blender create Mesh node M1_supurgelik_007
21:36:49 | INFO: Blender create Mesh node M1_supurgelik_008
21:36:49 | INFO: Blender create Mesh node M1_supurgelik_009
21:36:49 | INFO: Blender create Mesh node M1_supurgelik_010
21:36:49 | INFO: Blender create Mesh node M1_supurgelik_011
21:36:49 | INFO: Blender create Mesh node M1_supurgelik_012
21:36:49 | INFO: Blender create Mesh node M1_supurgelik_013
21:36:49 | INFO: Blender create Mesh node M1_supurgelik_014
21:36:49 | INFO: Blender create Mesh node M1_supurgelik_015
21:36:49 | INFO: Blender create Mesh node M1_supurgelik_016
21:36:49 | INFO: Blender create Mesh node M1_supurgelik_017
21:36:49 | INFO: Blender create Mesh node M1_supurgelik_018
21:36:49 | INFO: Blender create Mesh node M1_supurgelik_019
21:36:49 | INFO: Blender create Mesh node M1_supurgelik_020
21:36:49 | INFO: Blender create Mesh node M1_supurgelik_021
21:36:49 | INFO: Blender create Mesh node M1_supurgelik_022
21:36:49 | INFO: Blender create Mesh node M1_supurgelik_023
21:36:49 | INFO: Blender create Mesh node M1_supurgelik_024
21:36:49 | INFO: Blender create Mesh node M1_supurgelik_025
21:36:49 | INFO: Blender create Mesh node M1_supurgelik_026
21:36:49 | INFO: Blender create Mesh node M1_supurgelik_027
21:36:49 | INFO: Blender create Mesh node M1_supurgelik_028
21:36:49 | INFO: Blender create Mesh node M1_supurgelik_029
21:36:49 | INFO: Blender create Mesh node M1_supurgelik_030
21:36:49 | INFO: Blender create Mesh node M1_supurgelik_031
21:36:49 | INFO: Blender create Mesh node M1_supurgelik_032
21:36:49 | INFO: Blender create Mesh node M1_supurgelik_033
21:36:49 | INFO: Blender create Mesh node M1_supurgelik_034
21:36:49 | INFO: Blender create Mesh node M1_supurgelik_035
21:36:49 | INFO: Blender create Mesh node M1_supurgelik_036
21:36:49 | INFO: Blender create Mesh node M1_supurgelik_037
21:36:49 | INFO: Blender create Mesh node M1_supurgelik_038
21:36:49 | INFO: Blender create Mesh node M1_supurgelik_039
21:36:49 | INFO: Blender create Mesh node M1_supurgelik_040
21:36:49 | INFO: Blender create Mesh node M1_supurgelik_041
21:36:49 | INFO: Blender create Mesh node M1_supurgelik_042
21:36:49 | INFO: Blender create Mesh node M1_supurgelik_043
21:36:49 | INFO: Blender create Mesh node M1_supurgelik_044
21:36:49 | INFO: Blender create Mesh node M1_supurgelik_045
21:36:49 | INFO: Blender create Mesh node M1_supurgelik_046
21:36:49 | INFO: Blender create Mesh node M1_supurgelik_047
21:36:49 | INFO: Blender create Mesh node M1_supurgelik_048
21:36:49 | INFO: Blender create Mesh node M1_supurgelik_049
21:36:49 | INFO: Blender create Mesh node M1_supurgelik_050
21:36:49 | INFO: Blender create Mesh node M1_supurgelik_051
21:36:49 | INFO: Blender create Mesh node M1_supurgelik_052
21:36:49 | INFO: Blender create Mesh node M1_supurgelik_053
21:36:49 | INFO: Blender create Mesh node M1_supurgelik_054
21:36:49 | INFO: Blender create Mesh node M1_supurgelik_055
21:36:49 | INFO: Blender create Mesh node M1_supurgelik_056
21:36:49 | INFO: Blender create Mesh node M1_supurgelik_057
21:36:49 | INFO: Blender create Mesh node M1_supurgelik_058
21:36:49 | INFO: Blender create Mesh node M1_supurgelik_059
21:36:49 | INFO: Blender create Mesh node M1_supurgelik_060
21:36:49 | INFO: Blender create Mesh node M1_supurgelik_061
21:36:49 | INFO: Blender create Mesh node M1_supurgelik_062
21:36:49 | INFO: Blender create Mesh node M1_supurgelik_063
21:36:49 | INFO: Blender create Mesh node M1_supurgelik_064
21:36:49 | INFO: Blender create Mesh node M1_supurgelik_065
21:36:49 | INFO: Blender create Mesh node M1_supurgelik_066
21:36:49 | INFO: Blender create Mesh node M1_supurgelik_067
21:36:49 | INFO: Blender create Mesh node M1_supurgelik_068
21:36:49 | INFO: Blender create Mesh node M1_supurgelik_069
21:36:49 | INFO: Blender create Mesh node M1_supurgelik_070
21:36:49 | INFO: Blender create Mesh node M1_supurgelik_071
21:36:49 | INFO: Blender create Mesh node M1_supurgelik_072
21:36:49 | INFO: Blender create Mesh node M1_supurgelik_073
21:36:49 | INFO: Blender create Mesh node M1_supurgelik_074
21:36:49 | INFO: Blender create Mesh node M1_supurgelik_075
21:36:49 | INFO: Blender create Mesh node M1_supurgelik_076
21:36:49 | INFO: Blender create Mesh node M1_supurgelik_077
21:36:49 | INFO: Blender create Mesh node M1_supurgelik_078
21:36:49 | INFO: Blender create Mesh node M1_supurgelik_079
21:36:49 | INFO: Blender create Mesh node M1_supurgelik_080
21:36:49 | INFO: Blender create Mesh node M1_supurgelik_081
21:36:49 | INFO: Blender create Mesh node M1_supurgelik_082
21:36:49 | INFO: Blender create Mesh node M1_supurgelik_083
21:36:49 | INFO: Blender create Mesh node M1_supurgelik_084
21:36:49 | INFO: Blender create Mesh node M1_supurgelik_085
21:36:49 | INFO: Blender create Mesh node M1_supurgelik_086
21:36:49 | INFO: Blender create Mesh node M1_supurgelik_087
21:36:49 | INFO: Blender create Mesh node M1_supurgelik_088
21:36:49 | INFO: Blender create Mesh node M1_supurgelik_089
21:36:49 | INFO: Blender create Mesh node M1_supurgelik_090
21:36:49 | INFO: Blender create Mesh node M1_supurgelik_091
21:36:49 | INFO: Blender create Mesh node M1_supurgelik_092
21:36:49 | INFO: Blender create Mesh node M1_supurgelik_093
21:36:49 | INFO: Blender create Mesh node M1_supurgelik_094
21:36:49 | INFO: Blender create Mesh node M1_supurgelik_095
21:36:49 | INFO: Blender create Mesh node M1_supurgelik_096
21:36:49 | INFO: Blender create Mesh node M1_supurgelik_097
21:36:49 | INFO: Blender create Mesh node M1_supurgelik_098
21:36:49 | INFO: Blender create Mesh node M1_supurgelik_099
21:36:49 | INFO: Blender create Mesh node M1_supurgelik_100
21:36:49 | INFO: Blender create Mesh node M1_supurgelik_101
21:36:49 | INFO: Blender create Mesh node M1_supurgelik_102
21:36:49 | INFO: Blender create Mesh node M1_supurgelik_103
21:36:49 | INFO: Blender create Mesh node M1_supurgelik_104
21:36:49 | INFO: Blender create Mesh node M1_supurgelik_105
21:36:49 | INFO: Blender create Mesh node M1_supurgelik_106
21:36:49 | INFO: Blender create Mesh node M1_supurgelik_107
21:36:49 | INFO: Blender create Mesh node M1_supurgelik_108
21:36:49 | INFO: Blender create Mesh node M1_supurgelik_109
21:36:49 | INFO: Blender create Mesh node M1_supurgelik_110
21:36:49 | INFO: Blender create Mesh node M1_supurgelik_111
21:36:49 | INFO: Blender create Mesh node M1_supurgelik_112
21:36:49 | INFO: Blender create Mesh node M1_supurgelik_113
21:36:49 | INFO: Blender create Mesh node M1_supurgelik_114
21:36:49 | INFO: Blender create Mesh node M1_supurgelik_115
21:36:49 | INFO: Blender create Mesh node M1_supurgelik_116
21:36:49 | INFO: Blender create Mesh node M1_supurgelik_117
21:36:49 | INFO: Blender create Mesh node M1_supurgelik_118
21:36:49 | INFO: Blender create Mesh node M1_supurgelik_119
21:36:49 | INFO: Blender create Mesh node M1_supurgelik_120
21:36:49 | INFO: Blender create Mesh node M1_supurgelik_121
21:36:49 | INFO: Blender create Mesh node M1_supurgelik_122
21:36:49 | INFO: Blender create Mesh node M1_supurgelik_123
21:36:49 | INFO: Blender create Mesh node M1_supurgelik_124
21:36:49 | INFO: Blender create Mesh node M1_supurgelik_125
21:36:49 | INFO: Blender create Mesh node M1_supurgelik_126
21:36:49 | INFO: Blender create Mesh node M1_supurgelik_127
21:36:49 | INFO: Blender create Mesh node M1_supurgelik_128
21:36:49 | INFO: Blender create Mesh node M1_supurgelik_129
21:36:49 | INFO: Blender create Mesh node M1_supurgelik_130
21:36:49 | INFO: Blender create Mesh node M1_supurgelik_131
21:36:49 | INFO: Blender create Mesh node M1_supurgelik_132
21:36:49 | INFO: Blender create Mesh node M1_supurgelik_133
21:36:49 | INFO: Blender create Mesh node M1_supurgelik_134
21:36:49 | INFO: Blender create Mesh node M1_supurgelik_135
21:36:49 | INFO: Blender create Mesh node M1_supurgelik_136
21:36:49 | INFO: Blender create Mesh node M1_supurgelik_137
21:36:49 | INFO: Blender create Mesh node M1_supurgelik_138
21:36:49 | INFO: Blender create Mesh node M1_supurgelik_139
21:36:49 | INFO: Blender create Mesh node M1_supurgelik_140
21:36:49 | INFO: Blender create Mesh node M1_supurgelik_141
21:36:49 | INFO: Blender create Mesh node M1_supurgelik_142
21:36:49 | INFO: Blender create Mesh node M1_supurgelik_143
21:36:49 | INFO: Blender create Mesh node M1_supurgelik_144
21:36:49 | INFO: Blender create Mesh node M1_supurgelik_145
21:36:49 | INFO: Blender create Mesh node M1_supurgelik_146
21:36:49 | INFO: Blender create Mesh node M1_supurgelik_147
21:36:49 | INFO: Blender create Mesh node M1_supurgelik_148
21:36:49 | INFO: Blender create Mesh node M1_supurgelik_149
21:36:49 | INFO: Blender create Mesh node M1_supurgelik_150
21:36:49 | INFO: Blender create Mesh node M1_supurgelik_151
21:36:49 | INFO: Blender create Mesh node M1_supurgelik_152
21:36:49 | INFO: Blender create Mesh node M1_supurgelik_153
21:36:49 | INFO: Blender create Mesh node M1_supurgelik_154
21:36:49 | INFO: Blender create Mesh node M1_supurgelik_155
21:36:49 | INFO: Blender create Mesh node M1_supurgelik_156
21:36:49 | INFO: Blender create Mesh node M1_supurgelik_157
21:36:49 | INFO: Blender create Mesh node M1_supurgelik_158
21:36:49 | INFO: Blender create Mesh node M1_supurgelik_159
21:36:49 | INFO: Blender create Mesh node M1_supurgelik_160
21:36:49 | INFO: Blender create Mesh node M1_supurgelik_161
21:36:49 | INFO: Blender create Mesh node M1_supurgelik_162
21:36:49 | INFO: Blender create Mesh node M1_supurgelik_163
21:36:49 | INFO: Blender create Mesh node M1_supurgelik_164
21:36:49 | INFO: Blender create Mesh node M1_supurgelik_165
21:36:49 | INFO: Blender create Mesh node M1_supurgelik_166
21:36:49 | INFO: Blender create Mesh node M1_supurgelik_167
21:36:49 | INFO: Blender create Mesh node M1_supurgelik_168
21:36:49 | INFO: Blender create Mesh node M1_supurgelik_169
21:36:49 | INFO: Blender create Mesh node M1_supurgelik_170
21:36:49 | INFO: Blender create Mesh node M1_supurgelik_171
21:36:49 | INFO: Blender create Mesh node M1_supurgelik_172
21:36:49 | INFO: Blender create Mesh node M1_supurgelik_173
21:36:49 | INFO: Blender create Mesh node M1_supurgelik_174
21:36:49 | INFO: Blender create Mesh node M1_supurgelik_175
21:36:49 | INFO: Blender create Mesh node M1_supurgelik_176
21:36:49 | INFO: Blender create Mesh node M1_supurgelik_177
21:36:49 | INFO: Blender create Mesh node M1_supurgelik_178
21:36:49 | INFO: Blender create Mesh node M1_supurgelik_179
21:36:49 | INFO: Blender create Mesh node M1_supurgelik_180
21:36:49 | INFO: Blender create Mesh node M1_supurgelik_181
21:36:49 | INFO: Blender create Mesh node M1_supurgelik_182
21:36:49 | INFO: Blender create Mesh node M1_supurgelik_183
21:36:49 | INFO: Blender create Mesh node M1_supurgelik_184
21:36:49 | INFO: Blender create Mesh node M1_supurgelik_185
21:36:49 | INFO: Blender create Mesh node M1_supurgelik_186
21:36:49 | INFO: Blender create Mesh node M1_supurgelik_187
21:36:49 | INFO: Blender create Mesh node M1_supurgelik_188
21:36:49 | INFO: Blender create Mesh node M1_supurgelik_189
21:36:49 | INFO: Blender create Mesh node M1_supurgelik_190
21:36:49 | INFO: Blender create Mesh node M1_supurgelik_191
21:36:49 | INFO: Blender create Mesh node M1_supurgelik_192
21:36:49 | INFO: Blender create Mesh node M1_supurgelik_193
21:36:49 | INFO: Blender create Mesh node M1_supurgelik_194
21:36:49 | INFO: Blender create Mesh node M1_supurgelik_195
21:36:49 | INFO: Blender create Mesh node M1_supurgelik_196
21:36:49 | INFO: Blender create Mesh node M1_supurgelik_197
21:36:49 | INFO: Blender create Mesh node M1_supurgelik_198
21:36:49 | INFO: Blender create Mesh node M1_supurgelik_199
21:36:49 | INFO: Blender create Mesh node M1_supurgelik_200
21:36:49 | INFO: Blender create Mesh node M1_supurgelik_201
21:36:49 | INFO: Blender create Mesh node M1_supurgelik_202
21:36:49 | INFO: Blender create Mesh node M1_supurgelik_203
21:36:49 | INFO: Blender create Mesh node M1_supurgelik_204
21:36:49 | INFO: Blender create Mesh node M1_supurgelik_205
21:36:49 | INFO: Blender create Mesh node M1_supurgelik_206
21:36:49 | INFO: Blender create Mesh node M1_supurgelik_207
21:36:49 | INFO: Blender create Mesh node M1_supurgelik_208
21:36:49 | INFO: Blender create Mesh node M1_supurgelik_209
21:36:49 | INFO: Blender create Mesh node M1_supurgelik_210
21:36:49 | INFO: Blender create Mesh node M1_supurgelik_211
21:36:49 | INFO: Blender create Mesh node M1_supurgelik_212
21:36:49 | INFO: Blender create Mesh node M1_supurgelik_213
21:36:49 | INFO: Blender create Mesh node M1_supurgelik_214
21:36:49 | INFO: Blender create Mesh node M1_supurgelik_215
21:36:49 | INFO: Blender create Mesh node M1_supurgelik_216
21:36:49 | INFO: Blender create Mesh node M1_supurgelik_217
21:36:49 | INFO: Blender create Mesh node M1_supurgelik_218
21:36:49 | INFO: Blender create Mesh node M1_supurgelik_219
21:36:49 | INFO: Blender create Mesh node M1_supurgelik_220
21:36:49 | INFO: Blender create Mesh node M1_supurgelik_221
21:36:49 | INFO: Blender create Mesh node M1_supurgelik_222
21:36:49 | INFO: Blender create Mesh node M1_supurgelik_223
21:36:49 | INFO: Blender create Mesh node M1_supurgelik_224
21:36:49 | INFO: Blender create Mesh node M1_supurgelik_225
21:36:49 | INFO: Blender create Mesh node M1_supurgelik_226
21:36:49 | INFO: Blender create Mesh node M1_supurgelik_227
21:36:49 | INFO: Blender create Mesh node M1_supurgelik_228
21:36:49 | INFO: Blender create Mesh node M1_supurgelik_229
21:36:49 | INFO: Blender create Mesh node M1_supurgelik_230
21:36:49 | INFO: Blender create Mesh node M1_supurgelik_231
21:36:49 | INFO: Blender create Mesh node M1_supurgelik_232
21:36:49 | INFO: Blender create Mesh node M1_supurgelik_233
21:36:49 | INFO: Blender create Mesh node M1_supurgelik_234
21:36:49 | INFO: Blender create Mesh node M1_supurgelik_235
21:36:49 | INFO: Blender create Mesh node M1_supurgelik_236
21:36:49 | INFO: Blender create Mesh node M1_supurgelik_237
21:36:49 | INFO: Blender create Mesh node M1_supurgelik_238
21:36:49 | INFO: Blender create Mesh node M1_supurgelik_239
21:36:49 | INFO: Blender create Mesh node M1_supurgelik_240
21:36:49 | INFO: Blender create Mesh node M1_supurgelik_241
21:36:49 | INFO: Blender create Mesh node M1_supurgelik_242
21:36:49 | INFO: Blender create Mesh node M1_supurgelik_243
21:36:49 | INFO: Blender create Mesh node M1_supurgelik_244
21:36:49 | INFO: Blender create Mesh node M1_supurgelik_245
21:36:49 | INFO: Blender create Mesh node M1_supurgelik_246
21:36:49 | INFO: Blender create Mesh node M1_supurgelik_247
21:36:49 | INFO: Blender create Mesh node M1_supurgelik_248
21:36:49 | INFO: Blender create Mesh node M1_supurgelik_249
21:36:49 | INFO: Blender create Mesh node M1_supurgelik_250
21:36:49 | INFO: Blender create Mesh node M1_supurgelik_251
21:36:49 | INFO: Blender create Mesh node M1_supurgelik_252
21:36:49 | INFO: Blender create Mesh node M1_supurgelik_253
21:36:49 | INFO: Blender create Mesh node M1_supurgelik_254
21:36:49 | INFO: Blender create Mesh node M1_supurgelik_255
21:36:49 | INFO: Blender create Mesh node M1_supurgelik_256
21:36:49 | INFO: Blender create Mesh node M1_supurgelik_257
21:36:49 | INFO: Blender create Mesh node M1_supurgelik_258
21:36:49 | INFO: Blender create Mesh node M1_supurgelik_259
21:36:49 | INFO: Blender create Mesh node M1_supurgelik_260
21:36:49 | INFO: Blender create Mesh node M1_supurgelik_261
21:36:49 | INFO: Blender create Mesh node M1_supurgelik_262
21:36:49 | INFO: Blender create Mesh node M1_supurgelik_263
21:36:49 | INFO: Blender create Mesh node M1_supurgelik_264
21:36:49 | INFO: Blender create Mesh node M1_supurgelik_265
21:36:49 | INFO: Blender create Mesh node M1_supurgelik_266
21:36:49 | INFO: Blender create Mesh node M1_supurgelik_267
21:36:49 | INFO: Blender create Mesh node M1_supurgelik_268
21:36:49 | INFO: Blender create Mesh node M1_supurgelik_269
21:36:49 | INFO: Blender create Mesh node M1_supurgelik_270
21:36:49 | INFO: Blender create Mesh node M1_supurgelik_271
21:36:49 | INFO: Blender create Mesh node M1_supurgelik_272
21:36:49 | INFO: Blender create Mesh node M1_supurgelik_273
21:36:49 | INFO: Blender create Mesh node M1_supurgelik_274
21:36:49 | INFO: Blender create Mesh node M1_supurgelik_275
21:36:49 | INFO: Blender create Mesh node M1_supurgelik_276
21:36:49 | INFO: Blender create Mesh node M1_supurgelik_277
21:36:49 | INFO: Blender create Mesh node M1_supurgelik_278
21:36:49 | INFO: Blender create Mesh node M1_supurgelik_279
21:36:49 | INFO: Blender create Mesh node M1_supurgelik_280
21:36:49 | INFO: Blender create Mesh node M1_supurgelik_281
21:36:49 | INFO: Blender create Mesh node M1_supurgelik_282
21:36:49 | INFO: Blender create Mesh node M1_supurgelik_283
21:36:49 | INFO: Blender create Mesh node M1_supurgelik_284
21:36:49 | INFO: Blender create Mesh node M1_supurgelik_285
21:36:49 | INFO: Blender create Mesh node M1_supurgelik_286
21:36:49 | INFO: Blender create Mesh node M1_supurgelik_287
21:36:49 | INFO: Blender create Mesh node M1_supurgelik_288
21:36:49 | INFO: Blender create Mesh node M1_supurgelik_289
21:36:49 | INFO: Blender create Mesh node M1_supurgelik_290
21:36:49 | INFO: Blender create Mesh node M1_supurgelik_291
21:36:49 | INFO: Blender create Mesh node M1_supurgelik_292
21:36:49 | INFO: Blender create Mesh node M1_supurgelik_293
21:36:49 | INFO: Blender create Mesh node M1_supurgelik_294
21:36:49 | INFO: Blender create Mesh node M2_K0_0_basamak.027
21:36:49 | INFO: Blender create Mesh node M2_K0_0_basamak.010
21:36:49 | INFO: Blender create Mesh node M2_K0_0_basamak.011
21:36:49 | INFO: Blender create Mesh node M2_K0_0_basamak.012
21:36:49 | INFO: Blender create Mesh node M2_K0_0_basamak.013
21:36:49 | INFO: Blender create Mesh node M2_K0_0_basamak.014
21:36:49 | INFO: Blender create Mesh node M2_K0_0_basamak.015
21:36:49 | INFO: Blender create Mesh node M2_K0_0_basamak.016
21:36:49 | INFO: Blender create Mesh node M2_K0_0_basamak.017
21:36:49 | INFO: Blender create Mesh node M2_K0_0_beyaz_altyapi.001
21:36:49 | INFO: Blender create Mesh node M2_K0_0_korkuluk_ayak.002
21:36:49 | INFO: Blender create Mesh node M2_K0_0_korkuluk_ayak.003
21:36:49 | INFO: Blender create Mesh node M2_K0_0_korkuluk_ayak.005
21:36:49 | INFO: Blender create Mesh node M2_K0_0_korkuluk_C_surgun.016
21:36:49 | INFO: Blender create Mesh node M2_K0_0_korkuluk_C_surgun.017
21:36:49 | INFO: Blender create Mesh node M2_K0_0_korkuluk_C_surgun.018
21:36:49 | INFO: Blender create Mesh node M2_K0_0_korkuluk_C_surgun.019
21:36:49 | INFO: Blender create Mesh node M2_K0_0_korkuluk_C_surgun.020
21:36:49 | INFO: Blender create Mesh node M2_K0_0_korkuluk_C_surgun.021
21:36:49 | INFO: Blender create Mesh node M2_K0_0_korkuluk_C_surgun.022
21:36:49 | INFO: Blender create Mesh node M2_K0_0_korkuluk_C_surgun.023
21:36:49 | INFO: Blender create Mesh node M2_K0_0_korkuluk_C_surgun.024
21:36:49 | INFO: Blender create Mesh node M2_K0_0_korkuluk_C_surgun.025
21:36:49 | INFO: Blender create Mesh node M2_K0_0_korkuluk_C_surgun.026
21:36:49 | INFO: Blender create Mesh node M2_K0_0_korkuluk_C_surgun.027
21:36:49 | INFO: Blender create Mesh node M2_K0_0_korkuluk_C_surgun.028
21:36:49 | INFO: Blender create Mesh node M2_K0_0_korkuluk_C_surgun.029
21:36:49 | INFO: Blender create Mesh node M2_K0_0_korkuluk_C_surgun.030
21:36:49 | INFO: Blender create Mesh node M2_K0_0_korkuluk_C_surgun.031
21:36:49 | INFO: Blender create Mesh node M2_K0_0_korkuluk_cerceve.002
21:36:49 | INFO: Blender create Mesh node M2_K0_0_korkuluk_cerceve.003
21:36:49 | INFO: Blender create Mesh node M2_K0_0_korkuluk_dikme.002
21:36:49 | INFO: Blender create Mesh node M2_K0_0_korkuluk_dikme.003
21:36:49 | INFO: Blender create Mesh node M2_K0_0_korkuluk_dikme.005
21:36:49 | INFO: Blender create Mesh node M2_K0_0_korkuluk_kupeste.001
21:36:49 | INFO: Blender create Mesh node M2_K0_0_korkuluk_S_ana.016
21:36:49 | INFO: Blender create Mesh node M2_K0_0_korkuluk_S_ana.017
21:36:49 | INFO: Blender create Mesh node M2_K0_0_korkuluk_S_ana.018
21:36:49 | INFO: Blender create Mesh node M2_K0_0_korkuluk_S_ana.019
21:36:49 | INFO: Blender create Mesh node M2_K0_0_korkuluk_S_ana.020
21:36:49 | INFO: Blender create Mesh node M2_K0_0_korkuluk_S_ana.021
21:36:49 | INFO: Blender create Mesh node M2_K0_0_korkuluk_S_ana.022
21:36:49 | INFO: Blender create Mesh node M2_K0_0_korkuluk_S_ana.023
21:36:49 | INFO: Blender create Mesh node M2_K0_0_korkuluk_S_ana.024
21:36:49 | INFO: Blender create Mesh node M2_K0_0_korkuluk_S_ana.025
21:36:49 | INFO: Blender create Mesh node M2_K0_0_korkuluk_S_ana.026
21:36:49 | INFO: Blender create Mesh node M2_K0_0_korkuluk_S_ana.027
21:36:49 | INFO: Blender create Mesh node M2_K0_0_korkuluk_S_ana.028
21:36:49 | INFO: Blender create Mesh node M2_K0_0_korkuluk_S_ana.029
21:36:49 | INFO: Blender create Mesh node M2_K0_0_korkuluk_S_ana.030
21:36:49 | INFO: Blender create Mesh node M2_K0_0_korkuluk_S_ana.031
21:36:49 | INFO: Blender create Mesh node M2_K0_0_riht.027
21:36:49 | INFO: Blender create Mesh node M2_K0_0_riht.010
21:36:49 | INFO: Blender create Mesh node M2_K0_0_riht.011
21:36:49 | INFO: Blender create Mesh node M2_K0_0_riht.012
21:36:49 | INFO: Blender create Mesh node M2_K0_0_riht.013
21:36:49 | INFO: Blender create Mesh node M2_K0_0_riht.014
21:36:49 | INFO: Blender create Mesh node M2_K0_0_riht.015
21:36:49 | INFO: Blender create Mesh node M2_K0_0_riht.016
21:36:49 | INFO: Blender create Mesh node M2_K0_0_riht.017
21:36:49 | INFO: Blender create Mesh node M2_K0_1_basamak.027
21:36:49 | INFO: Blender create Mesh node M2_K0_1_basamak.010
21:36:49 | INFO: Blender create Mesh node M2_K0_1_basamak.011
21:36:49 | INFO: Blender create Mesh node M2_K0_1_basamak.012
21:36:49 | INFO: Blender create Mesh node M2_K0_1_basamak.013
21:36:49 | INFO: Blender create Mesh node M2_K0_1_basamak.014
21:36:49 | INFO: Blender create Mesh node M2_K0_1_basamak.015
21:36:49 | INFO: Blender create Mesh node M2_K0_1_basamak.016
21:36:49 | INFO: Blender create Mesh node M2_K0_1_basamak.017
21:36:49 | INFO: Blender create Mesh node M2_K0_1_beyaz_altyapi.001
21:36:49 | INFO: Blender create Mesh node M2_K0_1_korkuluk_ayak.002
21:36:49 | INFO: Blender create Mesh node M2_K0_1_korkuluk_ayak.003
21:36:49 | INFO: Blender create Mesh node M2_K0_1_korkuluk_ayak.005
21:36:49 | INFO: Blender create Mesh node M2_K0_1_korkuluk_C_surgun.016
21:36:49 | INFO: Blender create Mesh node M2_K0_1_korkuluk_C_surgun.017
21:36:49 | INFO: Blender create Mesh node M2_K0_1_korkuluk_C_surgun.018
21:36:49 | INFO: Blender create Mesh node M2_K0_1_korkuluk_C_surgun.019
21:36:49 | INFO: Blender create Mesh node M2_K0_1_korkuluk_C_surgun.020
21:36:49 | INFO: Blender create Mesh node M2_K0_1_korkuluk_C_surgun.021
21:36:49 | INFO: Blender create Mesh node M2_K0_1_korkuluk_C_surgun.022
21:36:49 | INFO: Blender create Mesh node M2_K0_1_korkuluk_C_surgun.023
21:36:49 | INFO: Blender create Mesh node M2_K0_1_korkuluk_C_surgun.024
21:36:49 | INFO: Blender create Mesh node M2_K0_1_korkuluk_C_surgun.025
21:36:49 | INFO: Blender create Mesh node M2_K0_1_korkuluk_C_surgun.026
21:36:49 | INFO: Blender create Mesh node M2_K0_1_korkuluk_C_surgun.027
21:36:49 | INFO: Blender create Mesh node M2_K0_1_korkuluk_C_surgun.028
21:36:49 | INFO: Blender create Mesh node M2_K0_1_korkuluk_C_surgun.029
21:36:49 | INFO: Blender create Mesh node M2_K0_1_korkuluk_C_surgun.030
21:36:49 | INFO: Blender create Mesh node M2_K0_1_korkuluk_C_surgun.031
21:36:49 | INFO: Blender create Mesh node M2_K0_1_korkuluk_cerceve.002
21:36:49 | INFO: Blender create Mesh node M2_K0_1_korkuluk_cerceve.003
21:36:49 | INFO: Blender create Mesh node M2_K0_1_korkuluk_dikme.002
21:36:49 | INFO: Blender create Mesh node M2_K0_1_korkuluk_dikme.003
21:36:49 | INFO: Blender create Mesh node M2_K0_1_korkuluk_dikme.005
21:36:49 | INFO: Blender create Mesh node M2_K0_1_korkuluk_kupeste.001
21:36:49 | INFO: Blender create Mesh node M2_K0_1_korkuluk_S_ana.016
21:36:49 | INFO: Blender create Mesh node M2_K0_1_korkuluk_S_ana.017
21:36:49 | INFO: Blender create Mesh node M2_K0_1_korkuluk_S_ana.018
21:36:49 | INFO: Blender create Mesh node M2_K0_1_korkuluk_S_ana.019
21:36:49 | INFO: Blender create Mesh node M2_K0_1_korkuluk_S_ana.020
21:36:49 | INFO: Blender create Mesh node M2_K0_1_korkuluk_S_ana.021
21:36:49 | INFO: Blender create Mesh node M2_K0_1_korkuluk_S_ana.022
21:36:49 | INFO: Blender create Mesh node M2_K0_1_korkuluk_S_ana.023
21:36:49 | INFO: Blender create Mesh node M2_K0_1_korkuluk_S_ana.024
21:36:49 | INFO: Blender create Mesh node M2_K0_1_korkuluk_S_ana.025
21:36:49 | INFO: Blender create Mesh node M2_K0_1_korkuluk_S_ana.026
21:36:49 | INFO: Blender create Mesh node M2_K0_1_korkuluk_S_ana.027
21:36:49 | INFO: Blender create Mesh node M2_K0_1_korkuluk_S_ana.028
21:36:49 | INFO: Blender create Mesh node M2_K0_1_korkuluk_S_ana.029
21:36:49 | INFO: Blender create Mesh node M2_K0_1_korkuluk_S_ana.030
21:36:49 | INFO: Blender create Mesh node M2_K0_1_korkuluk_S_ana.031
21:36:49 | INFO: Blender create Mesh node M2_K0_1_riht.027
21:36:49 | INFO: Blender create Mesh node M2_K0_1_riht.010
21:36:49 | INFO: Blender create Mesh node M2_K0_1_riht.011
21:36:49 | INFO: Blender create Mesh node M2_K0_1_riht.012
21:36:49 | INFO: Blender create Mesh node M2_K0_1_riht.013
21:36:49 | INFO: Blender create Mesh node M2_K0_1_riht.014
21:36:49 | INFO: Blender create Mesh node M2_K0_1_riht.015
21:36:49 | INFO: Blender create Mesh node M2_K0_1_riht.016
21:36:49 | INFO: Blender create Mesh node M2_K0_1_riht.017
21:36:49 | INFO: Blender create Mesh node M2_K0_bosluk_korkuluk_0_ayak.002
21:36:49 | INFO: Blender create Mesh node M2_K0_bosluk_korkuluk_0_ayak.003
21:36:49 | INFO: Blender create Mesh node M2_K0_bosluk_korkuluk_0_C_surgun.020
21:36:49 | INFO: Blender create Mesh node M2_K0_bosluk_korkuluk_0_C_surgun.021
21:36:49 | INFO: Blender create Mesh node M2_K0_bosluk_korkuluk_0_C_surgun.022
21:36:49 | INFO: Blender create Mesh node M2_K0_bosluk_korkuluk_0_C_surgun.023
21:36:49 | INFO: Blender create Mesh node M2_K0_bosluk_korkuluk_0_C_surgun.024
21:36:49 | INFO: Blender create Mesh node M2_K0_bosluk_korkuluk_0_C_surgun.025
21:36:49 | INFO: Blender create Mesh node M2_K0_bosluk_korkuluk_0_C_surgun.026
21:36:49 | INFO: Blender create Mesh node M2_K0_bosluk_korkuluk_0_C_surgun.027
21:36:49 | INFO: Blender create Mesh node M2_K0_bosluk_korkuluk_0_C_surgun.028
21:36:49 | INFO: Blender create Mesh node M2_K0_bosluk_korkuluk_0_C_surgun.029
21:36:49 | INFO: Blender create Mesh node M2_K0_bosluk_korkuluk_0_C_surgun.030
21:36:49 | INFO: Blender create Mesh node M2_K0_bosluk_korkuluk_0_C_surgun.031
21:36:49 | INFO: Blender create Mesh node M2_K0_bosluk_korkuluk_0_C_surgun.032
21:36:50 | INFO: Blender create Mesh node M2_K0_bosluk_korkuluk_0_C_surgun.033
21:36:50 | INFO: Blender create Mesh node M2_K0_bosluk_korkuluk_0_C_surgun.034
21:36:50 | INFO: Blender create Mesh node M2_K0_bosluk_korkuluk_0_C_surgun.035
21:36:50 | INFO: Blender create Mesh node M2_K0_bosluk_korkuluk_0_C_surgun.036
21:36:50 | INFO: Blender create Mesh node M2_K0_bosluk_korkuluk_0_C_surgun.037
21:36:50 | INFO: Blender create Mesh node M2_K0_bosluk_korkuluk_0_C_surgun.038
21:36:50 | INFO: Blender create Mesh node M2_K0_bosluk_korkuluk_0_C_surgun.039
21:36:50 | INFO: Blender create Mesh node M2_K0_bosluk_korkuluk_0_cerceve.002
21:36:50 | INFO: Blender create Mesh node M2_K0_bosluk_korkuluk_0_cerceve.003
21:36:50 | INFO: Blender create Mesh node M2_K0_bosluk_korkuluk_0_dikme.002
21:36:50 | INFO: Blender create Mesh node M2_K0_bosluk_korkuluk_0_dikme.003
21:36:50 | INFO: Blender create Mesh node M2_K0_bosluk_korkuluk_0_kucuk_C_bordur.034
21:36:50 | INFO: Blender create Mesh node M2_K0_bosluk_korkuluk_0_kucuk_C_bordur.035
21:36:50 | INFO: Blender create Mesh node M2_K0_bosluk_korkuluk_0_kucuk_C_bordur.036
21:36:50 | INFO: Blender create Mesh node M2_K0_bosluk_korkuluk_0_kucuk_C_bordur.037
21:36:50 | INFO: Blender create Mesh node M2_K0_bosluk_korkuluk_0_kucuk_C_bordur.038
21:36:50 | INFO: Blender create Mesh node M2_K0_bosluk_korkuluk_0_kucuk_C_bordur.039
21:36:50 | INFO: Blender create Mesh node M2_K0_bosluk_korkuluk_0_kucuk_C_bordur.040
21:36:50 | INFO: Blender create Mesh node M2_K0_bosluk_korkuluk_0_kucuk_C_bordur.041
21:36:50 | INFO: Blender create Mesh node M2_K0_bosluk_korkuluk_0_kucuk_C_bordur.042
21:36:50 | INFO: Blender create Mesh node M2_K0_bosluk_korkuluk_0_kucuk_C_bordur.043
21:36:50 | INFO: Blender create Mesh node M2_K0_bosluk_korkuluk_0_kucuk_C_bordur.044
21:36:50 | INFO: Blender create Mesh node M2_K0_bosluk_korkuluk_0_kucuk_C_bordur.045
21:36:50 | INFO: Blender create Mesh node M2_K0_bosluk_korkuluk_0_kucuk_C_bordur.046
21:36:50 | INFO: Blender create Mesh node M2_K0_bosluk_korkuluk_0_kucuk_C_bordur.047
21:36:50 | INFO: Blender create Mesh node M2_K0_bosluk_korkuluk_0_kucuk_C_bordur.048
21:36:50 | INFO: Blender create Mesh node M2_K0_bosluk_korkuluk_0_kucuk_C_bordur.049
21:36:50 | INFO: Blender create Mesh node M2_K0_bosluk_korkuluk_0_kucuk_C_bordur.050
21:36:50 | INFO: Blender create Mesh node M2_K0_bosluk_korkuluk_0_kucuk_C_bordur.051
21:36:50 | INFO: Blender create Mesh node M2_K0_bosluk_korkuluk_0_kucuk_C_bordur.052
21:36:50 | INFO: Blender create Mesh node M2_K0_bosluk_korkuluk_0_kucuk_C_bordur.053
21:36:50 | INFO: Blender create Mesh node M2_K0_bosluk_korkuluk_0_kucuk_C_bordur.054
21:36:50 | INFO: Blender create Mesh node M2_K0_bosluk_korkuluk_0_kucuk_C_bordur.055
21:36:50 | INFO: Blender create Mesh node M2_K0_bosluk_korkuluk_0_kucuk_C_bordur.056
21:36:50 | INFO: Blender create Mesh node M2_K0_bosluk_korkuluk_0_kucuk_C_bordur.057
21:36:50 | INFO: Blender create Mesh node M2_K0_bosluk_korkuluk_0_kucuk_C_bordur.058
21:36:50 | INFO: Blender create Mesh node M2_K0_bosluk_korkuluk_0_kucuk_C_bordur.059
21:36:50 | INFO: Blender create Mesh node M2_K0_bosluk_korkuluk_0_kucuk_C_bordur.060
21:36:50 | INFO: Blender create Mesh node M2_K0_bosluk_korkuluk_0_kucuk_C_bordur.061
21:36:50 | INFO: Blender create Mesh node M2_K0_bosluk_korkuluk_0_kucuk_C_bordur.062
21:36:50 | INFO: Blender create Mesh node M2_K0_bosluk_korkuluk_0_kucuk_C_bordur.063
21:36:50 | INFO: Blender create Mesh node M2_K0_bosluk_korkuluk_0_kucuk_C_bordur.064
21:36:50 | INFO: Blender create Mesh node M2_K0_bosluk_korkuluk_0_kucuk_C_bordur.065
21:36:50 | INFO: Blender create Mesh node M2_K0_bosluk_korkuluk_0_kucuk_C_bordur.066
21:36:50 | INFO: Blender create Mesh node M2_K0_bosluk_korkuluk_0_kucuk_C_bordur.067
21:36:50 | INFO: Blender create Mesh node M2_K0_bosluk_korkuluk_0_kupeste.001
21:36:50 | INFO: Blender create Mesh node M2_K0_bosluk_korkuluk_0_S_ana.010
21:36:50 | INFO: Blender create Mesh node M2_K0_bosluk_korkuluk_0_S_ana.011
21:36:50 | INFO: Blender create Mesh node M2_K0_bosluk_korkuluk_0_S_ana.012
21:36:50 | INFO: Blender create Mesh node M2_K0_bosluk_korkuluk_0_S_ana.013
21:36:50 | INFO: Blender create Mesh node M2_K0_bosluk_korkuluk_0_S_ana.014
21:36:50 | INFO: Blender create Mesh node M2_K0_bosluk_korkuluk_0_S_ana.015
21:36:50 | INFO: Blender create Mesh node M2_K0_bosluk_korkuluk_0_S_ana.016
21:36:50 | INFO: Blender create Mesh node M2_K0_bosluk_korkuluk_0_S_ana.017
21:36:50 | INFO: Blender create Mesh node M2_K0_bosluk_korkuluk_0_S_ana.018
21:36:50 | INFO: Blender create Mesh node M2_K0_bosluk_korkuluk_0_S_ana.019
21:36:50 | INFO: Blender create Mesh node M2_K0_sahanlik.001
21:36:50 | INFO: Blender create Mesh node M2_K0_sahanlik_alti.001
21:36:50 | INFO: Blender create Mesh node M2_K1_0_basamak.030
21:36:50 | INFO: Blender create Mesh node M2_K1_0_basamak.011
21:36:50 | INFO: Blender create Mesh node M2_K1_0_basamak.012
21:36:50 | INFO: Blender create Mesh node M2_K1_0_basamak.013
21:36:50 | INFO: Blender create Mesh node M2_K1_0_basamak.014
21:36:50 | INFO: Blender create Mesh node M2_K1_0_basamak.015
21:36:50 | INFO: Blender create Mesh node M2_K1_0_basamak.016
21:36:50 | INFO: Blender create Mesh node M2_K1_0_basamak.017
21:36:50 | INFO: Blender create Mesh node M2_K1_0_basamak.018
21:36:50 | INFO: Blender create Mesh node M2_K1_0_basamak.019
21:36:50 | INFO: Blender create Mesh node M2_K1_0_beyaz_altyapi.001
21:36:50 | INFO: Blender create Mesh node M2_K1_0_korkuluk_ayak.002
21:36:50 | INFO: Blender create Mesh node M2_K1_0_korkuluk_ayak.003
21:36:50 | INFO: Blender create Mesh node M2_K1_0_korkuluk_ayak.005
21:36:50 | INFO: Blender create Mesh node M2_K1_0_korkuluk_C_surgun.024
21:36:50 | INFO: Blender create Mesh node M2_K1_0_korkuluk_C_surgun.025
21:36:50 | INFO: Blender create Mesh node M2_K1_0_korkuluk_C_surgun.026
21:36:50 | INFO: Blender create Mesh node M2_K1_0_korkuluk_C_surgun.027
21:36:50 | INFO: Blender create Mesh node M2_K1_0_korkuluk_C_surgun.028
21:36:50 | INFO: Blender create Mesh node M2_K1_0_korkuluk_C_surgun.029
21:36:50 | INFO: Blender create Mesh node M2_K1_0_korkuluk_C_surgun.030
21:36:50 | INFO: Blender create Mesh node M2_K1_0_korkuluk_C_surgun.031
21:36:50 | INFO: Blender create Mesh node M2_K1_0_korkuluk_C_surgun.032
21:36:50 | INFO: Blender create Mesh node M2_K1_0_korkuluk_C_surgun.033
21:36:50 | INFO: Blender create Mesh node M2_K1_0_korkuluk_C_surgun.034
21:36:50 | INFO: Blender create Mesh node M2_K1_0_korkuluk_C_surgun.035
21:36:50 | INFO: Blender create Mesh node M2_K1_0_korkuluk_C_surgun.036
21:36:50 | INFO: Blender create Mesh node M2_K1_0_korkuluk_C_surgun.037
21:36:50 | INFO: Blender create Mesh node M2_K1_0_korkuluk_C_surgun.038
21:36:50 | INFO: Blender create Mesh node M2_K1_0_korkuluk_C_surgun.039
21:36:50 | INFO: Blender create Mesh node M2_K1_0_korkuluk_C_surgun.040
21:36:50 | INFO: Blender create Mesh node M2_K1_0_korkuluk_C_surgun.041
21:36:50 | INFO: Blender create Mesh node M2_K1_0_korkuluk_C_surgun.042
21:36:50 | INFO: Blender create Mesh node M2_K1_0_korkuluk_C_surgun.043
21:36:50 | INFO: Blender create Mesh node M2_K1_0_korkuluk_C_surgun.044
21:36:50 | INFO: Blender create Mesh node M2_K1_0_korkuluk_C_surgun.045
21:36:50 | INFO: Blender create Mesh node M2_K1_0_korkuluk_C_surgun.046
21:36:50 | INFO: Blender create Mesh node M2_K1_0_korkuluk_C_surgun.047
21:36:50 | INFO: Blender create Mesh node M2_K1_0_korkuluk_cerceve.002
21:36:50 | INFO: Blender create Mesh node M2_K1_0_korkuluk_cerceve.003
21:36:50 | INFO: Blender create Mesh node M2_K1_0_korkuluk_dikme.002
21:36:50 | INFO: Blender create Mesh node M2_K1_0_korkuluk_dikme.003
21:36:50 | INFO: Blender create Mesh node M2_K1_0_korkuluk_dikme.005
21:36:50 | INFO: Blender create Mesh node M2_K1_0_korkuluk_kucuk_C_bordur.042
21:36:50 | INFO: Blender create Mesh node M2_K1_0_korkuluk_kucuk_C_bordur.043
21:36:50 | INFO: Blender create Mesh node M2_K1_0_korkuluk_kucuk_C_bordur.044
21:36:50 | INFO: Blender create Mesh node M2_K1_0_korkuluk_kucuk_C_bordur.045
21:36:50 | INFO: Blender create Mesh node M2_K1_0_korkuluk_kucuk_C_bordur.046
21:36:50 | INFO: Blender create Mesh node M2_K1_0_korkuluk_kucuk_C_bordur.047
21:36:50 | INFO: Blender create Mesh node M2_K1_0_korkuluk_kucuk_C_bordur.048
21:36:50 | INFO: Blender create Mesh node M2_K1_0_korkuluk_kucuk_C_bordur.049
21:36:50 | INFO: Blender create Mesh node M2_K1_0_korkuluk_kucuk_C_bordur.050
21:36:50 | INFO: Blender create Mesh node M2_K1_0_korkuluk_kucuk_C_bordur.051
21:36:50 | INFO: Blender create Mesh node M2_K1_0_korkuluk_kucuk_C_bordur.052
21:36:50 | INFO: Blender create Mesh node M2_K1_0_korkuluk_kucuk_C_bordur.053
21:36:50 | INFO: Blender create Mesh node M2_K1_0_korkuluk_kucuk_C_bordur.054
21:36:50 | INFO: Blender create Mesh node M2_K1_0_korkuluk_kucuk_C_bordur.055
21:36:50 | INFO: Blender create Mesh node M2_K1_0_korkuluk_kucuk_C_bordur.056
21:36:50 | INFO: Blender create Mesh node M2_K1_0_korkuluk_kucuk_C_bordur.057
21:36:50 | INFO: Blender create Mesh node M2_K1_0_korkuluk_kucuk_C_bordur.058
21:36:50 | INFO: Blender create Mesh node M2_K1_0_korkuluk_kucuk_C_bordur.059
21:36:50 | INFO: Blender create Mesh node M2_K1_0_korkuluk_kucuk_C_bordur.060
21:36:50 | INFO: Blender create Mesh node M2_K1_0_korkuluk_kucuk_C_bordur.061
21:36:50 | INFO: Blender create Mesh node M2_K1_0_korkuluk_kucuk_C_bordur.062
21:36:50 | INFO: Blender create Mesh node M2_K1_0_korkuluk_kucuk_C_bordur.063
21:36:50 | INFO: Blender create Mesh node M2_K1_0_korkuluk_kucuk_C_bordur.064
21:36:50 | INFO: Blender create Mesh node M2_K1_0_korkuluk_kucuk_C_bordur.065
21:36:50 | INFO: Blender create Mesh node M2_K1_0_korkuluk_kucuk_C_bordur.066
21:36:50 | INFO: Blender create Mesh node M2_K1_0_korkuluk_kucuk_C_bordur.067
21:36:50 | INFO: Blender create Mesh node M2_K1_0_korkuluk_kucuk_C_bordur.068
21:36:50 | INFO: Blender create Mesh node M2_K1_0_korkuluk_kucuk_C_bordur.069
21:36:50 | INFO: Blender create Mesh node M2_K1_0_korkuluk_kucuk_C_bordur.070
21:36:50 | INFO: Blender create Mesh node M2_K1_0_korkuluk_kucuk_C_bordur.071
21:36:50 | INFO: Blender create Mesh node M2_K1_0_korkuluk_kucuk_C_bordur.072
21:36:50 | INFO: Blender create Mesh node M2_K1_0_korkuluk_kucuk_C_bordur.073
21:36:50 | INFO: Blender create Mesh node M2_K1_0_korkuluk_kucuk_C_bordur.074
21:36:50 | INFO: Blender create Mesh node M2_K1_0_korkuluk_kucuk_C_bordur.075
21:36:50 | INFO: Blender create Mesh node M2_K1_0_korkuluk_kucuk_C_bordur.076
21:36:50 | INFO: Blender create Mesh node M2_K1_0_korkuluk_kucuk_C_bordur.077
21:36:50 | INFO: Blender create Mesh node M2_K1_0_korkuluk_kucuk_C_bordur.078
21:36:50 | INFO: Blender create Mesh node M2_K1_0_korkuluk_kucuk_C_bordur.079
21:36:50 | INFO: Blender create Mesh node M2_K1_0_korkuluk_kucuk_C_bordur.080
21:36:50 | INFO: Blender create Mesh node M2_K1_0_korkuluk_kucuk_C_bordur.081
21:36:50 | INFO: Blender create Mesh node M2_K1_0_korkuluk_kucuk_C_bordur.082
21:36:50 | INFO: Blender create Mesh node M2_K1_0_korkuluk_kucuk_C_bordur.083
21:36:50 | INFO: Blender create Mesh node M2_K1_0_korkuluk_kupeste.001
21:36:50 | INFO: Blender create Mesh node M2_K1_0_korkuluk_S_ana.012
21:36:50 | INFO: Blender create Mesh node M2_K1_0_korkuluk_S_ana.013
21:36:50 | INFO: Blender create Mesh node M2_K1_0_korkuluk_S_ana.014
21:36:50 | INFO: Blender create Mesh node M2_K1_0_korkuluk_S_ana.015
21:36:50 | INFO: Blender create Mesh node M2_K1_0_korkuluk_S_ana.016
21:36:50 | INFO: Blender create Mesh node M2_K1_0_korkuluk_S_ana.017
21:36:50 | INFO: Blender create Mesh node M2_K1_0_korkuluk_S_ana.018
21:36:50 | INFO: Blender create Mesh node M2_K1_0_korkuluk_S_ana.019
21:36:50 | INFO: Blender create Mesh node M2_K1_0_korkuluk_S_ana.020
21:36:50 | INFO: Blender create Mesh node M2_K1_0_korkuluk_S_ana.021
21:36:50 | INFO: Blender create Mesh node M2_K1_0_korkuluk_S_ana.022
21:36:50 | INFO: Blender create Mesh node M2_K1_0_korkuluk_S_ana.023
21:36:50 | INFO: Blender create Mesh node M2_K1_0_riht.030
21:36:50 | INFO: Blender create Mesh node M2_K1_0_riht.011
21:36:50 | INFO: Blender create Mesh node M2_K1_0_riht.012
21:36:50 | INFO: Blender create Mesh node M2_K1_0_riht.013
21:36:50 | INFO: Blender create Mesh node M2_K1_0_riht.014
21:36:50 | INFO: Blender create Mesh node M2_K1_0_riht.015
21:36:50 | INFO: Blender create Mesh node M2_K1_0_riht.016
21:36:50 | INFO: Blender create Mesh node M2_K1_0_riht.017
21:36:50 | INFO: Blender create Mesh node M2_K1_0_riht.018
21:36:50 | INFO: Blender create Mesh node M2_K1_0_riht.019
21:36:50 | INFO: Blender create Mesh node M2_K1_1_basamak.027
21:36:50 | INFO: Blender create Mesh node M2_K1_1_basamak.010
21:36:50 | INFO: Blender create Mesh node M2_K1_1_basamak.011
21:36:50 | INFO: Blender create Mesh node M2_K1_1_basamak.012
21:36:50 | INFO: Blender create Mesh node M2_K1_1_basamak.013
21:36:50 | INFO: Blender create Mesh node M2_K1_1_basamak.014
21:36:50 | INFO: Blender create Mesh node M2_K1_1_basamak.015
21:36:50 | INFO: Blender create Mesh node M2_K1_1_basamak.016
21:36:50 | INFO: Blender create Mesh node M2_K1_1_basamak.017
21:36:50 | INFO: Blender create Mesh node M2_K1_1_beyaz_altyapi.001
21:36:50 | INFO: Blender create Mesh node M2_K1_1_korkuluk_ayak.002
21:36:50 | INFO: Blender create Mesh node M2_K1_1_korkuluk_ayak.003
21:36:50 | INFO: Blender create Mesh node M2_K1_1_korkuluk_ayak.005
21:36:50 | INFO: Blender create Mesh node M2_K1_1_korkuluk_C_surgun.024
21:36:50 | INFO: Blender create Mesh node M2_K1_1_korkuluk_C_surgun.025
21:36:50 | INFO: Blender create Mesh node M2_K1_1_korkuluk_C_surgun.026
21:36:50 | INFO: Blender create Mesh node M2_K1_1_korkuluk_C_surgun.027
21:36:50 | INFO: Blender create Mesh node M2_K1_1_korkuluk_C_surgun.028
21:36:50 | INFO: Blender create Mesh node M2_K1_1_korkuluk_C_surgun.029
21:36:50 | INFO: Blender create Mesh node M2_K1_1_korkuluk_C_surgun.030
21:36:50 | INFO: Blender create Mesh node M2_K1_1_korkuluk_C_surgun.031
21:36:50 | INFO: Blender create Mesh node M2_K1_1_korkuluk_C_surgun.032
21:36:50 | INFO: Blender create Mesh node M2_K1_1_korkuluk_C_surgun.033
21:36:50 | INFO: Blender create Mesh node M2_K1_1_korkuluk_C_surgun.034
21:36:50 | INFO: Blender create Mesh node M2_K1_1_korkuluk_C_surgun.035
21:36:50 | INFO: Blender create Mesh node M2_K1_1_korkuluk_C_surgun.036
21:36:50 | INFO: Blender create Mesh node M2_K1_1_korkuluk_C_surgun.037
21:36:50 | INFO: Blender create Mesh node M2_K1_1_korkuluk_C_surgun.038
21:36:50 | INFO: Blender create Mesh node M2_K1_1_korkuluk_C_surgun.039
21:36:50 | INFO: Blender create Mesh node M2_K1_1_korkuluk_C_surgun.040
21:36:50 | INFO: Blender create Mesh node M2_K1_1_korkuluk_C_surgun.041
21:36:50 | INFO: Blender create Mesh node M2_K1_1_korkuluk_C_surgun.042
21:36:50 | INFO: Blender create Mesh node M2_K1_1_korkuluk_C_surgun.043
21:36:50 | INFO: Blender create Mesh node M2_K1_1_korkuluk_C_surgun.044
21:36:50 | INFO: Blender create Mesh node M2_K1_1_korkuluk_C_surgun.045
21:36:50 | INFO: Blender create Mesh node M2_K1_1_korkuluk_C_surgun.046
21:36:50 | INFO: Blender create Mesh node M2_K1_1_korkuluk_C_surgun.047
21:36:50 | INFO: Blender create Mesh node M2_K1_1_korkuluk_cerceve.002
21:36:50 | INFO: Blender create Mesh node M2_K1_1_korkuluk_cerceve.003
21:36:50 | INFO: Blender create Mesh node M2_K1_1_korkuluk_dikme.002
21:36:50 | INFO: Blender create Mesh node M2_K1_1_korkuluk_dikme.003
21:36:50 | INFO: Blender create Mesh node M2_K1_1_korkuluk_dikme.005
21:36:50 | INFO: Blender create Mesh node M2_K1_1_korkuluk_kucuk_C_bordur.038
21:36:50 | INFO: Blender create Mesh node M2_K1_1_korkuluk_kucuk_C_bordur.039
21:36:50 | INFO: Blender create Mesh node M2_K1_1_korkuluk_kucuk_C_bordur.040
21:36:50 | INFO: Blender create Mesh node M2_K1_1_korkuluk_kucuk_C_bordur.041
21:36:50 | INFO: Blender create Mesh node M2_K1_1_korkuluk_kucuk_C_bordur.042
21:36:50 | INFO: Blender create Mesh node M2_K1_1_korkuluk_kucuk_C_bordur.043
21:36:50 | INFO: Blender create Mesh node M2_K1_1_korkuluk_kucuk_C_bordur.044
21:36:50 | INFO: Blender create Mesh node M2_K1_1_korkuluk_kucuk_C_bordur.045
21:36:50 | INFO: Blender create Mesh node M2_K1_1_korkuluk_kucuk_C_bordur.046
21:36:50 | INFO: Blender create Mesh node M2_K1_1_korkuluk_kucuk_C_bordur.047
21:36:50 | INFO: Blender create Mesh node M2_K1_1_korkuluk_kucuk_C_bordur.048
21:36:50 | INFO: Blender create Mesh node M2_K1_1_korkuluk_kucuk_C_bordur.049
21:36:50 | INFO: Blender create Mesh node M2_K1_1_korkuluk_kucuk_C_bordur.050
21:36:50 | INFO: Blender create Mesh node M2_K1_1_korkuluk_kucuk_C_bordur.051
21:36:50 | INFO: Blender create Mesh node M2_K1_1_korkuluk_kucuk_C_bordur.052
21:36:50 | INFO: Blender create Mesh node M2_K1_1_korkuluk_kucuk_C_bordur.053
21:36:50 | INFO: Blender create Mesh node M2_K1_1_korkuluk_kucuk_C_bordur.054
21:36:50 | INFO: Blender create Mesh node M2_K1_1_korkuluk_kucuk_C_bordur.055
21:36:50 | INFO: Blender create Mesh node M2_K1_1_korkuluk_kucuk_C_bordur.056
21:36:50 | INFO: Blender create Mesh node M2_K1_1_korkuluk_kucuk_C_bordur.057
21:36:50 | INFO: Blender create Mesh node M2_K1_1_korkuluk_kucuk_C_bordur.058
21:36:50 | INFO: Blender create Mesh node M2_K1_1_korkuluk_kucuk_C_bordur.059
21:36:50 | INFO: Blender create Mesh node M2_K1_1_korkuluk_kucuk_C_bordur.060
21:36:50 | INFO: Blender create Mesh node M2_K1_1_korkuluk_kucuk_C_bordur.061
21:36:50 | INFO: Blender create Mesh node M2_K1_1_korkuluk_kucuk_C_bordur.062
21:36:50 | INFO: Blender create Mesh node M2_K1_1_korkuluk_kucuk_C_bordur.063
21:36:50 | INFO: Blender create Mesh node M2_K1_1_korkuluk_kucuk_C_bordur.064
21:36:50 | INFO: Blender create Mesh node M2_K1_1_korkuluk_kucuk_C_bordur.065
21:36:50 | INFO: Blender create Mesh node M2_K1_1_korkuluk_kucuk_C_bordur.066
21:36:50 | INFO: Blender create Mesh node M2_K1_1_korkuluk_kucuk_C_bordur.067
21:36:50 | INFO: Blender create Mesh node M2_K1_1_korkuluk_kucuk_C_bordur.068
21:36:50 | INFO: Blender create Mesh node M2_K1_1_korkuluk_kucuk_C_bordur.069
21:36:50 | INFO: Blender create Mesh node M2_K1_1_korkuluk_kucuk_C_bordur.070
21:36:50 | INFO: Blender create Mesh node M2_K1_1_korkuluk_kucuk_C_bordur.071
21:36:50 | INFO: Blender create Mesh node M2_K1_1_korkuluk_kucuk_C_bordur.072
21:36:50 | INFO: Blender create Mesh node M2_K1_1_korkuluk_kucuk_C_bordur.073
21:36:50 | INFO: Blender create Mesh node M2_K1_1_korkuluk_kucuk_C_bordur.074
21:36:50 | INFO: Blender create Mesh node M2_K1_1_korkuluk_kucuk_C_bordur.075
21:36:50 | INFO: Blender create Mesh node M2_K1_1_korkuluk_kupeste.001
21:36:50 | INFO: Blender create Mesh node M2_K1_1_korkuluk_S_ana.012
21:36:50 | INFO: Blender create Mesh node M2_K1_1_korkuluk_S_ana.013
21:36:50 | INFO: Blender create Mesh node M2_K1_1_korkuluk_S_ana.014
21:36:50 | INFO: Blender create Mesh node M2_K1_1_korkuluk_S_ana.015
21:36:50 | INFO: Blender create Mesh node M2_K1_1_korkuluk_S_ana.016
21:36:50 | INFO: Blender create Mesh node M2_K1_1_korkuluk_S_ana.017
21:36:50 | INFO: Blender create Mesh node M2_K1_1_korkuluk_S_ana.018
21:36:50 | INFO: Blender create Mesh node M2_K1_1_korkuluk_S_ana.019
21:36:50 | INFO: Blender create Mesh node M2_K1_1_korkuluk_S_ana.020
21:36:50 | INFO: Blender create Mesh node M2_K1_1_korkuluk_S_ana.021
21:36:50 | INFO: Blender create Mesh node M2_K1_1_korkuluk_S_ana.022
21:36:50 | INFO: Blender create Mesh node M2_K1_1_korkuluk_S_ana.023
21:36:50 | INFO: Blender create Mesh node M2_K1_1_riht.027
21:36:50 | INFO: Blender create Mesh node M2_K1_1_riht.010
21:36:50 | INFO: Blender create Mesh node M2_K1_1_riht.011
21:36:50 | INFO: Blender create Mesh node M2_K1_1_riht.012
21:36:50 | INFO: Blender create Mesh node M2_K1_1_riht.013
21:36:50 | INFO: Blender create Mesh node M2_K1_1_riht.014
21:36:50 | INFO: Blender create Mesh node M2_K1_1_riht.015
21:36:50 | INFO: Blender create Mesh node M2_K1_1_riht.016
21:36:50 | INFO: Blender create Mesh node M2_K1_1_riht.017
21:36:50 | INFO: Blender create Mesh node M2_K1_bosluk_korkuluk_0_ayak.002
21:36:50 | INFO: Blender create Mesh node M2_K1_bosluk_korkuluk_0_ayak.003
21:36:50 | INFO: Blender create Mesh node M2_K1_bosluk_korkuluk_0_C_surgun.016
21:36:50 | INFO: Blender create Mesh node M2_K1_bosluk_korkuluk_0_C_surgun.017
21:36:50 | INFO: Blender create Mesh node M2_K1_bosluk_korkuluk_0_C_surgun.018
21:36:50 | INFO: Blender create Mesh node M2_K1_bosluk_korkuluk_0_C_surgun.019
21:36:50 | INFO: Blender create Mesh node M2_K1_bosluk_korkuluk_0_C_surgun.020
21:36:50 | INFO: Blender create Mesh node M2_K1_bosluk_korkuluk_0_C_surgun.021
21:36:50 | INFO: Blender create Mesh node M2_K1_bosluk_korkuluk_0_C_surgun.022
21:36:50 | INFO: Blender create Mesh node M2_K1_bosluk_korkuluk_0_C_surgun.023
21:36:50 | INFO: Blender create Mesh node M2_K1_bosluk_korkuluk_0_C_surgun.024
21:36:50 | INFO: Blender create Mesh node M2_K1_bosluk_korkuluk_0_C_surgun.025
21:36:50 | INFO: Blender create Mesh node M2_K1_bosluk_korkuluk_0_C_surgun.026
21:36:50 | INFO: Blender create Mesh node M2_K1_bosluk_korkuluk_0_C_surgun.027
21:36:50 | INFO: Blender create Mesh node M2_K1_bosluk_korkuluk_0_C_surgun.028
21:36:50 | INFO: Blender create Mesh node M2_K1_bosluk_korkuluk_0_C_surgun.029
21:36:50 | INFO: Blender create Mesh node M2_K1_bosluk_korkuluk_0_C_surgun.030
21:36:50 | INFO: Blender create Mesh node M2_K1_bosluk_korkuluk_0_C_surgun.031
21:36:50 | INFO: Blender create Mesh node M2_K1_bosluk_korkuluk_0_cerceve.002
21:36:50 | INFO: Blender create Mesh node M2_K1_bosluk_korkuluk_0_cerceve.003
21:36:50 | INFO: Blender create Mesh node M2_K1_bosluk_korkuluk_0_dikme.002
21:36:50 | INFO: Blender create Mesh node M2_K1_bosluk_korkuluk_0_dikme.003
21:36:50 | INFO: Blender create Mesh node M2_K1_bosluk_korkuluk_0_kucuk_C_bordur.030
21:36:50 | INFO: Blender create Mesh node M2_K1_bosluk_korkuluk_0_kucuk_C_bordur.031
21:36:50 | INFO: Blender create Mesh node M2_K1_bosluk_korkuluk_0_kucuk_C_bordur.032
21:36:50 | INFO: Blender create Mesh node M2_K1_bosluk_korkuluk_0_kucuk_C_bordur.033
21:36:50 | INFO: Blender create Mesh node M2_K1_bosluk_korkuluk_0_kucuk_C_bordur.034
21:36:50 | INFO: Blender create Mesh node M2_K1_bosluk_korkuluk_0_kucuk_C_bordur.035
21:36:50 | INFO: Blender create Mesh node M2_K1_bosluk_korkuluk_0_kucuk_C_bordur.036
21:36:50 | INFO: Blender create Mesh node M2_K1_bosluk_korkuluk_0_kucuk_C_bordur.037
21:36:50 | INFO: Blender create Mesh node M2_K1_bosluk_korkuluk_0_kucuk_C_bordur.038
21:36:50 | INFO: Blender create Mesh node M2_K1_bosluk_korkuluk_0_kucuk_C_bordur.039
21:36:51 | INFO: Blender create Mesh node M2_K1_bosluk_korkuluk_0_kucuk_C_bordur.040
21:36:51 | INFO: Blender create Mesh node M2_K1_bosluk_korkuluk_0_kucuk_C_bordur.041
21:36:51 | INFO: Blender create Mesh node M2_K1_bosluk_korkuluk_0_kucuk_C_bordur.042
21:36:51 | INFO: Blender create Mesh node M2_K1_bosluk_korkuluk_0_kucuk_C_bordur.043
21:36:51 | INFO: Blender create Mesh node M2_K1_bosluk_korkuluk_0_kucuk_C_bordur.044
21:36:51 | INFO: Blender create Mesh node M2_K1_bosluk_korkuluk_0_kucuk_C_bordur.045
21:36:51 | INFO: Blender create Mesh node M2_K1_bosluk_korkuluk_0_kucuk_C_bordur.046
21:36:51 | INFO: Blender create Mesh node M2_K1_bosluk_korkuluk_0_kucuk_C_bordur.047
21:36:51 | INFO: Blender create Mesh node M2_K1_bosluk_korkuluk_0_kucuk_C_bordur.048
21:36:51 | INFO: Blender create Mesh node M2_K1_bosluk_korkuluk_0_kucuk_C_bordur.049
21:36:51 | INFO: Blender create Mesh node M2_K1_bosluk_korkuluk_0_kucuk_C_bordur.050
21:36:51 | INFO: Blender create Mesh node M2_K1_bosluk_korkuluk_0_kucuk_C_bordur.051
21:36:51 | INFO: Blender create Mesh node M2_K1_bosluk_korkuluk_0_kucuk_C_bordur.052
21:36:51 | INFO: Blender create Mesh node M2_K1_bosluk_korkuluk_0_kucuk_C_bordur.053
21:36:51 | INFO: Blender create Mesh node M2_K1_bosluk_korkuluk_0_kucuk_C_bordur.054
21:36:51 | INFO: Blender create Mesh node M2_K1_bosluk_korkuluk_0_kucuk_C_bordur.055
21:36:51 | INFO: Blender create Mesh node M2_K1_bosluk_korkuluk_0_kucuk_C_bordur.056
21:36:51 | INFO: Blender create Mesh node M2_K1_bosluk_korkuluk_0_kucuk_C_bordur.057
21:36:51 | INFO: Blender create Mesh node M2_K1_bosluk_korkuluk_0_kucuk_C_bordur.058
21:36:51 | INFO: Blender create Mesh node M2_K1_bosluk_korkuluk_0_kucuk_C_bordur.059
21:36:51 | INFO: Blender create Mesh node M2_K1_bosluk_korkuluk_0_kupeste.001
21:36:51 | INFO: Blender create Mesh node M2_K1_bosluk_korkuluk_0_S_ana.008
21:36:51 | INFO: Blender create Mesh node M2_K1_bosluk_korkuluk_0_S_ana.009
21:36:51 | INFO: Blender create Mesh node M2_K1_bosluk_korkuluk_0_S_ana.010
21:36:51 | INFO: Blender create Mesh node M2_K1_bosluk_korkuluk_0_S_ana.011
21:36:51 | INFO: Blender create Mesh node M2_K1_bosluk_korkuluk_0_S_ana.012
21:36:51 | INFO: Blender create Mesh node M2_K1_bosluk_korkuluk_0_S_ana.013
21:36:51 | INFO: Blender create Mesh node M2_K1_bosluk_korkuluk_0_S_ana.014
21:36:51 | INFO: Blender create Mesh node M2_K1_bosluk_korkuluk_0_S_ana.015
21:36:51 | INFO: Blender create Mesh node M2_K1_bosluk_korkuluk_1_ayak.002
21:36:51 | INFO: Blender create Mesh node M2_K1_bosluk_korkuluk_1_ayak.003
21:36:51 | INFO: Blender create Mesh node M2_K1_bosluk_korkuluk_1_C_surgun.020
21:36:51 | INFO: Blender create Mesh node M2_K1_bosluk_korkuluk_1_C_surgun.021
21:36:51 | INFO: Blender create Mesh node M2_K1_bosluk_korkuluk_1_C_surgun.022
21:36:51 | INFO: Blender create Mesh node M2_K1_bosluk_korkuluk_1_C_surgun.023
21:36:51 | INFO: Blender create Mesh node M2_K1_bosluk_korkuluk_1_C_surgun.024
21:36:51 | INFO: Blender create Mesh node M2_K1_bosluk_korkuluk_1_C_surgun.025
21:36:51 | INFO: Blender create Mesh node M2_K1_bosluk_korkuluk_1_C_surgun.026
21:36:51 | INFO: Blender create Mesh node M2_K1_bosluk_korkuluk_1_C_surgun.027
21:36:51 | INFO: Blender create Mesh node M2_K1_bosluk_korkuluk_1_C_surgun.028
21:36:51 | INFO: Blender create Mesh node M2_K1_bosluk_korkuluk_1_C_surgun.029
21:36:51 | INFO: Blender create Mesh node M2_K1_bosluk_korkuluk_1_C_surgun.030
21:36:51 | INFO: Blender create Mesh node M2_K1_bosluk_korkuluk_1_C_surgun.031
21:36:51 | INFO: Blender create Mesh node M2_K1_bosluk_korkuluk_1_C_surgun.032
21:36:51 | INFO: Blender create Mesh node M2_K1_bosluk_korkuluk_1_C_surgun.033
21:36:51 | INFO: Blender create Mesh node M2_K1_bosluk_korkuluk_1_C_surgun.034
21:36:51 | INFO: Blender create Mesh node M2_K1_bosluk_korkuluk_1_C_surgun.035
21:36:51 | INFO: Blender create Mesh node M2_K1_bosluk_korkuluk_1_C_surgun.036
21:36:51 | INFO: Blender create Mesh node M2_K1_bosluk_korkuluk_1_C_surgun.037
21:36:51 | INFO: Blender create Mesh node M2_K1_bosluk_korkuluk_1_C_surgun.038
21:36:51 | INFO: Blender create Mesh node M2_K1_bosluk_korkuluk_1_C_surgun.039
21:36:51 | INFO: Blender create Mesh node M2_K1_bosluk_korkuluk_1_cerceve.002
21:36:51 | INFO: Blender create Mesh node M2_K1_bosluk_korkuluk_1_cerceve.003
21:36:51 | INFO: Blender create Mesh node M2_K1_bosluk_korkuluk_1_dikme.002
21:36:51 | INFO: Blender create Mesh node M2_K1_bosluk_korkuluk_1_dikme.003
21:36:51 | INFO: Blender create Mesh node M2_K1_bosluk_korkuluk_1_kucuk_C_bordur.032
21:36:51 | INFO: Blender create Mesh node M2_K1_bosluk_korkuluk_1_kucuk_C_bordur.033
21:36:51 | INFO: Blender create Mesh node M2_K1_bosluk_korkuluk_1_kucuk_C_bordur.034
21:36:51 | INFO: Blender create Mesh node M2_K1_bosluk_korkuluk_1_kucuk_C_bordur.035
21:36:51 | INFO: Blender create Mesh node M2_K1_bosluk_korkuluk_1_kucuk_C_bordur.036
21:36:51 | INFO: Blender create Mesh node M2_K1_bosluk_korkuluk_1_kucuk_C_bordur.037
21:36:51 | INFO: Blender create Mesh node M2_K1_bosluk_korkuluk_1_kucuk_C_bordur.038
21:36:51 | INFO: Blender create Mesh node M2_K1_bosluk_korkuluk_1_kucuk_C_bordur.039
21:36:51 | INFO: Blender create Mesh node M2_K1_bosluk_korkuluk_1_kucuk_C_bordur.040
21:36:51 | INFO: Blender create Mesh node M2_K1_bosluk_korkuluk_1_kucuk_C_bordur.041
21:36:51 | INFO: Blender create Mesh node M2_K1_bosluk_korkuluk_1_kucuk_C_bordur.042
21:36:51 | INFO: Blender create Mesh node M2_K1_bosluk_korkuluk_1_kucuk_C_bordur.043
21:36:51 | INFO: Blender create Mesh node M2_K1_bosluk_korkuluk_1_kucuk_C_bordur.044
21:36:51 | INFO: Blender create Mesh node M2_K1_bosluk_korkuluk_1_kucuk_C_bordur.045
21:36:51 | INFO: Blender create Mesh node M2_K1_bosluk_korkuluk_1_kucuk_C_bordur.046
21:36:51 | INFO: Blender create Mesh node M2_K1_bosluk_korkuluk_1_kucuk_C_bordur.047
21:36:51 | INFO: Blender create Mesh node M2_K1_bosluk_korkuluk_1_kucuk_C_bordur.048
21:36:51 | INFO: Blender create Mesh node M2_K1_bosluk_korkuluk_1_kucuk_C_bordur.049
21:36:51 | INFO: Blender create Mesh node M2_K1_bosluk_korkuluk_1_kucuk_C_bordur.050
21:36:51 | INFO: Blender create Mesh node M2_K1_bosluk_korkuluk_1_kucuk_C_bordur.051
21:36:51 | INFO: Blender create Mesh node M2_K1_bosluk_korkuluk_1_kucuk_C_bordur.052
21:36:51 | INFO: Blender create Mesh node M2_K1_bosluk_korkuluk_1_kucuk_C_bordur.053
21:36:51 | INFO: Blender create Mesh node M2_K1_bosluk_korkuluk_1_kucuk_C_bordur.054
21:36:51 | INFO: Blender create Mesh node M2_K1_bosluk_korkuluk_1_kucuk_C_bordur.055
21:36:51 | INFO: Blender create Mesh node M2_K1_bosluk_korkuluk_1_kucuk_C_bordur.056
21:36:51 | INFO: Blender create Mesh node M2_K1_bosluk_korkuluk_1_kucuk_C_bordur.057
21:36:51 | INFO: Blender create Mesh node M2_K1_bosluk_korkuluk_1_kucuk_C_bordur.058
21:36:51 | INFO: Blender create Mesh node M2_K1_bosluk_korkuluk_1_kucuk_C_bordur.059
21:36:51 | INFO: Blender create Mesh node M2_K1_bosluk_korkuluk_1_kucuk_C_bordur.060
21:36:51 | INFO: Blender create Mesh node M2_K1_bosluk_korkuluk_1_kucuk_C_bordur.061
21:36:51 | INFO: Blender create Mesh node M2_K1_bosluk_korkuluk_1_kucuk_C_bordur.062
21:36:51 | INFO: Blender create Mesh node M2_K1_bosluk_korkuluk_1_kucuk_C_bordur.063
21:36:51 | INFO: Blender create Mesh node M2_K1_bosluk_korkuluk_1_kupeste.001
21:36:51 | INFO: Blender create Mesh node M2_K1_bosluk_korkuluk_1_S_ana.010
21:36:51 | INFO: Blender create Mesh node M2_K1_bosluk_korkuluk_1_S_ana.011
21:36:51 | INFO: Blender create Mesh node M2_K1_bosluk_korkuluk_1_S_ana.012
21:36:51 | INFO: Blender create Mesh node M2_K1_bosluk_korkuluk_1_S_ana.013
21:36:51 | INFO: Blender create Mesh node M2_K1_bosluk_korkuluk_1_S_ana.014
21:36:51 | INFO: Blender create Mesh node M2_K1_bosluk_korkuluk_1_S_ana.015
21:36:51 | INFO: Blender create Mesh node M2_K1_bosluk_korkuluk_1_S_ana.016
21:36:51 | INFO: Blender create Mesh node M2_K1_bosluk_korkuluk_1_S_ana.017
21:36:51 | INFO: Blender create Mesh node M2_K1_bosluk_korkuluk_1_S_ana.018
21:36:51 | INFO: Blender create Mesh node M2_K1_bosluk_korkuluk_1_S_ana.019
21:36:51 | INFO: Blender create Mesh node M2_K1_sahanlik.001
21:36:51 | INFO: Blender create Mesh node M2_K1_sahanlik_alti.001
21:36:51 | INFO: Blender create Mesh node M2_K2_0_basamak.027
21:36:51 | INFO: Blender create Mesh node M2_K2_0_basamak.010
21:36:51 | INFO: Blender create Mesh node M2_K2_0_basamak.011
21:36:51 | INFO: Blender create Mesh node M2_K2_0_basamak.012
21:36:51 | INFO: Blender create Mesh node M2_K2_0_basamak.013
21:36:51 | INFO: Blender create Mesh node M2_K2_0_basamak.014
21:36:51 | INFO: Blender create Mesh node M2_K2_0_basamak.015
21:36:51 | INFO: Blender create Mesh node M2_K2_0_basamak.016
21:36:51 | INFO: Blender create Mesh node M2_K2_0_basamak.017
21:36:51 | INFO: Blender create Mesh node M2_K2_0_beyaz_altyapi.001
21:36:51 | INFO: Blender create Mesh node M2_K2_0_korkuluk_ayak.002
21:36:51 | INFO: Blender create Mesh node M2_K2_0_korkuluk_ayak.003
21:36:51 | INFO: Blender create Mesh node M2_K2_0_korkuluk_ayak.005
21:36:51 | INFO: Blender create Mesh node M2_K2_0_korkuluk_C_surgun.028
21:36:51 | INFO: Blender create Mesh node M2_K2_0_korkuluk_C_surgun.029
21:36:51 | INFO: Blender create Mesh node M2_K2_0_korkuluk_C_surgun.030
21:36:51 | INFO: Blender create Mesh node M2_K2_0_korkuluk_C_surgun.031
21:36:51 | INFO: Blender create Mesh node M2_K2_0_korkuluk_C_surgun.032
21:36:51 | INFO: Blender create Mesh node M2_K2_0_korkuluk_C_surgun.033
21:36:51 | INFO: Blender create Mesh node M2_K2_0_korkuluk_C_surgun.034
21:36:51 | INFO: Blender create Mesh node M2_K2_0_korkuluk_C_surgun.035
21:36:51 | INFO: Blender create Mesh node M2_K2_0_korkuluk_C_surgun.036
21:36:51 | INFO: Blender create Mesh node M2_K2_0_korkuluk_C_surgun.037
21:36:51 | INFO: Blender create Mesh node M2_K2_0_korkuluk_C_surgun.038
21:36:51 | INFO: Blender create Mesh node M2_K2_0_korkuluk_C_surgun.039
21:36:51 | INFO: Blender create Mesh node M2_K2_0_korkuluk_C_surgun.040
21:36:51 | INFO: Blender create Mesh node M2_K2_0_korkuluk_C_surgun.041
21:36:51 | INFO: Blender create Mesh node M2_K2_0_korkuluk_C_surgun.042
21:36:51 | INFO: Blender create Mesh node M2_K2_0_korkuluk_C_surgun.043
21:36:51 | INFO: Blender create Mesh node M2_K2_0_korkuluk_C_surgun.044
21:36:51 | INFO: Blender create Mesh node M2_K2_0_korkuluk_C_surgun.045
21:36:51 | INFO: Blender create Mesh node M2_K2_0_korkuluk_C_surgun.046
21:36:51 | INFO: Blender create Mesh node M2_K2_0_korkuluk_C_surgun.047
21:36:51 | INFO: Blender create Mesh node M2_K2_0_korkuluk_C_surgun.048
21:36:51 | INFO: Blender create Mesh node M2_K2_0_korkuluk_C_surgun.049
21:36:51 | INFO: Blender create Mesh node M2_K2_0_korkuluk_C_surgun.050
21:36:51 | INFO: Blender create Mesh node M2_K2_0_korkuluk_C_surgun.051
21:36:51 | INFO: Blender create Mesh node M2_K2_0_korkuluk_C_surgun.052
21:36:51 | INFO: Blender create Mesh node M2_K2_0_korkuluk_C_surgun.053
21:36:51 | INFO: Blender create Mesh node M2_K2_0_korkuluk_C_surgun.054
21:36:51 | INFO: Blender create Mesh node M2_K2_0_korkuluk_C_surgun.055
21:36:51 | INFO: Blender create Mesh node M2_K2_0_korkuluk_cerceve.002
21:36:51 | INFO: Blender create Mesh node M2_K2_0_korkuluk_cerceve.003
21:36:51 | INFO: Blender create Mesh node M2_K2_0_korkuluk_dikme.002
21:36:51 | INFO: Blender create Mesh node M2_K2_0_korkuluk_dikme.003
21:36:51 | INFO: Blender create Mesh node M2_K2_0_korkuluk_dikme.005
21:36:51 | INFO: Blender create Mesh node M2_K2_0_korkuluk_kucuk_C_bordur.048
21:36:51 | INFO: Blender create Mesh node M2_K2_0_korkuluk_kucuk_C_bordur.049
21:36:51 | INFO: Blender create Mesh node M2_K2_0_korkuluk_kucuk_C_bordur.050
21:36:51 | INFO: Blender create Mesh node M2_K2_0_korkuluk_kucuk_C_bordur.051
21:36:51 | INFO: Blender create Mesh node M2_K2_0_korkuluk_kucuk_C_bordur.052
21:36:51 | INFO: Blender create Mesh node M2_K2_0_korkuluk_kucuk_C_bordur.053
21:36:51 | INFO: Blender create Mesh node M2_K2_0_korkuluk_kucuk_C_bordur.054
21:36:51 | INFO: Blender create Mesh node M2_K2_0_korkuluk_kucuk_C_bordur.055
21:36:51 | INFO: Blender create Mesh node M2_K2_0_korkuluk_kucuk_C_bordur.056
21:36:51 | INFO: Blender create Mesh node M2_K2_0_korkuluk_kucuk_C_bordur.057
21:36:51 | INFO: Blender create Mesh node M2_K2_0_korkuluk_kucuk_C_bordur.058
21:36:51 | INFO: Blender create Mesh node M2_K2_0_korkuluk_kucuk_C_bordur.059
21:36:51 | INFO: Blender create Mesh node M2_K2_0_korkuluk_kucuk_C_bordur.060
21:36:51 | INFO: Blender create Mesh node M2_K2_0_korkuluk_kucuk_C_bordur.061
21:36:51 | INFO: Blender create Mesh node M2_K2_0_korkuluk_kucuk_C_bordur.062
21:36:51 | INFO: Blender create Mesh node M2_K2_0_korkuluk_kucuk_C_bordur.063
21:36:51 | INFO: Blender create Mesh node M2_K2_0_korkuluk_kucuk_C_bordur.064
21:36:51 | INFO: Blender create Mesh node M2_K2_0_korkuluk_kucuk_C_bordur.065
21:36:51 | INFO: Blender create Mesh node M2_K2_0_korkuluk_kucuk_C_bordur.066
21:36:51 | INFO: Blender create Mesh node M2_K2_0_korkuluk_kucuk_C_bordur.067
21:36:51 | INFO: Blender create Mesh node M2_K2_0_korkuluk_kucuk_C_bordur.068
21:36:51 | INFO: Blender create Mesh node M2_K2_0_korkuluk_kucuk_C_bordur.069
21:36:51 | INFO: Blender create Mesh node M2_K2_0_korkuluk_kucuk_C_bordur.070
21:36:51 | INFO: Blender create Mesh node M2_K2_0_korkuluk_kucuk_C_bordur.071
21:36:51 | INFO: Blender create Mesh node M2_K2_0_korkuluk_kucuk_C_bordur.072
21:36:51 | INFO: Blender create Mesh node M2_K2_0_korkuluk_kucuk_C_bordur.073
21:36:51 | INFO: Blender create Mesh node M2_K2_0_korkuluk_kucuk_C_bordur.074
21:36:51 | INFO: Blender create Mesh node M2_K2_0_korkuluk_kucuk_C_bordur.075
21:36:51 | INFO: Blender create Mesh node M2_K2_0_korkuluk_kucuk_C_bordur.076
21:36:51 | INFO: Blender create Mesh node M2_K2_0_korkuluk_kucuk_C_bordur.077
21:36:51 | INFO: Blender create Mesh node M2_K2_0_korkuluk_kucuk_C_bordur.078
21:36:51 | INFO: Blender create Mesh node M2_K2_0_korkuluk_kucuk_C_bordur.079
21:36:51 | INFO: Blender create Mesh node M2_K2_0_korkuluk_kucuk_C_bordur.080
21:36:51 | INFO: Blender create Mesh node M2_K2_0_korkuluk_kucuk_C_bordur.081
21:36:51 | INFO: Blender create Mesh node M2_K2_0_korkuluk_kucuk_C_bordur.082
21:36:51 | INFO: Blender create Mesh node M2_K2_0_korkuluk_kucuk_C_bordur.083
21:36:51 | INFO: Blender create Mesh node M2_K2_0_korkuluk_kucuk_C_bordur.084
21:36:51 | INFO: Blender create Mesh node M2_K2_0_korkuluk_kucuk_C_bordur.085
21:36:51 | INFO: Blender create Mesh node M2_K2_0_korkuluk_kucuk_C_bordur.086
21:36:51 | INFO: Blender create Mesh node M2_K2_0_korkuluk_kucuk_C_bordur.087
21:36:51 | INFO: Blender create Mesh node M2_K2_0_korkuluk_kucuk_C_bordur.088
21:36:51 | INFO: Blender create Mesh node M2_K2_0_korkuluk_kucuk_C_bordur.089
21:36:51 | INFO: Blender create Mesh node M2_K2_0_korkuluk_kucuk_C_bordur.090
21:36:51 | INFO: Blender create Mesh node M2_K2_0_korkuluk_kucuk_C_bordur.091
21:36:51 | INFO: Blender create Mesh node M2_K2_0_korkuluk_kucuk_C_bordur.092
21:36:51 | INFO: Blender create Mesh node M2_K2_0_korkuluk_kucuk_C_bordur.093
21:36:51 | INFO: Blender create Mesh node M2_K2_0_korkuluk_kucuk_C_bordur.094
21:36:51 | INFO: Blender create Mesh node M2_K2_0_korkuluk_kucuk_C_bordur.095
21:36:51 | INFO: Blender create Mesh node M2_K2_0_korkuluk_kupeste.001
21:36:51 | INFO: Blender create Mesh node M2_K2_0_korkuluk_S_ana.014
21:36:51 | INFO: Blender create Mesh node M2_K2_0_korkuluk_S_ana.015
21:36:51 | INFO: Blender create Mesh node M2_K2_0_korkuluk_S_ana.016
21:36:51 | INFO: Blender create Mesh node M2_K2_0_korkuluk_S_ana.017
21:36:51 | INFO: Blender create Mesh node M2_K2_0_korkuluk_S_ana.018
21:36:51 | INFO: Blender create Mesh node M2_K2_0_korkuluk_S_ana.019
21:36:51 | INFO: Blender create Mesh node M2_K2_0_korkuluk_S_ana.020
21:36:51 | INFO: Blender create Mesh node M2_K2_0_korkuluk_S_ana.021
21:36:51 | INFO: Blender create Mesh node M2_K2_0_korkuluk_S_ana.022
21:36:51 | INFO: Blender create Mesh node M2_K2_0_korkuluk_S_ana.023
21:36:51 | INFO: Blender create Mesh node M2_K2_0_korkuluk_S_ana.024
21:36:51 | INFO: Blender create Mesh node M2_K2_0_korkuluk_S_ana.025
21:36:51 | INFO: Blender create Mesh node M2_K2_0_korkuluk_S_ana.026
21:36:51 | INFO: Blender create Mesh node M2_K2_0_korkuluk_S_ana.027
21:36:51 | INFO: Blender create Mesh node M2_K2_0_riht.027
21:36:51 | INFO: Blender create Mesh node M2_K2_0_riht.010
21:36:51 | INFO: Blender create Mesh node M2_K2_0_riht.011
21:36:51 | INFO: Blender create Mesh node M2_K2_0_riht.012
21:36:51 | INFO: Blender create Mesh node M2_K2_0_riht.013
21:36:51 | INFO: Blender create Mesh node M2_K2_0_riht.014
21:36:51 | INFO: Blender create Mesh node M2_K2_0_riht.015
21:36:51 | INFO: Blender create Mesh node M2_K2_0_riht.016
21:36:51 | INFO: Blender create Mesh node M2_K2_0_riht.017
21:36:51 | INFO: Blender create Mesh node M2_K2_1_basamak.027
21:36:51 | INFO: Blender create Mesh node M2_K2_1_basamak.010
21:36:51 | INFO: Blender create Mesh node M2_K2_1_basamak.011
21:36:51 | INFO: Blender create Mesh node M2_K2_1_basamak.012
21:36:51 | INFO: Blender create Mesh node M2_K2_1_basamak.013
21:36:51 | INFO: Blender create Mesh node M2_K2_1_basamak.014
21:36:51 | INFO: Blender create Mesh node M2_K2_1_basamak.015
21:36:51 | INFO: Blender create Mesh node M2_K2_1_basamak.016
21:36:51 | INFO: Blender create Mesh node M2_K2_1_basamak.017
21:36:51 | INFO: Blender create Mesh node M2_K2_1_beyaz_altyapi.001
21:36:51 | INFO: Blender create Mesh node M2_K2_1_korkuluk_ayak.002
21:36:51 | INFO: Blender create Mesh node M2_K2_1_korkuluk_ayak.003
21:36:51 | INFO: Blender create Mesh node M2_K2_1_korkuluk_C_surgun.016
21:36:51 | INFO: Blender create Mesh node M2_K2_1_korkuluk_C_surgun.017
21:36:51 | INFO: Blender create Mesh node M2_K2_1_korkuluk_C_surgun.018
21:36:51 | INFO: Blender create Mesh node M2_K2_1_korkuluk_C_surgun.019
21:36:51 | INFO: Blender create Mesh node M2_K2_1_korkuluk_C_surgun.020
21:36:51 | INFO: Blender create Mesh node M2_K2_1_korkuluk_C_surgun.021
21:36:51 | INFO: Blender create Mesh node M2_K2_1_korkuluk_C_surgun.022
21:36:51 | INFO: Blender create Mesh node M2_K2_1_korkuluk_C_surgun.023
21:36:51 | INFO: Blender create Mesh node M2_K2_1_korkuluk_C_surgun.024
21:36:51 | INFO: Blender create Mesh node M2_K2_1_korkuluk_C_surgun.025
21:36:51 | INFO: Blender create Mesh node M2_K2_1_korkuluk_C_surgun.026
21:36:51 | INFO: Blender create Mesh node M2_K2_1_korkuluk_C_surgun.027
21:36:51 | INFO: Blender create Mesh node M2_K2_1_korkuluk_C_surgun.028
21:36:51 | INFO: Blender create Mesh node M2_K2_1_korkuluk_C_surgun.029
21:36:51 | INFO: Blender create Mesh node M2_K2_1_korkuluk_C_surgun.030
21:36:51 | INFO: Blender create Mesh node M2_K2_1_korkuluk_C_surgun.031
21:36:51 | INFO: Blender create Mesh node M2_K2_1_korkuluk_cerceve.002
21:36:51 | INFO: Blender create Mesh node M2_K2_1_korkuluk_cerceve.003
21:36:51 | INFO: Blender create Mesh node M2_K2_1_korkuluk_dikme.002
21:36:51 | INFO: Blender create Mesh node M2_K2_1_korkuluk_dikme.003
21:36:51 | INFO: Blender create Mesh node M2_K2_1_korkuluk_kupeste.001
21:36:51 | INFO: Blender create Mesh node M2_K2_1_korkuluk_pirinc_baglanti.004
21:36:51 | INFO: Blender create Mesh node M2_K2_1_korkuluk_pirinc_baglanti.005
21:36:52 | INFO: Blender create Mesh node M2_K2_1_korkuluk_pirinc_baglanti.006
21:36:52 | INFO: Blender create Mesh node M2_K2_1_korkuluk_pirinc_baglanti.007
21:36:52 | INFO: Blender create Mesh node M2_K2_1_korkuluk_S_ana.008
21:36:52 | INFO: Blender create Mesh node M2_K2_1_korkuluk_S_ana.009
21:36:52 | INFO: Blender create Mesh node M2_K2_1_korkuluk_S_ana.010
21:36:52 | INFO: Blender create Mesh node M2_K2_1_korkuluk_S_ana.011
21:36:52 | INFO: Blender create Mesh node M2_K2_1_korkuluk_S_ana.012
21:36:52 | INFO: Blender create Mesh node M2_K2_1_korkuluk_S_ana.013
21:36:52 | INFO: Blender create Mesh node M2_K2_1_korkuluk_S_ana.014
21:36:52 | INFO: Blender create Mesh node M2_K2_1_korkuluk_S_ana.015
21:36:52 | INFO: Blender create Mesh node M2_K2_1_korkuluk_zambak_sap.008
21:36:52 | INFO: Blender create Mesh node M2_K2_1_korkuluk_zambak_sap.009
21:36:52 | INFO: Blender create Mesh node M2_K2_1_korkuluk_zambak_sap.010
21:36:52 | INFO: Blender create Mesh node M2_K2_1_korkuluk_zambak_sap.011
21:36:52 | INFO: Blender create Mesh node M2_K2_1_korkuluk_zambak_sap.012
21:36:52 | INFO: Blender create Mesh node M2_K2_1_korkuluk_zambak_sap.013
21:36:52 | INFO: Blender create Mesh node M2_K2_1_korkuluk_zambak_sap.014
21:36:52 | INFO: Blender create Mesh node M2_K2_1_korkuluk_zambak_sap.015
21:36:52 | INFO: Blender create Mesh node M2_K2_1_korkuluk_zambak_yaprak.024
21:36:52 | INFO: Blender create Mesh node M2_K2_1_korkuluk_zambak_yaprak.025
21:36:52 | INFO: Blender create Mesh node M2_K2_1_korkuluk_zambak_yaprak.026
21:36:52 | INFO: Blender create Mesh node M2_K2_1_korkuluk_zambak_yaprak.027
21:36:52 | INFO: Blender create Mesh node M2_K2_1_korkuluk_zambak_yaprak.028
21:36:52 | INFO: Blender create Mesh node M2_K2_1_korkuluk_zambak_yaprak.029
21:36:52 | INFO: Blender create Mesh node M2_K2_1_korkuluk_zambak_yaprak.030
21:36:52 | INFO: Blender create Mesh node M2_K2_1_korkuluk_zambak_yaprak.031
21:36:52 | INFO: Blender create Mesh node M2_K2_1_korkuluk_zambak_yaprak.032
21:36:52 | INFO: Blender create Mesh node M2_K2_1_korkuluk_zambak_yaprak.033
21:36:52 | INFO: Blender create Mesh node M2_K2_1_korkuluk_zambak_yaprak.034
21:36:52 | INFO: Blender create Mesh node M2_K2_1_korkuluk_zambak_yaprak.035
21:36:52 | INFO: Blender create Mesh node M2_K2_1_korkuluk_zambak_yaprak.036
21:36:52 | INFO: Blender create Mesh node M2_K2_1_korkuluk_zambak_yaprak.037
21:36:52 | INFO: Blender create Mesh node M2_K2_1_korkuluk_zambak_yaprak.038
21:36:52 | INFO: Blender create Mesh node M2_K2_1_korkuluk_zambak_yaprak.039
21:36:52 | INFO: Blender create Mesh node M2_K2_1_korkuluk_zambak_yaprak.040
21:36:52 | INFO: Blender create Mesh node M2_K2_1_korkuluk_zambak_yaprak.041
21:36:52 | INFO: Blender create Mesh node M2_K2_1_korkuluk_zambak_yaprak.042
21:36:52 | INFO: Blender create Mesh node M2_K2_1_korkuluk_zambak_yaprak.043
21:36:52 | INFO: Blender create Mesh node M2_K2_1_korkuluk_zambak_yaprak.044
21:36:52 | INFO: Blender create Mesh node M2_K2_1_korkuluk_zambak_yaprak.045
21:36:52 | INFO: Blender create Mesh node M2_K2_1_korkuluk_zambak_yaprak.046
21:36:52 | INFO: Blender create Mesh node M2_K2_1_korkuluk_zambak_yaprak.047
21:36:52 | INFO: Blender create Mesh node M2_K2_1_riht.027
21:36:52 | INFO: Blender create Mesh node M2_K2_1_riht.010
21:36:52 | INFO: Blender create Mesh node M2_K2_1_riht.011
21:36:52 | INFO: Blender create Mesh node M2_K2_1_riht.012
21:36:52 | INFO: Blender create Mesh node M2_K2_1_riht.013
21:36:52 | INFO: Blender create Mesh node M2_K2_1_riht.014
21:36:52 | INFO: Blender create Mesh node M2_K2_1_riht.015
21:36:52 | INFO: Blender create Mesh node M2_K2_1_riht.016
21:36:52 | INFO: Blender create Mesh node M2_K2_1_riht.017
21:36:52 | INFO: Blender create Mesh node M2_K2_bosluk_korkuluk_0_ayak.002
21:36:52 | INFO: Blender create Mesh node M2_K2_bosluk_korkuluk_0_ayak.003
21:36:52 | INFO: Blender create Mesh node M2_K2_bosluk_korkuluk_0_C_surgun.012
21:36:52 | INFO: Blender create Mesh node M2_K2_bosluk_korkuluk_0_C_surgun.013
21:36:52 | INFO: Blender create Mesh node M2_K2_bosluk_korkuluk_0_C_surgun.014
21:36:52 | INFO: Blender create Mesh node M2_K2_bosluk_korkuluk_0_C_surgun.015
21:36:52 | INFO: Blender create Mesh node M2_K2_bosluk_korkuluk_0_C_surgun.016
21:36:52 | INFO: Blender create Mesh node M2_K2_bosluk_korkuluk_0_C_surgun.017
21:36:52 | INFO: Blender create Mesh node M2_K2_bosluk_korkuluk_0_C_surgun.018
21:36:52 | INFO: Blender create Mesh node M2_K2_bosluk_korkuluk_0_C_surgun.019
21:36:52 | INFO: Blender create Mesh node M2_K2_bosluk_korkuluk_0_C_surgun.020
21:36:52 | INFO: Blender create Mesh node M2_K2_bosluk_korkuluk_0_C_surgun.021
21:36:52 | INFO: Blender create Mesh node M2_K2_bosluk_korkuluk_0_C_surgun.022
21:36:52 | INFO: Blender create Mesh node M2_K2_bosluk_korkuluk_0_C_surgun.023
21:36:52 | INFO: Blender create Mesh node M2_K2_bosluk_korkuluk_0_cerceve.002
21:36:52 | INFO: Blender create Mesh node M2_K2_bosluk_korkuluk_0_cerceve.003
21:36:52 | INFO: Blender create Mesh node M2_K2_bosluk_korkuluk_0_dikme.002
21:36:52 | INFO: Blender create Mesh node M2_K2_bosluk_korkuluk_0_dikme.003
21:36:52 | INFO: Blender create Mesh node M2_K2_bosluk_korkuluk_0_kupeste.001
21:36:52 | INFO: Blender create Mesh node M2_K2_bosluk_korkuluk_0_pirinc_baglanti.003
21:36:52 | INFO: Blender create Mesh node M2_K2_bosluk_korkuluk_0_pirinc_baglanti.004
21:36:52 | INFO: Blender create Mesh node M2_K2_bosluk_korkuluk_0_pirinc_baglanti.005
21:36:52 | INFO: Blender create Mesh node M2_K2_bosluk_korkuluk_0_S_ana.006
21:36:52 | INFO: Blender create Mesh node M2_K2_bosluk_korkuluk_0_S_ana.007
21:36:52 | INFO: Blender create Mesh node M2_K2_bosluk_korkuluk_0_S_ana.008
21:36:52 | INFO: Blender create Mesh node M2_K2_bosluk_korkuluk_0_S_ana.009
21:36:52 | INFO: Blender create Mesh node M2_K2_bosluk_korkuluk_0_S_ana.010
21:36:52 | INFO: Blender create Mesh node M2_K2_bosluk_korkuluk_0_S_ana.011
21:36:52 | INFO: Blender create Mesh node M2_K2_bosluk_korkuluk_0_zambak_sap.006
21:36:52 | INFO: Blender create Mesh node M2_K2_bosluk_korkuluk_0_zambak_sap.007
21:36:52 | INFO: Blender create Mesh node M2_K2_bosluk_korkuluk_0_zambak_sap.008
21:36:52 | INFO: Blender create Mesh node M2_K2_bosluk_korkuluk_0_zambak_sap.009
21:36:52 | INFO: Blender create Mesh node M2_K2_bosluk_korkuluk_0_zambak_sap.010
21:36:52 | INFO: Blender create Mesh node M2_K2_bosluk_korkuluk_0_zambak_sap.011
21:36:52 | INFO: Blender create Mesh node M2_K2_bosluk_korkuluk_0_zambak_yaprak.018
21:36:52 | INFO: Blender create Mesh node M2_K2_bosluk_korkuluk_0_zambak_yaprak.019
21:36:52 | INFO: Blender create Mesh node M2_K2_bosluk_korkuluk_0_zambak_yaprak.020
21:36:52 | INFO: Blender create Mesh node M2_K2_bosluk_korkuluk_0_zambak_yaprak.021
21:36:52 | INFO: Blender create Mesh node M2_K2_bosluk_korkuluk_0_zambak_yaprak.022
21:36:52 | INFO: Blender create Mesh node M2_K2_bosluk_korkuluk_0_zambak_yaprak.023
21:36:52 | INFO: Blender create Mesh node M2_K2_bosluk_korkuluk_0_zambak_yaprak.024
21:36:52 | INFO: Blender create Mesh node M2_K2_bosluk_korkuluk_0_zambak_yaprak.025
21:36:52 | INFO: Blender create Mesh node M2_K2_bosluk_korkuluk_0_zambak_yaprak.026
21:36:52 | INFO: Blender create Mesh node M2_K2_bosluk_korkuluk_0_zambak_yaprak.027
21:36:52 | INFO: Blender create Mesh node M2_K2_bosluk_korkuluk_0_zambak_yaprak.028
21:36:52 | INFO: Blender create Mesh node M2_K2_bosluk_korkuluk_0_zambak_yaprak.029
21:36:52 | INFO: Blender create Mesh node M2_K2_bosluk_korkuluk_0_zambak_yaprak.030
21:36:52 | INFO: Blender create Mesh node M2_K2_bosluk_korkuluk_0_zambak_yaprak.031
21:36:52 | INFO: Blender create Mesh node M2_K2_bosluk_korkuluk_0_zambak_yaprak.032
21:36:52 | INFO: Blender create Mesh node M2_K2_bosluk_korkuluk_0_zambak_yaprak.033
21:36:52 | INFO: Blender create Mesh node M2_K2_bosluk_korkuluk_0_zambak_yaprak.034
21:36:52 | INFO: Blender create Mesh node M2_K2_bosluk_korkuluk_0_zambak_yaprak.035
21:36:52 | INFO: Blender create Mesh node M2_K2_sahanlik.001
21:36:52 | INFO: Blender create Mesh node M2_K2_sahanlik_alti.001
21:36:52 | INFO: Blender create Mesh node M3_01_dik_profil.012
21:36:52 | INFO: Blender create Mesh node M3_01_dik_profil.013
21:36:52 | INFO: Blender create Mesh node M3_01_dik_profil.014
21:36:52 | INFO: Blender create Mesh node M3_01_dik_profil.015
21:36:52 | INFO: Blender create Mesh node M3_01_dik_profil.016
21:36:52 | INFO: Blender create Mesh node M3_01_dik_profil.017
21:36:52 | INFO: Blender create Mesh node M3_01_dik_profil.018
21:36:52 | INFO: Blender create Mesh node M3_01_dik_profil.019
21:36:52 | INFO: Blender create Mesh node M3_01_dik_profil.020
21:36:52 | INFO: Blender create Mesh node M3_01_dik_profil.021
21:36:52 | INFO: Blender create Mesh node M3_01_dik_profil.022
21:36:52 | INFO: Blender create Mesh node M3_01_dik_profil.023
21:36:52 | INFO: Blender create Mesh node M3_01_esik_doseme.001
21:36:52 | INFO: Blender create Mesh node M3_01_gobek.006
21:36:52 | INFO: Blender create Mesh node M3_01_gobek.007
21:36:52 | INFO: Blender create Mesh node M3_01_gobek.008
21:36:52 | INFO: Blender create Mesh node M3_01_gobek.009
21:36:52 | INFO: Blender create Mesh node M3_01_gobek.010
21:36:52 | INFO: Blender create Mesh node M3_01_gobek.011
21:36:52 | INFO: Blender create Mesh node M3_01_kanat.001
21:36:52 | INFO: Blender create Mesh node M3_01_kasa.002
21:36:52 | INFO: Blender create Mesh node M3_01_kasa.003
21:36:52 | INFO: Blender create Mesh node M3_01_kulp
21:36:52 | INFO: Blender create Mesh node M3_01_kulp.001
21:36:52 | INFO: Blender create Mesh node M3_01_mentese
21:36:52 | INFO: Blender create Mesh node M3_01_mentese.001
21:36:52 | INFO: Blender create Mesh node M3_01_mentese.002
21:36:52 | INFO: Blender create Mesh node M3_01_pervaz.004
21:36:52 | INFO: Blender create Mesh node M3_01_pervaz.005
21:36:52 | INFO: Blender create Mesh node M3_01_pervaz.006
21:36:52 | INFO: Blender create Mesh node M3_01_pervaz.007
21:36:52 | INFO: Blender create Mesh node M3_01_ust_kasa.001
21:36:52 | INFO: Blender create Mesh node M3_01_ust_pervaz.002
21:36:52 | INFO: Blender create Mesh node M3_01_ust_pervaz.003
21:36:52 | INFO: Blender create Mesh node M3_01_yatay_profil.012
21:36:52 | INFO: Blender create Mesh node M3_01_yatay_profil.013
21:36:52 | INFO: Blender create Mesh node M3_01_yatay_profil.014
21:36:52 | INFO: Blender create Mesh node M3_01_yatay_profil.015
21:36:52 | INFO: Blender create Mesh node M3_01_yatay_profil.016
21:36:52 | INFO: Blender create Mesh node M3_01_yatay_profil.017
21:36:52 | INFO: Blender create Mesh node M3_01_yatay_profil.018
21:36:52 | INFO: Blender create Mesh node M3_01_yatay_profil.019
21:36:52 | INFO: Blender create Mesh node M3_01_yatay_profil.020
21:36:52 | INFO: Blender create Mesh node M3_01_yatay_profil.021
21:36:52 | INFO: Blender create Mesh node M3_01_yatay_profil.022
21:36:52 | INFO: Blender create Mesh node M3_01_yatay_profil.023
21:36:52 | INFO: Blender create Mesh node M3_02_dik_profil.024
21:36:52 | INFO: Blender create Mesh node M3_02_dik_profil.025
21:36:52 | INFO: Blender create Mesh node M3_02_dik_profil.026
21:36:52 | INFO: Blender create Mesh node M3_02_dik_profil.027
21:36:52 | INFO: Blender create Mesh node M3_02_dik_profil.028
21:36:52 | INFO: Blender create Mesh node M3_02_dik_profil.029
21:36:52 | INFO: Blender create Mesh node M3_02_dik_profil.030
21:36:52 | INFO: Blender create Mesh node M3_02_dik_profil.031
21:36:52 | INFO: Blender create Mesh node M3_02_dik_profil.032
21:36:52 | INFO: Blender create Mesh node M3_02_dik_profil.033
21:36:52 | INFO: Blender create Mesh node M3_02_dik_profil.034
21:36:52 | INFO: Blender create Mesh node M3_02_dik_profil.035
21:36:52 | INFO: Blender create Mesh node M3_02_dik_profil.036
21:36:52 | INFO: Blender create Mesh node M3_02_dik_profil.037
21:36:52 | INFO: Blender create Mesh node M3_02_dik_profil.038
21:36:52 | INFO: Blender create Mesh node M3_02_dik_profil.039
21:36:52 | INFO: Blender create Mesh node M3_02_dik_profil.040
21:36:52 | INFO: Blender create Mesh node M3_02_dik_profil.041
21:36:52 | INFO: Blender create Mesh node M3_02_dik_profil.042
21:36:52 | INFO: Blender create Mesh node M3_02_dik_profil.043
21:36:52 | INFO: Blender create Mesh node M3_02_dik_profil.044
21:36:52 | INFO: Blender create Mesh node M3_02_dik_profil.045
21:36:52 | INFO: Blender create Mesh node M3_02_dik_profil.046
21:36:52 | INFO: Blender create Mesh node M3_02_dik_profil.047
21:36:52 | INFO: Blender create Mesh node M3_02_esik_doseme.001
21:36:52 | INFO: Blender create Mesh node M3_02_gobek.012
21:36:52 | INFO: Blender create Mesh node M3_02_gobek.013
21:36:52 | INFO: Blender create Mesh node M3_02_gobek.014
21:36:52 | INFO: Blender create Mesh node M3_02_gobek.015
21:36:52 | INFO: Blender create Mesh node M3_02_gobek.016
21:36:52 | INFO: Blender create Mesh node M3_02_gobek.017
21:36:52 | INFO: Blender create Mesh node M3_02_gobek.018
21:36:52 | INFO: Blender create Mesh node M3_02_gobek.019
21:36:52 | INFO: Blender create Mesh node M3_02_gobek.020
21:36:52 | INFO: Blender create Mesh node M3_02_gobek.021
21:36:52 | INFO: Blender create Mesh node M3_02_gobek.022
21:36:52 | INFO: Blender create Mesh node M3_02_gobek.023
21:36:52 | INFO: Blender create Mesh node M3_02_kanat.001
21:36:52 | INFO: Blender create Mesh node M3_02_kasa.002
21:36:52 | INFO: Blender create Mesh node M3_02_kasa.003
21:36:52 | INFO: Blender create Mesh node M3_02_mentese
21:36:52 | INFO: Blender create Mesh node M3_02_mentese.001
21:36:52 | INFO: Blender create Mesh node M3_02_mentese.002
21:36:52 | INFO: Blender create Mesh node M3_02_pervaz.004
21:36:52 | INFO: Blender create Mesh node M3_02_pervaz.005
21:36:52 | INFO: Blender create Mesh node M3_02_pervaz.006
21:36:52 | INFO: Blender create Mesh node M3_02_pervaz.007
21:36:52 | INFO: Blender create Mesh node Sphere.009
21:36:52 | INFO: Blender create Mesh node Sphere.010
21:36:52 | INFO: Blender create Mesh node M3_02_topuz_mili
21:36:52 | INFO: Blender create Mesh node M3_02_topuz_mili.001
21:36:52 | INFO: Blender create Mesh node M3_02_ust_kasa.001
21:36:52 | INFO: Blender create Mesh node M3_02_ust_pervaz.002
21:36:52 | INFO: Blender create Mesh node M3_02_ust_pervaz.003
21:36:52 | INFO: Blender create Mesh node M3_02_yatay_profil.024
21:36:52 | INFO: Blender create Mesh node M3_02_yatay_profil.025
21:36:52 | INFO: Blender create Mesh node M3_02_yatay_profil.026
21:36:52 | INFO: Blender create Mesh node M3_02_yatay_profil.027
21:36:52 | INFO: Blender create Mesh node M3_02_yatay_profil.028
21:36:52 | INFO: Blender create Mesh node M3_02_yatay_profil.029
21:36:52 | INFO: Blender create Mesh node M3_02_yatay_profil.030
21:36:52 | INFO: Blender create Mesh node M3_02_yatay_profil.031
21:36:52 | INFO: Blender create Mesh node M3_02_yatay_profil.032
21:36:52 | INFO: Blender create Mesh node M3_02_yatay_profil.033
21:36:52 | INFO: Blender create Mesh node M3_02_yatay_profil.034
21:36:52 | INFO: Blender create Mesh node M3_02_yatay_profil.035
21:36:52 | INFO: Blender create Mesh node M3_02_yatay_profil.036
21:36:52 | INFO: Blender create Mesh node M3_02_yatay_profil.037
21:36:52 | INFO: Blender create Mesh node M3_02_yatay_profil.038
21:36:52 | INFO: Blender create Mesh node M3_02_yatay_profil.039
21:36:52 | INFO: Blender create Mesh node M3_02_yatay_profil.040
21:36:52 | INFO: Blender create Mesh node M3_02_yatay_profil.041
21:36:52 | INFO: Blender create Mesh node M3_02_yatay_profil.042
21:36:52 | INFO: Blender create Mesh node M3_02_yatay_profil.043
21:36:52 | INFO: Blender create Mesh node M3_02_yatay_profil.044
21:36:52 | INFO: Blender create Mesh node M3_02_yatay_profil.045
21:36:52 | INFO: Blender create Mesh node M3_02_yatay_profil.046
21:36:52 | INFO: Blender create Mesh node M3_02_yatay_profil.047
21:36:52 | INFO: Blender create Mesh node M3_03_dik_profil.024
21:36:52 | INFO: Blender create Mesh node M3_03_dik_profil.025
21:36:52 | INFO: Blender create Mesh node M3_03_dik_profil.026
21:36:52 | INFO: Blender create Mesh node M3_03_dik_profil.027
21:36:52 | INFO: Blender create Mesh node M3_03_dik_profil.028
21:36:52 | INFO: Blender create Mesh node M3_03_dik_profil.029
21:36:52 | INFO: Blender create Mesh node M3_03_dik_profil.030
21:36:52 | INFO: Blender create Mesh node M3_03_dik_profil.031
21:36:52 | INFO: Blender create Mesh node M3_03_dik_profil.032
21:36:52 | INFO: Blender create Mesh node M3_03_dik_profil.033
21:36:52 | INFO: Blender create Mesh node M3_03_dik_profil.034
21:36:52 | INFO: Blender create Mesh node M3_03_dik_profil.035
21:36:52 | INFO: Blender create Mesh node M3_03_dik_profil.036
21:36:52 | INFO: Blender create Mesh node M3_03_dik_profil.037
21:36:52 | INFO: Blender create Mesh node M3_03_dik_profil.038
21:36:52 | INFO: Blender create Mesh node M3_03_dik_profil.039
21:36:52 | INFO: Blender create Mesh node M3_03_dik_profil.040
21:36:52 | INFO: Blender create Mesh node M3_03_dik_profil.041
21:36:52 | INFO: Blender create Mesh node M3_03_dik_profil.042
21:36:52 | INFO: Blender create Mesh node M3_03_dik_profil.043
21:36:52 | INFO: Blender create Mesh node M3_03_dik_profil.044
21:36:52 | INFO: Blender create Mesh node M3_03_dik_profil.045
21:36:52 | INFO: Blender create Mesh node M3_03_dik_profil.046
21:36:52 | INFO: Blender create Mesh node M3_03_dik_profil.047
21:36:52 | INFO: Blender create Mesh node M3_03_esik_doseme.001
21:36:52 | INFO: Blender create Mesh node M3_03_gobek.012
21:36:52 | INFO: Blender create Mesh node M3_03_gobek.013
21:36:52 | INFO: Blender create Mesh node M3_03_gobek.014
21:36:52 | INFO: Blender create Mesh node M3_03_gobek.015
21:36:52 | INFO: Blender create Mesh node M3_03_gobek.016
21:36:52 | INFO: Blender create Mesh node M3_03_gobek.017
21:36:52 | INFO: Blender create Mesh node M3_03_gobek.018
21:36:52 | INFO: Blender create Mesh node M3_03_gobek.019
21:36:52 | INFO: Blender create Mesh node M3_03_gobek.020
21:36:52 | INFO: Blender create Mesh node M3_03_gobek.021
21:36:52 | INFO: Blender create Mesh node M3_03_gobek.022
21:36:52 | INFO: Blender create Mesh node M3_03_gobek.023
21:36:52 | INFO: Blender create Mesh node M3_03_kanat.001
21:36:52 | INFO: Blender create Mesh node M3_03_kasa.002
21:36:52 | INFO: Blender create Mesh node M3_03_kasa.003
21:36:52 | INFO: Blender create Mesh node M3_03_mentese
21:36:52 | INFO: Blender create Mesh node M3_03_mentese.001
21:36:52 | INFO: Blender create Mesh node M3_03_mentese.002
21:36:52 | INFO: Blender create Mesh node M3_03_pervaz.004
21:36:52 | INFO: Blender create Mesh node M3_03_pervaz.005
21:36:52 | INFO: Blender create Mesh node M3_03_pervaz.006
21:36:52 | INFO: Blender create Mesh node M3_03_pervaz.007
21:36:52 | INFO: Blender create Mesh node Sphere.011
21:36:52 | INFO: Blender create Mesh node Sphere.012
21:36:52 | INFO: Blender create Mesh node M3_03_topuz_mili
21:36:52 | INFO: Blender create Mesh node M3_03_topuz_mili.001
21:36:52 | INFO: Blender create Mesh node M3_03_ust_kasa.001
21:36:52 | INFO: Blender create Mesh node M3_03_ust_pervaz.002
21:36:52 | INFO: Blender create Mesh node M3_03_ust_pervaz.003
21:36:52 | INFO: Blender create Mesh node M3_03_yatay_profil.024
21:36:52 | INFO: Blender create Mesh node M3_03_yatay_profil.025
21:36:52 | INFO: Blender create Mesh node M3_03_yatay_profil.026
21:36:52 | INFO: Blender create Mesh node M3_03_yatay_profil.027
21:36:52 | INFO: Blender create Mesh node M3_03_yatay_profil.028
21:36:52 | INFO: Blender create Mesh node M3_03_yatay_profil.029
21:36:52 | INFO: Blender create Mesh node M3_03_yatay_profil.030
21:36:52 | INFO: Blender create Mesh node M3_03_yatay_profil.031
21:36:52 | INFO: Blender create Mesh node M3_03_yatay_profil.032
21:36:52 | INFO: Blender create Mesh node M3_03_yatay_profil.033
21:36:52 | INFO: Blender create Mesh node M3_03_yatay_profil.034
21:36:52 | INFO: Blender create Mesh node M3_03_yatay_profil.035
21:36:52 | INFO: Blender create Mesh node M3_03_yatay_profil.036
21:36:52 | INFO: Blender create Mesh node M3_03_yatay_profil.037
21:36:53 | INFO: Blender create Mesh node M3_03_yatay_profil.038
21:36:53 | INFO: Blender create Mesh node M3_03_yatay_profil.039
21:36:53 | INFO: Blender create Mesh node M3_03_yatay_profil.040
21:36:53 | INFO: Blender create Mesh node M3_03_yatay_profil.041
21:36:53 | INFO: Blender create Mesh node M3_03_yatay_profil.042
21:36:53 | INFO: Blender create Mesh node M3_03_yatay_profil.043
21:36:53 | INFO: Blender create Mesh node M3_03_yatay_profil.044
21:36:53 | INFO: Blender create Mesh node M3_03_yatay_profil.045
21:36:53 | INFO: Blender create Mesh node M3_03_yatay_profil.046
21:36:53 | INFO: Blender create Mesh node M3_03_yatay_profil.047
21:36:53 | INFO: Blender create Mesh node M3_04_dik_profil.024
21:36:53 | INFO: Blender create Mesh node M3_04_dik_profil.025
21:36:53 | INFO: Blender create Mesh node M3_04_dik_profil.026
21:36:53 | INFO: Blender create Mesh node M3_04_dik_profil.027
21:36:53 | INFO: Blender create Mesh node M3_04_dik_profil.028
21:36:53 | INFO: Blender create Mesh node M3_04_dik_profil.029
21:36:53 | INFO: Blender create Mesh node M3_04_dik_profil.030
21:36:53 | INFO: Blender create Mesh node M3_04_dik_profil.031
21:36:53 | INFO: Blender create Mesh node M3_04_dik_profil.032
21:36:53 | INFO: Blender create Mesh node M3_04_dik_profil.033
21:36:53 | INFO: Blender create Mesh node M3_04_dik_profil.034
21:36:53 | INFO: Blender create Mesh node M3_04_dik_profil.035
21:36:53 | INFO: Blender create Mesh node M3_04_dik_profil.036
21:36:53 | INFO: Blender create Mesh node M3_04_dik_profil.037
21:36:53 | INFO: Blender create Mesh node M3_04_dik_profil.038
21:36:53 | INFO: Blender create Mesh node M3_04_dik_profil.039
21:36:53 | INFO: Blender create Mesh node M3_04_dik_profil.040
21:36:53 | INFO: Blender create Mesh node M3_04_dik_profil.041
21:36:53 | INFO: Blender create Mesh node M3_04_dik_profil.042
21:36:53 | INFO: Blender create Mesh node M3_04_dik_profil.043
21:36:53 | INFO: Blender create Mesh node M3_04_dik_profil.044
21:36:53 | INFO: Blender create Mesh node M3_04_dik_profil.045
21:36:53 | INFO: Blender create Mesh node M3_04_dik_profil.046
21:36:53 | INFO: Blender create Mesh node M3_04_dik_profil.047
21:36:53 | INFO: Blender create Mesh node M3_04_esik_doseme.001
21:36:53 | INFO: Blender create Mesh node M3_04_gobek.012
21:36:53 | INFO: Blender create Mesh node M3_04_gobek.013
21:36:53 | INFO: Blender create Mesh node M3_04_gobek.014
21:36:53 | INFO: Blender create Mesh node M3_04_gobek.015
21:36:53 | INFO: Blender create Mesh node M3_04_gobek.016
21:36:53 | INFO: Blender create Mesh node M3_04_gobek.017
21:36:53 | INFO: Blender create Mesh node M3_04_gobek.018
21:36:53 | INFO: Blender create Mesh node M3_04_gobek.019
21:36:53 | INFO: Blender create Mesh node M3_04_gobek.020
21:36:53 | INFO: Blender create Mesh node M3_04_gobek.021
21:36:53 | INFO: Blender create Mesh node M3_04_gobek.022
21:36:53 | INFO: Blender create Mesh node M3_04_gobek.023
21:36:53 | INFO: Blender create Mesh node M3_04_kanat.001
21:36:53 | INFO: Blender create Mesh node M3_04_kasa.002
21:36:53 | INFO: Blender create Mesh node M3_04_kasa.003
21:36:53 | INFO: Blender create Mesh node M3_04_mentese
21:36:53 | INFO: Blender create Mesh node M3_04_mentese.001
21:36:53 | INFO: Blender create Mesh node M3_04_mentese.002
21:36:53 | INFO: Blender create Mesh node M3_04_pervaz.004
21:36:53 | INFO: Blender create Mesh node M3_04_pervaz.005
21:36:53 | INFO: Blender create Mesh node M3_04_pervaz.006
21:36:53 | INFO: Blender create Mesh node M3_04_pervaz.007
21:36:53 | INFO: Blender create Mesh node Sphere.013
21:36:53 | INFO: Blender create Mesh node Sphere.014
21:36:53 | INFO: Blender create Mesh node M3_04_topuz_mili
21:36:53 | INFO: Blender create Mesh node M3_04_topuz_mili.001
21:36:53 | INFO: Blender create Mesh node M3_04_ust_kasa.001
21:36:53 | INFO: Blender create Mesh node M3_04_ust_pervaz.002
21:36:53 | INFO: Blender create Mesh node M3_04_ust_pervaz.003
21:36:53 | INFO: Blender create Mesh node M3_04_yatay_profil.024
21:36:53 | INFO: Blender create Mesh node M3_04_yatay_profil.025
21:36:53 | INFO: Blender create Mesh node M3_04_yatay_profil.026
21:36:53 | INFO: Blender create Mesh node M3_04_yatay_profil.027
21:36:53 | INFO: Blender create Mesh node M3_04_yatay_profil.028
21:36:53 | INFO: Blender create Mesh node M3_04_yatay_profil.029
21:36:53 | INFO: Blender create Mesh node M3_04_yatay_profil.030
21:36:53 | INFO: Blender create Mesh node M3_04_yatay_profil.031
21:36:53 | INFO: Blender create Mesh node M3_04_yatay_profil.032
21:36:53 | INFO: Blender create Mesh node M3_04_yatay_profil.033
21:36:53 | INFO: Blender create Mesh node M3_04_yatay_profil.034
21:36:53 | INFO: Blender create Mesh node M3_04_yatay_profil.035
21:36:53 | INFO: Blender create Mesh node M3_04_yatay_profil.036
21:36:53 | INFO: Blender create Mesh node M3_04_yatay_profil.037
21:36:53 | INFO: Blender create Mesh node M3_04_yatay_profil.038
21:36:53 | INFO: Blender create Mesh node M3_04_yatay_profil.039
21:36:53 | INFO: Blender create Mesh node M3_04_yatay_profil.040
21:36:53 | INFO: Blender create Mesh node M3_04_yatay_profil.041
21:36:53 | INFO: Blender create Mesh node M3_04_yatay_profil.042
21:36:53 | INFO: Blender create Mesh node M3_04_yatay_profil.043
21:36:53 | INFO: Blender create Mesh node M3_04_yatay_profil.044
21:36:53 | INFO: Blender create Mesh node M3_04_yatay_profil.045
21:36:53 | INFO: Blender create Mesh node M3_04_yatay_profil.046
21:36:53 | INFO: Blender create Mesh node M3_04_yatay_profil.047
21:36:53 | INFO: Blender create Mesh node M3_05_dik_profil.024
21:36:53 | INFO: Blender create Mesh node M3_05_dik_profil.025
21:36:53 | INFO: Blender create Mesh node M3_05_dik_profil.026
21:36:53 | INFO: Blender create Mesh node M3_05_dik_profil.027
21:36:53 | INFO: Blender create Mesh node M3_05_dik_profil.028
21:36:53 | INFO: Blender create Mesh node M3_05_dik_profil.029
21:36:53 | INFO: Blender create Mesh node M3_05_dik_profil.030
21:36:53 | INFO: Blender create Mesh node M3_05_dik_profil.031
21:36:53 | INFO: Blender create Mesh node M3_05_dik_profil.032
21:36:53 | INFO: Blender create Mesh node M3_05_dik_profil.033
21:36:53 | INFO: Blender create Mesh node M3_05_dik_profil.034
21:36:53 | INFO: Blender create Mesh node M3_05_dik_profil.035
21:36:53 | INFO: Blender create Mesh node M3_05_dik_profil.036
21:36:53 | INFO: Blender create Mesh node M3_05_dik_profil.037
21:36:53 | INFO: Blender create Mesh node M3_05_dik_profil.038
21:36:53 | INFO: Blender create Mesh node M3_05_dik_profil.039
21:36:53 | INFO: Blender create Mesh node M3_05_dik_profil.040
21:36:53 | INFO: Blender create Mesh node M3_05_dik_profil.041
21:36:53 | INFO: Blender create Mesh node M3_05_dik_profil.042
21:36:53 | INFO: Blender create Mesh node M3_05_dik_profil.043
21:36:53 | INFO: Blender create Mesh node M3_05_dik_profil.044
21:36:53 | INFO: Blender create Mesh node M3_05_dik_profil.045
21:36:53 | INFO: Blender create Mesh node M3_05_dik_profil.046
21:36:53 | INFO: Blender create Mesh node M3_05_dik_profil.047
21:36:53 | INFO: Blender create Mesh node M3_05_esik_doseme.001
21:36:53 | INFO: Blender create Mesh node M3_05_gobek.012
21:36:53 | INFO: Blender create Mesh node M3_05_gobek.013
21:36:53 | INFO: Blender create Mesh node M3_05_gobek.014
21:36:53 | INFO: Blender create Mesh node M3_05_gobek.015
21:36:53 | INFO: Blender create Mesh node M3_05_gobek.016
21:36:53 | INFO: Blender create Mesh node M3_05_gobek.017
21:36:53 | INFO: Blender create Mesh node M3_05_gobek.018
21:36:53 | INFO: Blender create Mesh node M3_05_gobek.019
21:36:53 | INFO: Blender create Mesh node M3_05_gobek.020
21:36:53 | INFO: Blender create Mesh node M3_05_gobek.021
21:36:53 | INFO: Blender create Mesh node M3_05_gobek.022
21:36:53 | INFO: Blender create Mesh node M3_05_gobek.023
21:36:53 | INFO: Blender create Mesh node M3_05_kanat.001
21:36:53 | INFO: Blender create Mesh node M3_05_kasa.002
21:36:53 | INFO: Blender create Mesh node M3_05_kasa.003
21:36:53 | INFO: Blender create Mesh node M3_05_kulp
21:36:53 | INFO: Blender create Mesh node M3_05_kulp.001
21:36:53 | INFO: Blender create Mesh node M3_05_mentese
21:36:53 | INFO: Blender create Mesh node M3_05_mentese.001
21:36:53 | INFO: Blender create Mesh node M3_05_mentese.002
21:36:53 | INFO: Blender create Mesh node M3_05_pervaz.004
21:36:53 | INFO: Blender create Mesh node M3_05_pervaz.005
21:36:53 | INFO: Blender create Mesh node M3_05_pervaz.006
21:36:53 | INFO: Blender create Mesh node M3_05_pervaz.007
21:36:53 | INFO: Blender create Mesh node M3_05_ust_kasa.001
21:36:53 | INFO: Blender create Mesh node M3_05_ust_pervaz.002
21:36:53 | INFO: Blender create Mesh node M3_05_ust_pervaz.003
21:36:53 | INFO: Blender create Mesh node M3_05_yatay_profil.024
21:36:53 | INFO: Blender create Mesh node M3_05_yatay_profil.025
21:36:53 | INFO: Blender create Mesh node M3_05_yatay_profil.026
21:36:53 | INFO: Blender create Mesh node M3_05_yatay_profil.027
21:36:53 | INFO: Blender create Mesh node M3_05_yatay_profil.028
21:36:53 | INFO: Blender create Mesh node M3_05_yatay_profil.029
21:36:53 | INFO: Blender create Mesh node M3_05_yatay_profil.030
21:36:53 | INFO: Blender create Mesh node M3_05_yatay_profil.031
21:36:53 | INFO: Blender create Mesh node M3_05_yatay_profil.032
21:36:53 | INFO: Blender create Mesh node M3_05_yatay_profil.033
21:36:53 | INFO: Blender create Mesh node M3_05_yatay_profil.034
21:36:53 | INFO: Blender create Mesh node M3_05_yatay_profil.035
21:36:53 | INFO: Blender create Mesh node M3_05_yatay_profil.036
21:36:53 | INFO: Blender create Mesh node M3_05_yatay_profil.037
21:36:53 | INFO: Blender create Mesh node M3_05_yatay_profil.038
21:36:53 | INFO: Blender create Mesh node M3_05_yatay_profil.039
21:36:53 | INFO: Blender create Mesh node M3_05_yatay_profil.040
21:36:53 | INFO: Blender create Mesh node M3_05_yatay_profil.041
21:36:53 | INFO: Blender create Mesh node M3_05_yatay_profil.042
21:36:53 | INFO: Blender create Mesh node M3_05_yatay_profil.043
21:36:53 | INFO: Blender create Mesh node M3_05_yatay_profil.044
21:36:53 | INFO: Blender create Mesh node M3_05_yatay_profil.045
21:36:53 | INFO: Blender create Mesh node M3_05_yatay_profil.046
21:36:53 | INFO: Blender create Mesh node M3_05_yatay_profil.047
21:36:53 | INFO: Blender create Mesh node M3_06_dik_profil.024
21:36:53 | INFO: Blender create Mesh node M3_06_dik_profil.025
21:36:53 | INFO: Blender create Mesh node M3_06_dik_profil.026
21:36:53 | INFO: Blender create Mesh node M3_06_dik_profil.027
21:36:53 | INFO: Blender create Mesh node M3_06_dik_profil.028
21:36:53 | INFO: Blender create Mesh node M3_06_dik_profil.029
21:36:53 | INFO: Blender create Mesh node M3_06_dik_profil.030
21:36:53 | INFO: Blender create Mesh node M3_06_dik_profil.031
21:36:53 | INFO: Blender create Mesh node M3_06_dik_profil.032
21:36:53 | INFO: Blender create Mesh node M3_06_dik_profil.033
21:36:53 | INFO: Blender create Mesh node M3_06_dik_profil.034
21:36:53 | INFO: Blender create Mesh node M3_06_dik_profil.035
21:36:53 | INFO: Blender create Mesh node M3_06_dik_profil.036
21:36:53 | INFO: Blender create Mesh node M3_06_dik_profil.037
21:36:53 | INFO: Blender create Mesh node M3_06_dik_profil.038
21:36:53 | INFO: Blender create Mesh node M3_06_dik_profil.039
21:36:53 | INFO: Blender create Mesh node M3_06_dik_profil.040
21:36:53 | INFO: Blender create Mesh node M3_06_dik_profil.041
21:36:53 | INFO: Blender create Mesh node M3_06_dik_profil.042
21:36:53 | INFO: Blender create Mesh node M3_06_dik_profil.043
21:36:53 | INFO: Blender create Mesh node M3_06_dik_profil.044
21:36:53 | INFO: Blender create Mesh node M3_06_dik_profil.045
21:36:53 | INFO: Blender create Mesh node M3_06_dik_profil.046
21:36:53 | INFO: Blender create Mesh node M3_06_dik_profil.047
21:36:53 | INFO: Blender create Mesh node M3_06_esik_doseme.001
21:36:53 | INFO: Blender create Mesh node M3_06_gobek.012
21:36:53 | INFO: Blender create Mesh node M3_06_gobek.013
21:36:53 | INFO: Blender create Mesh node M3_06_gobek.014
21:36:53 | INFO: Blender create Mesh node M3_06_gobek.015
21:36:53 | INFO: Blender create Mesh node M3_06_gobek.016
21:36:53 | INFO: Blender create Mesh node M3_06_gobek.017
21:36:53 | INFO: Blender create Mesh node M3_06_gobek.018
21:36:53 | INFO: Blender create Mesh node M3_06_gobek.019
21:36:53 | INFO: Blender create Mesh node M3_06_gobek.020
21:36:53 | INFO: Blender create Mesh node M3_06_gobek.021
21:36:53 | INFO: Blender create Mesh node M3_06_gobek.022
21:36:53 | INFO: Blender create Mesh node M3_06_gobek.023
21:36:53 | INFO: Blender create Mesh node M3_06_kanat.001
21:36:53 | INFO: Blender create Mesh node M3_06_kasa.002
21:36:53 | INFO: Blender create Mesh node M3_06_kasa.003
21:36:53 | INFO: Blender create Mesh node M3_06_mentese
21:36:53 | INFO: Blender create Mesh node M3_06_mentese.001
21:36:53 | INFO: Blender create Mesh node M3_06_mentese.002
21:36:53 | INFO: Blender create Mesh node M3_06_pervaz.004
21:36:53 | INFO: Blender create Mesh node M3_06_pervaz.005
21:36:53 | INFO: Blender create Mesh node M3_06_pervaz.006
21:36:53 | INFO: Blender create Mesh node M3_06_pervaz.007
21:36:53 | INFO: Blender create Mesh node Sphere.015
21:36:54 | INFO: Blender create Mesh node Sphere.016
21:36:54 | INFO: Blender create Mesh node M3_06_topuz_mili
21:36:54 | INFO: Blender create Mesh node M3_06_topuz_mili.001
21:36:54 | INFO: Blender create Mesh node M3_06_ust_kasa.001
21:36:54 | INFO: Blender create Mesh node M3_06_ust_pervaz.002
21:36:54 | INFO: Blender create Mesh node M3_06_ust_pervaz.003
21:36:54 | INFO: Blender create Mesh node M3_06_yatay_profil.024
21:36:54 | INFO: Blender create Mesh node M3_06_yatay_profil.025
21:36:54 | INFO: Blender create Mesh node M3_06_yatay_profil.026
21:36:54 | INFO: Blender create Mesh node M3_06_yatay_profil.027
21:36:54 | INFO: Blender create Mesh node M3_06_yatay_profil.028
21:36:54 | INFO: Blender create Mesh node M3_06_yatay_profil.029
21:36:54 | INFO: Blender create Mesh node M3_06_yatay_profil.030
21:36:54 | INFO: Blender create Mesh node M3_06_yatay_profil.031
21:36:54 | INFO: Blender create Mesh node M3_06_yatay_profil.032
21:36:54 | INFO: Blender create Mesh node M3_06_yatay_profil.033
21:36:54 | INFO: Blender create Mesh node M3_06_yatay_profil.034
21:36:54 | INFO: Blender create Mesh node M3_06_yatay_profil.035
21:36:54 | INFO: Blender create Mesh node M3_06_yatay_profil.036
21:36:54 | INFO: Blender create Mesh node M3_06_yatay_profil.037
21:36:54 | INFO: Blender create Mesh node M3_06_yatay_profil.038
21:36:54 | INFO: Blender create Mesh node M3_06_yatay_profil.039
21:36:54 | INFO: Blender create Mesh node M3_06_yatay_profil.040
21:36:54 | INFO: Blender create Mesh node M3_06_yatay_profil.041
21:36:54 | INFO: Blender create Mesh node M3_06_yatay_profil.042
21:36:54 | INFO: Blender create Mesh node M3_06_yatay_profil.043
21:36:54 | INFO: Blender create Mesh node M3_06_yatay_profil.044
21:36:54 | INFO: Blender create Mesh node M3_06_yatay_profil.045
21:36:54 | INFO: Blender create Mesh node M3_06_yatay_profil.046
21:36:54 | INFO: Blender create Mesh node M3_06_yatay_profil.047
21:36:54 | INFO: Blender create Mesh node M3_07_dik_profil.024
21:36:54 | INFO: Blender create Mesh node M3_07_dik_profil.025
21:36:54 | INFO: Blender create Mesh node M3_07_dik_profil.026
21:36:54 | INFO: Blender create Mesh node M3_07_dik_profil.027
21:36:54 | INFO: Blender create Mesh node M3_07_dik_profil.028
21:36:54 | INFO: Blender create Mesh node M3_07_dik_profil.029
21:36:54 | INFO: Blender create Mesh node M3_07_dik_profil.030
21:36:54 | INFO: Blender create Mesh node M3_07_dik_profil.031
21:36:54 | INFO: Blender create Mesh node M3_07_dik_profil.032
21:36:54 | INFO: Blender create Mesh node M3_07_dik_profil.033
21:36:54 | INFO: Blender create Mesh node M3_07_dik_profil.034
21:36:54 | INFO: Blender create Mesh node M3_07_dik_profil.035
21:36:54 | INFO: Blender create Mesh node M3_07_dik_profil.036
21:36:54 | INFO: Blender create Mesh node M3_07_dik_profil.037
21:36:54 | INFO: Blender create Mesh node M3_07_dik_profil.038
21:36:54 | INFO: Blender create Mesh node M3_07_dik_profil.039
21:36:54 | INFO: Blender create Mesh node M3_07_dik_profil.040
21:36:54 | INFO: Blender create Mesh node M3_07_dik_profil.041
21:36:54 | INFO: Blender create Mesh node M3_07_dik_profil.042
21:36:54 | INFO: Blender create Mesh node M3_07_dik_profil.043
21:36:54 | INFO: Blender create Mesh node M3_07_dik_profil.044
21:36:54 | INFO: Blender create Mesh node M3_07_dik_profil.045
21:36:54 | INFO: Blender create Mesh node M3_07_dik_profil.046
21:36:54 | INFO: Blender create Mesh node M3_07_dik_profil.047
21:36:54 | INFO: Blender create Mesh node M3_07_esik_doseme.001
21:36:54 | INFO: Blender create Mesh node M3_07_gobek.012
21:36:54 | INFO: Blender create Mesh node M3_07_gobek.013
21:36:54 | INFO: Blender create Mesh node M3_07_gobek.014
21:36:54 | INFO: Blender create Mesh node M3_07_gobek.015
21:36:54 | INFO: Blender create Mesh node M3_07_gobek.016
21:36:54 | INFO: Blender create Mesh node M3_07_gobek.017
21:36:54 | INFO: Blender create Mesh node M3_07_gobek.018
21:36:54 | INFO: Blender create Mesh node M3_07_gobek.019
21:36:54 | INFO: Blender create Mesh node M3_07_gobek.020
21:36:54 | INFO: Blender create Mesh node M3_07_gobek.021
21:36:54 | INFO: Blender create Mesh node M3_07_gobek.022
21:36:54 | INFO: Blender create Mesh node M3_07_gobek.023
21:36:54 | INFO: Blender create Mesh node M3_07_kanat.001
21:36:54 | INFO: Blender create Mesh node M3_07_kasa.002
21:36:54 | INFO: Blender create Mesh node M3_07_kasa.003
21:36:54 | INFO: Blender create Mesh node M3_07_mentese
21:36:54 | INFO: Blender create Mesh node M3_07_mentese.001
21:36:54 | INFO: Blender create Mesh node M3_07_mentese.002
21:36:54 | INFO: Blender create Mesh node M3_07_pervaz.004
21:36:54 | INFO: Blender create Mesh node M3_07_pervaz.005
21:36:54 | INFO: Blender create Mesh node M3_07_pervaz.006
21:36:54 | INFO: Blender create Mesh node M3_07_pervaz.007
21:36:54 | INFO: Blender create Mesh node Sphere.017
21:36:54 | INFO: Blender create Mesh node Sphere.018
21:36:54 | INFO: Blender create Mesh node M3_07_topuz_mili
21:36:54 | INFO: Blender create Mesh node M3_07_topuz_mili.001
21:36:54 | INFO: Blender create Mesh node M3_07_ust_kasa.001
21:36:54 | INFO: Blender create Mesh node M3_07_ust_pervaz.002
21:36:54 | INFO: Blender create Mesh node M3_07_ust_pervaz.003
21:36:54 | INFO: Blender create Mesh node M3_07_yatay_profil.024
21:36:54 | INFO: Blender create Mesh node M3_07_yatay_profil.025
21:36:54 | INFO: Blender create Mesh node M3_07_yatay_profil.026
21:36:54 | INFO: Blender create Mesh node M3_07_yatay_profil.027
21:36:54 | INFO: Blender create Mesh node M3_07_yatay_profil.028
21:36:54 | INFO: Blender create Mesh node M3_07_yatay_profil.029
21:36:54 | INFO: Blender create Mesh node M3_07_yatay_profil.030
21:36:54 | INFO: Blender create Mesh node M3_07_yatay_profil.031
21:36:54 | INFO: Blender create Mesh node M3_07_yatay_profil.032
21:36:54 | INFO: Blender create Mesh node M3_07_yatay_profil.033
21:36:54 | INFO: Blender create Mesh node M3_07_yatay_profil.034
21:36:54 | INFO: Blender create Mesh node M3_07_yatay_profil.035
21:36:54 | INFO: Blender create Mesh node M3_07_yatay_profil.036
21:36:54 | INFO: Blender create Mesh node M3_07_yatay_profil.037
21:36:54 | INFO: Blender create Mesh node M3_07_yatay_profil.038
21:36:54 | INFO: Blender create Mesh node M3_07_yatay_profil.039
21:36:54 | INFO: Blender create Mesh node M3_07_yatay_profil.040
21:36:54 | INFO: Blender create Mesh node M3_07_yatay_profil.041
21:36:54 | INFO: Blender create Mesh node M3_07_yatay_profil.042
21:36:54 | INFO: Blender create Mesh node M3_07_yatay_profil.043
21:36:54 | INFO: Blender create Mesh node M3_07_yatay_profil.044
21:36:54 | INFO: Blender create Mesh node M3_07_yatay_profil.045
21:36:54 | INFO: Blender create Mesh node M3_07_yatay_profil.046
21:36:54 | INFO: Blender create Mesh node M3_07_yatay_profil.047
21:36:54 | INFO: Blender create Mesh node M3_08_dik_profil.024
21:36:54 | INFO: Blender create Mesh node M3_08_dik_profil.025
21:36:54 | INFO: Blender create Mesh node M3_08_dik_profil.026
21:36:54 | INFO: Blender create Mesh node M3_08_dik_profil.027
21:36:54 | INFO: Blender create Mesh node M3_08_dik_profil.028
21:36:54 | INFO: Blender create Mesh node M3_08_dik_profil.029
21:36:54 | INFO: Blender create Mesh node M3_08_dik_profil.030
21:36:54 | INFO: Blender create Mesh node M3_08_dik_profil.031
21:36:54 | INFO: Blender create Mesh node M3_08_dik_profil.032
21:36:54 | INFO: Blender create Mesh node M3_08_dik_profil.033
21:36:54 | INFO: Blender create Mesh node M3_08_dik_profil.034
21:36:54 | INFO: Blender create Mesh node M3_08_dik_profil.035
21:36:54 | INFO: Blender create Mesh node M3_08_dik_profil.036
21:36:54 | INFO: Blender create Mesh node M3_08_dik_profil.037
21:36:54 | INFO: Blender create Mesh node M3_08_dik_profil.038
21:36:54 | INFO: Blender create Mesh node M3_08_dik_profil.039
21:36:54 | INFO: Blender create Mesh node M3_08_dik_profil.040
21:36:54 | INFO: Blender create Mesh node M3_08_dik_profil.041
21:36:54 | INFO: Blender create Mesh node M3_08_dik_profil.042
21:36:54 | INFO: Blender create Mesh node M3_08_dik_profil.043
21:36:54 | INFO: Blender create Mesh node M3_08_dik_profil.044
21:36:54 | INFO: Blender create Mesh node M3_08_dik_profil.045
21:36:54 | INFO: Blender create Mesh node M3_08_dik_profil.046
21:36:54 | INFO: Blender create Mesh node M3_08_dik_profil.047
21:36:54 | INFO: Blender create Mesh node M3_08_esik_doseme.001
21:36:54 | INFO: Blender create Mesh node M3_08_gobek.012
21:36:54 | INFO: Blender create Mesh node M3_08_gobek.013
21:36:54 | INFO: Blender create Mesh node M3_08_gobek.014
21:36:54 | INFO: Blender create Mesh node M3_08_gobek.015
21:36:54 | INFO: Blender create Mesh node M3_08_gobek.016
21:36:54 | INFO: Blender create Mesh node M3_08_gobek.017
21:36:54 | INFO: Blender create Mesh node M3_08_gobek.018
21:36:54 | INFO: Blender create Mesh node M3_08_gobek.019
21:36:54 | INFO: Blender create Mesh node M3_08_gobek.020
21:36:54 | INFO: Blender create Mesh node M3_08_gobek.021
21:36:54 | INFO: Blender create Mesh node M3_08_gobek.022
21:36:54 | INFO: Blender create Mesh node M3_08_gobek.023
21:36:54 | INFO: Blender create Mesh node M3_08_kanat.001
21:36:54 | INFO: Blender create Mesh node M3_08_kasa.002
21:36:54 | INFO: Blender create Mesh node M3_08_kasa.003
21:36:54 | INFO: Blender create Mesh node M3_08_mentese
21:36:54 | INFO: Blender create Mesh node M3_08_mentese.001
21:36:54 | INFO: Blender create Mesh node M3_08_mentese.002
21:36:54 | INFO: Blender create Mesh node M3_08_pervaz.004
21:36:54 | INFO: Blender create Mesh node M3_08_pervaz.005
21:36:54 | INFO: Blender create Mesh node M3_08_pervaz.006
21:36:54 | INFO: Blender create Mesh node M3_08_pervaz.007
21:36:54 | INFO: Blender create Mesh node Sphere.019
21:36:54 | INFO: Blender create Mesh node Sphere.020
21:36:54 | INFO: Blender create Mesh node M3_08_topuz_mili
21:36:54 | INFO: Blender create Mesh node M3_08_topuz_mili.001
21:36:54 | INFO: Blender create Mesh node M3_08_ust_kasa.001
21:36:54 | INFO: Blender create Mesh node M3_08_ust_pervaz.002
21:36:54 | INFO: Blender create Mesh node M3_08_ust_pervaz.003
21:36:54 | INFO: Blender create Mesh node M3_08_yatay_profil.024
21:36:54 | INFO: Blender create Mesh node M3_08_yatay_profil.025
21:36:54 | INFO: Blender create Mesh node M3_08_yatay_profil.026
21:36:54 | INFO: Blender create Mesh node M3_08_yatay_profil.027
21:36:54 | INFO: Blender create Mesh node M3_08_yatay_profil.028
21:36:54 | INFO: Blender create Mesh node M3_08_yatay_profil.029
21:36:54 | INFO: Blender create Mesh node M3_08_yatay_profil.030
21:36:54 | INFO: Blender create Mesh node M3_08_yatay_profil.031
21:36:54 | INFO: Blender create Mesh node M3_08_yatay_profil.032
21:36:54 | INFO: Blender create Mesh node M3_08_yatay_profil.033
21:36:54 | INFO: Blender create Mesh node M3_08_yatay_profil.034
21:36:54 | INFO: Blender create Mesh node M3_08_yatay_profil.035
21:36:54 | INFO: Blender create Mesh node M3_08_yatay_profil.036
21:36:54 | INFO: Blender create Mesh node M3_08_yatay_profil.037
21:36:54 | INFO: Blender create Mesh node M3_08_yatay_profil.038
21:36:54 | INFO: Blender create Mesh node M3_08_yatay_profil.039
21:36:54 | INFO: Blender create Mesh node M3_08_yatay_profil.040
21:36:54 | INFO: Blender create Mesh node M3_08_yatay_profil.041
21:36:54 | INFO: Blender create Mesh node M3_08_yatay_profil.042
21:36:55 | INFO: Blender create Mesh node M3_08_yatay_profil.043
21:36:55 | INFO: Blender create Mesh node M3_08_yatay_profil.044
21:36:55 | INFO: Blender create Mesh node M3_08_yatay_profil.045
21:36:55 | INFO: Blender create Mesh node M3_08_yatay_profil.046
21:36:55 | INFO: Blender create Mesh node M3_08_yatay_profil.047
21:36:55 | INFO: Blender create Mesh node M3_09_dik_profil.024
21:36:55 | INFO: Blender create Mesh node M3_09_dik_profil.025
21:36:55 | INFO: Blender create Mesh node M3_09_dik_profil.026
21:36:55 | INFO: Blender create Mesh node M3_09_dik_profil.027
21:36:55 | INFO: Blender create Mesh node M3_09_dik_profil.028
21:36:55 | INFO: Blender create Mesh node M3_09_dik_profil.029
21:36:55 | INFO: Blender create Mesh node M3_09_dik_profil.030
21:36:55 | INFO: Blender create Mesh node M3_09_dik_profil.031
21:36:55 | INFO: Blender create Mesh node M3_09_dik_profil.032
21:36:55 | INFO: Blender create Mesh node M3_09_dik_profil.033
21:36:55 | INFO: Blender create Mesh node M3_09_dik_profil.034
21:36:55 | INFO: Blender create Mesh node M3_09_dik_profil.035
21:36:55 | INFO: Blender create Mesh node M3_09_dik_profil.036
21:36:55 | INFO: Blender create Mesh node M3_09_dik_profil.037
21:36:55 | INFO: Blender create Mesh node M3_09_dik_profil.038
21:36:55 | INFO: Blender create Mesh node M3_09_dik_profil.039
21:36:55 | INFO: Blender create Mesh node M3_09_dik_profil.040
21:36:55 | INFO: Blender create Mesh node M3_09_dik_profil.041
21:36:55 | INFO: Blender create Mesh node M3_09_dik_profil.042
21:36:55 | INFO: Blender create Mesh node M3_09_dik_profil.043
21:36:55 | INFO: Blender create Mesh node M3_09_dik_profil.044
21:36:55 | INFO: Blender create Mesh node M3_09_dik_profil.045
21:36:55 | INFO: Blender create Mesh node M3_09_dik_profil.046
21:36:55 | INFO: Blender create Mesh node M3_09_dik_profil.047
21:36:55 | INFO: Blender create Mesh node M3_09_esik_doseme.001
21:36:55 | INFO: Blender create Mesh node M3_09_gobek.012
21:36:55 | INFO: Blender create Mesh node M3_09_gobek.013
21:36:55 | INFO: Blender create Mesh node M3_09_gobek.014
21:36:55 | INFO: Blender create Mesh node M3_09_gobek.015
21:36:55 | INFO: Blender create Mesh node M3_09_gobek.016
21:36:55 | INFO: Blender create Mesh node M3_09_gobek.017
21:36:55 | INFO: Blender create Mesh node M3_09_gobek.018
21:36:55 | INFO: Blender create Mesh node M3_09_gobek.019
21:36:55 | INFO: Blender create Mesh node M3_09_gobek.020
21:36:55 | INFO: Blender create Mesh node M3_09_gobek.021
21:36:55 | INFO: Blender create Mesh node M3_09_gobek.022
21:36:55 | INFO: Blender create Mesh node M3_09_gobek.023
21:36:55 | INFO: Blender create Mesh node M3_09_kanat.001
21:36:55 | INFO: Blender create Mesh node M3_09_kasa.002
21:36:55 | INFO: Blender create Mesh node M3_09_kasa.003
21:36:55 | INFO: Blender create Mesh node M3_09_mentese
21:36:55 | INFO: Blender create Mesh node M3_09_mentese.001
21:36:55 | INFO: Blender create Mesh node M3_09_mentese.002
21:36:55 | INFO: Blender create Mesh node M3_09_pervaz.004
21:36:55 | INFO: Blender create Mesh node M3_09_pervaz.005
21:36:55 | INFO: Blender create Mesh node M3_09_pervaz.006
21:36:55 | INFO: Blender create Mesh node M3_09_pervaz.007
21:36:55 | INFO: Blender create Mesh node Sphere.021
21:36:55 | INFO: Blender create Mesh node Sphere.022
21:36:55 | INFO: Blender create Mesh node M3_09_topuz_mili
21:36:55 | INFO: Blender create Mesh node M3_09_topuz_mili.001
21:36:55 | INFO: Blender create Mesh node M3_09_ust_kasa.001
21:36:55 | INFO: Blender create Mesh node M3_09_ust_pervaz.002
21:36:55 | INFO: Blender create Mesh node M3_09_ust_pervaz.003
21:36:55 | INFO: Blender create Mesh node M3_09_yatay_profil.024
21:36:55 | INFO: Blender create Mesh node M3_09_yatay_profil.025
21:36:55 | INFO: Blender create Mesh node M3_09_yatay_profil.026
21:36:55 | INFO: Blender create Mesh node M3_09_yatay_profil.027
21:36:55 | INFO: Blender create Mesh node M3_09_yatay_profil.028
21:36:55 | INFO: Blender create Mesh node M3_09_yatay_profil.029
21:36:55 | INFO: Blender create Mesh node M3_09_yatay_profil.030
21:36:55 | INFO: Blender create Mesh node M3_09_yatay_profil.031
21:36:55 | INFO: Blender create Mesh node M3_09_yatay_profil.032
21:36:55 | INFO: Blender create Mesh node M3_09_yatay_profil.033
21:36:55 | INFO: Blender create Mesh node M3_09_yatay_profil.034
21:36:55 | INFO: Blender create Mesh node M3_09_yatay_profil.035
21:36:55 | INFO: Blender create Mesh node M3_09_yatay_profil.036
21:36:55 | INFO: Blender create Mesh node M3_09_yatay_profil.037
21:36:55 | INFO: Blender create Mesh node M3_09_yatay_profil.038
21:36:55 | INFO: Blender create Mesh node M3_09_yatay_profil.039
21:36:55 | INFO: Blender create Mesh node M3_09_yatay_profil.040
21:36:55 | INFO: Blender create Mesh node M3_09_yatay_profil.041
21:36:55 | INFO: Blender create Mesh node M3_09_yatay_profil.042
21:36:55 | INFO: Blender create Mesh node M3_09_yatay_profil.043
21:36:55 | INFO: Blender create Mesh node M3_09_yatay_profil.044
21:36:55 | INFO: Blender create Mesh node M3_09_yatay_profil.045
21:36:55 | INFO: Blender create Mesh node M3_09_yatay_profil.046
21:36:55 | INFO: Blender create Mesh node M3_09_yatay_profil.047
21:36:55 | INFO: Blender create Mesh node M3_10_dik_profil.024
21:36:55 | INFO: Blender create Mesh node M3_10_dik_profil.025
21:36:55 | INFO: Blender create Mesh node M3_10_dik_profil.026
21:36:55 | INFO: Blender create Mesh node M3_10_dik_profil.027
21:36:55 | INFO: Blender create Mesh node M3_10_dik_profil.028
21:36:55 | INFO: Blender create Mesh node M3_10_dik_profil.029
21:36:55 | INFO: Blender create Mesh node M3_10_dik_profil.030
21:36:55 | INFO: Blender create Mesh node M3_10_dik_profil.031
21:36:55 | INFO: Blender create Mesh node M3_10_dik_profil.032
21:36:55 | INFO: Blender create Mesh node M3_10_dik_profil.033
21:36:55 | INFO: Blender create Mesh node M3_10_dik_profil.034
21:36:55 | INFO: Blender create Mesh node M3_10_dik_profil.035
21:36:55 | INFO: Blender create Mesh node M3_10_dik_profil.036
21:36:55 | INFO: Blender create Mesh node M3_10_dik_profil.037
21:36:55 | INFO: Blender create Mesh node M3_10_dik_profil.038
21:36:55 | INFO: Blender create Mesh node M3_10_dik_profil.039
21:36:55 | INFO: Blender create Mesh node M3_10_dik_profil.040
21:36:55 | INFO: Blender create Mesh node M3_10_dik_profil.041
21:36:55 | INFO: Blender create Mesh node M3_10_dik_profil.042
21:36:55 | INFO: Blender create Mesh node M3_10_dik_profil.043
21:36:55 | INFO: Blender create Mesh node M3_10_dik_profil.044
21:36:55 | INFO: Blender create Mesh node M3_10_dik_profil.045
21:36:55 | INFO: Blender create Mesh node M3_10_dik_profil.046
21:36:55 | INFO: Blender create Mesh node M3_10_dik_profil.047
21:36:55 | INFO: Blender create Mesh node M3_10_doseme_boslugu.001
21:36:55 | INFO: Blender create Mesh node M3_10_esik_doseme.001
21:36:55 | INFO: Blender create Mesh node M3_10_gobek.012
21:36:55 | INFO: Blender create Mesh node M3_10_gobek.013
21:36:55 | INFO: Blender create Mesh node M3_10_gobek.014
21:36:55 | INFO: Blender create Mesh node M3_10_gobek.015
21:36:55 | INFO: Blender create Mesh node M3_10_gobek.016
21:36:55 | INFO: Blender create Mesh node M3_10_gobek.017
21:36:55 | INFO: Blender create Mesh node M3_10_gobek.018
21:36:55 | INFO: Blender create Mesh node M3_10_gobek.019
21:36:55 | INFO: Blender create Mesh node M3_10_gobek.020
21:36:55 | INFO: Blender create Mesh node M3_10_gobek.021
21:36:55 | INFO: Blender create Mesh node M3_10_gobek.022
21:36:55 | INFO: Blender create Mesh node M3_10_gobek.023
21:36:55 | INFO: Blender create Mesh node M3_10_kanat.001
21:36:55 | INFO: Blender create Mesh node M3_10_kasa.002
21:36:55 | INFO: Blender create Mesh node M3_10_kasa.003
21:36:55 | INFO: Blender create Mesh node M3_10_mentese
21:36:55 | INFO: Blender create Mesh node M3_10_mentese.001
21:36:55 | INFO: Blender create Mesh node M3_10_mentese.002
21:36:55 | INFO: Blender create Mesh node M3_10_pervaz.004
21:36:55 | INFO: Blender create Mesh node M3_10_pervaz.005
21:36:55 | INFO: Blender create Mesh node M3_10_pervaz.006
21:36:55 | INFO: Blender create Mesh node M3_10_pervaz.007
21:36:55 | INFO: Blender create Mesh node Sphere.023
21:36:55 | INFO: Blender create Mesh node Sphere.024
21:36:55 | INFO: Blender create Mesh node M3_10_topuz_mili
21:36:55 | INFO: Blender create Mesh node M3_10_topuz_mili.001
21:36:55 | INFO: Blender create Mesh node M3_10_ust_kasa.001
21:36:55 | INFO: Blender create Mesh node M3_10_ust_pervaz.002
21:36:55 | INFO: Blender create Mesh node M3_10_ust_pervaz.003
21:36:55 | INFO: Blender create Mesh node M3_10_yatay_profil.024
21:36:55 | INFO: Blender create Mesh node M3_10_yatay_profil.025
21:36:55 | INFO: Blender create Mesh node M3_10_yatay_profil.026
21:36:55 | INFO: Blender create Mesh node M3_10_yatay_profil.027
21:36:55 | INFO: Blender create Mesh node M3_10_yatay_profil.028
21:36:55 | INFO: Blender create Mesh node M3_10_yatay_profil.029
21:36:55 | INFO: Blender create Mesh node M3_10_yatay_profil.030
21:36:55 | INFO: Blender create Mesh node M3_10_yatay_profil.031
21:36:55 | INFO: Blender create Mesh node M3_10_yatay_profil.032
21:36:55 | INFO: Blender create Mesh node M3_10_yatay_profil.033
21:36:55 | INFO: Blender create Mesh node M3_10_yatay_profil.034
21:36:55 | INFO: Blender create Mesh node M3_10_yatay_profil.035
21:36:55 | INFO: Blender create Mesh node M3_10_yatay_profil.036
21:36:55 | INFO: Blender create Mesh node M3_10_yatay_profil.037
21:36:55 | INFO: Blender create Mesh node M3_10_yatay_profil.038
21:36:55 | INFO: Blender create Mesh node M3_10_yatay_profil.039
21:36:55 | INFO: Blender create Mesh node M3_10_yatay_profil.040
21:36:55 | INFO: Blender create Mesh node M3_10_yatay_profil.041
21:36:55 | INFO: Blender create Mesh node M3_10_yatay_profil.042
21:36:55 | INFO: Blender create Mesh node M3_10_yatay_profil.043
21:36:55 | INFO: Blender create Mesh node M3_10_yatay_profil.044
21:36:55 | INFO: Blender create Mesh node M3_10_yatay_profil.045
21:36:55 | INFO: Blender create Mesh node M3_10_yatay_profil.046
21:36:55 | INFO: Blender create Mesh node M3_10_yatay_profil.047
21:36:55 | INFO: Blender create Mesh node M3_11_esik_doseme.001
21:36:55 | INFO: Blender create Mesh node M3_11_kanat.001
21:36:55 | INFO: Blender create Mesh node M3_11_kasa.002
21:36:55 | INFO: Blender create Mesh node M3_11_kasa.003
21:36:55 | INFO: Blender create Mesh node M3_11_kulp
21:36:55 | INFO: Blender create Mesh node M3_11_kulp.001
21:36:55 | INFO: Blender create Mesh node M3_11_mentese
21:36:56 | INFO: Blender create Mesh node M3_11_mentese.001
21:36:56 | INFO: Blender create Mesh node M3_11_mentese.002
21:36:56 | INFO: Blender create Mesh node M3_11_pervaz.004
21:36:56 | INFO: Blender create Mesh node M3_11_pervaz.005
21:36:56 | INFO: Blender create Mesh node M3_11_pervaz.006
21:36:56 | INFO: Blender create Mesh node M3_11_pervaz.007
21:36:56 | INFO: Blender create Mesh node M3_11_ust_kasa.001
21:36:56 | INFO: Blender create Mesh node M3_11_ust_pervaz.002
21:36:56 | INFO: Blender create Mesh node M3_11_ust_pervaz.003
21:36:56 | INFO: Blender create Mesh node M3_12_dik_profil.024
21:36:56 | INFO: Blender create Mesh node M3_12_dik_profil.025
21:36:56 | INFO: Blender create Mesh node M3_12_dik_profil.026
21:36:56 | INFO: Blender create Mesh node M3_12_dik_profil.027
21:36:56 | INFO: Blender create Mesh node M3_12_dik_profil.028
21:36:56 | INFO: Blender create Mesh node M3_12_dik_profil.029
21:36:56 | INFO: Blender create Mesh node M3_12_dik_profil.030
21:36:56 | INFO: Blender create Mesh node M3_12_dik_profil.031
21:36:56 | INFO: Blender create Mesh node M3_12_dik_profil.032
21:36:56 | INFO: Blender create Mesh node M3_12_dik_profil.033
21:36:56 | INFO: Blender create Mesh node M3_12_dik_profil.034
21:36:56 | INFO: Blender create Mesh node M3_12_dik_profil.035
21:36:56 | INFO: Blender create Mesh node M3_12_dik_profil.036
21:36:56 | INFO: Blender create Mesh node M3_12_dik_profil.037
21:36:56 | INFO: Blender create Mesh node M3_12_dik_profil.038
21:36:56 | INFO: Blender create Mesh node M3_12_dik_profil.039
21:36:56 | INFO: Blender create Mesh node M3_12_dik_profil.040
21:36:56 | INFO: Blender create Mesh node M3_12_dik_profil.041
21:36:56 | INFO: Blender create Mesh node M3_12_dik_profil.042
21:36:56 | INFO: Blender create Mesh node M3_12_dik_profil.043
21:36:56 | INFO: Blender create Mesh node M3_12_dik_profil.044
21:36:56 | INFO: Blender create Mesh node M3_12_dik_profil.045
21:36:56 | INFO: Blender create Mesh node M3_12_dik_profil.046
21:36:56 | INFO: Blender create Mesh node M3_12_dik_profil.047
21:36:56 | INFO: Blender create Mesh node M3_12_esik_doseme.001
21:36:56 | INFO: Blender create Mesh node M3_12_gobek.012
21:36:56 | INFO: Blender create Mesh node M3_12_gobek.013
21:36:56 | INFO: Blender create Mesh node M3_12_gobek.014
21:36:56 | INFO: Blender create Mesh node M3_12_gobek.015
21:36:56 | INFO: Blender create Mesh node M3_12_gobek.016
21:36:56 | INFO: Blender create Mesh node M3_12_gobek.017
21:36:56 | INFO: Blender create Mesh node M3_12_gobek.018
21:36:56 | INFO: Blender create Mesh node M3_12_gobek.019
21:36:56 | INFO: Blender create Mesh node M3_12_gobek.020
21:36:56 | INFO: Blender create Mesh node M3_12_gobek.021
21:36:56 | INFO: Blender create Mesh node M3_12_gobek.022
21:36:56 | INFO: Blender create Mesh node M3_12_gobek.023
21:36:56 | INFO: Blender create Mesh node M3_12_kanat.001
21:36:56 | INFO: Blender create Mesh node M3_12_kasa.002
21:36:56 | INFO: Blender create Mesh node M3_12_kasa.003
21:36:56 | INFO: Blender create Mesh node M3_12_mentese
21:36:56 | INFO: Blender create Mesh node M3_12_mentese.001
21:36:56 | INFO: Blender create Mesh node M3_12_mentese.002
21:36:56 | INFO: Blender create Mesh node M3_12_pervaz.004
21:36:56 | INFO: Blender create Mesh node M3_12_pervaz.005
21:36:56 | INFO: Blender create Mesh node M3_12_pervaz.006
21:36:56 | INFO: Blender create Mesh node M3_12_pervaz.007
21:36:56 | INFO: Blender create Mesh node Sphere.025
21:36:56 | INFO: Blender create Mesh node Sphere.026
21:36:56 | INFO: Blender create Mesh node M3_12_topuz_mili
21:36:56 | INFO: Blender create Mesh node M3_12_topuz_mili.001
21:36:56 | INFO: Blender create Mesh node M3_12_ust_kasa.001
21:36:56 | INFO: Blender create Mesh node M3_12_ust_pervaz.002
21:36:56 | INFO: Blender create Mesh node M3_12_ust_pervaz.003
21:36:56 | INFO: Blender create Mesh node M3_12_yatay_profil.024
21:36:56 | INFO: Blender create Mesh node M3_12_yatay_profil.025
21:36:56 | INFO: Blender create Mesh node M3_12_yatay_profil.026
21:36:56 | INFO: Blender create Mesh node M3_12_yatay_profil.027
21:36:56 | INFO: Blender create Mesh node M3_12_yatay_profil.028
21:36:56 | INFO: Blender create Mesh node M3_12_yatay_profil.029
21:36:56 | INFO: Blender create Mesh node M3_12_yatay_profil.030
21:36:56 | INFO: Blender create Mesh node M3_12_yatay_profil.031
21:36:56 | INFO: Blender create Mesh node M3_12_yatay_profil.032
21:36:56 | INFO: Blender create Mesh node M3_12_yatay_profil.033
21:36:56 | INFO: Blender create Mesh node M3_12_yatay_profil.034
21:36:56 | INFO: Blender create Mesh node M3_12_yatay_profil.035
21:36:56 | INFO: Blender create Mesh node M3_12_yatay_profil.036
21:36:56 | INFO: Blender create Mesh node M3_12_yatay_profil.037
21:36:56 | INFO: Blender create Mesh node M3_12_yatay_profil.038
21:36:56 | INFO: Blender create Mesh node M3_12_yatay_profil.039
21:36:56 | INFO: Blender create Mesh node M3_12_yatay_profil.040
21:36:56 | INFO: Blender create Mesh node M3_12_yatay_profil.041
21:36:56 | INFO: Blender create Mesh node M3_12_yatay_profil.042
21:36:56 | INFO: Blender create Mesh node M3_12_yatay_profil.043
21:36:56 | INFO: Blender create Mesh node M3_12_yatay_profil.044
21:36:56 | INFO: Blender create Mesh node M3_12_yatay_profil.045
21:36:56 | INFO: Blender create Mesh node M3_12_yatay_profil.046
21:36:56 | INFO: Blender create Mesh node M3_12_yatay_profil.047
21:36:56 | INFO: Blender create Mesh node M3_13_dik_profil.024
21:36:56 | INFO: Blender create Mesh node M3_13_dik_profil.025
21:36:56 | INFO: Blender create Mesh node M3_13_dik_profil.026
21:36:56 | INFO: Blender create Mesh node M3_13_dik_profil.027
21:36:56 | INFO: Blender create Mesh node M3_13_dik_profil.028
21:36:56 | INFO: Blender create Mesh node M3_13_dik_profil.029
21:36:56 | INFO: Blender create Mesh node M3_13_dik_profil.030
21:36:56 | INFO: Blender create Mesh node M3_13_dik_profil.031
21:36:56 | INFO: Blender create Mesh node M3_13_dik_profil.032
21:36:56 | INFO: Blender create Mesh node M3_13_dik_profil.033
21:36:56 | INFO: Blender create Mesh node M3_13_dik_profil.034
21:36:56 | INFO: Blender create Mesh node M3_13_dik_profil.035
21:36:56 | INFO: Blender create Mesh node M3_13_dik_profil.036
21:36:56 | INFO: Blender create Mesh node M3_13_dik_profil.037
21:36:56 | INFO: Blender create Mesh node M3_13_dik_profil.038
21:36:56 | INFO: Blender create Mesh node M3_13_dik_profil.039
21:36:56 | INFO: Blender create Mesh node M3_13_dik_profil.040
21:36:56 | INFO: Blender create Mesh node M3_13_dik_profil.041
21:36:56 | INFO: Blender create Mesh node M3_13_dik_profil.042
21:36:56 | INFO: Blender create Mesh node M3_13_dik_profil.043
21:36:56 | INFO: Blender create Mesh node M3_13_dik_profil.044
21:36:56 | INFO: Blender create Mesh node M3_13_dik_profil.045
21:36:56 | INFO: Blender create Mesh node M3_13_dik_profil.046
21:36:56 | INFO: Blender create Mesh node M3_13_dik_profil.047
21:36:56 | INFO: Blender create Mesh node M3_13_esik_doseme.001
21:36:56 | INFO: Blender create Mesh node M3_13_gobek.012
21:36:56 | INFO: Blender create Mesh node M3_13_gobek.013
21:36:56 | INFO: Blender create Mesh node M3_13_gobek.014
21:36:56 | INFO: Blender create Mesh node M3_13_gobek.015
21:36:56 | INFO: Blender create Mesh node M3_13_gobek.016
21:36:56 | INFO: Blender create Mesh node M3_13_gobek.017
21:36:56 | INFO: Blender create Mesh node M3_13_gobek.018
21:36:56 | INFO: Blender create Mesh node M3_13_gobek.019
21:36:56 | INFO: Blender create Mesh node M3_13_gobek.020
21:36:56 | INFO: Blender create Mesh node M3_13_gobek.021
21:36:56 | INFO: Blender create Mesh node M3_13_gobek.022
21:36:56 | INFO: Blender create Mesh node M3_13_gobek.023
21:36:56 | INFO: Blender create Mesh node M3_13_kanat.001
21:36:56 | INFO: Blender create Mesh node M3_13_kasa.002
21:36:56 | INFO: Blender create Mesh node M3_13_kasa.003
21:36:56 | INFO: Blender create Mesh node M3_13_kasa_bini
21:36:56 | INFO: Blender create Mesh node M3_13_kasa_bini.001
21:36:56 | INFO: Blender create Mesh node M3_13_kulp.002
21:36:56 | INFO: Blender create Mesh node M3_13_kulp.003
21:36:56 | INFO: Blender create Mesh node M3_13_mentese.003
21:36:56 | INFO: Blender create Mesh node M3_13_mentese.004
21:36:56 | INFO: Blender create Mesh node M3_13_mentese.005
21:36:56 | INFO: Blender create Mesh node M3_13_pervaz.004
21:36:56 | INFO: Blender create Mesh node M3_13_pervaz.005
21:36:56 | INFO: Blender create Mesh node M3_13_pervaz.006
21:36:56 | INFO: Blender create Mesh node M3_13_pervaz.007
21:36:56 | INFO: Blender create Mesh node M3_13_ust_bini
21:36:56 | INFO: Blender create Mesh node M3_13_ust_kasa.001
21:36:56 | INFO: Blender create Mesh node M3_13_ust_pervaz.002
21:36:56 | INFO: Blender create Mesh node M3_13_ust_pervaz.003
21:36:56 | INFO: Blender create Mesh node M3_13_yatay_profil.024
21:36:56 | INFO: Blender create Mesh node M3_13_yatay_profil.025
21:36:56 | INFO: Blender create Mesh node M3_13_yatay_profil.026
21:36:56 | INFO: Blender create Mesh node M3_13_yatay_profil.027
21:36:56 | INFO: Blender create Mesh node M3_13_yatay_profil.028
21:36:56 | INFO: Blender create Mesh node M3_13_yatay_profil.029
21:36:56 | INFO: Blender create Mesh node M3_13_yatay_profil.030
21:36:56 | INFO: Blender create Mesh node M3_13_yatay_profil.031
21:36:56 | INFO: Blender create Mesh node M3_13_yatay_profil.032
21:36:56 | INFO: Blender create Mesh node M3_13_yatay_profil.033
21:36:56 | INFO: Blender create Mesh node M3_13_yatay_profil.034
21:36:56 | INFO: Blender create Mesh node M3_13_yatay_profil.035
21:36:56 | INFO: Blender create Mesh node M3_13_yatay_profil.036
21:36:56 | INFO: Blender create Mesh node M3_13_yatay_profil.037
21:36:56 | INFO: Blender create Mesh node M3_13_yatay_profil.038
21:36:56 | INFO: Blender create Mesh node M3_13_yatay_profil.039
21:36:56 | INFO: Blender create Mesh node M3_13_yatay_profil.040
21:36:56 | INFO: Blender create Mesh node M3_13_yatay_profil.041
21:36:56 | INFO: Blender create Mesh node M3_13_yatay_profil.042
21:36:56 | INFO: Blender create Mesh node M3_13_yatay_profil.043
21:36:56 | INFO: Blender create Mesh node M3_13_yatay_profil.044
21:36:56 | INFO: Blender create Mesh node M3_13_yatay_profil.045
21:36:56 | INFO: Blender create Mesh node M3_13_yatay_profil.046
21:36:56 | INFO: Blender create Mesh node M3_13_yatay_profil.047
21:36:56 | INFO: Blender create Mesh node M3C_kapi_ustu
21:36:56 | INFO: Blender create Mesh node M3C_sag_yan
21:36:56 | INFO: Blender create Mesh node M3C_sol_yan
21:36:56 | INFO: Blender create Mesh node M3G_Cam_ara_cita.004
21:36:56 | INFO: Blender create Mesh node M3G_Cam_ara_cita.005
21:36:56 | INFO: Blender create Mesh node M3G_Cam_ara_cita.006
21:36:56 | INFO: Blender create Mesh node M3G_Cam_ara_cita.007
21:36:56 | INFO: Blender create Mesh node M3G_Floral_cam.001
21:36:56 | INFO: Blender create Mesh node M3G_Kanat_alt.001
21:36:56 | INFO: Blender create Mesh node M3G_Kanat_dikme.002
21:36:56 | INFO: Blender create Mesh node M3G_Kanat_dikme.003
21:36:56 | INFO: Blender create Mesh node M3G_Kanat_ust.001
21:36:57 | INFO: Blender create Mesh node M3G_Kasa.002
21:36:57 | INFO: Blender create Mesh node M3G_Kasa.003
21:36:57 | INFO: Blender create Mesh node M3G_Kol.002
21:36:57 | INFO: Blender create Mesh node M3G_Kol.003
21:36:57 | INFO: Blender create Mesh node M3G_Mentese.003
21:36:57 | INFO: Blender create Mesh node M3G_Mentese.004
21:36:57 | INFO: Blender create Mesh node M3G_Mentese.005
21:36:57 | INFO: Blender create Mesh node M3G_Pervaz.004
21:36:57 | INFO: Blender create Mesh node M3G_Pervaz.005
21:36:57 | INFO: Blender create Mesh node M3G_Pervaz.006
21:36:57 | INFO: Blender create Mesh node M3G_Pervaz.007
21:36:57 | INFO: Blender create Mesh node M3G_Ust_kasa.001
21:36:57 | INFO: Blender create Mesh node M3G_Ust_pervaz.002
21:36:57 | INFO: Blender create Mesh node M3G_Ust_pervaz.003
21:36:57 | INFO: Blender create Mesh node M6_Antre_boru
21:36:57 | INFO: Blender create Mesh node M6_Antre_boru.001
21:36:57 | INFO: Blender create Mesh node M6_Antre_dilim_00
21:36:57 | INFO: Blender create Mesh node M6_Antre_dilim_01
21:36:57 | INFO: Blender create Mesh node M6_Antre_dilim_02
21:36:57 | INFO: Blender create Mesh node M6_Antre_dilim_03
21:36:57 | INFO: Blender create Mesh node M6_Antre_dilim_04
21:36:57 | INFO: Blender create Mesh node M6_Antre_dilim_05
21:36:57 | INFO: Blender create Mesh node M6_Antre_dilim_06
21:36:57 | INFO: Blender create Mesh node M6_Antre_dilim_07
21:36:57 | INFO: Blender create Mesh node M6_Antre_dilim_08
21:36:57 | INFO: Blender create Mesh node M6_Antre_dilim_09
21:36:57 | INFO: Blender create Mesh node M6_Antre_duvar_askisi
21:36:57 | INFO: Blender create Mesh node M6_Antre_duvar_askisi.001
21:36:57 | INFO: Blender create Mesh node M6_Antre_duvar_askisi.002
21:36:57 | INFO: Blender create Mesh node M6_Antre_duvar_askisi.003
21:36:57 | INFO: Blender create Mesh node M6_Antre_kollektor
21:36:57 | INFO: Blender create Mesh node M6_Antre_kollektor.001
21:36:57 | INFO: Blender create Mesh node M6_Antre_vana
21:36:57 | INFO: Blender create Mesh node M6_Antre_vana.001
21:36:57 | INFO: glTF import finished in 8.82s
[kontrol] ekler yüklendi: C:\Users\yigit\Downloads\angora-main (2)\angora-main\build\web\26092026\EKLER.glb
[kontrol] silindi mobilya ROUGHNSS90 4602 yüz
[kontrol] silindi mobilya wht 68 yüz
[kontrol] silindi mobilya BLCK 28 yüz
[kontrol] silindi mobilya bulb_warm 748 yüz
[kontrol] silindi mobilya metal1 8260 yüz
[kontrol] silindi mobilya metal3 189 yüz
[kontrol] silindi mimari metal (5) 17483 yüz
[kontrol] silindi mobilya WOOD1 722 yüz
[kontrol] silindi mimari Lift | Photographed walnut door finish (4).001 1149 yüz
[kontrol] silindi mimari wood_dark (4) 17809 yüz
[kontrol] silindi mobilya WOOD2 920 yüz
[kontrol] silindi mimari interior.002 165 yüz
[foto-doku] 37 malzeme 384528 yüz
C:\Users\yigit\Downloads\angora-main (2)\angora-main\tools\blender\08_kontrol_render.py:119: DeprecationWarning: 'World.use_nodes' is expected to be removed in Blender 6.0
  world = bpy.data.worlds.new('Gok'); scene.world = world; world.use_nodes = True
01:12.265  cycles           | WARNING HIPEW initialization failed: Error opening HIP dynamic library
01:17.281  render           | Saved: 'C:\Users\yigit\angora-tur10\kontrol\_olcum_01.png'
01:29.765  render           | Saved: 'C:\Users\yigit\angora-tur10\kontrol\render_01.png'
[kontrol] render 1 pozlama 0.38 -> C:\Users\yigit\angora-tur10\kontrol\render_01.png
01:34.375  render           | Saved: 'C:\Users\yigit\angora-tur10\kontrol\_olcum_02.png'
01:47.531  render           | Saved: 'C:\Users\yigit\angora-tur10\kontrol\render_02.png'
[kontrol] render 2 pozlama 0.05 -> C:\Users\yigit\angora-tur10\kontrol\render_02.png
01:52.203  render           | Saved: 'C:\Users\yigit\angora-tur10\kontrol\_olcum_03.png'
02:05.187  render           | Saved: 'C:\Users\yigit\angora-tur10\kontrol\render_03.png'
[kontrol] render 3 pozlama -0.31 -> C:\Users\yigit\angora-tur10\kontrol\render_03.png
02:09.719  render           | Saved: 'C:\Users\yigit\angora-tur10\kontrol\_olcum_04.png'
02:21.640  render           | Saved: 'C:\Users\yigit\angora-tur10\kontrol\render_04.png'
[kontrol] render 4 pozlama 1.14 -> C:\Users\yigit\angora-tur10\kontrol\render_04.png
02:25.984  render           | Saved: 'C:\Users\yigit\angora-tur10\kontrol\_olcum_05.png'
02:38.609  render           | Saved: 'C:\Users\yigit\angora-tur10\kontrol\render_05.png'
[kontrol] render 5 pozlama -0.15 -> C:\Users\yigit\angora-tur10\kontrol\render_05.png
02:42.969  render           | Saved: 'C:\Users\yigit\angora-tur10\kontrol\_olcum_06.png'
02:54.578  render           | Saved: 'C:\Users\yigit\angora-tur10\kontrol\render_06.png'
[kontrol] render 6 pozlama 5.0 -> C:\Users\yigit\angora-tur10\kontrol\render_06.png
02:58.672  render           | Saved: 'C:\Users\yigit\angora-tur10\kontrol\_olcum_07.png'
03:10.703  render           | Saved: 'C:\Users\yigit\angora-tur10\kontrol\render_07.png'
[kontrol] render 7 pozlama 5.0 -> C:\Users\yigit\angora-tur10\kontrol\render_07.png
03:14.812  render           | Saved: 'C:\Users\yigit\angora-tur10\kontrol\_olcum_08.png'
03:26.156  render           | Saved: 'C:\Users\yigit\angora-tur10\kontrol\render_08.png'
[kontrol] render 8 pozlama 5.0 -> C:\Users\yigit\angora-tur10\kontrol\render_08.png
03:30.015  render           | Saved: 'C:\Users\yigit\angora-tur10\kontrol\_olcum_09.png'
03:40.859  render           | Saved: 'C:\Users\yigit\angora-tur10\kontrol\render_09.png'
[kontrol] render 9 pozlama 1.41 -> C:\Users\yigit\angora-tur10\kontrol\render_09.png
03:44.828  render           | Saved: 'C:\Users\yigit\angora-tur10\kontrol\_olcum_10.png'
03:55.437  render           | Saved: 'C:\Users\yigit\angora-tur10\kontrol\render_10.png'
[kontrol] render 10 pozlama 1.31 -> C:\Users\yigit\angora-tur10\kontrol\render_10.png
03:59.156  render           | Saved: 'C:\Users\yigit\angora-tur10\kontrol\_olcum_11.png'
04:09.609  render           | Saved: 'C:\Users\yigit\angora-tur10\kontrol\render_11.png'
[kontrol] render 11 pozlama 4.63 -> C:\Users\yigit\angora-tur10\kontrol\render_11.png
04:13.281  render           | Saved: 'C:\Users\yigit\angora-tur10\kontrol\_olcum_12.png'
04:25.437  render           | Saved: 'C:\Users\yigit\angora-tur10\kontrol\render_12.png'
[kontrol] render 12 pozlama 4.77 -> C:\Users\yigit\angora-tur10\kontrol\render_12.png
04:29.953  render           | Saved: 'C:\Users\yigit\angora-tur10\kontrol\_olcum_13.png'
04:41.781  render           | Saved: 'C:\Users\yigit\angora-tur10\kontrol\render_13.png'
[kontrol] render 13 pozlama 1.11 -> C:\Users\yigit\angora-tur10\kontrol\render_13.png
04:46.078  render           | Saved: 'C:\Users\yigit\angora-tur10\kontrol\_olcum_14.png'
04:57.922  render           | Saved: 'C:\Users\yigit\angora-tur10\kontrol\render_14.png'
[kontrol] render 14 pozlama 5.0 -> C:\Users\yigit\angora-tur10\kontrol\render_14.png
05:02.109  render           | Saved: 'C:\Users\yigit\angora-tur10\kontrol\_olcum_15.png'
05:13.750  render           | Saved: 'C:\Users\yigit\angora-tur10\kontrol\render_15.png'
[kontrol] render 15 pozlama 9.0 -> C:\Users\yigit\angora-tur10\kontrol\render_15.png
05:18.109  render           | Saved: 'C:\Users\yigit\angora-tur10\kontrol\_olcum_16.png'
05:30.140  render           | Saved: 'C:\Users\yigit\angora-tur10\kontrol\render_16.png'
[kontrol] render 16 pozlama 0.65 -> C:\Users\yigit\angora-tur10\kontrol\render_16.png
05:34.328  render           | Saved: 'C:\Users\yigit\angora-tur10\kontrol\_olcum_17.png'
05:46.062  render           | Saved: 'C:\Users\yigit\angora-tur10\kontrol\render_17.png'
[kontrol] render 17 pozlama 0.88 -> C:\Users\yigit\angora-tur10\kontrol\render_17.png
05:50.390  render           | Saved: 'C:\Users\yigit\angora-tur10\kontrol\_olcum_18.png'
06:03.500  render           | Saved: 'C:\Users\yigit\angora-tur10\kontrol\render_18.png'
[kontrol] render 18 pozlama 2.52 -> C:\Users\yigit\angora-tur10\kontrol\render_18.png
06:07.937  render           | Saved: 'C:\Users\yigit\angora-tur10\kontrol\_olcum_19.png'
06:20.937  render           | Saved: 'C:\Users\yigit\angora-tur10\kontrol\render_19.png'
[kontrol] render 19 pozlama 1.52 -> C:\Users\yigit\angora-tur10\kontrol\render_19.png
06:25.531  render           | Saved: 'C:\Users\yigit\angora-tur10\kontrol\_olcum_21.png'
06:38.781  render           | Saved: 'C:\Users\yigit\angora-tur10\kontrol\render_21.png'
[kontrol] render 21 pozlama 2.84 -> C:\Users\yigit\angora-tur10\kontrol\render_21.png
06:43.531  render           | Saved: 'C:\Users\yigit\angora-tur10\kontrol\_olcum_22.png'
06:56.719  render           | Saved: 'C:\Users\yigit\angora-tur10\kontrol\render_22.png'
[kontrol] render 22 pozlama 1.29 -> C:\Users\yigit\angora-tur10\kontrol\render_22.png
07:01.015  render           | Saved: 'C:\Users\yigit\angora-tur10\kontrol\_olcum_23.png'
07:14.187  render           | Saved: 'C:\Users\yigit\angora-tur10\kontrol\render_23.png'
[kontrol] render 23 pozlama 1.13 -> C:\Users\yigit\angora-tur10\kontrol\render_23.png
07:19.172  render           | Saved: 'C:\Users\yigit\angora-tur10\kontrol\_olcum_29.png'
07:32.828  render           | Saved: 'C:\Users\yigit\angora-tur10\kontrol\render_29.png'
[kontrol] render 29 pozlama 3.15 -> C:\Users\yigit\angora-tur10\kontrol\render_29.png
07:37.640  render           | Saved: 'C:\Users\yigit\angora-tur10\kontrol\_olcum_30.png'
07:50.844  render           | Saved: 'C:\Users\yigit\angora-tur10\kontrol\render_30.png'
[kontrol] render 30 pozlama 5.0 -> C:\Users\yigit\angora-tur10\kontrol\render_30.png
07:55.875  render           | Saved: 'C:\Users\yigit\angora-tur10\kontrol\_olcum_31.png'
08:10.140  render           | Saved: 'C:\Users\yigit\angora-tur10\kontrol\render_31.png'
[kontrol] render 31 pozlama 2.55 -> C:\Users\yigit\angora-tur10\kontrol\render_31.png
08:15.328  render           | Saved: 'C:\Users\yigit\angora-tur10\kontrol\_olcum_32.png'
08:34.140  render           | Saved: 'C:\Users\yigit\angora-tur10\kontrol\render_32.png'
[kontrol] render 32 pozlama 0.47 -> C:\Users\yigit\angora-tur10\kontrol\render_32.png
08:39.078  render           | Saved: 'C:\Users\yigit\angora-tur10\kontrol\_olcum_33.png'
08:57.453  render           | Saved: 'C:\Users\yigit\angora-tur10\kontrol\render_33.png'
[kontrol] render 33 pozlama 1.6 -> C:\Users\yigit\angora-tur10\kontrol\render_33.png
09:01.984  render           | Saved: 'C:\Users\yigit\angora-tur10\kontrol\_olcum_34.png'
09:14.812  render           | Saved: 'C:\Users\yigit\angora-tur10\kontrol\render_34.png'
[kontrol] render 34 pozlama 2.24 -> C:\Users\yigit\angora-tur10\kontrol\render_34.png
09:19.234  render           | Saved: 'C:\Users\yigit\angora-tur10\kontrol\_olcum_35.png'
09:32.047  render           | Saved: 'C:\Users\yigit\angora-tur10\kontrol\render_35.png'
[kontrol] render 35 pozlama 2.22 -> C:\Users\yigit\angora-tur10\kontrol\render_35.png
09:36.437  render           | Saved: 'C:\Users\yigit\angora-tur10\kontrol\_olcum_39.png'
09:48.484  render           | Saved: 'C:\Users\yigit\angora-tur10\kontrol\render_39.png'
[kontrol] render 39 pozlama 1.53 -> C:\Users\yigit\angora-tur10\kontrol\render_39.png
09:52.890  render           | Saved: 'C:\Users\yigit\angora-tur10\kontrol\_olcum_40.png'
10:08.344  render           | Saved: 'C:\Users\yigit\angora-tur10\kontrol\render_40.png'
[kontrol] render 40 pozlama 2.38 -> C:\Users\yigit\angora-tur10\kontrol\render_40.png
10:12.687  render           | Saved: 'C:\Users\yigit\angora-tur10\kontrol\_olcum_41.png'
10:27.047  render           | Saved: 'C:\Users\yigit\angora-tur10\kontrol\render_41.png'
[kontrol] render 41 pozlama 5.0 -> C:\Users\yigit\angora-tur10\kontrol\render_41.png
10:31.750  render           | Saved: 'C:\Users\yigit\angora-tur10\kontrol\_olcum_42.png'
10:50.078  render           | Saved: 'C:\Users\yigit\angora-tur10\kontrol\render_42.png'
[kontrol] render 42 pozlama 2.31 -> C:\Users\yigit\angora-tur10\kontrol\render_42.png
10:55.484  render           | Saved: 'C:\Users\yigit\angora-tur10\kontrol\_olcum_43.png'
11:12.625  render           | Saved: 'C:\Users\yigit\angora-tur10\kontrol\render_43.png'
[kontrol] render 43 pozlama 0.99 -> C:\Users\yigit\angora-tur10\kontrol\render_43.png
11:17.469  render           | Saved: 'C:\Users\yigit\angora-tur10\kontrol\_olcum_44.png'
11:29.719  render           | Saved: 'C:\Users\yigit\angora-tur10\kontrol\render_44.png'
[kontrol] render 44 pozlama -0.15 -> C:\Users\yigit\angora-tur10\kontrol\render_44.png
11:34.469  render           | Saved: 'C:\Users\yigit\angora-tur10\kontrol\_olcum_45.png'
11:46.015  render           | Saved: 'C:\Users\yigit\angora-tur10\kontrol\render_45.png'
[kontrol] render 45 pozlama 0.87 -> C:\Users\yigit\angora-tur10\kontrol\render_45.png
11:50.594  render           | Saved: 'C:\Users\yigit\angora-tur10\kontrol\_olcum_46.png'
12:03.031  render           | Saved: 'C:\Users\yigit\angora-tur10\kontrol\render_46.png'
[kontrol] render 46 pozlama 0.3 -> C:\Users\yigit\angora-tur10\kontrol\render_46.png
12:08.078  render           | Saved: 'C:\Users\yigit\angora-tur10\kontrol\_olcum_47.png'
12:22.265  render           | Saved: 'C:\Users\yigit\angora-tur10\kontrol\render_47.png'
[kontrol] render 47 pozlama 0.49 -> C:\Users\yigit\angora-tur10\kontrol\render_47.png
12:27.734  render           | Saved: 'C:\Users\yigit\angora-tur10\kontrol\_olcum_48.png'
12:47.765  render           | Saved: 'C:\Users\yigit\angora-tur10\kontrol\render_48.png'
[kontrol] render 48 pozlama 0.29 -> C:\Users\yigit\angora-tur10\kontrol\render_48.png
12:52.672  render           | Saved: 'C:\Users\yigit\angora-tur10\kontrol\_olcum_49.png'
13:11.765  render           | Saved: 'C:\Users\yigit\angora-tur10\kontrol\render_49.png'
[kontrol] render 49 pozlama -0.2 -> C:\Users\yigit\angora-tur10\kontrol\render_49.png
[kontrol] TAMAM 40
Blender 5.2.1 LTS (hash 9e2066aef7ef built 2026-08-25 02:38:20)

Blender quit
