  0
SECTION
  2
HEADER
  9
$ACADVER
  1
AC1032
  9
$ACADMAINTVER
 90
4
  9
$DWGCODEPAGE
  3
ANSI_1252
  9
$LASTSAVEDBY
  1
ezdxf
  9
$REQUIREDVERSIONS
160
0
  9
$INSBASE
 10
0.0
 20
0.0
 30
0.0
  9
$EXTMIN
 10
1e+20
 20
1e+20
 30
1e+20
  9
$EXTMAX
 10
-1e+20
 20
-1e+20
 30
-1e+20
  9
$LIMMIN
 10
0.0
 20
0.0
  9
$LIMMAX
 10
420.0
 20
297.0
  9
$ORTHOMODE
 70
0
  9
$REGENMODE
 70
1
  9
$FILLMODE
 70
1
  9
$QTEXTMODE
 70
0
  9
$MIRRTEXT
 70
1
  9
$LTSCALE
 40
1.0
  9
$ATTMODE
 70
1
  9
$TEXTSIZE
 40
2.5
  9
$TRACEWID
 40
1.0
  9
$TEXTSTYLE
  7
OpenSans
  9
$CLAYER
  8
0
  9
$CELTYPE
  6
ByLayer
  9
$CECOLOR
 62
256
  9
$CELTSCALE
 40
1.0
  9
$DISPSILH
 70
0
  9
$DIMSCALE
 40
1.0
  9
$DIMASZ
 40
0.175
  9
$DIMEXO
 40
0.125
  9
$DIMDLI
 40
3.75
  9
$DIMRND
 40
0.0
  9
$DIMDLE
 40
0.0
  9
$DIMEXE
 40
0.375
  9
$DIMTP
 40
0.0
  9
$DIMTM
 40
0.0
  9
$DIMTXT
 40
0.25
  9
$DIMCEN
 40
2.5
  9
$DIMTSZ
 40
0.0
  9
$DIMTOL
 70
0
  9
$DIMLIM
 70
0
  9
$DIMTIH
 70
0
  9
$DIMTOH
 70
0
  9
$DIMSE1
 70
0
  9
$DIMSE2
 70
0
  9
$DIMTAD
 70
1
  9
$DIMZIN
 70
12
  9
$DIMBLK
  1
ARCHTICK
  9
$DIMASO
 70
1
  9
$DIMSHO
 70
1
  9
$DIMPOST
  1

  9
$DIMAPOST
  1

  9
$DIMALT
 70
0
  9
$DIMALTD
 70
3
  9
$DIMALTF
 40
0.03937007874
  9
$DIMLFAC
 40
100.0
  9
$DIMTOFL
 70
1
  9
$DIMTVP
 40
0.0
  9
$DIMTIX
 70
0
  9
$DIMSOXD
 70
0
  9
$DIMSAH
 70
0
  9
$DIMBLK1
  1

  9
$DIMBLK2
  1

  9
$DIMSTYLE
  2
EZDXF
  9
$DIMCLRD
 70
0
  9
$DIMCLRE
 70
0
  9
$DIMCLRT
 70
0
  9
$DIMTFAC
 40
0.5
  9
$DIMGAP
 40
0.1
  9
$DIMJUST
 70
0
  9
$DIMSD1
 70
0
  9
$DIMSD2
 70
0
  9
$DIMTOLJ
 70
0
  9
$DIMTZIN
 70
8
  9
$DIMALTZ
 70
0
  9
$DIMALTTZ
 70
0
  9
$DIMUPT
 70
1
  9
$DIMDEC
 70
2
  9
$DIMTDEC
 70
2
  9
$DIMALTU
 70
2
  9
$DIMALTTD
 70
3
  9
$DIMTXSTY
  7
OpenSansCondensed-Light
  9
$DIMAUNIT
 70
0
  9
$DIMADEC
 70
2
  9
$DIMALTRND
 40
0.0
  9
$DIMAZIN
 70
3
  9
$DIMDSEP
 70
46
  9
$DIMATFIT
 70
3
  9
$DIMFRAC
 70
0
  9
$DIMLDRBLK
  1

  9
$DIMLUNIT
 70
2
  9
$DIMLWD
 70
-2
  9
$DIMLWE
 70
-2
  9
$DIMTMOVE
 70
2
  9
$DIMFXL
 40
1.0
  9
$DIMFXLON
 70
0
  9
$DIMJOGANG
 40
0.785398163397
  9
$DIMTFILL
 70
0
  9
$DIMTFILLCLR
 70
0
  9
$DIMARCSYM
 70
0
  9
$DIMLTYPE
  6

  9
$DIMLTEX1
  6

  9
$DIMLTEX2
  6

  9
$DIMTXTDIRECTION
 70
0
  9
$LUNITS
 70
2
  9
$LUPREC
 70
4
  9
$SKETCHINC
 40
1.0
  9
$FILLETRAD
 40
10.0
  9
$AUNITS
 70
0
  9
$AUPREC
 70
2
  9
$MENU
  1
.
  9
$ELEVATION
 40
0.0
  9
$PELEVATION
 40
0.0
  9
$THICKNESS
 40
0.0
  9
$LIMCHECK
 70
0
  9
$CHAMFERA
 40
0.0
  9
$CHAMFERB
 40
0.0
  9
$CHAMFERC
 40
0.0
  9
$CHAMFERD
 40
0.0
  9
$SKPOLY
 70
0
  9
$TDCREATE
 40
2461315.5730787036
  9
$TDUCREATE
 40
2458532.153996898
  9
$TDUPDATE
 40
2461315.5730787036
  9
$TDUUPDATE
 40
2458532.1544311
  9
$TDINDWG
 40
0.0
  9
$TDUSRTIMER
 40
0.0
  9
$USRTIMER
 70
1
  9
$ANGBASE
 50
0.0
  9
$ANGDIR
 70
0
  9
$PDMODE
 70
0
  9
$PDSIZE
 40
0.0
  9
$PLINEWID
 40
0.0
  9
$SPLFRAME
 70
0
  9
$SPLINETYPE
 70
6
  9
$SPLINESEGS
 70
8
  9
$HANDSEED
  5
397
  9
$SURFTAB1
 70
6
  9
$SURFTAB2
 70
6
  9
$SURFTYPE
 70
6
  9
$SURFU
 70
6
  9
$SURFV
 70
6
  9
$UCSBASE
  2

  9
$UCSNAME
  2

  9
$UCSORG
 10
0.0
 20
0.0
 30
0.0
  9
$UCSXDIR
 10
1.0
 20
0.0
 30
0.0
  9
$UCSYDIR
 10
0.0
 20
1.0
 30
0.0
  9
$UCSORTHOREF
  2

  9
$UCSORTHOVIEW
 70
0
  9
$UCSORGTOP
 10
0.0
 20
0.0
 30
0.0
  9
$UCSORGBOTTOM
 10
0.0
 20
0.0
 30
0.0
  9
$UCSORGLEFT
 10
0.0
 20
0.0
 30
0.0
  9
$UCSORGRIGHT
 10
0.0
 20
0.0
 30
0.0
  9
$UCSORGFRONT
 10
0.0
 20
0.0
 30
0.0
  9
$UCSORGBACK
 10
0.0
 20
0.0
 30
0.0
  9
$PUCSBASE
  2

  9
$PUCSNAME
  2

  9
$PUCSORG
 10
0.0
 20
0.0
 30
0.0
  9
$PUCSXDIR
 10
1.0
 20
0.0
 30
0.0
  9
$PUCSYDIR
 10
0.0
 20
1.0
 30
0.0
  9
$PUCSORTHOREF
  2

  9
$PUCSORTHOVIEW
 70
0
  9
$PUCSORGTOP
 10
0.0
 20
0.0
 30
0.0
  9
$PUCSORGBOTTOM
 10
0.0
 20
0.0
 30
0.0
  9
$PUCSORGLEFT
 10
0.0
 20
0.0
 30
0.0
  9
$PUCSORGRIGHT
 10
0.0
 20
0.0
 30
0.0
  9
$PUCSORGFRONT
 10
0.0
 20
0.0
 30
0.0
  9
$PUCSORGBACK
 10
0.0
 20
0.0
 30
0.0
  9
$USERI1
 70
0
  9
$USERI2
 70
0
  9
$USERI3
 70
0
  9
$USERI4
 70
0
  9
$USERI5
 70
0
  9
$USERR1
 40
0.0
  9
$USERR2
 40
0.0
  9
$USERR3
 40
0.0
  9
$USERR4
 40
0.0
  9
$USERR5
 40
0.0
  9
$WORLDVIEW
 70
1
  9
$SHADEDGE
 70
3
  9
$SHADEDIF
 70
70
  9
$TILEMODE
 70
1
  9
$MAXACTVP
 70
64
  9
$PINSBASE
 10
0.0
 20
0.0
 30
0.0
  9
$PLIMCHECK
 70
0
  9
$PEXTMIN
 10
1e+20
 20
1e+20
 30
1e+20
  9
$PEXTMAX
 10
-1e+20
 20
-1e+20
 30
-1e+20
  9
$PLIMMIN
 10
0.0
 20
0.0
  9
$PLIMMAX
 10
420.0
 20
297.0
  9
$UNITMODE
 70
0
  9
$VISRETAIN
 70
1
  9
$PLINEGEN
 70
0
  9
$PSLTSCALE
 70
1
  9
$TREEDEPTH
 70
3020
  9
$CMLSTYLE
  2
Standard
  9
$CMLJUST
 70
0
  9
$CMLSCALE
 40
20.0
  9
$PROXYGRAPHICS
 70
1
  9
$MEASUREMENT
 70
1
  9
$CELWEIGHT
370
-1
  9
$ENDCAPS
280
0
  9
$JOINSTYLE
280
0
  9
$LWDISPLAY
290
0
  9
$INSUNITS
 70
6
  9
$HYPERLINKBASE
  1

  9
$STYLESHEET
  1

  9
$XEDIT
290
1
  9
$CEPSNTYPE
380
0
  9
$PSTYLEMODE
290
1
  9
$FINGERPRINTGUID
  2
{07C6CE49-ECE8-4756-AA15-901CBC06F6C1}
  9
$VERSIONGUID
  2
{FE875050-B6AC-45BE-9234-3182C6B9A3BF}
  9
$EXTNAMES
290
1
  9
$PSVPSCALE
 40
0.0
  9
$OLESTARTUP
290
0
  9
$SORTENTS
280
127
  9
$INDEXCTL
280
0
  9
$HIDETEXT
280
1
  9
$XCLIPFRAME
280
1
  9
$HALOGAP
280
0
  9
$OBSCOLOR
 70
257
  9
$OBSLTYPE
280
0
  9
$INTERSECTIONDISPLAY
280
0
  9
$INTERSECTIONCOLOR
 70
257
  9
$DIMASSOC
280
2
  9
$PROJECTNAME
  1

  9
$CAMERADISPLAY
290
0
  9
$LENSLENGTH
 40
50.0
  9
$CAMERAHEIGHT
 40
0.0
  9
$STEPSPERSEC
 40
24.0
  9
$STEPSIZE
 40
100.0
  9
$3DDWFPREC
 40
2.0
  9
$PSOLWIDTH
 40
0.005
  9
$PSOLHEIGHT
 40
0.08
  9
$LOFTANG1
 40
1.570796326795
  9
$LOFTANG2
 40
1.570796326795
  9
$LOFTMAG1
 40
0.0
  9
$LOFTMAG2
 40
0.0
  9
$LOFTPARAM
 70
7
  9
$LOFTNORMALS
280
1
  9
$LATITUDE
 40
37.795
  9
$LONGITUDE
 40
-122.394
  9
$NORTHDIRECTION
 40
0.0
  9
$TIMEZONE
 70
-8000
  9
$LIGHTGLYPHDISPLAY
280
1
  9
$TILEMODELIGHTSYNCH
280
1
  9
$CMATERIAL
347
20
  9
$SOLIDHIST
280
0
  9
$SHOWHIST
280
1
  9
$DWFFRAME
280
2
  9
$DGNFRAME
280
2
  9
$REALWORLDSCALE
290
1
  9
$INTERFERECOLOR
 62
256
  9
$CSHADOW
280
0
  9
$SHADOWPLANELOCATION
 40
0.0
  0
ENDSEC
  0
SECTION
  2
CLASSES
  0
CLASS
  1
ACDBDICTIONARYWDFLT
  2
AcDbDictionaryWithDefault
  3
ObjectDBX Classes
 90
0
 91
0
280
0
281
0
  0
CLASS
  1
SUN
  2
AcDbSun
  3
SCENEOE
 90
1153
 91
0
280
0
281
0
  0
CLASS
  1
VISUALSTYLE
  2
AcDbVisualStyle
  3
ObjectDBX Classes
 90
4095
 91
0
280
0
281
0
  0
CLASS
  1
MATERIAL
  2
AcDbMaterial
  3
ObjectDBX Classes
 90
1153
 91
0
280
0
281
0
  0
CLASS
  1
SCALE
  2
AcDbScale
  3
ObjectDBX Classes
 90
1153
 91
0
280
0
281
0
  0
CLASS
  1
TABLESTYLE
  2
AcDbTableStyle
  3
ObjectDBX Classes
 90
4095
 91
0
280
0
281
0
  0
CLASS
  1
MLEADERSTYLE
  2
AcDbMLeaderStyle
  3
ACDB_MLEADERSTYLE_CLASS
 90
4095
 91
0
280
0
281
0
  0
CLASS
  1
DICTIONARYVAR
  2
AcDbDictionaryVar
  3
ObjectDBX Classes
 90
0
 91
0
280
0
281
0
  0
CLASS
  1
CELLSTYLEMAP
  2
AcDbCellStyleMap
  3
ObjectDBX Classes
 90
1152
 91
0
280
0
281
0
  0
CLASS
  1
MENTALRAYRENDERSETTINGS
  2
AcDbMentalRayRenderSettings
  3
SCENEOE
 90
1024
 91
0
280
0
281
0
  0
CLASS
  1
ACDBDETAILVIEWSTYLE
  2
AcDbDetailViewStyle
  3
ObjectDBX Classes
 90
1025
 91
0
280
0
281
0
  0
CLASS
  1
ACDBSECTIONVIEWSTYLE
  2
AcDbSectionViewStyle
  3
ObjectDBX Classes
 90
1025
 91
0
280
0
281
0
  0
CLASS
  1
RASTERVARIABLES
  2
AcDbRasterVariables
  3
ISM
 90
0
 91
0
280
0
281
0
  0
CLASS
  1
ACDBPLACEHOLDER
  2
AcDbPlaceHolder
  3
ObjectDBX Classes
 90
0
 91
0
280
0
281
0
  0
CLASS
  1
LAYOUT
  2
AcDbLayout
  3
ObjectDBX Classes
 90
0
 91
0
280
0
281
0
  0
ENDSEC
  0
SECTION
  2
TABLES
  0
TABLE
  2
VPORT
  5
8
330
0
100
AcDbSymbolTable
 70
1
  0
VPORT
  5
23
330
8
100
AcDbSymbolTableRecord
100
AcDbViewportTableRecord
  2
*Active
 70
0
 10
0.0
 20
0.0
 11
1.0
 21
1.0
 12
0.0
 22
0.0
 13
0.0
 23
0.0
 14
0.5
 24
0.5
 15
0.5
 25
0.5
 16
0.0
 26
0.0
 36
1.0
 17
0.0
 27
0.0
 37
0.0
 40
1000.0
 41
1.34
 42
50.0
 43
0.0
 44
0.0
 50
0.0
 51
0.0
 71
0
 72
1000
 73
1
 74
3
 75
0
 76
0
 77
0
 78
0
281
0
 65
0
146
0.0
  0
ENDTAB
  0
TABLE
  2
LTYPE
  5
2
330
0
100
AcDbSymbolTable
 70
21
  0
LTYPE
  5
24
330
2
100
AcDbSymbolTableRecord
100
AcDbLinetypeTableRecord
  2
ByBlock
 70
0
  3

 72
65
 73
0
 40
0.0
  0
LTYPE
  5
25
330
2
100
AcDbSymbolTableRecord
100
AcDbLinetypeTableRecord
  2
ByLayer
 70
0
  3

 72
65
 73
0
 40
0.0
  0
LTYPE
  5
26
330
2
100
AcDbSymbolTableRecord
100
AcDbLinetypeTableRecord
  2
Continuous
 70
0
  3

 72
65
 73
0
 40
0.0
  0
LTYPE
  5
2F
330
2
100
AcDbSymbolTableRecord
100
AcDbLinetypeTableRecord
  2
CENTER
 70
0
  3
Center ____ _ ____ _ ____ _ ____ _ ____ _ ____
 72
65
 73
4
 40
5.08
 49
3.175
 74
0
 49
-0.635
 74
0
 49
0.635
 74
0
 49
-0.635
 74
0
  0
LTYPE
  5
30
330
2
100
AcDbSymbolTableRecord
100
AcDbLinetypeTableRecord
  2
CENTERX2
 70
0
  3
Center (2x) ________  __  ________  __  ________
 72
65
 73
4
 40
8.89
 49
6.35
 74
0
 49
-0.635
 74
0
 49
1.27
 74
0
 49
-0.635
 74
0
  0
LTYPE
  5
31
330
2
100
AcDbSymbolTableRecord
100
AcDbLinetypeTableRecord
  2
CENTER2
 70
0
  3
Center (.5x) ____ _ ____ _ ____ _ ____ _ ____
 72
65
 73
4
 40
2.54
 49
1.587
 74
0
 49
-0.318
 74
0
 49
0.318
 74
0
 49
-0.318
 74
0
  0
LTYPE
  5
32
330
2
100
AcDbSymbolTableRecord
100
AcDbLinetypeTableRecord
  2
DASHED
 70
0
  3
Dashed __ __ __ __ __ __ __ __ __ __ __ __ __ _
 72
65
 73
2
 40
1.524
 49
1.27
 74
0
 49
-0.254
 74
0
  0
LTYPE
  5
33
330
2
100
AcDbSymbolTableRecord
100
AcDbLinetypeTableRecord
  2
DASHEDX2
 70
0
  3
Dashed (2x) ____  ____  ____  ____  ____  ____
 72
65
 73
2
 40
3.048
 49
2.54
 74
0
 49
-0.508
 74
0
  0
LTYPE
  5
34
330
2
100
AcDbSymbolTableRecord
100
AcDbLinetypeTableRecord
  2
DASHED2
 70
0
  3
Dashed (.5x) _ _ _ _ _ _ _ _ _ _ _ _ _ _
 72
65
 73
2
 40
0.762
 49
0.635
 74
0
 49
-0.127
 74
0
  0
LTYPE
  5
35
330
2
100
AcDbSymbolTableRecord
100
AcDbLinetypeTableRecord
  2
PHANTOM
 70
0
  3
Phantom ______  __  __  ______  __  __  ______
 72
65
 73
6
 40
6.35
 49
3.175
 74
0
 49
-0.635
 74
0
 49
0.635
 74
0
 49
-0.635
 74
0
 49
0.635
 74
0
 49
-0.635
 74
0
  0
LTYPE
  5
36
330
2
100
AcDbSymbolTableRecord
100
AcDbLinetypeTableRecord
  2
PHANTOMX2
 70
0
  3
Phantom (2x)____________    ____    ____    ____________
 72
65
 73
6
 40
10.795
 49
6.35
 74
0
 49
-0.635
 74
0
 49
1.27
 74
0
 49
-0.635
 74
0
 49
1.27
 74
0
 49
-0.635
 74
0
  0
LTYPE
  5
37
330
2
100
AcDbSymbolTableRecord
100
AcDbLinetypeTableRecord
  2
PHANTOM2
 70
0
  3
Phantom (.5x) ___ _ _ ___ _ _ ___ _ _ ___ _ _ ___
 72
65
 73
6
 40
3.175
 49
1.587
 74
0
 49
-0.318
 74
0
 49
0.318
 74
0
 49
-0.318
 74
0
 49
0.318
 74
0
 49
-0.318
 74
0
  0
LTYPE
  5
38
330
2
100
AcDbSymbolTableRecord
100
AcDbLinetypeTableRecord
  2
DASHDOT
 70
0
  3
Dash dot __ . __ . __ . __ . __ . __ . __ . __
 72
65
 73
4
 40
3.556
 49
2.54
 74
0
 49
-0.508
 74
0
 49
0.0
 74
0
 49
-0.508
 74
0
  0
LTYPE
  5
39
330
2
100
AcDbSymbolTableRecord
100
AcDbLinetypeTableRecord
  2
DASHDOTX2
 70
0
  3
Dash dot (2x) ____  .  ____  .  ____  .  ____
 72
65
 73
4
 40
6.096
 49
5.08
 74
0
 49
-0.508
 74
0
 49
0.0
 74
0
 49
-0.508
 74
0
  0
LTYPE
  5
3A
330
2
100
AcDbSymbolTableRecord
100
AcDbLinetypeTableRecord
  2
DASHDOT2
 70
0
  3
Dash dot (.5x) _ . _ . _ . _ . _ . _ . _ . _
 72
65
 73
4
 40
1.778
 49
1.27
 74
0
 49
-0.254
 74
0
 49
0.0
 74
0
 49
-0.254
 74
0
  0
LTYPE
  5
3B
330
2
100
AcDbSymbolTableRecord
100
AcDbLinetypeTableRecord
  2
DOT
 70
0
  3
Dot .  .  .  .  .  .  .  .  .  .  .  .  .  .  .  .
 72
65
 73
2
 40
0.508
 49
0.0
 74
0
 49
-0.508
 74
0
  0
LTYPE
  5
3C
330
2
100
AcDbSymbolTableRecord
100
AcDbLinetypeTableRecord
  2
DOTX2
 70
0
  3
Dot (2x) .    .    .    .    .    .    .    . 
 72
65
 73
2
 40
1.016
 49
0.0
 74
0
 49
-1.016
 74
0
  0
LTYPE
  5
3D
330
2
100
AcDbSymbolTableRecord
100
AcDbLinetypeTableRecord
  2
DOT2
 70
0
  3
Dot (.5) . . . . . . . . . . . . . . . . . . . 
 72
65
 73
2
 40
0.254
 49
0.0
 74
0
 49
-0.254
 74
0
  0
LTYPE
  5
3E
330
2
100
AcDbSymbolTableRecord
100
AcDbLinetypeTableRecord
  2
DIVIDE
 70
0
  3
Divide __ . . __ . . __ . . __ . . __ . . __
 72
65
 73
6
 40
4.064
 49
2.54
 74
0
 49
-0.508
 74
0
 49
0.0
 74
0
 49
-0.508
 74
0
 49
0.0
 74
0
 49
-0.508
 74
0
  0
LTYPE
  5
3F
330
2
100
AcDbSymbolTableRecord
100
AcDbLinetypeTableRecord
  2
DIVIDEX2
 70
0
  3
Divide (2x) ____  . .  ____  . .  ____  . .  ____
 72
65
 73
6
 40
6.604
 49
5.08
 74
0
 49
-0.508
 74
0
 49
0.0
 74
0
 49
-0.508
 74
0
 49
0.0
 74
0
 49
-0.508
 74
0
  0
LTYPE
  5
40
330
2
100
AcDbSymbolTableRecord
100
AcDbLinetypeTableRecord
  2
DIVIDE2
 70
0
  3
Divide(.5x) _ . _ . _ . _ . _ . _ . _ . _
 72
65
 73
6
 40
2.032
 49
1.27
 74
0
 49
-0.254
 74
0
 49
0.0
 74
0
 49
-0.254
 74
0
 49
0.0
 74
0
 49
-0.254
 74
0
  0
ENDTAB
  0
TABLE
  2
LAYER
  5
1
330
0
100
AcDbSymbolTable
 70
22
  0
LAYER
  5
27
330
1
100
AcDbSymbolTableRecord
100
AcDbLayerTableRecord
  2
0
 70
0
 62
7
  6
Continuous
370
-3
390
13
347
21
  0
LAYER
  5
28
330
1
100
AcDbSymbolTableRecord
100
AcDbLayerTableRecord
  2
Defpoints
 70
0
 62
7
  6
Continuous
290
0
370
-3
390
13
347
21
  0
LAYER
  5
8A
330
1
100
AcDbSymbolTableRecord
100
AcDbLayerTableRecord
  2
BODRUM_DUVAR
 70
0
 62
7
  6
Continuous
370
-3
390
13
347
21
  0
LAYER
  5
A1
330
1
100
AcDbSymbolTableRecord
100
AcDbLayerTableRecord
  2
BODRUM_DONATI
 70
0
 62
8
  6
Continuous
370
-3
390
13
347
21
  0
LAYER
  5
B5
330
1
100
AcDbSymbolTableRecord
100
AcDbLayerTableRecord
  2
BODRUM_MOBILYA
 70
0
 62
9
  6
Continuous
370
-3
390
13
347
21
  0
LAYER
  5
DD
330
1
100
AcDbSymbolTableRecord
100
AcDbLayerTableRecord
  2
BODRUM_TOPRAK
 70
0
 62
33
  6
Continuous
370
-3
390
13
347
21
  0
LAYER
  5
E6
330
1
100
AcDbSymbolTableRecord
100
AcDbLayerTableRecord
  2
BODRUM_NOT
 70
0
 62
1
  6
Continuous
370
-3
390
13
347
21
  0
LAYER
  5
E8
330
1
100
AcDbSymbolTableRecord
100
AcDbLayerTableRecord
  2
GIRIS_DUVAR
 70
0
 62
7
  6
Continuous
370
-3
390
13
347
21
  0
LAYER
  5
1A5
330
1
100
AcDbSymbolTableRecord
100
AcDbLayerTableRecord
  2
GIRIS_DONATI
 70
0
 62
8
  6
Continuous
370
-3
390
13
347
21
  0
LAYER
  5
1B2
330
1
100
AcDbSymbolTableRecord
100
AcDbLayerTableRecord
  2
GIRIS_MOBILYA
 70
0
 62
9
  6
Continuous
370
-3
390
13
347
21
  0
LAYER
  5
257
330
1
100
AcDbSymbolTableRecord
100
AcDbLayerTableRecord
  2
GIRIS_TOPRAK
 70
0
 62
33
  6
Continuous
370
-3
390
13
347
21
  0
LAYER
  5
258
330
1
100
AcDbSymbolTableRecord
100
AcDbLayerTableRecord
  2
GIRIS_NOT
 70
0
 62
1
  6
Continuous
370
-3
390
13
347
21
  0
LAYER
  5
25A
330
1
100
AcDbSymbolTableRecord
100
AcDbLayerTableRecord
  2
KAT1_DUVAR
 70
0
 62
7
  6
Continuous
370
-3
390
13
347
21
  0
LAYER
  5
283
330
1
100
AcDbSymbolTableRecord
100
AcDbLayerTableRecord
  2
KAT1_DONATI
 70
0
 62
8
  6
Continuous
370
-3
390
13
347
21
  0
LAYER
  5
291
330
1
100
AcDbSymbolTableRecord
100
AcDbLayerTableRecord
  2
KAT1_MOBILYA
 70
0
 62
9
  6
Continuous
370
-3
390
13
347
21
  0
LAYER
  5
345
330
1
100
AcDbSymbolTableRecord
100
AcDbLayerTableRecord
  2
KAT1_TOPRAK
 70
0
 62
33
  6
Continuous
370
-3
390
13
347
21
  0
LAYER
  5
346
330
1
100
AcDbSymbolTableRecord
100
AcDbLayerTableRecord
  2
KAT1_NOT
 70
0
 62
1
  6
Continuous
370
-3
390
13
347
21
  0
LAYER
  5
348
330
1
100
AcDbSymbolTableRecord
100
AcDbLayerTableRecord
  2
CATI_DUVAR
 70
0
 62
7
  6
Continuous
370
-3
390
13
347
21
  0
LAYER
  5
35E
330
1
100
AcDbSymbolTableRecord
100
AcDbLayerTableRecord
  2
CATI_DONATI
 70
0
 62
8
  6
Continuous
370
-3
390
13
347
21
  0
LAYER
  5
360
330
1
100
AcDbSymbolTableRecord
100
AcDbLayerTableRecord
  2
CATI_MOBILYA
 70
0
 62
9
  6
Continuous
370
-3
390
13
347
21
  0
LAYER
  5
391
330
1
100
AcDbSymbolTableRecord
100
AcDbLayerTableRecord
  2
CATI_TOPRAK
 70
0
 62
33
  6
Continuous
370
-3
390
13
347
21
  0
LAYER
  5
392
330
1
100
AcDbSymbolTableRecord
100
AcDbLayerTableRecord
  2
CATI_NOT
 70
0
 62
1
  6
Continuous
370
-3
390
13
347
21
  0
ENDTAB
  0
TABLE
  2
STYLE
  5
5
330
0
100
AcDbSymbolTable
 70
26
  0
STYLE
  5
29
330
5
100
AcDbSymbolTableRecord
100
AcDbTextStyleTableRecord
  2
Standard
 70
0
 40
0.0
 41
1.0
 50
0.0
 71
0
 42
2.5
  3
txt
  4

  0
STYLE
  5
41
330
5
100
AcDbSymbolTableRecord
100
AcDbTextStyleTableRecord
  2
OpenSans-Light
 70
0
 40
0.0
 41
1.0
 50
0.0
 71
0
 42
2.5
  3
OpenSans-Light.ttf
  4

  0
STYLE
  5
42
330
5
100
AcDbSymbolTableRecord
100
AcDbTextStyleTableRecord
  2
OpenSans-Light-Italic
 70
0
 40
0.0
 41
1.0
 50
0.0
 71
0
 42
2.5
  3
OpenSans-LightItalic.ttf
  4

  0
STYLE
  5
43
330
5
100
AcDbSymbolTableRecord
100
AcDbTextStyleTableRecord
  2
OpenSans
 70
0
 40
0.0
 41
1.0
 50
0.0
 71
0
 42
2.5
  3
OpenSans-Regular.ttf
  4

  0
STYLE
  5
44
330
5
100
AcDbSymbolTableRecord
100
AcDbTextStyleTableRecord
  2
OpenSans-Italic
 70
0
 40
0.0
 41
1.0
 50
0.0
 71
0
 42
2.5
  3
OpenSans-Italic.ttf
  4

  0
STYLE
  5
45
330
5
100
AcDbSymbolTableRecord
100
AcDbTextStyleTableRecord
  2
OpenSans-SemiBold
 70
0
 40
0.0
 41
1.0
 50
0.0
 71
0
 42
2.5
  3
OpenSans-SemiBold.ttf
  4

  0
STYLE
  5
46
330
5
100
AcDbSymbolTableRecord
100
AcDbTextStyleTableRecord
  2
OpenSans-SemiBoldItalic
 70
0
 40
0.0
 41
1.0
 50
0.0
 71
0
 42
2.5
  3
OpenSans-SemiBoldItalic.ttf
  4

  0
STYLE
  5
47
330
5
100
AcDbSymbolTableRecord
100
AcDbTextStyleTableRecord
  2
OpenSans-Bold
 70
0
 40
0.0
 41
1.0
 50
0.0
 71
0
 42
2.5
  3
OpenSans-Bold.ttf
  4

  0
STYLE
  5
48
330
5
100
AcDbSymbolTableRecord
100
AcDbTextStyleTableRecord
  2
OpenSans-BoldItalic
 70
0
 40
0.0
 41
1.0
 50
0.0
 71
0
 42
2.5
  3
OpenSans-BoldItalic.ttf
  4

  0
STYLE
  5
49
330
5
100
AcDbSymbolTableRecord
100
AcDbTextStyleTableRecord
  2
OpenSans-ExtraBold
 70
0
 40
0.0
 41
1.0
 50
0.0
 71
0
 42
2.5
  3
OpenSans-ExtraBold.ttf
  4

  0
STYLE
  5
4A
330
5
100
AcDbSymbolTableRecord
100
AcDbTextStyleTableRecord
  2
OpenSans-ExtraBoldItalic
 70
0
 40
0.0
 41
1.0
 50
0.0
 71
0
 42
2.5
  3
OpenSans-ExtraBoldItalic.ttf
  4

  0
STYLE
  5
4B
330
5
100
AcDbSymbolTableRecord
100
AcDbTextStyleTableRecord
  2
OpenSansCondensed-Bold
 70
0
 40
0.0
 41
1.0
 50
0.0
 71
0
 42
2.5
  3
OpenSansCondensed-Bold.ttf
  4

  0
STYLE
  5
4C
330
5
100
AcDbSymbolTableRecord
100
AcDbTextStyleTableRecord
  2
OpenSansCondensed-Light
 70
0
 40
0.0
 41
1.0
 50
0.0
 71
0
 42
2.5
  3
OpenSansCondensed-Light.ttf
  4

  0
STYLE
  5
4D
330
5
100
AcDbSymbolTableRecord
100
AcDbTextStyleTableRecord
  2
OpenSansCondensed-Italic
 70
0
 40
0.0
 41
1.0
 50
0.0
 71
0
 42
2.5
  3
OpenSansCondensed-LightItalic.ttf
  4

  0
STYLE
  5
4E
330
5
100
AcDbSymbolTableRecord
100
AcDbTextStyleTableRecord
  2
LiberationSans
 70
0
 40
0.0
 41
1.0
 50
0.0
 71
0
 42
2.5
  3
LiberationSans-Regular.ttf
  4

  0
STYLE
  5
4F
330
5
100
AcDbSymbolTableRecord
100
AcDbTextStyleTableRecord
  2
LiberationSans-Bold
 70
0
 40
0.0
 41
1.0
 50
0.0
 71
0
 42
2.5
  3
LiberationSans-Bold.ttf
  4

  0
STYLE
  5
50
330
5
100
AcDbSymbolTableRecord
100
AcDbTextStyleTableRecord
  2
LiberationSans-BoldItalic
 70
0
 40
0.0
 41
1.0
 50
0.0
 71
0
 42
2.5
  3
LiberationSans-BoldItalic.ttf
  4

  0
STYLE
  5
51
330
5
100
AcDbSymbolTableRecord
100
AcDbTextStyleTableRecord
  2
LiberationSans-Italic
 70
0
 40
0.0
 41
1.0
 50
0.0
 71
0
 42
2.5
  3
LiberationSans-Italic.ttf
  4

  0
STYLE
  5
52
330
5
100
AcDbSymbolTableRecord
100
AcDbTextStyleTableRecord
  2
LiberationSerif
 70
0
 40
0.0
 41
1.0
 50
0.0
 71
0
 42
2.5
  3
LiberationSerif-Regular.ttf
  4

  0
STYLE
  5
53
330
5
100
AcDbSymbolTableRecord
100
AcDbTextStyleTableRecord
  2
LiberationSerif-Bold
 70
0
 40
0.0
 41
1.0
 50
0.0
 71
0
 42
2.5
  3
LiberationSerif-Bold.ttf
  4

  0
STYLE
  5
54
330
5
100
AcDbSymbolTableRecord
100
AcDbTextStyleTableRecord
  2
LiberationSerif-BoldItalic
 70
0
 40
0.0
 41
1.0
 50
0.0
 71
0
 42
2.5
  3
LiberationSerif-BoldItalic.ttf
  4

  0
STYLE
  5
55
330
5
100
AcDbSymbolTableRecord
100
AcDbTextStyleTableRecord
  2
LiberationSerif-Italic
 70
0
 40
0.0
 41
1.0
 50
0.0
 71
0
 42
2.5
  3
LiberationSerif-Italic.ttf
  4

  0
STYLE
  5
56
330
5
100
AcDbSymbolTableRecord
100
AcDbTextStyleTableRecord
  2
LiberationMono
 70
0
 40
0.0
 41
1.0
 50
0.0
 71
0
 42
2.5
  3
LiberationMono-Regular.ttf
  4

  0
STYLE
  5
57
330
5
100
AcDbSymbolTableRecord
100
AcDbTextStyleTableRecord
  2
LiberationMono-Bold
 70
0
 40
0.0
 41
1.0
 50
0.0
 71
0
 42
2.5
  3
LiberationMono-Bold.ttf
  4

  0
STYLE
  5
58
330
5
100
AcDbSymbolTableRecord
100
AcDbTextStyleTableRecord
  2
LiberationMono-BoldItalic
 70
0
 40
0.0
 41
1.0
 50
0.0
 71
0
 42
2.5
  3
LiberationMono-BoldItalic.ttf
  4

  0
STYLE
  5
59
330
5
100
AcDbSymbolTableRecord
100
AcDbTextStyleTableRecord
  2
LiberationMono-Italic
 70
0
 40
0.0
 41
1.0
 50
0.0
 71
0
 42
2.5
  3
LiberationMono-Italic.ttf
  4

  0
ENDTAB
  0
TABLE
  2
VIEW
  5
7
330
0
100
AcDbSymbolTable
 70
0
  0
ENDTAB
  0
TABLE
  2
UCS
  5
6
330
0
100
AcDbSymbolTable
 70
0
  0
ENDTAB
  0
TABLE
  2
APPID
  5
3
330
0
100
AcDbSymbolTable
 70
3
  0
APPID
  5
2A
330
3
100
AcDbSymbolTableRecord
100
AcDbRegAppTableRecord
  2
ACAD
 70
0
  0
APPID
  5
394
330
3
100
AcDbSymbolTableRecord
100
AcDbRegAppTableRecord
  2
HATCHBACKGROUNDCOLOR
 70
0
  0
APPID
  5
395
330
3
100
AcDbSymbolTableRecord
100
AcDbRegAppTableRecord
  2
EZDXF
 70
0
  0
ENDTAB
  0
TABLE
  2
DIMSTYLE
  5
4
330
0
100
AcDbSymbolTable
 70
12
100
AcDbDimStyleTable
  0
DIMSTYLE
105
2B
330
4
100
AcDbSymbolTableRecord
100
AcDbDimStyleTableRecord
  2
Standard
 70
0
 40
1.0
 41
2.5
 42
0.625
 43
3.75
 44
1.25
 45
0.0
 46
0.0
 47
0.0
 48
0.0
 49
2.5
140
2.5
141
2.5
142
0.0
143
0.03937007874
144
1.0
145
0.0
146
1.0
147
0.625
148
0.0
 69
0
 70
0
 71
0
 72
0
 73
0
 74
0
 75
0
 76
0
 77
1
 78
8
 79
3
170
0
171
3
172
1
173
0
174
0
175
0
176
0
177
0
178
0
179
2
271
2
272
2
273
2
274
3
275
0
276
0
277
2
278
44
279
0
280
0
281
0
282
0
283
0
284
8
285
0
286
0
288
0
289
3
290
0
371
-2
372
-2
  0
DIMSTYLE
105
73
330
4
100
AcDbSymbolTableRecord
100
AcDbDimStyleTableRecord
  2
EZDXF
 70
0
 40
1.0
 41
0.175
 42
0.125
 43
3.75
 44
0.375
 45
0.0
 46
0.0
 47
0.0
 48
0.0
 49
2.5
140
0.25
141
2.5
142
0.0
143
0.03937007874
144
100.0
145
0.0
146
0.5
147
0.1
148
0.0
 69
0
 70
0
 71
0
 72
0
 73
0
 74
0
 75
0
 76
0
 77
1
 78
12
 79
3
170
0
171
3
172
1
173
0
174
0
175
0
176
0
177
0
178
0
179
2
271
2
272
2
273
2
274
3
275
0
276
0
277
2
278
46
279
2
280
0
281
0
282
0
283
0
284
8
285
0
286
0
288
1
289
3
290
0
340
4C
342
74
371
-2
372
-2
  0
DIMSTYLE
105
7C
330
4
100
AcDbSymbolTableRecord
100
AcDbDimStyleTableRecord
  2
EZ_M_100_H25_CM
 70
0
 40
1.0
 41
0.25
 42
0.125
 43
3.75
 44
0.375
 45
0.0
 46
0.0
 47
0.0
 48
0.0
 49
2.5
140
0.25
141
2.5
142
0.125
143
0.03937007874
144
100.0
145
0.0
146
0.5
147
0.1
148
0.0
 69
0
 70
0
 71
0
 72
0
 73
0
 74
0
 75
0
 76
0
 77
1
 78
12
 79
3
170
0
171
3
172
1
173
0
174
0
175
0
176
0
177
0
178
0
179
2
271
2
272
2
273
2
274
3
275
0
276
0
277
2
278
46
279
2
280
0
281
0
282
0
283
0
284
8
285
0
286
0
288
1
289
3
290
0
340
4C
371
-2
372
-2
  0
DIMSTYLE
105
7D
330
4
100
AcDbSymbolTableRecord
100
AcDbDimStyleTableRecord
  2
EZ_M_50_H25_CM
 70
0
 40
1.0
 41
0.125
 42
0.0625
 43
3.75
 44
0.1875
 45
0.0
 46
0.0
 47
0.0
 48
0.0
 49
2.5
140
0.125
141
2.5
142
0.0625
143
0.03937007874
144
100.0
145
0.0
146
0.5
147
0.05
148
0.0
 69
0
 70
0
 71
0
 72
0
 73
0
 74
0
 75
0
 76
0
 77
1
 78
12
 79
3
170
0
171
3
172
1
173
0
174
0
175
0
176
0
177
0
178
0
179
2
271
2
272
2
273
2
274
3
275
0
276
0
277
2
278
46
279
2
280
0
281
0
282
0
283
0
284
8
285
0
286
0
288
1
289
3
290
0
340
4C
371
-2
372
-2
  0
DIMSTYLE
105
7E
330
4
100
AcDbSymbolTableRecord
100
AcDbDimStyleTableRecord
  2
EZ_M_25_H25_CM
 70
0
 40
1.0
 41
0.0625
 42
0.03125
 43
3.75
 44
0.09375
 45
0.0
 46
0.0
 47
0.0
 48
0.0
 49
2.5
140
0.0625
141
2.5
142
0.03125
143
0.03937007874
144
100.0
145
0.0
146
0.5
147
0.025
148
0.0
 69
0
 70
0
 71
0
 72
0
 73
0
 74
0
 75
0
 76
0
 77
1
 78
12
 79
3
170
0
171
3
172
1
173
0
174
0
175
0
176
0
177
0
178
0
179
2
271
2
272
2
273
2
274
3
275
0
276
0
277
2
278
46
279
2
280
0
281
0
282
0
283
0
284
8
285
0
286
0
288
1
289
3
290
0
340
4C
371
-2
372
-2
  0
DIMSTYLE
105
7F
330
4
100
AcDbSymbolTableRecord
100
AcDbDimStyleTableRecord
  2
EZ_M_20_H25_CM
 70
0
 40
1.0
 41
0.05
 42
0.025
 43
3.75
 44
0.07500000000000001
 45
0.0
 46
0.0
 47
0.0
 48
0.0
 49
2.5
140
0.05
141
2.5
142
0.025
143
0.03937007874
144
100.0
145
0.0
146
0.5
147
0.020000000000000004
148
0.0
 69
0
 70
0
 71
0
 72
0
 73
0
 74
0
 75
0
 76
0
 77
1
 78
12
 79
3
170
0
171
3
172
1
173
0
174
0
175
0
176
0
177
0
178
0
179
2
271
2
272
2
273
2
274
3
275
0
276
0
277
2
278
46
279
2
280
0
281
0
282
0
283
0
284
8
285
0
286
0
288
1
289
3
290
0
340
4C
371
-2
372
-2
  0
DIMSTYLE
105
80
330
4
100
AcDbSymbolTableRecord
100
AcDbDimStyleTableRecord
  2
EZ_M_10_H25_CM
 70
0
 40
1.0
 41
0.025
 42
0.0125
 43
3.75
 44
0.037500000000000006
 45
0.0
 46
0.0
 47
0.0
 48
0.0
 49
2.5
140
0.025
141
2.5
142
0.0125
143
0.03937007874
144
100.0
145
0.0
146
0.5
147
0.010000000000000002
148
0.0
 69
0
 70
0
 71
0
 72
0
 73
0
 74
0
 75
0
 76
0
 77
1
 78
12
 79
3
170
0
171
3
172
1
173
0
174
0
175
0
176
0
177
0
178
0
179
2
271
2
272
2
273
2
274
3
275
0
276
0
277
2
278
46
279
2
280
0
281
0
282
0
283
0
284
8
285
0
286
0
288
1
289
3
290
0
340
4C
371
-2
372
-2
  0
DIMSTYLE
105
81
330
4
100
AcDbSymbolTableRecord
100
AcDbDimStyleTableRecord
  2
EZ_M_5_H25_CM
 70
0
 40
1.0
 41
0.0125
 42
0.00625
 43
3.75
 44
0.018750000000000003
 45
0.0
 46
0.0
 47
0.0
 48
0.0
 49
2.5
140
0.0125
141
2.5
142
0.00625
143
0.03937007874
144
100.0
145
0.0
146
0.5
147
0.005000000000000001
148
0.0
 69
0
 70
0
 71
0
 72
0
 73
0
 74
0
 75
0
 76
0
 77
1
 78
12
 79
3
170
0
171
3
172
1
173
0
174
0
175
0
176
0
177
0
178
0
179
2
271
2
272
2
273
2
274
3
275
0
276
0
277
2
278
46
279
2
280
0
281
0
282
0
283
0
284
8
285
0
286
0
288
1
289
3
290
0
340
4C
371
-2
372
-2
  0
DIMSTYLE
105
82
330
4
100
AcDbSymbolTableRecord
100
AcDbDimStyleTableRecord
  2
EZ_M_1_H25_CM
 70
0
 40
1.0
 41
0.0025
 42
0.00125
 43
3.75
 44
0.00375
 45
0.0
 46
0.0
 47
0.0
 48
0.0
 49
2.5
140
0.0025
141
2.5
142
0.00125
143
0.03937007874
144
100.0
145
0.0
146
0.5
147
0.001
148
0.0
 69
0
 70
0
 71
0
 72
0
 73
0
 74
0
 75
0
 76
0
 77
1
 78
12
 79
3
170
0
171
3
172
1
173
0
174
0
175
0
176
0
177
0
178
0
179
2
271
2
272
2
273
2
274
3
275
0
276
0
277
2
278
46
279
2
280
0
281
0
282
0
283
0
284
8
285
0
286
0
288
1
289
3
290
0
340
4C
371
-2
372
-2
  0
DIMSTYLE
105
83
330
4
100
AcDbSymbolTableRecord
100
AcDbDimStyleTableRecord
  2
EZ_RADIUS
 70
0
 40
1.0
 41
0.25
 42
0.125
 43
3.75
 44
0.375
 45
0.0
 46
0.0
 47
0.0
 48
0.0
 49
2.5
140
0.25
141
0.0
142
0.0
143
0.03937007874
144
100.0
145
0.0
146
0.5
147
0.1
148
0.0
 69
0
 70
0
 71
0
 72
0
 73
0
 74
0
 75
0
 76
0
 77
1
 78
12
 79
3
170
0
171
3
172
0
173
0
174
0
175
0
176
0
177
0
178
0
179
2
271
2
272
2
273
2
274
3
275
0
276
0
277
2
278
46
279
1
280
0
281
0
282
0
283
0
284
8
285
0
286
0
288
1
289
3
290
0
340
4C
342
84
371
-2
372
-2
  0
DIMSTYLE
105
88
330
4
100
AcDbSymbolTableRecord
100
AcDbDimStyleTableRecord
  2
EZ_RADIUS_INSIDE
 70
0
 40
1.0
 41
0.25
 42
0.125
 43
3.75
 44
0.375
 45
0.0
 46
0.0
 47
0.0
 48
0.0
 49
2.5
140
0.25
141
0.0
142
0.0
143
0.03937007874
144
100.0
145
0.0
146
0.5
147
0.1
148
0.0
 69
0
 70
0
 71
0
 72
0
 73
0
 74
0
 75
0
 76
0
 77
0
 78
12
 79
3
170
0
171
3
172
0
173
0
174
1
175
0
176
0
177
0
178
0
179
2
271
2
272
2
273
2
274
3
275
0
276
0
277
2
278
46
279
0
280
0
281
0
282
0
283
0
284
8
285
0
286
0
288
1
289
0
290
0
340
4C
342
84
371
-2
372
-2
  0
DIMSTYLE
105
89
330
4
100
AcDbSymbolTableRecord
100
AcDbDimStyleTableRecord
  2
EZ_CURVED
 70
0
 40
1.0
 41
0.25
 42
0.125
 43
3.75
 44
0.375
 45
0.0
 46
0.0
 47
0.0
 48
0.0
 49
2.5
140
0.25
141
2.5
142
0.0
143
0.03937007874
144
100.0
145
0.0
146
0.5
147
0.1
148
0.0
 69
0
 70
0
 71
0
 72
0
 73
0
 74
0
 75
0
 76
0
 77
1
 78
12
 79
2
 90
2
170
0
171
3
172
1
173
0
174
0
175
0
176
0
177
0
178
0
179
2
271
2
272
2
273
2
274
3
275
0
276
0
277
2
278
46
279
2
280
0
281
0
282
0
283
0
284
8
285
0
286
0
288
1
289
3
290
0
340
4C
371
-2
372
-2
  0
ENDTAB
  0
TABLE
  2
BLOCK_RECORD
  5
9
330
0
100
AcDbSymbolTable
 70
5
  0
BLOCK_RECORD
  5
17
330
9
100
AcDbSymbolTableRecord
100
AcDbBlockTableRecord
  2
*Model_Space
340
1A
 70
0
280
1
281
0
  0
BLOCK_RECORD
  5
1B
330
9
100
AcDbSymbolTableRecord
100
AcDbBlockTableRecord
  2
*Paper_Space
340
1E
 70
0
280
1
281
0
  0
BLOCK_RECORD
  5
74
330
9
100
AcDbSymbolTableRecord
100
AcDbBlockTableRecord
  2
_ARCHTICK
340
0
 70
0
280
1
281
0
  0
BLOCK_RECORD
  5
78
330
9
100
AcDbSymbolTableRecord
100
AcDbBlockTableRecord
  2
_CLOSEDFILLED
340
0
 70
0
280
1
281
0
  0
BLOCK_RECORD
  5
84
330
9
100
AcDbSymbolTableRecord
100
AcDbBlockTableRecord
  2
_CLOSEDBLANK
340
0
 70
0
280
1
281
0
  0
ENDTAB
  0
ENDSEC
  0
SECTION
  2
BLOCKS
  0
BLOCK
  5
18
330
17
100
AcDbEntity
  8
0
100
AcDbBlockBegin
  2
*Model_Space
 70
0
 10
0.0
 20
0.0
 30
0.0
  3
*Model_Space
  1

  0
ENDBLK
  5
19
330
17
100
AcDbEntity
  8
0
100
AcDbBlockEnd
  0
BLOCK
  5
1C
330
1B
100
AcDbEntity
  8
0
100
AcDbBlockBegin
  2
*Paper_Space
 70
0
 10
0.0
 20
0.0
 30
0.0
  3
*Paper_Space
  1

  0
ENDBLK
  5
1D
330
1B
100
AcDbEntity
  8
0
100
AcDbBlockEnd
  0
BLOCK
  5
75
330
74
100
AcDbEntity
  8
0
100
AcDbBlockBegin
  2
_ARCHTICK
 70
0
 10
0.0
 20
0.0
 30
0.0
  3
_ARCHTICK
  1

  0
LWPOLYLINE
  5
77
330
74
100
AcDbEntity
  8
0
  6
BYBLOCK
 62
0
100
AcDbPolyline
 90
2
 70
0
 43
0.15
 10
-0.5
 20
-0.5
 10
0.5
 20
0.5
  0
ENDBLK
  5
76
330
74
100
AcDbEntity
  8
0
100
AcDbBlockEnd
  0
BLOCK
  5
79
330
78
100
AcDbEntity
  8
0
100
AcDbBlockBegin
  2
_CLOSEDFILLED
 70
0
 10
0.0
 20
0.0
 30
0.0
  3
_CLOSEDFILLED
  1

  0
SOLID
  5
7B
330
78
100
AcDbEntity
  8
0
  6
BYBLOCK
 62
0
100
AcDbTrace
 10
-1.0
 20
0.16439898372402537
 30
0.0
 11
0.0
 21
0.0
 31
0.0
 12
-1.0
 22
-0.16439898372402537
 32
0.0
 13
-1.0
 23
-0.16439898372402537
 33
0.0
  0
ENDBLK
  5
7A
330
78
100
AcDbEntity
  8
0
100
AcDbBlockEnd
  0
BLOCK
  5
85
330
84
100
AcDbEntity
  8
0
100
AcDbBlockBegin
  2
_CLOSEDBLANK
 70
0
 10
0.0
 20
0.0
 30
0.0
  3
_CLOSEDBLANK
  1

  0
LWPOLYLINE
  5
87
330
84
100
AcDbEntity
  8
0
  6
BYBLOCK
 62
0
100
AcDbPolyline
 90
3
 70
1
 10
-1.0
 20
0.16439898372402537
 10
0.0
 20
0.0
 10
-1.0
 20
-0.16439898372402537
  0
ENDBLK
  5
86
330
84
100
AcDbEntity
  8
0
100
AcDbBlockEnd
  0
ENDSEC
  0
SECTION
  2
ENTITIES
  0
HATCH
  5
8B
330
17
100
AcDbEntity
  8
BODRUM_DUVAR
 62
7
100
AcDbHatch
 10
0.0
 20
0.0
 30
1.6
210
0.0
220
0.0
230
1.0
  2
ANSI31
 70
0
 71
0
 91
21
 92
3
 72
0
 73
1
 93
537
 10
0.907
 20
1.9009
 10
2.8392
 20
1.9009
 10
2.8392
 20
0.966
 10
2.83921
 20
0.966
 10
2.83921
 20
1.92962
 10
2.90809
 20
1.92962
 10
2.90809
 20
0.966
 10
4.0791
 20
0.966
 10
4.0791
 20
3.0879
 10
3.0884
 20
3.0879
 10
3.0884
 20
3.09728
 10
3.0789
 20
3.09729
 10
3.0789
 20
5.15097
 10
3.0785
 20
6.1778
 10
3.0778
 20
8.0381
 10
2.2884
 20
8.0381
 10
2.2884
 20
8.0473
 10
2.279
 20
8.0473
 10
2.279
 20
8.15723
 10
2.23948
 20
8.15723
 10
2.23948
 20
8.183
 10
2.2333
 20
8.183
 10
2.2333
 20
8.19213
 10
2.18877
 20
8.19213
 10
2.18877
 20
8.24301
 10
2.23948
 20
8.24301
 10
2.23948
 20
8.27768
 10
2.2885
 20
8.27768
 10
2.2885
 20
8.2861
 10
2.28889
 20
8.2861
 10
2.28889
 20
8.33739
 10
2.28955
 20
8.33739
 10
2.37867
 20
8.3818
 10
2.37534
 20
8.3893
 10
2.73788
 20
8.55785
 10
2.74123
 20
8.55073
 10
2.74148
 20
8.55085
 10
2.74148
 20
8.54793
 10
2.83328
 20
8.59071
 10
2.8364
 20
8.58463
 10
2.83752
 20
8.58223
 10
2.7652
 20
8.54839
 10
2.74636
 20
8.53983
 10
2.38382
 20
8.37022
 10
2.36919
 20
8.36333
 10
2.36919
 20
8.2861
 10
3.3184
 20
8.2861
 10
3.3184
 20
8.2773
 10
3.327
 20
8.2773
 10
3.327
 20
6.6111
 10
3.8683
 20
6.6111
 10
3.8683
 20
6.60416
 10
3.31998
 20
6.60416
 10
3.31998
 20
6.60407
 10
3.8683
 20
6.60407
 10
3.8683
 20
6.6023
 10
3.87028
 20
6.6023
 10
3.87028
 20
6.60227
 10
3.87029
 20
6.60207
 10
3.87029
 20
6.58003
 10
3.8771
 20
6.58003
 10
3.8771
 20
6.57803
 10
3.91956
 20
6.57803
 10
3.91956
 20
6.54267
 10
3.96967
 20
6.54267
 10
3.96967
 20
6.49179
 10
3.91956
 20
6.49179
 10
3.91956
 20
6.45759
 10
3.8771
 20
6.45759
 10
3.8771
 20
6.4022
 10
3.8769
 20
6.4022
 10
3.8769
 20
6.3723
 10
3.8683
 20
6.3723
 10
3.8683
 20
6.3629
 10
3.357
 20
6.3629
 10
3.357
 20
3.366
 10
4.3483
 20
3.366
 10
4.3483
 20
3.3574
 10
4.3569
 20
3.3574
 10
4.3569
 20
-1.1589
 10
7.279
 20
-1.1589
 10
7.279
 20
3.5973
 10
7.28836
 20
3.5973
 10
7.28836
 20
4.0972
 10
7.279
 20
4.0972
 10
7.279
 20
6.7631
 10
6.8684
 20
6.7631
 10
6.8684
 20
6.7723
 10
6.85903
 20
6.7723
 10
6.8591
 20
6.82009
 10
6.8591
 20
6.87528
 10
6.82805
 20
6.84425
 10
6.828
 20
6.84422
 10
6.82636
 20
6.84422
 10
6.82522
 20
6.84432
 10
6.79028
 20
6.8475
 10
6.78946
 20
6.8475
 10
6.78864
 20
6.84832
 10
6.78785
 20
6.84911
 10
6.78782
 20
6.84914
 10
6.78782
 20
6.85078
 10
6.78795
 20
6.85239
 10
6.79192
 20
6.90162
 10
6.79192
 20
6.90244
 10
6.79274
 20
6.90326
 10
6.79356
 20
6.90326
 10
6.79438
 20
6.90408
 10
6.7952
 20
6.90408
 10
6.79635
 20
6.90397
 10
6.81734
 20
6.90207
 10
6.81734
 20
6.94016
 10
6.81816
 20
6.94098
 10
6.81816
 20
6.9418
 10
6.81898
 20
6.94262
 10
6.8591
 20
6.94262
 10
6.8591
 20
6.94462
 10
6.86632
 20
6.94462
 10
6.86632
 20
7.00002
 10
6.8591
 20
7.00002
 10
6.8591
 20
7.0023
 10
6.8683
 20
7.0023
 10
6.8683
 20
7.011
 10
7.5183
 20
7.011
 10
7.5183
 20
7.0023
 10
7.5271
 20
7.0023
 10
7.5271
 20
4.19791
 10
7.5793
 20
4.19791
 10
7.5793
 20
3.49788
 10
7.5271
 20
3.49788
 10
7.5271
 20
1.7211
 10
7.5216
 20
1.7211
 10
7.5216
 20
0.67303
 10
7.52159
 20
0.67284
 10
7.52156
 20
0.67264
 10
7.52151
 20
0.67245
 10
7.52145
 20
0.67227
 10
7.52136
 20
0.67209
 10
7.52126
 20
0.67192
 10
7.52115
 20
0.67177
 10
7.52101
 20
0.67162
 10
7.52087
 20
0.67149
 10
7.52071
 20
0.67137
 10
7.52054
 20
0.67127
 10
7.52037
 20
0.67119
 10
7.52018
 20
0.67112
 10
7.52011
 20
0.6711
 10
7.52011
 20
-1.19774
 10
7.5201
 20
-1.19794
 10
7.52007
 20
-1.19813
 10
7.52002
 20
-1.19832
 10
7.51996
 20
-1.19851
 10
7.51987
 20
-1.19868
 10
7.51977
 20
-1.19885
 10
7.51966
 20
-1.19901
 10
7.51938
 20
-1.19929
 10
7.51922
 20
-1.1994
 10
7.51905
 20
-1.1995
 10
7.51888
 20
-1.19959
 10
7.51869
 20
-1.19965
 10
7.5185
 20
-1.1997
 10
7.51831
 20
-1.19973
 10
7.51811
 20
-1.19974
 10
7.5091
 20
-1.19974
 10
7.5091
 20
-1.19774
 10
7.3185
 20
-1.1979
 10
7.3185
 20
-1.389
 10
7.32046
 20
-1.389
 10
7.32046
 20
-1.39801
 10
7.32045
 20
-1.39821
 10
7.32042
 20
-1.3984
 10
7.32037
 20
-1.39859
 10
7.32031
 20
-1.39878
 10
7.32022
 20
-1.39895
 10
7.32012
 20
-1.39912
 10
7.32001
 20
-1.39928
 10
7.31987
 20
-1.39942
 10
7.31973
 20
-1.39956
 10
7.31957
 20
-1.39967
 10
7.3194
 20
-1.39977
 10
7.31923
 20
-1.39986
 10
7.31904
 20
-1.39992
 10
7.31885
 20
-1.39997
 10
7.31866
 20
-1.4
 10
7.31846
 20
-1.40001
 10
4.31844
 20
-1.40001
 10
4.31824
 20
-1.4
 10
4.31805
 20
-1.39997
 10
4.31786
 20
-1.39992
 10
4.31767
 20
-1.39986
 10
4.3175
 20
-1.39977
 10
4.31733
 20
-1.39967
 10
4.31717
 20
-1.39956
 10
4.31703
 20
-1.39942
 10
4.31689
 20
-1.39928
 10
4.31678
 20
-1.39912
 10
4.31668
 20
-1.39895
 10
4.31659
 20
-1.39878
 10
4.31653
 20
-1.39859
 10
4.31648
 20
-1.3984
 10
4.31645
 20
-1.39821
 10
4.31644
 20
-1.39801
 10
4.31644
 20
-1.389
 10
4.3184
 20
-1.389
 10
4.3184
 20
-1.19774
 10
4.1269
 20
-1.19774
 10
4.1269
 20
-1.19974
 10
4.1179
 20
-1.19974
 10
4.1177
 20
-1.19973
 10
4.11751
 20
-1.1997
 10
4.11732
 20
-1.19965
 10
4.11713
 20
-1.19959
 10
4.11696
 20
-1.1995
 10
4.11679
 20
-1.1994
 10
4.11663
 20
-1.19929
 10
4.11635
 20
-1.19901
 10
4.11624
 20
-1.19885
 10
4.11614
 20
-1.19868
 10
4.11605
 20
-1.19851
 10
4.11599
 20
-1.19832
 10
4.11594
 20
-1.19813
 10
4.11591
 20
-1.19794
 10
4.1159
 20
-1.19774
 10
4.1159
 20
0.7274
 10
4.309
 20
0.7274
 10
4.309
 20
0.72938
 10
4.31605
 20
0.72938
 10
4.31606
 20
0.92525
 10
4.309
 20
0.92525
 10
4.309
 20
0.9272
 10
4.11849
 20
0.9272
 10
4.11849
 20
0.92496
 10
4.11847
 20
0.92496
 10
4.11828
 20
0.92497
 10
4.11808
 20
0.925
 10
4.11789
 20
0.92505
 10
4.11771
 20
0.92512
 10
4.11753
 20
0.92521
 10
4.11746
 20
0.92525
 10
2.09588
 20
0.92496
 10
0.86839
 20
0.92496
 10
0.86839
 20
0.92736
 10
0.6884
 20
0.92736
 10
0.6884
 20
0.92536
 10
-0.15722
 20
0.92536
 10
-0.36334
 20
0.92496
 10
-0.99866
 20
0.92496
 10
-0.99866
 20
0.918
 10
-1.0016
 20
0.918
 10
-1.0016
 20
0.92736
 10
-1.173
 20
0.92736
 10
-1.173
 20
-0.30035
 10
-1.17857
 20
-0.30035
 10
-1.17857
 20
-0.32234
 10
-1.17858
 20
-0.32253
 10
-1.1786
 20
-0.3227
 10
-1.1816
 20
-0.3227
 10
-1.1816
 20
-0.5139
 10
-1.17962
 20
-0.5139
 10
-1.17962
 20
-0.52291
 10
-1.17963
 20
-0.52311
 10
-1.17966
 20
-0.5233
 10
-1.17971
 20
-0.52349
 10
-1.17977
 20
-0.52368
 10
-1.17986
 20
-0.52385
 10
-1.17996
 20
-0.52402
 10
-1.18007
 20
-0.52418
 10
-1.18035
 20
-0.52446
 10
-1.18051
 20
-0.52457
 10
-1.18068
 20
-0.52467
 10
-1.18085
 20
-0.52476
 10
-1.18104
 20
-0.52482
 10
-1.18123
 20
-0.52487
 10
-1.18142
 20
-0.5249
 10
-1.18162
 20
-0.52491
 10
-5.03166
 20
-0.52491
 10
-5.03186
 20
-0.5249
 10
-5.03205
 20
-0.52487
 10
-5.03224
 20
-0.52482
 10
-5.03243
 20
-0.52476
 10
-5.0326
 20
-0.52467
 10
-5.03277
 20
-0.52457
 10
-5.03293
 20
-0.52446
 10
-5.03321
 20
-0.52418
 10
-5.03332
 20
-0.52402
 10
-5.03342
 20
-0.52385
 10
-5.03351
 20
-0.52368
 10
-5.03357
 20
-0.52349
 10
-5.03362
 20
-0.5233
 10
-5.03365
 20
-0.52311
 10
-5.03366
 20
-0.52291
 10
-5.03366
 20
-0.5139
 10
-5.0317
 20
-0.5139
 10
-5.0317
 20
-0.32272
 10
-5.19956
 20
-0.32272
 10
-5.19956
 20
0.52729
 10
-5.0411
 20
0.52729
 10
-5.0411
 20
0.7179
 10
-5.2315
 20
0.7179
 10
-5.2315
 20
0.52762
 10
-5.63168
 20
0.52762
 10
-5.63188
 20
0.52763
 10
-5.63207
 20
0.52766
 10
-5.63226
 20
0.5277
 10
-5.63245
 20
0.52777
 10
-5.63262
 20
0.52785
 10
-5.63279
 20
0.52795
 10
-5.63295
 20
0.52807
 10
-5.63309
 20
0.5282
 10
-5.63323
 20
0.52835
 10
-5.63334
 20
0.52851
 10
-5.63344
 20
0.52867
 10
-5.63353
 20
0.52885
 10
-5.63359
 20
0.52904
 10
-5.63364
 20
0.52923
 10
-5.63367
 20
0.52942
 10
-5.63368
 20
0.52962
 10
-5.63368
 20
0.5361
 10
-5.6317
 20
0.5361
 10
-5.6317
 20
0.72738
 10
-5.823
 20
0.72738
 10
-5.823
 20
0.72538
 10
-5.82806
 20
0.72538
 10
-5.82806
 20
0.52962
 10
-5.82807
 20
0.52942
 10
-5.8281
 20
0.52923
 10
-5.82815
 20
0.52904
 10
-5.82821
 20
0.52885
 10
-5.8283
 20
0.52867
 10
-5.8284
 20
0.52851
 10
-5.82852
 20
0.52835
 10
-5.82865
 20
0.5282
 10
-5.82879
 20
0.52807
 10
-5.82895
 20
0.52795
 10
-5.82912
 20
0.52785
 10
-5.8293
 20
0.52777
 10
-5.82948
 20
0.5277
 10
-5.82967
 20
0.52766
 10
-5.82987
 20
0.52763
 10
-5.83006
 20
0.52762
 10
-5.83118
 20
0.52762
 10
-5.83118
 20
0.5181
 10
-5.8315
 20
0.5181
 10
-5.8315
 20
0.5273
 10
-5.841
 20
0.5273
 10
-5.841
 20
3.8545
 10
-5.834
 20
3.8545
 10
-5.834
 20
6.97727
 10
-5.83399
 20
6.97747
 10
-5.83396
 20
6.97766
 10
-5.83391
 20
6.97785
 10
-5.83385
 20
6.97804
 10
-5.83376
 20
6.97821
 10
-5.83366
 20
6.97838
 10
-5.83355
 20
6.97854
 10
-5.83327
 20
6.97882
 10
-5.83311
 20
6.97893
 10
-5.83294
 20
6.97903
 10
-5.83277
 20
6.97912
 10
-5.83258
 20
6.97918
 10
-5.83239
 20
6.97923
 10
-5.8322
 20
6.97926
 10
-5.832
 20
6.97927
 10
-5.823
 20
6.97927
 10
-5.823
 20
6.9773
 10
-5.73162
 20
6.9773
 10
-5.73162
 20
7.068
 10
-5.823
 20
7.068
 10
-5.823
 20
7.06473
 10
-5.841
 20
7.06473
 10
-5.841
 20
7.0772
 10
-5.2315
 20
7.0772
 10
-5.2315
 20
6.97736
 10
-5.20493
 20
6.97727
 10
-5.0411
 20
6.97727
 10
-5.0411
 20
7.0772
 10
-5.8315
 20
7.0772
 10
-5.8315
 20
7.086
 10
-5.2409
 20
7.086
 10
-5.2409
 20
8.2524
 10
-5.22522
 20
8.2524
 10
-5.22502
 20
8.25239
 10
-5.22483
 20
8.25236
 10
-5.22464
 20
8.25231
 10
-5.22445
 20
8.25225
 10
-5.22428
 20
8.25216
 10
-5.22411
 20
8.25206
 10
-5.22395
 20
8.25195
 10
-5.22367
 20
8.25167
 10
-5.22356
 20
8.25151
 10
-5.22346
 20
8.25134
 10
-5.22337
 20
8.25116
 10
-5.22331
 20
8.25098
 10
-5.22326
 20
8.25079
 10
-5.22323
 20
8.2506
 10
-5.22322
 20
8.2504
 10
-5.22322
 20
8.0793
 10
-5.2229
 20
8.0793
 10
-5.2229
 20
8.0773
 10
-5.0317
 20
8.0773
 10
-5.0317
 20
8.2681
 10
-5.2229
 20
8.2681
 10
-5.2229
 20
8.25998
 10
-5.2409
 20
8.25998
 10
-5.2409
 20
8.2773
 10
-5.2315
 20
8.2773
 10
-5.2315
 20
8.2861
 10
-4.3213
 20
8.2861
 10
-4.3213
 20
8.36334
 10
-4.33592
 20
8.37022
 10
-4.69846
 20
8.53983
 10
-4.7173
 20
8.54839
 10
-4.78962
 20
8.58223
 10
-4.7885
 20
8.58463
 10
-4.78538
 20
8.59071
 10
-4.71306
 20
8.55701
 10
-4.69445
 20
8.54834
 10
-4.68998
 20
8.55785
 10
-4.32744
 20
8.3893
 10
-4.33072
 20
8.38191
 10
-4.24165
 20
8.33739
 10
-4.241
 20
8.33739
 10
-4.241
 20
8.27768
 10
-4.19055
 20
8.27768
 10
-4.19055
 20
8.24301
 10
-4.14087
 20
8.24301
 10
-4.14087
 20
8.19213
 10
-4.1869
 20
8.19213
 10
-4.1869
 20
8.183
 10
-4.19055
 20
8.183
 10
-4.19055
 20
8.15723
 10
-4.2331
 20
8.15723
 10
-4.233
 20
8.0773
 10
-4.233
 20
8.0473
 10
-4.242
 20
8.0473
 10
-4.242
 20
8.0381
 10
-4.993
 20
8.0381
 10
-4.993
 20
3.2973
 10
-5.0016
 20
3.2973
 10
-5.0016
 20
3.2879
 10
-5.5515
 20
3.2879
 10
-5.5515
 20
0.766
 10
-5.0016
 20
0.766
 10
-5.0016
 20
0.7572
 10
-4.993
 20
0.7572
 10
-4.993
 20
-0.23187
 10
-3.47919
 20
-0.23187
 10
-3.47919
 20
-0.2841
 10
-2.9069
 20
-0.2841
 10
-2.907
 20
1.1168
 10
-2.7069
 20
1.1168
 10
-2.7069
 20
0.52027
 10
-2.67983
 20
0.54798
 10
-2.656
 20
0.54798
 10
-2.656
 20
1.1168
 10
-2.907
 20
1.1168
 10
-2.907
 20
1.3692
 10
-2.6065
 20
1.3692
 10
-2.6065
 20
1.3595
 10
-2.51315
 20
1.3595
 10
-2.51154
 20
1.35869
 10
-2.51106
 20
1.35845
 10
-2.50781
 20
1.352
 10
-2.27801
 20
1.352
 10
-2.27636
 20
1.35132
 10
-2.27587
 20
1.35112
 10
-2.27519
 20
1.34947
 10
-2.27499
 20
1.34898
 10
-2.27499
 20
1.31101
 10
-2.27567
 20
1.30936
 10
-2.33007
 20
1.30799
 10
-2.50698
 20
1.30799
 10
-2.50863
 20
1.30867
 10
-2.50912
 20
1.30887
 10
-2.51185
 20
1.31549
 10
-2.53453
 20
1.31448
 10
-2.6065
 20
1.31448
 10
-2.6065
 20
1.1168
 10
-2.63601
 20
1.1168
 10
-2.63601
 20
0.88477
 10
-2.63218
 20
0.8371
 10
-2.62881
 20
0.83332
 10
-2.62837
 20
0.83252
 10
-2.6282
 20
0.8322
 10
-2.62808
 20
0.83133
 10
-2.62803
 20
0.83098
 10
-2.62803
 20
0.66899
 10
-2.62815
 20
0.66812
 10
-2.6282
 20
0.66777
 10
-2.62863
 20
0.66697
 10
-2.62881
 20
0.66665
 10
-2.6329
 20
0.66249
 10
-2.63601
 20
0.244
 10
-1.404
 20
0.244
 10
-1.404
 20
1.1168
 10
-1.4395
 20
1.1168
 10
-1.4395
 20
1.3692
 10
-1.221
 20
1.3692
 10
-1.221
 20
2.1595
 10
-1.2117
 20
2.1595
 10
-1.2117
 20
2.1681
 10
-0.63355
 20
2.1681
 10
-0.63355
 20
2.17977
 10
-0.55874
 20
2.17977
 10
-0.55874
 20
2.1681
 10
-0.5572
 20
2.1681
 10
-0.5572
 20
2.15959
 10
-0.53857
 20
2.15959
 10
-0.53857
 20
1.92006
 10
-0.548
 20
1.92006
 10
-0.548
 20
1.9196
 10
-0.5572
 20
1.9196
 10
-0.5572
 20
1.91
 10
-0.55874
 20
1.91
 10
-0.55874
 20
1.89989
 10
-0.63355
 20
1.89989
 10
-0.63355
 20
1.91
 10
-0.9629
 20
1.91
 10
-0.9629
 20
0.966
 10
0.6489
 20
0.966
 10
0.6489
 20
1.91
 10
0.22121
 20
1.91
 10
0.22121
 20
1.89989
 10
0.1649
 20
1.89989
 10
0.1649
 20
1.34686
 10
0.12288
 20
1.34686
 10
0.12288
 20
2.03941
 10
0.12624
 20
2.03941
 10
0.12624
 20
2.15959
 10
0.143
 20
2.15959
 10
0.143
 20
2.1681
 10
0.14641
 20
2.1681
 10
0.14641
 20
2.17977
 10
0.22121
 20
2.17977
 10
0.22121
 20
2.1681
 10
0.8984
 20
2.1681
 10
0.8984
 20
2.1595
 10
0.907
 20
2.1595
 97
0
 92
3
 72
0
 73
1
 93
8
 10
3.12092
 20
6.60021
 10
3.12092
 20
6.40435
 10
3.127
 20
6.40435
 10
3.127
 20
6.40235
 10
3.3184
 20
6.40235
 10
3.3184
 20
6.60229
 10
3.127
 20
6.60221
 10
3.127
 20
6.60021
 97
0
 92
3
 72
0
 73
1
 93
9
 10
3.11779
 20
8.2681
 10
3.1178
 20
8.07733
 10
3.14378
 20
8.0773
 10
3.309
 20
8.0773
 10
3.309
 20
8.07931
 10
3.31769
 20
8.0793
 10
3.31769
 20
8.25998
 10
3.309
 20
8.25998
 10
3.309
 20
8.2681
 97
0
 92
3
 72
0
 73
1
 93
26
 10
7.31846
 20
6.993
 10
7.3185
 20
6.80244
 10
7.34498
 20
6.80238
 10
7.5091
 20
6.80238
 10
7.5091
 20
6.80438
 10
7.51811
 20
6.80438
 10
7.51831
 20
6.80437
 10
7.5185
 20
6.80434
 10
7.51869
 20
6.80429
 10
7.51888
 20
6.80423
 10
7.51905
 20
6.80414
 10
7.51922
 20
6.80404
 10
7.51938
 20
6.80393
 10
7.51966
 20
6.80365
 10
7.51977
 20
6.80349
 10
7.51987
 20
6.80332
 10
7.51996
 20
6.80315
 10
7.52002
 20
6.80296
 10
7.52007
 20
6.80277
 10
7.5201
 20
6.80258
 10
7.52011
 20
6.80238
 10
7.52011
 20
5.22527
 10
7.52337
 20
5.22527
 10
7.52337
 20
7.00002
 10
7.32046
 20
7.00002
 10
7.32046
 20
6.993
 97
0
 92
3
 72
0
 73
1
 93
22
 10
-5.82806
 20
3.52531
 10
-5.82806
 20
3.32934
 10
-5.823
 20
3.32934
 10
-5.823
 20
3.32734
 10
-5.6317
 20
3.32734
 10
-5.6317
 20
3.43
 10
-5.2315
 20
3.43
 10
-5.2315
 20
3.336
 10
-5.0411
 20
3.336
 10
-5.0411
 20
3.5273
 10
-5.14
 20
3.5273
 10
-5.14
 20
6.81
 10
-5.722
 20
6.81
 10
-5.722
 20
3.5181
 10
-5.724
 20
3.5181
 10
-5.724
 20
3.52497
 10
-5.73033
 20
3.52497
 10
-5.73052
 20
3.52498
 10
-5.73162
 20
3.52508
 10
-5.73162
 20
3.5273
 10
-5.823
 20
3.5273
 10
-5.823
 20
3.52531
 97
0
 92
3
 72
0
 73
1
 93
16
 10
-2.7069
 20
0.51215
 10
-2.7069
 20
-0.2841
 10
-1.221
 20
-0.2841
 10
-1.221
 20
1.1168
 10
-1.38401
 20
1.1168
 10
-1.38401
 20
0.54798
 10
-1.35965
 20
0.54798
 10
-1.35965
 20
0.51215
 10
-1.38401
 20
0.51215
 10
-1.38401
 20
0.23501
 10
-1.39494
 20
0.23501
 10
-1.39494
 20
0.22206
 10
-2.645
 20
0.22206
 10
-2.645
 20
0.23501
 10
-2.656
 20
0.23501
 10
-2.656
 20
0.51215
 97
0
 92
3
 72
0
 73
1
 93
4
 10
-1.173
 20
2.121
 10
-1.173
 20
1.9496
 10
-1.0016
 20
1.9496
 10
-1.0016
 20
2.121
 97
0
 92
3
 72
0
 73
1
 93
8
 10
-3.69034
 20
8.24301
 10
-3.69034
 20
8.19213
 10
-3.647
 20
8.19213
 10
-3.647
 20
8.183
 10
-3.6371
 20
8.183
 10
-3.6371
 20
8.201
 10
-3.64052
 20
8.201
 10
-3.64052
 20
8.24301
 97
0
 92
3
 72
0
 73
1
 93
96
 10
-2.95466
 20
8.3893
 10
-2.95044
 20
8.37981
 10
-3.04149
 20
8.33739
 10
-3.04167
 20
8.33739
 10
-3.04167
 20
8.2861
 10
-3.042
 20
8.2861
 10
-3.042
 20
8.27768
 10
-3.09109
 20
8.27768
 10
-3.09109
 20
8.201
 10
-3.0971
 20
8.201
 10
-3.0971
 20
8.183
 10
-3.09109
 20
8.183
 10
-3.09109
 20
8.15723
 10
-3.051
 20
8.15723
 10
-3.051
 20
8.0772
 10
-3.0509
 20
8.0769
 10
-3.0509
 20
8.0473
 10
-3.04192
 20
8.0473
 10
-3.0419
 20
8.0381
 10
-1.5657
 20
8.0381
 10
-1.5641
 20
8.0473
 10
-1.558
 20
8.0473
 10
-1.558
 20
8.17018
 10
-1.53119
 20
8.17018
 10
-1.5311
 20
8.17026
 10
-1.53078
 20
8.17058
 10
-1.52955
 20
8.17183
 10
-1.52955
 20
8.183
 10
-1.5119
 20
8.183
 10
-1.5119
 20
8.20279
 10
-1.50571
 20
8.20795
 10
-1.50556
 20
8.2081
 10
-1.50413
 20
8.20955
 10
-1.50413
 20
8.21036
 10
-1.49726
 20
8.25693
 10
-1.49675
 20
8.26038
 10
-1.49675
 20
8.26284
 10
-1.49826
 20
8.26435
 10
-1.51439
 20
8.26655
 10
-1.46198
 20
8.64004
 10
-1.45622
 20
8.68104
 10
-1.43853
 20
8.68104
 10
-1.43853
 20
8.68186
 10
-1.43771
 20
8.68268
 10
-1.43771
 20
8.6835
 10
-1.43084
 20
8.73085
 10
-1.43033
 20
8.73434
 10
-1.43033
 20
8.73598
 10
-1.43115
 20
8.7368
 10
-1.43121
 20
8.73686
 10
-1.43197
 20
8.73762
 10
-1.43279
 20
8.73762
 10
-1.46638
 20
8.7422
 10
-1.46887
 20
8.74254
 10
-1.47051
 20
8.74254
 10
-1.47057
 20
8.74249
 10
-1.47133
 20
8.74172
 10
-1.47133
 20
8.74127
 10
-1.47826
 20
8.69274
 10
-1.47871
 20
8.68924
 10
-1.47871
 20
8.6876
 10
-1.47789
 20
8.68678
 10
-1.47707
 20
8.68596
 10
-1.46133
 20
8.68596
 10
-1.51407
 20
8.31011
 10
-1.51979
 20
8.2694
 10
-1.558
 20
8.2694
 10
-1.558
 20
8.2773
 10
-1.567
 20
8.2773
 10
-1.567
 20
8.2861
 10
-1.60557
 20
8.2861
 10
-1.60557
 20
8.34038
 10
-1.5665
 20
8.33739
 10
-1.56608
 20
8.34508
 10
-1.56597
 20
8.3469
 10
-1.66566
 20
8.35468
 10
-1.66617
 20
8.345
 10
-2.06474
 20
8.37538
 10
-2.16385
 20
8.38294
 10
-2.16491
 20
8.3734
 10
-2.10811
 20
8.36907
 10
-2.06526
 20
8.36598
 10
-1.66631
 20
8.33671
 10
-1.66631
 20
8.2861
 10
-2.96137
 20
8.2861
 10
-2.96137
 20
8.36331
 10
-2.94618
 20
8.37022
 10
-2.94627
 20
8.37042
 10
-2.58373
 20
8.54003
 10
-2.58363
 20
8.53983
 10
-2.49353
 20
8.58223
 10
-2.49466
 20
8.58463
 10
-2.49777
 20
8.59071
 10
-2.5701
 20
8.55701
 10
-2.58783
 20
8.54875
 10
-2.59212
 20
8.55785
 97
0
 92
3
 72
0
 73
1
 93
8
 10
-2.2719
 20
10.402
 10
-1.9531
 20
10.402
 10
-1.9531
 20
10.0739
 10
-2.2809
 20
10.0739
 10
-2.2809
 20
10.238
 10
-2.281
 20
10.3033
 10
-2.281
 20
10.393
 10
-2.2719
 20
10.393
 97
0
 92
3
 72
0
 73
1
 93
17
 10
-1.76412
 20
1.30887
 10
-1.76363
 20
1.30867
 10
-1.76198
 20
1.30799
 10
-1.52798
 20
1.30799
 10
-1.52749
 20
1.30819
 10
-1.52584
 20
1.30887
 10
-1.52564
 20
1.30936
 10
-1.52496
 20
1.31101
 10
-1.52496
 20
1.31448
 10
-1.53003
 20
1.31448
 10
-1.53003
 20
1.352
 10
-1.76198
 20
1.352
 10
-1.76247
 20
1.3518
 10
-1.76412
 20
1.35112
 10
-1.76432
 20
1.35063
 10
-1.765
 20
1.34898
 10
-1.765
 20
1.31964
 97
0
 92
3
 72
0
 73
1
 93
95
 10
0.23189
 20
8.38294
 10
0.23275
 20
8.37531
 10
0.13331
 20
8.36598
 10
-0.26624
 20
8.3354
 10
-0.26624
 20
8.2861
 10
1.00927
 20
8.2861
 10
1.00927
 20
8.36315
 10
0.99408
 20
8.37022
 10
0.99417
 20
8.37042
 10
0.99813
 20
8.37942
 10
1.08948
 20
8.33735
 10
1.08853
 20
8.33521
 10
1.08853
 20
8.30753
 10
1.08956
 20
8.27768
 10
1.13898
 20
8.27768
 10
1.13898
 20
8.201
 10
1.1433
 20
8.201
 10
1.1433
 20
8.183
 10
1.13898
 20
8.183
 10
1.13898
 20
8.15723
 10
1.0969
 20
8.15723
 10
1.0969
 20
8.0473
 10
1.09053
 20
8.0473
 10
1.08933
 20
8.0381
 10
-0.3671
 20
8.0381
 10
-0.3671
 20
8.0473
 10
-0.37607
 20
8.0473
 10
-0.376
 20
8.09529
 10
-0.376
 20
8.17018
 10
-0.4414
 20
8.17018
 10
-0.44213
 20
8.17091
 10
-0.44222
 20
8.171
 10
-0.44222
 20
8.17182
 10
-0.44304
 20
8.17264
 10
-0.44304
 20
8.21092
 10
-0.46518
 20
8.2079
 10
-0.46682
 20
8.2079
 10
-0.46764
 20
8.20872
 10
-0.4684
 20
8.20948
 10
-0.46846
 20
8.20954
 10
-0.46846
 20
8.21036
 10
-0.46896
 20
8.21385
 10
-0.47584
 20
8.2612
 10
-0.47584
 20
8.26202
 10
-0.47502
 20
8.26284
 10
-0.47351
 20
8.26435
 10
-0.4581
 20
8.2665
 10
-0.4641
 20
8.3093
 10
-0.51507
 20
8.68104
 10
-0.53324
 20
8.68104
 10
-0.534
 20
8.68181
 10
-0.53406
 20
8.68186
 10
-0.53488
 20
8.68268
 10
-0.53488
 20
8.6835
 10
-0.53538
 20
8.687
 10
-0.54226
 20
8.73434
 10
-0.54226
 20
8.73516
 10
-0.54144
 20
8.73598
 10
-0.54144
 20
8.7368
 10
-0.54067
 20
8.73757
 10
-0.54062
 20
8.73762
 10
-0.5398
 20
8.73762
 10
-0.53731
 20
8.73796
 10
-0.50372
 20
8.74254
 10
-0.50209
 20
8.74254
 10
-0.50064
 20
8.74111
 10
-0.50049
 20
8.74096
 10
-0.50044
 20
8.7409
 10
-0.50044
 20
8.74008
 10
-0.49993
 20
8.73659
 10
-0.49306
 20
8.68924
 10
-0.49306
 20
8.68842
 10
-0.49388
 20
8.6876
 10
-0.49388
 20
8.68678
 10
-0.4947
 20
8.68596
 10
-0.51115
 20
8.68596
 10
-0.50482
 20
8.64085
 10
-0.4527
 20
8.2694
 10
-0.43648
 20
8.2694
 10
-0.43566
 20
8.26858
 10
-0.43484
 20
8.26858
 10
-0.43402
 20
8.26776
 10
-0.43402
 20
8.25054
 10
-0.376
 20
8.25054
 10
-0.376
 20
8.2773
 10
-0.367
 20
8.27741
 10
-0.367
 20
8.2861
 10
-0.36684
 20
8.2861
 10
-0.3661
 20
8.30753
 10
-0.3661
 20
8.33843
 10
-0.36704
 20
8.3469
 10
-0.31025
 20
8.35133
 10
-0.26732
 20
8.35388
 10
-0.26685
 20
8.34491
 10
0.17509
 20
8.37861
 97
0
 92
3
 72
0
 73
1
 93
12
 10
-1.221
 20
3.0973
 10
-1.2117
 20
3.0973
 10
-1.2117
 20
3.0879
 10
-0.9516
 20
3.0879
 10
-0.9516
 20
3.0973
 10
-0.943
 20
3.0973
 10
-0.943
 20
3.7573
 10
-0.9516
 20
3.7573
 10
-0.9516
 20
3.7659
 10
-1.2117
 20
3.7659
 10
-1.2117
 20
3.75734
 10
-1.221
 20
3.7573
 97
0
 92
3
 72
0
 73
1
 93
4
 10
0.46852
 20
11.87723
 10
0.61852
 20
11.87723
 10
0.61852
 20
12.02723
 10
0.46852
 20
12.02723
 97
0
 92
3
 72
0
 73
1
 93
4
 10
-0.0006
 20
10.402
 10
-0.0006
 20
10.0739
 10
0.4772
 20
10.0739
 10
0.4772
 20
10.402
 97
0
 92
3
 72
0
 73
1
 93
8
 10
0.54567
 20
8.59071
 10
0.618
 20
8.55701
 10
0.63546
 20
8.54842
 10
0.63339
 20
8.54175
 10
0.63259
 20
8.53983
 10
0.61376
 20
8.54839
 10
0.54143
 20
8.58223
 10
0.54256
 20
8.58463
 97
0
 92
3
 72
0
 73
1
 93
8
 10
1.7393
 20
8.24301
 10
1.7393
 20
8.19213
 10
1.6934
 20
8.19213
 10
1.6934
 20
8.183
 10
1.6835
 20
8.183
 10
1.6835
 20
8.201
 10
1.68948
 20
8.201
 10
1.68948
 20
8.24301
 97
0
 92
3
 72
0
 73
1
 93
4
 10
5.26853
 20
11.87723
 10
5.41852
 20
11.87723
 10
5.41852
 20
12.02723
 10
5.26853
 20
12.02723
 97
0
 92
3
 72
0
 73
1
 93
51
 10
6.13761
 20
6.86396
 10
6.13837
 20
6.93392
 10
6.13837
 20
6.94016
 10
6.13591
 20
6.94262
 10
6.0941
 20
6.94262
 10
6.0941
 20
6.94462
 10
6.0875
 20
6.94462
 10
6.0875
 20
7.00002
 10
6.0941
 20
7.00002
 10
6.0941
 20
7.0023
 10
6.0855
 20
7.0023
 10
6.0855
 20
7.011
 10
5.4184
 20
7.011
 10
5.4184
 20
7.0023
 10
5.4089
 20
7.0023
 10
5.4089
 20
6.6111
 10
4.8683
 20
6.6111
 10
4.8683
 20
6.60416
 10
5.18771
 20
6.60416
 10
5.04032
 20
6.60407
 10
4.8683
 20
6.60407
 10
4.8683
 20
6.6023
 10
4.86631
 20
6.6023
 10
4.86631
 20
6.60228
 10
4.8663
 20
6.60209
 10
4.86608
 20
6.58003
 10
4.8591
 20
6.58003
 10
4.8591
 20
6.57803
 10
4.81931
 20
6.57803
 10
4.81931
 20
6.54267
 10
4.76896
 20
6.54267
 10
4.76896
 20
6.49179
 10
4.81931
 20
6.49179
 10
4.81931
 20
6.45759
 10
4.8591
 20
6.45759
 10
4.8591
 20
6.42029
 10
4.85903
 20
6.3723
 10
4.8684
 20
6.3723
 10
4.8684
 20
6.3629
 10
5.6484
 20
6.3629
 10
5.6484
 20
6.3723
 10
5.657
 20
6.3723
 10
5.657
 20
6.7631
 10
6.08569
 20
6.7631
 10
6.08611
 20
6.7723
 10
6.0939
 20
6.7723
 10
6.0939
 20
6.8024
 10
6.0941
 20
6.8024
 10
6.0941
 20
6.86296
 10
6.13172
 20
6.86226
 10
6.13591
 20
6.86226
 97
0
 92
3
 72
0
 73
1
 93
4
 10
5.41582
 20
6.60429
 10
5.41593
 20
6.60429
 10
5.41593
 20
6.60434
 10
5.41587
 20
6.60431
 97
0
 92
3
 72
0
 73
1
 93
17
 10
6.7419
 20
6.29235
 10
6.74304
 20
6.29225
 10
6.77798
 20
6.28907
 10
6.77552
 20
6.23413
 10
6.77552
 20
6.23331
 10
6.7747
 20
6.23331
 10
6.77388
 20
6.23249
 10
6.77306
 20
6.23249
 10
6.77192
 20
6.23259
 10
6.73698
 20
6.23577
 10
6.73616
 20
6.23577
 10
6.73452
 20
6.23741
 10
6.73452
 20
6.23905
 10
6.73465
 20
6.24066
 10
6.73862
 20
6.28989
 10
6.73862
 20
6.29071
 10
6.74026
 20
6.29235
 97
0
 75
1
 76
1
 52
0.0
 41
0.02
 77
0
 78
1
 53
45.0
 43
0.0
 44
0.0
 45
-0.0449012806
 46
0.0449012806
 79
0
 98
0
  0
LWPOLYLINE
  5
8C
330
17
100
AcDbEntity
  8
BODRUM_DUVAR
100
AcDbPolyline
 90
537
 70
1
 38
1.6
 10
0.907
 20
1.9009
 10
2.8392
 20
1.9009
 10
2.8392
 20
0.966
 10
2.83921
 20
0.966
 10
2.83921
 20
1.92962
 10
2.90809
 20
1.92962
 10
2.90809
 20
0.966
 10
4.0791
 20
0.966
 10
4.0791
 20
3.0879
 10
3.0884
 20
3.0879
 10
3.0884
 20
3.09728
 10
3.0789
 20
3.09729
 10
3.0789
 20
5.15097
 10
3.0785
 20
6.1778
 10
3.0778
 20
8.0381
 10
2.2884
 20
8.0381
 10
2.2884
 20
8.0473
 10
2.279
 20
8.0473
 10
2.279
 20
8.15723
 10
2.23948
 20
8.15723
 10
2.23948
 20
8.183
 10
2.2333
 20
8.183
 10
2.2333
 20
8.19213
 10
2.18877
 20
8.19213
 10
2.18877
 20
8.24301
 10
2.23948
 20
8.24301
 10
2.23948
 20
8.27768
 10
2.2885
 20
8.27768
 10
2.2885
 20
8.2861
 10
2.28889
 20
8.2861
 10
2.28889
 20
8.33739
 10
2.28955
 20
8.33739
 10
2.37867
 20
8.3818
 10
2.37534
 20
8.3893
 10
2.73788
 20
8.55785
 10
2.74123
 20
8.55073
 10
2.74148
 20
8.55085
 10
2.74148
 20
8.54793
 10
2.83328
 20
8.59071
 10
2.8364
 20
8.58463
 10
2.83752
 20
8.58223
 10
2.7652
 20
8.54839
 10
2.74636
 20
8.53983
 10
2.38382
 20
8.37022
 10
2.36919
 20
8.36333
 10
2.36919
 20
8.2861
 10
3.3184
 20
8.2861
 10
3.3184
 20
8.2773
 10
3.327
 20
8.2773
 10
3.327
 20
6.6111
 10
3.8683
 20
6.6111
 10
3.8683
 20
6.60416
 10
3.31998
 20
6.60416
 10
3.31998
 20
6.60407
 10
3.8683
 20
6.60407
 10
3.8683
 20
6.6023
 10
3.87028
 20
6.6023
 10
3.87028
 20
6.60227
 10
3.87029
 20
6.60207
 10
3.87029
 20
6.58003
 10
3.8771
 20
6.58003
 10
3.8771
 20
6.57803
 10
3.91956
 20
6.57803
 10
3.91956
 20
6.54267
 10
3.96967
 20
6.54267
 10
3.96967
 20
6.49179
 10
3.91956
 20
6.49179
 10
3.91956
 20
6.45759
 10
3.8771
 20
6.45759
 10
3.8771
 20
6.4022
 10
3.8769
 20
6.4022
 10
3.8769
 20
6.3723
 10
3.8683
 20
6.3723
 10
3.8683
 20
6.3629
 10
3.357
 20
6.3629
 10
3.357
 20
3.366
 10
4.3483
 20
3.366
 10
4.3483
 20
3.3574
 10
4.3569
 20
3.3574
 10
4.3569
 20
-1.1589
 10
7.279
 20
-1.1589
 10
7.279
 20
3.5973
 10
7.28836
 20
3.5973
 10
7.28836
 20
4.0972
 10
7.279
 20
4.0972
 10
7.279
 20
6.7631
 10
6.8684
 20
6.7631
 10
6.8684
 20
6.7723
 10
6.85903
 20
6.7723
 10
6.8591
 20
6.82009
 10
6.8591
 20
6.87528
 10
6.82805
 20
6.84425
 10
6.828
 20
6.84422
 10
6.82636
 20
6.84422
 10
6.82522
 20
6.84432
 10
6.79028
 20
6.8475
 10
6.78946
 20
6.8475
 10
6.78864
 20
6.84832
 10
6.78785
 20
6.84911
 10
6.78782
 20
6.84914
 10
6.78782
 20
6.85078
 10
6.78795
 20
6.85239
 10
6.79192
 20
6.90162
 10
6.79192
 20
6.90244
 10
6.79274
 20
6.90326
 10
6.79356
 20
6.90326
 10
6.79438
 20
6.90408
 10
6.7952
 20
6.90408
 10
6.79635
 20
6.90397
 10
6.81734
 20
6.90207
 10
6.81734
 20
6.94016
 10
6.81816
 20
6.94098
 10
6.81816
 20
6.9418
 10
6.81898
 20
6.94262
 10
6.8591
 20
6.94262
 10
6.8591
 20
6.94462
 10
6.86632
 20
6.94462
 10
6.86632
 20
7.00002
 10
6.8591
 20
7.00002
 10
6.8591
 20
7.0023
 10
6.8683
 20
7.0023
 10
6.8683
 20
7.011
 10
7.5183
 20
7.011
 10
7.5183
 20
7.0023
 10
7.5271
 20
7.0023
 10
7.5271
 20
4.19791
 10
7.5793
 20
4.19791
 10
7.5793
 20
3.49788
 10
7.5271
 20
3.49788
 10
7.5271
 20
1.7211
 10
7.5216
 20
1.7211
 10
7.5216
 20
0.67303
 10
7.52159
 20
0.67284
 10
7.52156
 20
0.67264
 10
7.52151
 20
0.67245
 10
7.52145
 20
0.67227
 10
7.52136
 20
0.67209
 10
7.52126
 20
0.67192
 10
7.52115
 20
0.67177
 10
7.52101
 20
0.67162
 10
7.52087
 20
0.67149
 10
7.52071
 20
0.67137
 10
7.52054
 20
0.67127
 10
7.52037
 20
0.67119
 10
7.52018
 20
0.67112
 10
7.52011
 20
0.6711
 10
7.52011
 20
-1.19774
 10
7.5201
 20
-1.19794
 10
7.52007
 20
-1.19813
 10
7.52002
 20
-1.19832
 10
7.51996
 20
-1.19851
 10
7.51987
 20
-1.19868
 10
7.51977
 20
-1.19885
 10
7.51966
 20
-1.19901
 10
7.51938
 20
-1.19929
 10
7.51922
 20
-1.1994
 10
7.51905
 20
-1.1995
 10
7.51888
 20
-1.19959
 10
7.51869
 20
-1.19965
 10
7.5185
 20
-1.1997
 10
7.51831
 20
-1.19973
 10
7.51811
 20
-1.19974
 10
7.5091
 20
-1.19974
 10
7.5091
 20
-1.19774
 10
7.3185
 20
-1.1979
 10
7.3185
 20
-1.389
 10
7.32046
 20
-1.389
 10
7.32046
 20
-1.39801
 10
7.32045
 20
-1.39821
 10
7.32042
 20
-1.3984
 10
7.32037
 20
-1.39859
 10
7.32031
 20
-1.39878
 10
7.32022
 20
-1.39895
 10
7.32012
 20
-1.39912
 10
7.32001
 20
-1.39928
 10
7.31987
 20
-1.39942
 10
7.31973
 20
-1.39956
 10
7.31957
 20
-1.39967
 10
7.3194
 20
-1.39977
 10
7.31923
 20
-1.39986
 10
7.31904
 20
-1.39992
 10
7.31885
 20
-1.39997
 10
7.31866
 20
-1.4
 10
7.31846
 20
-1.40001
 10
4.31844
 20
-1.40001
 10
4.31824
 20
-1.4
 10
4.31805
 20
-1.39997
 10
4.31786
 20
-1.39992
 10
4.31767
 20
-1.39986
 10
4.3175
 20
-1.39977
 10
4.31733
 20
-1.39967
 10
4.31717
 20
-1.39956
 10
4.31703
 20
-1.39942
 10
4.31689
 20
-1.39928
 10
4.31678
 20
-1.39912
 10
4.31668
 20
-1.39895
 10
4.31659
 20
-1.39878
 10
4.31653
 20
-1.39859
 10
4.31648
 20
-1.3984
 10
4.31645
 20
-1.39821
 10
4.31644
 20
-1.39801
 10
4.31644
 20
-1.389
 10
4.3184
 20
-1.389
 10
4.3184
 20
-1.19774
 10
4.1269
 20
-1.19774
 10
4.1269
 20
-1.19974
 10
4.1179
 20
-1.19974
 10
4.1177
 20
-1.19973
 10
4.11751
 20
-1.1997
 10
4.11732
 20
-1.19965
 10
4.11713
 20
-1.19959
 10
4.11696
 20
-1.1995
 10
4.11679
 20
-1.1994
 10
4.11663
 20
-1.19929
 10
4.11635
 20
-1.19901
 10
4.11624
 20
-1.19885
 10
4.11614
 20
-1.19868
 10
4.11605
 20
-1.19851
 10
4.11599
 20
-1.19832
 10
4.11594
 20
-1.19813
 10
4.11591
 20
-1.19794
 10
4.1159
 20
-1.19774
 10
4.1159
 20
0.7274
 10
4.309
 20
0.7274
 10
4.309
 20
0.72938
 10
4.31605
 20
0.72938
 10
4.31606
 20
0.92525
 10
4.309
 20
0.92525
 10
4.309
 20
0.9272
 10
4.11849
 20
0.9272
 10
4.11849
 20
0.92496
 10
4.11847
 20
0.92496
 10
4.11828
 20
0.92497
 10
4.11808
 20
0.925
 10
4.11789
 20
0.92505
 10
4.11771
 20
0.92512
 10
4.11753
 20
0.92521
 10
4.11746
 20
0.92525
 10
2.09588
 20
0.92496
 10
0.86839
 20
0.92496
 10
0.86839
 20
0.92736
 10
0.6884
 20
0.92736
 10
0.6884
 20
0.92536
 10
-0.15722
 20
0.92536
 10
-0.36334
 20
0.92496
 10
-0.99866
 20
0.92496
 10
-0.99866
 20
0.918
 10
-1.0016
 20
0.918
 10
-1.0016
 20
0.92736
 10
-1.173
 20
0.92736
 10
-1.173
 20
-0.30035
 10
-1.17857
 20
-0.30035
 10
-1.17857
 20
-0.32234
 10
-1.17858
 20
-0.32253
 10
-1.1786
 20
-0.3227
 10
-1.1816
 20
-0.3227
 10
-1.1816
 20
-0.5139
 10
-1.17962
 20
-0.5139
 10
-1.17962
 20
-0.52291
 10
-1.17963
 20
-0.52311
 10
-1.17966
 20
-0.5233
 10
-1.17971
 20
-0.52349
 10
-1.17977
 20
-0.52368
 10
-1.17986
 20
-0.52385
 10
-1.17996
 20
-0.52402
 10
-1.18007
 20
-0.52418
 10
-1.18035
 20
-0.52446
 10
-1.18051
 20
-0.52457
 10
-1.18068
 20
-0.52467
 10
-1.18085
 20
-0.52476
 10
-1.18104
 20
-0.52482
 10
-1.18123
 20
-0.52487
 10
-1.18142
 20
-0.5249
 10
-1.18162
 20
-0.52491
 10
-5.03166
 20
-0.52491
 10
-5.03186
 20
-0.5249
 10
-5.03205
 20
-0.52487
 10
-5.03224
 20
-0.52482
 10
-5.03243
 20
-0.52476
 10
-5.0326
 20
-0.52467
 10
-5.03277
 20
-0.52457
 10
-5.03293
 20
-0.52446
 10
-5.03321
 20
-0.52418
 10
-5.03332
 20
-0.52402
 10
-5.03342
 20
-0.52385
 10
-5.03351
 20
-0.52368
 10
-5.03357
 20
-0.52349
 10
-5.03362
 20
-0.5233
 10
-5.03365
 20
-0.52311
 10
-5.03366
 20
-0.52291
 10
-5.03366
 20
-0.5139
 10
-5.0317
 20
-0.5139
 10
-5.0317
 20
-0.32272
 10
-5.19956
 20
-0.32272
 10
-5.19956
 20
0.52729
 10
-5.0411
 20
0.52729
 10
-5.0411
 20
0.7179
 10
-5.2315
 20
0.7179
 10
-5.2315
 20
0.52762
 10
-5.63168
 20
0.52762
 10
-5.63188
 20
0.52763
 10
-5.63207
 20
0.52766
 10
-5.63226
 20
0.5277
 10
-5.63245
 20
0.52777
 10
-5.63262
 20
0.52785
 10
-5.63279
 20
0.52795
 10
-5.63295
 20
0.52807
 10
-5.63309
 20
0.5282
 10
-5.63323
 20
0.52835
 10
-5.63334
 20
0.52851
 10
-5.63344
 20
0.52867
 10
-5.63353
 20
0.52885
 10
-5.63359
 20
0.52904
 10
-5.63364
 20
0.52923
 10
-5.63367
 20
0.52942
 10
-5.63368
 20
0.52962
 10
-5.63368
 20
0.5361
 10
-5.6317
 20
0.5361
 10
-5.6317
 20
0.72738
 10
-5.823
 20
0.72738
 10
-5.823
 20
0.72538
 10
-5.82806
 20
0.72538
 10
-5.82806
 20
0.52962
 10
-5.82807
 20
0.52942
 10
-5.8281
 20
0.52923
 10
-5.82815
 20
0.52904
 10
-5.82821
 20
0.52885
 10
-5.8283
 20
0.52867
 10
-5.8284
 20
0.52851
 10
-5.82852
 20
0.52835
 10
-5.82865
 20
0.5282
 10
-5.82879
 20
0.52807
 10
-5.82895
 20
0.52795
 10
-5.82912
 20
0.52785
 10
-5.8293
 20
0.52777
 10
-5.82948
 20
0.5277
 10
-5.82967
 20
0.52766
 10
-5.82987
 20
0.52763
 10
-5.83006
 20
0.52762
 10
-5.83118
 20
0.52762
 10
-5.83118
 20
0.5181
 10
-5.8315
 20
0.5181
 10
-5.8315
 20
0.5273
 10
-5.841
 20
0.5273
 10
-5.841
 20
3.8545
 10
-5.834
 20
3.8545
 10
-5.834
 20
6.97727
 10
-5.83399
 20
6.97747
 10
-5.83396
 20
6.97766
 10
-5.83391
 20
6.97785
 10
-5.83385
 20
6.97804
 10
-5.83376
 20
6.97821
 10
-5.83366
 20
6.97838
 10
-5.83355
 20
6.97854
 10
-5.83327
 20
6.97882
 10
-5.83311
 20
6.97893
 10
-5.83294
 20
6.97903
 10
-5.83277
 20
6.97912
 10
-5.83258
 20
6.97918
 10
-5.83239
 20
6.97923
 10
-5.8322
 20
6.97926
 10
-5.832
 20
6.97927
 10
-5.823
 20
6.97927
 10
-5.823
 20
6.9773
 10
-5.73162
 20
6.9773
 10
-5.73162
 20
7.068
 10
-5.823
 20
7.068
 10
-5.823
 20
7.06473
 10
-5.841
 20
7.06473
 10
-5.841
 20
7.0772
 10
-5.2315
 20
7.0772
 10
-5.2315
 20
6.97736
 10
-5.20493
 20
6.97727
 10
-5.0411
 20
6.97727
 10
-5.0411
 20
7.0772
 10
-5.8315
 20
7.0772
 10
-5.8315
 20
7.086
 10
-5.2409
 20
7.086
 10
-5.2409
 20
8.2524
 10
-5.22522
 20
8.2524
 10
-5.22502
 20
8.25239
 10
-5.22483
 20
8.25236
 10
-5.22464
 20
8.25231
 10
-5.22445
 20
8.25225
 10
-5.22428
 20
8.25216
 10
-5.22411
 20
8.25206
 10
-5.22395
 20
8.25195
 10
-5.22367
 20
8.25167
 10
-5.22356
 20
8.25151
 10
-5.22346
 20
8.25134
 10
-5.22337
 20
8.25116
 10
-5.22331
 20
8.25098
 10
-5.22326
 20
8.25079
 10
-5.22323
 20
8.2506
 10
-5.22322
 20
8.2504
 10
-5.22322
 20
8.0793
 10
-5.2229
 20
8.0793
 10
-5.2229
 20
8.0773
 10
-5.0317
 20
8.0773
 10
-5.0317
 20
8.2681
 10
-5.2229
 20
8.2681
 10
-5.2229
 20
8.25998
 10
-5.2409
 20
8.25998
 10
-5.2409
 20
8.2773
 10
-5.2315
 20
8.2773
 10
-5.2315
 20
8.2861
 10
-4.3213
 20
8.2861
 10
-4.3213
 20
8.36334
 10
-4.33592
 20
8.37022
 10
-4.69846
 20
8.53983
 10
-4.7173
 20
8.54839
 10
-4.78962
 20
8.58223
 10
-4.7885
 20
8.58463
 10
-4.78538
 20
8.59071
 10
-4.71306
 20
8.55701
 10
-4.69445
 20
8.54834
 10
-4.68998
 20
8.55785
 10
-4.32744
 20
8.3893
 10
-4.33072
 20
8.38191
 10
-4.24165
 20
8.33739
 10
-4.241
 20
8.33739
 10
-4.241
 20
8.27768
 10
-4.19055
 20
8.27768
 10
-4.19055
 20
8.24301
 10
-4.14087
 20
8.24301
 10
-4.14087
 20
8.19213
 10
-4.1869
 20
8.19213
 10
-4.1869
 20
8.183
 10
-4.19055
 20
8.183
 10
-4.19055
 20
8.15723
 10
-4.2331
 20
8.15723
 10
-4.233
 20
8.0773
 10
-4.233
 20
8.0473
 10
-4.242
 20
8.0473
 10
-4.242
 20
8.0381
 10
-4.993
 20
8.0381
 10
-4.993
 20
3.2973
 10
-5.0016
 20
3.2973
 10
-5.0016
 20
3.2879
 10
-5.5515
 20
3.2879
 10
-5.5515
 20
0.766
 10
-5.0016
 20
0.766
 10
-5.0016
 20
0.7572
 10
-4.993
 20
0.7572
 10
-4.993
 20
-0.23187
 10
-3.47919
 20
-0.23187
 10
-3.47919
 20
-0.2841
 10
-2.9069
 20
-0.2841
 10
-2.907
 20
1.1168
 10
-2.7069
 20
1.1168
 10
-2.7069
 20
0.52027
 10
-2.67983
 20
0.54798
 10
-2.656
 20
0.54798
 10
-2.656
 20
1.1168
 10
-2.907
 20
1.1168
 10
-2.907
 20
1.3692
 10
-2.6065
 20
1.3692
 10
-2.6065
 20
1.3595
 10
-2.51315
 20
1.3595
 10
-2.51154
 20
1.35869
 10
-2.51106
 20
1.35845
 10
-2.50781
 20
1.352
 10
-2.27801
 20
1.352
 10
-2.27636
 20
1.35132
 10
-2.27587
 20
1.35112
 10
-2.27519
 20
1.34947
 10
-2.27499
 20
1.34898
 10
-2.27499
 20
1.31101
 10
-2.27567
 20
1.30936
 10
-2.33007
 20
1.30799
 10
-2.50698
 20
1.30799
 10
-2.50863
 20
1.30867
 10
-2.50912
 20
1.30887
 10
-2.51185
 20
1.31549
 10
-2.53453
 20
1.31448
 10
-2.6065
 20
1.31448
 10
-2.6065
 20
1.1168
 10
-2.63601
 20
1.1168
 10
-2.63601
 20
0.88477
 10
-2.63218
 20
0.8371
 10
-2.62881
 20
0.83332
 10
-2.62837
 20
0.83252
 10
-2.6282
 20
0.8322
 10
-2.62808
 20
0.83133
 10
-2.62803
 20
0.83098
 10
-2.62803
 20
0.66899
 10
-2.62815
 20
0.66812
 10
-2.6282
 20
0.66777
 10
-2.62863
 20
0.66697
 10
-2.62881
 20
0.66665
 10
-2.6329
 20
0.66249
 10
-2.63601
 20
0.244
 10
-1.404
 20
0.244
 10
-1.404
 20
1.1168
 10
-1.4395
 20
1.1168
 10
-1.4395
 20
1.3692
 10
-1.221
 20
1.3692
 10
-1.221
 20
2.1595
 10
-1.2117
 20
2.1595
 10
-1.2117
 20
2.1681
 10
-0.63355
 20
2.1681
 10
-0.63355
 20
2.17977
 10
-0.55874
 20
2.17977
 10
-0.55874
 20
2.1681
 10
-0.5572
 20
2.1681
 10
-0.5572
 20
2.15959
 10
-0.53857
 20
2.15959
 10
-0.53857
 20
1.92006
 10
-0.548
 20
1.92006
 10
-0.548
 20
1.9196
 10
-0.5572
 20
1.9196
 10
-0.5572
 20
1.91
 10
-0.55874
 20
1.91
 10
-0.55874
 20
1.89989
 10
-0.63355
 20
1.89989
 10
-0.63355
 20
1.91
 10
-0.9629
 20
1.91
 10
-0.9629
 20
0.966
 10
0.6489
 20
0.966
 10
0.6489
 20
1.91
 10
0.22121
 20
1.91
 10
0.22121
 20
1.89989
 10
0.1649
 20
1.89989
 10
0.1649
 20
1.34686
 10
0.12288
 20
1.34686
 10
0.12288
 20
2.03941
 10
0.12624
 20
2.03941
 10
0.12624
 20
2.15959
 10
0.143
 20
2.15959
 10
0.143
 20
2.1681
 10
0.14641
 20
2.1681
 10
0.14641
 20
2.17977
 10
0.22121
 20
2.17977
 10
0.22121
 20
2.1681
 10
0.8984
 20
2.1681
 10
0.8984
 20
2.1595
 10
0.907
 20
2.1595
  0
LWPOLYLINE
  5
8D
330
17
100
AcDbEntity
  8
BODRUM_DUVAR
100
AcDbPolyline
 90
8
 70
1
 38
1.6
 10
3.12092
 20
6.60021
 10
3.12092
 20
6.40435
 10
3.127
 20
6.40435
 10
3.127
 20
6.40235
 10
3.3184
 20
6.40235
 10
3.3184
 20
6.60229
 10
3.127
 20
6.60221
 10
3.127
 20
6.60021
  0
LWPOLYLINE
  5
8E
330
17
100
AcDbEntity
  8
BODRUM_DUVAR
100
AcDbPolyline
 90
9
 70
1
 38
1.6
 10
3.11779
 20
8.2681
 10
3.1178
 20
8.07733
 10
3.14378
 20
8.0773
 10
3.309
 20
8.0773
 10
3.309
 20
8.07931
 10
3.31769
 20
8.0793
 10
3.31769
 20
8.25998
 10
3.309
 20
8.25998
 10
3.309
 20
8.2681
  0
LWPOLYLINE
  5
8F
330
17
100
AcDbEntity
  8
BODRUM_DUVAR
100
AcDbPolyline
 90
26
 70
1
 38
1.6
 10
7.31846
 20
6.993
 10
7.3185
 20
6.80244
 10
7.34498
 20
6.80238
 10
7.5091
 20
6.80238
 10
7.5091
 20
6.80438
 10
7.51811
 20
6.80438
 10
7.51831
 20
6.80437
 10
7.5185
 20
6.80434
 10
7.51869
 20
6.80429
 10
7.51888
 20
6.80423
 10
7.51905
 20
6.80414
 10
7.51922
 20
6.80404
 10
7.51938
 20
6.80393
 10
7.51966
 20
6.80365
 10
7.51977
 20
6.80349
 10
7.51987
 20
6.80332
 10
7.51996
 20
6.80315
 10
7.52002
 20
6.80296
 10
7.52007
 20
6.80277
 10
7.5201
 20
6.80258
 10
7.52011
 20
6.80238
 10
7.52011
 20
5.22527
 10
7.52337
 20
5.22527
 10
7.52337
 20
7.00002
 10
7.32046
 20
7.00002
 10
7.32046
 20
6.993
  0
LWPOLYLINE
  5
90
330
17
100
AcDbEntity
  8
BODRUM_DUVAR
100
AcDbPolyline
 90
22
 70
1
 38
1.6
 10
-5.82806
 20
3.52531
 10
-5.82806
 20
3.32934
 10
-5.823
 20
3.32934
 10
-5.823
 20
3.32734
 10
-5.6317
 20
3.32734
 10
-5.6317
 20
3.43
 10
-5.2315
 20
3.43
 10
-5.2315
 20
3.336
 10
-5.0411
 20
3.336
 10
-5.0411
 20
3.5273
 10
-5.14
 20
3.5273
 10
-5.14
 20
6.81
 10
-5.722
 20
6.81
 10
-5.722
 20
3.5181
 10
-5.724
 20
3.5181
 10
-5.724
 20
3.52497
 10
-5.73033
 20
3.52497
 10
-5.73052
 20
3.52498
 10
-5.73162
 20
3.52508
 10
-5.73162
 20
3.5273
 10
-5.823
 20
3.5273
 10
-5.823
 20
3.52531
  0
LWPOLYLINE
  5
91
330
17
100
AcDbEntity
  8
BODRUM_DUVAR
100
AcDbPolyline
 90
16
 70
1
 38
1.6
 10
-2.7069
 20
0.51215
 10
-2.7069
 20
-0.2841
 10
-1.221
 20
-0.2841
 10
-1.221
 20
1.1168
 10
-1.38401
 20
1.1168
 10
-1.38401
 20
0.54798
 10
-1.35965
 20
0.54798
 10
-1.35965
 20
0.51215
 10
-1.38401
 20
0.51215
 10
-1.38401
 20
0.23501
 10
-1.39494
 20
0.23501
 10
-1.39494
 20
0.22206
 10
-2.645
 20
0.22206
 10
-2.645
 20
0.23501
 10
-2.656
 20
0.23501
 10
-2.656
 20
0.51215
  0
LWPOLYLINE
  5
92
330
17
100
AcDbEntity
  8
BODRUM_DUVAR
100
AcDbPolyline
 90
4
 70
1
 38
1.6
 10
-1.173
 20
2.121
 10
-1.173
 20
1.9496
 10
-1.0016
 20
1.9496
 10
-1.0016
 20
2.121
  0
LWPOLYLINE
  5
93
330
17
100
AcDbEntity
  8
BODRUM_DUVAR
100
AcDbPolyline
 90
8
 70
1
 38
1.6
 10
-3.69034
 20
8.24301
 10
-3.69034
 20
8.19213
 10
-3.647
 20
8.19213
 10
-3.647
 20
8.183
 10
-3.6371
 20
8.183
 10
-3.6371
 20
8.201
 10
-3.64052
 20
8.201
 10
-3.64052
 20
8.24301
  0
LWPOLYLINE
  5
94
330
17
100
AcDbEntity
  8
BODRUM_DUVAR
100
AcDbPolyline
 90
96
 70
1
 38
1.6
 10
-2.95466
 20
8.3893
 10
-2.95044
 20
8.37981
 10
-3.04149
 20
8.33739
 10
-3.04167
 20
8.33739
 10
-3.04167
 20
8.2861
 10
-3.042
 20
8.2861
 10
-3.042
 20
8.27768
 10
-3.09109
 20
8.27768
 10
-3.09109
 20
8.201
 10
-3.0971
 20
8.201
 10
-3.0971
 20
8.183
 10
-3.09109
 20
8.183
 10
-3.09109
 20
8.15723
 10
-3.051
 20
8.15723
 10
-3.051
 20
8.0772
 10
-3.0509
 20
8.0769
 10
-3.0509
 20
8.0473
 10
-3.04192
 20
8.0473
 10
-3.0419
 20
8.0381
 10
-1.5657
 20
8.0381
 10
-1.5641
 20
8.0473
 10
-1.558
 20
8.0473
 10
-1.558
 20
8.17018
 10
-1.53119
 20
8.17018
 10
-1.5311
 20
8.17026
 10
-1.53078
 20
8.17058
 10
-1.52955
 20
8.17183
 10
-1.52955
 20
8.183
 10
-1.5119
 20
8.183
 10
-1.5119
 20
8.20279
 10
-1.50571
 20
8.20795
 10
-1.50556
 20
8.2081
 10
-1.50413
 20
8.20955
 10
-1.50413
 20
8.21036
 10
-1.49726
 20
8.25693
 10
-1.49675
 20
8.26038
 10
-1.49675
 20
8.26284
 10
-1.49826
 20
8.26435
 10
-1.51439
 20
8.26655
 10
-1.46198
 20
8.64004
 10
-1.45622
 20
8.68104
 10
-1.43853
 20
8.68104
 10
-1.43853
 20
8.68186
 10
-1.43771
 20
8.68268
 10
-1.43771
 20
8.6835
 10
-1.43084
 20
8.73085
 10
-1.43033
 20
8.73434
 10
-1.43033
 20
8.73598
 10
-1.43115
 20
8.7368
 10
-1.43121
 20
8.73686
 10
-1.43197
 20
8.73762
 10
-1.43279
 20
8.73762
 10
-1.46638
 20
8.7422
 10
-1.46887
 20
8.74254
 10
-1.47051
 20
8.74254
 10
-1.47057
 20
8.74249
 10
-1.47133
 20
8.74172
 10
-1.47133
 20
8.74127
 10
-1.47826
 20
8.69274
 10
-1.47871
 20
8.68924
 10
-1.47871
 20
8.6876
 10
-1.47789
 20
8.68678
 10
-1.47707
 20
8.68596
 10
-1.46133
 20
8.68596
 10
-1.51407
 20
8.31011
 10
-1.51979
 20
8.2694
 10
-1.558
 20
8.2694
 10
-1.558
 20
8.2773
 10
-1.567
 20
8.2773
 10
-1.567
 20
8.2861
 10
-1.60557
 20
8.2861
 10
-1.60557
 20
8.34038
 10
-1.5665
 20
8.33739
 10
-1.56608
 20
8.34508
 10
-1.56597
 20
8.3469
 10
-1.66566
 20
8.35468
 10
-1.66617
 20
8.345
 10
-2.06474
 20
8.37538
 10
-2.16385
 20
8.38294
 10
-2.16491
 20
8.3734
 10
-2.10811
 20
8.36907
 10
-2.06526
 20
8.36598
 10
-1.66631
 20
8.33671
 10
-1.66631
 20
8.2861
 10
-2.96137
 20
8.2861
 10
-2.96137
 20
8.36331
 10
-2.94618
 20
8.37022
 10
-2.94627
 20
8.37042
 10
-2.58373
 20
8.54003
 10
-2.58363
 20
8.53983
 10
-2.49353
 20
8.58223
 10
-2.49466
 20
8.58463
 10
-2.49777
 20
8.59071
 10
-2.5701
 20
8.55701
 10
-2.58783
 20
8.54875
 10
-2.59212
 20
8.55785
  0
LWPOLYLINE
  5
95
330
17
100
AcDbEntity
  8
BODRUM_DUVAR
100
AcDbPolyline
 90
8
 70
1
 38
1.6
 10
-2.2719
 20
10.402
 10
-1.9531
 20
10.402
 10
-1.9531
 20
10.0739
 10
-2.2809
 20
10.0739
 10
-2.2809
 20
10.238
 10
-2.281
 20
10.3033
 10
-2.281
 20
10.393
 10
-2.2719
 20
10.393
  0
LWPOLYLINE
  5
96
330
17
100
AcDbEntity
  8
BODRUM_DUVAR
100
AcDbPolyline
 90
17
 70
1
 38
1.6
 10
-1.76412
 20
1.30887
 10
-1.76363
 20
1.30867
 10
-1.76198
 20
1.30799
 10
-1.52798
 20
1.30799
 10
-1.52749
 20
1.30819
 10
-1.52584
 20
1.30887
 10
-1.52564
 20
1.30936
 10
-1.52496
 20
1.31101
 10
-1.52496
 20
1.31448
 10
-1.53003
 20
1.31448
 10
-1.53003
 20
1.352
 10
-1.76198
 20
1.352
 10
-1.76247
 20
1.3518
 10
-1.76412
 20
1.35112
 10
-1.76432
 20
1.35063
 10
-1.765
 20
1.34898
 10
-1.765
 20
1.31964
  0
LWPOLYLINE
  5
97
330
17
100
AcDbEntity
  8
BODRUM_DUVAR
100
AcDbPolyline
 90
95
 70
1
 38
1.6
 10
0.23189
 20
8.38294
 10
0.23275
 20
8.37531
 10
0.13331
 20
8.36598
 10
-0.26624
 20
8.3354
 10
-0.26624
 20
8.2861
 10
1.00927
 20
8.2861
 10
1.00927
 20
8.36315
 10
0.99408
 20
8.37022
 10
0.99417
 20
8.37042
 10
0.99813
 20
8.37942
 10
1.08948
 20
8.33735
 10
1.08853
 20
8.33521
 10
1.08853
 20
8.30753
 10
1.08956
 20
8.27768
 10
1.13898
 20
8.27768
 10
1.13898
 20
8.201
 10
1.1433
 20
8.201
 10
1.1433
 20
8.183
 10
1.13898
 20
8.183
 10
1.13898
 20
8.15723
 10
1.0969
 20
8.15723
 10
1.0969
 20
8.0473
 10
1.09053
 20
8.0473
 10
1.08933
 20
8.0381
 10
-0.3671
 20
8.0381
 10
-0.3671
 20
8.0473
 10
-0.37607
 20
8.0473
 10
-0.376
 20
8.09529
 10
-0.376
 20
8.17018
 10
-0.4414
 20
8.17018
 10
-0.44213
 20
8.17091
 10
-0.44222
 20
8.171
 10
-0.44222
 20
8.17182
 10
-0.44304
 20
8.17264
 10
-0.44304
 20
8.21092
 10
-0.46518
 20
8.2079
 10
-0.46682
 20
8.2079
 10
-0.46764
 20
8.20872
 10
-0.4684
 20
8.20948
 10
-0.46846
 20
8.20954
 10
-0.46846
 20
8.21036
 10
-0.46896
 20
8.21385
 10
-0.47584
 20
8.2612
 10
-0.47584
 20
8.26202
 10
-0.47502
 20
8.26284
 10
-0.47351
 20
8.26435
 10
-0.4581
 20
8.2665
 10
-0.4641
 20
8.3093
 10
-0.51507
 20
8.68104
 10
-0.53324
 20
8.68104
 10
-0.534
 20
8.68181
 10
-0.53406
 20
8.68186
 10
-0.53488
 20
8.68268
 10
-0.53488
 20
8.6835
 10
-0.53538
 20
8.687
 10
-0.54226
 20
8.73434
 10
-0.54226
 20
8.73516
 10
-0.54144
 20
8.73598
 10
-0.54144
 20
8.7368
 10
-0.54067
 20
8.73757
 10
-0.54062
 20
8.73762
 10
-0.5398
 20
8.73762
 10
-0.53731
 20
8.73796
 10
-0.50372
 20
8.74254
 10
-0.50209
 20
8.74254
 10
-0.50064
 20
8.74111
 10
-0.50049
 20
8.74096
 10
-0.50044
 20
8.7409
 10
-0.50044
 20
8.74008
 10
-0.49993
 20
8.73659
 10
-0.49306
 20
8.68924
 10
-0.49306
 20
8.68842
 10
-0.49388
 20
8.6876
 10
-0.49388
 20
8.68678
 10
-0.4947
 20
8.68596
 10
-0.51115
 20
8.68596
 10
-0.50482
 20
8.64085
 10
-0.4527
 20
8.2694
 10
-0.43648
 20
8.2694
 10
-0.43566
 20
8.26858
 10
-0.43484
 20
8.26858
 10
-0.43402
 20
8.26776
 10
-0.43402
 20
8.25054
 10
-0.376
 20
8.25054
 10
-0.376
 20
8.2773
 10
-0.367
 20
8.27741
 10
-0.367
 20
8.2861
 10
-0.36684
 20
8.2861
 10
-0.3661
 20
8.30753
 10
-0.3661
 20
8.33843
 10
-0.36704
 20
8.3469
 10
-0.31025
 20
8.35133
 10
-0.26732
 20
8.35388
 10
-0.26685
 20
8.34491
 10
0.17509
 20
8.37861
  0
LWPOLYLINE
  5
98
330
17
100
AcDbEntity
  8
BODRUM_DUVAR
100
AcDbPolyline
 90
12
 70
1
 38
1.6
 10
-1.221
 20
3.0973
 10
-1.2117
 20
3.0973
 10
-1.2117
 20
3.0879
 10
-0.9516
 20
3.0879
 10
-0.9516
 20
3.0973
 10
-0.943
 20
3.0973
 10
-0.943
 20
3.7573
 10
-0.9516
 20
3.7573
 10
-0.9516
 20
3.7659
 10
-1.2117
 20
3.7659
 10
-1.2117
 20
3.75734
 10
-1.221
 20
3.7573
  0
LWPOLYLINE
  5
99
330
17
100
AcDbEntity
  8
BODRUM_DUVAR
100
AcDbPolyline
 90
4
 70
1
 38
1.6
 10
0.46852
 20
11.87723
 10
0.61852
 20
11.87723
 10
0.61852
 20
12.02723
 10
0.46852
 20
12.02723
  0
LWPOLYLINE
  5
9A
330
17
100
AcDbEntity
  8
BODRUM_DUVAR
100
AcDbPolyline
 90
4
 70
1
 38
1.6
 10
-0.0006
 20
10.402
 10
-0.0006
 20
10.0739
 10
0.4772
 20
10.0739
 10
0.4772
 20
10.402
  0
LWPOLYLINE
  5
9B
330
17
100
AcDbEntity
  8
BODRUM_DUVAR
100
AcDbPolyline
 90
8
 70
1
 38
1.6
 10
0.54567
 20
8.59071
 10
0.618
 20
8.55701
 10
0.63546
 20
8.54842
 10
0.63339
 20
8.54175
 10
0.63259
 20
8.53983
 10
0.61376
 20
8.54839
 10
0.54143
 20
8.58223
 10
0.54256
 20
8.58463
  0
LWPOLYLINE
  5
9C
330
17
100
AcDbEntity
  8
BODRUM_DUVAR
100
AcDbPolyline
 90
8
 70
1
 38
1.6
 10
1.7393
 20
8.24301
 10
1.7393
 20
8.19213
 10
1.6934
 20
8.19213
 10
1.6934
 20
8.183
 10
1.6835
 20
8.183
 10
1.6835
 20
8.201
 10
1.68948
 20
8.201
 10
1.68948
 20
8.24301
  0
LWPOLYLINE
  5
9D
330
17
100
AcDbEntity
  8
BODRUM_DUVAR
100
AcDbPolyline
 90
4
 70
1
 38
1.6
 10
5.26853
 20
11.87723
 10
5.41852
 20
11.87723
 10
5.41852
 20
12.02723
 10
5.26853
 20
12.02723
  0
LWPOLYLINE
  5
9E
330
17
100
AcDbEntity
  8
BODRUM_DUVAR
100
AcDbPolyline
 90
51
 70
1
 38
1.6
 10
6.13761
 20
6.86396
 10
6.13837
 20
6.93392
 10
6.13837
 20
6.94016
 10
6.13591
 20
6.94262
 10
6.0941
 20
6.94262
 10
6.0941
 20
6.94462
 10
6.0875
 20
6.94462
 10
6.0875
 20
7.00002
 10
6.0941
 20
7.00002
 10
6.0941
 20
7.0023
 10
6.0855
 20
7.0023
 10
6.0855
 20
7.011
 10
5.4184
 20
7.011
 10
5.4184
 20
7.0023
 10
5.4089
 20
7.0023
 10
5.4089
 20
6.6111
 10
4.8683
 20
6.6111
 10
4.8683
 20
6.60416
 10
5.18771
 20
6.60416
 10
5.04032
 20
6.60407
 10
4.8683
 20
6.60407
 10
4.8683
 20
6.6023
 10
4.86631
 20
6.6023
 10
4.86631
 20
6.60228
 10
4.8663
 20
6.60209
 10
4.86608
 20
6.58003
 10
4.8591
 20
6.58003
 10
4.8591
 20
6.57803
 10
4.81931
 20
6.57803
 10
4.81931
 20
6.54267
 10
4.76896
 20
6.54267
 10
4.76896
 20
6.49179
 10
4.81931
 20
6.49179
 10
4.81931
 20
6.45759
 10
4.8591
 20
6.45759
 10
4.8591
 20
6.42029
 10
4.85903
 20
6.3723
 10
4.8684
 20
6.3723
 10
4.8684
 20
6.3629
 10
5.6484
 20
6.3629
 10
5.6484
 20
6.3723
 10
5.657
 20
6.3723
 10
5.657
 20
6.7631
 10
6.08569
 20
6.7631
 10
6.08611
 20
6.7723
 10
6.0939
 20
6.7723
 10
6.0939
 20
6.8024
 10
6.0941
 20
6.8024
 10
6.0941
 20
6.86296
 10
6.13172
 20
6.86226
 10
6.13591
 20
6.86226
  0
LWPOLYLINE
  5
9F
330
17
100
AcDbEntity
  8
BODRUM_DUVAR
100
AcDbPolyline
 90
4
 70
1
 38
1.6
 10
5.41582
 20
6.60429
 10
5.41593
 20
6.60429
 10
5.41593
 20
6.60434
 10
5.41587
 20
6.60431
  0
LWPOLYLINE
  5
A0
330
17
100
AcDbEntity
  8
BODRUM_DUVAR
100
AcDbPolyline
 90
17
 70
1
 38
1.6
 10
6.7419
 20
6.29235
 10
6.74304
 20
6.29225
 10
6.77798
 20
6.28907
 10
6.77552
 20
6.23413
 10
6.77552
 20
6.23331
 10
6.7747
 20
6.23331
 10
6.77388
 20
6.23249
 10
6.77306
 20
6.23249
 10
6.77192
 20
6.23259
 10
6.73698
 20
6.23577
 10
6.73616
 20
6.23577
 10
6.73452
 20
6.23741
 10
6.73452
 20
6.23905
 10
6.73465
 20
6.24066
 10
6.73862
 20
6.28989
 10
6.73862
 20
6.29071
 10
6.74026
 20
6.29235
  0
HATCH
  5
A2
330
17
100
AcDbEntity
  8
BODRUM_DONATI
 62
7
100
AcDbHatch
 10
0.0
 20
0.0
 30
1.6
210
0.0
220
0.0
230
1.0
  2
ANSI31
 70
0
 71
0
 91
18
 92
3
 72
0
 73
1
 93
21
 10
-0.83849
 20
1.71933
 10
-0.8377
 20
1.71702
 10
-0.83431
 20
1.70688
 10
-0.83184
 20
1.70603
 10
-0.82608
 20
1.70309
 10
-0.82324
 20
1.70039
 10
-0.81198
 20
1.70053
 10
-0.81105
 20
1.70052
 10
-0.80797
 20
1.70315
 10
-0.79988
 20
1.70712
 10
-0.79943
 20
1.70851
 10
-0.79573
 20
1.72057
 10
-0.79692
 20
1.72501
 10
-0.79984
 20
1.73281
 10
-0.80532
 20
1.73609
 10
-0.81071
 20
1.74033
 10
-0.81659
 20
1.7403
 10
-0.82301
 20
1.74012
 10
-0.83077
 20
1.73592
 10
-0.8344
 20
1.73239
 10
-0.83498
 20
1.73053
 97
0
 92
3
 72
0
 73
1
 93
21
 10
-0.83846
 20
1.2994
 10
-0.83805
 20
1.298
 10
-0.83448
 20
1.28818
 10
-0.83047
 20
1.284
 10
-0.82338
 20
1.2798
 10
-0.81761
 20
1.27965
 10
-0.81115
 20
1.27983
 10
-0.80337
 20
1.28404
 10
-0.79978
 20
1.28685
 10
-0.79923
 20
1.28946
 10
-0.79572
 20
1.30069
 10
-0.7965
 20
1.30285
 10
-0.79983
 20
1.31283
 10
-0.80235
 20
1.31391
 10
-0.80811
 20
1.31684
 10
-0.81094
 20
1.31954
 10
-0.8222
 20
1.3194
 10
-0.82314
 20
1.31942
 10
-0.82621
 20
1.31679
 10
-0.83431
 20
1.31261
 10
-0.83476
 20
1.31146
 97
0
 92
3
 72
0
 73
1
 93
19
 10
1.6804
 20
3.0672
 10
1.70314
 20
3.0672
 10
1.72115
 20
3.0672
 10
1.73692
 20
3.0672
 10
1.74862
 20
3.07392
 10
1.75245
 20
3.07633
 10
1.75283
 20
3.07633
 10
1.75269
 20
3.10072
 10
1.75237
 20
3.11854
 10
1.74862
 20
3.1208
 10
1.73692
 20
3.1271
 10
1.72115
 20
3.1271
 10
1.68026
 20
3.12708
 10
1.68023
 20
3.1271
 10
1.67408
 20
3.12376
 10
1.66445
 20
3.11854
 10
1.66442
 20
3.10215
 10
1.66445
 20
3.07634
 10
1.67408
 20
3.0708
 97
0
 92
3
 72
0
 73
1
 93
10
 10
1.76644
 20
3.08847
 10
1.76649
 20
3.08847
 10
1.7792
 20
3.08847
 10
1.79536
 20
3.08847
 10
1.79533
 20
3.09807
 10
1.79526
 20
3.10656
 10
1.77909
 20
3.10656
 10
1.76646
 20
3.10668
 10
1.76646
 20
3.10651
 10
1.76638
 20
3.09783
 97
0
 92
3
 72
0
 73
1
 93
6
 10
1.97054
 20
3.09798
 10
1.97054
 20
3.0935
 10
1.96523
 20
3.0935
 10
1.96523
 20
3.09537
 10
1.96523
 20
3.10103
 10
1.97054
 20
3.10103
 97
0
 92
3
 72
0
 73
1
 93
7
 10
1.95314
 20
3.0935
 10
1.95616
 20
3.0935
 10
1.95792
 20
3.0935
 10
1.95792
 20
3.09737
 10
1.95792
 20
3.10103
 10
1.95314
 20
3.10103
 10
1.95314
 20
3.09921
 97
0
 92
3
 72
0
 73
1
 93
8
 10
1.99065
 20
3.10668
 10
1.99065
 20
3.09154
 10
1.99065
 20
3.08785
 10
2.00579
 20
3.08785
 10
2.00949
 20
3.08785
 10
2.00949
 20
3.10298
 10
2.00949
 20
3.10668
 10
1.99435
 20
3.10668
 97
0
 92
3
 72
0
 73
1
 93
8
 10
2.49036
 20
3.10668
 10
2.49036
 20
3.09857
 10
2.49036
 20
3.08785
 10
2.49847
 20
3.08785
 10
2.5092
 20
3.08785
 10
2.5092
 20
3.09596
 10
2.5092
 20
3.10668
 10
2.50109
 20
3.10668
 97
0
 92
3
 72
0
 73
1
 93
8
 10
2.24428
 20
3.10291
 10
2.24428
 20
3.09572
 10
2.24428
 20
3.09161
 10
2.25146
 20
3.09161
 10
2.25558
 20
3.09161
 10
2.25558
 20
3.0988
 10
2.25558
 20
3.10291
 10
2.24839
 20
3.10291
 97
0
 92
3
 72
0
 73
1
 93
8
 10
2.04968
 20
3.09497
 10
2.04968
 20
3.0935
 10
2.03967
 20
3.0935
 10
2.03722
 20
3.0935
 10
2.03722
 20
3.09948
 10
2.03722
 20
3.10103
 10
2.04735
 20
3.10103
 10
2.04968
 20
3.10103
 97
0
 92
3
 72
0
 73
1
 93
8
 10
2.41023
 20
3.10103
 10
2.41023
 20
3.09962
 10
2.41023
 20
3.0935
 10
2.41267
 20
3.0935
 10
2.42219
 20
3.0935
 10
2.42219
 20
3.09524
 10
2.42219
 20
3.10103
 10
2.41942
 20
3.10103
 97
0
 92
3
 72
0
 73
1
 93
8
 10
2.22061
 20
3.0935
 10
2.22161
 20
3.0935
 10
2.23318
 20
3.0935
 10
2.23318
 20
3.09488
 10
2.23318
 20
3.10103
 10
2.23098
 20
3.10103
 10
2.22061
 20
3.10103
 10
2.22061
 20
3.10045
 97
0
 92
3
 72
0
 73
1
 93
8
 10
2.75968
 20
3.09244
 10
2.75968
 20
3.08785
 10
2.74496
 20
3.08785
 10
2.74022
 20
3.08785
 10
2.74022
 20
3.10209
 10
2.74022
 20
3.10668
 10
2.75493
 20
3.10668
 10
2.75968
 20
3.10668
 97
0
 92
3
 72
0
 73
1
 93
8
 10
2.63942
 20
3.0935
 10
2.64536
 20
3.0935
 10
2.6516
 20
3.0935
 10
2.6516
 20
3.09698
 10
2.6516
 20
3.10103
 10
2.64578
 20
3.10103
 10
2.63942
 20
3.10103
 10
2.63942
 20
3.0972
 97
0
 92
3
 72
0
 73
1
 93
8
 10
2.66835
 20
3.10103
 10
2.66835
 20
3.09667
 10
2.66835
 20
3.0935
 10
2.67544
 20
3.0935
 10
2.68029
 20
3.0935
 10
2.68029
 20
3.09844
 10
2.68029
 20
3.10103
 10
2.67544
 20
3.10103
 97
0
 92
3
 72
0
 73
1
 93
10
 10
2.55148
 20
3.10103
 10
2.55148
 20
3.09372
 10
2.55148
 20
3.0935
 10
2.55171
 20
3.0935
 10
2.55593
 20
3.0935
 10
2.56181
 20
3.0935
 10
2.56343
 20
3.10022
 10
2.56343
 20
3.10103
 10
2.56181
 20
3.10103
 10
2.55171
 20
3.10103
 97
0
 92
3
 72
0
 73
1
 93
8
 10
2.61364
 20
3.09491
 10
2.61364
 20
3.0935
 10
2.60359
 20
3.0935
 10
2.60168
 20
3.0935
 10
2.60168
 20
3.09982
 10
2.60168
 20
3.10103
 10
2.61141
 20
3.10103
 10
2.61364
 20
3.10103
 97
0
 92
3
 72
0
 73
1
 93
3
 10
2.63036
 20
3.09456
 10
2.63036
 20
3.0935
 10
2.63098
 20
3.0935
 97
0
 75
1
 76
1
 52
90.0
 41
0.02
 77
0
 78
1
 53
135.0
 43
0.0
 44
0.0
 45
-0.0449012806
 46
-0.0449012806
 79
0
 98
0
  0
LWPOLYLINE
  5
A3
330
17
100
AcDbEntity
  8
BODRUM_DONATI
100
AcDbPolyline
 90
21
 70
1
 38
1.6
 10
-0.83849
 20
1.71933
 10
-0.8377
 20
1.71702
 10
-0.83431
 20
1.70688
 10
-0.83184
 20
1.70603
 10
-0.82608
 20
1.70309
 10
-0.82324
 20
1.70039
 10
-0.81198
 20
1.70053
 10
-0.81105
 20
1.70052
 10
-0.80797
 20
1.70315
 10
-0.79988
 20
1.70712
 10
-0.79943
 20
1.70851
 10
-0.79573
 20
1.72057
 10
-0.79692
 20
1.72501
 10
-0.79984
 20
1.73281
 10
-0.80532
 20
1.73609
 10
-0.81071
 20
1.74033
 10
-0.81659
 20
1.7403
 10
-0.82301
 20
1.74012
 10
-0.83077
 20
1.73592
 10
-0.8344
 20
1.73239
 10
-0.83498
 20
1.73053
  0
LWPOLYLINE
  5
A4
330
17
100
AcDbEntity
  8
BODRUM_DONATI
100
AcDbPolyline
 90
21
 70
1
 38
1.6
 10
-0.83846
 20
1.2994
 10
-0.83805
 20
1.298
 10
-0.83448
 20
1.28818
 10
-0.83047
 20
1.284
 10
-0.82338
 20
1.2798
 10
-0.81761
 20
1.27965
 10
-0.81115
 20
1.27983
 10
-0.80337
 20
1.28404
 10
-0.79978
 20
1.28685
 10
-0.79923
 20
1.28946
 10
-0.79572
 20
1.30069
 10
-0.7965
 20
1.30285
 10
-0.79983
 20
1.31283
 10
-0.80235
 20
1.31391
 10
-0.80811
 20
1.31684
 10
-0.81094
 20
1.31954
 10
-0.8222
 20
1.3194
 10
-0.82314
 20
1.31942
 10
-0.82621
 20
1.31679
 10
-0.83431
 20
1.31261
 10
-0.83476
 20
1.31146
  0
LWPOLYLINE
  5
A5
330
17
100
AcDbEntity
  8
BODRUM_DONATI
100
AcDbPolyline
 90
19
 70
1
 38
1.6
 10
1.6804
 20
3.0672
 10
1.70314
 20
3.0672
 10
1.72115
 20
3.0672
 10
1.73692
 20
3.0672
 10
1.74862
 20
3.07392
 10
1.75245
 20
3.07633
 10
1.75283
 20
3.07633
 10
1.75269
 20
3.10072
 10
1.75237
 20
3.11854
 10
1.74862
 20
3.1208
 10
1.73692
 20
3.1271
 10
1.72115
 20
3.1271
 10
1.68026
 20
3.12708
 10
1.68023
 20
3.1271
 10
1.67408
 20
3.12376
 10
1.66445
 20
3.11854
 10
1.66442
 20
3.10215
 10
1.66445
 20
3.07634
 10
1.67408
 20
3.0708
  0
LWPOLYLINE
  5
A6
330
17
100
AcDbEntity
  8
BODRUM_DONATI
100
AcDbPolyline
 90
10
 70
1
 38
1.6
 10
1.76644
 20
3.08847
 10
1.76649
 20
3.08847
 10
1.7792
 20
3.08847
 10
1.79536
 20
3.08847
 10
1.79533
 20
3.09807
 10
1.79526
 20
3.10656
 10
1.77909
 20
3.10656
 10
1.76646
 20
3.10668
 10
1.76646
 20
3.10651
 10
1.76638
 20
3.09783
  0
LWPOLYLINE
  5
A7
330
17
100
AcDbEntity
  8
BODRUM_DONATI
100
AcDbPolyline
 90
6
 70
1
 38
1.6
 10
1.97054
 20
3.09798
 10
1.97054
 20
3.0935
 10
1.96523
 20
3.0935
 10
1.96523
 20
3.09537
 10
1.96523
 20
3.10103
 10
1.97054
 20
3.10103
  0
LWPOLYLINE
  5
A8
330
17
100
AcDbEntity
  8
BODRUM_DONATI
100
AcDbPolyline
 90
7
 70
1
 38
1.6
 10
1.95314
 20
3.0935
 10
1.95616
 20
3.0935
 10
1.95792
 20
3.0935
 10
1.95792
 20
3.09737
 10
1.95792
 20
3.10103
 10
1.95314
 20
3.10103
 10
1.95314
 20
3.09921
  0
LWPOLYLINE
  5
A9
330
17
100
AcDbEntity
  8
BODRUM_DONATI
100
AcDbPolyline
 90
8
 70
1
 38
1.6
 10
1.99065
 20
3.10668
 10
1.99065
 20
3.09154
 10
1.99065
 20
3.08785
 10
2.00579
 20
3.08785
 10
2.00949
 20
3.08785
 10
2.00949
 20
3.10298
 10
2.00949
 20
3.10668
 10
1.99435
 20
3.10668
  0
LWPOLYLINE
  5
AA
330
17
100
AcDbEntity
  8
BODRUM_DONATI
100
AcDbPolyline
 90
8
 70
1
 38
1.6
 10
2.49036
 20
3.10668
 10
2.49036
 20
3.09857
 10
2.49036
 20
3.08785
 10
2.49847
 20
3.08785
 10
2.5092
 20
3.08785
 10
2.5092
 20
3.09596
 10
2.5092
 20
3.10668
 10
2.50109
 20
3.10668
  0
LWPOLYLINE
  5
AB
330
17
100
AcDbEntity
  8
BODRUM_DONATI
100
AcDbPolyline
 90
8
 70
1
 38
1.6
 10
2.24428
 20
3.10291
 10
2.24428
 20
3.09572
 10
2.24428
 20
3.09161
 10
2.25146
 20
3.09161
 10
2.25558
 20
3.09161
 10
2.25558
 20
3.0988
 10
2.25558
 20
3.10291
 10
2.24839
 20
3.10291
  0
LWPOLYLINE
  5
AC
330
17
100
AcDbEntity
  8
BODRUM_DONATI
100
AcDbPolyline
 90
8
 70
1
 38
1.6
 10
2.04968
 20
3.09497
 10
2.04968
 20
3.0935
 10
2.03967
 20
3.0935
 10
2.03722
 20
3.0935
 10
2.03722
 20
3.09948
 10
2.03722
 20
3.10103
 10
2.04735
 20
3.10103
 10
2.04968
 20
3.10103
  0
LWPOLYLINE
  5
AD
330
17
100
AcDbEntity
  8
BODRUM_DONATI
100
AcDbPolyline
 90
8
 70
1
 38
1.6
 10
2.41023
 20
3.10103
 10
2.41023
 20
3.09962
 10
2.41023
 20
3.0935
 10
2.41267
 20
3.0935
 10
2.42219
 20
3.0935
 10
2.42219
 20
3.09524
 10
2.42219
 20
3.10103
 10
2.41942
 20
3.10103
  0
LWPOLYLINE
  5
AE
330
17
100
AcDbEntity
  8
BODRUM_DONATI
100
AcDbPolyline
 90
8
 70
1
 38
1.6
 10
2.22061
 20
3.0935
 10
2.22161
 20
3.0935
 10
2.23318
 20
3.0935
 10
2.23318
 20
3.09488
 10
2.23318
 20
3.10103
 10
2.23098
 20
3.10103
 10
2.22061
 20
3.10103
 10
2.22061
 20
3.10045
  0
LWPOLYLINE
  5
AF
330
17
100
AcDbEntity
  8
BODRUM_DONATI
100
AcDbPolyline
 90
8
 70
1
 38
1.6
 10
2.75968
 20
3.09244
 10
2.75968
 20
3.08785
 10
2.74496
 20
3.08785
 10
2.74022
 20
3.08785
 10
2.74022
 20
3.10209
 10
2.74022
 20
3.10668
 10
2.75493
 20
3.10668
 10
2.75968
 20
3.10668
  0
LWPOLYLINE
  5
B0
330
17
100
AcDbEntity
  8
BODRUM_DONATI
100
AcDbPolyline
 90
8
 70
1
 38
1.6
 10
2.63942
 20
3.0935
 10
2.64536
 20
3.0935
 10
2.6516
 20
3.0935
 10
2.6516
 20
3.09698
 10
2.6516
 20
3.10103
 10
2.64578
 20
3.10103
 10
2.63942
 20
3.10103
 10
2.63942
 20
3.0972
  0
LWPOLYLINE
  5
B1
330
17
100
AcDbEntity
  8
BODRUM_DONATI
100
AcDbPolyline
 90
8
 70
1
 38
1.6
 10
2.66835
 20
3.10103
 10
2.66835
 20
3.09667
 10
2.66835
 20
3.0935
 10
2.67544
 20
3.0935
 10
2.68029
 20
3.0935
 10
2.68029
 20
3.09844
 10
2.68029
 20
3.10103
 10
2.67544
 20
3.10103
  0
LWPOLYLINE
  5
B2
330
17
100
AcDbEntity
  8
BODRUM_DONATI
100
AcDbPolyline
 90
10
 70
1
 38
1.6
 10
2.55148
 20
3.10103
 10
2.55148
 20
3.09372
 10
2.55148
 20
3.0935
 10
2.55171
 20
3.0935
 10
2.55593
 20
3.0935
 10
2.56181
 20
3.0935
 10
2.56343
 20
3.10022
 10
2.56343
 20
3.10103
 10
2.56181
 20
3.10103
 10
2.55171
 20
3.10103
  0
LWPOLYLINE
  5
B3
330
17
100
AcDbEntity
  8
BODRUM_DONATI
100
AcDbPolyline
 90
8
 70
1
 38
1.6
 10
2.61364
 20
3.09491
 10
2.61364
 20
3.0935
 10
2.60359
 20
3.0935
 10
2.60168
 20
3.0935
 10
2.60168
 20
3.09982
 10
2.60168
 20
3.10103
 10
2.61141
 20
3.10103
 10
2.61364
 20
3.10103
  0
LWPOLYLINE
  5
B4
330
17
100
AcDbEntity
  8
BODRUM_DONATI
100
AcDbPolyline
 90
3
 70
1
 38
1.6
 10
2.63036
 20
3.09456
 10
2.63036
 20
3.0935
 10
2.63098
 20
3.0935
  0
HATCH
  5
B6
330
17
100
AcDbEntity
  8
BODRUM_MOBILYA
 62
7
100
AcDbHatch
 10
0.0
 20
0.0
 30
1.6
210
0.0
220
0.0
230
1.0
  2
ANSI31
 70
0
 71
0
 91
38
 92
3
 72
0
 73
1
 93
6
 10
-4.93601
 20
-0.24864
 10
-4.93601
 20
-0.26393
 10
-4.80345
 20
-0.26531
 10
-4.80405
 20
-0.26393
 10
-4.80405
 20
-0.24603
 10
-4.93601
 20
-0.24603
 97
0
 92
3
 72
0
 73
1
 93
15
 10
-4.80405
 20
-0.24603
 10
-4.80405
 20
0.04965
 10
-4.80405
 20
0.06494
 10
-4.80402
 20
0.065
 10
-4.80342
 20
0.06639
 10
-4.80335
 20
0.06642
 10
-4.80196
 20
0.06702
 10
-4.79244
 20
0.06702
 10
-4.79197
 20
0.06702
 10
-4.79191
 20
0.06699
 10
-4.79052
 20
0.06639
 10
-4.79049
 20
0.06632
 10
-4.78989
 20
0.06494
 10
-4.79197
 20
-0.24603
 10
-4.79923
 20
-0.24603
 97
0
 92
3
 72
0
 73
1
 93
14
 10
-4.93601
 20
-0.24603
 10
-4.94808
 20
-0.24603
 10
-4.94995
 20
0.04965
 10
-4.94995
 20
0.06494
 10
-4.94992
 20
0.065
 10
-4.94933
 20
0.06639
 10
-4.94927
 20
0.06642
 10
-4.94808
 20
0.06702
 10
-4.93855
 20
0.06702
 10
-4.93809
 20
0.06702
 10
-4.93802
 20
0.06699
 10
-4.93663
 20
0.06639
 10
-4.9366
 20
0.06632
 10
-4.93601
 20
0.06494
 97
0
 92
3
 72
0
 73
1
 93
12
 10
-4.854
 20
0.00751
 10
-4.84694
 20
0.02332
 10
-4.85638
 20
0.0405
 10
-4.8589
 20
0.04376
 10
-4.86421
 20
0.04542
 10
-4.88795
 20
0.03719
 10
-4.89177
 20
0.03313
 10
-4.89247
 20
0.02899
 10
-4.88753
 20
0.00712
 10
-4.88374
 20
0.00322
 10
-4.8608
 20
0.00095
 10
-4.85551
 20
0.00228
 97
0
 92
3
 72
0
 73
1
 93
4
 10
-4.73396
 20
0.06746
 10
-4.73307
 20
0.06702
 10
-4.73446
 20
0.06826
 10
-4.73432
 20
0.06764
 97
0
 92
3
 72
0
 73
1
 93
81
 10
-4.73446
 20
0.06826
 10
-4.73477
 20
0.06854
 10
-4.73557
 20
0.06764
 10
-4.73563
 20
0.06762
 10
-4.73703
 20
0.06702
 10
-4.75805
 20
0.06494
 10
-4.75805
 20
-0.2479
 10
-4.1735
 20
-0.2479
 10
-4.16402
 20
-0.2479
 10
-4.16402
 20
-0.26393
 10
-4.74856
 20
-0.26601
 10
-4.75867
 20
-0.26538
 10
-4.75808
 20
-0.26399
 10
-4.75805
 20
-0.26393
 10
-4.75805
 20
-0.24864
 10
-4.75805
 20
-0.2479
 10
-4.77803
 20
-0.2479
 10
-4.7799
 20
0.04965
 10
-4.77356
 20
0.06702
 10
-4.77512
 20
0.06702
 10
-4.77517
 20
0.06704
 10
-4.77636
 20
0.06764
 10
-4.77639
 20
0.0677
 10
-4.77699
 20
0.0691
 10
-4.77699
 20
0.09884
 10
-4.77699
 20
0.10011
 10
-4.77696
 20
0.10016
 10
-4.77636
 20
0.10136
 10
-4.77631
 20
0.10139
 10
-4.77512
 20
0.10198
 10
-4.73858
 20
0.10198
 10
-4.73703
 20
0.10198
 10
-4.73697
 20
0.10196
 10
-4.73557
 20
0.10136
 10
-4.73554
 20
0.10131
 10
-4.73548
 20
0.1012
 10
-4.73494
 20
0.10011
 10
-4.7345
 20
0.10095
 10
-4.73432
 20
0.10136
 10
-4.73343
 20
0.10181
 10
-4.73307
 20
0.10198
 10
-4.57842
 20
0.10198
 10
-4.18899
 20
0.10198
 10
-4.18795
 20
0.10154
 10
-4.18754
 20
0.10136
 10
-4.18709
 20
0.10032
 10
-4.18689
 20
0.10016
 10
-4.18691
 20
0.10011
 10
-4.18691
 20
0.0999
 10
-4.14851
 20
0.10198
 10
-4.14695
 20
0.10198
 10
-4.14689
 20
0.10196
 10
-4.14549
 20
0.10136
 10
-4.14548
 20
0.10131
 10
-4.14508
 20
0.10011
 10
-4.14508
 20
0.07037
 10
-4.14508
 20
0.0691
 10
-4.14509
 20
0.06904
 10
-4.14549
 20
0.06764
 10
-4.14487
 20
0.06702
 10
-4.14404
 20
0.06702
 10
-4.14397
 20
0.06699
 10
-4.14258
 20
0.06639
 10
-4.14255
 20
0.06632
 10
-4.14195
 20
0.06494
 10
-4.14404
 20
-0.2479
 10
-4.16402
 20
-0.2479
 10
-4.16402
 20
0.04965
 10
-4.16402
 20
0.06494
 10
-4.18348
 20
0.06702
 10
-4.18504
 20
0.06702
 10
-4.1851
 20
0.06704
 10
-4.1865
 20
0.06764
 10
-4.18651
 20
0.0677
 10
-4.18691
 20
0.06889
 10
-4.18736
 20
0.068
 10
-4.18754
 20
0.06764
 10
-4.18858
 20
0.06719
 10
-4.18899
 20
0.06702
 10
-4.34364
 20
0.06702
 10
-4.73494
 20
0.07037
 97
0
 92
3
 72
0
 73
1
 93
78
 10
-5.15934
 20
1.40848
 10
-5.15929
 20
1.4085
 10
-5.15809
 20
1.4091
 10
-5.12835
 20
1.4091
 10
-5.12708
 20
1.4091
 10
-5.12702
 20
1.40908
 10
-5.12562
 20
1.40848
 10
-5.1256
 20
1.40842
 10
-5.125
 20
1.40702
 10
-5.125
 20
1.37049
 10
-5.125
 20
1.36893
 10
-5.12502
 20
1.36887
 10
-5.12562
 20
1.36747
 10
-5.12568
 20
1.36746
 10
-5.12708
 20
1.36706
 10
-5.12604
 20
1.36661
 10
-5.12562
 20
1.36643
 10
-5.12517
 20
1.36539
 10
-5.125
 20
1.36498
 10
-5.125
 20
1.24334
 10
-5.125
 20
0.93704
 10
-5.12544
 20
0.936
 10
-5.12562
 20
0.93558
 10
-5.12666
 20
0.93514
 10
-5.12708
 20
0.93496
 10
-5.12702
 20
0.93493
 10
-5.12562
 20
0.93433
 10
-5.1256
 20
0.93428
 10
-5.125
 20
0.93309
 10
-5.125
 20
0.89655
 10
-5.125
 20
0.895
 10
-5.12502
 20
0.89494
 10
-5.12562
 20
0.89354
 10
-5.12568
 20
0.89351
 10
-5.12708
 20
0.89292
 10
-5.15683
 20
0.89292
 10
-5.15809
 20
0.89292
 10
-5.15814
 20
0.89294
 10
-5.15934
 20
0.89354
 10
-5.15937
 20
0.8936
 10
-5.15997
 20
0.895
 10
-5.15997
 20
0.89291
 10
-5.15997
 20
0.89208
 10
-5.15999
 20
0.89201
 10
-5.16059
 20
0.89063
 10
-5.16066
 20
0.8906
 10
-5.53
 20
0.89
 10
-5.53191
 20
0.89208
 10
-5.53191
 20
0.91206
 10
-5.17998
 20
0.91206
 10
-5.16205
 20
0.91206
 10
-5.15997
 20
0.93153
 10
-5.15997
 20
0.93309
 10
-5.15994
 20
0.93314
 10
-5.15934
 20
0.93433
 10
-5.15929
 20
0.93436
 10
-5.15925
 20
0.93438
 10
-5.15809
 20
0.93496
 10
-5.15899
 20
0.93541
 10
-5.15934
 20
0.93558
 10
-5.15979
 20
0.93663
 10
-5.15997
 20
0.93704
 10
-5.15997
 20
1.05868
 10
-5.15997
 20
1.36498
 10
-5.15952
 20
1.36602
 10
-5.15934
 20
1.36643
 10
-5.15845
 20
1.36688
 10
-5.15927
 20
1.36746
 10
-5.15934
 20
1.36747
 10
-5.15937
 20
1.36753
 10
-5.15997
 20
1.36893
 10
-5.16066
 20
1.39055
 10
-5.53
 20
1.38995
 10
-5.53191
 20
1.38995
 10
-5.53191
 20
1.40993
 10
-5.17998
 20
1.41202
 10
-5.15997
 20
1.40702
 10
-5.15994
 20
1.40708
 97
0
 92
3
 72
0
 73
1
 93
8
 10
-5.53191
 20
1.38995
 10
-5.53191
 20
0.91615
 10
-5.53191
 20
0.91206
 10
-5.54794
 20
0.91206
 10
-5.55002
 20
1.38587
 10
-5.54939
 20
1.39058
 10
-5.54801
 20
1.38998
 10
-5.54794
 20
1.38995
 97
0
 92
3
 72
0
 73
1
 93
83
 10
-5.15934
 20
1.46447
 10
-5.15929
 20
1.46449
 10
-5.15809
 20
1.46509
 10
-5.15899
 20
1.46539
 10
-5.15934
 20
1.46551
 10
-5.15979
 20
1.46655
 10
-5.15997
 20
1.46696
 10
-5.15997
 20
1.5886
 10
-5.15683
 20
1.89698
 10
-5.15809
 20
1.89698
 10
-5.15814
 20
1.89701
 10
-5.15845
 20
1.8968
 10
-5.15952
 20
1.89594
 10
-5.15934
 20
1.89636
 10
-5.15934
 20
1.89761
 10
-5.15937
 20
1.89766
 10
-5.15997
 20
1.89906
 10
-5.16205
 20
1.91988
 10
-5.53
 20
1.91988
 10
-5.53191
 20
1.91988
 10
-5.53191
 20
1.94007
 10
-5.17998
 20
1.94194
 10
-5.16205
 20
1.94194
 10
-5.16198
 20
1.94191
 10
-5.16059
 20
1.94131
 10
-5.16056
 20
1.94126
 10
-5.15997
 20
1.94007
 10
-5.15809
 20
1.93903
 10
-5.12835
 20
1.93903
 10
-5.12708
 20
1.93903
 10
-5.12702
 20
1.939
 10
-5.12562
 20
1.9384
 10
-5.1256
 20
1.93834
 10
-5.125
 20
1.93694
 10
-5.125
 20
1.90061
 10
-5.125
 20
1.89906
 10
-5.12502
 20
1.899
 10
-5.12562
 20
1.89761
 10
-5.12568
 20
1.89758
 10
-5.12708
 20
1.89698
 10
-5.12604
 20
1.89653
 10
-5.12562
 20
1.89636
 10
-5.12517
 20
1.89531
 10
-5.125
 20
1.8949
 10
-5.125
 20
1.77326
 10
-5.125
 20
1.46696
 10
-5.12544
 20
1.46592
 10
-5.12562
 20
1.46551
 10
-5.12666
 20
1.46521
 10
-5.12708
 20
1.46509
 10
-5.12702
 20
1.46507
 10
-5.12633
 20
1.46478
 10
-5.12562
 20
1.46447
 10
-5.1256
 20
1.46441
 10
-5.125
 20
1.46301
 10
-5.125
 20
1.42648
 10
-5.125
 20
1.42492
 10
-5.12502
 20
1.42487
 10
-5.12562
 20
1.42367
 10
-5.12568
 20
1.42365
 10
-5.12708
 20
1.42305
 10
-5.15683
 20
1.42305
 10
-5.15809
 20
1.42305
 10
-5.15814
 20
1.42307
 10
-5.16056
 20
1.42062
 10
-5.16059
 20
1.42055
 10
-5.16066
 20
1.42052
 10
-5.15999
 20
1.42194
 10
-5.15997
 20
1.42284
 10
-5.15934
 20
1.42367
 10
-5.15937
 20
1.42372
 10
-5.15997
 20
1.42492
 10
-5.53
 20
1.41992
 10
-5.5326
 20
1.42052
 10
-5.53254
 20
1.42055
 10
-5.53194
 20
1.42194
 10
-5.53191
 20
1.42201
 10
-5.53191
 20
1.44199
 10
-5.17998
 20
1.44199
 10
-5.16205
 20
1.44199
 10
-5.15997
 20
1.46145
 10
-5.15997
 20
1.46301
 10
-5.15994
 20
1.46307
 97
0
 92
3
 72
0
 73
1
 93
10
 10
-5.53191
 20
1.44199
 10
-5.54794
 20
1.44199
 10
-5.55002
 20
1.91599
 10
-5.55002
 20
1.92196
 10
-5.54942
 20
1.92057
 10
-5.54939
 20
1.9205
 10
-5.54801
 20
1.91991
 10
-5.54794
 20
1.91988
 10
-5.53191
 20
1.91988
 10
-5.53191
 20
1.44608
 97
0
 92
3
 72
0
 73
1
 93
18
 10
-5.16056
 20
1.96331
 10
-5.15997
 20
1.96192
 10
-5.15997
 20
1.95239
 10
-5.15997
 20
1.95193
 10
-5.15999
 20
1.95187
 10
-5.16059
 20
1.95068
 10
-5.16066
 20
1.95065
 10
-5.53
 20
1.95006
 10
-5.53072
 20
1.95065
 10
-5.53066
 20
1.95068
 10
-5.53007
 20
1.95187
 10
-5.53004
 20
1.95193
 10
-5.53004
 20
1.95658
 10
-5.53004
 20
1.964
 10
-5.17998
 20
1.964
 10
-5.16205
 20
1.964
 10
-5.16198
 20
1.96397
 10
-5.16059
 20
1.96338
 97
0
 92
3
 72
0
 73
1
 93
4
 10
-5.53004
 20
1.964
 10
-5.54794
 20
1.964
 10
-5.54794
 20
2.03997
 10
-5.53004
 20
2.03997
 97
0
 92
3
 72
0
 73
1
 93
12
 10
-5.18497
 20
1.99255
 10
-5.18286
 20
2.0139
 10
-5.18769
 20
2.01795
 10
-5.21421
 20
2.02305
 10
-5.21949
 20
2.02172
 10
-5.22101
 20
2.01649
 10
-5.22806
 20
2.00068
 10
-5.21863
 20
1.9835
 10
-5.2161
 20
1.98024
 10
-5.21079
 20
1.97858
 10
-5.19045
 20
1.98318
 10
-5.18688
 20
1.98696
 97
0
 92
3
 72
0
 73
1
 93
15
 10
-5.53004
 20
2.03997
 10
-5.53004
 20
2.05204
 10
-5.17998
 20
2.05392
 10
-5.16205
 20
2.05392
 10
-5.16198
 20
2.0539
 10
-5.16059
 20
2.0535
 10
-5.16056
 20
2.05343
 10
-5.15997
 20
2.05204
 10
-5.15997
 20
2.04252
 10
-5.15997
 20
2.04205
 10
-5.15999
 20
2.04199
 10
-5.16059
 20
2.0406
 10
-5.16066
 20
2.04057
 10
-5.16205
 20
2.03997
 10
-5.53
 20
2.03997
 97
0
 92
3
 72
0
 73
1
 93
4
 10
-5.12622
 20
2.10663
 10
-5.125
 20
2.10512
 10
-5.1256
 20
2.10632
 10
-5.12562
 20
2.10637
 97
0
 92
3
 72
0
 73
1
 93
6
 10
-5.53191
 20
2.56199
 10
-5.53191
 20
2.08799
 10
-5.53191
 20
2.0841
 10
-5.54794
 20
2.0841
 10
-5.55002
 20
2.55789
 10
-5.54794
 20
2.56199
 97
0
 92
3
 72
0
 73
1
 93
68
 10
-5.53191
 20
2.56199
 10
-5.53191
 20
2.58197
 10
-5.17998
 20
2.58405
 10
-5.16205
 20
2.58405
 10
-5.16198
 20
2.58402
 10
-5.16059
 20
2.58343
 10
-5.16056
 20
2.58336
 10
-5.15997
 20
2.58197
 10
-5.15997
 20
2.57905
 10
-5.15994
 20
2.57911
 10
-5.15934
 20
2.5803
 10
-5.15929
 20
2.58033
 10
-5.15809
 20
2.58093
 10
-5.12708
 20
2.58093
 10
-5.12702
 20
2.5809
 10
-5.12562
 20
2.5803
 10
-5.1256
 20
2.58025
 10
-5.125
 20
2.57905
 10
-5.125
 20
2.54096
 10
-5.12502
 20
2.54091
 10
-5.12562
 20
2.53951
 10
-5.12568
 20
2.53948
 10
-5.12684
 20
2.53898
 10
-5.12604
 20
2.53864
 10
-5.12562
 20
2.53847
 10
-5.12517
 20
2.53742
 10
-5.125
 20
2.53701
 10
-5.125
 20
2.10908
 10
-5.12544
 20
2.10803
 10
-5.12562
 20
2.10762
 10
-5.12666
 20
2.10717
 10
-5.12708
 20
2.10699
 10
-5.125
 20
2.06859
 10
-5.125
 20
2.06703
 10
-5.12502
 20
2.06697
 10
-5.12562
 20
2.06557
 10
-5.12568
 20
2.06555
 10
-5.12708
 20
2.06495
 10
-5.15809
 20
2.06495
 10
-5.15814
 20
2.06498
 10
-5.15934
 20
2.06557
 10
-5.15997
 20
2.06475
 10
-5.15997
 20
2.06391
 10
-5.15999
 20
2.06385
 10
-5.53
 20
2.06204
 10
-5.53191
 20
2.06391
 10
-5.53191
 20
2.0841
 10
-5.16205
 20
2.0841
 10
-5.15997
 20
2.10356
 10
-5.15997
 20
2.10512
 10
-5.15994
 20
2.10517
 10
-5.15934
 20
2.10637
 10
-5.15929
 20
2.10639
 10
-5.15809
 20
2.10699
 10
-5.15899
 20
2.10744
 10
-5.15934
 20
2.10762
 10
-5.15979
 20
2.10866
 10
-5.15997
 20
2.10908
 10
-5.15997
 20
2.53701
 10
-5.15952
 20
2.53805
 10
-5.15934
 20
2.53847
 10
-5.15845
 20
2.53891
 10
-5.15875
 20
2.53931
 10
-5.15934
 20
2.53951
 10
-5.15937
 20
2.53957
 10
-5.15997
 20
2.54096
 10
-5.16066
 20
2.56258
 10
-5.16205
 20
2.56199
 97
0
 92
3
 72
0
 73
1
 93
3
 10
-5.15809
 20
2.53909
 10
-5.15809
 20
2.53888
 10
-5.15683
 20
2.53888
 97
0
 92
3
 72
0
 73
1
 93
73
 10
-5.53191
 20
3.1121
 10
-5.53191
 20
3.09191
 10
-5.16205
 20
3.09191
 10
-5.16066
 20
3.09251
 10
-5.15997
 20
3.0711
 10
-5.15937
 20
3.0697
 10
-5.15934
 20
3.06964
 10
-5.15814
 20
3.06904
 10
-5.15809
 20
3.06902
 10
-5.15997
 20
2.76063
 10
-5.15997
 20
2.639
 10
-5.15979
 20
2.63858
 10
-5.15934
 20
2.63754
 10
-5.15899
 20
2.63736
 10
-5.15809
 20
2.63692
 10
-5.15929
 20
2.63652
 10
-5.15934
 20
2.6365
 10
-5.15994
 20
2.6351
 10
-5.15997
 20
2.63504
 10
-5.15997
 20
2.63349
 10
-5.16205
 20
2.61402
 10
-5.16059
 20
2.6134
 10
-5.16198
 20
2.61399
 10
-5.16205
 20
2.61402
 10
-5.53191
 20
2.61402
 10
-5.53191
 20
2.59404
 10
-5.53
 20
2.59196
 10
-5.16205
 20
2.59196
 10
-5.16066
 20
2.59255
 10
-5.16059
 20
2.59258
 10
-5.15999
 20
2.59397
 10
-5.15997
 20
2.59404
 10
-5.15997
 20
2.59487
 10
-5.15934
 20
2.5955
 10
-5.15814
 20
2.5949
 10
-5.15809
 20
2.59487
 10
-5.12708
 20
2.59487
 10
-5.12568
 20
2.59547
 10
-5.12562
 20
2.5955
 10
-5.12502
 20
2.59689
 10
-5.125
 20
2.59695
 10
-5.125
 20
2.63504
 10
-5.1256
 20
2.63644
 10
-5.12562
 20
2.6365
 10
-5.12702
 20
2.6369
 10
-5.12708
 20
2.63692
 10
-5.12666
 20
2.63709
 10
-5.12562
 20
2.63754
 10
-5.12544
 20
2.63796
 10
-5.125
 20
2.639
 10
-5.125
 20
3.06693
 10
-5.12517
 20
3.06735
 10
-5.12562
 20
3.06839
 10
-5.12604
 20
3.06857
 10
-5.12568
 20
3.06961
 10
-5.12562
 20
3.06964
 10
-5.12505
 20
3.07096
 10
-5.12502
 20
3.07104
 10
-5.125
 20
3.0711
 10
-5.125
 20
3.10898
 10
-5.1256
 20
3.11038
 10
-5.12562
 20
3.11044
 10
-5.12702
 20
3.11103
 10
-5.12708
 20
3.11106
 10
-5.15809
 20
3.11106
 10
-5.15929
 20
3.11046
 10
-5.15934
 20
3.11044
 10
-5.15997
 20
3.1121
 10
-5.16056
 20
3.11329
 10
-5.16059
 20
3.11335
 10
-5.16198
 20
3.11394
 10
-5.16205
 20
3.11397
 10
-5.17998
 20
3.11397
 97
0
 92
3
 72
0
 73
1
 93
8
 10
-5.53191
 20
3.09191
 10
-5.53191
 20
2.61812
 10
-5.53191
 20
2.61402
 10
-5.54794
 20
2.61402
 10
-5.55002
 20
3.08802
 10
-5.54939
 20
3.09254
 10
-5.54801
 20
3.09194
 10
-5.54794
 20
3.09191
 97
0
 92
3
 72
0
 73
1
 93
4
 10
-5.15952
 20
3.06798
 10
-5.15934
 20
3.06839
 10
-5.15845
 20
3.06884
 10
-5.15997
 20
3.06693
 97
0
 92
3
 72
0
 73
1
 93
8
 10
-4.11198
 20
-0.2479
 10
-3.52644
 20
-0.2479
 10
-3.51691
 20
-0.2479
 10
-3.51691
 20
-0.26393
 10
-3.51651
 20
-0.26531
 10
-4.10245
 20
-0.26601
 10
-4.11198
 20
-0.26393
 10
-4.11198
 20
-0.24864
 97
0
 92
3
 72
0
 73
1
 93
72
 10
-4.11198
 20
-0.2479
 10
-4.13196
 20
-0.2479
 10
-4.13335
 20
-0.24849
 10
-4.13404
 20
0.04965
 10
-4.13404
 20
0.06494
 10
-4.13402
 20
0.065
 10
-4.13342
 20
0.06639
 10
-4.13335
 20
0.06642
 10
-4.13196
 20
0.06702
 10
-4.12911
 20
0.06704
 10
-4.12905
 20
0.06702
 10
-4.12749
 20
0.06702
 10
-4.13051
 20
0.06764
 10
-4.13052
 20
0.0677
 10
-4.13092
 20
0.0691
 10
-4.13092
 20
0.09884
 10
-4.13092
 20
0.10011
 10
-4.13091
 20
0.10016
 10
-4.13051
 20
0.10136
 10
-4.13045
 20
0.10139
 10
-4.12905
 20
0.10198
 10
-4.09252
 20
0.10198
 10
-4.09096
 20
0.10198
 10
-4.0909
 20
0.10196
 10
-4.0895
 20
0.10136
 10
-4.08948
 20
0.10131
 10
-4.08894
 20
0.10024
 10
-4.08864
 20
0.10095
 10
-4.08846
 20
0.10136
 10
-4.08742
 20
0.10181
 10
-4.08701
 20
0.10198
 10
-3.93212
 20
0.10198
 10
-3.545
 20
0.10198
 10
-3.545
 20
0.36208
 10
-3.53854
 20
0.37748
 10
-3.53762
 20
0.37968
 10
-3.52222
 20
0.38604
 10
-3.52002
 20
0.38694
 10
-3.45
 20
0.38694
 10
-2.95996
 20
0.38694
 10
-2.94457
 20
0.38059
 10
-2.94237
 20
0.37968
 10
-2.93591
 20
0.36428
 10
-2.93499
 20
0.36208
 10
-2.93499
 20
0.29807
 10
-2.93499
 20
-0.14995
 10
-2.94144
 20
-0.16545
 10
-2.94237
 20
-0.16767
 10
-2.95776
 20
-0.17412
 10
-2.95996
 20
-0.17505
 10
-3.02998
 20
-0.17505
 10
-3.49765
 20
-0.17505
 10
-3.49693
 20
-0.2479
 10
-3.51691
 20
-0.2479
 10
-3.51691
 20
-0.17505
 10
-3.52002
 20
-0.17505
 10
-3.53542
 20
-0.16859
 10
-3.53762
 20
-0.16767
 10
-3.54408
 20
-0.15217
 10
-3.545
 20
-0.14995
 10
-3.545
 20
-0.08594
 10
-3.545
 20
0.06702
 10
-3.69698
 20
0.06702
 10
-4.08888
 20
0.07037
 10
-4.08888
 20
0.0691
 10
-4.0889
 20
0.06904
 10
-4.08909
 20
0.06889
 10
-4.08902
 20
0.06876
 10
-4.08891
 20
0.06854
 10
-4.08956
 20
0.06762
 10
-4.09096
 20
0.06702
 10
-4.11198
 20
0.06494
 97
0
 92
3
 72
0
 73
1
 93
4
 10
-4.18644
 20
0.10139
 10
-4.18504
 20
0.10198
 10
-4.1867
 20
0.10063
 10
-4.1865
 20
0.10136
 97
0
 92
3
 72
0
 73
1
 93
8
 10
-2.265
 20
0.253
 10
-2.11278
 20
0.253
 10
-1.77501
 20
0.253
 10
-1.77501
 20
0.24928
 10
-1.77501
 20
0.24103
 10
-1.92723
 20
0.24103
 10
-2.265
 20
0.24103
 10
-2.265
 20
0.24475
 97
0
 92
3
 72
0
 73
1
 93
48
 10
-3.5299
 20
0.41839
 10
-3.52908
 20
0.42009
 10
-3.52842
 20
0.42146
 10
-3.52704
 20
0.42284
 10
-3.52593
 20
0.42396
 10
-3.52423
 20
0.42477
 10
-3.52286
 20
0.42543
 10
-3.52097
 20
0.42575
 10
-3.51946
 20
0.426
 10
-3.26113
 20
0.426
 10
-2.94055
 20
0.426
 10
-2.93866
 20
0.42569
 10
-2.93714
 20
0.42543
 10
-2.93545
 20
0.42461
 10
-2.93408
 20
0.42396
 10
-2.93269
 20
0.42257
 10
-2.93158
 20
0.42146
 10
-2.93076
 20
0.41976
 10
-2.9301
 20
0.41839
 10
-2.92979
 20
0.41651
 10
-2.92954
 20
0.41499
 10
-2.92954
 20
0.4123
 10
-2.92954
 20
0.40897
 10
-2.92985
 20
0.40708
 10
-2.9301
 20
0.40556
 10
-2.93092
 20
0.40387
 10
-2.93158
 20
0.4025
 10
-2.93296
 20
0.40118
 10
-2.93408
 20
0.40011
 10
-2.93577
 20
0.39923
 10
-2.93714
 20
0.39852
 10
-2.93903
 20
0.39821
 10
-2.94055
 20
0.39796
 10
-3.19887
 20
0.39796
 10
-3.51946
 20
0.39796
 10
-3.52134
 20
0.39827
 10
-3.52286
 20
0.39852
 10
-3.52456
 20
0.39941
 10
-3.52593
 20
0.40011
 10
-3.52731
 20
0.40143
 10
-3.52842
 20
0.4025
 10
-3.52924
 20
0.4042
 10
-3.5299
 20
0.40556
 10
-3.53021
 20
0.40745
 10
-3.53047
 20
0.40897
 10
-3.53047
 20
0.41166
 10
-3.53047
 20
0.41499
 10
-3.53015
 20
0.41687
 97
0
 92
3
 72
0
 73
1
 93
21
 10
-2.62752
 20
0.77362
 10
-2.62646
 20
0.77555
 10
-2.62623
 20
0.77566
 10
-2.623
 20
0.7769
 10
-2.6208
 20
0.77639
 10
-2.62056
 20
0.77629
 10
-2.61852
 20
0.77404
 10
-2.61843
 20
0.77388
 10
-2.6184
 20
0.73036
 10
-2.6184
 20
0.72651
 10
-2.61947
 20
0.72455
 10
-2.61962
 20
0.72439
 10
-2.62281
 20
0.72304
 10
-2.62298
 20
0.723
 10
-2.62303
 20
0.72295
 10
-2.62327
 20
0.72305
 10
-2.62655
 20
0.72454
 10
-2.62662
 20
0.72468
 10
-2.62775
 20
0.72683
 10
-2.6276
 20
0.76965
 10
-2.62762
 20
0.77343
 97
0
 92
3
 72
0
 73
1
 93
56
 10
-0.823
 20
1.32442
 10
-0.823
 20
1.3126
 10
-0.82213
 20
1.3126
 10
-0.819
 20
1.3126
 10
-0.819
 20
1.32442
 10
-0.819
 20
1.36624
 10
-0.819
 20
1.39497
 10
-0.819
 20
1.41636
 10
-0.819
 20
1.43317
 10
-0.819
 20
1.44694
 10
-0.819
 20
1.45866
 10
-0.819
 20
1.46893
 10
-0.819
 20
1.47818
 10
-0.819
 20
1.48671
 10
-0.819
 20
1.49473
 10
-0.819
 20
1.50244
 10
-0.819
 20
1.51002
 10
-0.819
 20
1.51758
 10
-0.819
 20
1.5253
 10
-0.819
 20
1.53332
 10
-0.819
 20
1.54184
 10
-0.819
 20
1.55109
 10
-0.819
 20
1.56136
 10
-0.819
 20
1.57308
 10
-0.819
 20
1.58685
 10
-0.819
 20
1.60365
 10
-0.819
 20
1.62504
 10
-0.819
 20
1.6538
 10
-0.819
 20
1.69558
 10
-0.819
 20
1.7074
 10
-0.81987
 20
1.7074
 10
-0.823
 20
1.7074
 10
-0.823
 20
1.69558
 10
-0.823
 20
1.6538
 10
-0.823
 20
1.62504
 10
-0.823
 20
1.60365
 10
-0.823
 20
1.58685
 10
-0.823
 20
1.57308
 10
-0.823
 20
1.56136
 10
-0.823
 20
1.55109
 10
-0.823
 20
1.54184
 10
-0.823
 20
1.53332
 10
-0.823
 20
1.5253
 10
-0.823
 20
1.51758
 10
-0.823
 20
1.51002
 10
-0.823
 20
1.50244
 10
-0.823
 20
1.49473
 10
-0.823
 20
1.48671
 10
-0.823
 20
1.47818
 10
-0.823
 20
1.46893
 10
-0.823
 20
1.45866
 10
-0.823
 20
1.44694
 10
-0.823
 20
1.43317
 10
-0.823
 20
1.41636
 10
-0.823
 20
1.39497
 10
-0.823
 20
1.36624
 97
0
 92
3
 72
0
 73
1
 93
16
 10
7.24571
 20
5.19536
 10
7.24699
 20
5.19094
 10
7.24777
 20
4.60643
 10
7.24774
 20
4.54241
 10
7.24708
 20
4.54217
 10
7.24176
 20
4.54072
 10
6.83249
 20
4.54015
 10
6.77889
 20
4.54019
 10
6.7728
 20
4.54263
 10
6.77252
 20
4.54326
 10
6.7721
 20
5.1169
 10
6.77219
 20
5.18912
 10
6.77237
 20
5.18987
 10
6.77465
 20
5.19533
 10
7.19811
 20
5.19559
 10
7.24528
 20
5.19551
 97
0
 92
3
 72
0
 73
1
 93
12
 10
5.69726
 20
5.61691
 10
5.70259
 20
5.61434
 10
5.70309
 20
5.60833
 10
5.69938
 20
5.60431
 10
5.69672
 20
5.60218
 10
5.69188
 20
5.60194
 10
5.68985
 20
5.60301
 10
5.68909
 20
5.60339
 10
5.68702
 20
5.61073
 10
5.68935
 20
5.61573
 10
5.69028
 20
5.61762
 10
5.69608
 20
5.61643
 97
0
 92
3
 72
0
 73
1
 93
5
 10
7.22971
 20
5.62766
 10
7.22971
 20
5.62758
 10
7.22971
 20
5.62688
 10
7.22963
 20
5.6268
 10
7.22932
 20
5.62649
 97
0
 92
3
 72
0
 73
1
 93
4
 10
6.87458
 20
5.64327
 10
6.87458
 20
5.64309
 10
6.87458
 20
5.64171
 10
6.87401
 20
5.64356
 97
0
 92
3
 72
0
 73
1
 93
95
 10
6.87401
 20
5.64356
 10
6.87146
 20
5.64483
 10
6.86287
 20
5.64483
 10
6.86209
 20
5.64561
 10
6.86204
 20
5.64566
 10
6.86131
 20
5.64639
 10
6.86131
 20
6.15215
 10
6.85481
 20
6.15528
 10
6.85038
 20
6.15528
 10
6.85038
 20
6.15606
 10
6.8503
 20
6.15614
 10
6.8496
 20
6.15684
 10
6.8496
 20
6.15762
 10
6.8496
 20
6.18728
 10
6.84969
 20
6.18736
 10
6.85038
 20
6.18806
 10
6.85056
 20
6.18815
 10
6.85194
 20
6.18884
 10
6.86989
 20
6.18884
 10
6.86989
 20
6.19196
 10
6.87077
 20
6.19284
 10
6.87146
 20
6.19352
 10
6.87224
 20
6.19352
 10
6.87233
 20
6.19362
 10
6.87302
 20
6.1943
 10
7.22737
 20
6.1943
 10
7.22746
 20
6.19421
 10
7.22815
 20
6.19352
 10
7.22893
 20
6.19352
 10
7.22902
 20
6.19343
 10
7.22971
 20
6.19274
 10
7.22971
 20
6.17557
 10
7.22961
 20
6.17548
 10
7.22893
 20
6.17479
 10
7.22883
 20
6.17469
 10
7.22883
 20
6.17468
 10
7.22822
 20
6.17401
 10
7.22893
 20
6.17401
 10
7.229
 20
6.17393
 10
7.22971
 20
6.17323
 10
7.22971
 20
5.6824
 10
7.22737
 20
5.6261
 10
7.22815
 20
5.6261
 10
7.22824
 20
5.626
 10
7.22893
 20
5.62531
 10
7.22971
 20
5.62453
 10
7.22971
 20
5.60736
 10
7.22961
 20
5.60727
 10
7.22893
 20
5.60658
 10
7.22883
 20
5.60649
 10
7.22815
 20
5.6058
 10
6.87224
 20
5.6058
 10
6.87136
 20
5.60668
 10
6.87067
 20
5.60736
 10
6.87058
 20
5.60746
 10
6.86989
 20
5.60814
 10
6.86989
 20
5.61127
 10
6.85038
 20
5.61127
 10
6.85038
 20
5.61205
 10
6.8503
 20
5.61213
 10
6.8496
 20
5.63858
 10
6.8496
 20
5.64327
 10
6.84969
 20
5.64335
 10
6.85038
 20
5.64405
 10
6.85038
 20
5.64483
 10
6.87146
 20
5.64483
 10
6.87458
 20
5.6261
 10
6.87146
 20
5.62531
 10
6.87155
 20
5.62541
 10
6.87224
 20
5.6261
 10
6.87458
 20
5.6261
 10
7.18427
 20
5.6261
 10
7.2141
 20
5.62766
 10
7.2141
 20
6.17167
 10
6.91611
 20
6.17401
 10
6.87458
 20
6.17401
 10
6.87458
 20
6.15684
 10
6.87302
 20
6.15528
 10
6.87224
 20
6.15528
 10
6.87229
 20
6.15522
 10
6.87302
 20
6.1545
 10
6.8738
 20
6.1545
 10
6.87385
 20
6.15444
 10
6.87458
 20
6.15372
 10
6.87458
 20
6.15294
 10
6.87463
 20
6.15288
 10
6.87536
 20
6.15215
 10
6.87536
 20
5.64795
 10
6.8753
 20
5.6479
 10
6.87458
 20
5.64717
 10
6.87458
 20
5.64639
 10
6.87452
 20
5.64633
 10
6.8738
 20
5.64561
 10
6.87374
 20
5.64555
 10
6.87388
 20
5.64396
 97
0
 92
3
 72
0
 73
1
 93
5
 10
6.86989
 20
5.61127
 10
6.86989
 20
5.62126
 10
6.87458
 20
5.61674
 10
6.87458
 20
5.61283
 10
6.87302
 20
5.61127
 97
0
 92
3
 72
0
 73
1
 93
3
 10
6.86989
 20
6.17645
 10
6.86989
 20
6.17635
 10
6.87058
 20
6.17567
 97
0
 92
3
 72
0
 73
1
 93
39
 10
5.13342
 20
5.69832
 10
5.13642
 20
5.70247
 10
5.14004
 20
5.7051
 10
5.13736
 20
5.70576
 10
5.13122
 20
5.70889
 10
5.12989
 20
5.70963
 10
5.12634
 20
5.71597
 10
5.12569
 20
5.71725
 10
5.12567
 20
5.82359
 10
5.12576
 20
6.33264
 10
5.12883
 20
6.33849
 10
5.12957
 20
6.33982
 10
5.13597
 20
6.34366
 10
5.13725
 20
6.34431
 10
5.24531
 20
6.34433
 10
5.76259
 20
6.34425
 10
5.76866
 20
6.34118
 10
5.76975
 20
6.34051
 10
5.77341
 20
6.33426
 10
5.7743
 20
6.33294
 10
5.77432
 20
6.2265
 10
5.77424
 20
5.71719
 10
5.76996
 20
5.71086
 10
5.76919
 20
5.70955
 10
5.76396
 20
5.70632
 10
5.76269
 20
5.70568
 10
5.75989
 20
5.70513
 10
5.76395
 20
5.70219
 10
5.76615
 20
5.69865
 10
5.76621
 20
5.68672
 10
5.76615
 20
5.67936
 10
5.76529
 20
5.67695
 10
5.76261
 20
5.67529
 10
5.75844
 20
5.67251
 10
5.42955
 20
5.67247
 10
5.14022
 20
5.67285
 10
5.13608
 20
5.67583
 10
5.13382
 20
5.67935
 10
5.13336
 20
5.68947
 97
0
 92
3
 72
0
 73
1
 93
24
 10
2.89918
 20
7.13074
 10
2.90124
 20
7.13156
 10
2.90984
 20
7.135
 10
2.94195
 20
7.135
 10
2.94964
 20
7.135
 10
2.95171
 20
7.13418
 10
2.95999
 20
7.12967
 10
2.96098
 20
7.12754
 10
2.96528
 20
7.12007
 10
2.96528
 20
5.87774
 10
2.96528
 20
5.57993
 10
2.96432
 20
5.57786
 10
2.96031
 20
5.56926
 10
2.95824
 20
5.56844
 10
2.94964
 20
5.565
 10
2.91754
 20
5.565
 10
2.90984
 20
5.565
 10
2.90778
 20
5.56582
 10
2.89976
 20
5.57025
 10
2.89891
 20
5.57238
 10
2.89492
 20
5.57993
 10
2.89492
 20
6.82226
 10
2.89492
 20
7.12007
 10
2.89574
 20
7.12214
 97
0
 92
3
 72
0
 73
1
 93
14
 10
6.80166
 20
6.89665
 10
6.80476
 20
6.89392
 10
6.80932
 20
6.89028
 10
6.81443
 20
6.89124
 10
6.81939
 20
6.89215
 10
6.82261
 20
6.89701
 10
6.82448
 20
6.90212
 10
6.82212
 20
6.90858
 10
6.81957
 20
6.91242
 10
6.81565
 20
6.91314
 10
6.80919
 20
6.91435
 10
6.80491
 20
6.91053
 10
6.80004
 20
6.90516
 10
6.80072
 20
6.90109
 97
0
 75
1
 76
1
 52
90.0
 41
0.02
 77
0
 78
1
 53
135.0
 43
0.0
 44
0.0
 45
-0.0449012806
 46
-0.0449012806
 79
0
 98
0
  0
LWPOLYLINE
  5
B7
330
17
100
AcDbEntity
  8
BODRUM_MOBILYA
100
AcDbPolyline
 90
6
 70
1
 38
1.6
 10
-4.93601
 20
-0.24864
 10
-4.93601
 20
-0.26393
 10
-4.80345
 20
-0.26531
 10
-4.80405
 20
-0.26393
 10
-4.80405
 20
-0.24603
 10
-4.93601
 20
-0.24603
  0
LWPOLYLINE
  5
B8
330
17
100
AcDbEntity
  8
BODRUM_MOBILYA
100
AcDbPolyline
 90
15
 70
1
 38
1.6
 10
-4.80405
 20
-0.24603
 10
-4.80405
 20
0.04965
 10
-4.80405
 20
0.06494
 10
-4.80402
 20
0.065
 10
-4.80342
 20
0.06639
 10
-4.80335
 20
0.06642
 10
-4.80196
 20
0.06702
 10
-4.79244
 20
0.06702
 10
-4.79197
 20
0.06702
 10
-4.79191
 20
0.06699
 10
-4.79052
 20
0.06639
 10
-4.79049
 20
0.06632
 10
-4.78989
 20
0.06494
 10
-4.79197
 20
-0.24603
 10
-4.79923
 20
-0.24603
  0
LWPOLYLINE
  5
B9
330
17
100
AcDbEntity
  8
BODRUM_MOBILYA
100
AcDbPolyline
 90
14
 70
1
 38
1.6
 10
-4.93601
 20
-0.24603
 10
-4.94808
 20
-0.24603
 10
-4.94995
 20
0.04965
 10
-4.94995
 20
0.06494
 10
-4.94992
 20
0.065
 10
-4.94933
 20
0.06639
 10
-4.94927
 20
0.06642
 10
-4.94808
 20
0.06702
 10
-4.93855
 20
0.06702
 10
-4.93809
 20
0.06702
 10
-4.93802
 20
0.06699
 10
-4.93663
 20
0.06639
 10
-4.9366
 20
0.06632
 10
-4.93601
 20
0.06494
  0
LWPOLYLINE
  5
BA
330
17
100
AcDbEntity
  8
BODRUM_MOBILYA
100
AcDbPolyline
 90
12
 70
1
 38
1.6
 10
-4.854
 20
0.00751
 10
-4.84694
 20
0.02332
 10
-4.85638
 20
0.0405
 10
-4.8589
 20
0.04376
 10
-4.86421
 20
0.04542
 10
-4.88795
 20
0.03719
 10
-4.89177
 20
0.03313
 10
-4.89247
 20
0.02899
 10
-4.88753
 20
0.00712
 10
-4.88374
 20
0.00322
 10
-4.8608
 20
0.00095
 10
-4.85551
 20
0.00228
  0
LWPOLYLINE
  5
BB
330
17
100
AcDbEntity
  8
BODRUM_MOBILYA
100
AcDbPolyline
 90
4
 70
1
 38
1.6
 10
-4.73396
 20
0.06746
 10
-4.73307
 20
0.06702
 10
-4.73446
 20
0.06826
 10
-4.73432
 20
0.06764
  0
LWPOLYLINE
  5
BC
330
17
100
AcDbEntity
  8
BODRUM_MOBILYA
100
AcDbPolyline
 90
81
 70
1
 38
1.6
 10
-4.73446
 20
0.06826
 10
-4.73477
 20
0.06854
 10
-4.73557
 20
0.06764
 10
-4.73563
 20
0.06762
 10
-4.73703
 20
0.06702
 10
-4.75805
 20
0.06494
 10
-4.75805
 20
-0.2479
 10
-4.1735
 20
-0.2479
 10
-4.16402
 20
-0.2479
 10
-4.16402
 20
-0.26393
 10
-4.74856
 20
-0.26601
 10
-4.75867
 20
-0.26538
 10
-4.75808
 20
-0.26399
 10
-4.75805
 20
-0.26393
 10
-4.75805
 20
-0.24864
 10
-4.75805
 20
-0.2479
 10
-4.77803
 20
-0.2479
 10
-4.7799
 20
0.04965
 10
-4.77356
 20
0.06702
 10
-4.77512
 20
0.06702
 10
-4.77517
 20
0.06704
 10
-4.77636
 20
0.06764
 10
-4.77639
 20
0.0677
 10
-4.77699
 20
0.0691
 10
-4.77699
 20
0.09884
 10
-4.77699
 20
0.10011
 10
-4.77696
 20
0.10016
 10
-4.77636
 20
0.10136
 10
-4.77631
 20
0.10139
 10
-4.77512
 20
0.10198
 10
-4.73858
 20
0.10198
 10
-4.73703
 20
0.10198
 10
-4.73697
 20
0.10196
 10
-4.73557
 20
0.10136
 10
-4.73554
 20
0.10131
 10
-4.73548
 20
0.1012
 10
-4.73494
 20
0.10011
 10
-4.7345
 20
0.10095
 10
-4.73432
 20
0.10136
 10
-4.73343
 20
0.10181
 10
-4.73307
 20
0.10198
 10
-4.57842
 20
0.10198
 10
-4.18899
 20
0.10198
 10
-4.18795
 20
0.10154
 10
-4.18754
 20
0.10136
 10
-4.18709
 20
0.10032
 10
-4.18689
 20
0.10016
 10
-4.18691
 20
0.10011
 10
-4.18691
 20
0.0999
 10
-4.14851
 20
0.10198
 10
-4.14695
 20
0.10198
 10
-4.14689
 20
0.10196
 10
-4.14549
 20
0.10136
 10
-4.14548
 20
0.10131
 10
-4.14508
 20
0.10011
 10
-4.14508
 20
0.07037
 10
-4.14508
 20
0.0691
 10
-4.14509
 20
0.06904
 10
-4.14549
 20
0.06764
 10
-4.14487
 20
0.06702
 10
-4.14404
 20
0.06702
 10
-4.14397
 20
0.06699
 10
-4.14258
 20
0.06639
 10
-4.14255
 20
0.06632
 10
-4.14195
 20
0.06494
 10
-4.14404
 20
-0.2479
 10
-4.16402
 20
-0.2479
 10
-4.16402
 20
0.04965
 10
-4.16402
 20
0.06494
 10
-4.18348
 20
0.06702
 10
-4.18504
 20
0.06702
 10
-4.1851
 20
0.06704
 10
-4.1865
 20
0.06764
 10
-4.18651
 20
0.0677
 10
-4.18691
 20
0.06889
 10
-4.18736
 20
0.068
 10
-4.18754
 20
0.06764
 10
-4.18858
 20
0.06719
 10
-4.18899
 20
0.06702
 10
-4.34364
 20
0.06702
 10
-4.73494
 20
0.07037
  0
LWPOLYLINE
  5
BD
330
17
100
AcDbEntity
  8
BODRUM_MOBILYA
100
AcDbPolyline
 90
78
 70
1
 38
1.6
 10
-5.15934
 20
1.40848
 10
-5.15929
 20
1.4085
 10
-5.15809
 20
1.4091
 10
-5.12835
 20
1.4091
 10
-5.12708
 20
1.4091
 10
-5.12702
 20
1.40908
 10
-5.12562
 20
1.40848
 10
-5.1256
 20
1.40842
 10
-5.125
 20
1.40702
 10
-5.125
 20
1.37049
 10
-5.125
 20
1.36893
 10
-5.12502
 20
1.36887
 10
-5.12562
 20
1.36747
 10
-5.12568
 20
1.36746
 10
-5.12708
 20
1.36706
 10
-5.12604
 20
1.36661
 10
-5.12562
 20
1.36643
 10
-5.12517
 20
1.36539
 10
-5.125
 20
1.36498
 10
-5.125
 20
1.24334
 10
-5.125
 20
0.93704
 10
-5.12544
 20
0.936
 10
-5.12562
 20
0.93558
 10
-5.12666
 20
0.93514
 10
-5.12708
 20
0.93496
 10
-5.12702
 20
0.93493
 10
-5.12562
 20
0.93433
 10
-5.1256
 20
0.93428
 10
-5.125
 20
0.93309
 10
-5.125
 20
0.89655
 10
-5.125
 20
0.895
 10
-5.12502
 20
0.89494
 10
-5.12562
 20
0.89354
 10
-5.12568
 20
0.89351
 10
-5.12708
 20
0.89292
 10
-5.15683
 20
0.89292
 10
-5.15809
 20
0.89292
 10
-5.15814
 20
0.89294
 10
-5.15934
 20
0.89354
 10
-5.15937
 20
0.8936
 10
-5.15997
 20
0.895
 10
-5.15997
 20
0.89291
 10
-5.15997
 20
0.89208
 10
-5.15999
 20
0.89201
 10
-5.16059
 20
0.89063
 10
-5.16066
 20
0.8906
 10
-5.53
 20
0.89
 10
-5.53191
 20
0.89208
 10
-5.53191
 20
0.91206
 10
-5.17998
 20
0.91206
 10
-5.16205
 20
0.91206
 10
-5.15997
 20
0.93153
 10
-5.15997
 20
0.93309
 10
-5.15994
 20
0.93314
 10
-5.15934
 20
0.93433
 10
-5.15929
 20
0.93436
 10
-5.15925
 20
0.93438
 10
-5.15809
 20
0.93496
 10
-5.15899
 20
0.93541
 10
-5.15934
 20
0.93558
 10
-5.15979
 20
0.93663
 10
-5.15997
 20
0.93704
 10
-5.15997
 20
1.05868
 10
-5.15997
 20
1.36498
 10
-5.15952
 20
1.36602
 10
-5.15934
 20
1.36643
 10
-5.15845
 20
1.36688
 10
-5.15927
 20
1.36746
 10
-5.15934
 20
1.36747
 10
-5.15937
 20
1.36753
 10
-5.15997
 20
1.36893
 10
-5.16066
 20
1.39055
 10
-5.53
 20
1.38995
 10
-5.53191
 20
1.38995
 10
-5.53191
 20
1.40993
 10
-5.17998
 20
1.41202
 10
-5.15997
 20
1.40702
 10
-5.15994
 20
1.40708
  0
LWPOLYLINE
  5
BE
330
17
100
AcDbEntity
  8
BODRUM_MOBILYA
100
AcDbPolyline
 90
8
 70
1
 38
1.6
 10
-5.53191
 20
1.38995
 10
-5.53191
 20
0.91615
 10
-5.53191
 20
0.91206
 10
-5.54794
 20
0.91206
 10
-5.55002
 20
1.38587
 10
-5.54939
 20
1.39058
 10
-5.54801
 20
1.38998
 10
-5.54794
 20
1.38995
  0
LWPOLYLINE
  5
BF
330
17
100
AcDbEntity
  8
BODRUM_MOBILYA
100
AcDbPolyline
 90
83
 70
1
 38
1.6
 10
-5.15934
 20
1.46447
 10
-5.15929
 20
1.46449
 10
-5.15809
 20
1.46509
 10
-5.15899
 20
1.46539
 10
-5.15934
 20
1.46551
 10
-5.15979
 20
1.46655
 10
-5.15997
 20
1.46696
 10
-5.15997
 20
1.5886
 10
-5.15683
 20
1.89698
 10
-5.15809
 20
1.89698
 10
-5.15814
 20
1.89701
 10
-5.15845
 20
1.8968
 10
-5.15952
 20
1.89594
 10
-5.15934
 20
1.89636
 10
-5.15934
 20
1.89761
 10
-5.15937
 20
1.89766
 10
-5.15997
 20
1.89906
 10
-5.16205
 20
1.91988
 10
-5.53
 20
1.91988
 10
-5.53191
 20
1.91988
 10
-5.53191
 20
1.94007
 10
-5.17998
 20
1.94194
 10
-5.16205
 20
1.94194
 10
-5.16198
 20
1.94191
 10
-5.16059
 20
1.94131
 10
-5.16056
 20
1.94126
 10
-5.15997
 20
1.94007
 10
-5.15809
 20
1.93903
 10
-5.12835
 20
1.93903
 10
-5.12708
 20
1.93903
 10
-5.12702
 20
1.939
 10
-5.12562
 20
1.9384
 10
-5.1256
 20
1.93834
 10
-5.125
 20
1.93694
 10
-5.125
 20
1.90061
 10
-5.125
 20
1.89906
 10
-5.12502
 20
1.899
 10
-5.12562
 20
1.89761
 10
-5.12568
 20
1.89758
 10
-5.12708
 20
1.89698
 10
-5.12604
 20
1.89653
 10
-5.12562
 20
1.89636
 10
-5.12517
 20
1.89531
 10
-5.125
 20
1.8949
 10
-5.125
 20
1.77326
 10
-5.125
 20
1.46696
 10
-5.12544
 20
1.46592
 10
-5.12562
 20
1.46551
 10
-5.12666
 20
1.46521
 10
-5.12708
 20
1.46509
 10
-5.12702
 20
1.46507
 10
-5.12633
 20
1.46478
 10
-5.12562
 20
1.46447
 10
-5.1256
 20
1.46441
 10
-5.125
 20
1.46301
 10
-5.125
 20
1.42648
 10
-5.125
 20
1.42492
 10
-5.12502
 20
1.42487
 10
-5.12562
 20
1.42367
 10
-5.12568
 20
1.42365
 10
-5.12708
 20
1.42305
 10
-5.15683
 20
1.42305
 10
-5.15809
 20
1.42305
 10
-5.15814
 20
1.42307
 10
-5.16056
 20
1.42062
 10
-5.16059
 20
1.42055
 10
-5.16066
 20
1.42052
 10
-5.15999
 20
1.42194
 10
-5.15997
 20
1.42284
 10
-5.15934
 20
1.42367
 10
-5.15937
 20
1.42372
 10
-5.15997
 20
1.42492
 10
-5.53
 20
1.41992
 10
-5.5326
 20
1.42052
 10
-5.53254
 20
1.42055
 10
-5.53194
 20
1.42194
 10
-5.53191
 20
1.42201
 10
-5.53191
 20
1.44199
 10
-5.17998
 20
1.44199
 10
-5.16205
 20
1.44199
 10
-5.15997
 20
1.46145
 10
-5.15997
 20
1.46301
 10
-5.15994
 20
1.46307
  0
LWPOLYLINE
  5
C0
330
17
100
AcDbEntity
  8
BODRUM_MOBILYA
100
AcDbPolyline
 90
10
 70
1
 38
1.6
 10
-5.53191
 20
1.44199
 10
-5.54794
 20
1.44199
 10
-5.55002
 20
1.91599
 10
-5.55002
 20
1.92196
 10
-5.54942
 20
1.92057
 10
-5.54939
 20
1.9205
 10
-5.54801
 20
1.91991
 10
-5.54794
 20
1.91988
 10
-5.53191
 20
1.91988
 10
-5.53191
 20
1.44608
  0
LWPOLYLINE
  5
C1
330
17
100
AcDbEntity
  8
BODRUM_MOBILYA
100
AcDbPolyline
 90
18
 70
1
 38
1.6
 10
-5.16056
 20
1.96331
 10
-5.15997
 20
1.96192
 10
-5.15997
 20
1.95239
 10
-5.15997
 20
1.95193
 10
-5.15999
 20
1.95187
 10
-5.16059
 20
1.95068
 10
-5.16066
 20
1.95065
 10
-5.53
 20
1.95006
 10
-5.53072
 20
1.95065
 10
-5.53066
 20
1.95068
 10
-5.53007
 20
1.95187
 10
-5.53004
 20
1.95193
 10
-5.53004
 20
1.95658
 10
-5.53004
 20
1.964
 10
-5.17998
 20
1.964
 10
-5.16205
 20
1.964
 10
-5.16198
 20
1.96397
 10
-5.16059
 20
1.96338
  0
LWPOLYLINE
  5
C2
330
17
100
AcDbEntity
  8
BODRUM_MOBILYA
100
AcDbPolyline
 90
4
 70
1
 38
1.6
 10
-5.53004
 20
1.964
 10
-5.54794
 20
1.964
 10
-5.54794
 20
2.03997
 10
-5.53004
 20
2.03997
  0
LWPOLYLINE
  5
C3
330
17
100
AcDbEntity
  8
BODRUM_MOBILYA
100
AcDbPolyline
 90
12
 70
1
 38
1.6
 10
-5.18497
 20
1.99255
 10
-5.18286
 20
2.0139
 10
-5.18769
 20
2.01795
 10
-5.21421
 20
2.02305
 10
-5.21949
 20
2.02172
 10
-5.22101
 20
2.01649
 10
-5.22806
 20
2.00068
 10
-5.21863
 20
1.9835
 10
-5.2161
 20
1.98024
 10
-5.21079
 20
1.97858
 10
-5.19045
 20
1.98318
 10
-5.18688
 20
1.98696
  0
LWPOLYLINE
  5
C4
330
17
100
AcDbEntity
  8
BODRUM_MOBILYA
100
AcDbPolyline
 90
15
 70
1
 38
1.6
 10
-5.53004
 20
2.03997
 10
-5.53004
 20
2.05204
 10
-5.17998
 20
2.05392
 10
-5.16205
 20
2.05392
 10
-5.16198
 20
2.0539
 10
-5.16059
 20
2.0535
 10
-5.16056
 20
2.05343
 10
-5.15997
 20
2.05204
 10
-5.15997
 20
2.04252
 10
-5.15997
 20
2.04205
 10
-5.15999
 20
2.04199
 10
-5.16059
 20
2.0406
 10
-5.16066
 20
2.04057
 10
-5.16205
 20
2.03997
 10
-5.53
 20
2.03997
  0
LWPOLYLINE
  5
C5
330
17
100
AcDbEntity
  8
BODRUM_MOBILYA
100
AcDbPolyline
 90
4
 70
1
 38
1.6
 10
-5.12622
 20
2.10663
 10
-5.125
 20
2.10512
 10
-5.1256
 20
2.10632
 10
-5.12562
 20
2.10637
  0
LWPOLYLINE
  5
C6
330
17
100
AcDbEntity
  8
BODRUM_MOBILYA
100
AcDbPolyline
 90
6
 70
1
 38
1.6
 10
-5.53191
 20
2.56199
 10
-5.53191
 20
2.08799
 10
-5.53191
 20
2.0841
 10
-5.54794
 20
2.0841
 10
-5.55002
 20
2.55789
 10
-5.54794
 20
2.56199
  0
LWPOLYLINE
  5
C7
330
17
100
AcDbEntity
  8
BODRUM_MOBILYA
100
AcDbPolyline
 90
68
 70
1
 38
1.6
 10
-5.53191
 20
2.56199
 10
-5.53191
 20
2.58197
 10
-5.17998
 20
2.58405
 10
-5.16205
 20
2.58405
 10
-5.16198
 20
2.58402
 10
-5.16059
 20
2.58343
 10
-5.16056
 20
2.58336
 10
-5.15997
 20
2.58197
 10
-5.15997
 20
2.57905
 10
-5.15994
 20
2.57911
 10
-5.15934
 20
2.5803
 10
-5.15929
 20
2.58033
 10
-5.15809
 20
2.58093
 10
-5.12708
 20
2.58093
 10
-5.12702
 20
2.5809
 10
-5.12562
 20
2.5803
 10
-5.1256
 20
2.58025
 10
-5.125
 20
2.57905
 10
-5.125
 20
2.54096
 10
-5.12502
 20
2.54091
 10
-5.12562
 20
2.53951
 10
-5.12568
 20
2.53948
 10
-5.12684
 20
2.53898
 10
-5.12604
 20
2.53864
 10
-5.12562
 20
2.53847
 10
-5.12517
 20
2.53742
 10
-5.125
 20
2.53701
 10
-5.125
 20
2.10908
 10
-5.12544
 20
2.10803
 10
-5.12562
 20
2.10762
 10
-5.12666
 20
2.10717
 10
-5.12708
 20
2.10699
 10
-5.125
 20
2.06859
 10
-5.125
 20
2.06703
 10
-5.12502
 20
2.06697
 10
-5.12562
 20
2.06557
 10
-5.12568
 20
2.06555
 10
-5.12708
 20
2.06495
 10
-5.15809
 20
2.06495
 10
-5.15814
 20
2.06498
 10
-5.15934
 20
2.06557
 10
-5.15997
 20
2.06475
 10
-5.15997
 20
2.06391
 10
-5.15999
 20
2.06385
 10
-5.53
 20
2.06204
 10
-5.53191
 20
2.06391
 10
-5.53191
 20
2.0841
 10
-5.16205
 20
2.0841
 10
-5.15997
 20
2.10356
 10
-5.15997
 20
2.10512
 10
-5.15994
 20
2.10517
 10
-5.15934
 20
2.10637
 10
-5.15929
 20
2.10639
 10
-5.15809
 20
2.10699
 10
-5.15899
 20
2.10744
 10
-5.15934
 20
2.10762
 10
-5.15979
 20
2.10866
 10
-5.15997
 20
2.10908
 10
-5.15997
 20
2.53701
 10
-5.15952
 20
2.53805
 10
-5.15934
 20
2.53847
 10
-5.15845
 20
2.53891
 10
-5.15875
 20
2.53931
 10
-5.15934
 20
2.53951
 10
-5.15937
 20
2.53957
 10
-5.15997
 20
2.54096
 10
-5.16066
 20
2.56258
 10
-5.16205
 20
2.56199
  0
LWPOLYLINE
  5
C8
330
17
100
AcDbEntity
  8
BODRUM_MOBILYA
100
AcDbPolyline
 90
3
 70
1
 38
1.6
 10
-5.15809
 20
2.53909
 10
-5.15809
 20
2.53888
 10
-5.15683
 20
2.53888
  0
LWPOLYLINE
  5
C9
330
17
100
AcDbEntity
  8
BODRUM_MOBILYA
100
AcDbPolyline
 90
73
 70
1
 38
1.6
 10
-5.53191
 20
3.1121
 10
-5.53191
 20
3.09191
 10
-5.16205
 20
3.09191
 10
-5.16066
 20
3.09251
 10
-5.15997
 20
3.0711
 10
-5.15937
 20
3.0697
 10
-5.15934
 20
3.06964
 10
-5.15814
 20
3.06904
 10
-5.15809
 20
3.06902
 10
-5.15997
 20
2.76063
 10
-5.15997
 20
2.639
 10
-5.15979
 20
2.63858
 10
-5.15934
 20
2.63754
 10
-5.15899
 20
2.63736
 10
-5.15809
 20
2.63692
 10
-5.15929
 20
2.63652
 10
-5.15934
 20
2.6365
 10
-5.15994
 20
2.6351
 10
-5.15997
 20
2.63504
 10
-5.15997
 20
2.63349
 10
-5.16205
 20
2.61402
 10
-5.16059
 20
2.6134
 10
-5.16198
 20
2.61399
 10
-5.16205
 20
2.61402
 10
-5.53191
 20
2.61402
 10
-5.53191
 20
2.59404
 10
-5.53
 20
2.59196
 10
-5.16205
 20
2.59196
 10
-5.16066
 20
2.59255
 10
-5.16059
 20
2.59258
 10
-5.15999
 20
2.59397
 10
-5.15997
 20
2.59404
 10
-5.15997
 20
2.59487
 10
-5.15934
 20
2.5955
 10
-5.15814
 20
2.5949
 10
-5.15809
 20
2.59487
 10
-5.12708
 20
2.59487
 10
-5.12568
 20
2.59547
 10
-5.12562
 20
2.5955
 10
-5.12502
 20
2.59689
 10
-5.125
 20
2.59695
 10
-5.125
 20
2.63504
 10
-5.1256
 20
2.63644
 10
-5.12562
 20
2.6365
 10
-5.12702
 20
2.6369
 10
-5.12708
 20
2.63692
 10
-5.12666
 20
2.63709
 10
-5.12562
 20
2.63754
 10
-5.12544
 20
2.63796
 10
-5.125
 20
2.639
 10
-5.125
 20
3.06693
 10
-5.12517
 20
3.06735
 10
-5.12562
 20
3.06839
 10
-5.12604
 20
3.06857
 10
-5.12568
 20
3.06961
 10
-5.12562
 20
3.06964
 10
-5.12505
 20
3.07096
 10
-5.12502
 20
3.07104
 10
-5.125
 20
3.0711
 10
-5.125
 20
3.10898
 10
-5.1256
 20
3.11038
 10
-5.12562
 20
3.11044
 10
-5.12702
 20
3.11103
 10
-5.12708
 20
3.11106
 10
-5.15809
 20
3.11106
 10
-5.15929
 20
3.11046
 10
-5.15934
 20
3.11044
 10
-5.15997
 20
3.1121
 10
-5.16056
 20
3.11329
 10
-5.16059
 20
3.11335
 10
-5.16198
 20
3.11394
 10
-5.16205
 20
3.11397
 10
-5.17998
 20
3.11397
  0
LWPOLYLINE
  5
CA
330
17
100
AcDbEntity
  8
BODRUM_MOBILYA
100
AcDbPolyline
 90
8
 70
1
 38
1.6
 10
-5.53191
 20
3.09191
 10
-5.53191
 20
2.61812
 10
-5.53191
 20
2.61402
 10
-5.54794
 20
2.61402
 10
-5.55002
 20
3.08802
 10
-5.54939
 20
3.09254
 10
-5.54801
 20
3.09194
 10
-5.54794
 20
3.09191
  0
LWPOLYLINE
  5
CB
330
17
100
AcDbEntity
  8
BODRUM_MOBILYA
100
AcDbPolyline
 90
4
 70
1
 38
1.6
 10
-5.15952
 20
3.06798
 10
-5.15934
 20
3.06839
 10
-5.15845
 20
3.06884
 10
-5.15997
 20
3.06693
  0
LWPOLYLINE
  5
CC
330
17
100
AcDbEntity
  8
BODRUM_MOBILYA
100
AcDbPolyline
 90
8
 70
1
 38
1.6
 10
-4.11198
 20
-0.2479
 10
-3.52644
 20
-0.2479
 10
-3.51691
 20
-0.2479
 10
-3.51691
 20
-0.26393
 10
-3.51651
 20
-0.26531
 10
-4.10245
 20
-0.26601
 10
-4.11198
 20
-0.26393
 10
-4.11198
 20
-0.24864
  0
LWPOLYLINE
  5
CD
330
17
100
AcDbEntity
  8
BODRUM_MOBILYA
100
AcDbPolyline
 90
72
 70
1
 38
1.6
 10
-4.11198
 20
-0.2479
 10
-4.13196
 20
-0.2479
 10
-4.13335
 20
-0.24849
 10
-4.13404
 20
0.04965
 10
-4.13404
 20
0.06494
 10
-4.13402
 20
0.065
 10
-4.13342
 20
0.06639
 10
-4.13335
 20
0.06642
 10
-4.13196
 20
0.06702
 10
-4.12911
 20
0.06704
 10
-4.12905
 20
0.06702
 10
-4.12749
 20
0.06702
 10
-4.13051
 20
0.06764
 10
-4.13052
 20
0.0677
 10
-4.13092
 20
0.0691
 10
-4.13092
 20
0.09884
 10
-4.13092
 20
0.10011
 10
-4.13091
 20
0.10016
 10
-4.13051
 20
0.10136
 10
-4.13045
 20
0.10139
 10
-4.12905
 20
0.10198
 10
-4.09252
 20
0.10198
 10
-4.09096
 20
0.10198
 10
-4.0909
 20
0.10196
 10
-4.0895
 20
0.10136
 10
-4.08948
 20
0.10131
 10
-4.08894
 20
0.10024
 10
-4.08864
 20
0.10095
 10
-4.08846
 20
0.10136
 10
-4.08742
 20
0.10181
 10
-4.08701
 20
0.10198
 10
-3.93212
 20
0.10198
 10
-3.545
 20
0.10198
 10
-3.545
 20
0.36208
 10
-3.53854
 20
0.37748
 10
-3.53762
 20
0.37968
 10
-3.52222
 20
0.38604
 10
-3.52002
 20
0.38694
 10
-3.45
 20
0.38694
 10
-2.95996
 20
0.38694
 10
-2.94457
 20
0.38059
 10
-2.94237
 20
0.37968
 10
-2.93591
 20
0.36428
 10
-2.93499
 20
0.36208
 10
-2.93499
 20
0.29807
 10
-2.93499
 20
-0.14995
 10
-2.94144
 20
-0.16545
 10
-2.94237
 20
-0.16767
 10
-2.95776
 20
-0.17412
 10
-2.95996
 20
-0.17505
 10
-3.02998
 20
-0.17505
 10
-3.49765
 20
-0.17505
 10
-3.49693
 20
-0.2479
 10
-3.51691
 20
-0.2479
 10
-3.51691
 20
-0.17505
 10
-3.52002
 20
-0.17505
 10
-3.53542
 20
-0.16859
 10
-3.53762
 20
-0.16767
 10
-3.54408
 20
-0.15217
 10
-3.545
 20
-0.14995
 10
-3.545
 20
-0.08594
 10
-3.545
 20
0.06702
 10
-3.69698
 20
0.06702
 10
-4.08888
 20
0.07037
 10
-4.08888
 20
0.0691
 10
-4.0889
 20
0.06904
 10
-4.08909
 20
0.06889
 10
-4.08902
 20
0.06876
 10
-4.08891
 20
0.06854
 10
-4.08956
 20
0.06762
 10
-4.09096
 20
0.06702
 10
-4.11198
 20
0.06494
  0
LWPOLYLINE
  5
CE
330
17
100
AcDbEntity
  8
BODRUM_MOBILYA
100
AcDbPolyline
 90
4
 70
1
 38
1.6
 10
-4.18644
 20
0.10139
 10
-4.18504
 20
0.10198
 10
-4.1867
 20
0.10063
 10
-4.1865
 20
0.10136
  0
LWPOLYLINE
  5
CF
330
17
100
AcDbEntity
  8
BODRUM_MOBILYA
100
AcDbPolyline
 90
8
 70
1
 38
1.6
 10
-2.265
 20
0.253
 10
-2.11278
 20
0.253
 10
-1.77501
 20
0.253
 10
-1.77501
 20
0.24928
 10
-1.77501
 20
0.24103
 10
-1.92723
 20
0.24103
 10
-2.265
 20
0.24103
 10
-2.265
 20
0.24475
  0
LWPOLYLINE
  5
D0
330
17
100
AcDbEntity
  8
BODRUM_MOBILYA
100
AcDbPolyline
 90
48
 70
1
 38
1.6
 10
-3.5299
 20
0.41839
 10
-3.52908
 20
0.42009
 10
-3.52842
 20
0.42146
 10
-3.52704
 20
0.42284
 10
-3.52593
 20
0.42396
 10
-3.52423
 20
0.42477
 10
-3.52286
 20
0.42543
 10
-3.52097
 20
0.42575
 10
-3.51946
 20
0.426
 10
-3.26113
 20
0.426
 10
-2.94055
 20
0.426
 10
-2.93866
 20
0.42569
 10
-2.93714
 20
0.42543
 10
-2.93545
 20
0.42461
 10
-2.93408
 20
0.42396
 10
-2.93269
 20
0.42257
 10
-2.93158
 20
0.42146
 10
-2.93076
 20
0.41976
 10
-2.9301
 20
0.41839
 10
-2.92979
 20
0.41651
 10
-2.92954
 20
0.41499
 10
-2.92954
 20
0.4123
 10
-2.92954
 20
0.40897
 10
-2.92985
 20
0.40708
 10
-2.9301
 20
0.40556
 10
-2.93092
 20
0.40387
 10
-2.93158
 20
0.4025
 10
-2.93296
 20
0.40118
 10
-2.93408
 20
0.40011
 10
-2.93577
 20
0.39923
 10
-2.93714
 20
0.39852
 10
-2.93903
 20
0.39821
 10
-2.94055
 20
0.39796
 10
-3.19887
 20
0.39796
 10
-3.51946
 20
0.39796
 10
-3.52134
 20
0.39827
 10
-3.52286
 20
0.39852
 10
-3.52456
 20
0.39941
 10
-3.52593
 20
0.40011
 10
-3.52731
 20
0.40143
 10
-3.52842
 20
0.4025
 10
-3.52924
 20
0.4042
 10
-3.5299
 20
0.40556
 10
-3.53021
 20
0.40745
 10
-3.53047
 20
0.40897
 10
-3.53047
 20
0.41166
 10
-3.53047
 20
0.41499
 10
-3.53015
 20
0.41687
  0
LWPOLYLINE
  5
D1
330
17
100
AcDbEntity
  8
BODRUM_MOBILYA
100
AcDbPolyline
 90
21
 70
1
 38
1.6
 10
-2.62752
 20
0.77362
 10
-2.62646
 20
0.77555
 10
-2.62623
 20
0.77566
 10
-2.623
 20
0.7769
 10
-2.6208
 20
0.77639
 10
-2.62056
 20
0.77629
 10
-2.61852
 20
0.77404
 10
-2.61843
 20
0.77388
 10
-2.6184
 20
0.73036
 10
-2.6184
 20
0.72651
 10
-2.61947
 20
0.72455
 10
-2.61962
 20
0.72439
 10
-2.62281
 20
0.72304
 10
-2.62298
 20
0.723
 10
-2.62303
 20
0.72295
 10
-2.62327
 20
0.72305
 10
-2.62655
 20
0.72454
 10
-2.62662
 20
0.72468
 10
-2.62775
 20
0.72683
 10
-2.6276
 20
0.76965
 10
-2.62762
 20
0.77343
  0
LWPOLYLINE
  5
D2
330
17
100
AcDbEntity
  8
BODRUM_MOBILYA
100
AcDbPolyline
 90
56
 70
1
 38
1.6
 10
-0.823
 20
1.32442
 10
-0.823
 20
1.3126
 10
-0.82213
 20
1.3126
 10
-0.819
 20
1.3126
 10
-0.819
 20
1.32442
 10
-0.819
 20
1.36624
 10
-0.819
 20
1.39497
 10
-0.819
 20
1.41636
 10
-0.819
 20
1.43317
 10
-0.819
 20
1.44694
 10
-0.819
 20
1.45866
 10
-0.819
 20
1.46893
 10
-0.819
 20
1.47818
 10
-0.819
 20
1.48671
 10
-0.819
 20
1.49473
 10
-0.819
 20
1.50244
 10
-0.819
 20
1.51002
 10
-0.819
 20
1.51758
 10
-0.819
 20
1.5253
 10
-0.819
 20
1.53332
 10
-0.819
 20
1.54184
 10
-0.819
 20
1.55109
 10
-0.819
 20
1.56136
 10
-0.819
 20
1.57308
 10
-0.819
 20
1.58685
 10
-0.819
 20
1.60365
 10
-0.819
 20
1.62504
 10
-0.819
 20
1.6538
 10
-0.819
 20
1.69558
 10
-0.819
 20
1.7074
 10
-0.81987
 20
1.7074
 10
-0.823
 20
1.7074
 10
-0.823
 20
1.69558
 10
-0.823
 20
1.6538
 10
-0.823
 20
1.62504
 10
-0.823
 20
1.60365
 10
-0.823
 20
1.58685
 10
-0.823
 20
1.57308
 10
-0.823
 20
1.56136
 10
-0.823
 20
1.55109
 10
-0.823
 20
1.54184
 10
-0.823
 20
1.53332
 10
-0.823
 20
1.5253
 10
-0.823
 20
1.51758
 10
-0.823
 20
1.51002
 10
-0.823
 20
1.50244
 10
-0.823
 20
1.49473
 10
-0.823
 20
1.48671
 10
-0.823
 20
1.47818
 10
-0.823
 20
1.46893
 10
-0.823
 20
1.45866
 10
-0.823
 20
1.44694
 10
-0.823
 20
1.43317
 10
-0.823
 20
1.41636
 10
-0.823
 20
1.39497
 10
-0.823
 20
1.36624
  0
LWPOLYLINE
  5
D3
330
17
100
AcDbEntity
  8
BODRUM_MOBILYA
100
AcDbPolyline
 90
16
 70
1
 38
1.6
 10
7.24571
 20
5.19536
 10
7.24699
 20
5.19094
 10
7.24777
 20
4.60643
 10
7.24774
 20
4.54241
 10
7.24708
 20
4.54217
 10
7.24176
 20
4.54072
 10
6.83249
 20
4.54015
 10
6.77889
 20
4.54019
 10
6.7728
 20
4.54263
 10
6.77252
 20
4.54326
 10
6.7721
 20
5.1169
 10
6.77219
 20
5.18912
 10
6.77237
 20
5.18987
 10
6.77465
 20
5.19533
 10
7.19811
 20
5.19559
 10
7.24528
 20
5.19551
  0
LWPOLYLINE
  5
D4
330
17
100
AcDbEntity
  8
BODRUM_MOBILYA
100
AcDbPolyline
 90
12
 70
1
 38
1.6
 10
5.69726
 20
5.61691
 10
5.70259
 20
5.61434
 10
5.70309
 20
5.60833
 10
5.69938
 20
5.60431
 10
5.69672
 20
5.60218
 10
5.69188
 20
5.60194
 10
5.68985
 20
5.60301
 10
5.68909
 20
5.60339
 10
5.68702
 20
5.61073
 10
5.68935
 20
5.61573
 10
5.69028
 20
5.61762
 10
5.69608
 20
5.61643
  0
LWPOLYLINE
  5
D5
330
17
100
AcDbEntity
  8
BODRUM_MOBILYA
100
AcDbPolyline
 90
5
 70
1
 38
1.6
 10
7.22971
 20
5.62766
 10
7.22971
 20
5.62758
 10
7.22971
 20
5.62688
 10
7.22963
 20
5.6268
 10
7.22932
 20
5.62649
  0
LWPOLYLINE
  5
D6
330
17
100
AcDbEntity
  8
BODRUM_MOBILYA
100
AcDbPolyline
 90
4
 70
1
 38
1.6
 10
6.87458
 20
5.64327
 10
6.87458
 20
5.64309
 10
6.87458
 20
5.64171
 10
6.87401
 20
5.64356
  0
LWPOLYLINE
  5
D7
330
17
100
AcDbEntity
  8
BODRUM_MOBILYA
100
AcDbPolyline
 90
95
 70
1
 38
1.6
 10
6.87401
 20
5.64356
 10
6.87146
 20
5.64483
 10
6.86287
 20
5.64483
 10
6.86209
 20
5.64561
 10
6.86204
 20
5.64566
 10
6.86131
 20
5.64639
 10
6.86131
 20
6.15215
 10
6.85481
 20
6.15528
 10
6.85038
 20
6.15528
 10
6.85038
 20
6.15606
 10
6.8503
 20
6.15614
 10
6.8496
 20
6.15684
 10
6.8496
 20
6.15762
 10
6.8496
 20
6.18728
 10
6.84969
 20
6.18736
 10
6.85038
 20
6.18806
 10
6.85056
 20
6.18815
 10
6.85194
 20
6.18884
 10
6.86989
 20
6.18884
 10
6.86989
 20
6.19196
 10
6.87077
 20
6.19284
 10
6.87146
 20
6.19352
 10
6.87224
 20
6.19352
 10
6.87233
 20
6.19362
 10
6.87302
 20
6.1943
 10
7.22737
 20
6.1943
 10
7.22746
 20
6.19421
 10
7.22815
 20
6.19352
 10
7.22893
 20
6.19352
 10
7.22902
 20
6.19343
 10
7.22971
 20
6.19274
 10
7.22971
 20
6.17557
 10
7.22961
 20
6.17548
 10
7.22893
 20
6.17479
 10
7.22883
 20
6.17469
 10
7.22883
 20
6.17468
 10
7.22822
 20
6.17401
 10
7.22893
 20
6.17401
 10
7.229
 20
6.17393
 10
7.22971
 20
6.17323
 10
7.22971
 20
5.6824
 10
7.22737
 20
5.6261
 10
7.22815
 20
5.6261
 10
7.22824
 20
5.626
 10
7.22893
 20
5.62531
 10
7.22971
 20
5.62453
 10
7.22971
 20
5.60736
 10
7.22961
 20
5.60727
 10
7.22893
 20
5.60658
 10
7.22883
 20
5.60649
 10
7.22815
 20
5.6058
 10
6.87224
 20
5.6058
 10
6.87136
 20
5.60668
 10
6.87067
 20
5.60736
 10
6.87058
 20
5.60746
 10
6.86989
 20
5.60814
 10
6.86989
 20
5.61127
 10
6.85038
 20
5.61127
 10
6.85038
 20
5.61205
 10
6.8503
 20
5.61213
 10
6.8496
 20
5.63858
 10
6.8496
 20
5.64327
 10
6.84969
 20
5.64335
 10
6.85038
 20
5.64405
 10
6.85038
 20
5.64483
 10
6.87146
 20
5.64483
 10
6.87458
 20
5.6261
 10
6.87146
 20
5.62531
 10
6.87155
 20
5.62541
 10
6.87224
 20
5.6261
 10
6.87458
 20
5.6261
 10
7.18427
 20
5.6261
 10
7.2141
 20
5.62766
 10
7.2141
 20
6.17167
 10
6.91611
 20
6.17401
 10
6.87458
 20
6.17401
 10
6.87458
 20
6.15684
 10
6.87302
 20
6.15528
 10
6.87224
 20
6.15528
 10
6.87229
 20
6.15522
 10
6.87302
 20
6.1545
 10
6.8738
 20
6.1545
 10
6.87385
 20
6.15444
 10
6.87458
 20
6.15372
 10
6.87458
 20
6.15294
 10
6.87463
 20
6.15288
 10
6.87536
 20
6.15215
 10
6.87536
 20
5.64795
 10
6.8753
 20
5.6479
 10
6.87458
 20
5.64717
 10
6.87458
 20
5.64639
 10
6.87452
 20
5.64633
 10
6.8738
 20
5.64561
 10
6.87374
 20
5.64555
 10
6.87388
 20
5.64396
  0
LWPOLYLINE
  5
D8
330
17
100
AcDbEntity
  8
BODRUM_MOBILYA
100
AcDbPolyline
 90
5
 70
1
 38
1.6
 10
6.86989
 20
5.61127
 10
6.86989
 20
5.62126
 10
6.87458
 20
5.61674
 10
6.87458
 20
5.61283
 10
6.87302
 20
5.61127
  0
LWPOLYLINE
  5
D9
330
17
100
AcDbEntity
  8
BODRUM_MOBILYA
100
AcDbPolyline
 90
3
 70
1
 38
1.6
 10
6.86989
 20
6.17645
 10
6.86989
 20
6.17635
 10
6.87058
 20
6.17567
  0
LWPOLYLINE
  5
DA
330
17
100
AcDbEntity
  8
BODRUM_MOBILYA
100
AcDbPolyline
 90
39
 70
1
 38
1.6
 10
5.13342
 20
5.69832
 10
5.13642
 20
5.70247
 10
5.14004
 20
5.7051
 10
5.13736
 20
5.70576
 10
5.13122
 20
5.70889
 10
5.12989
 20
5.70963
 10
5.12634
 20
5.71597
 10
5.12569
 20
5.71725
 10
5.12567
 20
5.82359
 10
5.12576
 20
6.33264
 10
5.12883
 20
6.33849
 10
5.12957
 20
6.33982
 10
5.13597
 20
6.34366
 10
5.13725
 20
6.34431
 10
5.24531
 20
6.34433
 10
5.76259
 20
6.34425
 10
5.76866
 20
6.34118
 10
5.76975
 20
6.34051
 10
5.77341
 20
6.33426
 10
5.7743
 20
6.33294
 10
5.77432
 20
6.2265
 10
5.77424
 20
5.71719
 10
5.76996
 20
5.71086
 10
5.76919
 20
5.70955
 10
5.76396
 20
5.70632
 10
5.76269
 20
5.70568
 10
5.75989
 20
5.70513
 10
5.76395
 20
5.70219
 10
5.76615
 20
5.69865
 10
5.76621
 20
5.68672
 10
5.76615
 20
5.67936
 10
5.76529
 20
5.67695
 10
5.76261
 20
5.67529
 10
5.75844
 20
5.67251
 10
5.42955
 20
5.67247
 10
5.14022
 20
5.67285
 10
5.13608
 20
5.67583
 10
5.13382
 20
5.67935
 10
5.13336
 20
5.68947
  0
LWPOLYLINE
  5
DB
330
17
100
AcDbEntity
  8
BODRUM_MOBILYA
100
AcDbPolyline
 90
24
 70
1
 38
1.6
 10
2.89918
 20
7.13074
 10
2.90124
 20
7.13156
 10
2.90984
 20
7.135
 10
2.94195
 20
7.135
 10
2.94964
 20
7.135
 10
2.95171
 20
7.13418
 10
2.95999
 20
7.12967
 10
2.96098
 20
7.12754
 10
2.96528
 20
7.12007
 10
2.96528
 20
5.87774
 10
2.96528
 20
5.57993
 10
2.96432
 20
5.57786
 10
2.96031
 20
5.56926
 10
2.95824
 20
5.56844
 10
2.94964
 20
5.565
 10
2.91754
 20
5.565
 10
2.90984
 20
5.565
 10
2.90778
 20
5.56582
 10
2.89976
 20
5.57025
 10
2.89891
 20
5.57238
 10
2.89492
 20
5.57993
 10
2.89492
 20
6.82226
 10
2.89492
 20
7.12007
 10
2.89574
 20
7.12214
  0
LWPOLYLINE
  5
DC
330
17
100
AcDbEntity
  8
BODRUM_MOBILYA
100
AcDbPolyline
 90
14
 70
1
 38
1.6
 10
6.80166
 20
6.89665
 10
6.80476
 20
6.89392
 10
6.80932
 20
6.89028
 10
6.81443
 20
6.89124
 10
6.81939
 20
6.89215
 10
6.82261
 20
6.89701
 10
6.82448
 20
6.90212
 10
6.82212
 20
6.90858
 10
6.81957
 20
6.91242
 10
6.81565
 20
6.91314
 10
6.80919
 20
6.91435
 10
6.80491
 20
6.91053
 10
6.80004
 20
6.90516
 10
6.80072
 20
6.90109
  0
HATCH
  5
DE
330
17
100
AcDbEntity
  8
BODRUM_TOPRAK
 62
7
100
AcDbHatch
 10
0.0
 20
0.0
 30
1.6
210
0.0
220
0.0
230
1.0
  2
EARTH
 70
0
 71
0
 91
7
 92
3
 72
0
 73
1
 93
6
 10
-5.31094
 20
8.2504
 10
-5.22522
 20
8.2504
 10
-5.22522
 20
8.0773
 10
-5.03166
 20
8.0773
 10
-5.03166
 20
8.26198
 10
-5.31094
 20
8.26198
 97
0
 92
3
 72
0
 73
1
 93
22
 10
5.41511
 20
7.00202
 10
6.03998
 20
7.00202
 10
6.03905
 20
7.00202
 10
5.41838
 20
7.00202
 10
5.41793
 20
6.80238
 10
5.41793
 20
6.60229
 10
5.04032
 20
6.60207
 10
4.8683
 20
6.60207
 10
4.86806
 20
6.57803
 10
3.86829
 20
6.57803
 10
3.86829
 20
6.60207
 10
3.31843
 20
6.60207
 10
3.31837
 20
6.40235
 10
3.11892
 20
6.40235
 10
3.11892
 20
6.60221
 10
3.31798
 20
6.60229
 10
3.31798
 20
8.0773
 10
3.11779
 20
8.07753
 10
3.11779
 20
8.26198
 10
3.31969
 20
8.26198
 10
3.31969
 20
6.60616
 10
5.41511
 20
6.60616
 97
0
 92
3
 72
0
 73
1
 93
5
 10
-5.84797
 20
7.06673
 10
-5.73162
 20
7.06673
 10
-5.73162
 20
6.97727
 10
-5.832
 20
6.97727
 10
-5.832
 20
3.8525
 97
0
 92
3
 72
0
 73
1
 93
7
 10
-5.84797
 20
7.06673
 10
-5.85374
 20
7.06751
 10
-5.85505
 20
7.07093
 10
-5.85505
 20
7.11623
 10
-5.86
 20
7.11623
 10
-5.86
 20
3.8525
 10
-6.97191
 20
3.8525
 97
0
 92
3
 72
0
 73
1
 93
9
 10
-5.722
 20
3.43
 10
-5.63168
 20
3.43
 10
-5.63168
 20
3.32734
 10
-5.83006
 20
3.32734
 10
-5.83006
 20
3.5175
 10
-5.83006
 20
3.52731
 10
-5.73392
 20
3.52731
 10
-5.73033
 20
3.52697
 10
-5.722
 20
3.52697
 97
0
 92
3
 72
0
 73
1
 93
247
 10
-9.25698
 20
-5.0219
 10
-9.25696
 20
-5.02731
 10
-9.2567
 20
-5.13601
 10
-9.25627
 20
-5.30775
 10
-9.25597
 20
-5.42754
 10
-9.25578
 20
-5.50053
 10
-9.25564
 20
-5.56241
 10
-9.25548
 20
-5.63129
 10
-9.2553
 20
-5.70842
 10
-9.2551
 20
-5.79537
 10
-9.25456
 20
-6.03103
 10
-9.25447
 20
-6.07018
 10
-9.25422
 20
-6.18049
 10
-9.25412
 20
-6.22021
 10
-9.25388
 20
-6.32626
 10
-9.25379
 20
-6.3659
 10
-9.25363
 20
-6.43712
 10
-9.25348
 20
-6.50001
 10
-9.25331
 20
-6.57892
 10
-9.25325
 20
-6.60222
 10
-9.25286
 20
-6.74931
 10
-9.25255
 20
-6.81054
 10
-9.25214
 20
-6.893
 10
-9.25203
 20
-6.91641
 10
-9.25151
 20
-7.01996
 10
-9.2515
 20
-7.02229
 10
-9.25136
 20
-7.05137
 10
-9.24595
 20
-7.11202
 10
-9.23959
 20
-7.18332
 10
-9.23819
 20
-7.1991
 10
-9.23598
 20
-7.22384
 10
-9.22894
 20
-7.30275
 10
-9.21892
 20
-7.41521
 10
-9.21251
 20
-7.48723
 10
-9.21251
 20
-7.49329
 10
-9.21251
 20
-7.50365
 10
-9.2103
 20
-7.52859
 10
-9.20387
 20
-7.60122
 10
-9.20274
 20
-7.61494
 10
-9.20233
 20
-7.61996
 10
-9.20199
 20
-7.62416
 10
-9.19592
 20
-7.69831
 10
-9.19451
 20
-7.71555
 10
-9.19007
 20
-7.76974
 10
-9.18805
 20
-7.79441
 10
-9.17893
 20
-7.90586
 10
-9.17145
 20
-7.99725
 10
-9.17142
 20
-7.99766
 10
-9.17138
 20
-7.99809
 10
-9.17138
 20
-7.99822
 10
-9.1717
 20
-8.01573
 10
-9.17249
 20
-8.05987
 10
-9.17279
 20
-8.07668
 10
-9.17705
 20
-8.124
 10
-9.19426
 20
-8.31537
 10
-9.19492
 20
-8.32262
 10
-9.19538
 20
-8.32779
 10
-9.20752
 20
-8.46817
 10
-9.21488
 20
-8.55324
 10
-9.22602
 20
-8.68207
 10
-9.23218
 20
-8.75331
 10
-9.24709
 20
-8.92568
 10
-9.24925
 20
-8.95063
 10
-9.24978
 20
-8.95677
 10
-9.25136
 20
-8.97497
 10
-9.25189
 20
-9.07162
 10
-9.25202
 20
-9.09492
 10
-9.25238
 20
-9.16162
 10
-9.25378
 20
-9.2516
 10
-9.25393
 20
-9.25698
 10
-9.25405
 20
-9.26108
 10
-9.25511
 20
-9.29812
 10
-9.25534
 20
-9.30617
 10
-9.25553
 20
-9.31297
 10
-9.2557
 20
-9.31881
 10
-9.25585
 20
-9.32387
 10
-9.25597
 20
-9.3283
 10
-9.25609
 20
-9.3322
 10
-9.25713
 20
-9.36878
 10
-9.25945
 20
-9.45005
 10
-9.25978
 20
-9.46472
 10
-9.26047
 20
-9.48575
 10
-9.26127
 20
-9.5186
 10
-9.26155
 20
-9.52873
 10
-9.26214
 20
-9.54659
 10
-9.26305
 20
-9.55233
 10
-9.2647
 20
-9.5638
 10
-9.26518
 20
-9.56728
 10
-9.26555
 20
-9.56973
 10
-9.29575
 20
-9.59519
 10
-9.34653
 20
-9.63798
 10
-9.35111
 20
-9.64185
 10
-9.3928
 20
-9.67699
 10
-9.43071
 20
-9.70894
 10
-9.43871
 20
-9.71568
 10
-9.43871
 20
-10.05826
 10
4.86238
 20
-10.05826
 10
4.84946
 20
-10.05811
 10
4.79948
 20
-10.05753
 10
4.74953
 20
-10.05722
 10
4.69955
 20
-10.05693
 10
4.6496
 20
-10.05664
 10
4.59964
 20
-10.05634
 10
4.54967
 20
-10.05605
 10
4.52454
 20
-10.05605
 10
4.49971
 20
-10.05605
 10
4.47221
 20
-10.05605
 10
4.44472
 20
-10.05605
 10
4.41722
 20
-10.05605
 10
4.38972
 20
-10.05605
 10
4.36224
 20
-10.05574
 10
4.49971
 20
-10.05574
 10
5.29912
 20
-10.05574
 10
5.7343
 20
-10.05574
 10
5.74376
 20
-10.05574
 10
5.74849
 20
-10.05574
 10
6.55736
 20
-10.05574
 10
7.002
 20
-10.05574
 10
7.80614
 20
-10.05574
 10
8.25078
 20
-10.05574
 10
9.05965
 20
-10.05574
 10
9.49956
 20
-10.05574
 10
10.29897
 20
-10.05574
 10
10.51656
 20
-10.05574
 10
10.51656
 20
-10.05722
 10
10.51656
 20
-10.05826
 10
10.91842
 20
-10.05826
 10
10.91842
 20
4.82049
 10
10.68684
 20
4.86089
 10
10.51656
 20
4.92323
 10
10.51656
 20
4.72148
 10
10.51656
 20
4.49916
 10
10.51656
 20
3.4727
 10
10.51656
 20
3.25038
 10
10.51656
 20
2.64018
 10
10.51656
 20
2.51247
 10
10.51656
 20
2.13901
 10
8.8421
 20
2.13901
 10
8.8421
 20
8.2504
 10
8.84
 20
8.2504
 10
8.84
 20
5.22327
 10
7.52537
 20
5.22327
 10
7.52537
 20
7.00202
 10
6.08549
 20
7.00202
 10
6.0855
 20
7.00202
 10
6.0855
 20
6.94262
 10
6.13591
 20
6.94262
 10
6.80862
 20
6.94262
 10
6.86832
 20
6.94262
 10
6.86832
 20
7.00202
 10
7.31846
 20
7.00202
 10
7.31846
 20
6.80268
 10
7.31898
 20
6.80268
 10
7.31898
 20
6.80238
 10
7.51811
 20
6.80238
 10
7.51811
 20
4.19791
 10
7.51959
 20
4.19791
 10
7.51959
 20
5.22327
 10
8.83422
 20
5.22327
 10
8.83422
 20
0.67303
 10
8.8342
 20
0.67303
 10
8.8342
 20
0.7204
 10
8.8342
 20
1.023
 10
8.8342
 20
1.182
 10
8.8342
 20
1.3731
 10
8.8342
 20
1.6436
 10
8.8342
 20
1.7231
 10
7.8182
 20
1.7231
 10
7.5196
 20
1.7231
 10
7.5196
 20
1.4526
 10
7.5196
 20
1.3731
 10
7.5196
 20
1.2141
 10
7.5196
 20
1.023
 10
7.5196
 20
0.9757
 10
7.5196
 20
0.67303
 10
7.51959
 20
0.67303
 10
7.51959
 20
3.49788
 10
7.51811
 20
3.49788
 10
7.51811
 20
-1.19774
 10
7.31846
 20
-1.19774
 10
7.31846
 20
-1.39801
 10
4.31844
 20
-1.39801
 10
4.31844
 20
-1.19774
 10
4.1179
 20
-1.19774
 10
4.1179
 20
0.72738
 10
4.31805
 20
0.72738
 10
4.31806
 20
0.92725
 10
4.11849
 20
0.92725
 10
4.11849
 20
0.92696
 10
4.11821
 20
0.92725
 10
2.09588
 20
0.92696
 10
0.86839
 20
0.92696
 10
0.86799
 20
0.92736
 10
0.71337
 20
0.92736
 10
-0.15723
 20
0.92736
 10
-0.36334
 20
0.92696
 10
-1.00066
 20
0.92696
 10
-1.00066
 20
-0.29835
 10
-1.18057
 20
-0.29835
 10
-1.18057
 20
-0.32234
 10
-1.18162
 20
-0.32234
 10
-1.18162
 20
-0.52291
 10
-5.03166
 20
-0.52291
 10
-5.03166
 20
-0.32272
 10
-5.19756
 20
-0.32272
 10
-5.19756
 20
0.52962
 10
-5.50768
 20
0.52962
 10
-5.63168
 20
0.52962
 10
-5.63168
 20
0.72738
 10
-5.83006
 20
0.72738
 10
-5.83006
 20
0.62642
 10
-5.83006
 20
0.61142
 10
-5.83006
 20
0.52962
 10
-5.83318
 20
0.52962
 10
-5.83318
 20
0.3064
 10
-5.9218
 20
0.3064
 10
-6.9686
 20
0.3064
 10
-6.9686
 20
0.7863
 10
-6.9686
 20
1.2858
 10
-6.969
 20
1.2875
 10
-6.9719
 20
1.2978
 10
-6.9731
 20
1.2985
 10
-6.98
 20
1.3028
 10
-7.1174
 20
1.3028
 10
-7.14
 20
1.3028
 10
-7.1411
 20
1.3021
 10
-7.14168
 20
1.30175
 10
-7.14168
 20
1.30922
 10
-7.99785
 20
1.30922
 10
-8.24382
 20
1.30922
 10
-9.0385
 20
1.30922
 10
-9.0385
 20
1.20988
 10
-9.0385
 20
0.99702
 10
-9.0385
 20
-0.04362
 10
-9.0385
 20
-0.25175
 10
-9.0385
 20
-0.77873
 10
-9.1218
 20
-1.04772
 10
-9.146
 20
-1.11878
 10
-9.25136
 20
-1.45402
 10
-9.25324
 20
-1.58345
 10
-9.25557
 20
-1.74947
 10
-9.2576
 20
-2.16271
 10
-9.25888
 20
-2.48738
 10
-9.25844
 20
-2.74327
 10
-9.25751
 20
-2.99825
 10
-9.25844
 20
-3.62586
 10
-9.25844
 20
-4.25175
 97
0
 92
3
 72
0
 73
1
 93
9
 10
-9.25698
 20
-5.0219
 10
-9.25703
 20
-5.00205
 10
-9.25715
 20
-4.93338
 10
-9.25721
 20
-4.90352
 10
-9.25777
 20
-4.60928
 10
-9.2578
 20
-4.5928
 10
-9.25785
 20
-4.56395
 10
-9.25844
 20
-4.25279
 10
-9.25844
 20
-4.25222
 97
0
 75
1
 76
1
 52
0.0
 41
0.05
 77
0
 78
6
 53
0.0
 43
0.0
 44
0.0
 45
0.3175
 46
0.3175
 79
2
 49
0.3175
 49
-0.3175
 53
0.0
 43
0.0
 44
0.1190625
 45
0.3175
 46
0.3175
 79
2
 49
0.3175
 49
-0.3175
 53
0.0
 43
0.0
 44
0.238125
 45
0.3175
 46
0.3175
 79
2
 49
0.3175
 49
-0.3175
 53
90.0
 43
0.0396875
 44
0.2778125
 45
-0.3175
 46
0.3175
 79
2
 49
0.3175
 49
-0.3175
 53
90.0
 43
0.15875
 44
0.2778125
 45
-0.3175
 46
0.3175
 79
2
 49
0.3175
 49
-0.3175
 53
90.0
 43
0.2778125
 44
0.2778125
 45
-0.3175
 46
0.3175
 79
2
 49
0.3175
 49
-0.3175
 98
0
  0
LWPOLYLINE
  5
DF
330
17
100
AcDbEntity
  8
BODRUM_TOPRAK
100
AcDbPolyline
 90
6
 70
1
 38
1.6
 10
-5.31094
 20
8.2504
 10
-5.22522
 20
8.2504
 10
-5.22522
 20
8.0773
 10
-5.03166
 20
8.0773
 10
-5.03166
 20
8.26198
 10
-5.31094
 20
8.26198
  0
LWPOLYLINE
  5
E0
330
17
100
AcDbEntity
  8
BODRUM_TOPRAK
100
AcDbPolyline
 90
22
 70
1
 38
1.6
 10
5.41511
 20
7.00202
 10
6.03998
 20
7.00202
 10
6.03905
 20
7.00202
 10
5.41838
 20
7.00202
 10
5.41793
 20
6.80238
 10
5.41793
 20
6.60229
 10
5.04032
 20
6.60207
 10
4.8683
 20
6.60207
 10
4.86806
 20
6.57803
 10
3.86829
 20
6.57803
 10
3.86829
 20
6.60207
 10
3.31843
 20
6.60207
 10
3.31837
 20
6.40235
 10
3.11892
 20
6.40235
 10
3.11892
 20
6.60221
 10
3.31798
 20
6.60229
 10
3.31798
 20
8.0773
 10
3.11779
 20
8.07753
 10
3.11779
 20
8.26198
 10
3.31969
 20
8.26198
 10
3.31969
 20
6.60616
 10
5.41511
 20
6.60616
  0
LWPOLYLINE
  5
E1
330
17
100
AcDbEntity
  8
BODRUM_TOPRAK
100
AcDbPolyline
 90
5
 70
1
 38
1.6
 10
-5.84797
 20
7.06673
 10
-5.73162
 20
7.06673
 10
-5.73162
 20
6.97727
 10
-5.832
 20
6.97727
 10
-5.832
 20
3.8525
  0
LWPOLYLINE
  5
E2
330
17
100
AcDbEntity
  8
BODRUM_TOPRAK
100
AcDbPolyline
 90
7
 70
1
 38
1.6
 10
-5.84797
 20
7.06673
 10
-5.85374
 20
7.06751
 10
-5.85505
 20
7.07093
 10
-5.85505
 20
7.11623
 10
-5.86
 20
7.11623
 10
-5.86
 20
3.8525
 10
-6.97191
 20
3.8525
  0
LWPOLYLINE
  5
E3
330
17
100
AcDbEntity
  8
BODRUM_TOPRAK
100
AcDbPolyline
 90
9
 70
1
 38
1.6
 10
-5.722
 20
3.43
 10
-5.63168
 20
3.43
 10
-5.63168
 20
3.32734
 10
-5.83006
 20
3.32734
 10
-5.83006
 20
3.5175
 10
-5.83006
 20
3.52731
 10
-5.73392
 20
3.52731
 10
-5.73033
 20
3.52697
 10
-5.722
 20
3.52697
  0
LWPOLYLINE
  5
E4
330
17
100
AcDbEntity
  8
BODRUM_TOPRAK
100
AcDbPolyline
 90
247
 70
1
 38
1.6
 10
-9.25698
 20
-5.0219
 10
-9.25696
 20
-5.02731
 10
-9.2567
 20
-5.13601
 10
-9.25627
 20
-5.30775
 10
-9.25597
 20
-5.42754
 10
-9.25578
 20
-5.50053
 10
-9.25564
 20
-5.56241
 10
-9.25548
 20
-5.63129
 10
-9.2553
 20
-5.70842
 10
-9.2551
 20
-5.79537
 10
-9.25456
 20
-6.03103
 10
-9.25447
 20
-6.07018
 10
-9.25422
 20
-6.18049
 10
-9.25412
 20
-6.22021
 10
-9.25388
 20
-6.32626
 10
-9.25379
 20
-6.3659
 10
-9.25363
 20
-6.43712
 10
-9.25348
 20
-6.50001
 10
-9.25331
 20
-6.57892
 10
-9.25325
 20
-6.60222
 10
-9.25286
 20
-6.74931
 10
-9.25255
 20
-6.81054
 10
-9.25214
 20
-6.893
 10
-9.25203
 20
-6.91641
 10
-9.25151
 20
-7.01996
 10
-9.2515
 20
-7.02229
 10
-9.25136
 20
-7.05137
 10
-9.24595
 20
-7.11202
 10
-9.23959
 20
-7.18332
 10
-9.23819
 20
-7.1991
 10
-9.23598
 20
-7.22384
 10
-9.22894
 20
-7.30275
 10
-9.21892
 20
-7.41521
 10
-9.21251
 20
-7.48723
 10
-9.21251
 20
-7.49329
 10
-9.21251
 20
-7.50365
 10
-9.2103
 20
-7.52859
 10
-9.20387
 20
-7.60122
 10
-9.20274
 20
-7.61494
 10
-9.20233
 20
-7.61996
 10
-9.20199
 20
-7.62416
 10
-9.19592
 20
-7.69831
 10
-9.19451
 20
-7.71555
 10
-9.19007
 20
-7.76974
 10
-9.18805
 20
-7.79441
 10
-9.17893
 20
-7.90586
 10
-9.17145
 20
-7.99725
 10
-9.17142
 20
-7.99766
 10
-9.17138
 20
-7.99809
 10
-9.17138
 20
-7.99822
 10
-9.1717
 20
-8.01573
 10
-9.17249
 20
-8.05987
 10
-9.17279
 20
-8.07668
 10
-9.17705
 20
-8.124
 10
-9.19426
 20
-8.31537
 10
-9.19492
 20
-8.32262
 10
-9.19538
 20
-8.32779
 10
-9.20752
 20
-8.46817
 10
-9.21488
 20
-8.55324
 10
-9.22602
 20
-8.68207
 10
-9.23218
 20
-8.75331
 10
-9.24709
 20
-8.92568
 10
-9.24925
 20
-8.95063
 10
-9.24978
 20
-8.95677
 10
-9.25136
 20
-8.97497
 10
-9.25189
 20
-9.07162
 10
-9.25202
 20
-9.09492
 10
-9.25238
 20
-9.16162
 10
-9.25378
 20
-9.2516
 10
-9.25393
 20
-9.25698
 10
-9.25405
 20
-9.26108
 10
-9.25511
 20
-9.29812
 10
-9.25534
 20
-9.30617
 10
-9.25553
 20
-9.31297
 10
-9.2557
 20
-9.31881
 10
-9.25585
 20
-9.32387
 10
-9.25597
 20
-9.3283
 10
-9.25609
 20
-9.3322
 10
-9.25713
 20
-9.36878
 10
-9.25945
 20
-9.45005
 10
-9.25978
 20
-9.46472
 10
-9.26047
 20
-9.48575
 10
-9.26127
 20
-9.5186
 10
-9.26155
 20
-9.52873
 10
-9.26214
 20
-9.54659
 10
-9.26305
 20
-9.55233
 10
-9.2647
 20
-9.5638
 10
-9.26518
 20
-9.56728
 10
-9.26555
 20
-9.56973
 10
-9.29575
 20
-9.59519
 10
-9.34653
 20
-9.63798
 10
-9.35111
 20
-9.64185
 10
-9.3928
 20
-9.67699
 10
-9.43071
 20
-9.70894
 10
-9.43871
 20
-9.71568
 10
-9.43871
 20
-10.05826
 10
4.86238
 20
-10.05826
 10
4.84946
 20
-10.05811
 10
4.79948
 20
-10.05753
 10
4.74953
 20
-10.05722
 10
4.69955
 20
-10.05693
 10
4.6496
 20
-10.05664
 10
4.59964
 20
-10.05634
 10
4.54967
 20
-10.05605
 10
4.52454
 20
-10.05605
 10
4.49971
 20
-10.05605
 10
4.47221
 20
-10.05605
 10
4.44472
 20
-10.05605
 10
4.41722
 20
-10.05605
 10
4.38972
 20
-10.05605
 10
4.36224
 20
-10.05574
 10
4.49971
 20
-10.05574
 10
5.29912
 20
-10.05574
 10
5.7343
 20
-10.05574
 10
5.74376
 20
-10.05574
 10
5.74849
 20
-10.05574
 10
6.55736
 20
-10.05574
 10
7.002
 20
-10.05574
 10
7.80614
 20
-10.05574
 10
8.25078
 20
-10.05574
 10
9.05965
 20
-10.05574
 10
9.49956
 20
-10.05574
 10
10.29897
 20
-10.05574
 10
10.51656
 20
-10.05574
 10
10.51656
 20
-10.05722
 10
10.51656
 20
-10.05826
 10
10.91842
 20
-10.05826
 10
10.91842
 20
4.82049
 10
10.68684
 20
4.86089
 10
10.51656
 20
4.92323
 10
10.51656
 20
4.72148
 10
10.51656
 20
4.49916
 10
10.51656
 20
3.4727
 10
10.51656
 20
3.25038
 10
10.51656
 20
2.64018
 10
10.51656
 20
2.51247
 10
10.51656
 20
2.13901
 10
8.8421
 20
2.13901
 10
8.8421
 20
8.2504
 10
8.84
 20
8.2504
 10
8.84
 20
5.22327
 10
7.52537
 20
5.22327
 10
7.52537
 20
7.00202
 10
6.08549
 20
7.00202
 10
6.0855
 20
7.00202
 10
6.0855
 20
6.94262
 10
6.13591
 20
6.94262
 10
6.80862
 20
6.94262
 10
6.86832
 20
6.94262
 10
6.86832
 20
7.00202
 10
7.31846
 20
7.00202
 10
7.31846
 20
6.80268
 10
7.31898
 20
6.80268
 10
7.31898
 20
6.80238
 10
7.51811
 20
6.80238
 10
7.51811
 20
4.19791
 10
7.51959
 20
4.19791
 10
7.51959
 20
5.22327
 10
8.83422
 20
5.22327
 10
8.83422
 20
0.67303
 10
8.8342
 20
0.67303
 10
8.8342
 20
0.7204
 10
8.8342
 20
1.023
 10
8.8342
 20
1.182
 10
8.8342
 20
1.3731
 10
8.8342
 20
1.6436
 10
8.8342
 20
1.7231
 10
7.8182
 20
1.7231
 10
7.5196
 20
1.7231
 10
7.5196
 20
1.4526
 10
7.5196
 20
1.3731
 10
7.5196
 20
1.2141
 10
7.5196
 20
1.023
 10
7.5196
 20
0.9757
 10
7.5196
 20
0.67303
 10
7.51959
 20
0.67303
 10
7.51959
 20
3.49788
 10
7.51811
 20
3.49788
 10
7.51811
 20
-1.19774
 10
7.31846
 20
-1.19774
 10
7.31846
 20
-1.39801
 10
4.31844
 20
-1.39801
 10
4.31844
 20
-1.19774
 10
4.1179
 20
-1.19774
 10
4.1179
 20
0.72738
 10
4.31805
 20
0.72738
 10
4.31806
 20
0.92725
 10
4.11849
 20
0.92725
 10
4.11849
 20
0.92696
 10
4.11821
 20
0.92725
 10
2.09588
 20
0.92696
 10
0.86839
 20
0.92696
 10
0.86799
 20
0.92736
 10
0.71337
 20
0.92736
 10
-0.15723
 20
0.92736
 10
-0.36334
 20
0.92696
 10
-1.00066
 20
0.92696
 10
-1.00066
 20
-0.29835
 10
-1.18057
 20
-0.29835
 10
-1.18057
 20
-0.32234
 10
-1.18162
 20
-0.32234
 10
-1.18162
 20
-0.52291
 10
-5.03166
 20
-0.52291
 10
-5.03166
 20
-0.32272
 10
-5.19756
 20
-0.32272
 10
-5.19756
 20
0.52962
 10
-5.50768
 20
0.52962
 10
-5.63168
 20
0.52962
 10
-5.63168
 20
0.72738
 10
-5.83006
 20
0.72738
 10
-5.83006
 20
0.62642
 10
-5.83006
 20
0.61142
 10
-5.83006
 20
0.52962
 10
-5.83318
 20
0.52962
 10
-5.83318
 20
0.3064
 10
-5.9218
 20
0.3064
 10
-6.9686
 20
0.3064
 10
-6.9686
 20
0.7863
 10
-6.9686
 20
1.2858
 10
-6.969
 20
1.2875
 10
-6.9719
 20
1.2978
 10
-6.9731
 20
1.2985
 10
-6.98
 20
1.3028
 10
-7.1174
 20
1.3028
 10
-7.14
 20
1.3028
 10
-7.1411
 20
1.3021
 10
-7.14168
 20
1.30175
 10
-7.14168
 20
1.30922
 10
-7.99785
 20
1.30922
 10
-8.24382
 20
1.30922
 10
-9.0385
 20
1.30922
 10
-9.0385
 20
1.20988
 10
-9.0385
 20
0.99702
 10
-9.0385
 20
-0.04362
 10
-9.0385
 20
-0.25175
 10
-9.0385
 20
-0.77873
 10
-9.1218
 20
-1.04772
 10
-9.146
 20
-1.11878
 10
-9.25136
 20
-1.45402
 10
-9.25324
 20
-1.58345
 10
-9.25557
 20
-1.74947
 10
-9.2576
 20
-2.16271
 10
-9.25888
 20
-2.48738
 10
-9.25844
 20
-2.74327
 10
-9.25751
 20
-2.99825
 10
-9.25844
 20
-3.62586
 10
-9.25844
 20
-4.25175
  0
LWPOLYLINE
  5
E5
330
17
100
AcDbEntity
  8
BODRUM_TOPRAK
100
AcDbPolyline
 90
9
 70
1
 38
1.6
 10
-9.25698
 20
-5.0219
 10
-9.25703
 20
-5.00205
 10
-9.25715
 20
-4.93338
 10
-9.25721
 20
-4.90352
 10
-9.25777
 20
-4.60928
 10
-9.2578
 20
-4.5928
 10
-9.25785
 20
-4.56395
 10
-9.25844
 20
-4.25279
 10
-9.25844
 20
-4.25222
  0
TEXT
  5
E7
330
17
100
AcDbEntity
  8
BODRUM_NOT
100
AcDbText
 10
-12.0
 20
14.0
 30
1.6
 40
0.35
  1
BODRUM - kesit kotu 1.6000 m
100
AcDbText
  0
HATCH
  5
E9
330
17
100
AcDbEntity
  8
GIRIS_DUVAR
 62
7
100
AcDbHatch
 10
0.0
 20
0.0
 30
4.6996
210
0.0
220
0.0
230
1.0
  2
ANSI31
 70
0
 71
0
 91
187
 92
3
 72
0
 73
1
 93
4
 10
7.3185
 20
-1.26557
 10
7.3185
 20
-1.389
 10
7.5091
 20
-1.389
 10
7.5091
 20
-1.26557
 97
0
 92
3
 72
0
 73
1
 93
171
 10
7.2
 20
-1.159
 10
7.2
 20
-1.207
 10
7.20007
 20
-1.39801
 10
7.2001
 20
-1.407
 10
7.5183
 20
-1.407
 10
7.5183
 20
-1.3978
 10
7.5271
 20
-1.3978
 10
7.5271
 20
7.0023
 10
7.5183
 20
7.0023
 10
7.5183
 20
7.011
 10
5.4184
 20
7.011
 10
5.4184
 20
7.0023
 10
5.4089
 20
7.0023
 10
5.4089
 20
6.6111
 10
4.90887
 20
6.6111
 10
4.90887
 20
6.66245
 10
4.21913
 20
6.66245
 10
4.21913
 20
6.6111
 10
3.327
 20
6.6111
 10
3.327
 20
8.2773
 10
3.3184
 20
8.2773
 10
3.3184
 20
8.2861
 10
2.36919
 20
8.2861
 10
2.36919
 20
8.36358
 10
2.38382
 20
8.37022
 10
2.38347
 20
8.3711
 10
2.74636
 20
8.53983
 10
2.76505
 20
8.54853
 10
2.83752
 20
8.58223
 10
2.8364
 20
8.58463
 10
2.83308
 20
8.59168
 10
2.76095
 20
8.55793
 10
2.74201
 20
8.54907
 10
2.37958
 20
8.38165
 10
2.37899
 20
8.37923
 10
2.28956
 20
8.33739
 10
2.28889
 20
8.33739
 10
2.28889
 20
8.30753
 10
2.28805
 20
8.27768
 10
2.23845
 20
8.27768
 10
2.23845
 20
8.24301
 10
2.18983
 20
8.24301
 10
2.18983
 20
8.19213
 10
2.2333
 20
8.19213
 10
2.2333
 20
8.183
 10
2.23841
 20
8.183
 10
2.23845
 20
8.16099
 10
2.23845
 20
8.15723
 10
2.279
 20
8.15723
 10
2.279
 20
8.04796
 10
2.23435
 20
8.04796
 10
2.22975
 20
8.0452
 10
2.22919
 20
8.04492
 10
2.22905
 20
8.04478
 10
2.22799
 20
8.04266
 10
2.22619
 20
8.03907
 10
2.22587
 20
8.03842
 10
2.22587
 20
7.98223
 10
2.22635
 20
7.98127
 10
2.22905
 20
7.97587
 10
2.23001
 20
7.97539
 10
2.23541
 20
7.97269
 10
2.29265
 20
7.97269
 10
2.29362
 20
7.97318
 10
2.29901
 20
7.97587
 10
2.29933
 20
7.97684
 10
2.30113
 20
7.98223
 10
2.30113
 20
8.0379
 10
3.0789
 20
8.0379
 10
3.0789
 20
3.3659
 10
0.7883
 20
3.3659
 10
0.7883
 20
3.3573
 10
0.7789
 20
3.3573
 10
0.7789
 20
3.0973
 10
0.7883
 20
3.0973
 10
0.7883
 20
3.088
 10
4.079
 20
3.088
 10
4.079
 20
0.9659
 10
3.15782
 20
0.9659
 10
3.15782
 20
1.42904
 10
3.15838
 20
1.92905
 10
3.15782
 20
1.92905
 10
3.15782
 20
1.92962
 10
3.01309
 20
1.92962
 10
3.01309
 20
0.9659
 10
2.9384
 20
0.9659
 10
2.9384
 20
0.9573
 10
2.929
 20
0.9573
 10
2.929
 20
0.65263
 10
2.91913
 20
0.65263
 10
2.91913
 20
0.57782
 10
2.929
 20
0.57782
 10
2.929
 20
0.5773
 10
2.9384
 20
0.5773
 10
2.9384
 20
0.5679
 10
2.93931
 20
0.5679
 10
2.93931
 20
0.55765
 10
3.00402
 20
0.55765
 10
3.00402
 20
0.5773
 10
3.06835
 20
0.5773
 10
3.0684
 20
0.5679
 10
3.06958
 20
0.5679
 10
3.06958
 20
0.55765
 10
3.07193
 20
0.55597
 10
3.8924
 20
0.55597
 10
3.8924
 20
0.59799
 10
3.1069
 20
0.59799
 10
3.1069
 20
0.6881
 10
4.079
 20
0.6881
 10
4.079
 20
0.5474
 10
4.0884
 20
0.5474
 10
4.0884
 20
0.538
 10
4.3485
 20
0.538
 10
4.3485
 20
0.5474
 10
4.3571
 20
0.5474
 10
4.3571
 20
3.3573
 10
4.3485
 20
3.3573
 10
4.3485
 20
3.3659
 10
3.357
 20
3.3659
 10
3.357
 20
4.763
 10
4.34206
 20
4.763
 10
4.34206
 20
4.75245
 10
4.41686
 20
4.75245
 10
4.41686
 20
4.763
 10
4.42492
 20
4.763
 10
4.42501
 20
4.77262
 10
4.43703
 20
4.77262
 10
4.43703
 20
4.85247
 10
4.44039
 20
4.85247
 10
4.44039
 20
5.74505
 10
4.39837
 20
5.74505
 10
4.39837
 20
4.95249
 10
4.34206
 20
4.95249
 10
4.34206
 20
4.9409
 10
4.107
 20
4.9409
 10
4.107
 20
6.363
 10
4.2184
 20
6.363
 10
4.2184
 20
6.3724
 10
4.227
 20
6.3724
 10
4.227
 20
6.38421
 10
4.22712
 20
6.48229
 10
4.8989
 20
6.48229
 10
4.8989
 20
6.4022
 10
4.899
 20
6.3724
 10
4.9084
 20
6.3724
 10
4.9084
 20
6.363
 10
5.64899
 20
6.363
 10
5.64964
 20
6.3724
 10
5.657
 20
6.3724
 10
5.657
 20
6.763
 10
7.279
 20
6.763
 10
7.279
 20
4.9409
 10
5.39685
 20
4.9409
 10
5.39685
 20
4.95249
 10
5.32205
 20
4.95249
 10
5.32205
 20
4.9409
 10
5.3212
 20
4.9409
 10
5.3212
 20
4.93231
 10
5.30188
 20
4.93231
 10
5.30188
 20
4.77262
 10
5.3184
 20
4.77262
 10
5.3184
 20
4.7632
 10
5.32205
 20
4.7632
 10
5.32205
 20
4.75245
 10
5.39685
 20
4.75245
 10
5.39685
 20
4.76321
 10
6.1592
 20
4.7633
 10
6.44706
 20
4.7634
 10
6.87939
 20
4.7633
 10
7.279
 20
4.7634
 10
7.279
 20
-1.159
 97
0
 92
3
 72
0
 73
1
 93
6
 10
7.31848
 20
4.87512
 10
7.3185
 20
4.80246
 10
7.34497
 20
4.80237
 10
7.5091
 20
4.80237
 10
7.5091
 20
4.9023
 10
7.31855
 20
4.9023
 97
0
 92
3
 72
0
 73
1
 93
4
 10
2.977
 20
0.918
 10
2.977
 20
0.7273
 10
3.06835
 20
0.7273
 10
3.06835
 20
0.918
 97
0
 92
3
 72
0
 73
1
 93
5
 10
3.11832
 20
3.3273
 10
3.11832
 20
3.136
 10
3.3184
 20
3.136
 10
3.3184
 20
3.32701
 10
3.2911
 20
3.3273
 97
0
 92
3
 72
0
 73
1
 93
17
 10
3.1269
 20
6.60229
 10
3.1269
 20
4.8024
 10
3.3184
 20
4.8024
 10
3.3184
 20
4.811
 10
4.06838
 20
4.811
 10
4.06838
 20
4.9023
 10
4.0589
 20
4.9023
 10
4.0589
 20
4.90238
 10
4.05482
 20
4.90241
 10
4.05502
 20
4.92039
 10
4.05515
 20
4.93507
 10
4.0589
 20
4.93504
 10
4.059
 20
6.4024
 10
4.06838
 20
6.4024
 10
4.06838
 20
6.5931
 10
3.3184
 20
6.5931
 10
3.3184
 20
6.60229
 97
0
 92
3
 72
0
 73
1
 93
4
 10
3.11832
 20
8.2681
 10
3.11832
 20
8.0773
 10
3.309
 20
8.0773
 10
3.309
 20
8.2681
 97
0
 92
3
 72
0
 73
1
 93
9
 10
5.4269
 20
6.993
 10
5.4269
 20
6.8024
 10
5.61845
 20
6.8024
 10
5.61845
 20
6.993
 10
7.31847
 20
6.993
 10
7.3185
 20
6.80244
 10
7.34498
 20
6.80238
 10
7.5091
 20
6.80238
 10
7.5091
 20
6.993
 97
0
 92
3
 72
0
 73
1
 93
128
 10
2.78699
 20
-4.05045
 10
2.78699
 20
-4.05209
 10
2.78878
 20
-4.06832
 10
2.78781
 20
-4.06931
 10
2.78781
 20
-4.07095
 10
2.79114
 20
-4.11229
 10
2.79191
 20
-4.12179
 10
2.79273
 20
-4.12261
 10
2.79273
 20
-4.12343
 10
2.79355
 20
-4.12425
 10
2.79519
 20
-4.12425
 10
2.81733
 20
-4.12223
 10
2.81733
 20
-4.16033
 10
2.81751
 20
-4.16051
 10
2.81815
 20
-4.16115
 10
2.81833
 20
-4.16133
 10
2.81897
 20
-4.16197
 10
2.81915
 20
-4.16215
 10
2.81979
 20
-4.16279
 10
2.8685
 20
-4.16279
 10
2.8685
 20
-4.2319
 10
2.89318
 20
-4.2319
 10
2.89318
 20
-4.28281
 10
2.94878
 20
-4.28281
 10
2.94878
 20
-4.2319
 10
4.3184
 20
-4.2319
 10
4.3184
 20
-4.2227
 10
4.327
 20
-4.22261
 10
4.318
 20
-3.35682
 10
4.318
 20
-3.0394
 10
4.3147
 20
-3.0394
 10
4.3239
 20
-2.14845
 10
4.3239
 20
-1.69676
 10
4.31869
 20
-1.60102
 10
4.29999
 20
-1.26146
 10
4.36869
 20
-1.26137
 10
4.36852
 20
-1.26928
 10
4.39395
 20
-1.26981
 10
4.39526
 20
-1.20862
 10
4.4282
 20
-1.20862
 10
4.42817
 20
-1.19737
 10
4.42817
 20
-1.1968
 10
4.42811
 20
-1.17742
 10
4.39593
 20
-1.17731
 10
4.3961
 20
-1.16947
 10
4.3571
 20
-1.16864
 10
4.3571
 20
-0.2926
 10
4.3485
 20
-0.2926
 10
4.3485
 20
-0.284
 10
4.0884
 20
-0.284
 10
4.0884
 20
-0.2926
 10
4.079
 20
-0.2926
 10
4.079
 20
-0.384
 10
3.1069
 20
-0.384
 10
3.1069
 20
-0.3226
 10
3.0983
 20
-0.3226
 10
3.0983
 20
-0.314
 10
3.06958
 20
-0.314
 10
3.06958
 20
-0.30215
 10
2.93931
 20
-0.30215
 10
2.93931
 20
-0.314
 10
2.9384
 20
-0.314
 10
2.9384
 20
-0.32232
 10
2.91913
 20
-0.32232
 10
2.91913
 20
-0.39797
 10
2.929
 20
-0.39797
 10
2.929
 20
-1.50607
 10
2.76624
 20
-1.66873
 10
2.65097
 20
-1.784
 10
2.5407
 20
-1.784
 10
2.5407
 20
-1.962
 10
2.66774
 20
-1.962
 10
2.72649
 20
-2.02074
 10
2.73759
 20
-2.03185
 10
2.75188
 20
-2.01756
 10
2.72467
 20
-1.99035
 10
2.74526
 20
-1.96976
 10
2.7387
 20
-1.9632
 10
2.74548
 20
-1.95645
 10
2.72236
 20
-1.93323
 10
2.70302
 20
-1.914
 10
2.667
 20
-1.914
 10
2.667
 20
-1.83613
 10
2.73181
 20
-1.77127
 10
2.8164
 20
-1.8558
 10
2.76028
 20
-1.9125
 10
2.77763
 20
-1.93034
 10
2.80793
 20
-1.96151
 10
2.75188
 20
-2.01756
 10
2.76617
 20
-2.03185
 10
2.79063
 20
-2.00738
 10
2.87963
 20
-1.91838
 10
2.86534
 20
-1.90409
 10
2.87963
 20
-1.89065
 10
2.86073
 20
-1.87173
 10
2.88114
 20
-1.85132
 10
2.88804
 20
-1.84442
 10
2.92471
 20
-1.80725
 10
2.95023
 20
-1.78139
 10
2.96064
 20
-1.77147
 10
2.96788
 20
-1.76458
 10
3.00506
 20
-1.72691
 10
3.03092
 20
-1.7007
 10
3.04773
 20
-1.68389
 10
3.0849
 20
-1.64721
 10
3.11076
 20
-1.6217
 10
3.12067
 20
-1.61129
 10
3.12757
 20
-1.60404
 10
3.17565
 20
-1.55646
 10
3.2091
 20
-1.52336
 10
3.19175
 20
-1.50552
 10
3.17968
 20
-1.4931
 10
3.14623
 20
-1.52655
 10
3.1068
 20
-1.56599
 10
3.1068
 20
-0.5619
 10
4.0786
 20
-0.5619
 10
4.0786
 20
-2.3833
 10
3.37227
 20
-2.3833
 10
3.34777
 20
-2.35878
 10
3.30743
 20
-2.31845
 10
3.2998
 20
-2.32608
 10
3.29726
 20
-2.32354
 10
3.29661
 20
-2.32419
 10
3.26476
 20
-2.29234
 10
3.2522
 20
-2.30483
 10
3.27221
 20
-2.32509
 10
3.25439
 20
-2.34291
 10
3.16539
 20
-2.43191
 97
0
 92
3
 72
0
 73
1
 93
72
 10
2.78699
 20
-4.05045
 10
2.78781
 20
-4.04963
 10
2.78822
 20
-4.04922
 10
2.78863
 20
-4.04881
 10
2.8015
 20
-4.04881
 10
2.77202
 20
-3.70794
 10
2.74236
 20
-3.36492
 10
2.72795
 20
-3.36492
 10
2.72753
 20
-3.36451
 10
2.72713
 20
-3.3641
 10
2.72713
 20
-3.36246
 10
2.72631
 20
-3.35513
 10
2.72699
 20
-3.34756
 10
2.72467
 20
-3.34524
 10
2.72467
 20
-3.34442
 10
2.72385
 20
-3.3436
 10
2.72308
 20
-3.3341
 10
2.71975
 20
-3.29276
 10
2.71975
 20
-3.29112
 10
2.72041
 20
-3.29045
 10
2.72057
 20
-3.2903
 10
2.72123
 20
-3.28963
 10
2.72139
 20
-3.28948
 10
2.72221
 20
-3.28948
 10
2.72895
 20
-3.28887
 10
2.75829
 20
-3.2862
 10
2.75911
 20
-3.2862
 10
2.75992
 20
-3.28702
 10
2.76075
 20
-3.28702
 10
2.76141
 20
-3.28768
 10
2.76157
 20
-3.28784
 10
2.76157
 20
-3.28948
 10
2.76233
 20
-3.29898
 10
2.76321
 20
-3.34278
 10
2.74895
 20
-3.34407
 10
2.76075
 20
-3.36738
 10
2.78966
 20
-3.70168
 10
2.81897
 20
-4.04061
 10
2.81897
 20
-4.05522
 10
2.82947
 20
-4.06588
 10
2.82963
 20
-4.06603
 10
2.82963
 20
-4.08243
 10
2.8685
 20
-4.08243
 10
2.8685
 20
-4.0227
 10
4.11841
 20
-4.0227
 10
4.11841
 20
-4.2139
 10
4.30891
 20
-4.2139
 10
4.30692
 20
-4.0227
 10
2.8601
 20
-4.0227
 10
2.8601
 20
-3.9927
 10
2.8685
 20
-3.9927
 10
2.8685
 20
-3.9839
 10
4.079
 20
-3.9839
 10
4.079
 20
-3.462
 10
3.7884
 20
-3.462
 10
3.78838
 20
-3.4526
 10
3.779
 20
-3.4526
 10
3.779
 20
-2.5621
 10
3.28347
 20
-2.5621
 10
3.24864
 20
-2.52727
 10
3.22613
 20
-2.50481
 10
3.21834
 20
-2.5126
 10
3.20573
 20
-2.49998
 10
3.16539
 20
-2.45965
 10
3.17968
 20
-2.44536
 10
3.20502
 20
-2.42021
 10
3.2647
 20
-2.36097
 10
3.29198
 20
-2.38771
 10
3.22759
 20
-2.45199
 10
3.22754
 20
-2.45194
 10
3.22244
 20
-2.45704
 10
3.2069
 20
-2.47258
 97
0
 92
3
 72
0
 73
1
 93
4
 10
3.27594
 20
-2.48661
 10
3.30314
 20
-2.5139
 10
3.3398
 20
-2.5139
 10
3.3398
 20
-2.42256
 97
0
 92
3
 72
0
 73
1
 93
7
 10
3.81837
 20
-2.432
 10
3.8184
 20
-2.52268
 10
3.84509
 20
-2.52271
 10
4.30203
 20
-2.52271
 10
4.30305
 20
-2.42471
 10
4.1183
 20
-2.4228
 10
4.1183
 20
-2.432
 97
0
 92
3
 72
0
 73
1
 93
5
 10
4.1269
 20
-1.26168
 10
4.1269
 20
-1.697
 10
4.30589
 20
-1.697
 10
4.30071
 20
-1.60199
 10
4.28196
 20
-1.26148
 97
0
 92
3
 72
0
 73
1
 93
5
 10
2.977
 20
-0.4228
 10
2.977
 20
-0.5523
 10
3.06847
 20
-0.5523
 10
3.06837
 20
-0.52291
 10
3.06837
 20
-0.4228
 97
0
 92
3
 72
0
 73
1
 93
6
 10
4.11835
 20
-0.4319
 10
4.11835
 20
-0.52269
 10
4.3089
 20
-0.52269
 10
4.3089
 20
-0.4228
 10
4.1184
 20
-0.4228
 10
4.1184
 20
-0.4319
 97
0
 92
3
 72
0
 73
1
 93
4
 10
2.9684
 20
-1.5214
 10
3.05386
 20
-1.60681
 10
3.0888
 20
-1.57187
 10
3.0888
 20
-1.5214
 97
0
 92
3
 72
0
 73
1
 93
12
 10
4.0589
 20
-6.4728
 10
4.06838
 20
-6.4728
 10
4.0684
 20
-6.482
 10
4.31984
 20
-6.482
 10
4.32168
 20
-6.4728
 10
4.327
 20
-6.4728
 10
4.327
 20
-6.2227
 10
4.3184
 20
-6.2227
 10
4.3184
 20
-6.2139
 10
4.0684
 20
-6.2139
 10
4.0684
 20
-6.2227
 10
4.0589
 20
-6.2227
 97
0
 92
3
 72
0
 73
1
 93
83
 10
0.10237
 20
-1.962
 10
1.042
 20
-1.962
 10
1.04316
 20
-1.96917
 10
1.029
 20
-1.97389
 10
1.029
 20
-4.984
 10
0.1434
 20
-4.984
 10
0.1434
 20
-4.9926
 10
0.134
 20
-4.9926
 10
0.134
 20
-5.0228
 10
0.1341
 20
-5.10226
 10
0.09407
 20
-5.10226
 10
0.09407
 20
-5.1279
 10
0.0888
 20
-5.1279
 10
0.0888
 20
-5.1371
 10
-0.18047
 20
-5.1371
 10
-0.18047
 20
-5.18798
 10
0.09407
 20
-5.18798
 10
0.09407
 20
-5.22271
 10
0.1433
 20
-5.22271
 10
0.1433
 20
-5.2319
 10
0.14452
 20
-5.2319
 10
0.14452
 20
-5.28263
 10
0.14039
 20
-5.29169
 10
0.3216
 20
-5.3763
 10
0.32172
 20
-5.37616
 10
0.59194
 20
-5.50215
 10
0.59337
 20
-5.50282
 10
0.59634
 20
-5.49582
 10
0.50685
 20
-5.45196
 10
0.50676
 20
-5.45119
 10
0.14452
 20
-5.28242
 10
0.22481
 20
-5.28242
 10
0.22481
 20
-5.2319
 10
1.2684
 20
-5.2319
 10
1.2684
 20
-5.2227
 10
1.277
 20
-5.2227
 10
1.277
 20
-4.2319
 10
1.83901
 20
-4.2319
 10
1.83901
 20
-4.28281
 10
1.89563
 20
-4.28281
 10
1.89563
 20
-4.2319
 10
1.9185
 20
-4.2319
 10
1.9185
 20
-4.16279
 10
1.96944
 20
-4.16279
 10
1.96962
 20
-4.16261
 10
1.97026
 20
-4.16197
 10
1.97044
 20
-4.16179
 10
1.97108
 20
-4.16115
 10
1.97108
 20
-4.08407
 10
1.9709
 20
-4.08389
 10
1.97026
 20
-4.08325
 10
1.96944
 20
-4.08325
 10
1.96862
 20
-4.08243
 10
1.9185
 20
-4.08243
 10
1.9185
 20
-4.02271
 10
1.9279
 20
-4.0227
 10
1.9279
 20
-3.9927
 10
1.9185
 20
-3.9927
 10
1.9185
 20
-3.9839
 10
1.3071
 20
-3.9839
 10
1.3071
 20
-1.953
 10
1.309
 20
-1.953
 10
1.309
 20
-1.784
 10
0.17723
 20
-1.784
 10
0.15137
 20
-1.75814
 10
0.1117
 20
-1.71837
 10
0.10416
 20
-1.72453
 10
0.0992
 20
-1.71947
 10
0.0991
 20
-1.71957
 10
0.09426
 20
-1.72431
 10
0.07792
 20
-1.74076
 10
0.08418
 20
-1.74698
 10
0.0323
 20
-1.79886
 10
0.03097
 20
-1.80019
 10
0.01483
 20
-1.81627
 10
0.00687
 20
-1.8113
 10
0.00205
 20
-1.81622
 10
-0.01009
 20
-1.82874
 10
-0.01359
 20
-1.83217
 10
-0.014
 20
-1.83257
 10
-0.0119
 20
-1.84189
 10
-0.01426
 20
-1.84536
 10
0.05234
 20
-1.91196
 97
0
 92
3
 72
0
 73
1
 93
5
 10
0.134
 20
-5.0228
 10
1.0684
 20
-5.0228
 10
1.0684
 20
-5.2139
 10
1.259
 20
-5.2139
 10
1.259
 20
-5.0228
 97
0
 92
3
 72
0
 73
1
 93
4
 10
1.06838
 20
-1.832
 10
1.0684
 20
-1.92279
 10
1.26847
 20
-1.92279
 10
1.26847
 20
-1.832
 97
0
 92
3
 72
0
 73
1
 93
5
 10
0.59734
 20
-5.49438
 10
0.68751
 20
-5.53664
 10
0.68913
 20
-5.53321
 10
0.69191
 20
-5.5273
 10
0.60185
 20
-5.4848
 97
0
 92
3
 72
0
 73
1
 93
13
 10
0.96227
 20
-1.99613
 10
0.96227
 20
-3.95407
 10
0.96336
 20
-3.95443
 10
0.96545
 20
-3.95513
 10
0.98242
 20
-3.95513
 10
0.98314
 20
-3.95477
 10
0.98454
 20
-3.95407
 10
0.9849
 20
-3.95334
 10
0.9856
 20
-3.95195
 10
0.9856
 20
-1.99719
 10
0.98523
 20
-1.99683
 10
0.98454
 20
-1.99613
 10
0.97556
 20
-1.9917
 97
0
 92
3
 72
0
 73
1
 93
4
 10
1.68948
 20
8.24301
 10
1.7393
 20
8.24301
 10
1.7393
 20
8.19213
 10
1.68948
 20
8.19213
 97
0
 92
3
 72
0
 73
1
 93
12
 10
1.0089
 20
-6.4728
 10
1.01839
 20
-6.4728
 10
1.0184
 20
-6.482
 10
1.2701
 20
-6.482
 10
1.2724
 20
-6.4728
 10
1.277
 20
-6.4728
 10
1.277
 20
-6.2227
 10
1.2684
 20
-6.2227
 10
1.2684
 20
-6.2139
 10
1.0184
 20
-6.2139
 10
1.0184
 20
-6.2227
 10
1.0089
 20
-6.2227
 97
0
 92
3
 72
0
 73
1
 93
122
 10
-0.54144
 20
8.7368
 10
-0.54144
 20
8.73598
 10
-0.54226
 20
8.73516
 10
-0.54226
 20
8.73434
 10
-0.5354
 20
8.68713
 10
-0.53488
 20
8.6835
 10
-0.53488
 20
8.68268
 10
-0.53406
 20
8.68186
 10
-0.53324
 20
8.68104
 10
-0.51626
 20
8.68104
 10
-0.46301
 20
8.30152
 10
-0.45878
 20
8.27137
 10
-0.4742
 20
8.26366
 10
-0.47502
 20
8.26284
 10
-0.47502
 20
8.262
 10
-0.47584
 20
8.26038
 10
-0.46898
 20
8.21393
 10
-0.46832
 20
8.2094
 10
-0.46682
 20
8.2079
 10
-0.46518
 20
8.2079
 10
-0.44304
 20
8.21092
 10
-0.44304
 20
8.16324
 10
-0.44771
 20
8.15857
 10
-0.44867
 20
8.15473
 10
-0.44867
 20
8.09748
 10
-0.44832
 20
8.0969
 10
-0.44549
 20
8.09218
 10
-0.44491
 20
8.09184
 10
-0.44019
 20
8.089
 10
-0.3961
 20
8.089
 10
-0.3961
 20
8.0473
 10
-0.3867
 20
8.0473
 10
-0.3867
 20
8.0379
 10
1.07676
 20
8.0379
 10
1.07676
 20
7.98223
 10
1.07708
 20
7.98127
 10
1.07888
 20
7.97587
 10
1.07984
 20
7.97539
 10
1.08524
 20
7.97269
 10
1.14248
 20
7.97269
 10
1.14345
 20
7.97318
 10
1.14884
 20
7.97587
 10
1.14917
 20
7.97684
 10
1.15097
 20
7.98223
 10
1.15097
 20
8.03842
 10
1.14982
 20
8.04282
 10
1.14884
 20
8.04478
 10
1.14793
 20
8.0457
 10
1.14328
 20
8.04756
 10
1.14248
 20
8.04796
 10
1.097
 20
8.04796
 10
1.097
 20
8.0773
 10
1.0969
 20
8.15723
 10
1.13898
 20
8.15723
 10
1.13898
 20
8.183
 10
1.1433
 20
8.183
 10
1.1433
 20
8.201
 10
1.13898
 20
8.201
 10
1.13898
 20
8.27768
 10
1.08956
 20
8.27768
 10
1.08956
 20
8.33739
 10
1.04158
 20
8.35931
 10
0.99815
 20
8.37939
 10
1.00256
 20
8.3893
 10
0.72381
 20
8.51889
 10
0.67877
 20
8.53983
 10
0.64002
 20
8.55785
 10
0.63635
 20
8.54893
 10
0.61708
 20
8.55793
 10
0.54568
 20
8.59127
 10
0.54143
 20
8.58223
 10
0.63339
 20
8.54175
 10
0.99498
 20
8.37226
 10
0.99449
 20
8.37115
 10
1.00927
 20
8.36427
 10
1.00927
 20
8.2861
 10
-0.2858
 20
8.2861
 10
-0.2858
 20
8.3352
 10
0.11316
 20
8.36492
 10
0.11312
 20
8.36573
 10
0.15697
 20
8.36907
 10
0.21387
 20
8.3734
 10
0.21281
 20
8.384
 10
0.21275
 20
8.384
 10
0.15591
 20
8.37957
 10
0.11257
 20
8.37619
 10
0.11218
 20
8.38356
 10
-0.28746
 20
8.3546
 10
-0.28754
 20
8.35538
 10
-0.38613
 20
8.3469
 10
-0.38602
 20
8.34508
 10
-0.3856
 20
8.33739
 10
-0.38507
 20
8.32781
 10
-0.36713
 20
8.32942
 10
-0.36713
 20
8.2861
 10
-0.3865
 20
8.2861
 10
-0.3865
 20
8.2773
 10
-0.396
 20
8.2773
 10
-0.396
 20
8.25054
 10
-0.43402
 20
8.25054
 10
-0.43402
 20
8.26776
 10
-0.43484
 20
8.26858
 10
-0.43566
 20
8.26858
 10
-0.43648
 20
8.2694
 10
-0.45395
 20
8.2694
 10
-0.50591
 20
8.64862
 10
-0.51115
 20
8.68596
 10
-0.4947
 20
8.68596
 10
-0.49388
 20
8.68678
 10
-0.49388
 20
8.6876
 10
-0.49306
 20
8.68842
 10
-0.49306
 20
8.68924
 10
-0.49991
 20
8.73644
 10
-0.50044
 20
8.74008
 10
-0.50044
 20
8.7409
 10
-0.50065
 20
8.74111
 10
-0.50209
 20
8.74254
 10
-0.50372
 20
8.74254
 10
-0.53645
 20
8.73797
 10
-0.53898
 20
8.73762
 10
-0.54062
 20
8.73762
 10
-0.54068
 20
8.73757
 97
0
 92
3
 72
0
 73
1
 93
4
 10
-0.0006
 20
10.402
 10
0.3275
 20
10.402
 10
0.3275
 20
10.0739
 10
-0.0006
 20
10.0739
 97
0
 92
3
 72
0
 73
1
 93
4
 10
-0.45609
 20
-5.1371
 10
-0.45609
 20
-5.18798
 10
-0.73065
 20
-5.18798
 10
-0.73065
 20
-5.1371
 97
0
 92
3
 72
0
 73
1
 93
4
 10
-5.223
 20
-4.02271
 10
-5.223
 20
-4.2139
 10
-5.03151
 20
-4.2139
 10
-5.03151
 20
-4.02271
 97
0
 92
3
 72
0
 73
1
 93
329
 10
-5.8315
 20
-3.3321
 10
-5.241
 20
-3.3321
 10
-5.241
 20
-4.2227
 10
-5.2315
 20
-4.2227
 10
-5.2315
 20
-4.2319
 10
-4.28012
 20
-4.2319
 10
-4.28012
 20
-4.27287
 10
-4.31578
 20
-4.27315
 10
-4.31578
 20
-4.27794
 10
-4.31684
 20
-4.27794
 10
-4.31684
 20
-4.28362
 10
-4.80243
 20
-4.28809
 10
-4.85959
 20
-4.28869
 10
-4.85959
 20
-4.29859
 10
-4.80218
 20
-4.29869
 10
-4.43794
 20
-4.29448
 10
-4.31578
 20
-4.29329
 10
-4.18009
 20
-4.29223
 10
-4.18115
 20
-4.28163
 10
-4.1809
 20
-4.27688
 10
-4.18115
 20
-4.27209
 10
-4.19982
 20
-4.27224
 10
-4.19982
 20
-4.2319
 10
-4.1815
 20
-4.2319
 10
-4.1815
 20
-4.19969
 10
-4.13546
 20
-4.19969
 10
-4.13285
 20
-4.21773
 10
-4.13145
 20
-4.21773
 10
-4.13063
 20
-4.21855
 10
-4.11443
 20
-4.21855
 10
-4.07983
 20
-4.46514
 10
-4.05598
 20
-4.63512
 10
-4.07158
 20
-4.63512
 10
-4.07322
 20
-4.63676
 10
-4.07322
 20
-4.6384
 10
-4.0681
 20
-4.6781
 10
-4.06654
 20
-4.69018
 10
-4.06566
 20
-4.69106
 10
-4.06502
 20
-4.6917
 10
-4.06338
 20
-4.6917
 10
-4.03521
 20
-4.68785
 10
-4.0273
 20
-4.68678
 10
-4.02648
 20
-4.68678
 10
-4.0263
 20
-4.6866
 10
-4.02566
 20
-4.68596
 10
-4.02566
 20
-4.68514
 10
-4.02484
 20
-4.68432
 10
-4.02484
 20
-4.6835
 10
-4.03061
 20
-4.6438
 10
-4.03222
 20
-4.63266
 10
-4.03222
 20
-4.63184
 10
-4.03386
 20
-4.6302
 10
-4.05098
 20
-4.6302
 10
-4.08551
 20
-4.38329
 10
-4.10903
 20
-4.21572
 10
-4.09208
 20
-4.21341
 10
-4.09208
 20
-4.21198
 10
-4.09126
 20
-4.21117
 10
-4.09703
 20
-4.17047
 10
-4.09864
 20
-4.15951
 10
-4.09864
 20
-4.15869
 10
-4.09964
 20
-4.15769
 10
-4.10029
 20
-4.15705
 10
-4.10192
 20
-4.15705
 10
-4.12407
 20
-4.16014
 10
-4.12407
 20
-4.12015
 10
-4.12489
 20
-4.12015
 10
-4.12571
 20
-4.11933
 10
-4.1815
 20
-4.11933
 10
-4.1815
 20
-4.0227
 10
-4.1729
 20
-4.0227
 10
-4.1729
 20
-3.9927
 10
-4.1815
 20
-3.9927
 10
-4.1815
 20
-3.9839
 10
-4.9929
 20
-3.9839
 10
-4.9929
 20
-3.0928
 10
-5.0015
 20
-3.0928
 10
-5.0015
 20
-3.084
 10
-5.593
 20
-3.084
 10
-5.593
 20
-2.4279
 10
-5.6016
 20
-2.4279
 10
-5.6016
 20
-2.4189
 10
-5.6949
 20
-2.4189
 10
-5.6949
 20
-2.3728
 10
-5.7458
 20
-2.3728
 10
-5.7458
 20
-1.283
 10
-5.6949
 20
-1.283
 10
-5.6949
 20
-1.2371
 10
-5.6317
 20
-1.2371
 10
-5.6317
 20
-1.2369
 10
-5.6016
 20
-1.2369
 10
-5.6016
 20
-1.2279
 10
-5.593
 20
-1.2279
 10
-5.593
 20
-0.5621
 10
-5.0015
 20
-0.5621
 10
-5.0015
 20
-0.5527
 10
-4.9929
 20
-0.5527
 10
-4.9929
 20
-0.4619
 10
-4.7516
 20
-0.4619
 10
-4.7516
 20
-0.4527
 10
-4.7431
 20
-0.4527
 10
-4.7431
 20
0.0381
 10
-3.3005
 20
0.0381
 10
-1.2211
 20
0.038
 10
-1.2211
 20
-0.63933
 10
-1.05346
 20
-0.80657
 10
-0.97247
 20
-0.88723
 10
-0.95981
 20
-0.87454
 10
-0.98502
 20
-0.84934
 10
-0.97002
 20
-0.83424
 10
-0.97532
 20
-0.82898
 10
-0.95844
 20
-0.81213
 10
-0.90451
 20
-0.75827
 10
-0.89917
 20
-0.7635
 10
-0.89441
 20
-0.75864
 10
-0.87806
 20
-0.74238
 10
-0.8846
 20
-0.7358
 10
-0.87844
 20
-0.72964
 10
-0.943
 20
-0.66507
 10
-0.943
 20
1.7074
 10
-0.9516
 20
1.7074
 10
-0.9516
 20
1.716
 10
-1.2117
 20
1.716
 10
-1.2117
 20
1.7074
 10
-1.2211
 20
1.7074
 10
-1.2211
 20
1.3692
 10
-1.4395
 20
1.3692
 10
-1.4395
 20
1.1168
 10
-1.2211
 20
1.1168
 10
-1.2211
 20
0.2159
 10
-2.6429
 20
0.2159
 10
-2.6429
 20
1.1168
 10
-2.6065
 20
1.1168
 10
-2.6065
 20
1.31448
 10
-2.53453
 20
1.31448
 10
-2.51185
 20
1.31549
 10
-2.50912
 20
1.30887
 10
-2.50863
 20
1.30867
 10
-2.50698
 20
1.30799
 10
-2.33007
 20
1.30799
 10
-2.27567
 20
1.30936
 10
-2.27499
 20
1.31101
 10
-2.27499
 20
1.34898
 10
-2.27519
 20
1.34947
 10
-2.27587
 20
1.35112
 10
-2.27636
 20
1.35132
 10
-2.27801
 20
1.352
 10
-2.50781
 20
1.352
 10
-2.51106
 20
1.35845
 10
-2.51154
 20
1.35869
 10
-2.51315
 20
1.3595
 10
-2.6065
 20
1.3595
 10
-2.6065
 20
1.3692
 10
-2.6429
 20
1.3692
 10
-2.6429
 20
1.7074
 10
-2.6515
 20
1.7074
 10
-2.6515
 20
1.716
 10
-2.9116
 20
1.716
 10
-2.9116
 20
1.7074
 10
-2.9208
 20
1.7074
 10
-2.9208
 20
1.0848
 10
-2.921
 20
1.0848
 10
-2.921
 20
0.2159
 10
-4.9929
 20
0.2159
 10
-4.9929
 20
0.7572
 10
-5.0015
 20
0.7572
 10
-5.0015
 20
0.766
 10
-5.593
 20
0.766
 10
-5.593
 20
1.1272
 10
-5.6016
 20
1.1272
 10
-5.6016
 20
1.136
 10
-5.6316
 20
1.136
 10
-5.6316
 20
1.1359
 10
-5.71004
 20
1.1359
 10
-5.71004
 20
1.17747
 10
-5.7458
 20
1.17747
 10
-5.7458
 20
1.75294
 10
-5.71004
 20
1.75294
 10
-5.71004
 20
2.32738
 10
-5.7458
 20
2.32738
 10
-5.7458
 20
2.87814
 10
-5.71004
 20
2.87814
 10
-5.71004
 20
2.918
 10
-5.64959
 20
2.918
 10
-5.6016
 20
2.91793
 10
-5.6016
 20
2.9273
 10
-5.593
 20
2.9273
 10
-5.593
 20
3.2879
 10
-5.0015
 20
3.2879
 10
-5.0015
 20
3.2973
 10
-4.9929
 20
3.2973
 10
-4.9929
 20
8.0379
 10
-4.25323
 20
8.0379
 10
-4.25323
 20
7.97905
 10
-4.25291
 20
7.97809
 10
-4.25111
 20
7.97269
 10
-4.25015
 20
7.97221
 10
-4.24475
 20
7.96951
 10
-4.18751
 20
7.96951
 10
-4.18655
 20
7.96999
 10
-4.18115
 20
7.97269
 10
-4.18083
 20
7.97366
 10
-4.17903
 20
7.97905
 10
-4.17903
 20
8.03524
 10
-4.17919
 20
8.03589
 10
-4.18023
 20
8.03976
 10
-4.18115
 20
8.0416
 10
-4.18207
 20
8.04252
 10
-4.18292
 20
8.04294
 10
-4.18751
 20
8.04478
 10
-4.2329
 20
8.04478
 10
-4.2329
 20
8.0773
 10
-4.2331
 20
8.0773
 10
-4.2331
 20
8.15723
 10
-4.19055
 20
8.15723
 10
-4.19055
 20
8.183
 10
-4.1869
 20
8.183
 10
-4.1869
 20
8.19213
 10
-4.14193
 20
8.19213
 10
-4.14193
 20
8.24301
 10
-4.19055
 20
8.24301
 10
-4.19055
 20
8.27768
 10
-4.241
 20
8.27768
 10
-4.241
 20
8.33739
 10
-4.24165
 20
8.33739
 10
-4.33142
 20
8.38134
 10
-4.33176
 20
8.38151
 10
-4.33174
 20
8.37929
 10
-4.69442
 20
8.54963
 10
-4.71213
 20
8.55793
 10
-4.78412
 20
8.59168
 10
-4.78744
 20
8.58463
 10
-4.78856
 20
8.58223
 10
-4.71637
 20
8.54853
 10
-4.69767
 20
8.54175
 10
-4.69846
 20
8.53983
 10
-4.33501
 20
8.37226
 10
-4.33592
 20
8.37022
 10
-4.3213
 20
8.36351
 10
-4.3213
 20
8.2861
 10
-5.2315
 20
8.2861
 10
-5.2315
 20
8.2773
 10
-5.241
 20
8.2773
 10
-5.241
 20
3.5361
 10
-5.8315
 20
3.5361
 10
-5.8315
 20
3.5273
 10
-5.841
 20
3.5273
 10
-5.841
 20
3.12094
 10
-5.86393
 20
3.11927
 10
-5.88328
 20
3.25146
 10
-5.9602
 20
3.77691
 10
-5.95993
 20
3.77697
 10
-5.96735
 20
3.82573
 10
-5.97078
 20
3.82535
 10
-5.97689
 20
3.82467
 10
-5.96963
 20
3.77503
 10
-5.97053
 20
3.77485
 10
-5.92952
 20
3.50068
 10
-5.84545
 20
2.92574
 10
-5.8315
 20
2.92882
 10
-5.8315
 20
2.918
 10
-5.83049
 20
2.918
 10
-5.83049
 20
2.87814
 10
-5.7809
 20
2.87814
 10
-5.7809
 20
2.8723
 10
-5.77124
 20
2.8723
 10
-5.77124
 20
2.32738
 10
-5.83049
 20
2.32738
 10
-5.83049
 20
1.75294
 10
-5.77124
 20
1.75294
 10
-5.77124
 20
1.1823
 10
-5.7809
 20
1.1823
 10
-5.7809
 20
1.17747
 10
-5.83049
 20
1.17747
 10
-5.83049
 20
1.1359
 10
-5.8315
 20
1.1359
 10
-5.8315
 20
1.12585
 10
-5.84545
 20
1.12893
 10
-5.89282
 20
0.80494
 10
-5.97689
 20
0.23
 10
-5.97346
 20
0.22962
 10
-5.96735
 20
0.22894
 10
-5.95993
 20
0.27876
 10
-5.91998
 20
0.55292
 10
-5.86392
 20
0.93561
 10
-5.841
 20
0.93394
 10
-5.841
 20
0.5273
 10
-5.8315
 20
0.5273
 10
-5.8315
 20
0.5181
 10
-5.241
 20
0.5181
 10
-5.241
 20
-0.314
 10
-5.8315
 20
-0.314
 10
-5.8315
 20
-0.3226
 10
-5.841
 20
-0.3226
 10
-5.841
 20
-1.14706
 10
-5.88555
 20
-1.14706
 10
-5.88573
 20
-1.13006
 10
-5.89526
 20
-1.12956
 10
-5.89421
 20
-1.22865
 10
-5.89368
 20
-1.22918
 10
-5.88025
 20
-1.22839
 10
-5.8315
 20
-1.22839
 10
-5.8315
 20
-1.2371
 10
-5.83049
 20
-1.2371
 10
-5.83049
 20
-1.2778
 10
-5.77124
 20
-1.2778
 10
-5.77124
 20
-2.3783
 10
-5.83049
 20
-2.3783
 10
-5.83049
 20
-2.4189
 10
-5.8315
 20
-2.4189
 10
-5.8315
 20
-2.42771
 10
-5.87457
 20
-2.42771
 10
-5.89367
 20
-2.42546
 10
-5.89421
 20
-2.42546
 10
-5.8951
 20
-2.52616
 10
-5.89527
 20
-2.52616
 10
-5.89686
 20
-2.72612
 10
-5.89863
 20
-2.92632
 10
-5.89897
 20
-2.92634
 10
-5.89897
 20
-3.02651
 10
-5.88891
 20
-3.02651
 10
-5.88891
 20
-2.92581
 10
-5.88679
 20
-2.72666
 10
-5.88537
 20
-2.52616
 10
-5.88467
 20
-2.52616
 10
-5.88467
 20
-2.50698
 10
-5.841
 20
-2.50698
 10
-5.841
 20
-3.3226
 10
-5.8315
 20
-3.3226
 97
0
 92
3
 72
0
 73
1
 93
4
 10
-5.823
 20
-3.1228
 10
-5.823
 20
-3.3141
 10
-5.6317
 20
-3.3141
 10
-5.6317
 20
-3.1228
 97
0
 92
3
 72
0
 73
1
 93
4
 10
-5.823
 20
-0.332
 10
-5.823
 20
-0.52269
 10
-5.6317
 20
-0.52269
 10
-5.6317
 20
-0.332
 97
0
 92
3
 72
0
 73
1
 93
6
 10
-5.223
 20
0.1773
 10
-5.223
 20
0.0774
 10
-4.78163
 20
0.0774
 10
-4.78163
 20
0.1679
 10
-5.0315
 20
0.1679
 10
-5.0315
 20
0.1773
 97
0
 92
3
 72
0
 73
1
 93
4
 10
-5.823
 20
0.72726
 10
-5.823
 20
0.5361
 10
-5.6317
 20
0.5361
 10
-5.6317
 20
0.72726
 97
0
 92
3
 72
0
 73
1
 93
5
 10
-5.2315
 20
0.7179
 10
-5.2315
 20
0.52732
 10
-5.20501
 20
0.52729
 10
-5.0411
 20
0.52729
 10
-5.0411
 20
0.7179
 97
0
 92
3
 72
0
 73
1
 93
13
 10
-5.89739
 20
-0.92879
 10
-5.89579
 20
-1.12953
 10
-5.90587
 20
-1.129
 10
-5.90693
 20
-0.92932
 10
-5.90746
 20
-0.92928
 10
-5.90904
 20
-0.73024
 10
-5.90905
 20
-0.72936
 10
-5.8995
 20
-0.72936
 10
-5.90056
 20
-0.62921
 10
-5.90003
 20
-0.62918
 10
-5.88997
 20
-0.62865
 10
-5.88908
 20
-0.72936
 10
-5.89897
 20
-0.72936
 97
0
 92
3
 72
0
 73
1
 93
12
 10
-1.2211
 20
3.0973
 10
-1.2117
 20
3.0973
 10
-1.2117
 20
3.088
 10
-0.95126
 20
3.088
 10
-0.95088
 20
3.0973
 10
-0.943
 20
3.0973
 10
-0.943
 20
3.7573
 10
-0.9516
 20
3.7573
 10
-0.9516
 20
3.7659
 10
-1.2117
 20
3.7659
 10
-1.2117
 20
3.75731
 10
-1.2211
 20
3.7573
 97
0
 92
3
 72
0
 73
1
 93
4
 10
-2.1729
 20
-5.0228
 10
-2.1729
 20
-5.2139
 10
-1.9817
 20
-5.2139
 10
-1.9817
 20
-5.0228
 97
0
 92
3
 72
0
 73
1
 93
118
 10
-2.79219
 20
-4.2979
 10
-2.78818
 20
-4.29523
 10
-2.66048
 20
-4.30778
 10
-2.65996
 20
-4.30283
 10
-2.59636
 20
-4.30919
 10
-2.59742
 20
-4.31873
 10
-2.59716
 20
-4.32454
 10
-2.59742
 20
-4.32933
 10
-2.66208
 20
-4.32297
 10
-2.68869
 20
-4.3205
 10
-2.91755
 20
-4.29859
 10
-2.917
 20
-4.28783
 10
-2.9806
 20
-4.28168
 10
-2.98116
 20
-4.28163
 10
-2.98035
 20
-4.27688
 10
-2.9801
 20
-4.27209
 10
-2.96137
 20
-4.27396
 10
-2.96137
 20
-4.2319
 10
-2.9816
 20
-4.2319
 10
-2.9816
 20
-4.19969
 10
-3.02853
 20
-4.19969
 10
-3.02853
 20
-4.21691
 10
-3.02917
 20
-4.21755
 10
-3.02935
 20
-4.21773
 10
-3.03017
 20
-4.21773
 10
-3.03099
 20
-4.21855
 10
-3.04827
 20
-4.21855
 10
-3.07058
 20
-4.3841
 10
-3.1058
 20
-4.63512
 10
-3.08921
 20
-4.63512
 10
-3.08857
 20
-4.63576
 10
-3.08839
 20
-4.63594
 10
-3.08839
 20
-4.63676
 10
-3.08757
 20
-4.63758
 10
-3.08757
 20
-4.6384
 10
-3.08919
 20
-4.64953
 10
-3.09495
 20
-4.68924
 10
-3.09495
 20
-4.69006
 10
-3.09559
 20
-4.6907
 10
-3.09641
 20
-4.69152
 10
-3.09659
 20
-4.6917
 10
-3.09823
 20
-4.6917
 10
-3.10614
 20
-4.69062
 10
-3.13431
 20
-4.68678
 10
-3.13513
 20
-4.68678
 10
-3.13577
 20
-4.68614
 10
-3.13595
 20
-4.68596
 10
-3.13595
 20
-4.68514
 10
-3.13677
 20
-4.68432
 10
-3.13677
 20
-4.6835
 10
-3.13516
 20
-4.67235
 10
-3.12939
 20
-4.63266
 10
-3.12939
 20
-4.63184
 10
-3.12875
 20
-4.6312
 10
-3.12857
 20
-4.63102
 10
-3.12793
 20
-4.63038
 10
-3.12775
 20
-4.6302
 10
-3.10999
 20
-4.6302
 10
-3.08764
 20
-4.46433
 10
-3.0504
 20
-4.21601
 10
-3.06953
 20
-4.21341
 10
-3.06953
 20
-4.21199
 10
-3.07035
 20
-4.21117
 10
-3.07035
 20
-4.21035
 10
-3.06873
 20
-4.19921
 10
-3.06297
 20
-4.15951
 10
-3.06297
 20
-4.15869
 10
-3.06133
 20
-4.15705
 10
-3.05969
 20
-4.15705
 10
-3.03755
 20
-4.16008
 10
-3.03755
 20
-4.12015
 10
-3.03673
 20
-4.12015
 10
-3.03591
 20
-4.11933
 10
-2.9816
 20
-4.11933
 10
-2.9816
 20
-4.0227
 10
-2.991
 20
-4.0227
 10
-2.991
 20
-3.9927
 10
-2.9816
 20
-3.9927
 10
-2.9816
 20
-3.9839
 10
-1.9517
 20
-3.9839
 10
-1.9517
 20
-3.9927
 10
-1.9431
 20
-3.9927
 10
-1.9431
 20
-4.984
 10
-1.0565
 20
-4.984
 10
-1.0565
 20
-4.9926
 10
-1.04793
 20
-4.9926
 10
-1.048
 20
-5.04079
 10
-1.048
 20
-5.10226
 10
-1.00642
 20
-5.10226
 10
-1.00642
 20
-5.1279
 10
-1.0017
 20
-5.1279
 10
-1.0017
 20
-5.1459
 10
-1.00642
 20
-5.1459
 10
-1.00642
 20
-5.22271
 10
-1.05584
 20
-5.22271
 10
-1.05584
 20
-5.28242
 10
-1.05627
 20
-5.28242
 10
-1.14645
 20
-5.32469
 10
-1.14195
 20
-5.33426
 10
-1.41408
 20
-5.46079
 10
-1.50449
 20
-5.50282
 10
-1.50855
 20
-5.49418
 10
-1.59884
 20
-5.53674
 10
-1.60308
 20
-5.5272
 10
-1.51297
 20
-5.4848
 10
-1.51058
 20
-5.48987
 10
-1.49232
 20
-5.48987
 10
-1.23696
 20
-5.36711
 10
-1.14646
 20
-5.32469
 10
-1.15043
 20
-5.31625
 10
-1.13511
 20
-5.30904
 10
-1.13511
 20
-5.2319
 10
-2.1815
 20
-5.2319
 10
-2.1815
 20
-5.2227
 10
-2.1909
 20
-5.2227
 10
-2.1909
 20
-4.2319
 10
-2.88005
 20
-4.2319
 10
-2.88005
 20
-4.2912
 97
0
 92
3
 72
0
 73
1
 93
4
 10
-2.18151
 20
-4.0319
 10
-2.1815
 20
-4.2227
 10
-1.9911
 20
-4.2227
 10
-1.9911
 20
-4.0319
 97
0
 92
3
 72
0
 73
1
 93
6
 10
-1.37248
 20
0.54744
 10
-1.37248
 20
0.51215
 10
-1.35965
 20
0.51215
 10
-1.35965
 20
0.54798
 10
-1.37195
 20
0.54798
 10
-1.37219
 20
0.54774
 97
0
 92
3
 72
0
 73
1
 93
124
 10
-3.0971
 20
8.201
 10
-3.0971
 20
8.183
 10
-3.09109
 20
8.183
 10
-3.09109
 20
8.15723
 10
-3.051
 20
8.15723
 10
-3.051
 20
8.0772
 10
-3.0509
 20
8.0769
 10
-3.0509
 20
8.04796
 10
-3.09564
 20
8.04796
 10
-3.09932
 20
8.04612
 10
-3.10003
 20
8.0457
 10
-3.10094
 20
8.04478
 10
-3.10186
 20
8.04294
 10
-3.1038
 20
8.03908
 10
-3.10413
 20
8.03842
 10
-3.10413
 20
7.98223
 10
-3.10364
 20
7.98127
 10
-3.10094
 20
7.97587
 10
-3.09998
 20
7.97539
 10
-3.09458
 20
7.97269
 10
-3.03734
 20
7.97269
 10
-3.03638
 20
7.97318
 10
-3.03098
 20
7.97587
 10
-3.03066
 20
7.97684
 10
-3.02886
 20
7.98223
 10
-3.02886
 20
8.0379
 10
-1.58605
 20
8.0379
 10
-1.5853
 20
8.0473
 10
-1.5781
 20
8.0473
 10
-1.5781
 20
8.089
 10
-1.53311
 20
8.089
 10
-1.53242
 20
8.08935
 10
-1.52675
 20
8.09218
 10
-1.52641
 20
8.09276
 10
-1.52357
 20
8.09748
 10
-1.52357
 20
8.15473
 10
-1.52452
 20
8.1585
 10
-1.52453
 20
8.15857
 10
-1.52873
 20
8.16275
 10
-1.52873
 20
8.21086
 10
-1.50741
 20
8.2079
 10
-1.50577
 20
8.2079
 10
-1.50571
 20
8.20795
 10
-1.50556
 20
8.2081
 10
-1.50413
 20
8.20955
 10
-1.50413
 20
8.21036
 10
-1.49728
 20
8.2568
 10
-1.49675
 20
8.26038
 10
-1.49675
 20
8.26284
 10
-1.49826
 20
8.26435
 10
-1.51439
 20
8.26655
 10
-1.46089
 20
8.64781
 10
-1.45622
 20
8.68104
 10
-1.43853
 20
8.68104
 10
-1.43853
 20
8.68186
 10
-1.43771
 20
8.68268
 10
-1.43771
 20
8.6835
 10
-1.43086
 20
8.73072
 10
-1.43033
 20
8.73434
 10
-1.43033
 20
8.73598
 10
-1.43115
 20
8.7368
 10
-1.43121
 20
8.73686
 10
-1.43197
 20
8.73762
 10
-1.43279
 20
8.73762
 10
-1.4663
 20
8.74219
 10
-1.46887
 20
8.74254
 10
-1.47051
 20
8.74254
 10
-1.47057
 20
8.74249
 10
-1.47203
 20
8.74101
 10
-1.47824
 20
8.69287
 10
-1.47871
 20
8.68924
 10
-1.47871
 20
8.6876
 10
-1.47789
 20
8.68678
 10
-1.47707
 20
8.68596
 10
-1.46133
 20
8.68596
 10
-1.51516
 20
8.30234
 10
-1.51979
 20
8.2694
 10
-1.53611
 20
8.2694
 10
-1.53693
 20
8.26858
 10
-1.53836
 20
8.26858
 10
-1.54069
 20
8.25054
 10
-1.5781
 20
8.25054
 10
-1.5781
 20
8.2773
 10
-1.5866
 20
8.2773
 10
-1.5866
 20
8.2861
 10
-1.60557
 20
8.2861
 10
-1.60557
 20
8.32954
 10
-1.58612
 20
8.32781
 10
-1.58612
 20
8.33735
 10
-1.58516
 20
8.34508
 10
-1.58506
 20
8.3469
 10
-1.6847
 20
8.35538
 10
-1.68478
 20
8.35467
 10
-2.08329
 20
8.38506
 10
-2.08431
 20
8.37534
 10
-2.18399
 20
8.38294
 10
-2.18399
 20
8.3734
 10
-2.12719
 20
8.36907
 10
-2.08541
 20
8.36492
 10
-2.08525
 20
8.36642
 10
-1.68587
 20
8.33516
 10
-1.68587
 20
8.2861
 10
-2.96137
 20
8.2861
 10
-2.96137
 20
8.36325
 10
-2.94618
 20
8.37022
 10
-2.94708
 20
8.37226
 10
-2.58454
 20
8.54175
 10
-2.58363
 20
8.53983
 10
-2.56572
 20
8.54853
 10
-2.49353
 20
8.58223
 10
-2.49466
 20
8.58463
 10
-2.49797
 20
8.59167
 10
-2.56996
 20
8.55793
 10
-2.58814
 20
8.54941
 10
-2.76678
 20
8.46567
 10
-2.77013
 20
8.4662
 10
-2.95035
 20
8.37962
 10
-3.04043
 20
8.33739
 10
-3.04064
 20
8.33739
 10
-3.04064
 20
8.2861
 10
-3.042
 20
8.2861
 10
-3.042
 20
8.27768
 10
-3.09109
 20
8.27768
 10
-3.09109
 20
8.201
 97
0
 92
3
 72
0
 73
1
 93
17
 10
-1.53003
 20
1.31448
 10
-1.52496
 20
1.31448
 10
-1.52496
 20
1.31101
 10
-1.52564
 20
1.30936
 10
-1.52584
 20
1.30887
 10
-1.52749
 20
1.30819
 10
-1.52798
 20
1.30799
 10
-1.76198
 20
1.30799
 10
-1.76363
 20
1.30867
 10
-1.76412
 20
1.30887
 10
-1.765
 20
1.31964
 10
-1.765
 20
1.34898
 10
-1.76432
 20
1.35063
 10
-1.76412
 20
1.35112
 10
-1.76247
 20
1.3518
 10
-1.76198
 20
1.352
 10
-1.53003
 20
1.352
 97
0
 92
3
 72
0
 73
1
 93
12
 10
-2.191
 20
-6.4728
 10
-2.18151
 20
-6.4728
 10
-2.1815
 20
-6.482
 10
-1.93146
 20
-6.482
 10
-1.93119
 20
-6.4719
 10
-1.9229
 20
-6.4719
 10
-1.9229
 20
-6.2227
 10
-1.9317
 20
-6.2227
 10
-1.9317
 20
-6.2139
 10
-2.1815
 20
-6.2139
 10
-2.1815
 20
-6.2227
 10
-2.191
 20
-6.2227
 97
0
 92
3
 72
0
 73
1
 93
9
 10
-2.2719
 20
10.402
 10
-2.2719
 20
10.393
 10
-2.281
 20
10.393
 10
-2.281
 20
10.1548
 10
-2.2809
 20
10.0829
 10
-2.272
 20
10.0829
 10
-2.272
 20
10.0739
 10
-1.9529
 20
10.0739
 10
-1.9529
 20
10.402
 97
0
 92
3
 72
0
 73
1
 93
4
 10
-3.64158
 20
8.24301
 10
-3.64158
 20
8.19213
 10
-3.6914
 20
8.19213
 10
-3.6914
 20
8.24301
 97
0
 92
3
 72
0
 73
1
 93
12
 10
-5.2409
 20
-6.4727
 10
-5.2315
 20
-6.4727
 10
-5.2315
 20
-6.482
 10
-4.98055
 20
-6.482
 10
-4.97917
 20
-6.4728
 10
-4.9729
 20
-6.4728
 10
-4.9729
 20
-6.2227
 10
-4.9817
 20
-6.2227
 10
-4.9817
 20
-6.2139
 10
-5.2315
 20
-6.2139
 10
-5.2315
 20
-6.2227
 10
-5.2409
 20
-6.2227
 97
0
 92
3
 72
0
 73
1
 93
4
 10
3.1286
 20
8.2714
 10
3.3
 20
8.2714
 10
3.3
 20
8.2571
 10
3.1286
 20
8.2571
 97
0
 92
3
 72
0
 73
1
 93
4
 10
3.1143
 20
8.2571
 10
3.3143
 20
8.2571
 10
3.3143
 20
8.0857
 10
3.1143
 20
8.0857
 97
0
 92
3
 72
0
 73
1
 93
4
 10
3.1286
 20
8.0857
 10
3.3
 20
8.0857
 10
3.3
 20
8.0714
 10
3.1286
 20
8.0714
 97
0
 92
3
 72
0
 73
1
 93
4
 10
5.4286
 20
7.0
 10
5.6143
 20
7.0
 10
5.6143
 20
6.9857
 10
5.4286
 20
6.9857
 97
0
 92
3
 72
0
 73
1
 93
4
 10
5.4143
 20
6.9857
 10
5.6286
 20
6.9857
 10
5.6286
 20
6.8143
 10
5.4143
 20
6.8143
 97
0
 92
3
 72
0
 73
1
 93
4
 10
5.4286
 20
6.8143
 10
5.6143
 20
6.8143
 10
5.6143
 20
6.8
 10
5.4286
 20
6.8
 97
0
 92
3
 72
0
 73
1
 93
4
 10
7.3286
 20
7.0
 10
7.5
 20
7.0
 10
7.5
 20
6.9857
 10
7.3286
 20
6.9857
 97
0
 92
3
 72
0
 73
1
 93
4
 10
7.3143
 20
6.9857
 10
7.5143
 20
6.9857
 10
7.5143
 20
6.8143
 10
7.3143
 20
6.8143
 97
0
 92
3
 72
0
 73
1
 93
4
 10
7.3286
 20
6.8143
 10
7.5
 20
6.8143
 10
7.5
 20
6.8
 10
7.3286
 20
6.8
 97
0
 92
3
 72
0
 73
1
 93
4
 10
3.1429
 20
6.6143
 10
3.3143
 20
6.6143
 10
3.3143
 20
6.6
 10
3.1429
 20
6.6
 97
0
 92
3
 72
0
 73
1
 93
4
 10
3.9143
 20
6.6
 10
4.0571
 20
6.6
 10
4.0571
 20
6.5857
 10
3.9143
 20
6.5857
 97
0
 92
3
 72
0
 73
1
 93
4
 10
3.1286
 20
6.6
 10
3.7286
 20
6.6
 10
3.7286
 20
6.5857
 10
3.1286
 20
6.5857
 97
0
 92
3
 72
0
 73
1
 93
4
 10
3.1286
 20
6.5857
 10
4.0714
 20
6.5857
 10
4.0714
 20
6.4143
 10
3.1286
 20
6.4143
 97
0
 92
3
 72
0
 73
1
 93
4
 10
3.1286
 20
6.4143
 10
4.0571
 20
6.4143
 10
4.0571
 20
6.4
 10
3.1286
 20
6.4
 97
0
 92
3
 72
0
 73
1
 93
4
 10
4.0571
 20
6.4
 10
3.1143
 20
6.4
 10
3.1143
 20
5.1286
 10
4.0571
 20
5.1286
 97
0
 92
3
 72
0
 73
1
 93
4
 10
4.0571
 20
5.1286
 10
3.1286
 20
5.1286
 10
3.1286
 20
4.9
 10
4.0571
 20
4.9
 97
0
 92
3
 72
0
 73
1
 93
4
 10
3.1286
 20
4.9
 10
4.0714
 20
4.9
 10
4.0714
 20
4.8143
 10
3.1286
 20
4.8143
 97
0
 92
3
 72
0
 73
1
 93
4
 10
3.1429
 20
4.8143
 10
4.0571
 20
4.8143
 10
4.0571
 20
4.8
 10
3.1429
 20
4.8
 97
0
 92
3
 72
0
 73
1
 93
4
 10
7.3286
 20
4.9143
 10
7.5
 20
4.9143
 10
7.5
 20
4.9
 10
7.3286
 20
4.9
 97
0
 92
3
 72
0
 73
1
 93
4
 10
7.3143
 20
4.9
 10
7.5143
 20
4.9
 10
7.5143
 20
4.8143
 10
7.3143
 20
4.8143
 97
0
 92
3
 72
0
 73
1
 93
4
 10
7.3286
 20
4.8143
 10
7.5
 20
4.8143
 10
7.5
 20
4.8
 10
7.3286
 20
4.8
 97
0
 92
3
 72
0
 73
1
 93
4
 10
3.1286
 20
3.3286
 10
3.3143
 20
3.3286
 10
3.3143
 20
3.3143
 10
3.1286
 20
3.3143
 97
0
 92
3
 72
0
 73
1
 93
4
 10
3.1143
 20
3.3143
 10
3.3286
 20
3.3143
 10
3.3286
 20
3.1429
 10
3.1143
 20
3.1429
 97
0
 92
3
 72
0
 73
1
 93
4
 10
3.1286
 20
3.1429
 10
3.3143
 20
3.1429
 10
3.3143
 20
3.1286
 10
3.1286
 20
3.1286
 97
0
 92
3
 72
0
 73
1
 93
4
 10
2.9857
 20
0.9143
 10
3.0571
 20
0.9143
 10
3.0571
 20
0.9
 10
2.9857
 20
0.9
 97
0
 92
3
 72
0
 73
1
 93
4
 10
2.9714
 20
0.9
 10
3.0714
 20
0.9
 10
3.0714
 20
0.7286
 10
2.9714
 20
0.7286
 97
0
 92
3
 72
0
 73
1
 93
4
 10
2.9857
 20
0.7286
 10
3.0571
 20
0.7286
 10
3.0571
 20
0.7143
 10
2.9857
 20
0.7143
 97
0
 92
3
 72
0
 73
1
 93
4
 10
-5.8143
 20
0.7286
 10
-5.6429
 20
0.7286
 10
-5.6429
 20
0.7143
 10
-5.8143
 20
0.7143
 97
0
 92
3
 72
0
 73
1
 93
4
 10
-5.8286
 20
0.7143
 10
-5.6286
 20
0.7143
 10
-5.6286
 20
0.5429
 10
-5.8286
 20
0.5429
 97
0
 92
3
 72
0
 73
1
 93
4
 10
-5.8143
 20
0.5429
 10
-5.6429
 20
0.5429
 10
-5.6429
 20
0.5286
 10
-5.8143
 20
0.5286
 97
0
 92
3
 72
0
 73
1
 93
4
 10
-5.2286
 20
0.7286
 10
-5.0429
 20
0.7286
 10
-5.0429
 20
0.7143
 10
-5.2286
 20
0.7143
 97
0
 92
3
 72
0
 73
1
 93
4
 10
-5.2429
 20
0.7143
 10
-5.0286
 20
0.7143
 10
-5.0286
 20
0.5286
 10
-5.2429
 20
0.5286
 97
0
 92
3
 72
0
 73
1
 93
4
 10
-5.2286
 20
0.5286
 10
-5.0429
 20
0.5286
 10
-5.0429
 20
0.5143
 10
-5.2286
 20
0.5143
 97
0
 92
3
 72
0
 73
1
 93
4
 10
-4.9857
 20
0.2571
 10
-4.8
 20
0.2571
 10
-4.8
 20
0.2429
 10
-4.9857
 20
0.2429
 97
0
 92
3
 72
0
 73
1
 93
4
 10
-5.0
 20
0.2429
 10
-4.7857
 20
0.2429
 10
-4.7857
 20
0.2286
 10
-5.0
 20
0.2286
 97
0
 92
3
 72
0
 73
1
 93
4
 10
-4.9857
 20
0.2286
 10
-4.8
 20
0.2286
 10
-4.8
 20
0.2143
 10
-4.9857
 20
0.2143
 97
0
 92
3
 72
0
 73
1
 93
4
 10
-5.2143
 20
0.1857
 10
-5.0429
 20
0.1857
 10
-5.0429
 20
0.1714
 10
-5.2143
 20
0.1714
 97
0
 92
3
 72
0
 73
1
 93
4
 10
-5.2286
 20
0.1714
 10
-4.7857
 20
0.1714
 10
-4.7857
 20
0.1571
 10
-5.2286
 20
0.1571
 97
0
 92
3
 72
0
 73
1
 93
4
 10
-5.2286
 20
0.1571
 10
-4.7714
 20
0.1571
 10
-4.7714
 20
0.0857
 10
-5.2286
 20
0.0857
 97
0
 92
3
 72
0
 73
1
 93
4
 10
-5.2143
 20
0.0857
 10
-4.7857
 20
0.0857
 10
-4.7857
 20
0.0714
 10
-5.2143
 20
0.0714
 97
0
 92
3
 72
0
 73
1
 93
4
 10
-5.8143
 20
-0.3286
 10
-5.6429
 20
-0.3286
 10
-5.6429
 20
-0.3429
 10
-5.8143
 20
-0.3429
 97
0
 92
3
 72
0
 73
1
 93
4
 10
-5.8286
 20
-0.3429
 10
-5.6286
 20
-0.3429
 10
-5.6286
 20
-0.5143
 10
-5.8286
 20
-0.5143
 97
0
 92
3
 72
0
 73
1
 93
4
 10
-5.8143
 20
-0.5143
 10
-5.6429
 20
-0.5143
 10
-5.6429
 20
-0.5286
 10
-5.8143
 20
-0.5286
 97
0
 92
3
 72
0
 73
1
 93
4
 10
2.9143
 20
-0.3857
 10
2.9286
 20
-0.3857
 10
2.9286
 20
-0.4
 10
2.9143
 20
-0.4
 97
0
 92
3
 72
0
 73
1
 93
4
 10
2.9
 20
-0.4
 10
2.9429
 20
-0.4
 10
2.9429
 20
-0.4714
 10
2.9
 20
-0.4714
 97
0
 92
3
 72
0
 73
1
 93
4
 10
2.9143
 20
-0.4714
 10
2.9286
 20
-0.4714
 10
2.9286
 20
-0.4857
 10
2.9143
 20
-0.4857
 97
0
 92
3
 72
0
 73
1
 93
4
 10
2.9857
 20
-0.4143
 10
3.0571
 20
-0.4143
 10
3.0571
 20
-0.4286
 10
2.9857
 20
-0.4286
 97
0
 92
3
 72
0
 73
1
 93
4
 10
2.9714
 20
-0.4286
 10
3.0714
 20
-0.4286
 10
3.0714
 20
-0.5429
 10
2.9714
 20
-0.5429
 97
0
 92
3
 72
0
 73
1
 93
4
 10
2.9857
 20
-0.5429
 10
3.0571
 20
-0.5429
 10
3.0571
 20
-0.5571
 10
2.9857
 20
-0.5571
 97
0
 92
3
 72
0
 73
1
 93
4
 10
4.1286
 20
-0.4143
 10
4.3
 20
-0.4143
 10
4.3
 20
-0.4286
 10
4.1286
 20
-0.4286
 97
0
 92
3
 72
0
 73
1
 93
4
 10
4.1143
 20
-0.4286
 10
4.3143
 20
-0.4286
 10
4.3143
 20
-0.5143
 10
4.1143
 20
-0.5143
 97
0
 92
3
 72
0
 73
1
 93
4
 10
4.1286
 20
-0.5143
 10
4.3
 20
-0.5143
 10
4.3
 20
-0.5286
 10
4.1286
 20
-0.5286
 97
0
 92
3
 72
0
 73
1
 93
4
 10
4.1429
 20
-1.2571
 10
4.2714
 20
-1.2571
 10
4.2714
 20
-1.2714
 10
4.1429
 20
-1.2714
 97
0
 92
3
 72
0
 73
1
 93
4
 10
4.1286
 20
-1.2714
 10
4.2857
 20
-1.2714
 10
4.2857
 20
-1.4143
 10
4.1286
 20
-1.4143
 97
0
 92
3
 72
0
 73
1
 93
4
 10
4.1286
 20
-1.4143
 10
4.3
 20
-1.4143
 10
4.3
 20
-1.4571
 10
4.1286
 20
-1.4571
 97
0
 92
3
 72
0
 73
1
 93
4
 10
4.1286
 20
-1.4571
 10
4.3429
 20
-1.4571
 10
4.3429
 20
-1.5286
 10
4.1286
 20
-1.5286
 97
0
 92
3
 72
0
 73
1
 93
4
 10
4.3143
 20
-1.4429
 10
4.3286
 20
-1.4429
 10
4.3286
 20
-1.4571
 10
4.3143
 20
-1.4571
 97
0
 92
3
 72
0
 73
1
 93
4
 10
4.1286
 20
-1.5286
 10
4.3
 20
-1.5286
 10
4.3
 20
-1.6429
 10
4.1286
 20
-1.6429
 97
0
 92
3
 72
0
 73
1
 93
4
 10
4.3143
 20
-1.5286
 10
4.3286
 20
-1.5286
 10
4.3286
 20
-1.5429
 10
4.3143
 20
-1.5429
 97
0
 92
3
 72
0
 73
1
 93
4
 10
4.3286
 20
-1.5429
 10
4.3429
 20
-1.5429
 10
4.3429
 20
-1.5571
 10
4.3286
 20
-1.5571
 97
0
 92
3
 72
0
 73
1
 93
8
 10
4.1286
 20
-1.6429
 10
4.3571
 20
-1.6429
 10
4.3571
 20
-1.5571
 10
4.3143
 20
-1.5571
 10
4.3143
 20
-1.6429
 10
4.3571
 20
-1.6429
 10
4.3571
 20
-1.6857
 10
4.1286
 20
-1.6857
 97
0
 92
3
 72
0
 73
1
 93
4
 10
4.3571
 20
-1.6857
 10
4.3143
 20
-1.6857
 10
4.3143
 20
-1.7571
 10
4.3571
 20
-1.7571
 97
0
 92
3
 72
0
 73
1
 93
4
 10
4.1429
 20
-1.6857
 10
4.3
 20
-1.6857
 10
4.3
 20
-1.7
 10
4.1429
 20
-1.7
 97
0
 92
3
 72
0
 73
1
 93
4
 10
4.3286
 20
-1.7571
 10
4.3429
 20
-1.7571
 10
4.3429
 20
-1.7714
 10
4.3286
 20
-1.7714
 97
0
 92
3
 72
0
 73
1
 93
4
 10
7.3286
 20
-1.2571
 10
7.5
 20
-1.2571
 10
7.5
 20
-1.2714
 10
7.3286
 20
-1.2714
 97
0
 92
3
 72
0
 73
1
 93
4
 10
7.3143
 20
-1.2714
 10
7.5143
 20
-1.2714
 10
7.5143
 20
-1.3857
 10
7.3143
 20
-1.3857
 97
0
 92
3
 72
0
 73
1
 93
4
 10
7.3286
 20
-1.3857
 10
7.5
 20
-1.3857
 10
7.5
 20
-1.4
 10
7.3286
 20
-1.4
 97
0
 92
3
 72
0
 73
1
 93
4
 10
7.3286
 20
-1.4
 10
7.4286
 20
-1.4
 10
7.4286
 20
-1.4143
 10
7.3286
 20
-1.4143
 97
0
 92
3
 72
0
 73
1
 93
4
 10
7.3143
 20
-1.4143
 10
7.4429
 20
-1.4143
 10
7.4429
 20
-1.4286
 10
7.3143
 20
-1.4286
 97
0
 92
3
 72
0
 73
1
 93
4
 10
7.3286
 20
-1.4286
 10
7.4286
 20
-1.4286
 10
7.4286
 20
-1.4429
 10
7.3286
 20
-1.4429
 97
0
 92
3
 72
0
 73
1
 93
4
 10
2.9857
 20
-1.5143
 10
3.0714
 20
-1.5143
 10
3.0714
 20
-1.5286
 10
2.9857
 20
-1.5286
 97
0
 92
3
 72
0
 73
1
 93
4
 10
2.9714
 20
-1.5286
 10
3.0857
 20
-1.5286
 10
3.0857
 20
-1.5429
 10
2.9714
 20
-1.5429
 97
0
 92
3
 72
0
 73
1
 93
4
 10
3.0857
 20
-1.5429
 10
2.9857
 20
-1.5429
 10
2.9857
 20
-1.5571
 10
3.0857
 20
-1.5571
 97
0
 92
3
 72
0
 73
1
 93
4
 10
3.0857
 20
-1.5571
 10
3.0
 20
-1.5571
 10
3.0
 20
-1.5714
 10
3.0857
 20
-1.5714
 97
0
 92
3
 72
0
 73
1
 93
4
 10
3.0143
 20
-1.5714
 10
3.0714
 20
-1.5714
 10
3.0714
 20
-1.5857
 10
3.0143
 20
-1.5857
 97
0
 92
3
 72
0
 73
1
 93
4
 10
3.0286
 20
-1.5857
 10
3.0571
 20
-1.5857
 10
3.0571
 20
-1.6
 10
3.0286
 20
-1.6
 97
0
 92
3
 72
0
 73
1
 93
4
 10
1.2143
 20
-1.7
 10
1.2857
 20
-1.7
 10
1.2857
 20
-1.7143
 10
1.2143
 20
-1.7143
 97
0
 92
3
 72
0
 73
1
 93
4
 10
1.2
 20
-1.7143
 10
1.3
 20
-1.7143
 10
1.3
 20
-1.7714
 10
1.2
 20
-1.7714
 97
0
 92
3
 72
0
 73
1
 93
4
 10
1.2143
 20
-1.7714
 10
1.2857
 20
-1.7714
 10
1.2857
 20
-1.7857
 10
1.2143
 20
-1.7857
 97
0
 92
3
 72
0
 73
1
 93
4
 10
2.5286
 20
-1.7
 10
2.6
 20
-1.7
 10
2.6
 20
-1.7143
 10
2.5286
 20
-1.7143
 97
0
 92
3
 72
0
 73
1
 93
4
 10
2.5143
 20
-1.7143
 10
2.6143
 20
-1.7143
 10
2.6143
 20
-1.7714
 10
2.5143
 20
-1.7714
 97
0
 92
3
 72
0
 73
1
 93
4
 10
2.5286
 20
-1.7714
 10
2.6
 20
-1.7714
 10
2.6
 20
-1.7857
 10
2.5286
 20
-1.7857
 97
0
 92
3
 72
0
 73
1
 93
4
 10
1.0714
 20
-1.8286
 10
1.1857
 20
-1.8286
 10
1.1857
 20
-1.8429
 10
1.0714
 20
-1.8429
 97
0
 92
3
 72
0
 73
1
 93
4
 10
1.0571
 20
-1.8429
 10
1.2
 20
-1.8429
 10
1.2
 20
-1.8714
 10
1.0571
 20
-1.8714
 97
0
 92
3
 72
0
 73
1
 93
4
 10
1.0571
 20
-1.8714
 10
1.2571
 20
-1.8714
 10
1.2571
 20
-1.8857
 10
1.0571
 20
-1.8857
 97
0
 92
3
 72
0
 73
1
 93
4
 10
1.0571
 20
-1.8857
 10
1.2714
 20
-1.8857
 10
1.2714
 20
-1.9143
 10
1.0571
 20
-1.9143
 97
0
 92
3
 72
0
 73
1
 93
4
 10
1.0714
 20
-1.9143
 10
1.2571
 20
-1.9143
 10
1.2571
 20
-1.9286
 10
1.0714
 20
-1.9286
 97
0
 92
3
 72
0
 73
1
 93
4
 10
2.7143
 20
-1.8857
 10
2.7286
 20
-1.8857
 10
2.7286
 20
-1.9
 10
2.7143
 20
-1.9
 97
0
 92
3
 72
0
 73
1
 93
4
 10
2.7
 20
-1.9
 10
2.7429
 20
-1.9
 10
2.7429
 20
-1.9143
 10
2.7
 20
-1.9143
 97
0
 92
3
 72
0
 73
1
 93
4
 10
2.7143
 20
-1.9143
 10
2.7286
 20
-1.9143
 10
2.7286
 20
-1.9286
 10
2.7143
 20
-1.9286
 97
0
 92
3
 72
0
 73
1
 93
4
 10
2.7571
 20
-1.9143
 10
2.7714
 20
-1.9143
 10
2.7714
 20
-1.9286
 10
2.7571
 20
-1.9286
 97
0
 92
3
 72
0
 73
1
 93
4
 10
2.7429
 20
-1.9286
 10
2.7857
 20
-1.9286
 10
2.7857
 20
-1.9429
 10
2.7429
 20
-1.9429
 97
0
 92
3
 72
0
 73
1
 93
4
 10
2.7429
 20
-1.9429
 10
2.8
 20
-1.9429
 10
2.8
 20
-1.9571
 10
2.7429
 20
-1.9571
 97
0
 92
3
 72
0
 73
1
 93
4
 10
2.7429
 20
-1.9571
 10
2.8143
 20
-1.9571
 10
2.8143
 20
-1.9714
 10
2.7429
 20
-1.9714
 97
0
 92
3
 72
0
 73
1
 93
4
 10
2.7286
 20
-1.9714
 10
2.8
 20
-1.9714
 10
2.8
 20
-1.9857
 10
2.7286
 20
-1.9857
 97
0
 92
3
 72
0
 73
1
 93
4
 10
2.7143
 20
-1.9857
 10
2.7857
 20
-1.9857
 10
2.7857
 20
-2.0
 10
2.7143
 20
-2.0
 97
0
 92
3
 72
0
 73
1
 93
4
 10
2.7286
 20
-2.0
 10
2.7714
 20
-2.0
 10
2.7714
 20
-2.0143
 10
2.7286
 20
-2.0143
 97
0
 92
3
 72
0
 73
1
 93
4
 10
2.7429
 20
-2.0143
 10
2.7571
 20
-2.0143
 10
2.7571
 20
-2.0286
 10
2.7429
 20
-2.0286
 97
0
 92
3
 72
0
 73
1
 93
4
 10
3.2571
 20
-2.3571
 10
3.2714
 20
-2.3571
 10
3.2714
 20
-2.3714
 10
3.2571
 20
-2.3714
 97
0
 92
3
 72
0
 73
1
 93
4
 10
3.2429
 20
-2.3714
 10
3.2857
 20
-2.3714
 10
3.2857
 20
-2.3857
 10
3.2429
 20
-2.3857
 97
0
 92
3
 72
0
 73
1
 93
4
 10
3.2286
 20
-2.3857
 10
3.3
 20
-2.3857
 10
3.3
 20
-2.4
 10
3.2286
 20
-2.4
 97
0
 92
3
 72
0
 73
1
 93
4
 10
3.2143
 20
-2.4
 10
3.2857
 20
-2.4
 10
3.2857
 20
-2.4143
 10
3.2143
 20
-2.4143
 97
0
 92
3
 72
0
 73
1
 93
4
 10
3.2
 20
-2.4143
 10
3.2714
 20
-2.4143
 10
3.2714
 20
-2.4286
 10
3.2
 20
-2.4286
 97
0
 92
3
 72
0
 73
1
 93
4
 10
3.1857
 20
-2.4286
 10
3.2571
 20
-2.4286
 10
3.2571
 20
-2.4429
 10
3.1857
 20
-2.4429
 97
0
 92
3
 72
0
 73
1
 93
4
 10
3.1714
 20
-2.4429
 10
3.2286
 20
-2.4429
 10
3.2286
 20
-2.4571
 10
3.1714
 20
-2.4571
 97
0
 92
3
 72
0
 73
1
 93
4
 10
3.1857
 20
-2.4571
 10
3.2143
 20
-2.4571
 10
3.2143
 20
-2.4714
 10
3.1857
 20
-2.4714
 97
0
 92
3
 72
0
 73
1
 93
4
 10
4.1286
 20
-2.4143
 10
4.3
 20
-2.4143
 10
4.3
 20
-2.4286
 10
4.1286
 20
-2.4286
 97
0
 92
3
 72
0
 73
1
 93
4
 10
3.8286
 20
-2.4286
 10
4.3143
 20
-2.4286
 10
4.3143
 20
-2.4429
 10
3.8286
 20
-2.4429
 97
0
 92
3
 72
0
 73
1
 93
4
 10
4.3143
 20
-2.4429
 10
3.8143
 20
-2.4429
 10
3.8143
 20
-2.5143
 10
4.3143
 20
-2.5143
 97
0
 92
3
 72
0
 73
1
 93
4
 10
3.8286
 20
-2.5143
 10
4.3
 20
-2.5143
 10
4.3
 20
-2.5286
 10
3.8286
 20
-2.5286
 97
0
 92
3
 72
0
 73
1
 93
4
 10
3.3143
 20
-2.4286
 10
3.3286
 20
-2.4286
 10
3.3286
 20
-2.4429
 10
3.3143
 20
-2.4429
 97
0
 92
3
 72
0
 73
1
 93
4
 10
3.3
 20
-2.4429
 10
3.3429
 20
-2.4429
 10
3.3429
 20
-2.4571
 10
3.3
 20
-2.4571
 97
0
 92
3
 72
0
 73
1
 93
4
 10
3.3143
 20
-2.4571
 10
3.3286
 20
-2.4571
 10
3.3286
 20
-2.4714
 10
3.3143
 20
-2.4714
 97
0
 92
3
 72
0
 73
1
 93
4
 10
-5.8143
 20
-3.1143
 10
-5.6429
 20
-3.1143
 10
-5.6429
 20
-3.1286
 10
-5.8143
 20
-3.1286
 97
0
 92
3
 72
0
 73
1
 93
4
 10
-5.8286
 20
-3.1286
 10
-5.6286
 20
-3.1286
 10
-5.6286
 20
-3.3
 10
-5.8286
 20
-3.3
 97
0
 92
3
 72
0
 73
1
 93
4
 10
-5.8143
 20
-3.3
 10
-5.6429
 20
-3.3
 10
-5.6429
 20
-3.3143
 10
-5.8143
 20
-3.3143
 97
0
 92
3
 72
0
 73
1
 93
4
 10
-5.2143
 20
-4.0143
 10
-5.0429
 20
-4.0143
 10
-5.0429
 20
-4.0286
 10
-5.2143
 20
-4.0286
 97
0
 92
3
 72
0
 73
1
 93
4
 10
-5.2286
 20
-4.0286
 10
-5.0286
 20
-4.0286
 10
-5.0286
 20
-4.2
 10
-5.2286
 20
-4.2
 97
0
 92
3
 72
0
 73
1
 93
4
 10
-5.2143
 20
-4.2
 10
-5.0429
 20
-4.2
 10
-5.0429
 20
-4.2143
 10
-5.2143
 20
-4.2143
 97
0
 92
3
 72
0
 73
1
 93
4
 10
4.3286
 20
-4.0143
 10
4.3429
 20
-4.0143
 10
4.3429
 20
-4.0286
 10
4.3286
 20
-4.0286
 97
0
 92
3
 72
0
 73
1
 93
4
 10
4.1286
 20
-4.0143
 10
4.3
 20
-4.0143
 10
4.3
 20
-4.0286
 10
4.1286
 20
-4.0286
 97
0
 92
3
 72
0
 73
1
 93
4
 10
4.1143
 20
-4.0286
 10
4.3571
 20
-4.0286
 10
4.3571
 20
-4.1143
 10
4.1143
 20
-4.1143
 97
0
 92
3
 72
0
 73
1
 93
4
 10
4.1143
 20
-4.1143
 10
4.3714
 20
-4.1143
 10
4.3714
 20
-4.1286
 10
4.1143
 20
-4.1286
 97
0
 92
3
 72
0
 73
1
 93
4
 10
4.1143
 20
-4.1286
 10
4.3571
 20
-4.1286
 10
4.3571
 20
-4.1857
 10
4.1143
 20
-4.1857
 97
0
 92
3
 72
0
 73
1
 93
4
 10
4.1143
 20
-4.1857
 10
4.3143
 20
-4.1857
 10
4.3143
 20
-4.2
 10
4.1143
 20
-4.2
 97
0
 92
3
 72
0
 73
1
 93
4
 10
4.3286
 20
-4.1857
 10
4.3429
 20
-4.1857
 10
4.3429
 20
-4.2
 10
4.3286
 20
-4.2
 97
0
 92
3
 72
0
 73
1
 93
4
 10
4.1286
 20
-4.2
 10
4.3
 20
-4.2
 10
4.3
 20
-4.2143
 10
4.1286
 20
-4.2143
 97
0
 92
3
 72
0
 73
1
 93
4
 10
-2.1714
 20
-4.0286
 10
-2.0
 20
-4.0286
 10
-2.0
 20
-4.0429
 10
-2.1714
 20
-4.0429
 97
0
 92
3
 72
0
 73
1
 93
4
 10
-2.1857
 20
-4.0429
 10
-1.9857
 20
-4.0429
 10
-1.9857
 20
-4.2143
 10
-2.1857
 20
-4.2143
 97
0
 92
3
 72
0
 73
1
 93
4
 10
-2.1714
 20
-4.2143
 10
-2.0
 20
-4.2143
 10
-2.0
 20
-4.2286
 10
-2.1714
 20
-4.2286
 97
0
 92
3
 72
0
 73
1
 93
4
 10
-2.1714
 20
-5.0143
 10
-1.9857
 20
-5.0143
 10
-1.9857
 20
-5.0286
 10
-2.1714
 20
-5.0286
 97
0
 92
3
 72
0
 73
1
 93
4
 10
-2.1857
 20
-5.0286
 10
-1.9714
 20
-5.0286
 10
-1.9714
 20
-5.0857
 10
-2.1857
 20
-5.0857
 97
0
 92
3
 72
0
 73
1
 93
4
 10
-1.9714
 20
-5.0857
 10
-2.2286
 20
-5.0857
 10
-2.2286
 20
-5.1429
 10
-1.9714
 20
-5.1429
 97
0
 92
3
 72
0
 73
1
 93
4
 10
-2.2143
 20
-5.0714
 10
-2.2
 20
-5.0714
 10
-2.2
 20
-5.0857
 10
-2.2143
 20
-5.0857
 97
0
 92
3
 72
0
 73
1
 93
4
 10
-1.9714
 20
-5.1429
 10
-2.1857
 20
-5.1429
 10
-2.1857
 20
-5.2
 10
-1.9714
 20
-5.2
 97
0
 92
3
 72
0
 73
1
 93
4
 10
-2.2143
 20
-5.1429
 10
-2.2
 20
-5.1429
 10
-2.2
 20
-5.1571
 10
-2.2143
 20
-5.1571
 97
0
 92
3
 72
0
 73
1
 93
4
 10
-2.1714
 20
-5.2
 10
-1.9857
 20
-5.2
 10
-1.9857
 20
-5.2143
 10
-2.1714
 20
-5.2143
 97
0
 92
3
 72
0
 73
1
 93
4
 10
1.0714
 20
-5.0143
 10
1.2286
 20
-5.0143
 10
1.2286
 20
-5.0286
 10
1.0714
 20
-5.0286
 97
0
 92
3
 72
0
 73
1
 93
4
 10
1.0571
 20
-5.0286
 10
1.2429
 20
-5.0286
 10
1.2429
 20
-5.0429
 10
1.0571
 20
-5.0429
 97
0
 92
3
 72
0
 73
1
 93
4
 10
1.0571
 20
-5.0429
 10
1.2571
 20
-5.0429
 10
1.2571
 20
-5.2
 10
1.0571
 20
-5.2
 97
0
 92
3
 72
0
 73
1
 93
4
 10
1.0714
 20
-5.2
 10
1.2429
 20
-5.2
 10
1.2429
 20
-5.2143
 10
1.0714
 20
-5.2143
 97
0
 75
1
 76
1
 52
0.0
 41
0.02
 77
0
 78
1
 53
45.0
 43
0.0
 44
0.0
 45
-0.0449012806
 46
0.0449012806
 79
0
 98
0
  0
LWPOLYLINE
  5
EA
330
17
100
AcDbEntity
  8
GIRIS_DUVAR
100
AcDbPolyline
 90
4
 70
1
 38
4.6996
 10
7.3185
 20
-1.26557
 10
7.3185
 20
-1.389
 10
7.5091
 20
-1.389
 10
7.5091
 20
-1.26557
  0
LWPOLYLINE
  5
EB
330
17
100
AcDbEntity
  8
GIRIS_DUVAR
100
AcDbPolyline
 90
171
 70
1
 38
4.6996
 10
7.2
 20
-1.159
 10
7.2
 20
-1.207
 10
7.20007
 20
-1.39801
 10
7.2001
 20
-1.407
 10
7.5183
 20
-1.407
 10
7.5183
 20
-1.3978
 10
7.5271
 20
-1.3978
 10
7.5271
 20
7.0023
 10
7.5183
 20
7.0023
 10
7.5183
 20
7.011
 10
5.4184
 20
7.011
 10
5.4184
 20
7.0023
 10
5.4089
 20
7.0023
 10
5.4089
 20
6.6111
 10
4.90887
 20
6.6111
 10
4.90887
 20
6.66245
 10
4.21913
 20
6.66245
 10
4.21913
 20
6.6111
 10
3.327
 20
6.6111
 10
3.327
 20
8.2773
 10
3.3184
 20
8.2773
 10
3.3184
 20
8.2861
 10
2.36919
 20
8.2861
 10
2.36919
 20
8.36358
 10
2.38382
 20
8.37022
 10
2.38347
 20
8.3711
 10
2.74636
 20
8.53983
 10
2.76505
 20
8.54853
 10
2.83752
 20
8.58223
 10
2.8364
 20
8.58463
 10
2.83308
 20
8.59168
 10
2.76095
 20
8.55793
 10
2.74201
 20
8.54907
 10
2.37958
 20
8.38165
 10
2.37899
 20
8.37923
 10
2.28956
 20
8.33739
 10
2.28889
 20
8.33739
 10
2.28889
 20
8.30753
 10
2.28805
 20
8.27768
 10
2.23845
 20
8.27768
 10
2.23845
 20
8.24301
 10
2.18983
 20
8.24301
 10
2.18983
 20
8.19213
 10
2.2333
 20
8.19213
 10
2.2333
 20
8.183
 10
2.23841
 20
8.183
 10
2.23845
 20
8.16099
 10
2.23845
 20
8.15723
 10
2.279
 20
8.15723
 10
2.279
 20
8.04796
 10
2.23435
 20
8.04796
 10
2.22975
 20
8.0452
 10
2.22919
 20
8.04492
 10
2.22905
 20
8.04478
 10
2.22799
 20
8.04266
 10
2.22619
 20
8.03907
 10
2.22587
 20
8.03842
 10
2.22587
 20
7.98223
 10
2.22635
 20
7.98127
 10
2.22905
 20
7.97587
 10
2.23001
 20
7.97539
 10
2.23541
 20
7.97269
 10
2.29265
 20
7.97269
 10
2.29362
 20
7.97318
 10
2.29901
 20
7.97587
 10
2.29933
 20
7.97684
 10
2.30113
 20
7.98223
 10
2.30113
 20
8.0379
 10
3.0789
 20
8.0379
 10
3.0789
 20
3.3659
 10
0.7883
 20
3.3659
 10
0.7883
 20
3.3573
 10
0.7789
 20
3.3573
 10
0.7789
 20
3.0973
 10
0.7883
 20
3.0973
 10
0.7883
 20
3.088
 10
4.079
 20
3.088
 10
4.079
 20
0.9659
 10
3.15782
 20
0.9659
 10
3.15782
 20
1.42904
 10
3.15838
 20
1.92905
 10
3.15782
 20
1.92905
 10
3.15782
 20
1.92962
 10
3.01309
 20
1.92962
 10
3.01309
 20
0.9659
 10
2.9384
 20
0.9659
 10
2.9384
 20
0.9573
 10
2.929
 20
0.9573
 10
2.929
 20
0.65263
 10
2.91913
 20
0.65263
 10
2.91913
 20
0.57782
 10
2.929
 20
0.57782
 10
2.929
 20
0.5773
 10
2.9384
 20
0.5773
 10
2.9384
 20
0.5679
 10
2.93931
 20
0.5679
 10
2.93931
 20
0.55765
 10
3.00402
 20
0.55765
 10
3.00402
 20
0.5773
 10
3.06835
 20
0.5773
 10
3.0684
 20
0.5679
 10
3.06958
 20
0.5679
 10
3.06958
 20
0.55765
 10
3.07193
 20
0.55597
 10
3.8924
 20
0.55597
 10
3.8924
 20
0.59799
 10
3.1069
 20
0.59799
 10
3.1069
 20
0.6881
 10
4.079
 20
0.6881
 10
4.079
 20
0.5474
 10
4.0884
 20
0.5474
 10
4.0884
 20
0.538
 10
4.3485
 20
0.538
 10
4.3485
 20
0.5474
 10
4.3571
 20
0.5474
 10
4.3571
 20
3.3573
 10
4.3485
 20
3.3573
 10
4.3485
 20
3.3659
 10
3.357
 20
3.3659
 10
3.357
 20
4.763
 10
4.34206
 20
4.763
 10
4.34206
 20
4.75245
 10
4.41686
 20
4.75245
 10
4.41686
 20
4.763
 10
4.42492
 20
4.763
 10
4.42501
 20
4.77262
 10
4.43703
 20
4.77262
 10
4.43703
 20
4.85247
 10
4.44039
 20
4.85247
 10
4.44039
 20
5.74505
 10
4.39837
 20
5.74505
 10
4.39837
 20
4.95249
 10
4.34206
 20
4.95249
 10
4.34206
 20
4.9409
 10
4.107
 20
4.9409
 10
4.107
 20
6.363
 10
4.2184
 20
6.363
 10
4.2184
 20
6.3724
 10
4.227
 20
6.3724
 10
4.227
 20
6.38421
 10
4.22712
 20
6.48229
 10
4.8989
 20
6.48229
 10
4.8989
 20
6.4022
 10
4.899
 20
6.3724
 10
4.9084
 20
6.3724
 10
4.9084
 20
6.363
 10
5.64899
 20
6.363
 10
5.64964
 20
6.3724
 10
5.657
 20
6.3724
 10
5.657
 20
6.763
 10
7.279
 20
6.763
 10
7.279
 20
4.9409
 10
5.39685
 20
4.9409
 10
5.39685
 20
4.95249
 10
5.32205
 20
4.95249
 10
5.32205
 20
4.9409
 10
5.3212
 20
4.9409
 10
5.3212
 20
4.93231
 10
5.30188
 20
4.93231
 10
5.30188
 20
4.77262
 10
5.3184
 20
4.77262
 10
5.3184
 20
4.7632
 10
5.32205
 20
4.7632
 10
5.32205
 20
4.75245
 10
5.39685
 20
4.75245
 10
5.39685
 20
4.76321
 10
6.1592
 20
4.7633
 10
6.44706
 20
4.7634
 10
6.87939
 20
4.7633
 10
7.279
 20
4.7634
 10
7.279
 20
-1.159
  0
LWPOLYLINE
  5
EC
330
17
100
AcDbEntity
  8
GIRIS_DUVAR
100
AcDbPolyline
 90
6
 70
1
 38
4.6996
 10
7.31848
 20
4.87512
 10
7.3185
 20
4.80246
 10
7.34497
 20
4.80237
 10
7.5091
 20
4.80237
 10
7.5091
 20
4.9023
 10
7.31855
 20
4.9023
  0
LWPOLYLINE
  5
ED
330
17
100
AcDbEntity
  8
GIRIS_DUVAR
100
AcDbPolyline
 90
4
 70
1
 38
4.6996
 10
2.977
 20
0.918
 10
2.977
 20
0.7273
 10
3.06835
 20
0.7273
 10
3.06835
 20
0.918
  0
LWPOLYLINE
  5
EE
330
17
100
AcDbEntity
  8
GIRIS_DUVAR
100
AcDbPolyline
 90
5
 70
1
 38
4.6996
 10
3.11832
 20
3.3273
 10
3.11832
 20
3.136
 10
3.3184
 20
3.136
 10
3.3184
 20
3.32701
 10
3.2911
 20
3.3273
  0
LWPOLYLINE
  5
EF
330
17
100
AcDbEntity
  8
GIRIS_DUVAR
100
AcDbPolyline
 90
17
 70
1
 38
4.6996
 10
3.1269
 20
6.60229
 10
3.1269
 20
4.8024
 10
3.3184
 20
4.8024
 10
3.3184
 20
4.811
 10
4.06838
 20
4.811
 10
4.06838
 20
4.9023
 10
4.0589
 20
4.9023
 10
4.0589
 20
4.90238
 10
4.05482
 20
4.90241
 10
4.05502
 20
4.92039
 10
4.05515
 20
4.93507
 10
4.0589
 20
4.93504
 10
4.059
 20
6.4024
 10
4.06838
 20
6.4024
 10
4.06838
 20
6.5931
 10
3.3184
 20
6.5931
 10
3.3184
 20
6.60229
  0
LWPOLYLINE
  5
F0
330
17
100
AcDbEntity
  8
GIRIS_DUVAR
100
AcDbPolyline
 90
4
 70
1
 38
4.6996
 10
3.11832
 20
8.2681
 10
3.11832
 20
8.0773
 10
3.309
 20
8.0773
 10
3.309
 20
8.2681
  0
LWPOLYLINE
  5
F1
330
17
100
AcDbEntity
  8
GIRIS_DUVAR
100
AcDbPolyline
 90
9
 70
1
 38
4.6996
 10
5.4269
 20
6.993
 10
5.4269
 20
6.8024
 10
5.61845
 20
6.8024
 10
5.61845
 20
6.993
 10
7.31847
 20
6.993
 10
7.3185
 20
6.80244
 10
7.34498
 20
6.80238
 10
7.5091
 20
6.80238
 10
7.5091
 20
6.993
  0
LWPOLYLINE
  5
F2
330
17
100
AcDbEntity
  8
GIRIS_DUVAR
100
AcDbPolyline
 90
128
 70
1
 38
4.6996
 10
2.78699
 20
-4.05045
 10
2.78699
 20
-4.05209
 10
2.78878
 20
-4.06832
 10
2.78781
 20
-4.06931
 10
2.78781
 20
-4.07095
 10
2.79114
 20
-4.11229
 10
2.79191
 20
-4.12179
 10
2.79273
 20
-4.12261
 10
2.79273
 20
-4.12343
 10
2.79355
 20
-4.12425
 10
2.79519
 20
-4.12425
 10
2.81733
 20
-4.12223
 10
2.81733
 20
-4.16033
 10
2.81751
 20
-4.16051
 10
2.81815
 20
-4.16115
 10
2.81833
 20
-4.16133
 10
2.81897
 20
-4.16197
 10
2.81915
 20
-4.16215
 10
2.81979
 20
-4.16279
 10
2.8685
 20
-4.16279
 10
2.8685
 20
-4.2319
 10
2.89318
 20
-4.2319
 10
2.89318
 20
-4.28281
 10
2.94878
 20
-4.28281
 10
2.94878
 20
-4.2319
 10
4.3184
 20
-4.2319
 10
4.3184
 20
-4.2227
 10
4.327
 20
-4.22261
 10
4.318
 20
-3.35682
 10
4.318
 20
-3.0394
 10
4.3147
 20
-3.0394
 10
4.3239
 20
-2.14845
 10
4.3239
 20
-1.69676
 10
4.31869
 20
-1.60102
 10
4.29999
 20
-1.26146
 10
4.36869
 20
-1.26137
 10
4.36852
 20
-1.26928
 10
4.39395
 20
-1.26981
 10
4.39526
 20
-1.20862
 10
4.4282
 20
-1.20862
 10
4.42817
 20
-1.19737
 10
4.42817
 20
-1.1968
 10
4.42811
 20
-1.17742
 10
4.39593
 20
-1.17731
 10
4.3961
 20
-1.16947
 10
4.3571
 20
-1.16864
 10
4.3571
 20
-0.2926
 10
4.3485
 20
-0.2926
 10
4.3485
 20
-0.284
 10
4.0884
 20
-0.284
 10
4.0884
 20
-0.2926
 10
4.079
 20
-0.2926
 10
4.079
 20
-0.384
 10
3.1069
 20
-0.384
 10
3.1069
 20
-0.3226
 10
3.0983
 20
-0.3226
 10
3.0983
 20
-0.314
 10
3.06958
 20
-0.314
 10
3.06958
 20
-0.30215
 10
2.93931
 20
-0.30215
 10
2.93931
 20
-0.314
 10
2.9384
 20
-0.314
 10
2.9384
 20
-0.32232
 10
2.91913
 20
-0.32232
 10
2.91913
 20
-0.39797
 10
2.929
 20
-0.39797
 10
2.929
 20
-1.50607
 10
2.76624
 20
-1.66873
 10
2.65097
 20
-1.784
 10
2.5407
 20
-1.784
 10
2.5407
 20
-1.962
 10
2.66774
 20
-1.962
 10
2.72649
 20
-2.02074
 10
2.73759
 20
-2.03185
 10
2.75188
 20
-2.01756
 10
2.72467
 20
-1.99035
 10
2.74526
 20
-1.96976
 10
2.7387
 20
-1.9632
 10
2.74548
 20
-1.95645
 10
2.72236
 20
-1.93323
 10
2.70302
 20
-1.914
 10
2.667
 20
-1.914
 10
2.667
 20
-1.83613
 10
2.73181
 20
-1.77127
 10
2.8164
 20
-1.8558
 10
2.76028
 20
-1.9125
 10
2.77763
 20
-1.93034
 10
2.80793
 20
-1.96151
 10
2.75188
 20
-2.01756
 10
2.76617
 20
-2.03185
 10
2.79063
 20
-2.00738
 10
2.87963
 20
-1.91838
 10
2.86534
 20
-1.90409
 10
2.87963
 20
-1.89065
 10
2.86073
 20
-1.87173
 10
2.88114
 20
-1.85132
 10
2.88804
 20
-1.84442
 10
2.92471
 20
-1.80725
 10
2.95023
 20
-1.78139
 10
2.96064
 20
-1.77147
 10
2.96788
 20
-1.76458
 10
3.00506
 20
-1.72691
 10
3.03092
 20
-1.7007
 10
3.04773
 20
-1.68389
 10
3.0849
 20
-1.64721
 10
3.11076
 20
-1.6217
 10
3.12067
 20
-1.61129
 10
3.12757
 20
-1.60404
 10
3.17565
 20
-1.55646
 10
3.2091
 20
-1.52336
 10
3.19175
 20
-1.50552
 10
3.17968
 20
-1.4931
 10
3.14623
 20
-1.52655
 10
3.1068
 20
-1.56599
 10
3.1068
 20
-0.5619
 10
4.0786
 20
-0.5619
 10
4.0786
 20
-2.3833
 10
3.37227
 20
-2.3833
 10
3.34777
 20
-2.35878
 10
3.30743
 20
-2.31845
 10
3.2998
 20
-2.32608
 10
3.29726
 20
-2.32354
 10
3.29661
 20
-2.32419
 10
3.26476
 20
-2.29234
 10
3.2522
 20
-2.30483
 10
3.27221
 20
-2.32509
 10
3.25439
 20
-2.34291
 10
3.16539
 20
-2.43191
  0
LWPOLYLINE
  5
F3
330
17
100
AcDbEntity
  8
GIRIS_DUVAR
100
AcDbPolyline
 90
72
 70
1
 38
4.6996
 10
2.78699
 20
-4.05045
 10
2.78781
 20
-4.04963
 10
2.78822
 20
-4.04922
 10
2.78863
 20
-4.04881
 10
2.8015
 20
-4.04881
 10
2.77202
 20
-3.70794
 10
2.74236
 20
-3.36492
 10
2.72795
 20
-3.36492
 10
2.72753
 20
-3.36451
 10
2.72713
 20
-3.3641
 10
2.72713
 20
-3.36246
 10
2.72631
 20
-3.35513
 10
2.72699
 20
-3.34756
 10
2.72467
 20
-3.34524
 10
2.72467
 20
-3.34442
 10
2.72385
 20
-3.3436
 10
2.72308
 20
-3.3341
 10
2.71975
 20
-3.29276
 10
2.71975
 20
-3.29112
 10
2.72041
 20
-3.29045
 10
2.72057
 20
-3.2903
 10
2.72123
 20
-3.28963
 10
2.72139
 20
-3.28948
 10
2.72221
 20
-3.28948
 10
2.72895
 20
-3.28887
 10
2.75829
 20
-3.2862
 10
2.75911
 20
-3.2862
 10
2.75992
 20
-3.28702
 10
2.76075
 20
-3.28702
 10
2.76141
 20
-3.28768
 10
2.76157
 20
-3.28784
 10
2.76157
 20
-3.28948
 10
2.76233
 20
-3.29898
 10
2.76321
 20
-3.34278
 10
2.74895
 20
-3.34407
 10
2.76075
 20
-3.36738
 10
2.78966
 20
-3.70168
 10
2.81897
 20
-4.04061
 10
2.81897
 20
-4.05522
 10
2.82947
 20
-4.06588
 10
2.82963
 20
-4.06603
 10
2.82963
 20
-4.08243
 10
2.8685
 20
-4.08243
 10
2.8685
 20
-4.0227
 10
4.11841
 20
-4.0227
 10
4.11841
 20
-4.2139
 10
4.30891
 20
-4.2139
 10
4.30692
 20
-4.0227
 10
2.8601
 20
-4.0227
 10
2.8601
 20
-3.9927
 10
2.8685
 20
-3.9927
 10
2.8685
 20
-3.9839
 10
4.079
 20
-3.9839
 10
4.079
 20
-3.462
 10
3.7884
 20
-3.462
 10
3.78838
 20
-3.4526
 10
3.779
 20
-3.4526
 10
3.779
 20
-2.5621
 10
3.28347
 20
-2.5621
 10
3.24864
 20
-2.52727
 10
3.22613
 20
-2.50481
 10
3.21834
 20
-2.5126
 10
3.20573
 20
-2.49998
 10
3.16539
 20
-2.45965
 10
3.17968
 20
-2.44536
 10
3.20502
 20
-2.42021
 10
3.2647
 20
-2.36097
 10
3.29198
 20
-2.38771
 10
3.22759
 20
-2.45199
 10
3.22754
 20
-2.45194
 10
3.22244
 20
-2.45704
 10
3.2069
 20
-2.47258
  0
LWPOLYLINE
  5
F4
330
17
100
AcDbEntity
  8
GIRIS_DUVAR
100
AcDbPolyline
 90
4
 70
1
 38
4.6996
 10
3.27594
 20
-2.48661
 10
3.30314
 20
-2.5139
 10
3.3398
 20
-2.5139
 10
3.3398
 20
-2.42256
  0
LWPOLYLINE
  5
F5
330
17
100
AcDbEntity
  8
GIRIS_DUVAR
100
AcDbPolyline
 90
7
 70
1
 38
4.6996
 10
3.81837
 20
-2.432
 10
3.8184
 20
-2.52268
 10
3.84509
 20
-2.52271
 10
4.30203
 20
-2.52271
 10
4.30305
 20
-2.42471
 10
4.1183
 20
-2.4228
 10
4.1183
 20
-2.432
  0
LWPOLYLINE
  5
F6
330
17
100
AcDbEntity
  8
GIRIS_DUVAR
100
AcDbPolyline
 90
5
 70
1
 38
4.6996
 10
4.1269
 20
-1.26168
 10
4.1269
 20
-1.697
 10
4.30589
 20
-1.697
 10
4.30071
 20
-1.60199
 10
4.28196
 20
-1.26148
  0
LWPOLYLINE
  5
F7
330
17
100
AcDbEntity
  8
GIRIS_DUVAR
100
AcDbPolyline
 90
5
 70
1
 38
4.6996
 10
2.977
 20
-0.4228
 10
2.977
 20
-0.5523
 10
3.06847
 20
-0.5523
 10
3.06837
 20
-0.52291
 10
3.06837
 20
-0.4228
  0
LWPOLYLINE
  5
F8
330
17
100
AcDbEntity
  8
GIRIS_DUVAR
100
AcDbPolyline
 90
6
 70
1
 38
4.6996
 10
4.11835
 20
-0.4319
 10
4.11835
 20
-0.52269
 10
4.3089
 20
-0.52269
 10
4.3089
 20
-0.4228
 10
4.1184
 20
-0.4228
 10
4.1184
 20
-0.4319
  0
LWPOLYLINE
  5
F9
330
17
100
AcDbEntity
  8
GIRIS_DUVAR
100
AcDbPolyline
 90
4
 70
1
 38
4.6996
 10
2.9684
 20
-1.5214
 10
3.05386
 20
-1.60681
 10
3.0888
 20
-1.57187
 10
3.0888
 20
-1.5214
  0
LWPOLYLINE
  5
FA
330
17
100
AcDbEntity
  8
GIRIS_DUVAR
100
AcDbPolyline
 90
12
 70
1
 38
4.6996
 10
4.0589
 20
-6.4728
 10
4.06838
 20
-6.4728
 10
4.0684
 20
-6.482
 10
4.31984
 20
-6.482
 10
4.32168
 20
-6.4728
 10
4.327
 20
-6.4728
 10
4.327
 20
-6.2227
 10
4.3184
 20
-6.2227
 10
4.3184
 20
-6.2139
 10
4.0684
 20
-6.2139
 10
4.0684
 20
-6.2227
 10
4.0589
 20
-6.2227
  0
LWPOLYLINE
  5
FB
330
17
100
AcDbEntity
  8
GIRIS_DUVAR
100
AcDbPolyline
 90
83
 70
1
 38
4.6996
 10
0.10237
 20
-1.962
 10
1.042
 20
-1.962
 10
1.04316
 20
-1.96917
 10
1.029
 20
-1.97389
 10
1.029
 20
-4.984
 10
0.1434
 20
-4.984
 10
0.1434
 20
-4.9926
 10
0.134
 20
-4.9926
 10
0.134
 20
-5.0228
 10
0.1341
 20
-5.10226
 10
0.09407
 20
-5.10226
 10
0.09407
 20
-5.1279
 10
0.0888
 20
-5.1279
 10
0.0888
 20
-5.1371
 10
-0.18047
 20
-5.1371
 10
-0.18047
 20
-5.18798
 10
0.09407
 20
-5.18798
 10
0.09407
 20
-5.22271
 10
0.1433
 20
-5.22271
 10
0.1433
 20
-5.2319
 10
0.14452
 20
-5.2319
 10
0.14452
 20
-5.28263
 10
0.14039
 20
-5.29169
 10
0.3216
 20
-5.3763
 10
0.32172
 20
-5.37616
 10
0.59194
 20
-5.50215
 10
0.59337
 20
-5.50282
 10
0.59634
 20
-5.49582
 10
0.50685
 20
-5.45196
 10
0.50676
 20
-5.45119
 10
0.14452
 20
-5.28242
 10
0.22481
 20
-5.28242
 10
0.22481
 20
-5.2319
 10
1.2684
 20
-5.2319
 10
1.2684
 20
-5.2227
 10
1.277
 20
-5.2227
 10
1.277
 20
-4.2319
 10
1.83901
 20
-4.2319
 10
1.83901
 20
-4.28281
 10
1.89563
 20
-4.28281
 10
1.89563
 20
-4.2319
 10
1.9185
 20
-4.2319
 10
1.9185
 20
-4.16279
 10
1.96944
 20
-4.16279
 10
1.96962
 20
-4.16261
 10
1.97026
 20
-4.16197
 10
1.97044
 20
-4.16179
 10
1.97108
 20
-4.16115
 10
1.97108
 20
-4.08407
 10
1.9709
 20
-4.08389
 10
1.97026
 20
-4.08325
 10
1.96944
 20
-4.08325
 10
1.96862
 20
-4.08243
 10
1.9185
 20
-4.08243
 10
1.9185
 20
-4.02271
 10
1.9279
 20
-4.0227
 10
1.9279
 20
-3.9927
 10
1.9185
 20
-3.9927
 10
1.9185
 20
-3.9839
 10
1.3071
 20
-3.9839
 10
1.3071
 20
-1.953
 10
1.309
 20
-1.953
 10
1.309
 20
-1.784
 10
0.17723
 20
-1.784
 10
0.15137
 20
-1.75814
 10
0.1117
 20
-1.71837
 10
0.10416
 20
-1.72453
 10
0.0992
 20
-1.71947
 10
0.0991
 20
-1.71957
 10
0.09426
 20
-1.72431
 10
0.07792
 20
-1.74076
 10
0.08418
 20
-1.74698
 10
0.0323
 20
-1.79886
 10
0.03097
 20
-1.80019
 10
0.01483
 20
-1.81627
 10
0.00687
 20
-1.8113
 10
0.00205
 20
-1.81622
 10
-0.01009
 20
-1.82874
 10
-0.01359
 20
-1.83217
 10
-0.014
 20
-1.83257
 10
-0.0119
 20
-1.84189
 10
-0.01426
 20
-1.84536
 10
0.05234
 20
-1.91196
  0
LWPOLYLINE
  5
FC
330
17
100
AcDbEntity
  8
GIRIS_DUVAR
100
AcDbPolyline
 90
5
 70
1
 38
4.6996
 10
0.134
 20
-5.0228
 10
1.0684
 20
-5.0228
 10
1.0684
 20
-5.2139
 10
1.259
 20
-5.2139
 10
1.259
 20
-5.0228
  0
LWPOLYLINE
  5
FD
330
17
100
AcDbEntity
  8
GIRIS_DUVAR
100
AcDbPolyline
 90
4
 70
1
 38
4.6996
 10
1.06838
 20
-1.832
 10
1.0684
 20
-1.92279
 10
1.26847
 20
-1.92279
 10
1.26847
 20
-1.832
  0
LWPOLYLINE
  5
FE
330
17
100
AcDbEntity
  8
GIRIS_DUVAR
100
AcDbPolyline
 90
5
 70
1
 38
4.6996
 10
0.59734
 20
-5.49438
 10
0.68751
 20
-5.53664
 10
0.68913
 20
-5.53321
 10
0.69191
 20
-5.5273
 10
0.60185
 20
-5.4848
  0
LWPOLYLINE
  5
FF
330
17
100
AcDbEntity
  8
GIRIS_DUVAR
100
AcDbPolyline
 90
13
 70
1
 38
4.6996
 10
0.96227
 20
-1.99613
 10
0.96227
 20
-3.95407
 10
0.96336
 20
-3.95443
 10
0.96545
 20
-3.95513
 10
0.98242
 20
-3.95513
 10
0.98314
 20
-3.95477
 10
0.98454
 20
-3.95407
 10
0.9849
 20
-3.95334
 10
0.9856
 20
-3.95195
 10
0.9856
 20
-1.99719
 10
0.98523
 20
-1.99683
 10
0.98454
 20
-1.99613
 10
0.97556
 20
-1.9917
  0
LWPOLYLINE
  5
100
330
17
100
AcDbEntity
  8
GIRIS_DUVAR
100
AcDbPolyline
 90
4
 70
1
 38
4.6996
 10
1.68948
 20
8.24301
 10
1.7393
 20
8.24301
 10
1.7393
 20
8.19213
 10
1.68948
 20
8.19213
  0
LWPOLYLINE
  5
101
330
17
100
AcDbEntity
  8
GIRIS_DUVAR
100
AcDbPolyline
 90
12
 70
1
 38
4.6996
 10
1.0089
 20
-6.4728
 10
1.01839
 20
-6.4728
 10
1.0184
 20
-6.482
 10
1.2701
 20
-6.482
 10
1.2724
 20
-6.4728
 10
1.277
 20
-6.4728
 10
1.277
 20
-6.2227
 10
1.2684
 20
-6.2227
 10
1.2684
 20
-6.2139
 10
1.0184
 20
-6.2139
 10
1.0184
 20
-6.2227
 10
1.0089
 20
-6.2227
  0
LWPOLYLINE
  5
102
330
17
100
AcDbEntity
  8
GIRIS_DUVAR
100
AcDbPolyline
 90
122
 70
1
 38
4.6996
 10
-0.54144
 20
8.7368
 10
-0.54144
 20
8.73598
 10
-0.54226
 20
8.73516
 10
-0.54226
 20
8.73434
 10
-0.5354
 20
8.68713
 10
-0.53488
 20
8.6835
 10
-0.53488
 20
8.68268
 10
-0.53406
 20
8.68186
 10
-0.53324
 20
8.68104
 10
-0.51626
 20
8.68104
 10
-0.46301
 20
8.30152
 10
-0.45878
 20
8.27137
 10
-0.4742
 20
8.26366
 10
-0.47502
 20
8.26284
 10
-0.47502
 20
8.262
 10
-0.47584
 20
8.26038
 10
-0.46898
 20
8.21393
 10
-0.46832
 20
8.2094
 10
-0.46682
 20
8.2079
 10
-0.46518
 20
8.2079
 10
-0.44304
 20
8.21092
 10
-0.44304
 20
8.16324
 10
-0.44771
 20
8.15857
 10
-0.44867
 20
8.15473
 10
-0.44867
 20
8.09748
 10
-0.44832
 20
8.0969
 10
-0.44549
 20
8.09218
 10
-0.44491
 20
8.09184
 10
-0.44019
 20
8.089
 10
-0.3961
 20
8.089
 10
-0.3961
 20
8.0473
 10
-0.3867
 20
8.0473
 10
-0.3867
 20
8.0379
 10
1.07676
 20
8.0379
 10
1.07676
 20
7.98223
 10
1.07708
 20
7.98127
 10
1.07888
 20
7.97587
 10
1.07984
 20
7.97539
 10
1.08524
 20
7.97269
 10
1.14248
 20
7.97269
 10
1.14345
 20
7.97318
 10
1.14884
 20
7.97587
 10
1.14917
 20
7.97684
 10
1.15097
 20
7.98223
 10
1.15097
 20
8.03842
 10
1.14982
 20
8.04282
 10
1.14884
 20
8.04478
 10
1.14793
 20
8.0457
 10
1.14328
 20
8.04756
 10
1.14248
 20
8.04796
 10
1.097
 20
8.04796
 10
1.097
 20
8.0773
 10
1.0969
 20
8.15723
 10
1.13898
 20
8.15723
 10
1.13898
 20
8.183
 10
1.1433
 20
8.183
 10
1.1433
 20
8.201
 10
1.13898
 20
8.201
 10
1.13898
 20
8.27768
 10
1.08956
 20
8.27768
 10
1.08956
 20
8.33739
 10
1.04158
 20
8.35931
 10
0.99815
 20
8.37939
 10
1.00256
 20
8.3893
 10
0.72381
 20
8.51889
 10
0.67877
 20
8.53983
 10
0.64002
 20
8.55785
 10
0.63635
 20
8.54893
 10
0.61708
 20
8.55793
 10
0.54568
 20
8.59127
 10
0.54143
 20
8.58223
 10
0.63339
 20
8.54175
 10
0.99498
 20
8.37226
 10
0.99449
 20
8.37115
 10
1.00927
 20
8.36427
 10
1.00927
 20
8.2861
 10
-0.2858
 20
8.2861
 10
-0.2858
 20
8.3352
 10
0.11316
 20
8.36492
 10
0.11312
 20
8.36573
 10
0.15697
 20
8.36907
 10
0.21387
 20
8.3734
 10
0.21281
 20
8.384
 10
0.21275
 20
8.384
 10
0.15591
 20
8.37957
 10
0.11257
 20
8.37619
 10
0.11218
 20
8.38356
 10
-0.28746
 20
8.3546
 10
-0.28754
 20
8.35538
 10
-0.38613
 20
8.3469
 10
-0.38602
 20
8.34508
 10
-0.3856
 20
8.33739
 10
-0.38507
 20
8.32781
 10
-0.36713
 20
8.32942
 10
-0.36713
 20
8.2861
 10
-0.3865
 20
8.2861
 10
-0.3865
 20
8.2773
 10
-0.396
 20
8.2773
 10
-0.396
 20
8.25054
 10
-0.43402
 20
8.25054
 10
-0.43402
 20
8.26776
 10
-0.43484
 20
8.26858
 10
-0.43566
 20
8.26858
 10
-0.43648
 20
8.2694
 10
-0.45395
 20
8.2694
 10
-0.50591
 20
8.64862
 10
-0.51115
 20
8.68596
 10
-0.4947
 20
8.68596
 10
-0.49388
 20
8.68678
 10
-0.49388
 20
8.6876
 10
-0.49306
 20
8.68842
 10
-0.49306
 20
8.68924
 10
-0.49991
 20
8.73644
 10
-0.50044
 20
8.74008
 10
-0.50044
 20
8.7409
 10
-0.50065
 20
8.74111
 10
-0.50209
 20
8.74254
 10
-0.50372
 20
8.74254
 10
-0.53645
 20
8.73797
 10
-0.53898
 20
8.73762
 10
-0.54062
 20
8.73762
 10
-0.54068
 20
8.73757
  0
LWPOLYLINE
  5
103
330
17
100
AcDbEntity
  8
GIRIS_DUVAR
100
AcDbPolyline
 90
4
 70
1
 38
4.6996
 10
-0.0006
 20
10.402
 10
0.3275
 20
10.402
 10
0.3275
 20
10.0739
 10
-0.0006
 20
10.0739
  0
LWPOLYLINE
  5
104
330
17
100
AcDbEntity
  8
GIRIS_DUVAR
100
AcDbPolyline
 90
4
 70
1
 38
4.6996
 10
-0.45609
 20
-5.1371
 10
-0.45609
 20
-5.18798
 10
-0.73065
 20
-5.18798
 10
-0.73065
 20
-5.1371
  0
LWPOLYLINE
  5
105
330
17
100
AcDbEntity
  8
GIRIS_DUVAR
100
AcDbPolyline
 90
4
 70
1
 38
4.6996
 10
-5.223
 20
-4.02271
 10
-5.223
 20
-4.2139
 10
-5.03151
 20
-4.2139
 10
-5.03151
 20
-4.02271
  0
LWPOLYLINE
  5
106
330
17
100
AcDbEntity
  8
GIRIS_DUVAR
100
AcDbPolyline
 90
329
 70
1
 38
4.6996
 10
-5.8315
 20
-3.3321
 10
-5.241
 20
-3.3321
 10
-5.241
 20
-4.2227
 10
-5.2315
 20
-4.2227
 10
-5.2315
 20
-4.2319
 10
-4.28012
 20
-4.2319
 10
-4.28012
 20
-4.27287
 10
-4.31578
 20
-4.27315
 10
-4.31578
 20
-4.27794
 10
-4.31684
 20
-4.27794
 10
-4.31684
 20
-4.28362
 10
-4.80243
 20
-4.28809
 10
-4.85959
 20
-4.28869
 10
-4.85959
 20
-4.29859
 10
-4.80218
 20
-4.29869
 10
-4.43794
 20
-4.29448
 10
-4.31578
 20
-4.29329
 10
-4.18009
 20
-4.29223
 10
-4.18115
 20
-4.28163
 10
-4.1809
 20
-4.27688
 10
-4.18115
 20
-4.27209
 10
-4.19982
 20
-4.27224
 10
-4.19982
 20
-4.2319
 10
-4.1815
 20
-4.2319
 10
-4.1815
 20
-4.19969
 10
-4.13546
 20
-4.19969
 10
-4.13285
 20
-4.21773
 10
-4.13145
 20
-4.21773
 10
-4.13063
 20
-4.21855
 10
-4.11443
 20
-4.21855
 10
-4.07983
 20
-4.46514
 10
-4.05598
 20
-4.63512
 10
-4.07158
 20
-4.63512
 10
-4.07322
 20
-4.63676
 10
-4.07322
 20
-4.6384
 10
-4.0681
 20
-4.6781
 10
-4.06654
 20
-4.69018
 10
-4.06566
 20
-4.69106
 10
-4.06502
 20
-4.6917
 10
-4.06338
 20
-4.6917
 10
-4.03521
 20
-4.68785
 10
-4.0273
 20
-4.68678
 10
-4.02648
 20
-4.68678
 10
-4.0263
 20
-4.6866
 10
-4.02566
 20
-4.68596
 10
-4.02566
 20
-4.68514
 10
-4.02484
 20
-4.68432
 10
-4.02484
 20
-4.6835
 10
-4.03061
 20
-4.6438
 10
-4.03222
 20
-4.63266
 10
-4.03222
 20
-4.63184
 10
-4.03386
 20
-4.6302
 10
-4.05098
 20
-4.6302
 10
-4.08551
 20
-4.38329
 10
-4.10903
 20
-4.21572
 10
-4.09208
 20
-4.21341
 10
-4.09208
 20
-4.21198
 10
-4.09126
 20
-4.21117
 10
-4.09703
 20
-4.17047
 10
-4.09864
 20
-4.15951
 10
-4.09864
 20
-4.15869
 10
-4.09964
 20
-4.15769
 10
-4.10029
 20
-4.15705
 10
-4.10192
 20
-4.15705
 10
-4.12407
 20
-4.16014
 10
-4.12407
 20
-4.12015
 10
-4.12489
 20
-4.12015
 10
-4.12571
 20
-4.11933
 10
-4.1815
 20
-4.11933
 10
-4.1815
 20
-4.0227
 10
-4.1729
 20
-4.0227
 10
-4.1729
 20
-3.9927
 10
-4.1815
 20
-3.9927
 10
-4.1815
 20
-3.9839
 10
-4.9929
 20
-3.9839
 10
-4.9929
 20
-3.0928
 10
-5.0015
 20
-3.0928
 10
-5.0015
 20
-3.084
 10
-5.593
 20
-3.084
 10
-5.593
 20
-2.4279
 10
-5.6016
 20
-2.4279
 10
-5.6016
 20
-2.4189
 10
-5.6949
 20
-2.4189
 10
-5.6949
 20
-2.3728
 10
-5.7458
 20
-2.3728
 10
-5.7458
 20
-1.283
 10
-5.6949
 20
-1.283
 10
-5.6949
 20
-1.2371
 10
-5.6317
 20
-1.2371
 10
-5.6317
 20
-1.2369
 10
-5.6016
 20
-1.2369
 10
-5.6016
 20
-1.2279
 10
-5.593
 20
-1.2279
 10
-5.593
 20
-0.5621
 10
-5.0015
 20
-0.5621
 10
-5.0015
 20
-0.5527
 10
-4.9929
 20
-0.5527
 10
-4.9929
 20
-0.4619
 10
-4.7516
 20
-0.4619
 10
-4.7516
 20
-0.4527
 10
-4.7431
 20
-0.4527
 10
-4.7431
 20
0.0381
 10
-3.3005
 20
0.0381
 10
-1.2211
 20
0.038
 10
-1.2211
 20
-0.63933
 10
-1.05346
 20
-0.80657
 10
-0.97247
 20
-0.88723
 10
-0.95981
 20
-0.87454
 10
-0.98502
 20
-0.84934
 10
-0.97002
 20
-0.83424
 10
-0.97532
 20
-0.82898
 10
-0.95844
 20
-0.81213
 10
-0.90451
 20
-0.75827
 10
-0.89917
 20
-0.7635
 10
-0.89441
 20
-0.75864
 10
-0.87806
 20
-0.74238
 10
-0.8846
 20
-0.7358
 10
-0.87844
 20
-0.72964
 10
-0.943
 20
-0.66507
 10
-0.943
 20
1.7074
 10
-0.9516
 20
1.7074
 10
-0.9516
 20
1.716
 10
-1.2117
 20
1.716
 10
-1.2117
 20
1.7074
 10
-1.2211
 20
1.7074
 10
-1.2211
 20
1.3692
 10
-1.4395
 20
1.3692
 10
-1.4395
 20
1.1168
 10
-1.2211
 20
1.1168
 10
-1.2211
 20
0.2159
 10
-2.6429
 20
0.2159
 10
-2.6429
 20
1.1168
 10
-2.6065
 20
1.1168
 10
-2.6065
 20
1.31448
 10
-2.53453
 20
1.31448
 10
-2.51185
 20
1.31549
 10
-2.50912
 20
1.30887
 10
-2.50863
 20
1.30867
 10
-2.50698
 20
1.30799
 10
-2.33007
 20
1.30799
 10
-2.27567
 20
1.30936
 10
-2.27499
 20
1.31101
 10
-2.27499
 20
1.34898
 10
-2.27519
 20
1.34947
 10
-2.27587
 20
1.35112
 10
-2.27636
 20
1.35132
 10
-2.27801
 20
1.352
 10
-2.50781
 20
1.352
 10
-2.51106
 20
1.35845
 10
-2.51154
 20
1.35869
 10
-2.51315
 20
1.3595
 10
-2.6065
 20
1.3595
 10
-2.6065
 20
1.3692
 10
-2.6429
 20
1.3692
 10
-2.6429
 20
1.7074
 10
-2.6515
 20
1.7074
 10
-2.6515
 20
1.716
 10
-2.9116
 20
1.716
 10
-2.9116
 20
1.7074
 10
-2.9208
 20
1.7074
 10
-2.9208
 20
1.0848
 10
-2.921
 20
1.0848
 10
-2.921
 20
0.2159
 10
-4.9929
 20
0.2159
 10
-4.9929
 20
0.7572
 10
-5.0015
 20
0.7572
 10
-5.0015
 20
0.766
 10
-5.593
 20
0.766
 10
-5.593
 20
1.1272
 10
-5.6016
 20
1.1272
 10
-5.6016
 20
1.136
 10
-5.6316
 20
1.136
 10
-5.6316
 20
1.1359
 10
-5.71004
 20
1.1359
 10
-5.71004
 20
1.17747
 10
-5.7458
 20
1.17747
 10
-5.7458
 20
1.75294
 10
-5.71004
 20
1.75294
 10
-5.71004
 20
2.32738
 10
-5.7458
 20
2.32738
 10
-5.7458
 20
2.87814
 10
-5.71004
 20
2.87814
 10
-5.71004
 20
2.918
 10
-5.64959
 20
2.918
 10
-5.6016
 20
2.91793
 10
-5.6016
 20
2.9273
 10
-5.593
 20
2.9273
 10
-5.593
 20
3.2879
 10
-5.0015
 20
3.2879
 10
-5.0015
 20
3.2973
 10
-4.9929
 20
3.2973
 10
-4.9929
 20
8.0379
 10
-4.25323
 20
8.0379
 10
-4.25323
 20
7.97905
 10
-4.25291
 20
7.97809
 10
-4.25111
 20
7.97269
 10
-4.25015
 20
7.97221
 10
-4.24475
 20
7.96951
 10
-4.18751
 20
7.96951
 10
-4.18655
 20
7.96999
 10
-4.18115
 20
7.97269
 10
-4.18083
 20
7.97366
 10
-4.17903
 20
7.97905
 10
-4.17903
 20
8.03524
 10
-4.17919
 20
8.03589
 10
-4.18023
 20
8.03976
 10
-4.18115
 20
8.0416
 10
-4.18207
 20
8.04252
 10
-4.18292
 20
8.04294
 10
-4.18751
 20
8.04478
 10
-4.2329
 20
8.04478
 10
-4.2329
 20
8.0773
 10
-4.2331
 20
8.0773
 10
-4.2331
 20
8.15723
 10
-4.19055
 20
8.15723
 10
-4.19055
 20
8.183
 10
-4.1869
 20
8.183
 10
-4.1869
 20
8.19213
 10
-4.14193
 20
8.19213
 10
-4.14193
 20
8.24301
 10
-4.19055
 20
8.24301
 10
-4.19055
 20
8.27768
 10
-4.241
 20
8.27768
 10
-4.241
 20
8.33739
 10
-4.24165
 20
8.33739
 10
-4.33142
 20
8.38134
 10
-4.33176
 20
8.38151
 10
-4.33174
 20
8.37929
 10
-4.69442
 20
8.54963
 10
-4.71213
 20
8.55793
 10
-4.78412
 20
8.59168
 10
-4.78744
 20
8.58463
 10
-4.78856
 20
8.58223
 10
-4.71637
 20
8.54853
 10
-4.69767
 20
8.54175
 10
-4.69846
 20
8.53983
 10
-4.33501
 20
8.37226
 10
-4.33592
 20
8.37022
 10
-4.3213
 20
8.36351
 10
-4.3213
 20
8.2861
 10
-5.2315
 20
8.2861
 10
-5.2315
 20
8.2773
 10
-5.241
 20
8.2773
 10
-5.241
 20
3.5361
 10
-5.8315
 20
3.5361
 10
-5.8315
 20
3.5273
 10
-5.841
 20
3.5273
 10
-5.841
 20
3.12094
 10
-5.86393
 20
3.11927
 10
-5.88328
 20
3.25146
 10
-5.9602
 20
3.77691
 10
-5.95993
 20
3.77697
 10
-5.96735
 20
3.82573
 10
-5.97078
 20
3.82535
 10
-5.97689
 20
3.82467
 10
-5.96963
 20
3.77503
 10
-5.97053
 20
3.77485
 10
-5.92952
 20
3.50068
 10
-5.84545
 20
2.92574
 10
-5.8315
 20
2.92882
 10
-5.8315
 20
2.918
 10
-5.83049
 20
2.918
 10
-5.83049
 20
2.87814
 10
-5.7809
 20
2.87814
 10
-5.7809
 20
2.8723
 10
-5.77124
 20
2.8723
 10
-5.77124
 20
2.32738
 10
-5.83049
 20
2.32738
 10
-5.83049
 20
1.75294
 10
-5.77124
 20
1.75294
 10
-5.77124
 20
1.1823
 10
-5.7809
 20
1.1823
 10
-5.7809
 20
1.17747
 10
-5.83049
 20
1.17747
 10
-5.83049
 20
1.1359
 10
-5.8315
 20
1.1359
 10
-5.8315
 20
1.12585
 10
-5.84545
 20
1.12893
 10
-5.89282
 20
0.80494
 10
-5.97689
 20
0.23
 10
-5.97346
 20
0.22962
 10
-5.96735
 20
0.22894
 10
-5.95993
 20
0.27876
 10
-5.91998
 20
0.55292
 10
-5.86392
 20
0.93561
 10
-5.841
 20
0.93394
 10
-5.841
 20
0.5273
 10
-5.8315
 20
0.5273
 10
-5.8315
 20
0.5181
 10
-5.241
 20
0.5181
 10
-5.241
 20
-0.314
 10
-5.8315
 20
-0.314
 10
-5.8315
 20
-0.3226
 10
-5.841
 20
-0.3226
 10
-5.841
 20
-1.14706
 10
-5.88555
 20
-1.14706
 10
-5.88573
 20
-1.13006
 10
-5.89526
 20
-1.12956
 10
-5.89421
 20
-1.22865
 10
-5.89368
 20
-1.22918
 10
-5.88025
 20
-1.22839
 10
-5.8315
 20
-1.22839
 10
-5.8315
 20
-1.2371
 10
-5.83049
 20
-1.2371
 10
-5.83049
 20
-1.2778
 10
-5.77124
 20
-1.2778
 10
-5.77124
 20
-2.3783
 10
-5.83049
 20
-2.3783
 10
-5.83049
 20
-2.4189
 10
-5.8315
 20
-2.4189
 10
-5.8315
 20
-2.42771
 10
-5.87457
 20
-2.42771
 10
-5.89367
 20
-2.42546
 10
-5.89421
 20
-2.42546
 10
-5.8951
 20
-2.52616
 10
-5.89527
 20
-2.52616
 10
-5.89686
 20
-2.72612
 10
-5.89863
 20
-2.92632
 10
-5.89897
 20
-2.92634
 10
-5.89897
 20
-3.02651
 10
-5.88891
 20
-3.02651
 10
-5.88891
 20
-2.92581
 10
-5.88679
 20
-2.72666
 10
-5.88537
 20
-2.52616
 10
-5.88467
 20
-2.52616
 10
-5.88467
 20
-2.50698
 10
-5.841
 20
-2.50698
 10
-5.841
 20
-3.3226
 10
-5.8315
 20
-3.3226
  0
LWPOLYLINE
  5
107
330
17
100
AcDbEntity
  8
GIRIS_DUVAR
100
AcDbPolyline
 90
4
 70
1
 38
4.6996
 10
-5.823
 20
-3.1228
 10
-5.823
 20
-3.3141
 10
-5.6317
 20
-3.3141
 10
-5.6317
 20
-3.1228
  0
LWPOLYLINE
  5
108
330
17
100
AcDbEntity
  8
GIRIS_DUVAR
100
AcDbPolyline
 90
4
 70
1
 38
4.6996
 10
-5.823
 20
-0.332
 10
-5.823
 20
-0.52269
 10
-5.6317
 20
-0.52269
 10
-5.6317
 20
-0.332
  0
LWPOLYLINE
  5
109
330
17
100
AcDbEntity
  8
GIRIS_DUVAR
100
AcDbPolyline
 90
6
 70
1
 38
4.6996
 10
-5.223
 20
0.1773
 10
-5.223
 20
0.0774
 10
-4.78163
 20
0.0774
 10
-4.78163
 20
0.1679
 10
-5.0315
 20
0.1679
 10
-5.0315
 20
0.1773
  0
LWPOLYLINE
  5
10A
330
17
100
AcDbEntity
  8
GIRIS_DUVAR
100
AcDbPolyline
 90
4
 70
1
 38
4.6996
 10
-5.823
 20
0.72726
 10
-5.823
 20
0.5361
 10
-5.6317
 20
0.5361
 10
-5.6317
 20
0.72726
  0
LWPOLYLINE
  5
10B
330
17
100
AcDbEntity
  8
GIRIS_DUVAR
100
AcDbPolyline
 90
5
 70
1
 38
4.6996
 10
-5.2315
 20
0.7179
 10
-5.2315
 20
0.52732
 10
-5.20501
 20
0.52729
 10
-5.0411
 20
0.52729
 10
-5.0411
 20
0.7179
  0
LWPOLYLINE
  5
10C
330
17
100
AcDbEntity
  8
GIRIS_DUVAR
100
AcDbPolyline
 90
13
 70
1
 38
4.6996
 10
-5.89739
 20
-0.92879
 10
-5.89579
 20
-1.12953
 10
-5.90587
 20
-1.129
 10
-5.90693
 20
-0.92932
 10
-5.90746
 20
-0.92928
 10
-5.90904
 20
-0.73024
 10
-5.90905
 20
-0.72936
 10
-5.8995
 20
-0.72936
 10
-5.90056
 20
-0.62921
 10
-5.90003
 20
-0.62918
 10
-5.88997
 20
-0.62865
 10
-5.88908
 20
-0.72936
 10
-5.89897
 20
-0.72936
  0
LWPOLYLINE
  5
10D
330
17
100
AcDbEntity
  8
GIRIS_DUVAR
100
AcDbPolyline
 90
12
 70
1
 38
4.6996
 10
-1.2211
 20
3.0973
 10
-1.2117
 20
3.0973
 10
-1.2117
 20
3.088
 10
-0.95126
 20
3.088
 10
-0.95088
 20
3.0973
 10
-0.943
 20
3.0973
 10
-0.943
 20
3.7573
 10
-0.9516
 20
3.7573
 10
-0.9516
 20
3.7659
 10
-1.2117
 20
3.7659
 10
-1.2117
 20
3.75731
 10
-1.2211
 20
3.7573
  0
LWPOLYLINE
  5
10E
330
17
100
AcDbEntity
  8
GIRIS_DUVAR
100
AcDbPolyline
 90
4
 70
1
 38
4.6996
 10
-2.1729
 20
-5.0228
 10
-2.1729
 20
-5.2139
 10
-1.9817
 20
-5.2139
 10
-1.9817
 20
-5.0228
  0
LWPOLYLINE
  5
10F
330
17
100
AcDbEntity
  8
GIRIS_DUVAR
100
AcDbPolyline
 90
118
 70
1
 38
4.6996
 10
-2.79219
 20
-4.2979
 10
-2.78818
 20
-4.29523
 10
-2.66048
 20
-4.30778
 10
-2.65996
 20
-4.30283
 10
-2.59636
 20
-4.30919
 10
-2.59742
 20
-4.31873
 10
-2.59716
 20
-4.32454
 10
-2.59742
 20
-4.32933
 10
-2.66208
 20
-4.32297
 10
-2.68869
 20
-4.3205
 10
-2.91755
 20
-4.29859
 10
-2.917
 20
-4.28783
 10
-2.9806
 20
-4.28168
 10
-2.98116
 20
-4.28163
 10
-2.98035
 20
-4.27688
 10
-2.9801
 20
-4.27209
 10
-2.96137
 20
-4.27396
 10
-2.96137
 20
-4.2319
 10
-2.9816
 20
-4.2319
 10
-2.9816
 20
-4.19969
 10
-3.02853
 20
-4.19969
 10
-3.02853
 20
-4.21691
 10
-3.02917
 20
-4.21755
 10
-3.02935
 20
-4.21773
 10
-3.03017
 20
-4.21773
 10
-3.03099
 20
-4.21855
 10
-3.04827
 20
-4.21855
 10
-3.07058
 20
-4.3841
 10
-3.1058
 20
-4.63512
 10
-3.08921
 20
-4.63512
 10
-3.08857
 20
-4.63576
 10
-3.08839
 20
-4.63594
 10
-3.08839
 20
-4.63676
 10
-3.08757
 20
-4.63758
 10
-3.08757
 20
-4.6384
 10
-3.08919
 20
-4.64953
 10
-3.09495
 20
-4.68924
 10
-3.09495
 20
-4.69006
 10
-3.09559
 20
-4.6907
 10
-3.09641
 20
-4.69152
 10
-3.09659
 20
-4.6917
 10
-3.09823
 20
-4.6917
 10
-3.10614
 20
-4.69062
 10
-3.13431
 20
-4.68678
 10
-3.13513
 20
-4.68678
 10
-3.13577
 20
-4.68614
 10
-3.13595
 20
-4.68596
 10
-3.13595
 20
-4.68514
 10
-3.13677
 20
-4.68432
 10
-3.13677
 20
-4.6835
 10
-3.13516
 20
-4.67235
 10
-3.12939
 20
-4.63266
 10
-3.12939
 20
-4.63184
 10
-3.12875
 20
-4.6312
 10
-3.12857
 20
-4.63102
 10
-3.12793
 20
-4.63038
 10
-3.12775
 20
-4.6302
 10
-3.10999
 20
-4.6302
 10
-3.08764
 20
-4.46433
 10
-3.0504
 20
-4.21601
 10
-3.06953
 20
-4.21341
 10
-3.06953
 20
-4.21199
 10
-3.07035
 20
-4.21117
 10
-3.07035
 20
-4.21035
 10
-3.06873
 20
-4.19921
 10
-3.06297
 20
-4.15951
 10
-3.06297
 20
-4.15869
 10
-3.06133
 20
-4.15705
 10
-3.05969
 20
-4.15705
 10
-3.03755
 20
-4.16008
 10
-3.03755
 20
-4.12015
 10
-3.03673
 20
-4.12015
 10
-3.03591
 20
-4.11933
 10
-2.9816
 20
-4.11933
 10
-2.9816
 20
-4.0227
 10
-2.991
 20
-4.0227
 10
-2.991
 20
-3.9927
 10
-2.9816
 20
-3.9927
 10
-2.9816
 20
-3.9839
 10
-1.9517
 20
-3.9839
 10
-1.9517
 20
-3.9927
 10
-1.9431
 20
-3.9927
 10
-1.9431
 20
-4.984
 10
-1.0565
 20
-4.984
 10
-1.0565
 20
-4.9926
 10
-1.04793
 20
-4.9926
 10
-1.048
 20
-5.04079
 10
-1.048
 20
-5.10226
 10
-1.00642
 20
-5.10226
 10
-1.00642
 20
-5.1279
 10
-1.0017
 20
-5.1279
 10
-1.0017
 20
-5.1459
 10
-1.00642
 20
-5.1459
 10
-1.00642
 20
-5.22271
 10
-1.05584
 20
-5.22271
 10
-1.05584
 20
-5.28242
 10
-1.05627
 20
-5.28242
 10
-1.14645
 20
-5.32469
 10
-1.14195
 20
-5.33426
 10
-1.41408
 20
-5.46079
 10
-1.50449
 20
-5.50282
 10
-1.50855
 20
-5.49418
 10
-1.59884
 20
-5.53674
 10
-1.60308
 20
-5.5272
 10
-1.51297
 20
-5.4848
 10
-1.51058
 20
-5.48987
 10
-1.49232
 20
-5.48987
 10
-1.23696
 20
-5.36711
 10
-1.14646
 20
-5.32469
 10
-1.15043
 20
-5.31625
 10
-1.13511
 20
-5.30904
 10
-1.13511
 20
-5.2319
 10
-2.1815
 20
-5.2319
 10
-2.1815
 20
-5.2227
 10
-2.1909
 20
-5.2227
 10
-2.1909
 20
-4.2319
 10
-2.88005
 20
-4.2319
 10
-2.88005
 20
-4.2912
  0
LWPOLYLINE
  5
110
330
17
100
AcDbEntity
  8
GIRIS_DUVAR
100
AcDbPolyline
 90
4
 70
1
 38
4.6996
 10
-2.18151
 20
-4.0319
 10
-2.1815
 20
-4.2227
 10
-1.9911
 20
-4.2227
 10
-1.9911
 20
-4.0319
  0
LWPOLYLINE
  5
111
330
17
100
AcDbEntity
  8
GIRIS_DUVAR
100
AcDbPolyline
 90
6
 70
1
 38
4.6996
 10
-1.37248
 20
0.54744
 10
-1.37248
 20
0.51215
 10
-1.35965
 20
0.51215
 10
-1.35965
 20
0.54798
 10
-1.37195
 20
0.54798
 10
-1.37219
 20
0.54774
  0
LWPOLYLINE
  5
112
330
17
100
AcDbEntity
  8
GIRIS_DUVAR
100
AcDbPolyline
 90
124
 70
1
 38
4.6996
 10
-3.0971
 20
8.201
 10
-3.0971
 20
8.183
 10
-3.09109
 20
8.183
 10
-3.09109
 20
8.15723
 10
-3.051
 20
8.15723
 10
-3.051
 20
8.0772
 10
-3.0509
 20
8.0769
 10
-3.0509
 20
8.04796
 10
-3.09564
 20
8.04796
 10
-3.09932
 20
8.04612
 10
-3.10003
 20
8.0457
 10
-3.10094
 20
8.04478
 10
-3.10186
 20
8.04294
 10
-3.1038
 20
8.03908
 10
-3.10413
 20
8.03842
 10
-3.10413
 20
7.98223
 10
-3.10364
 20
7.98127
 10
-3.10094
 20
7.97587
 10
-3.09998
 20
7.97539
 10
-3.09458
 20
7.97269
 10
-3.03734
 20
7.97269
 10
-3.03638
 20
7.97318
 10
-3.03098
 20
7.97587
 10
-3.03066
 20
7.97684
 10
-3.02886
 20
7.98223
 10
-3.02886
 20
8.0379
 10
-1.58605
 20
8.0379
 10
-1.5853
 20
8.0473
 10
-1.5781
 20
8.0473
 10
-1.5781
 20
8.089
 10
-1.53311
 20
8.089
 10
-1.53242
 20
8.08935
 10
-1.52675
 20
8.09218
 10
-1.52641
 20
8.09276
 10
-1.52357
 20
8.09748
 10
-1.52357
 20
8.15473
 10
-1.52452
 20
8.1585
 10
-1.52453
 20
8.15857
 10
-1.52873
 20
8.16275
 10
-1.52873
 20
8.21086
 10
-1.50741
 20
8.2079
 10
-1.50577
 20
8.2079
 10
-1.50571
 20
8.20795
 10
-1.50556
 20
8.2081
 10
-1.50413
 20
8.20955
 10
-1.50413
 20
8.21036
 10
-1.49728
 20
8.2568
 10
-1.49675
 20
8.26038
 10
-1.49675
 20
8.26284
 10
-1.49826
 20
8.26435
 10
-1.51439
 20
8.26655
 10
-1.46089
 20
8.64781
 10
-1.45622
 20
8.68104
 10
-1.43853
 20
8.68104
 10
-1.43853
 20
8.68186
 10
-1.43771
 20
8.68268
 10
-1.43771
 20
8.6835
 10
-1.43086
 20
8.73072
 10
-1.43033
 20
8.73434
 10
-1.43033
 20
8.73598
 10
-1.43115
 20
8.7368
 10
-1.43121
 20
8.73686
 10
-1.43197
 20
8.73762
 10
-1.43279
 20
8.73762
 10
-1.4663
 20
8.74219
 10
-1.46887
 20
8.74254
 10
-1.47051
 20
8.74254
 10
-1.47057
 20
8.74249
 10
-1.47203
 20
8.74101
 10
-1.47824
 20
8.69287
 10
-1.47871
 20
8.68924
 10
-1.47871
 20
8.6876
 10
-1.47789
 20
8.68678
 10
-1.47707
 20
8.68596
 10
-1.46133
 20
8.68596
 10
-1.51516
 20
8.30234
 10
-1.51979
 20
8.2694
 10
-1.53611
 20
8.2694
 10
-1.53693
 20
8.26858
 10
-1.53836
 20
8.26858
 10
-1.54069
 20
8.25054
 10
-1.5781
 20
8.25054
 10
-1.5781
 20
8.2773
 10
-1.5866
 20
8.2773
 10
-1.5866
 20
8.2861
 10
-1.60557
 20
8.2861
 10
-1.60557
 20
8.32954
 10
-1.58612
 20
8.32781
 10
-1.58612
 20
8.33735
 10
-1.58516
 20
8.34508
 10
-1.58506
 20
8.3469
 10
-1.6847
 20
8.35538
 10
-1.68478
 20
8.35467
 10
-2.08329
 20
8.38506
 10
-2.08431
 20
8.37534
 10
-2.18399
 20
8.38294
 10
-2.18399
 20
8.3734
 10
-2.12719
 20
8.36907
 10
-2.08541
 20
8.36492
 10
-2.08525
 20
8.36642
 10
-1.68587
 20
8.33516
 10
-1.68587
 20
8.2861
 10
-2.96137
 20
8.2861
 10
-2.96137
 20
8.36325
 10
-2.94618
 20
8.37022
 10
-2.94708
 20
8.37226
 10
-2.58454
 20
8.54175
 10
-2.58363
 20
8.53983
 10
-2.56572
 20
8.54853
 10
-2.49353
 20
8.58223
 10
-2.49466
 20
8.58463
 10
-2.49797
 20
8.59167
 10
-2.56996
 20
8.55793
 10
-2.58814
 20
8.54941
 10
-2.76678
 20
8.46567
 10
-2.77013
 20
8.4662
 10
-2.95035
 20
8.37962
 10
-3.04043
 20
8.33739
 10
-3.04064
 20
8.33739
 10
-3.04064
 20
8.2861
 10
-3.042
 20
8.2861
 10
-3.042
 20
8.27768
 10
-3.09109
 20
8.27768
 10
-3.09109
 20
8.201
  0
LWPOLYLINE
  5
113
330
17
100
AcDbEntity
  8
GIRIS_DUVAR
100
AcDbPolyline
 90
17
 70
1
 38
4.6996
 10
-1.53003
 20
1.31448
 10
-1.52496
 20
1.31448
 10
-1.52496
 20
1.31101
 10
-1.52564
 20
1.30936
 10
-1.52584
 20
1.30887
 10
-1.52749
 20
1.30819
 10
-1.52798
 20
1.30799
 10
-1.76198
 20
1.30799
 10
-1.76363
 20
1.30867
 10
-1.76412
 20
1.30887
 10
-1.765
 20
1.31964
 10
-1.765
 20
1.34898
 10
-1.76432
 20
1.35063
 10
-1.76412
 20
1.35112
 10
-1.76247
 20
1.3518
 10
-1.76198
 20
1.352
 10
-1.53003
 20
1.352
  0
LWPOLYLINE
  5
114
330
17
100
AcDbEntity
  8
GIRIS_DUVAR
100
AcDbPolyline
 90
12
 70
1
 38
4.6996
 10
-2.191
 20
-6.4728
 10
-2.18151
 20
-6.4728
 10
-2.1815
 20
-6.482
 10
-1.93146
 20
-6.482
 10
-1.93119
 20
-6.4719
 10
-1.9229
 20
-6.4719
 10
-1.9229
 20
-6.2227
 10
-1.9317
 20
-6.2227
 10
-1.9317
 20
-6.2139
 10
-2.1815
 20
-6.2139
 10
-2.1815
 20
-6.2227
 10
-2.191
 20
-6.2227
  0
LWPOLYLINE
  5
115
330
17
100
AcDbEntity
  8
GIRIS_DUVAR
100
AcDbPolyline
 90
9
 70
1
 38
4.6996
 10
-2.2719
 20
10.402
 10
-2.2719
 20
10.393
 10
-2.281
 20
10.393
 10
-2.281
 20
10.1548
 10
-2.2809
 20
10.0829
 10
-2.272
 20
10.0829
 10
-2.272
 20
10.0739
 10
-1.9529
 20
10.0739
 10
-1.9529
 20
10.402
  0
LWPOLYLINE
  5
116
330
17
100
AcDbEntity
  8
GIRIS_DUVAR
100
AcDbPolyline
 90
4
 70
1
 38
4.6996
 10
-3.64158
 20
8.24301
 10
-3.64158
 20
8.19213
 10
-3.6914
 20
8.19213
 10
-3.6914
 20
8.24301
  0
LWPOLYLINE
  5
117
330
17
100
AcDbEntity
  8
GIRIS_DUVAR
100
AcDbPolyline
 90
12
 70
1
 38
4.6996
 10
-5.2409
 20
-6.4727
 10
-5.2315
 20
-6.4727
 10
-5.2315
 20
-6.482
 10
-4.98055
 20
-6.482
 10
-4.97917
 20
-6.4728
 10
-4.9729
 20
-6.4728
 10
-4.9729
 20
-6.2227
 10
-4.9817
 20
-6.2227
 10
-4.9817
 20
-6.2139
 10
-5.2315
 20
-6.2139
 10
-5.2315
 20
-6.2227
 10
-5.2409
 20
-6.2227
  0
LWPOLYLINE
  5
118
330
17
100
AcDbEntity
  8
GIRIS_DUVAR
100
AcDbPolyline
 90
4
 70
1
 38
4.6996
 10
3.1286
 20
8.2714
 10
3.3
 20
8.2714
 10
3.3
 20
8.2571
 10
3.1286
 20
8.2571
  0
LWPOLYLINE
  5
119
330
17
100
AcDbEntity
  8
GIRIS_DUVAR
100
AcDbPolyline
 90
4
 70
1
 38
4.6996
 10
3.1143
 20
8.2571
 10
3.3143
 20
8.2571
 10
3.3143
 20
8.0857
 10
3.1143
 20
8.0857
  0
LWPOLYLINE
  5
11A
330
17
100
AcDbEntity
  8
GIRIS_DUVAR
100
AcDbPolyline
 90
4
 70
1
 38
4.6996
 10
3.1286
 20
8.0857
 10
3.3
 20
8.0857
 10
3.3
 20
8.0714
 10
3.1286
 20
8.0714
  0
LWPOLYLINE
  5
11B
330
17
100
AcDbEntity
  8
GIRIS_DUVAR
100
AcDbPolyline
 90
4
 70
1
 38
4.6996
 10
5.4286
 20
7.0
 10
5.6143
 20
7.0
 10
5.6143
 20
6.9857
 10
5.4286
 20
6.9857
  0
LWPOLYLINE
  5
11C
330
17
100
AcDbEntity
  8
GIRIS_DUVAR
100
AcDbPolyline
 90
4
 70
1
 38
4.6996
 10
5.4143
 20
6.9857
 10
5.6286
 20
6.9857
 10
5.6286
 20
6.8143
 10
5.4143
 20
6.8143
  0
LWPOLYLINE
  5
11D
330
17
100
AcDbEntity
  8
GIRIS_DUVAR
100
AcDbPolyline
 90
4
 70
1
 38
4.6996
 10
5.4286
 20
6.8143
 10
5.6143
 20
6.8143
 10
5.6143
 20
6.8
 10
5.4286
 20
6.8
  0
LWPOLYLINE
  5
11E
330
17
100
AcDbEntity
  8
GIRIS_DUVAR
100
AcDbPolyline
 90
4
 70
1
 38
4.6996
 10
7.3286
 20
7.0
 10
7.5
 20
7.0
 10
7.5
 20
6.9857
 10
7.3286
 20
6.9857
  0
LWPOLYLINE
  5
11F
330
17
100
AcDbEntity
  8
GIRIS_DUVAR
100
AcDbPolyline
 90
4
 70
1
 38
4.6996
 10
7.3143
 20
6.9857
 10
7.5143
 20
6.9857
 10
7.5143
 20
6.8143
 10
7.3143
 20
6.8143
  0
LWPOLYLINE
  5
120
330
17
100
AcDbEntity
  8
GIRIS_DUVAR
100
AcDbPolyline
 90
4
 70
1
 38
4.6996
 10
7.3286
 20
6.8143
 10
7.5
 20
6.8143
 10
7.5
 20
6.8
 10
7.3286
 20
6.8
  0
LWPOLYLINE
  5
121
330
17
100
AcDbEntity
  8
GIRIS_DUVAR
100
AcDbPolyline
 90
4
 70
1
 38
4.6996
 10
3.1429
 20
6.6143
 10
3.3143
 20
6.6143
 10
3.3143
 20
6.6
 10
3.1429
 20
6.6
  0
LWPOLYLINE
  5
122
330
17
100
AcDbEntity
  8
GIRIS_DUVAR
100
AcDbPolyline
 90
4
 70
1
 38
4.6996
 10
3.9143
 20
6.6
 10
4.0571
 20
6.6
 10
4.0571
 20
6.5857
 10
3.9143
 20
6.5857
  0
LWPOLYLINE
  5
123
330
17
100
AcDbEntity
  8
GIRIS_DUVAR
100
AcDbPolyline
 90
4
 70
1
 38
4.6996
 10
3.1286
 20
6.6
 10
3.7286
 20
6.6
 10
3.7286
 20
6.5857
 10
3.1286
 20
6.5857
  0
LWPOLYLINE
  5
124
330
17
100
AcDbEntity
  8
GIRIS_DUVAR
100
AcDbPolyline
 90
4
 70
1
 38
4.6996
 10
3.1286
 20
6.5857
 10
4.0714
 20
6.5857
 10
4.0714
 20
6.4143
 10
3.1286
 20
6.4143
  0
LWPOLYLINE
  5
125
330
17
100
AcDbEntity
  8
GIRIS_DUVAR
100
AcDbPolyline
 90
4
 70
1
 38
4.6996
 10
3.1286
 20
6.4143
 10
4.0571
 20
6.4143
 10
4.0571
 20
6.4
 10
3.1286
 20
6.4
  0
LWPOLYLINE
  5
126
330
17
100
AcDbEntity
  8
GIRIS_DUVAR
100
AcDbPolyline
 90
4
 70
1
 38
4.6996
 10
4.0571
 20
6.4
 10
3.1143
 20
6.4
 10
3.1143
 20
5.1286
 10
4.0571
 20
5.1286
  0
LWPOLYLINE
  5
127
330
17
100
AcDbEntity
  8
GIRIS_DUVAR
100
AcDbPolyline
 90
4
 70
1
 38
4.6996
 10
4.0571
 20
5.1286
 10
3.1286
 20
5.1286
 10
3.1286
 20
4.9
 10
4.0571
 20
4.9
  0
LWPOLYLINE
  5
128
330
17
100
AcDbEntity
  8
GIRIS_DUVAR
100
AcDbPolyline
 90
4
 70
1
 38
4.6996
 10
3.1286
 20
4.9
 10
4.0714
 20
4.9
 10
4.0714
 20
4.8143
 10
3.1286
 20
4.8143
  0
LWPOLYLINE
  5
129
330
17
100
AcDbEntity
  8
GIRIS_DUVAR
100
AcDbPolyline
 90
4
 70
1
 38
4.6996
 10
3.1429
 20
4.8143
 10
4.0571
 20
4.8143
 10
4.0571
 20
4.8
 10
3.1429
 20
4.8
  0
LWPOLYLINE
  5
12A
330
17
100
AcDbEntity
  8
GIRIS_DUVAR
100
AcDbPolyline
 90
4
 70
1
 38
4.6996
 10
7.3286
 20
4.9143
 10
7.5
 20
4.9143
 10
7.5
 20
4.9
 10
7.3286
 20
4.9
  0
LWPOLYLINE
  5
12B
330
17
100
AcDbEntity
  8
GIRIS_DUVAR
100
AcDbPolyline
 90
4
 70
1
 38
4.6996
 10
7.3143
 20
4.9
 10
7.5143
 20
4.9
 10
7.5143
 20
4.8143
 10
7.3143
 20
4.8143
  0
LWPOLYLINE
  5
12C
330
17
100
AcDbEntity
  8
GIRIS_DUVAR
100
AcDbPolyline
 90
4
 70
1
 38
4.6996
 10
7.3286
 20
4.8143
 10
7.5
 20
4.8143
 10
7.5
 20
4.8
 10
7.3286
 20
4.8
  0
LWPOLYLINE
  5
12D
330
17
100
AcDbEntity
  8
GIRIS_DUVAR
100
AcDbPolyline
 90
4
 70
1
 38
4.6996
 10
3.1286
 20
3.3286
 10
3.3143
 20
3.3286
 10
3.3143
 20
3.3143
 10
3.1286
 20
3.3143
  0
LWPOLYLINE
  5
12E
330
17
100
AcDbEntity
  8
GIRIS_DUVAR
100
AcDbPolyline
 90
4
 70
1
 38
4.6996
 10
3.1143
 20
3.3143
 10
3.3286
 20
3.3143
 10
3.3286
 20
3.1429
 10
3.1143
 20
3.1429
  0
LWPOLYLINE
  5
12F
330
17
100
AcDbEntity
  8
GIRIS_DUVAR
100
AcDbPolyline
 90
4
 70
1
 38
4.6996
 10
3.1286
 20
3.1429
 10
3.3143
 20
3.1429
 10
3.3143
 20
3.1286
 10
3.1286
 20
3.1286
  0
LWPOLYLINE
  5
130
330
17
100
AcDbEntity
  8
GIRIS_DUVAR
100
AcDbPolyline
 90
4
 70
1
 38
4.6996
 10
2.9857
 20
0.9143
 10
3.0571
 20
0.9143
 10
3.0571
 20
0.9
 10
2.9857
 20
0.9
  0
LWPOLYLINE
  5
131
330
17
100
AcDbEntity
  8
GIRIS_DUVAR
100
AcDbPolyline
 90
4
 70
1
 38
4.6996
 10
2.9714
 20
0.9
 10
3.0714
 20
0.9
 10
3.0714
 20
0.7286
 10
2.9714
 20
0.7286
  0
LWPOLYLINE
  5
132
330
17
100
AcDbEntity
  8
GIRIS_DUVAR
100
AcDbPolyline
 90
4
 70
1
 38
4.6996
 10
2.9857
 20
0.7286
 10
3.0571
 20
0.7286
 10
3.0571
 20
0.7143
 10
2.9857
 20
0.7143
  0
LWPOLYLINE
  5
133
330
17
100
AcDbEntity
  8
GIRIS_DUVAR
100
AcDbPolyline
 90
4
 70
1
 38
4.6996
 10
-5.8143
 20
0.7286
 10
-5.6429
 20
0.7286
 10
-5.6429
 20
0.7143
 10
-5.8143
 20
0.7143
  0
LWPOLYLINE
  5
134
330
17
100
AcDbEntity
  8
GIRIS_DUVAR
100
AcDbPolyline
 90
4
 70
1
 38
4.6996
 10
-5.8286
 20
0.7143
 10
-5.6286
 20
0.7143
 10
-5.6286
 20
0.5429
 10
-5.8286
 20
0.5429
  0
LWPOLYLINE
  5
135
330
17
100
AcDbEntity
  8
GIRIS_DUVAR
100
AcDbPolyline
 90
4
 70
1
 38
4.6996
 10
-5.8143
 20
0.5429
 10
-5.6429
 20
0.5429
 10
-5.6429
 20
0.5286
 10
-5.8143
 20
0.5286
  0
LWPOLYLINE
  5
136
330
17
100
AcDbEntity
  8
GIRIS_DUVAR
100
AcDbPolyline
 90
4
 70
1
 38
4.6996
 10
-5.2286
 20
0.7286
 10
-5.0429
 20
0.7286
 10
-5.0429
 20
0.7143
 10
-5.2286
 20
0.7143
  0
LWPOLYLINE
  5
137
330
17
100
AcDbEntity
  8
GIRIS_DUVAR
100
AcDbPolyline
 90
4
 70
1
 38
4.6996
 10
-5.2429
 20
0.7143
 10
-5.0286
 20
0.7143
 10
-5.0286
 20
0.5286
 10
-5.2429
 20
0.5286
  0
LWPOLYLINE
  5
138
330
17
100
AcDbEntity
  8
GIRIS_DUVAR
100
AcDbPolyline
 90
4
 70
1
 38
4.6996
 10
-5.2286
 20
0.5286
 10
-5.0429
 20
0.5286
 10
-5.0429
 20
0.5143
 10
-5.2286
 20
0.5143
  0
LWPOLYLINE
  5
139
330
17
100
AcDbEntity
  8
GIRIS_DUVAR
100
AcDbPolyline
 90
4
 70
1
 38
4.6996
 10
-4.9857
 20
0.2571
 10
-4.8
 20
0.2571
 10
-4.8
 20
0.2429
 10
-4.9857
 20
0.2429
  0
LWPOLYLINE
  5
13A
330
17
100
AcDbEntity
  8
GIRIS_DUVAR
100
AcDbPolyline
 90
4
 70
1
 38
4.6996
 10
-5.0
 20
0.2429
 10
-4.7857
 20
0.2429
 10
-4.7857
 20
0.2286
 10
-5.0
 20
0.2286
  0
LWPOLYLINE
  5
13B
330
17
100
AcDbEntity
  8
GIRIS_DUVAR
100
AcDbPolyline
 90
4
 70
1
 38
4.6996
 10
-4.9857
 20
0.2286
 10
-4.8
 20
0.2286
 10
-4.8
 20
0.2143
 10
-4.9857
 20
0.2143
  0
LWPOLYLINE
  5
13C
330
17
100
AcDbEntity
  8
GIRIS_DUVAR
100
AcDbPolyline
 90
4
 70
1
 38
4.6996
 10
-5.2143
 20
0.1857
 10
-5.0429
 20
0.1857
 10
-5.0429
 20
0.1714
 10
-5.2143
 20
0.1714
  0
LWPOLYLINE
  5
13D
330
17
100
AcDbEntity
  8
GIRIS_DUVAR
100
AcDbPolyline
 90
4
 70
1
 38
4.6996
 10
-5.2286
 20
0.1714
 10
-4.7857
 20
0.1714
 10
-4.7857
 20
0.1571
 10
-5.2286
 20
0.1571
  0
LWPOLYLINE
  5
13E
330
17
100
AcDbEntity
  8
GIRIS_DUVAR
100
AcDbPolyline
 90
4
 70
1
 38
4.6996
 10
-5.2286
 20
0.1571
 10
-4.7714
 20
0.1571
 10
-4.7714
 20
0.0857
 10
-5.2286
 20
0.0857
  0
LWPOLYLINE
  5
13F
330
17
100
AcDbEntity
  8
GIRIS_DUVAR
100
AcDbPolyline
 90
4
 70
1
 38
4.6996
 10
-5.2143
 20
0.0857
 10
-4.7857
 20
0.0857
 10
-4.7857
 20
0.0714
 10
-5.2143
 20
0.0714
  0
LWPOLYLINE
  5
140
330
17
100
AcDbEntity
  8
GIRIS_DUVAR
100
AcDbPolyline
 90
4
 70
1
 38
4.6996
 10
-5.8143
 20
-0.3286
 10
-5.6429
 20
-0.3286
 10
-5.6429
 20
-0.3429
 10
-5.8143
 20
-0.3429
  0
LWPOLYLINE
  5
141
330
17
100
AcDbEntity
  8
GIRIS_DUVAR
100
AcDbPolyline
 90
4
 70
1
 38
4.6996
 10
-5.8286
 20
-0.3429
 10
-5.6286
 20
-0.3429
 10
-5.6286
 20
-0.5143
 10
-5.8286
 20
-0.5143
  0
LWPOLYLINE
  5
142
330
17
100
AcDbEntity
  8
GIRIS_DUVAR
100
AcDbPolyline
 90
4
 70
1
 38
4.6996
 10
-5.8143
 20
-0.5143
 10
-5.6429
 20
-0.5143
 10
-5.6429
 20
-0.5286
 10
-5.8143
 20
-0.5286
  0
LWPOLYLINE
  5
143
330
17
100
AcDbEntity
  8
GIRIS_DUVAR
100
AcDbPolyline
 90
4
 70
1
 38
4.6996
 10
2.9143
 20
-0.3857
 10
2.9286
 20
-0.3857
 10
2.9286
 20
-0.4
 10
2.9143
 20
-0.4
  0
LWPOLYLINE
  5
144
330
17
100
AcDbEntity
  8
GIRIS_DUVAR
100
AcDbPolyline
 90
4
 70
1
 38
4.6996
 10
2.9
 20
-0.4
 10
2.9429
 20
-0.4
 10
2.9429
 20
-0.4714
 10
2.9
 20
-0.4714
  0
LWPOLYLINE
  5
145
330
17
100
AcDbEntity
  8
GIRIS_DUVAR
100
AcDbPolyline
 90
4
 70
1
 38
4.6996
 10
2.9143
 20
-0.4714
 10
2.9286
 20
-0.4714
 10
2.9286
 20
-0.4857
 10
2.9143
 20
-0.4857
  0
LWPOLYLINE
  5
146
330
17
100
AcDbEntity
  8
GIRIS_DUVAR
100
AcDbPolyline
 90
4
 70
1
 38
4.6996
 10
2.9857
 20
-0.4143
 10
3.0571
 20
-0.4143
 10
3.0571
 20
-0.4286
 10
2.9857
 20
-0.4286
  0
LWPOLYLINE
  5
147
330
17
100
AcDbEntity
  8
GIRIS_DUVAR
100
AcDbPolyline
 90
4
 70
1
 38
4.6996
 10
2.9714
 20
-0.4286
 10
3.0714
 20
-0.4286
 10
3.0714
 20
-0.5429
 10
2.9714
 20
-0.5429
  0
LWPOLYLINE
  5
148
330
17
100
AcDbEntity
  8
GIRIS_DUVAR
100
AcDbPolyline
 90
4
 70
1
 38
4.6996
 10
2.9857
 20
-0.5429
 10
3.0571
 20
-0.5429
 10
3.0571
 20
-0.5571
 10
2.9857
 20
-0.5571
  0
LWPOLYLINE
  5
149
330
17
100
AcDbEntity
  8
GIRIS_DUVAR
100
AcDbPolyline
 90
4
 70
1
 38
4.6996
 10
4.1286
 20
-0.4143
 10
4.3
 20
-0.4143
 10
4.3
 20
-0.4286
 10
4.1286
 20
-0.4286
  0
LWPOLYLINE
  5
14A
330
17
100
AcDbEntity
  8
GIRIS_DUVAR
100
AcDbPolyline
 90
4
 70
1
 38
4.6996
 10
4.1143
 20
-0.4286
 10
4.3143
 20
-0.4286
 10
4.3143
 20
-0.5143
 10
4.1143
 20
-0.5143
  0
LWPOLYLINE
  5
14B
330
17
100
AcDbEntity
  8
GIRIS_DUVAR
100
AcDbPolyline
 90
4
 70
1
 38
4.6996
 10
4.1286
 20
-0.5143
 10
4.3
 20
-0.5143
 10
4.3
 20
-0.5286
 10
4.1286
 20
-0.5286
  0
LWPOLYLINE
  5
14C
330
17
100
AcDbEntity
  8
GIRIS_DUVAR
100
AcDbPolyline
 90
4
 70
1
 38
4.6996
 10
4.1429
 20
-1.2571
 10
4.2714
 20
-1.2571
 10
4.2714
 20
-1.2714
 10
4.1429
 20
-1.2714
  0
LWPOLYLINE
  5
14D
330
17
100
AcDbEntity
  8
GIRIS_DUVAR
100
AcDbPolyline
 90
4
 70
1
 38
4.6996
 10
4.1286
 20
-1.2714
 10
4.2857
 20
-1.2714
 10
4.2857
 20
-1.4143
 10
4.1286
 20
-1.4143
  0
LWPOLYLINE
  5
14E
330
17
100
AcDbEntity
  8
GIRIS_DUVAR
100
AcDbPolyline
 90
4
 70
1
 38
4.6996
 10
4.1286
 20
-1.4143
 10
4.3
 20
-1.4143
 10
4.3
 20
-1.4571
 10
4.1286
 20
-1.4571
  0
LWPOLYLINE
  5
14F
330
17
100
AcDbEntity
  8
GIRIS_DUVAR
100
AcDbPolyline
 90
4
 70
1
 38
4.6996
 10
4.1286
 20
-1.4571
 10
4.3429
 20
-1.4571
 10
4.3429
 20
-1.5286
 10
4.1286
 20
-1.5286
  0
LWPOLYLINE
  5
150
330
17
100
AcDbEntity
  8
GIRIS_DUVAR
100
AcDbPolyline
 90
4
 70
1
 38
4.6996
 10
4.3143
 20
-1.4429
 10
4.3286
 20
-1.4429
 10
4.3286
 20
-1.4571
 10
4.3143
 20
-1.4571
  0
LWPOLYLINE
  5
151
330
17
100
AcDbEntity
  8
GIRIS_DUVAR
100
AcDbPolyline
 90
4
 70
1
 38
4.6996
 10
4.1286
 20
-1.5286
 10
4.3
 20
-1.5286
 10
4.3
 20
-1.6429
 10
4.1286
 20
-1.6429
  0
LWPOLYLINE
  5
152
330
17
100
AcDbEntity
  8
GIRIS_DUVAR
100
AcDbPolyline
 90
4
 70
1
 38
4.6996
 10
4.3143
 20
-1.5286
 10
4.3286
 20
-1.5286
 10
4.3286
 20
-1.5429
 10
4.3143
 20
-1.5429
  0
LWPOLYLINE
  5
153
330
17
100
AcDbEntity
  8
GIRIS_DUVAR
100
AcDbPolyline
 90
4
 70
1
 38
4.6996
 10
4.3286
 20
-1.5429
 10
4.3429
 20
-1.5429
 10
4.3429
 20
-1.5571
 10
4.3286
 20
-1.5571
  0
LWPOLYLINE
  5
154
330
17
100
AcDbEntity
  8
GIRIS_DUVAR
100
AcDbPolyline
 90
8
 70
1
 38
4.6996
 10
4.1286
 20
-1.6429
 10
4.3571
 20
-1.6429
 10
4.3571
 20
-1.5571
 10
4.3143
 20
-1.5571
 10
4.3143
 20
-1.6429
 10
4.3571
 20
-1.6429
 10
4.3571
 20
-1.6857
 10
4.1286
 20
-1.6857
  0
LWPOLYLINE
  5
155
330
17
100
AcDbEntity
  8
GIRIS_DUVAR
100
AcDbPolyline
 90
4
 70
1
 38
4.6996
 10
4.3571
 20
-1.6857
 10
4.3143
 20
-1.6857
 10
4.3143
 20
-1.7571
 10
4.3571
 20
-1.7571
  0
LWPOLYLINE
  5
156
330
17
100
AcDbEntity
  8
GIRIS_DUVAR
100
AcDbPolyline
 90
4
 70
1
 38
4.6996
 10
4.1429
 20
-1.6857
 10
4.3
 20
-1.6857
 10
4.3
 20
-1.7
 10
4.1429
 20
-1.7
  0
LWPOLYLINE
  5
157
330
17
100
AcDbEntity
  8
GIRIS_DUVAR
100
AcDbPolyline
 90
4
 70
1
 38
4.6996
 10
4.3286
 20
-1.7571
 10
4.3429
 20
-1.7571
 10
4.3429
 20
-1.7714
 10
4.3286
 20
-1.7714
  0
LWPOLYLINE
  5
158
330
17
100
AcDbEntity
  8
GIRIS_DUVAR
100
AcDbPolyline
 90
4
 70
1
 38
4.6996
 10
7.3286
 20
-1.2571
 10
7.5
 20
-1.2571
 10
7.5
 20
-1.2714
 10
7.3286
 20
-1.2714
  0
LWPOLYLINE
  5
159
330
17
100
AcDbEntity
  8
GIRIS_DUVAR
100
AcDbPolyline
 90
4
 70
1
 38
4.6996
 10
7.3143
 20
-1.2714
 10
7.5143
 20
-1.2714
 10
7.5143
 20
-1.3857
 10
7.3143
 20
-1.3857
  0
LWPOLYLINE
  5
15A
330
17
100
AcDbEntity
  8
GIRIS_DUVAR
100
AcDbPolyline
 90
4
 70
1
 38
4.6996
 10
7.3286
 20
-1.3857
 10
7.5
 20
-1.3857
 10
7.5
 20
-1.4
 10
7.3286
 20
-1.4
  0
LWPOLYLINE
  5
15B
330
17
100
AcDbEntity
  8
GIRIS_DUVAR
100
AcDbPolyline
 90
4
 70
1
 38
4.6996
 10
7.3286
 20
-1.4
 10
7.4286
 20
-1.4
 10
7.4286
 20
-1.4143
 10
7.3286
 20
-1.4143
  0
LWPOLYLINE
  5
15C
330
17
100
AcDbEntity
  8
GIRIS_DUVAR
100
AcDbPolyline
 90
4
 70
1
 38
4.6996
 10
7.3143
 20
-1.4143
 10
7.4429
 20
-1.4143
 10
7.4429
 20
-1.4286
 10
7.3143
 20
-1.4286
  0
LWPOLYLINE
  5
15D
330
17
100
AcDbEntity
  8
GIRIS_DUVAR
100
AcDbPolyline
 90
4
 70
1
 38
4.6996
 10
7.3286
 20
-1.4286
 10
7.4286
 20
-1.4286
 10
7.4286
 20
-1.4429
 10
7.3286
 20
-1.4429
  0
LWPOLYLINE
  5
15E
330
17
100
AcDbEntity
  8
GIRIS_DUVAR
100
AcDbPolyline
 90
4
 70
1
 38
4.6996
 10
2.9857
 20
-1.5143
 10
3.0714
 20
-1.5143
 10
3.0714
 20
-1.5286
 10
2.9857
 20
-1.5286
  0
LWPOLYLINE
  5
15F
330
17
100
AcDbEntity
  8
GIRIS_DUVAR
100
AcDbPolyline
 90
4
 70
1
 38
4.6996
 10
2.9714
 20
-1.5286
 10
3.0857
 20
-1.5286
 10
3.0857
 20
-1.5429
 10
2.9714
 20
-1.5429
  0
LWPOLYLINE
  5
160
330
17
100
AcDbEntity
  8
GIRIS_DUVAR
100
AcDbPolyline
 90
4
 70
1
 38
4.6996
 10
3.0857
 20
-1.5429
 10
2.9857
 20
-1.5429
 10
2.9857
 20
-1.5571
 10
3.0857
 20
-1.5571
  0
LWPOLYLINE
  5
161
330
17
100
AcDbEntity
  8
GIRIS_DUVAR
100
AcDbPolyline
 90
4
 70
1
 38
4.6996
 10
3.0857
 20
-1.5571
 10
3.0
 20
-1.5571
 10
3.0
 20
-1.5714
 10
3.0857
 20
-1.5714
  0
LWPOLYLINE
  5
162
330
17
100
AcDbEntity
  8
GIRIS_DUVAR
100
AcDbPolyline
 90
4
 70
1
 38
4.6996
 10
3.0143
 20
-1.5714
 10
3.0714
 20
-1.5714
 10
3.0714
 20
-1.5857
 10
3.0143
 20
-1.5857
  0
LWPOLYLINE
  5
163
330
17
100
AcDbEntity
  8
GIRIS_DUVAR
100
AcDbPolyline
 90
4
 70
1
 38
4.6996
 10
3.0286
 20
-1.5857
 10
3.0571
 20
-1.5857
 10
3.0571
 20
-1.6
 10
3.0286
 20
-1.6
  0
LWPOLYLINE
  5
164
330
17
100
AcDbEntity
  8
GIRIS_DUVAR
100
AcDbPolyline
 90
4
 70
1
 38
4.6996
 10
1.2143
 20
-1.7
 10
1.2857
 20
-1.7
 10
1.2857
 20
-1.7143
 10
1.2143
 20
-1.7143
  0
LWPOLYLINE
  5
165
330
17
100
AcDbEntity
  8
GIRIS_DUVAR
100
AcDbPolyline
 90
4
 70
1
 38
4.6996
 10
1.2
 20
-1.7143
 10
1.3
 20
-1.7143
 10
1.3
 20
-1.7714
 10
1.2
 20
-1.7714
  0
LWPOLYLINE
  5
166
330
17
100
AcDbEntity
  8
GIRIS_DUVAR
100
AcDbPolyline
 90
4
 70
1
 38
4.6996
 10
1.2143
 20
-1.7714
 10
1.2857
 20
-1.7714
 10
1.2857
 20
-1.7857
 10
1.2143
 20
-1.7857
  0
LWPOLYLINE
  5
167
330
17
100
AcDbEntity
  8
GIRIS_DUVAR
100
AcDbPolyline
 90
4
 70
1
 38
4.6996
 10
2.5286
 20
-1.7
 10
2.6
 20
-1.7
 10
2.6
 20
-1.7143
 10
2.5286
 20
-1.7143
  0
LWPOLYLINE
  5
168
330
17
100
AcDbEntity
  8
GIRIS_DUVAR
100
AcDbPolyline
 90
4
 70
1
 38
4.6996
 10
2.5143
 20
-1.7143
 10
2.6143
 20
-1.7143
 10
2.6143
 20
-1.7714
 10
2.5143
 20
-1.7714
  0
LWPOLYLINE
  5
169
330
17
100
AcDbEntity
  8
GIRIS_DUVAR
100
AcDbPolyline
 90
4
 70
1
 38
4.6996
 10
2.5286
 20
-1.7714
 10
2.6
 20
-1.7714
 10
2.6
 20
-1.7857
 10
2.5286
 20
-1.7857
  0
LWPOLYLINE
  5
16A
330
17
100
AcDbEntity
  8
GIRIS_DUVAR
100
AcDbPolyline
 90
4
 70
1
 38
4.6996
 10
1.0714
 20
-1.8286
 10
1.1857
 20
-1.8286
 10
1.1857
 20
-1.8429
 10
1.0714
 20
-1.8429
  0
LWPOLYLINE
  5
16B
330
17
100
AcDbEntity
  8
GIRIS_DUVAR
100
AcDbPolyline
 90
4
 70
1
 38
4.6996
 10
1.0571
 20
-1.8429
 10
1.2
 20
-1.8429
 10
1.2
 20
-1.8714
 10
1.0571
 20
-1.8714
  0
LWPOLYLINE
  5
16C
330
17
100
AcDbEntity
  8
GIRIS_DUVAR
100
AcDbPolyline
 90
4
 70
1
 38
4.6996
 10
1.0571
 20
-1.8714
 10
1.2571
 20
-1.8714
 10
1.2571
 20
-1.8857
 10
1.0571
 20
-1.8857
  0
LWPOLYLINE
  5
16D
330
17
100
AcDbEntity
  8
GIRIS_DUVAR
100
AcDbPolyline
 90
4
 70
1
 38
4.6996
 10
1.0571
 20
-1.8857
 10
1.2714
 20
-1.8857
 10
1.2714
 20
-1.9143
 10
1.0571
 20
-1.9143
  0
LWPOLYLINE
  5
16E
330
17
100
AcDbEntity
  8
GIRIS_DUVAR
100
AcDbPolyline
 90
4
 70
1
 38
4.6996
 10
1.0714
 20
-1.9143
 10
1.2571
 20
-1.9143
 10
1.2571
 20
-1.9286
 10
1.0714
 20
-1.9286
  0
LWPOLYLINE
  5
16F
330
17
100
AcDbEntity
  8
GIRIS_DUVAR
100
AcDbPolyline
 90
4
 70
1
 38
4.6996
 10
2.7143
 20
-1.8857
 10
2.7286
 20
-1.8857
 10
2.7286
 20
-1.9
 10
2.7143
 20
-1.9
  0
LWPOLYLINE
  5
170
330
17
100
AcDbEntity
  8
GIRIS_DUVAR
100
AcDbPolyline
 90
4
 70
1
 38
4.6996
 10
2.7
 20
-1.9
 10
2.7429
 20
-1.9
 10
2.7429
 20
-1.9143
 10
2.7
 20
-1.9143
  0
LWPOLYLINE
  5
171
330
17
100
AcDbEntity
  8
GIRIS_DUVAR
100
AcDbPolyline
 90
4
 70
1
 38
4.6996
 10
2.7143
 20
-1.9143
 10
2.7286
 20
-1.9143
 10
2.7286
 20
-1.9286
 10
2.7143
 20
-1.9286
  0
LWPOLYLINE
  5
172
330
17
100
AcDbEntity
  8
GIRIS_DUVAR
100
AcDbPolyline
 90
4
 70
1
 38
4.6996
 10
2.7571
 20
-1.9143
 10
2.7714
 20
-1.9143
 10
2.7714
 20
-1.9286
 10
2.7571
 20
-1.9286
  0
LWPOLYLINE
  5
173
330
17
100
AcDbEntity
  8
GIRIS_DUVAR
100
AcDbPolyline
 90
4
 70
1
 38
4.6996
 10
2.7429
 20
-1.9286
 10
2.7857
 20
-1.9286
 10
2.7857
 20
-1.9429
 10
2.7429
 20
-1.9429
  0
LWPOLYLINE
  5
174
330
17
100
AcDbEntity
  8
GIRIS_DUVAR
100
AcDbPolyline
 90
4
 70
1
 38
4.6996
 10
2.7429
 20
-1.9429
 10
2.8
 20
-1.9429
 10
2.8
 20
-1.9571
 10
2.7429
 20
-1.9571
  0
LWPOLYLINE
  5
175
330
17
100
AcDbEntity
  8
GIRIS_DUVAR
100
AcDbPolyline
 90
4
 70
1
 38
4.6996
 10
2.7429
 20
-1.9571
 10
2.8143
 20
-1.9571
 10
2.8143
 20
-1.9714
 10
2.7429
 20
-1.9714
  0
LWPOLYLINE
  5
176
330
17
100
AcDbEntity
  8
GIRIS_DUVAR
100
AcDbPolyline
 90
4
 70
1
 38
4.6996
 10
2.7286
 20
-1.9714
 10
2.8
 20
-1.9714
 10
2.8
 20
-1.9857
 10
2.7286
 20
-1.9857
  0
LWPOLYLINE
  5
177
330
17
100
AcDbEntity
  8
GIRIS_DUVAR
100
AcDbPolyline
 90
4
 70
1
 38
4.6996
 10
2.7143
 20
-1.9857
 10
2.7857
 20
-1.9857
 10
2.7857
 20
-2.0
 10
2.7143
 20
-2.0
  0
LWPOLYLINE
  5
178
330
17
100
AcDbEntity
  8
GIRIS_DUVAR
100
AcDbPolyline
 90
4
 70
1
 38
4.6996
 10
2.7286
 20
-2.0
 10
2.7714
 20
-2.0
 10
2.7714
 20
-2.0143
 10
2.7286
 20
-2.0143
  0
LWPOLYLINE
  5
179
330
17
100
AcDbEntity
  8
GIRIS_DUVAR
100
AcDbPolyline
 90
4
 70
1
 38
4.6996
 10
2.7429
 20
-2.0143
 10
2.7571
 20
-2.0143
 10
2.7571
 20
-2.0286
 10
2.7429
 20
-2.0286
  0
LWPOLYLINE
  5
17A
330
17
100
AcDbEntity
  8
GIRIS_DUVAR
100
AcDbPolyline
 90
4
 70
1
 38
4.6996
 10
3.2571
 20
-2.3571
 10
3.2714
 20
-2.3571
 10
3.2714
 20
-2.3714
 10
3.2571
 20
-2.3714
  0
LWPOLYLINE
  5
17B
330
17
100
AcDbEntity
  8
GIRIS_DUVAR
100
AcDbPolyline
 90
4
 70
1
 38
4.6996
 10
3.2429
 20
-2.3714
 10
3.2857
 20
-2.3714
 10
3.2857
 20
-2.3857
 10
3.2429
 20
-2.3857
  0
LWPOLYLINE
  5
17C
330
17
100
AcDbEntity
  8
GIRIS_DUVAR
100
AcDbPolyline
 90
4
 70
1
 38
4.6996
 10
3.2286
 20
-2.3857
 10
3.3
 20
-2.3857
 10
3.3
 20
-2.4
 10
3.2286
 20
-2.4
  0
LWPOLYLINE
  5
17D
330
17
100
AcDbEntity
  8
GIRIS_DUVAR
100
AcDbPolyline
 90
4
 70
1
 38
4.6996
 10
3.2143
 20
-2.4
 10
3.2857
 20
-2.4
 10
3.2857
 20
-2.4143
 10
3.2143
 20
-2.4143
  0
LWPOLYLINE
  5
17E
330
17
100
AcDbEntity
  8
GIRIS_DUVAR
100
AcDbPolyline
 90
4
 70
1
 38
4.6996
 10
3.2
 20
-2.4143
 10
3.2714
 20
-2.4143
 10
3.2714
 20
-2.4286
 10
3.2
 20
-2.4286
  0
LWPOLYLINE
  5
17F
330
17
100
AcDbEntity
  8
GIRIS_DUVAR
100
AcDbPolyline
 90
4
 70
1
 38
4.6996
 10
3.1857
 20
-2.4286
 10
3.2571
 20
-2.4286
 10
3.2571
 20
-2.4429
 10
3.1857
 20
-2.4429
  0
LWPOLYLINE
  5
180
330
17
100
AcDbEntity
  8
GIRIS_DUVAR
100
AcDbPolyline
 90
4
 70
1
 38
4.6996
 10
3.1714
 20
-2.4429
 10
3.2286
 20
-2.4429
 10
3.2286
 20
-2.4571
 10
3.1714
 20
-2.4571
  0
LWPOLYLINE
  5
181
330
17
100
AcDbEntity
  8
GIRIS_DUVAR
100
AcDbPolyline
 90
4
 70
1
 38
4.6996
 10
3.1857
 20
-2.4571
 10
3.2143
 20
-2.4571
 10
3.2143
 20
-2.4714
 10
3.1857
 20
-2.4714
  0
LWPOLYLINE
  5
182
330
17
100
AcDbEntity
  8
GIRIS_DUVAR
100
AcDbPolyline
 90
4
 70
1
 38
4.6996
 10
4.1286
 20
-2.4143
 10
4.3
 20
-2.4143
 10
4.3
 20
-2.4286
 10
4.1286
 20
-2.4286
  0
LWPOLYLINE
  5
183
330
17
100
AcDbEntity
  8
GIRIS_DUVAR
100
AcDbPolyline
 90
4
 70
1
 38
4.6996
 10
3.8286
 20
-2.4286
 10
4.3143
 20
-2.4286
 10
4.3143
 20
-2.4429
 10
3.8286
 20
-2.4429
  0
LWPOLYLINE
  5
184
330
17
100
AcDbEntity
  8
GIRIS_DUVAR
100
AcDbPolyline
 90
4
 70
1
 38
4.6996
 10
4.3143
 20
-2.4429
 10
3.8143
 20
-2.4429
 10
3.8143
 20
-2.5143
 10
4.3143
 20
-2.5143
  0
LWPOLYLINE
  5
185
330
17
100
AcDbEntity
  8
GIRIS_DUVAR
100
AcDbPolyline
 90
4
 70
1
 38
4.6996
 10
3.8286
 20
-2.5143
 10
4.3
 20
-2.5143
 10
4.3
 20
-2.5286
 10
3.8286
 20
-2.5286
  0
LWPOLYLINE
  5
186
330
17
100
AcDbEntity
  8
GIRIS_DUVAR
100
AcDbPolyline
 90
4
 70
1
 38
4.6996
 10
3.3143
 20
-2.4286
 10
3.3286
 20
-2.4286
 10
3.3286
 20
-2.4429
 10
3.3143
 20
-2.4429
  0
LWPOLYLINE
  5
187
330
17
100
AcDbEntity
  8
GIRIS_DUVAR
100
AcDbPolyline
 90
4
 70
1
 38
4.6996
 10
3.3
 20
-2.4429
 10
3.3429
 20
-2.4429
 10
3.3429
 20
-2.4571
 10
3.3
 20
-2.4571
  0
LWPOLYLINE
  5
188
330
17
100
AcDbEntity
  8
GIRIS_DUVAR
100
AcDbPolyline
 90
4
 70
1
 38
4.6996
 10
3.3143
 20
-2.4571
 10
3.3286
 20
-2.4571
 10
3.3286
 20
-2.4714
 10
3.3143
 20
-2.4714
  0
LWPOLYLINE
  5
189
330
17
100
AcDbEntity
  8
GIRIS_DUVAR
100
AcDbPolyline
 90
4
 70
1
 38
4.6996
 10
-5.8143
 20
-3.1143
 10
-5.6429
 20
-3.1143
 10
-5.6429
 20
-3.1286
 10
-5.8143
 20
-3.1286
  0
LWPOLYLINE
  5
18A
330
17
100
AcDbEntity
  8
GIRIS_DUVAR
100
AcDbPolyline
 90
4
 70
1
 38
4.6996
 10
-5.8286
 20
-3.1286
 10
-5.6286
 20
-3.1286
 10
-5.6286
 20
-3.3
 10
-5.8286
 20
-3.3
  0
LWPOLYLINE
  5
18B
330
17
100
AcDbEntity
  8
GIRIS_DUVAR
100
AcDbPolyline
 90
4
 70
1
 38
4.6996
 10
-5.8143
 20
-3.3
 10
-5.6429
 20
-3.3
 10
-5.6429
 20
-3.3143
 10
-5.8143
 20
-3.3143
  0
LWPOLYLINE
  5
18C
330
17
100
AcDbEntity
  8
GIRIS_DUVAR
100
AcDbPolyline
 90
4
 70
1
 38
4.6996
 10
-5.2143
 20
-4.0143
 10
-5.0429
 20
-4.0143
 10
-5.0429
 20
-4.0286
 10
-5.2143
 20
-4.0286
  0
LWPOLYLINE
  5
18D
330
17
100
AcDbEntity
  8
GIRIS_DUVAR
100
AcDbPolyline
 90
4
 70
1
 38
4.6996
 10
-5.2286
 20
-4.0286
 10
-5.0286
 20
-4.0286
 10
-5.0286
 20
-4.2
 10
-5.2286
 20
-4.2
  0
LWPOLYLINE
  5
18E
330
17
100
AcDbEntity
  8
GIRIS_DUVAR
100
AcDbPolyline
 90
4
 70
1
 38
4.6996
 10
-5.2143
 20
-4.2
 10
-5.0429
 20
-4.2
 10
-5.0429
 20
-4.2143
 10
-5.2143
 20
-4.2143
  0
LWPOLYLINE
  5
18F
330
17
100
AcDbEntity
  8
GIRIS_DUVAR
100
AcDbPolyline
 90
4
 70
1
 38
4.6996
 10
4.3286
 20
-4.0143
 10
4.3429
 20
-4.0143
 10
4.3429
 20
-4.0286
 10
4.3286
 20
-4.0286
  0
LWPOLYLINE
  5
190
330
17
100
AcDbEntity
  8
GIRIS_DUVAR
100
AcDbPolyline
 90
4
 70
1
 38
4.6996
 10
4.1286
 20
-4.0143
 10
4.3
 20
-4.0143
 10
4.3
 20
-4.0286
 10
4.1286
 20
-4.0286
  0
LWPOLYLINE
  5
191
330
17
100
AcDbEntity
  8
GIRIS_DUVAR
100
AcDbPolyline
 90
4
 70
1
 38
4.6996
 10
4.1143
 20
-4.0286
 10
4.3571
 20
-4.0286
 10
4.3571
 20
-4.1143
 10
4.1143
 20
-4.1143
  0
LWPOLYLINE
  5
192
330
17
100
AcDbEntity
  8
GIRIS_DUVAR
100
AcDbPolyline
 90
4
 70
1
 38
4.6996
 10
4.1143
 20
-4.1143
 10
4.3714
 20
-4.1143
 10
4.3714
 20
-4.1286
 10
4.1143
 20
-4.1286
  0
LWPOLYLINE
  5
193
330
17
100
AcDbEntity
  8
GIRIS_DUVAR
100
AcDbPolyline
 90
4
 70
1
 38
4.6996
 10
4.1143
 20
-4.1286
 10
4.3571
 20
-4.1286
 10
4.3571
 20
-4.1857
 10
4.1143
 20
-4.1857
  0
LWPOLYLINE
  5
194
330
17
100
AcDbEntity
  8
GIRIS_DUVAR
100
AcDbPolyline
 90
4
 70
1
 38
4.6996
 10
4.1143
 20
-4.1857
 10
4.3143
 20
-4.1857
 10
4.3143
 20
-4.2
 10
4.1143
 20
-4.2
  0
LWPOLYLINE
  5
195
330
17
100
AcDbEntity
  8
GIRIS_DUVAR
100
AcDbPolyline
 90
4
 70
1
 38
4.6996
 10
4.3286
 20
-4.1857
 10
4.3429
 20
-4.1857
 10
4.3429
 20
-4.2
 10
4.3286
 20
-4.2
  0
LWPOLYLINE
  5
196
330
17
100
AcDbEntity
  8
GIRIS_DUVAR
100
AcDbPolyline
 90
4
 70
1
 38
4.6996
 10
4.1286
 20
-4.2
 10
4.3
 20
-4.2
 10
4.3
 20
-4.2143
 10
4.1286
 20
-4.2143
  0
LWPOLYLINE
  5
197
330
17
100
AcDbEntity
  8
GIRIS_DUVAR
100
AcDbPolyline
 90
4
 70
1
 38
4.6996
 10
-2.1714
 20
-4.0286
 10
-2.0
 20
-4.0286
 10
-2.0
 20
-4.0429
 10
-2.1714
 20
-4.0429
  0
LWPOLYLINE
  5
198
330
17
100
AcDbEntity
  8
GIRIS_DUVAR
100
AcDbPolyline
 90
4
 70
1
 38
4.6996
 10
-2.1857
 20
-4.0429
 10
-1.9857
 20
-4.0429
 10
-1.9857
 20
-4.2143
 10
-2.1857
 20
-4.2143
  0
LWPOLYLINE
  5
199
330
17
100
AcDbEntity
  8
GIRIS_DUVAR
100
AcDbPolyline
 90
4
 70
1
 38
4.6996
 10
-2.1714
 20
-4.2143
 10
-2.0
 20
-4.2143
 10
-2.0
 20
-4.2286
 10
-2.1714
 20
-4.2286
  0
LWPOLYLINE
  5
19A
330
17
100
AcDbEntity
  8
GIRIS_DUVAR
100
AcDbPolyline
 90
4
 70
1
 38
4.6996
 10
-2.1714
 20
-5.0143
 10
-1.9857
 20
-5.0143
 10
-1.9857
 20
-5.0286
 10
-2.1714
 20
-5.0286
  0
LWPOLYLINE
  5
19B
330
17
100
AcDbEntity
  8
GIRIS_DUVAR
100
AcDbPolyline
 90
4
 70
1
 38
4.6996
 10
-2.1857
 20
-5.0286
 10
-1.9714
 20
-5.0286
 10
-1.9714
 20
-5.0857
 10
-2.1857
 20
-5.0857
  0
LWPOLYLINE
  5
19C
330
17
100
AcDbEntity
  8
GIRIS_DUVAR
100
AcDbPolyline
 90
4
 70
1
 38
4.6996
 10
-1.9714
 20
-5.0857
 10
-2.2286
 20
-5.0857
 10
-2.2286
 20
-5.1429
 10
-1.9714
 20
-5.1429
  0
LWPOLYLINE
  5
19D
330
17
100
AcDbEntity
  8
GIRIS_DUVAR
100
AcDbPolyline
 90
4
 70
1
 38
4.6996
 10
-2.2143
 20
-5.0714
 10
-2.2
 20
-5.0714
 10
-2.2
 20
-5.0857
 10
-2.2143
 20
-5.0857
  0
LWPOLYLINE
  5
19E
330
17
100
AcDbEntity
  8
GIRIS_DUVAR
100
AcDbPolyline
 90
4
 70
1
 38
4.6996
 10
-1.9714
 20
-5.1429
 10
-2.1857
 20
-5.1429
 10
-2.1857
 20
-5.2
 10
-1.9714
 20
-5.2
  0
LWPOLYLINE
  5
19F
330
17
100
AcDbEntity
  8
GIRIS_DUVAR
100
AcDbPolyline
 90
4
 70
1
 38
4.6996
 10
-2.2143
 20
-5.1429
 10
-2.2
 20
-5.1429
 10
-2.2
 20
-5.1571
 10
-2.2143
 20
-5.1571
  0
LWPOLYLINE
  5
1A0
330
17
100
AcDbEntity
  8
GIRIS_DUVAR
100
AcDbPolyline
 90
4
 70
1
 38
4.6996
 10
-2.1714
 20
-5.2
 10
-1.9857
 20
-5.2
 10
-1.9857
 20
-5.2143
 10
-2.1714
 20
-5.2143
  0
LWPOLYLINE
  5
1A1
330
17
100
AcDbEntity
  8
GIRIS_DUVAR
100
AcDbPolyline
 90
4
 70
1
 38
4.6996
 10
1.0714
 20
-5.0143
 10
1.2286
 20
-5.0143
 10
1.2286
 20
-5.0286
 10
1.0714
 20
-5.0286
  0
LWPOLYLINE
  5
1A2
330
17
100
AcDbEntity
  8
GIRIS_DUVAR
100
AcDbPolyline
 90
4
 70
1
 38
4.6996
 10
1.0571
 20
-5.0286
 10
1.2429
 20
-5.0286
 10
1.2429
 20
-5.0429
 10
1.0571
 20
-5.0429
  0
LWPOLYLINE
  5
1A3
330
17
100
AcDbEntity
  8
GIRIS_DUVAR
100
AcDbPolyline
 90
4
 70
1
 38
4.6996
 10
1.0571
 20
-5.0429
 10
1.2571
 20
-5.0429
 10
1.2571
 20
-5.2
 10
1.0571
 20
-5.2
  0
LWPOLYLINE
  5
1A4
330
17
100
AcDbEntity
  8
GIRIS_DUVAR
100
AcDbPolyline
 90
4
 70
1
 38
4.6996
 10
1.0714
 20
-5.2
 10
1.2429
 20
-5.2
 10
1.2429
 20
-5.2143
 10
1.0714
 20
-5.2143
  0
HATCH
  5
1A6
330
17
100
AcDbEntity
  8
GIRIS_DONATI
 62
7
100
AcDbHatch
 10
0.0
 20
0.0
 30
4.6996
210
0.0
220
0.0
230
1.0
  2
ANSI31
 70
0
 71
0
 91
11
 92
3
 72
0
 73
1
 93
10
 10
2.04469
 20
2.18373
 10
2.04472
 20
2.17447
 10
2.04464
 20
2.16616
 10
2.02479
 20
2.16616
 10
2.01701
 20
2.16616
 10
2.01675
 20
2.16616
 10
2.01664
 20
2.17519
 10
2.01655
 20
2.18373
 10
2.01696
 20
2.18373
 10
2.02474
 20
2.18373
 97
0
 92
3
 72
0
 73
1
 93
7
 10
2.20608
 20
2.17118
 10
2.20777
 20
2.17118
 10
2.20777
 20
2.17506
 10
2.20777
 20
2.17871
 10
2.20315
 20
2.17871
 10
2.20315
 20
2.17688
 10
2.20315
 20
2.17118
 97
0
 92
3
 72
0
 73
1
 93
5
 10
2.21555
 20
2.17871
 10
2.21555
 20
2.17303
 10
2.22037
 20
2.17118
 10
2.22037
 20
2.17564
 10
2.22037
 20
2.17871
 97
0
 92
3
 72
0
 73
1
 93
8
 10
2.25934
 20
2.18436
 10
2.25934
 20
2.18067
 10
2.25934
 20
2.16553
 10
2.25565
 20
2.16553
 10
2.24051
 20
2.16553
 10
2.24051
 20
2.16922
 10
2.24051
 20
2.18436
 10
2.2442
 20
2.18436
 97
0
 92
3
 72
0
 73
1
 93
8
 10
2.29005
 20
2.17118
 10
2.29955
 20
2.17118
 10
2.29955
 20
2.1726
 10
2.29955
 20
2.17871
 10
2.29726
 20
2.17871
 10
2.28756
 20
2.17871
 10
2.28756
 20
2.17713
 10
2.28756
 20
2.17118
 97
0
 92
3
 72
0
 73
1
 93
8
 10
2.47127
 20
2.17118
 10
2.48296
 20
2.17118
 10
2.48296
 20
2.17252
 10
2.48296
 20
2.17871
 10
2.48095
 20
2.17871
 10
2.4704
 20
2.17871
 10
2.4704
 20
2.17821
 10
2.4704
 20
2.17118
 97
0
 92
3
 72
0
 73
1
 93
3
 10
3.3253
 20
-2.3662
 10
3.33261
 20
-2.37287
 10
3.33325
 20
-2.37223
 97
0
 92
3
 72
0
 73
1
 93
7
 10
2.83064
 20
2.06396
 10
2.8451
 20
2.06301
 10
2.84689
 20
2.07738
 10
2.84697
 20
2.08013
 10
2.83386
 20
2.08116
 10
2.83044
 20
2.08153
 10
2.83071
 20
2.06652
 97
0
 92
3
 72
0
 73
1
 93
8
 10
2.66016
 20
2.17871
 10
2.66942
 20
2.17871
 10
2.67211
 20
2.17871
 10
2.67211
 20
2.17297
 10
2.67211
 20
2.17118
 10
2.66242
 20
2.17118
 10
2.66016
 20
2.17118
 10
2.66016
 20
2.17734
 97
0
 92
3
 72
0
 73
1
 93
8
 10
2.74084
 20
2.18436
 10
2.75157
 20
2.18436
 10
2.75968
 20
2.18436
 10
2.75968
 20
2.17364
 10
2.75968
 20
2.16553
 10
2.74895
 20
2.16553
 10
2.74084
 20
2.16553
 10
2.74084
 20
2.17625
 97
0
 92
3
 72
0
 73
1
 93
8
 10
2.49476
 20
2.17341
 10
2.49476
 20
2.1693
 10
2.50154
 20
2.1693
 10
2.50543
 20
2.1693
 10
2.50543
 20
2.17648
 10
2.50543
 20
2.1806
 10
2.49865
 20
2.1806
 10
2.49476
 20
2.1806
 97
0
 75
1
 76
1
 52
90.0
 41
0.02
 77
0
 78
1
 53
135.0
 43
0.0
 44
0.0
 45
-0.0449012806
 46
-0.0449012806
 79
0
 98
0
  0
LWPOLYLINE
  5
1A7
330
17
100
AcDbEntity
  8
GIRIS_DONATI
100
AcDbPolyline
 90
10
 70
1
 38
4.6996
 10
2.04469
 20
2.18373
 10
2.04472
 20
2.17447
 10
2.04464
 20
2.16616
 10
2.02479
 20
2.16616
 10
2.01701
 20
2.16616
 10
2.01675
 20
2.16616
 10
2.01664
 20
2.17519
 10
2.01655
 20
2.18373
 10
2.01696
 20
2.18373
 10
2.02474
 20
2.18373
  0
LWPOLYLINE
  5
1A8
330
17
100
AcDbEntity
  8
GIRIS_DONATI
100
AcDbPolyline
 90
7
 70
1
 38
4.6996
 10
2.20608
 20
2.17118
 10
2.20777
 20
2.17118
 10
2.20777
 20
2.17506
 10
2.20777
 20
2.17871
 10
2.20315
 20
2.17871
 10
2.20315
 20
2.17688
 10
2.20315
 20
2.17118
  0
LWPOLYLINE
  5
1A9
330
17
100
AcDbEntity
  8
GIRIS_DONATI
100
AcDbPolyline
 90
5
 70
1
 38
4.6996
 10
2.21555
 20
2.17871
 10
2.21555
 20
2.17303
 10
2.22037
 20
2.17118
 10
2.22037
 20
2.17564
 10
2.22037
 20
2.17871
  0
LWPOLYLINE
  5
1AA
330
17
100
AcDbEntity
  8
GIRIS_DONATI
100
AcDbPolyline
 90
8
 70
1
 38
4.6996
 10
2.25934
 20
2.18436
 10
2.25934
 20
2.18067
 10
2.25934
 20
2.16553
 10
2.25565
 20
2.16553
 10
2.24051
 20
2.16553
 10
2.24051
 20
2.16922
 10
2.24051
 20
2.18436
 10
2.2442
 20
2.18436
  0
LWPOLYLINE
  5
1AB
330
17
100
AcDbEntity
  8
GIRIS_DONATI
100
AcDbPolyline
 90
8
 70
1
 38
4.6996
 10
2.29005
 20
2.17118
 10
2.29955
 20
2.17118
 10
2.29955
 20
2.1726
 10
2.29955
 20
2.17871
 10
2.29726
 20
2.17871
 10
2.28756
 20
2.17871
 10
2.28756
 20
2.17713
 10
2.28756
 20
2.17118
  0
LWPOLYLINE
  5
1AC
330
17
100
AcDbEntity
  8
GIRIS_DONATI
100
AcDbPolyline
 90
8
 70
1
 38
4.6996
 10
2.47127
 20
2.17118
 10
2.48296
 20
2.17118
 10
2.48296
 20
2.17252
 10
2.48296
 20
2.17871
 10
2.48095
 20
2.17871
 10
2.4704
 20
2.17871
 10
2.4704
 20
2.17821
 10
2.4704
 20
2.17118
  0
LWPOLYLINE
  5
1AD
330
17
100
AcDbEntity
  8
GIRIS_DONATI
100
AcDbPolyline
 90
3
 70
1
 38
4.6996
 10
3.3253
 20
-2.3662
 10
3.33261
 20
-2.37287
 10
3.33325
 20
-2.37223
  0
LWPOLYLINE
  5
1AE
330
17
100
AcDbEntity
  8
GIRIS_DONATI
100
AcDbPolyline
 90
7
 70
1
 38
4.6996
 10
2.83064
 20
2.06396
 10
2.8451
 20
2.06301
 10
2.84689
 20
2.07738
 10
2.84697
 20
2.08013
 10
2.83386
 20
2.08116
 10
2.83044
 20
2.08153
 10
2.83071
 20
2.06652
  0
LWPOLYLINE
  5
1AF
330
17
100
AcDbEntity
  8
GIRIS_DONATI
100
AcDbPolyline
 90
8
 70
1
 38
4.6996
 10
2.66016
 20
2.17871
 10
2.66942
 20
2.17871
 10
2.67211
 20
2.17871
 10
2.67211
 20
2.17297
 10
2.67211
 20
2.17118
 10
2.66242
 20
2.17118
 10
2.66016
 20
2.17118
 10
2.66016
 20
2.17734
  0
LWPOLYLINE
  5
1B0
330
17
100
AcDbEntity
  8
GIRIS_DONATI
100
AcDbPolyline
 90
8
 70
1
 38
4.6996
 10
2.74084
 20
2.18436
 10
2.75157
 20
2.18436
 10
2.75968
 20
2.18436
 10
2.75968
 20
2.17364
 10
2.75968
 20
2.16553
 10
2.74895
 20
2.16553
 10
2.74084
 20
2.16553
 10
2.74084
 20
2.17625
  0
LWPOLYLINE
  5
1B1
330
17
100
AcDbEntity
  8
GIRIS_DONATI
100
AcDbPolyline
 90
8
 70
1
 38
4.6996
 10
2.49476
 20
2.17341
 10
2.49476
 20
2.1693
 10
2.50154
 20
2.1693
 10
2.50543
 20
2.1693
 10
2.50543
 20
2.17648
 10
2.50543
 20
2.1806
 10
2.49865
 20
2.1806
 10
2.49476
 20
2.1806
  0
HATCH
  5
1B3
330
17
100
AcDbEntity
  8
GIRIS_MOBILYA
 62
7
100
AcDbHatch
 10
0.0
 20
0.0
 30
4.6996
210
0.0
220
0.0
230
1.0
  2
ANSI31
 70
0
 71
0
 91
163
 92
3
 72
0
 73
1
 93
12
 10
-5.15455
 20
-3.09104
 10
-5.15399
 20
-3.09091
 10
-5.15395
 20
-3.09084
 10
-5.15394
 20
-3.08994
 10
-5.15373
 20
-3.07104
 10
-5.15451
 20
-3.07031
 10
-5.15459
 20
-3.07032
 10
-5.17185
 20
-3.07019
 10
-5.5126
 20
-3.06955
 10
-5.5126
 20
-3.09106
 10
-5.50407
 20
-3.09106
 10
-5.15455
 20
-3.09136
 97
0
 92
3
 72
0
 73
1
 93
13
 10
-5.5126
 20
-3.06955
 10
-5.5199
 20
-3.06954
 10
-5.52265
 20
-3.072
 10
-5.52248
 20
-3.08999
 10
-5.52846
 20
-3.09144
 10
-5.53045
 20
-2.55147
 10
-5.52935
 20
-2.52359
 10
-5.52261
 20
-2.52568
 10
-5.52139
 20
-2.52393
 10
-5.52246
 20
-2.54441
 10
-5.52138
 20
-2.54499
 10
-5.51171
 20
-2.5451
 10
-5.5126
 20
-3.0648
 97
0
 92
3
 72
0
 73
1
 93
17
 10
-5.49642
 20
-2.97504
 10
-5.49641
 20
-2.97506
 10
-5.48596
 20
-2.97477
 10
-5.14987
 20
-2.97506
 10
-5.14987
 20
-2.97478
 10
-5.14958
 20
-2.97451
 10
-5.14955
 20
-2.97446
 10
-5.14955
 20
-2.97393
 10
-5.14875
 20
-2.95618
 10
-5.14985
 20
-2.95559
 10
-5.1499
 20
-2.9556
 10
-5.16027
 20
-2.95548
 10
-5.49643
 20
-2.95552
 10
-5.49768
 20
-2.95633
 10
-5.49765
 20
-2.95688
 10
-5.49752
 20
-2.97368
 10
-5.49641
 20
-2.97477
 97
0
 92
3
 72
0
 73
1
 93
39
 10
-5.13582
 20
-2.80257
 10
-5.13552
 20
-2.80257
 10
-5.13531
 20
-2.80229
 10
-5.13428
 20
-2.80176
 10
-5.13426
 20
-2.80101
 10
-5.13425
 20
-2.80099
 10
-5.13536
 20
-2.8004
 10
-5.13554
 20
-2.75677
 10
-5.13557
 20
-2.75574
 10
-5.13441
 20
-2.75462
 10
-5.10985
 20
-2.75447
 10
-5.10928
 20
-2.75418
 10
-5.10927
 20
-2.75421
 10
-5.10929
 20
-2.75447
 10
-5.10848
 20
-2.75572
 10
-5.10887
 20
-2.80036
 10
-5.10928
 20
-2.80101
 10
-5.10887
 20
-2.80136
 10
-5.10888
 20
-2.80138
 10
-5.10924
 20
-2.80171
 10
-5.10928
 20
-2.80179
 10
-5.10899
 20
-2.80205
 10
-5.10846
 20
-2.80254
 10
-5.1086
 20
-2.87372
 10
-5.10861
 20
-2.91255
 10
-5.10848
 20
-2.91494
 10
-5.10887
 20
-2.95959
 10
-5.13374
 20
-2.96032
 10
-5.13425
 20
-2.96022
 10
-5.1343
 20
-2.96032
 10
-5.13536
 20
-2.95962
 10
-5.13554
 20
-2.91599
 10
-5.13557
 20
-2.91496
 10
-5.13441
 20
-2.91384
 10
-5.13426
 20
-2.9134
 10
-5.13436
 20
-2.91321
 10
-5.13426
 20
-2.9131
 10
-5.1351
 20
-2.91229
 10
-5.13518
 20
-2.84177
 97
0
 92
3
 72
0
 73
1
 93
12
 10
-5.51171
 20
-2.5451
 10
-5.51167
 20
-2.52456
 10
-5.17187
 20
-2.52393
 10
-5.15459
 20
-2.52397
 10
-5.15455
 20
-2.52393
 10
-5.1545
 20
-2.52396
 10
-5.15373
 20
-2.52468
 10
-5.15399
 20
-2.54452
 10
-5.154
 20
-2.54544
 10
-5.15404
 20
-2.54548
 10
-5.15453
 20
-2.54505
 10
-5.5041
 20
-2.5451
 97
0
 92
3
 72
0
 73
1
 93
4
 10
-5.52261
 20
-2.52568
 10
-5.52295
 20
-2.52471
 10
-5.52288
 20
-2.52468
 10
-5.52266
 20
-2.52471
 97
0
 92
3
 72
0
 73
1
 93
44
 10
-5.13429
 20
-2.54306
 10
-5.10989
 20
-2.54295
 10
-5.10927
 20
-2.54272
 10
-5.10929
 20
-2.54295
 10
-5.1085
 20
-2.54343
 10
-5.10866
 20
-2.58799
 10
-5.10866
 20
-2.58901
 10
-5.10868
 20
-2.58905
 10
-5.10929
 20
-2.58918
 10
-5.10928
 20
-2.58949
 10
-5.10925
 20
-2.59019
 10
-5.10928
 20
-2.5906
 10
-5.10876
 20
-2.59076
 10
-5.10846
 20
-2.59103
 10
-5.10869
 20
-2.66234
 10
-5.10925
 20
-2.70117
 10
-5.10869
 20
-2.70111
 10
-5.10899
 20
-2.70138
 10
-5.1085
 20
-2.70265
 10
-5.10929
 20
-2.70218
 10
-5.10927
 20
-2.70194
 10
-5.10989
 20
-2.70218
 10
-5.10875
 20
-2.74725
 10
-5.13369
 20
-2.74842
 10
-5.13553
 20
-2.70366
 10
-5.13541
 20
-2.7033
 10
-5.13553
 20
-2.70267
 10
-5.13429
 20
-2.70228
 10
-5.1343
 20
-2.70119
 10
-5.13433
 20
-2.70117
 10
-5.13506
 20
-2.70077
 10
-5.13515
 20
-2.63026
 10
-5.13582
 20
-2.59105
 10
-5.13552
 20
-2.59105
 10
-5.13531
 20
-2.59078
 10
-5.13428
 20
-2.59024
 10
-5.13369
 20
-2.5892
 10
-5.13426
 20
-2.58949
 10
-5.13427
 20
-2.58948
 10
-5.13426
 20
-2.5892
 10
-5.13537
 20
-2.5881
 10
-5.13551
 20
-2.54447
 10
-5.13541
 20
-2.54408
 10
-5.13553
 20
-2.54344
 97
0
 92
3
 72
0
 73
1
 93
15
 10
-5.15407
 20
-1.1944
 10
-5.15403
 20
-1.19436
 10
-5.15403
 20
-1.19332
 10
-5.15373
 20
-1.17129
 10
-5.15455
 20
-1.17005
 10
-5.15451
 20
-1.16982
 10
-5.15455
 20
-1.16975
 10
-5.17188
 20
-1.17005
 10
-5.5109
 20
-1.17022
 10
-5.5109
 20
-1.1918
 10
-5.51093
 20
-1.19188
 10
-5.51097
 20
-1.19194
 10
-5.51264
 20
-1.19404
 10
-5.5041
 20
-1.19404
 10
-5.15453
 20
-1.194
 97
0
 92
3
 72
0
 73
1
 93
23
 10
-5.5109
 20
-1.17022
 10
-5.52264
 20
-1.1724
 10
-5.52305
 20
-1.1712
 10
-5.52299
 20
-1.17115
 10
-5.5227
 20
-1.17132
 10
-5.52153
 20
-1.17023
 10
-5.52264
 20
-1.1724
 10
-5.52246
 20
-1.19336
 10
-5.52842
 20
-1.19444
 10
-5.52919
 20
-1.19444
 10
-5.53025
 20
-1.1932
 10
-5.53077
 20
-1.19162
 10
-5.53077
 20
-0.5889
 10
-5.53076
 20
-0.56018
 10
-5.52779
 20
-0.56018
 10
-5.52295
 20
-0.5605
 10
-5.52292
 20
-0.5672
 10
-5.52242
 20
-0.56879
 10
-5.52235
 20
-0.56892
 10
-5.52139
 20
-0.57003
 10
-5.52139
 20
-0.57031
 10
-5.51123
 20
-0.57004
 10
-5.5109
 20
-1.16309
 97
0
 92
3
 72
0
 73
1
 93
49
 10
-5.13535
 20
-0.99219
 10
-5.13442
 20
-0.99145
 10
-5.1343
 20
-0.99033
 10
-5.13374
 20
-0.99033
 10
-5.1355
 20
-0.9399
 10
-5.13582
 20
-0.93873
 10
-5.13579
 20
-0.9387
 10
-5.13553
 20
-0.93873
 10
-5.13441
 20
-0.9376
 10
-5.10985
 20
-0.93746
 10
-5.10928
 20
-0.93716
 10
-5.10927
 20
-0.9372
 10
-5.10929
 20
-0.93746
 10
-5.10847
 20
-0.93871
 10
-5.10877
 20
-0.98954
 10
-5.10926
 20
-0.99029
 10
-5.10877
 20
-0.99068
 10
-5.10879
 20
-0.9907
 10
-5.10928
 20
-0.99102
 10
-5.10929
 20
-0.99132
 10
-5.10901
 20
-0.99153
 10
-5.10847
 20
-0.99256
 10
-5.10869
 20
-1.07393
 10
-5.10869
 20
-1.11825
 10
-5.10899
 20
-1.11851
 10
-5.10925
 20
-1.11831
 10
-5.10928
 20
-1.11902
 10
-5.10927
 20
-1.11905
 10
-5.10929
 20
-1.11932
 10
-5.10985
 20
-1.11932
 10
-5.10847
 20
-1.12056
 10
-5.10865
 20
-1.17128
 10
-5.10865
 20
-1.17243
 10
-5.10867
 20
-1.17246
 10
-5.10929
 20
-1.17256
 10
-5.10928
 20
-1.17288
 10
-5.13369
 20
-1.17258
 10
-5.13426
 20
-1.17288
 10
-5.13427
 20
-1.17287
 10
-5.13426
 20
-1.17258
 10
-5.13536
 20
-1.17149
 10
-5.13551
 20
-1.12175
 10
-5.13553
 20
-1.12058
 10
-5.13441
 20
-1.11946
 10
-5.1343
 20
-1.11831
 10
-5.13504
 20
-1.11792
 10
-5.13513
 20
-1.03736
 10
-5.13582
 20
-0.99258
 10
-5.13552
 20
-0.99258
 97
0
 92
3
 72
0
 73
1
 93
3
 10
-5.13536
 20
-0.92953
 10
-5.13426
 20
-0.93063
 10
-5.13369
 20
-0.93063
 97
0
 92
3
 72
0
 73
1
 93
46
 10
-5.13369
 20
-0.93063
 10
-5.13551
 20
-0.8798
 10
-5.13582
 20
-0.87863
 10
-5.13579
 20
-0.8786
 10
-5.13553
 20
-0.87863
 10
-5.13441
 20
-0.8775
 10
-5.1343
 20
-0.87637
 10
-5.1343
 20
-0.87635
 10
-5.13504
 20
-0.87596
 10
-5.13513
 20
-0.7954
 10
-5.13582
 20
-0.75062
 10
-5.13552
 20
-0.75063
 10
-5.13535
 20
-0.75024
 10
-5.13442
 20
-0.74949
 10
-5.1343
 20
-0.74837
 10
-5.13425
 20
-0.74827
 10
-5.13374
 20
-0.74838
 10
-5.13536
 20
-0.74767
 10
-5.1355
 20
-0.69794
 10
-5.10985
 20
-0.6955
 10
-5.10928
 20
-0.69521
 10
-5.10927
 20
-0.69524
 10
-5.10929
 20
-0.6955
 10
-5.10847
 20
-0.69675
 10
-5.10877
 20
-0.74758
 10
-5.10926
 20
-0.74833
 10
-5.10877
 20
-0.74873
 10
-5.10879
 20
-0.74874
 10
-5.10928
 20
-0.74906
 10
-5.10929
 20
-0.74936
 10
-5.10901
 20
-0.74958
 10
-5.10847
 20
-0.7506
 10
-5.10873
 20
-0.8319
 10
-5.10873
 20
-0.87626
 10
-5.10902
 20
-0.87653
 10
-5.10926
 20
-0.87634
 10
-5.10928
 20
-0.87707
 10
-5.10927
 20
-0.8771
 10
-5.10929
 20
-0.87736
 10
-5.10985
 20
-0.87736
 10
-5.10848
 20
-0.87861
 10
-5.10873
 20
-0.92928
 10
-5.10873
 20
-0.93043
 10
-5.10875
 20
-0.93046
 10
-5.10929
 20
-0.9306
 10
-5.10928
 20
-0.93092
 97
0
 92
3
 72
0
 73
1
 93
16
 10
-5.51123
 20
-0.57004
 10
-5.51124
 20
-0.56018
 10
-5.17391
 20
-0.56018
 10
-5.17153
 20
-0.56018
 10
-5.1541
 20
-0.56018
 10
-5.15405
 20
-0.56018
 10
-5.15299
 20
-0.56018
 10
-5.15299
 20
-0.56689
 10
-5.15299
 20
-0.56721
 10
-5.15309
 20
-0.56719
 10
-5.15312
 20
-0.56727
 10
-5.15405
 20
-0.56979
 10
-5.15408
 20
-0.56986
 10
-5.15455
 20
-0.57001
 10
-5.15455
 20
-0.57033
 10
-5.50407
 20
-0.57004
 97
0
 92
3
 72
0
 73
1
 93
15
 10
-5.14987
 20
-0.70117
 10
-5.14956
 20
-0.70093
 10
-5.14952
 20
-0.70088
 10
-5.14952
 20
-0.70028
 10
-5.14874
 20
-0.68023
 10
-5.16033
 20
-0.67908
 10
-5.49657
 20
-0.67926
 10
-5.49772
 20
-0.68038
 10
-5.49769
 20
-0.681
 10
-5.49751
 20
-0.70007
 10
-5.49641
 20
-0.70116
 10
-5.49642
 20
-0.70144
 10
-5.49641
 20
-0.70145
 10
-5.48596
 20
-0.70116
 10
-5.14987
 20
-0.70145
 97
0
 92
3
 72
0
 73
1
 93
20
 10
-4.73854
 20
-0.31305
 10
-4.7378
 20
-0.31307
 10
-4.72413
 20
-0.3114
 10
-4.72072
 20
-0.30596
 10
-4.72059
 20
-0.30574
 10
-4.72059
 20
-0.29246
 10
-4.72059
 20
0.0343
 10
-4.72284
 20
0.0343
 10
-4.74173
 20
0.03552
 10
-4.74308
 20
0.04003
 10
-4.74317
 20
0.04003
 10
-4.74323
 20
0.04003
 10
-4.74401
 20
0.04003
 10
-4.7421
 20
0.03439
 10
-4.74401
 20
0.02427
 10
-4.74401
 20
0.02408
 10
-4.74401
 20
0.02386
 10
-4.74401
 20
-0.31274
 10
-4.74401
 20
-0.31276
 10
-4.7438
 20
-0.31285
 97
0
 92
3
 72
0
 73
1
 93
28
 10
-4.72059
 20
0.0343
 10
-4.72059
 20
0.04003
 10
-4.264
 20
0.04003
 10
-4.26207
 20
0.04003
 10
-4.264
 20
0.03467
 10
-4.24753
 20
0.03468
 10
-4.24444
 20
0.03569
 10
-4.24422
 20
0.03585
 10
-4.24364
 20
0.03552
 10
-4.24239
 20
0.04003
 10
-4.24214
 20
0.04003
 10
-4.24129
 20
0.04003
 10
-4.24048
 20
0.04003
 10
-4.23824
 20
0.04003
 10
-4.23824
 20
0.02675
 10
-4.23824
 20
-0.30574
 10
-4.23837
 20
-0.30596
 10
-4.24057
 20
-0.31202
 10
-4.24178
 20
-0.3114
 10
-4.25185
 20
-0.31622
 10
-4.25251
 20
-0.3162
 10
-4.25263
 20
-0.31617
 10
-4.26112
 20
-0.31146
 10
-4.26111
 20
-0.31143
 10
-4.26125
 20
-0.3112
 10
-4.264
 20
-0.30574
 10
-4.264
 20
0.02675
 10
-4.264
 20
0.03467
 97
0
 92
3
 72
0
 73
1
 93
204
 10
-4.5874
 20
5.921
 10
-4.5874
 20
5.91899
 10
-4.58725
 20
5.91868
 10
-4.58644
 20
5.91707
 10
-4.58621
 20
5.91676
 10
-4.585
 20
5.91515
 10
-4.58469
 20
5.91492
 10
-4.58308
 20
5.91371
 10
-4.58269
 20
5.91356
 10
-4.58068
 20
5.91275
 10
-4.5803
 20
5.91267
 10
-4.57829
 20
5.91227
 10
-4.53889
 20
5.91227
 10
-4.53127
 20
5.91227
 10
-4.53096
 20
5.91235
 10
-4.52935
 20
5.91275
 10
-4.52896
 20
5.91291
 10
-4.52695
 20
5.91371
 10
-4.52664
 20
5.91395
 10
-4.52503
 20
5.91515
 10
-4.5248
 20
5.91546
 10
-4.52359
 20
5.91707
 10
-4.52344
 20
5.91738
 10
-4.52263
 20
5.91899
 10
-4.52263
 20
5.91938
 10
-4.52263
 20
5.92139
 10
-4.52263
 20
5.95234
 10
-4.52263
 20
5.95833
 10
-4.52263
 20
5.95872
 10
-4.52263
 20
5.96073
 10
-4.52279
 20
5.96112
 10
-4.52359
 20
5.96313
 10
-4.52383
 20
5.96344
 10
-4.52503
 20
5.96505
 10
-4.52534
 20
5.96528
 10
-4.52695
 20
5.96649
 10
-4.52734
 20
5.96664
 10
-4.52935
 20
5.96745
 10
-4.52966
 20
5.96745
 10
-4.53127
 20
5.96745
 10
-4.55207
 20
5.96745
 10
-4.552
 20
6.29843
 10
-4.552
 20
6.35955
 10
-4.55212
 20
6.35959
 10
-4.55267
 20
6.35979
 10
-4.55267
 20
6.35981
 10
-4.5584
 20
6.35981
 10
-4.55944
 20
6.35981
 10
-4.55984
 20
6.35941
 10
-4.55984
 20
6.02158
 10
-4.55984
 20
5.96745
 10
-4.57066
 20
5.96745
 10
-4.57829
 20
5.96745
 10
-4.57868
 20
5.96745
 10
-4.58068
 20
5.96745
 10
-4.58107
 20
5.96729
 10
-4.58308
 20
5.96649
 10
-4.5834
 20
5.96625
 10
-4.585
 20
5.96505
 10
-4.58524
 20
5.96474
 10
-4.58644
 20
5.96313
 10
-4.5866
 20
5.96274
 10
-4.5874
 20
5.96073
 10
-4.5874
 20
5.96034
 10
-4.5874
 20
5.95833
 10
-4.5874
 20
5.9345
 10
-4.90847
 20
5.93421
 10
-4.9501
 20
5.93421
 10
-4.9501
 20
7.12006
 10
-4.9501
 20
7.36537
 10
-4.63169
 20
7.36565
 10
-4.5874
 20
7.36564
 10
-4.5874
 20
7.34749
 10
-4.5874
 20
7.34149
 10
-4.5874
 20
7.34111
 10
-4.5874
 20
7.3391
 10
-4.58725
 20
7.33878
 10
-4.58644
 20
7.33718
 10
-4.58621
 20
7.33686
 10
-4.585
 20
7.33526
 10
-4.58469
 20
7.33502
 10
-4.58308
 20
7.33382
 10
-4.58269
 20
7.33366
 10
-4.58068
 20
7.33286
 10
-4.5803
 20
7.33278
 10
-4.57829
 20
7.33238
 10
-4.55984
 20
7.33238
 10
-4.55984
 20
7.00159
 10
-4.55984
 20
6.94041
 10
-4.55978
 20
6.94035
 10
-4.55944
 20
6.94001
 10
-4.5584
 20
6.94001
 10
-4.55267
 20
6.94001
 10
-4.55266
 20
6.94001
 10
-4.55261
 20
6.94007
 10
-4.55227
 20
6.94041
 10
-4.55213
 20
6.94028
 10
-4.55207
 20
6.94034
 10
-4.552
 20
7.27844
 10
-4.552
 20
7.33238
 10
-4.53889
 20
7.33238
 10
-4.53127
 20
7.33238
 10
-4.53096
 20
7.33246
 10
-4.52935
 20
7.33286
 10
-4.52896
 20
7.33301
 10
-4.52695
 20
7.33382
 10
-4.52664
 20
7.33405
 10
-4.52503
 20
7.33526
 10
-4.5248
 20
7.33557
 10
-4.52359
 20
7.33718
 10
-4.52344
 20
7.33749
 10
-4.52263
 20
7.3391
 10
-4.52263
 20
7.33948
 10
-4.52263
 20
7.34149
 10
-4.52263
 20
7.37245
 10
-4.52263
 20
7.37844
 10
-4.52263
 20
7.37883
 10
-4.52263
 20
7.38084
 10
-4.52279
 20
7.38122
 10
-4.52359
 20
7.38323
 10
-4.52383
 20
7.38347
 10
-4.52503
 20
7.38467
 10
-4.52534
 20
7.38491
 10
-4.52695
 20
7.38611
 10
-4.52734
 20
7.38627
 10
-4.52935
 20
7.38707
 10
-4.52966
 20
7.38715
 10
-4.53127
 20
7.38755
 10
-4.57066
 20
7.38755
 10
-4.57829
 20
7.38755
 10
-4.57868
 20
7.38747
 10
-4.58068
 20
7.38707
 10
-4.58107
 20
7.38692
 10
-4.58308
 20
7.38611
 10
-4.5834
 20
7.38588
 10
-4.585
 20
7.38467
 10
-4.58524
 20
7.38444
 10
-4.58644
 20
7.38323
 10
-4.5866
 20
7.38284
 10
-4.5874
 20
7.38084
 10
-4.5874
 20
7.38045
 10
-4.5874
 20
7.37844
 10
-4.5874
 20
7.37447
 10
-4.90855
 20
7.37437
 10
-4.9501
 20
7.37437
 10
-4.9501
 20
7.37604
 10
-4.9501
 20
7.37646
 10
-4.9501
 20
7.37844
 10
-4.95027
 20
7.37877
 10
-4.95106
 20
7.38036
 10
-4.95132
 20
7.38069
 10
-4.9525
 20
7.38227
 10
-4.95284
 20
7.38253
 10
-4.95442
 20
7.38371
 10
-4.95485
 20
7.38388
 10
-4.95682
 20
7.38467
 10
-4.95724
 20
7.38476
 10
-4.95922
 20
7.38515
 10
-4.9853
 20
7.38515
 10
-4.99088
 20
7.38515
 10
-4.99131
 20
7.38507
 10
-4.99328
 20
7.38467
 10
-4.99371
 20
7.3845
 10
-4.99568
 20
7.38371
 10
-4.99602
 20
7.38346
 10
-4.9976
 20
7.38227
 10
-4.99785
 20
7.38194
 10
-4.99904
 20
7.38036
 10
-4.99913
 20
7.38002
 10
-4.99952
 20
7.37844
 10
-4.9996
 20
7.37801
 10
-5.0
 20
7.37604
 10
-5.0
 20
6.17977
 10
-5.0
 20
5.92379
 10
-4.99992
 20
5.92345
 10
-4.99952
 20
5.92187
 10
-4.99944
 20
5.92145
 10
-4.99904
 20
5.91947
 10
-4.99879
 20
5.91913
 10
-4.9976
 20
5.91755
 10
-4.99726
 20
5.9173
 10
-4.99568
 20
5.91611
 10
-4.99526
 20
5.91594
 10
-4.99328
 20
5.91515
 10
-4.99286
 20
5.91515
 10
-4.99088
 20
5.91515
 10
-4.9648
 20
5.91515
 10
-4.95922
 20
5.91515
 10
-4.9588
 20
5.91515
 10
-4.95682
 20
5.91515
 10
-4.9564
 20
5.91532
 10
-4.95442
 20
5.91611
 10
-4.95408
 20
5.91636
 10
-4.9525
 20
5.91755
 10
-4.95225
 20
5.91789
 10
-4.95106
 20
5.91947
 10
-4.95089
 20
5.91989
 10
-4.9501
 20
5.92187
 10
-4.9501
 20
5.92221
 10
-4.9501
 20
5.92379
 10
-4.9501
 20
5.92542
 10
-4.63169
 20
5.9257
 10
-4.5874
 20
5.92569
 10
-4.5874
 20
5.92139
 97
0
 92
3
 72
0
 73
1
 93
7
 10
-4.82008
 20
6.11656
 10
-4.80555
 20
6.11162
 10
-4.79521
 20
6.10852
 10
-4.78941
 20
6.1074
 10
-4.79235
 20
6.10542
 10
-4.80482
 20
6.10648
 10
-4.81847
 20
6.11305
 97
0
 92
3
 72
0
 73
1
 93
8
 10
-4.82008
 20
6.11656
 10
-4.83047
 20
6.12121
 10
-4.83719
 20
6.13264
 10
-4.84458
 20
6.15147
 10
-4.84227
 20
6.15567
 10
-4.8395
 20
6.14638
 10
-4.83643
 20
6.13642
 10
-4.82598
 20
6.12274
 97
0
 92
3
 72
0
 73
1
 93
5
 10
-4.78336
 20
6.1086
 10
-4.75925
 20
6.119
 10
-4.75135
 20
6.12386
 10
-4.76424
 20
6.11193
 10
-4.77494
 20
6.10628
 97
0
 92
3
 72
0
 73
1
 93
6
 10
-4.75135
 20
6.12386
 10
-4.74637
 20
6.13404
 10
-4.73806
 20
6.15592
 10
-4.73826
 20
6.14369
 10
-4.74098
 20
6.13346
 10
-4.7471
 20
6.12572
 97
0
 92
3
 72
0
 73
1
 93
10
 10
-4.73806
 20
6.15592
 10
-4.73846
 20
6.16665
 10
-4.74235
 20
6.18193
 10
-4.74639
 20
6.18805
 10
-4.74975
 20
6.19297
 10
-4.76162
 20
6.20399
 10
-4.75217
 20
6.19932
 10
-4.74303
 20
6.18999
 10
-4.73806
 20
6.17808
 10
-4.73492
 20
6.16311
 97
0
 92
3
 72
0
 73
1
 93
20
 10
-4.76162
 20
6.20399
 10
-4.77116
 20
6.20797
 10
-4.78916
 20
6.21272
 10
-4.8005
 20
6.21396
 10
-4.80781
 20
6.21245
 10
-4.81885
 20
6.2068
 10
-4.82631
 20
6.20196
 10
-4.83206
 20
6.195
 10
-4.84058
 20
6.18267
 10
-4.84391
 20
6.16701
 10
-4.84255
 20
6.16365
 10
-4.83786
 20
6.17941
 10
-4.83223
 20
6.19108
 10
-4.82481
 20
6.19905
 10
-4.81459
 20
6.20597
 10
-4.79916
 20
6.2115
 10
-4.78916
 20
6.21272
 10
-4.78187
 20
6.21429
 10
-4.77388
 20
6.21272
 10
-4.76798
 20
6.21034
 97
0
 92
3
 72
0
 73
1
 93
18
 10
-4.77684
 20
6.42639
 10
-4.7698
 20
6.43166
 10
-4.77652
 20
6.43004
 10
-4.79959
 20
6.42859
 10
-4.80823
 20
6.43039
 10
-4.81696
 20
6.43671
 10
-4.83297
 20
6.45021
 10
-4.83723
 20
6.45839
 10
-4.84109
 20
6.47338
 10
-4.84287
 20
6.48482
 10
-4.84447
 20
6.47165
 10
-4.84242
 20
6.4609
 10
-4.83635
 20
6.45041
 10
-4.83042
 20
6.44241
 10
-4.82032
 20
6.43387
 10
-4.81074
 20
6.42816
 10
-4.80154
 20
6.42608
 10
-4.7927
 20
6.42577
 97
0
 92
3
 72
0
 73
1
 93
16
 10
-4.7698
 20
6.43166
 10
-4.76034
 20
6.4364
 10
-4.75195
 20
6.44424
 10
-4.74472
 20
6.45411
 10
-4.73961
 20
6.47103
 10
-4.73722
 20
6.48168
 10
-4.74389
 20
6.5016
 10
-4.74801
 20
6.51254
 10
-4.74309
 20
6.50843
 10
-4.73657
 20
6.49549
 10
-4.73442
 20
6.48383
 10
-4.73667
 20
6.47262
 10
-4.74042
 20
6.45468
 10
-4.74949
 20
6.44291
 10
-4.75602
 20
6.43633
 10
-4.76409
 20
6.4321
 97
0
 92
3
 72
0
 73
1
 93
21
 10
-4.84287
 20
6.48482
 10
-4.84188
 20
6.49513
 10
-4.8406
 20
6.50184
 10
-4.83709
 20
6.50943
 10
-4.82579
 20
6.52151
 10
-4.81449
 20
6.53032
 10
-4.80305
 20
6.53298
 10
-4.78501
 20
6.53517
 10
-4.77503
 20
6.53312
 10
-4.76243
 20
6.52746
 10
-4.7536
 20
6.52116
 10
-4.74801
 20
6.51254
 10
-4.7565
 20
6.51875
 10
-4.76744
 20
6.52638
 10
-4.77352
 20
6.52986
 10
-4.78178
 20
6.53107
 10
-4.79762
 20
6.53156
 10
-4.80804
 20
6.52876
 10
-4.82485
 20
6.51854
 10
-4.83289
 20
6.51099
 10
-4.83932
 20
6.49627
 97
0
 92
3
 72
0
 73
1
 93
11
 10
-4.78333
 20
6.74449
 10
-4.77471
 20
6.74645
 10
-4.76444
 20
6.75185
 10
-4.7501
 20
6.76493
 10
-4.75919
 20
6.75903
 10
-4.7806
 20
6.74887
 10
-4.78619
 20
6.74765
 10
-4.7997
 20
6.74975
 10
-4.8158
 20
6.75353
 10
-4.81177
 20
6.74981
 10
-4.7946
 20
6.7454
 97
0
 92
3
 72
0
 73
1
 93
15
 10
-4.7501
 20
6.76493
 10
-4.74637
 20
6.77404
 10
-4.73806
 20
6.79592
 10
-4.73825
 20
6.80389
 10
-4.74264
 20
6.82124
 10
-4.7464
 20
6.82804
 10
-4.74971
 20
6.83297
 10
-4.76145
 20
6.84387
 10
-4.75571
 20
6.84214
 10
-4.74367
 20
6.83083
 10
-4.73818
 20
6.81769
 10
-4.73453
 20
6.80186
 10
-4.73744
 20
6.78761
 10
-4.74128
 20
6.77297
 10
-4.74788
 20
6.76503
 97
0
 92
3
 72
0
 73
1
 93
23
 10
-4.8158
 20
6.75353
 10
-4.82311
 20
6.75562
 10
-4.83214
 20
6.76386
 10
-4.83959
 20
6.77644
 10
-4.84485
 20
6.79118
 10
-4.84498
 20
6.80059
 10
-4.84356
 20
6.81197
 10
-4.83915
 20
6.82382
 10
-4.83348
 20
6.8345
 10
-4.82039
 20
6.84554
 10
-4.81057
 20
6.85202
 10
-4.79992
 20
6.85427
 10
-4.78981
 20
6.85292
 10
-4.80322
 20
6.84968
 10
-4.81661
 20
6.84519
 10
-4.82163
 20
6.84092
 10
-4.83345
 20
6.82822
 10
-4.83701
 20
6.8215
 10
-4.84219
 20
6.80434
 10
-4.84228
 20
6.79573
 10
-4.83967
 20
6.78664
 10
-4.83662
 20
6.77669
 10
-4.82446
 20
6.76201
 97
0
 92
3
 72
0
 73
1
 93
5
 10
-4.78981
 20
6.85292
 10
-4.7816
 20
6.85423
 10
-4.77064
 20
6.85214
 10
-4.76145
 20
6.84387
 10
-4.77673
 20
6.84988
 97
0
 92
3
 72
0
 73
1
 93
19
 10
-4.84287
 20
7.12482
 10
-4.84109
 20
7.11338
 10
-4.83723
 20
7.09838
 10
-4.83297
 20
7.09021
 10
-4.81696
 20
7.0767
 10
-4.80823
 20
7.07039
 10
-4.7996
 20
7.06858
 10
-4.77652
 20
7.07004
 10
-4.76762
 20
7.07298
 10
-4.76034
 20
7.0764
 10
-4.76919
 20
7.06853
 10
-4.77816
 20
7.06649
 10
-4.80006
 20
7.06609
 10
-4.80466
 20
7.06621
 10
-4.81701
 20
7.07236
 10
-4.82699
 20
7.07849
 10
-4.8331
 20
7.08641
 10
-4.84203
 20
7.10119
 10
-4.84447
 20
7.11168
 97
0
 92
3
 72
0
 73
1
 93
4
 10
-4.84287
 20
7.12482
 10
-4.84412
 20
7.12781
 10
-4.84244
 20
7.13423
 10
-4.83941
 20
7.13628
 97
0
 92
3
 72
0
 73
1
 93
14
 10
-4.76034
 20
7.0764
 10
-4.75195
 20
7.08423
 10
-4.74472
 20
7.09411
 10
-4.73961
 20
7.11103
 10
-4.73722
 20
7.12168
 10
-4.74389
 20
7.1416
 10
-4.74627
 20
7.15189
 10
-4.74108
 20
7.14486
 10
-4.73642
 20
7.1352
 10
-4.73442
 20
7.12383
 10
-4.73667
 20
7.11263
 10
-4.74044
 20
7.09469
 10
-4.74702
 20
7.08568
 10
-4.7558
 20
7.07745
 97
0
 92
3
 72
0
 73
1
 93
17
 10
-4.81801
 20
7.16774
 10
-4.80444
 20
7.17263
 10
-4.79054
 20
7.17538
 10
-4.77928
 20
7.17455
 10
-4.76815
 20
7.17009
 10
-4.75635
 20
7.16373
 10
-4.74743
 20
7.15181
 10
-4.75417
 20
7.15763
 10
-4.76327
 20
7.16439
 10
-4.76959
 20
7.16799
 10
-4.78511
 20
7.17145
 10
-4.79337
 20
7.17265
 10
-4.80367
 20
7.16987
 10
-4.82528
 20
7.15815
 10
-4.83315
 20
7.15076
 10
-4.83379
 20
7.15366
 10
-4.82439
 20
7.16234
 97
0
 92
3
 72
0
 73
1
 93
4
 10
-4.24251
 20
-0.34879
 10
-4.24137
 20
-0.34873
 10
-4.24138
 20
-0.34951
 10
-4.2414
 20
-0.3497
 97
0
 92
3
 72
0
 73
1
 93
14
 10
-4.69795
 20
-0.33376
 10
-4.69785
 20
-0.32265
 10
-4.69676
 20
-0.32134
 10
-4.69418
 20
-0.31966
 10
-4.47274
 20
-0.31912
 10
-4.28718
 20
-0.31992
 10
-4.28677
 20
-0.32034
 10
-4.28674
 20
-0.33626
 10
-4.28677
 20
-0.34967
 10
-4.28719
 20
-0.35009
 10
-4.50736
 20
-0.35103
 10
-4.69379
 20
-0.35058
 10
-4.69675
 20
-0.34865
 10
-4.69783
 20
-0.34693
 97
0
 92
3
 72
0
 73
1
 93
16
 10
-4.70794
 20
-0.31833
 10
-4.70313
 20
-0.32151
 10
-4.70318
 20
-0.34887
 10
-4.73603
 20
-0.35174
 10
-4.73699
 20
-0.35173
 10
-4.73717
 20
-0.35168
 10
-4.74325
 20
-0.34945
 10
-4.74274
 20
-0.3485
 10
-4.74376
 20
-0.34415
 10
-4.744
 20
-0.32128
 10
-4.74399
 20
-0.3205
 10
-4.74397
 20
-0.32031
 10
-4.74334
 20
-0.32017
 10
-4.74316
 20
-0.3201
 10
-4.70906
 20
-0.31828
 10
-4.7081
 20
-0.31829
 97
0
 92
3
 72
0
 73
1
 93
16
 10
-4.28225
 20
-0.3485
 10
-4.27743
 20
-0.35168
 10
-4.27727
 20
-0.35173
 10
-4.27628
 20
-0.35174
 10
-4.24268
 20
-0.34887
 10
-4.24161
 20
-0.32586
 10
-4.24263
 20
-0.32151
 10
-4.24744
 20
-0.31833
 10
-4.2476
 20
-0.31829
 10
-4.24859
 20
-0.31828
 10
-4.28219
 20
-0.32114
 10
-4.28237
 20
-0.32122
 10
-4.28347
 20
-0.32031
 10
-4.28349
 20
-0.3205
 10
-4.2835
 20
-0.32128
 10
-4.28326
 20
-0.34415
 97
0
 92
3
 72
0
 73
1
 93
17
 10
-4.16487
 20
-0.31829
 10
-4.16471
 20
-0.31833
 10
-4.15939
 20
-0.32056
 10
-4.1599
 20
-0.32151
 10
-4.15888
 20
-0.32586
 10
-4.15864
 20
-0.34873
 10
-4.15865
 20
-0.34951
 10
-4.15867
 20
-0.3497
 10
-4.15977
 20
-0.34879
 10
-4.15995
 20
-0.34887
 10
-4.19355
 20
-0.35174
 10
-4.19454
 20
-0.35173
 10
-4.1947
 20
-0.35168
 10
-4.19951
 20
-0.3485
 10
-4.20053
 20
-0.34415
 10
-4.19946
 20
-0.32114
 10
-4.16586
 20
-0.31828
 97
0
 92
3
 72
0
 73
1
 93
21
 10
-3.69815
 20
-0.34951
 10
-3.69814
 20
-0.34873
 10
-3.69838
 20
-0.32586
 10
-3.6994
 20
-0.32151
 10
-3.70421
 20
-0.31833
 10
-3.70437
 20
-0.31829
 10
-3.70536
 20
-0.31828
 10
-3.73896
 20
-0.32114
 10
-3.73964
 20
-0.3208
 10
-3.74024
 20
-0.32031
 10
-3.74026
 20
-0.3205
 10
-3.74027
 20
-0.32128
 10
-3.74003
 20
-0.34415
 10
-3.73901
 20
-0.3485
 10
-3.73952
 20
-0.34945
 10
-3.7342
 20
-0.35168
 10
-3.73404
 20
-0.35173
 10
-3.73305
 20
-0.35174
 10
-3.69945
 20
-0.34887
 10
-3.69927
 20
-0.34879
 10
-3.69817
 20
-0.3497
 97
0
 92
3
 72
0
 73
1
 93
12
 10
-4.15541
 20
-0.33375
 10
-4.15537
 20
-0.32034
 10
-4.15495
 20
-0.31993
 10
-3.93191
 20
-0.31989
 10
-3.74395
 20
-0.31992
 10
-3.74354
 20
-0.32034
 10
-3.7435
 20
-0.33626
 10
-3.74354
 20
-0.34967
 10
-3.74396
 20
-0.35009
 10
-3.96698
 20
-0.35012
 10
-4.15496
 20
-0.35009
 10
-4.15537
 20
-0.34967
 97
0
 92
3
 72
0
 73
1
 93
4
 10
-4.20074
 20
-0.32031
 10
-4.19963
 20
-0.32122
 10
-4.20077
 20
-0.32128
 10
-4.20076
 20
-0.3205
 97
0
 92
3
 72
0
 73
1
 93
20
 10
-4.20312
 20
0.04003
 10
-4.20088
 20
0.04003
 10
-4.2
 20
0.04003
 10
-4.19994
 20
0.03985
 10
-4.19844
 20
0.03534
 10
-4.17939
 20
0.03438
 10
-4.17814
 20
0.02675
 10
-4.17814
 20
-0.30574
 10
-4.17825
 20
-0.30595
 10
-4.181
 20
-0.31147
 10
-4.18122
 20
-0.31164
 10
-4.18431
 20
-0.31264
 10
-4.19495
 20
-0.3151
 10
-4.19538
 20
-0.315
 10
-4.1955
 20
-0.31496
 10
-4.20024
 20
-0.31146
 10
-4.20023
 20
-0.31143
 10
-4.20037
 20
-0.3112
 10
-4.20312
 20
-0.30574
 10
-4.20312
 20
-0.29246
 97
0
 92
3
 72
0
 73
1
 93
21
 10
-3.6959
 20
-0.30595
 10
-3.69579
 20
-0.30574
 10
-3.69579
 20
-0.29246
 10
-3.69579
 20
0.04003
 10
-3.69588
 20
0.04003
 10
-3.69644
 20
0.04003
 10
-3.69891
 20
0.04003
 10
-3.69897
 20
0.03985
 10
-3.70047
 20
0.03534
 10
-3.72077
 20
0.03448
 10
-3.72077
 20
0.02675
 10
-3.72077
 20
-0.30574
 10
-3.71802
 20
-0.3112
 10
-3.71788
 20
-0.31143
 10
-3.71789
 20
-0.31146
 10
-3.71315
 20
-0.31496
 10
-3.71303
 20
-0.315
 10
-3.7126
 20
-0.3151
 10
-3.70196
 20
-0.31264
 10
-3.69887
 20
-0.31164
 10
-3.69865
 20
-0.31147
 97
0
 92
3
 72
0
 73
1
 93
6
 10
-3.72077
 20
0.03448
 10
-4.17814
 20
0.03438
 10
-4.17814
 20
0.04003
 10
-3.73071
 20
0.04003
 10
-3.72406
 20
0.04003
 10
-3.72077
 20
0.04003
 97
0
 92
3
 72
0
 73
1
 93
28
 10
-3.31302
 20
0.27772
 10
-3.313
 20
0.27774
 10
-3.31318
 20
0.278
 10
-3.31329
 20
0.27824
 10
-3.31332
 20
0.27821
 10
-3.31343
 20
0.27835
 10
-3.31377
 20
0.27844
 10
-3.88706
 20
0.27846
 10
-4.60626
 20
0.27845
 10
-4.60645
 20
0.27842
 10
-4.60652
 20
0.27834
 10
-4.60668
 20
0.27821
 10
-4.60686
 20
0.27795
 10
-4.60698
 20
0.27773
 10
-4.60696
 20
0.27771
 10
-4.60696
 20
0.2753
 10
-4.60695
 20
0.27222
 10
-4.03308
 20
0.27153
 10
-3.31383
 20
0.27153
 10
-3.31365
 20
0.27157
 10
-3.31345
 20
0.27171
 10
-3.31332
 20
0.27182
 10
-3.31315
 20
0.272
 10
-3.31305
 20
0.27217
 10
-3.31303
 20
0.27217
 10
-3.31301
 20
0.27215
 10
-3.31305
 20
0.27462
 10
-3.31304
 20
0.27769
 97
0
 92
3
 72
0
 73
1
 93
9
 10
-4.63378
 20
0.25749
 10
-4.60821
 20
0.2576
 10
-4.60835
 20
0.2768
 10
-4.60846
 20
0.30045
 10
-4.62867
 20
0.30027
 10
-4.65386
 20
0.30025
 10
-4.65393
 20
0.30018
 10
-4.65387
 20
0.28109
 10
-4.65426
 20
0.25759
 97
0
 92
3
 72
0
 73
1
 93
9
 10
-3.26649
 20
0.30043
 10
-3.26633
 20
0.27682
 10
-3.26607
 20
0.25759
 10
-3.26624
 20
0.25752
 10
-3.29128
 20
0.25806
 10
-3.31209
 20
0.2584
 10
-3.31239
 20
0.28168
 10
-3.31182
 20
0.30037
 10
-3.28654
 20
0.30029
 97
0
 92
3
 72
0
 73
1
 93
56
 10
-4.53889
 20
6.36229
 10
-4.53127
 20
6.36229
 10
-4.53096
 20
6.36237
 10
-4.52935
 20
6.36277
 10
-4.52896
 20
6.36293
 10
-4.52695
 20
6.36373
 10
-4.52664
 20
6.36397
 10
-4.52503
 20
6.36517
 10
-4.5248
 20
6.36548
 10
-4.52359
 20
6.36709
 10
-4.52344
 20
6.3674
 10
-4.52263
 20
6.36901
 10
-4.52263
 20
6.3694
 10
-4.52263
 20
6.37141
 10
-4.52263
 20
6.40236
 10
-4.52263
 20
6.40835
 10
-4.52263
 20
6.40874
 10
-4.52263
 20
6.41075
 10
-4.52279
 20
6.41114
 10
-4.52359
 20
6.41315
 10
-4.52383
 20
6.41338
 10
-4.52503
 20
6.41459
 10
-4.52534
 20
6.4149
 10
-4.52695
 20
6.41651
 10
-4.52734
 20
6.41658
 10
-4.52935
 20
6.41699
 10
-4.52966
 20
6.41706
 10
-4.53127
 20
6.41747
 10
-4.57066
 20
6.41747
 10
-4.57829
 20
6.41747
 10
-4.57868
 20
6.41739
 10
-4.58068
 20
6.41699
 10
-4.58107
 20
6.41691
 10
-4.58308
 20
6.41651
 10
-4.5834
 20
6.41619
 10
-4.585
 20
6.41459
 10
-4.58524
 20
6.41435
 10
-4.58644
 20
6.41315
 10
-4.5866
 20
6.41276
 10
-4.5874
 20
6.41075
 10
-4.5874
 20
6.41036
 10
-4.5874
 20
6.40835
 10
-4.5874
 20
6.3774
 10
-4.5874
 20
6.37141
 10
-4.5874
 20
6.37102
 10
-4.5874
 20
6.36901
 10
-4.58725
 20
6.3687
 10
-4.58644
 20
6.36709
 10
-4.58621
 20
6.36678
 10
-4.585
 20
6.36517
 10
-4.58469
 20
6.36494
 10
-4.58308
 20
6.36373
 10
-4.58269
 20
6.36358
 10
-4.58068
 20
6.36277
 10
-4.5803
 20
6.3627
 10
-4.57829
 20
6.36229
 97
0
 92
3
 72
0
 73
1
 93
16
 10
-4.55944
 20
6.85002
 10
-4.5584
 20
6.85002
 10
-4.55267
 20
6.85002
 10
-4.55207
 20
6.78858
 10
-4.55203
 20
6.45052
 10
-4.55208
 20
6.45046
 10
-4.55262
 20
6.45018
 10
-4.55269
 20
6.45012
 10
-4.55371
 20
6.45013
 10
-4.55943
 20
6.45013
 10
-4.55944
 20
6.45019
 10
-4.55978
 20
6.45054
 10
-4.55984
 20
6.4506
 10
-4.55984
 20
6.51179
 10
-4.55984
 20
6.84962
 10
-4.5595
 20
6.84995
 97
0
 92
3
 72
0
 73
1
 93
56
 10
-4.52344
 20
6.88747
 10
-4.52263
 20
6.88908
 10
-4.52263
 20
6.88946
 10
-4.52263
 20
6.89147
 10
-4.52263
 20
6.92242
 10
-4.52263
 20
6.92842
 10
-4.52263
 20
6.92881
 10
-4.52263
 20
6.93082
 10
-4.52279
 20
6.9312
 10
-4.52359
 20
6.93321
 10
-4.52383
 20
6.93345
 10
-4.52503
 20
6.93465
 10
-4.52534
 20
6.93489
 10
-4.52695
 20
6.93609
 10
-4.52734
 20
6.93625
 10
-4.52935
 20
6.93705
 10
-4.52966
 20
6.93713
 10
-4.53127
 20
6.93753
 10
-4.57066
 20
6.93753
 10
-4.57829
 20
6.93753
 10
-4.57868
 20
6.93745
 10
-4.58068
 20
6.93705
 10
-4.58107
 20
6.9369
 10
-4.58308
 20
6.93609
 10
-4.5834
 20
6.93586
 10
-4.585
 20
6.93465
 10
-4.58524
 20
6.93442
 10
-4.58644
 20
6.93321
 10
-4.5866
 20
6.93283
 10
-4.5874
 20
6.93082
 10
-4.5874
 20
6.93043
 10
-4.5874
 20
6.92842
 10
-4.5874
 20
6.89747
 10
-4.5874
 20
6.89147
 10
-4.5874
 20
6.89109
 10
-4.5874
 20
6.88908
 10
-4.58725
 20
6.88876
 10
-4.58644
 20
6.88716
 10
-4.58621
 20
6.88685
 10
-4.585
 20
6.88524
 10
-4.58469
 20
6.885
 10
-4.58308
 20
6.8838
 10
-4.58269
 20
6.88364
 10
-4.58068
 20
6.88284
 10
-4.5803
 20
6.88276
 10
-4.57829
 20
6.88236
 10
-4.53889
 20
6.88236
 10
-4.53127
 20
6.88236
 10
-4.53096
 20
6.88244
 10
-4.52935
 20
6.88284
 10
-4.52896
 20
6.88299
 10
-4.52695
 20
6.8838
 10
-4.52664
 20
6.88403
 10
-4.52503
 20
6.88524
 10
-4.5248
 20
6.88555
 10
-4.52359
 20
6.88716
 97
0
 92
3
 72
0
 73
1
 93
6
 10
-4.39073
 20
7.90957
 10
-4.39067
 20
7.90837
 10
-4.38998
 20
7.908
 10
-4.38996
 20
7.90806
 10
-4.39044
 20
7.9094
 10
-4.39043
 20
7.90943
 97
0
 92
3
 72
0
 73
1
 93
4
 10
-4.49683
 20
7.91116
 10
-4.49683
 20
7.91113
 10
-4.49559
 20
7.91198
 10
-4.49704
 20
7.91193
 97
0
 92
3
 72
0
 73
1
 93
4
 10
-2.94509
 20
7.91113
 10
-2.94372
 20
7.91199
 10
-2.94532
 20
7.91193
 10
-2.9451
 20
7.91116
 97
0
 92
3
 72
0
 73
1
 93
3
 10
-4.33791
 20
7.91581
 10
-4.33658
 20
7.91497
 10
-4.33981
 20
7.91304
 97
0
 92
3
 72
0
 73
1
 93
3
 10
-4.39826
 20
7.91702
 10
-4.39721
 20
7.91732
 10
-4.39759
 20
7.91465
 97
0
 92
3
 72
0
 73
1
 93
3
 10
-4.59832
 20
7.91682
 10
-4.59698
 20
7.91732
 10
-4.59915
 20
7.91949
 97
0
 92
3
 72
0
 73
1
 93
3
 10
-4.34863
 20
7.92097
 10
-4.3485
 20
7.92064
 10
-4.35001
 20
7.92036
 97
0
 92
3
 72
0
 73
1
 93
4
 10
-4.73098
 20
7.94037
 10
-4.73009
 20
7.94007
 10
-4.72647
 20
7.95247
 10
-4.73147
 20
7.94053
 97
0
 92
3
 72
0
 73
1
 93
4
 10
-4.46339
 20
7.96899
 10
-4.46338
 20
7.96895
 10
-4.4632
 20
7.9683
 10
-4.46225
 20
7.9692
 97
0
 92
3
 72
0
 73
1
 93
4
 10
-4.3635
 20
7.96899
 10
-4.3635
 20
7.96895
 10
-4.36331
 20
7.9683
 10
-4.36192
 20
7.96921
 97
0
 92
3
 72
0
 73
1
 93
4
 10
-4.61815
 20
7.97295
 10
-4.6167
 20
7.97464
 10
-4.61562
 20
7.97281
 10
-4.6167
 20
7.97325
 97
0
 92
3
 72
0
 73
1
 93
3
 10
-4.51682
 20
7.97325
 10
-4.51533
 20
7.97281
 10
-4.51635
 20
7.97464
 97
0
 92
3
 72
0
 73
1
 93
3
 10
-2.96601
 20
7.97465
 10
-2.96601
 20
7.97325
 10
-2.9672
 20
7.97335
 97
0
 92
3
 72
0
 73
1
 93
12
 10
-1.56438
 20
-0.64456
 10
-1.55337
 20
-0.64371
 10
-1.55286
 20
-0.64326
 10
-1.54578
 20
-0.62815
 10
-1.5459
 20
-0.62773
 10
-1.55902
 20
-0.61717
 10
-1.55948
 20
-0.61695
 10
-1.57119
 20
-0.62249
 10
-1.57159
 20
-0.62271
 10
-1.57382
 20
-0.63451
 10
-1.57389
 20
-0.63503
 10
-1.56491
 20
-0.64421
 97
0
 92
3
 72
0
 73
1
 93
19
 10
-2.86036
 20
-0.32151
 10
-2.85891
 20
-0.34888
 10
-2.85892
 20
-0.34967
 10
-2.85894
 20
-0.34987
 10
-2.85975
 20
-0.34985
 10
-2.85994
 20
-0.34991
 10
-2.89706
 20
-0.35174
 10
-2.89812
 20
-0.35173
 10
-2.8983
 20
-0.35168
 10
-2.90387
 20
-0.3485
 10
-2.90489
 20
-0.34415
 10
-2.90513
 20
-0.32128
 10
-2.90512
 20
-0.3205
 10
-2.9051
 20
-0.32031
 10
-2.90448
 20
-0.32017
 10
-2.90429
 20
-0.3201
 10
-2.86717
 20
-0.31828
 10
-2.86611
 20
-0.31829
 10
-2.86593
 20
-0.31833
 97
0
 92
3
 72
0
 73
1
 93
16
 10
-2.40009
 20
-0.3201
 10
-2.36297
 20
-0.31828
 10
-2.3619
 20
-0.31829
 10
-2.36172
 20
-0.31833
 10
-2.35564
 20
-0.32056
 10
-2.35615
 20
-0.32151
 10
-2.35513
 20
-0.32586
 10
-2.3549
 20
-0.34873
 10
-2.3549
 20
-0.34951
 10
-2.35492
 20
-0.3497
 10
-2.35555
 20
-0.34985
 10
-2.35573
 20
-0.34991
 10
-2.39285
 20
-0.35174
 10
-2.39392
 20
-0.35173
 10
-2.3941
 20
-0.35168
 10
-2.39967
 20
-0.3485
 97
0
 92
3
 72
0
 73
1
 93
12
 10
-2.40497
 20
-0.34967
 10
-2.40494
 20
-0.33626
 10
-2.40498
 20
-0.32034
 10
-2.40539
 20
-0.31992
 10
-2.61085
 20
-0.31989
 10
-2.85463
 20
-0.31993
 10
-2.85505
 20
-0.32034
 10
-2.85509
 20
-0.33375
 10
-2.85505
 20
-0.34967
 10
-2.85464
 20
-0.35009
 10
-2.64918
 20
-0.35012
 10
-2.40539
 20
-0.35009
 97
0
 92
3
 72
0
 73
1
 93
24
 10
-1.47956
 20
-0.58929
 10
-1.4767
 20
-0.58877
 10
-1.46257
 20
-0.583
 10
-1.46121
 20
-0.57985
 10
-1.45479
 20
-0.56509
 10
-1.45479
 20
-0.07841
 10
-1.45479
 20
0.02515
 10
-1.45615
 20
0.02829
 10
-1.46257
 20
0.04306
 10
-1.46558
 20
0.04429
 10
-1.4797
 20
0.05007
 10
-2.00747
 20
0.05007
 10
-2.11994
 20
0.04935
 10
-2.12291
 20
0.04884
 10
-2.13768
 20
0.04306
 10
-2.13891
 20
0.03992
 10
-2.14469
 20
0.02515
 10
-2.14469
 20
-0.46153
 10
-2.14469
 20
-0.56509
 10
-2.14346
 20
-0.56823
 10
-2.13768
 20
-0.583
 10
-2.13454
 20
-0.58422
 10
-2.11977
 20
-0.59
 10
-1.59201
 20
-0.59
 97
0
 92
3
 72
0
 73
1
 93
12
 10
-2.9061
 20
0.03865
 10
-2.90606
 20
0.04539
 10
-2.90169
 20
0.03627
 10
-2.90146
 20
0.03596
 10
-2.90148
 20
0.03587
 10
-2.89817
 20
0.03448
 10
-2.88189
 20
0.03447
 10
-2.88181
 20
-0.29889
 10
-2.8825
 20
-0.31279
 10
-2.89366
 20
-0.31588
 10
-2.89455
 20
-0.31587
 10
-2.90468
 20
-0.31188
 97
0
 92
3
 72
0
 73
1
 93
21
 10
-2.88189
 20
0.03447
 10
-2.88189
 20
0.05272
 10
-2.88226
 20
0.05317
 10
-2.88271
 20
0.05329
 10
-2.89706
 20
0.05539
 10
-2.37911
 20
0.0556
 10
-2.36647
 20
0.0556
 10
-2.37753
 20
0.05254
 10
-2.3782
 20
0.03867
 10
-2.3782
 20
0.03476
 10
-2.35867
 20
0.03594
 10
-2.35413
 20
0.04446
 10
-2.35389
 20
-0.29888
 10
-2.35389
 20
-0.31316
 10
-2.35477
 20
-0.31316
 10
-2.35519
 20
-0.31333
 10
-2.37732
 20
-0.31354
 10
-2.37776
 20
-0.31341
 10
-2.37816
 20
-0.31295
 10
-2.3782
 20
0.03476
 10
-2.8734
 20
0.03446
 97
0
 92
3
 72
0
 73
1
 93
3
 10
-2.9059
 20
0.04575
 10
-2.90483
 20
0.05308
 10
-2.90197
 20
0.05311
 97
0
 92
3
 72
0
 73
1
 93
5
 10
-2.93885
 20
7.90836
 10
-2.93861
 20
7.90941
 10
-2.9381
 20
7.90806
 10
-2.93813
 20
7.908
 10
-2.93811
 20
7.90806
 97
0
 92
3
 72
0
 73
1
 93
7
 10
-2.62362
 20
7.90941
 10
-2.62361
 20
7.90944
 10
-2.62367
 20
7.90947
 10
-2.62388
 20
7.90957
 10
-2.62367
 20
7.90944
 10
-2.62386
 20
7.90836
 10
-2.62312
 20
7.90806
 97
0
 92
3
 72
0
 73
1
 93
3
 10
-2.57256
 20
7.91017
 10
-2.5717
 20
7.90932
 10
-2.57389
 20
7.90843
 97
0
 92
3
 72
0
 73
1
 93
3
 10
-1.69906
 20
7.90843
 10
-1.69773
 20
7.91017
 10
-1.69719
 20
7.90932
 97
0
 92
3
 72
0
 73
1
 93
8
 10
-1.96535
 20
7.90947
 10
-1.96529
 20
7.90944
 10
-1.96527
 20
7.90943
 10
-1.9653
 20
7.90941
 10
-1.96553
 20
7.90836
 10
-1.96479
 20
7.90806
 10
-1.96327
 20
7.91486
 10
-1.96556
 20
7.90957
 97
0
 92
3
 72
0
 73
1
 93
4
 10
-1.86446
 20
7.91116
 10
-1.86445
 20
7.91113
 10
-1.86322
 20
7.91198
 10
-1.86468
 20
7.91193
 97
0
 92
3
 72
0
 73
1
 93
4
 10
-2.73533
 20
7.91193
 10
-2.73373
 20
7.91199
 10
-2.7351
 20
7.91113
 10
-2.7351
 20
7.91116
 97
0
 92
3
 72
0
 73
1
 93
4
 10
-2.63033
 20
7.91193
 10
-2.63011
 20
7.91116
 10
-2.6301
 20
7.91113
 10
-2.62873
 20
7.91199
 97
0
 92
3
 72
0
 73
1
 93
4
 10
-1.97178
 20
7.91116
 10
-1.97177
 20
7.91113
 10
-1.9704
 20
7.91199
 10
-1.972
 20
7.91193
 97
0
 92
3
 72
0
 73
1
 93
3
 10
-2.63176
 20
7.92133
 10
-2.63049
 20
7.91732
 10
-2.63182
 20
7.91683
 97
0
 92
3
 72
0
 73
1
 93
3
 10
-1.85148
 20
7.92682
 10
-1.84966
 20
7.92606
 10
-1.84971
 20
7.93348
 97
0
 92
3
 72
0
 73
1
 93
3
 10
-1.97855
 20
7.9324
 10
-1.97718
 20
7.93287
 10
-1.97961
 20
7.94193
 97
0
 92
3
 72
0
 73
1
 93
3
 10
-2.58674
 20
7.94832
 10
-2.58257
 20
7.93305
 10
-2.58812
 20
7.9479
 97
0
 92
3
 72
0
 73
1
 93
4
 10
-0.31047
 20
7.94024
 10
-0.30997
 20
7.94007
 10
-0.30611
 20
7.95247
 10
-0.31133
 20
7.94053
 97
0
 92
3
 72
0
 73
1
 93
4
 10
-1.8944
 20
7.96542
 10
-1.89281
 20
7.96484
 10
-1.89431
 20
7.96559
 10
-1.89436
 20
7.96554
 97
0
 92
3
 72
0
 73
1
 93
4
 10
-1.78685
 20
7.96573
 10
-1.78518
 20
7.96747
 10
-1.78462
 20
7.96579
 10
-1.78549
 20
7.96484
 97
0
 92
3
 72
0
 73
1
 93
4
 10
-2.91026
 20
7.96899
 10
-2.91025
 20
7.96895
 10
-2.91006
 20
7.9683
 10
-2.90946
 20
7.9691
 97
0
 92
3
 72
0
 73
1
 93
3
 10
-2.90946
 20
7.9691
 10
-2.90866
 20
7.9692
 10
-2.90886
 20
7.96988
 97
0
 92
3
 72
0
 73
1
 93
4
 10
-2.80479
 20
7.96895
 10
-2.80461
 20
7.96832
 10
-2.80366
 20
7.9692
 10
-2.8048
 20
7.96899
 97
0
 92
3
 72
0
 73
1
 93
4
 10
-1.7207
 20
7.9683
 10
-1.71995
 20
7.96988
 10
-1.72091
 20
7.96899
 10
-1.7209
 20
7.96895
 97
0
 92
3
 72
0
 73
1
 93
6
 10
-1.93601
 20
7.96895
 10
-1.93581
 20
7.9683
 10
-1.93462
 20
7.96986
 10
-1.93459
 20
7.96988
 10
-1.9346
 20
7.96989
 10
-1.93601
 20
7.96899
 97
0
 92
3
 72
0
 73
1
 93
3
 10
-2.6998
 20
7.96899
 10
-2.69887
 20
7.96988
 10
-2.69866
 20
7.9692
 97
0
 92
3
 72
0
 73
1
 93
6
 10
-2.70742
 20
7.97118
 10
-2.70723
 20
7.97173
 10
-2.70722
 20
7.9718
 10
-2.70769
 20
7.97313
 10
-2.70769
 20
7.9732
 10
-2.70433
 20
7.97196
 97
0
 92
3
 72
0
 73
1
 93
3
 10
-2.86102
 20
7.97465
 10
-2.85998
 20
7.97289
 10
-2.86101
 20
7.97325
 97
0
 92
3
 72
0
 73
1
 93
3
 10
-2.75602
 20
7.97465
 10
-2.75602
 20
7.97325
 10
-2.75498
 20
7.97289
 97
0
 92
3
 72
0
 73
1
 93
3
 10
-2.65102
 20
7.97325
 10
-2.64958
 20
7.9729
 10
-2.65056
 20
7.97465
 97
0
 92
3
 72
0
 73
1
 93
15
 10
1.00679
 20
-3.97186
 10
1.00693
 20
-3.94948
 10
1.00686
 20
-3.93809
 10
0.78333
 20
-3.93797
 10
0.66964
 20
-3.93802
 10
0.66922
 20
-3.93803
 10
0.66908
 20
-3.93811
 10
0.66879
 20
-3.9382
 10
0.66904
 20
-3.96046
 10
0.66893
 20
-3.97133
 10
0.66888
 20
-3.97179
 10
0.6691
 20
-3.97182
 10
0.66911
 20
-3.97185
 10
0.66938
 20
-3.97185
 10
0.89281
 20
-3.97185
 97
0
 92
3
 72
0
 73
1
 93
15
 10
0.66879
 20
-3.31614
 10
0.66908
 20
-3.31608
 10
0.66908
 20
-3.31605
 10
0.66928
 20
-3.31604
 10
0.66971
 20
-3.31604
 10
0.78334
 20
-3.31599
 10
1.00679
 20
-3.31606
 10
1.00693
 20
-3.32742
 10
1.00685
 20
-3.34981
 10
0.89284
 20
-3.34984
 10
0.66932
 20
-3.34985
 10
0.66911
 20
-3.34979
 10
0.66886
 20
-3.34975
 10
0.66893
 20
-3.34927
 10
0.66904
 20
-3.3384
 97
0
 92
3
 72
0
 73
1
 93
17
 10
0.66888
 20
-2.38892
 10
0.66893
 20
-2.38847
 10
0.66891
 20
-2.37736
 10
0.66891
 20
-2.35482
 10
0.66886
 20
-2.35449
 10
0.66952
 20
-2.3544
 10
0.7826
 20
-2.3545
 10
1.00675
 20
-2.35456
 10
1.00684
 20
-2.35486
 10
1.00692
 20
-2.35499
 10
1.00693
 20
-2.35541
 10
1.00698
 20
-2.36664
 10
1.00679
 20
-2.389
 10
0.89281
 20
-2.38899
 10
0.66938
 20
-2.38899
 10
0.66911
 20
-2.38899
 10
0.6691
 20
-2.38895
 97
0
 92
3
 72
0
 73
1
 93
3
 10
0.636
 20
-2.34795
 10
0.63679
 20
-2.34777
 10
0.6346
 20
-2.34723
 97
0
 92
3
 72
0
 73
1
 93
25
 10
0.6346
 20
-2.34723
 10
0.6301
 20
-2.34721
 10
0.62967
 20
-2.34709
 10
0.61315
 20
-2.34763
 10
0.61025
 20
-2.34832
 10
0.61013
 20
-2.34823
 10
0.6101
 20
-2.34762
 10
0.61008
 20
-2.34718
 10
0.61019
 20
-2.34707
 10
0.61007
 20
-2.34699
 10
0.60962
 20
-2.34762
 10
0.60957
 20
-2.34767
 10
0.60957
 20
-2.34762
 10
0.60943
 20
-2.34757
 10
0.6094
 20
-2.31794
 10
0.6094
 20
-2.31316
 10
0.60946
 20
-2.31316
 10
0.60947
 20
-2.31296
 10
0.61015
 20
-2.31285
 10
0.61024
 20
-2.31261
 10
0.61014
 20
-2.31252
 10
0.61025
 20
-2.31241
 10
0.6294
 20
-2.31272
 10
0.62941
 20
-2.34363
 10
0.63013
 20
-2.34635
 97
0
 92
3
 72
0
 73
1
 93
34
 10
0.6294
 20
-2.31272
 10
0.62939
 20
-2.30692
 10
0.62817
 20
-2.30911
 10
0.61997
 20
-2.30926
 10
0.60266
 20
-2.30898
 10
0.6026
 20
-2.30424
 10
0.60281
 20
-2.29399
 10
0.61082
 20
-2.29403
 10
0.62816
 20
-2.29403
 10
0.62939
 20
-2.29607
 10
0.62929
 20
-2.0565
 10
0.6293
 20
-2.04432
 10
0.63552
 20
-2.04419
 10
0.63624
 20
-2.04404
 10
0.63637
 20
-2.04367
 10
0.63642
 20
-2.0435
 10
0.63679
 20
-2.04392
 10
0.63624
 20
-2.04404
 10
0.63601
 20
-2.0447
 10
0.63552
 20
-2.04419
 10
0.63668
 20
-2.03913
 10
0.63594
 20
-2.01078
 10
0.63591
 20
-2.0096
 10
0.63601
 20
-2.00958
 10
0.66159
 20
-2.01065
 10
0.66608
 20
-2.01154
 10
0.6668
 20
-2.01426
 10
0.66692
 20
-2.30139
 10
0.66603
 20
-2.34638
 10
0.66269
 20
-2.34712
 10
0.63678
 20
-2.34722
 10
0.63669
 20
-2.34265
 10
0.636
 20
-2.31263
 10
0.63232
 20
-2.3127
 97
0
 92
3
 72
0
 73
1
 93
15
 10
0.6293
 20
-2.04432
 10
0.61379
 20
-2.04465
 10
0.61034
 20
-2.04465
 10
0.61025
 20
-2.0447
 10
0.61032
 20
-2.04463
 10
0.61019
 20
-2.04453
 10
0.60943
 20
-2.04395
 10
0.60952
 20
-2.04386
 10
0.60941
 20
-2.01498
 10
0.60978
 20
-2.01071
 10
0.60941
 20
-2.0103
 10
0.60989
 20
-2.0106
 10
0.61025
 20
-2.00958
 10
0.62931
 20
-2.01147
 10
0.63017
 20
-2.0115
 97
0
 92
3
 72
0
 73
1
 93
16
 10
1.00679
 20
-2.01202
 10
1.00691
 20
-1.98966
 10
1.00679
 20
-1.97828
 10
0.78334
 20
-1.9782
 10
0.66971
 20
-1.97825
 10
0.66928
 20
-1.97825
 10
0.66908
 20
-1.97826
 10
0.66908
 20
-1.97829
 10
0.66879
 20
-1.97836
 10
0.66904
 20
-2.00062
 10
0.66893
 20
-2.01148
 10
0.66888
 20
-2.01194
 10
0.6691
 20
-2.01197
 10
0.66911
 20
-2.012
 10
0.66938
 20
-2.012
 10
0.89281
 20
-2.012
 97
0
 92
3
 72
0
 73
1
 93
16
 10
1.99458
 20
2.20021
 10
2.002
 20
2.19622
 10
2.002
 20
2.17409
 10
2.002
 20
2.15401
 10
1.99347
 20
2.14912
 10
1.98608
 20
2.14488
 10
1.95274
 20
2.14488
 10
1.92935
 20
2.14488
 10
1.91959
 20
2.15069
 10
1.91381
 20
2.15401
 10
1.91381
 20
2.18121
 10
1.91381
 20
2.19622
 10
1.92347
 20
2.20162
 10
1.92935
 20
2.20478
 10
1.96196
 20
2.20478
 10
1.98608
 20
2.20478
 97
0
 92
3
 72
0
 73
1
 93
4
 10
2.46525
 20
7.90835
 10
2.46551
 20
7.90941
 10
2.46554
 20
7.90943
 10
2.46602
 20
7.90806
 97
0
 92
3
 72
0
 73
1
 93
5
 10
-0.27046
 20
7.91198
 10
-0.26702
 20
7.90933
 10
-0.27045
 20
7.91209
 10
-0.27069
 20
7.91286
 10
-0.27184
 20
7.91116
 97
0
 92
3
 72
0
 73
1
 93
6
 10
2.45948
 20
7.91198
 10
2.45949
 20
7.91209
 10
2.45924
 20
7.91288
 10
2.45831
 20
7.91193
 10
2.45856
 20
7.91116
 10
2.45857
 20
7.91113
 97
0
 92
3
 72
0
 73
1
 93
3
 10
2.46823
 20
7.91672
 10
2.46964
 20
7.91652
 10
2.46956
 20
7.92013
 97
0
 92
3
 72
0
 73
1
 93
3
 10
-0.2617
 20
7.91672
 10
-0.26051
 20
7.91652
 10
-0.26038
 20
7.92014
 97
0
 92
3
 72
0
 73
1
 93
3
 10
0.01207
 20
7.92596
 10
0.01345
 20
7.92086
 10
0.01204
 20
7.92036
 97
0
 92
3
 72
0
 73
1
 93
4
 10
-0.16103
 20
7.92392
 10
-0.16049
 20
7.92226
 10
-0.15973
 20
7.92439
 10
-0.16142
 20
7.92496
 97
0
 92
3
 72
0
 73
1
 93
6
 10
0.06894
 20
7.92392
 10
0.06948
 20
7.92226
 10
0.07025
 20
7.92439
 10
0.0695
 20
7.92659
 10
0.06821
 20
7.92586
 10
0.06855
 20
7.92496
 97
0
 92
3
 72
0
 73
1
 93
4
 10
2.4186
 20
7.94053
 10
2.42383
 20
7.95247
 10
2.41996
 20
7.94007
 10
2.41947
 20
7.94024
 97
0
 92
3
 72
0
 73
1
 93
3
 10
-0.28719
 20
7.95967
 10
-0.28576
 20
7.96015
 10
-0.28177
 20
7.94616
 97
0
 92
3
 72
0
 73
1
 93
3
 10
-0.22869
 20
7.95566
 10
-0.22699
 20
7.95496
 10
-0.22791
 20
7.95354
 97
0
 92
3
 72
0
 73
1
 93
3
 10
2.50202
 20
7.95355
 10
2.50295
 20
7.95496
 10
2.50125
 20
7.95566
 97
0
 92
3
 72
0
 73
1
 93
3
 10
2.44275
 20
7.95967
 10
2.44461
 20
7.9603
 10
2.44583
 20
7.94911
 97
0
 92
3
 72
0
 73
1
 93
3
 10
-0.1873
 20
7.96484
 10
-0.18643
 20
7.96578
 10
-0.18874
 20
7.96561
 97
0
 92
3
 72
0
 73
1
 93
5
 10
-0.30337
 20
7.96568
 10
-0.30159
 20
7.96579
 10
-0.30251
 20
7.96484
 10
-0.30351
 20
7.96538
 10
-0.30344
 20
7.96561
 97
0
 92
3
 72
0
 73
1
 93
5
 10
2.4265
 20
7.96561
 10
2.42657
 20
7.96568
 10
2.42835
 20
7.96579
 10
2.42743
 20
7.96484
 10
2.42643
 20
7.96538
 97
0
 92
3
 72
0
 73
1
 93
6
 10
-0.11853
 20
7.96895
 10
-0.11832
 20
7.9683
 10
-0.11731
 20
7.96558
 10
-0.11693
 20
7.96923
 10
-0.11713
 20
7.96988
 10
-0.11853
 20
7.96899
 97
0
 92
3
 72
0
 73
1
 93
4
 10
-0.0031
 20
7.9683
 10
-0.00212
 20
7.9692
 10
-0.00331
 20
7.96899
 10
-0.00331
 20
7.96895
 97
0
 92
3
 72
0
 73
1
 93
4
 10
0.11145
 20
7.96895
 10
0.11165
 20
7.9683
 10
0.11284
 20
7.96988
 10
0.11144
 20
7.96899
 97
0
 92
3
 72
0
 73
1
 93
4
 10
2.54974
 20
7.97384
 10
2.55052
 20
7.97462
 10
2.5509
 20
7.97396
 10
2.55055
 20
7.97325
 97
0
 92
3
 72
0
 73
1
 93
3
 10
0.04977
 20
7.97384
 10
0.05055
 20
7.97462
 10
0.05094
 20
7.97396
 97
0
 92
3
 72
0
 73
1
 93
56
 10
3.33089
 20
-3.4853
 10
3.33131
 20
-3.4853
 10
3.33163
 20
-3.4853
 10
3.33979
 20
-3.4853
 10
3.35086
 20
-3.4853
 10
3.35128
 20
-3.4853
 10
3.35159
 20
-3.4853
 10
3.35202
 20
-3.48572
 10
3.35233
 20
-3.48604
 10
3.35276
 20
-3.48604
 10
3.35307
 20
-3.48604
 10
3.35307
 20
-3.48646
 10
3.35307
 20
-3.48678
 10
3.3535
 20
-3.4872
 10
3.35381
 20
-3.48752
 10
3.35381
 20
-3.48794
 10
3.35381
 20
-3.48826
 10
3.35381
 20
-3.49893
 10
3.35381
 20
-3.5134
 10
3.35381
 20
-3.51382
 10
3.35381
 20
-3.51414
 10
3.35339
 20
-3.51456
 10
3.35307
 20
-3.51488
 10
3.35307
 20
-3.5153
 10
3.35307
 20
-3.51562
 10
3.35265
 20
-3.51562
 10
3.35233
 20
-3.51562
 10
3.35191
 20
-3.51604
 10
3.35159
 20
-3.51636
 10
3.35117
 20
-3.51636
 10
3.35086
 20
-3.51636
 10
3.34269
 20
-3.51636
 10
3.33163
 20
-3.51636
 10
3.3312
 20
-3.51636
 10
3.33089
 20
-3.51636
 10
3.33046
 20
-3.51593
 10
3.33015
 20
-3.51562
 10
3.32972
 20
-3.51562
 10
3.32941
 20
-3.51562
 10
3.32898
 20
-3.51519
 10
3.32867
 20
-3.51488
 10
3.32867
 20
-3.51445
 10
3.32867
 20
-3.51414
 10
3.32867
 20
-3.51371
 10
3.32867
 20
-3.5134
 10
3.32867
 20
-3.50272
 10
3.32867
 20
-3.48826
 10
3.32867
 20
-3.48783
 10
3.32867
 20
-3.48752
 10
3.32867
 20
-3.48709
 10
3.32867
 20
-3.48678
 10
3.3291
 20
-3.48635
 10
3.32941
 20
-3.48604
 10
3.32984
 20
-3.48604
 10
3.33015
 20
-3.48604
 10
3.33057
 20
-3.48561
 97
0
 92
3
 72
0
 73
1
 93
56
 10
3.35314
 20
-3.48276
 10
3.35314
 20
-3.48319
 10
3.35346
 20
-3.4835
 10
3.35388
 20
-3.48393
 10
3.35388
 20
-3.48424
 10
3.35388
 20
-3.48467
 10
3.35419
 20
-3.48467
 10
3.35462
 20
-3.48467
 10
3.35493
 20
-3.48498
 10
3.35536
 20
-3.48541
 10
3.35567
 20
-3.48541
 10
3.3561
 20
-3.48541
 10
3.35951
 20
-3.48541
 10
3.36202
 20
-3.48541
 10
3.36233
 20
-3.48541
 10
3.36276
 20
-3.48541
 10
3.36307
 20
-3.48509
 10
3.3635
 20
-3.48467
 10
3.36381
 20
-3.48467
 10
3.36423
 20
-3.48467
 10
3.36455
 20
-3.48435
 10
3.36497
 20
-3.48393
 10
3.36497
 20
-3.48361
 10
3.36497
 20
-3.48319
 10
3.36497
 20
-3.48287
 10
3.36497
 20
-3.48245
 10
3.36497
 20
-3.25161
 10
3.36497
 20
-3.08239
 10
3.36497
 20
-3.08207
 10
3.36497
 20
-3.08165
 10
3.36497
 20
-3.08133
 10
3.36497
 20
-3.08091
 10
3.36466
 20
-3.08059
 10
3.36423
 20
-3.08017
 10
3.36392
 20
-3.07985
 10
3.3635
 20
-3.07943
 10
3.36318
 20
-3.07943
 10
3.36276
 20
-3.07943
 10
3.36244
 20
-3.07943
 10
3.36202
 20
-3.07943
 10
3.3586
 20
-3.07943
 10
3.3561
 20
-3.07943
 10
3.35579
 20
-3.07943
 10
3.35536
 20
-3.07943
 10
3.35505
 20
-3.07943
 10
3.35462
 20
-3.07943
 10
3.35431
 20
-3.07974
 10
3.35388
 20
-3.08017
 10
3.35388
 20
-3.08048
 10
3.35388
 20
-3.08091
 10
3.35357
 20
-3.08122
 10
3.35314
 20
-3.08165
 10
3.35314
 20
-3.08196
 10
3.35314
 20
-3.08239
 10
3.35314
 20
-3.31322
 10
3.35314
 20
-3.48245
 97
0
 92
3
 72
0
 73
1
 93
167
 10
3.32867
 20
-3.9667
 10
3.3291
 20
-3.96628
 10
3.32941
 20
-3.96596
 10
3.33015
 20
-3.96596
 10
3.33057
 20
-3.96554
 10
3.33089
 20
-3.96522
 10
3.33163
 20
-3.96522
 10
3.33902
 20
-3.96258
 10
3.33902
 20
-3.5622
 10
3.33163
 20
-3.55925
 10
3.33015
 20
-3.55925
 10
3.32898
 20
-3.55808
 10
3.32867
 20
-3.55777
 10
3.32867
 20
-3.52967
 10
3.3291
 20
-3.52924
 10
3.32941
 20
-3.52893
 10
3.33015
 20
-3.52893
 10
3.33057
 20
-3.5285
 10
3.33089
 20
-3.52819
 10
3.35159
 20
-3.52819
 10
3.35202
 20
-3.52861
 10
3.35233
 20
-3.52893
 10
3.35307
 20
-3.52893
 10
3.35307
 20
-3.52967
 10
3.3535
 20
-3.53009
 10
3.35381
 20
-3.53041
 10
3.35381
 20
-3.54182
 10
3.3479
 20
-3.55925
 10
3.34864
 20
-3.55925
 10
3.34938
 20
-3.55999
 10
3.35012
 20
-3.55999
 10
3.35054
 20
-3.56041
 10
3.35086
 20
-3.56072
 10
3.35086
 20
-3.96374
 10
3.34938
 20
-3.96522
 10
3.35159
 20
-3.96522
 10
3.35233
 20
-3.96596
 10
3.35307
 20
-3.96596
 10
3.35307
 20
-3.9667
 10
3.3535
 20
-3.96713
 10
3.35381
 20
-3.96744
 10
3.35381
 20
-3.97886
 10
3.35677
 20
-3.98001
 10
3.60921
 20
-3.98001
 10
3.93505
 20
-3.97706
 10
3.93505
 20
-2.57975
 10
3.69666
 20
-2.5769
 10
3.35529
 20
-2.5769
 10
3.35487
 20
-2.57648
 10
3.35455
 20
-2.57616
 10
3.35413
 20
-2.57574
 10
3.3536
 20
-2.57521
 10
3.35307
 20
-2.57468
 10
3.35381
 20
-2.58197
 10
3.35381
 20
-2.59717
 10
3.35339
 20
-2.5976
 10
3.35307
 20
-2.59791
 10
3.35307
 20
-2.59865
 10
3.35233
 20
-2.59865
 10
3.35191
 20
-2.59908
 10
3.35159
 20
-2.59939
 10
3.34938
 20
-2.59939
 10
3.3498
 20
-2.59982
 10
3.35012
 20
-2.60013
 10
3.35054
 20
-2.60056
 10
3.35086
 20
-2.60087
 10
3.35086
 20
-3.00389
 10
3.35043
 20
-3.00432
 10
3.35012
 20
-3.00463
 10
3.34938
 20
-3.00463
 10
3.34895
 20
-3.00506
 10
3.34864
 20
-3.00537
 10
3.35159
 20
-3.00537
 10
3.35202
 20
-3.0058
 10
3.35233
 20
-3.00611
 10
3.35307
 20
-3.00611
 10
3.35307
 20
-3.00685
 10
3.3535
 20
-3.00728
 10
3.35381
 20
-3.00759
 10
3.35381
 20
-3.03421
 10
3.35339
 20
-3.03464
 10
3.35307
 20
-3.03495
 10
3.35307
 20
-3.03569
 10
3.35233
 20
-3.03569
 10
3.35159
 20
-3.03643
 10
3.33089
 20
-3.03643
 10
3.33015
 20
-3.03569
 10
3.32941
 20
-3.03569
 10
3.32867
 20
-3.03495
 10
3.32867
 20
-3.00685
 10
3.3291
 20
-3.00642
 10
3.32941
 20
-3.00611
 10
3.33015
 20
-3.00611
 10
3.33057
 20
-3.00568
 10
3.33089
 20
-3.00537
 10
3.33163
 20
-3.00537
 10
3.33902
 20
-3.00241
 10
3.33902
 20
-2.60235
 10
3.33163
 20
-2.59939
 10
3.33089
 20
-2.59939
 10
3.33046
 20
-2.59897
 10
3.33015
 20
-2.59865
 10
3.32941
 20
-2.59865
 10
3.32898
 20
-2.59823
 10
3.32867
 20
-2.59791
 10
3.32867
 20
-2.56981
 10
3.3291
 20
-2.56939
 10
3.32941
 20
-2.56907
 10
3.33015
 20
-2.56907
 10
3.33057
 20
-2.56865
 10
3.33089
 20
-2.56833
 10
3.35086
 20
-2.56833
 10
3.35307
 20
-2.55915
 10
3.35307
 20
-2.55841
 10
3.3535
 20
-2.55756
 10
3.35381
 20
-2.55693
 10
3.35424
 20
-2.55651
 10
3.35455
 20
-2.55619
 10
3.35498
 20
-2.55577
 10
3.35529
 20
-2.55546
 10
3.95132
 20
-2.55546
 10
3.95174
 20
-2.55588
 10
3.95206
 20
-2.55619
 10
3.95248
 20
-2.55662
 10
3.9528
 20
-2.55693
 10
3.9528
 20
-2.57542
 10
3.95237
 20
-2.57585
 10
3.95236
 20
-2.57586
 10
3.95206
 20
-2.57616
 10
3.95163
 20
-2.57658
 10
3.95132
 20
-2.5769
 10
3.95047
 20
-2.5769
 10
3.95069
 20
-2.57733
 10
3.95132
 20
-2.57764
 10
3.95174
 20
-2.57806
 10
3.95206
 20
-2.57838
 10
3.9528
 20
-2.57838
 10
3.9528
 20
-3.97927
 10
3.95206
 20
-3.97927
 10
3.95132
 20
-3.98001
 10
3.94984
 20
-3.98001
 10
3.94952
 20
-3.98044
 10
3.94984
 20
-3.98075
 10
3.95132
 20
-3.98075
 10
3.95174
 20
-3.98118
 10
3.95206
 20
-3.98149
 10
3.95248
 20
-3.98192
 10
3.9528
 20
-3.98223
 10
3.9528
 20
-3.99998
 10
3.95237
 20
-4.00083
 10
3.95206
 20
-4.00146
 10
3.95163
 20
-4.00188
 10
3.95132
 20
-4.0022
 10
3.35529
 20
-4.0022
 10
3.35487
 20
-4.00177
 10
3.35455
 20
-4.00146
 10
3.35413
 20
-4.00061
 10
3.35381
 20
-3.99998
 10
3.35307
 20
-3.99924
 10
3.35307
 20
-3.9985
 10
3.35086
 20
-3.99628
 10
3.33015
 20
-3.99628
 10
3.32972
 20
-3.99586
 10
3.32941
 20
-3.99554
 10
3.32898
 20
-3.99512
 10
3.32867
 20
-3.9948
 10
3.32867
 20
-3.99332
 97
0
 92
3
 72
0
 73
1
 93
3
 10
3.35307
 20
-3.99251
 10
3.35381
 20
-3.99332
 10
3.35381
 20
-3.99375
 97
0
 92
3
 72
0
 73
1
 93
56
 10
3.32867
 20
-3.07741
 10
3.32867
 20
-3.07784
 10
3.32898
 20
-3.07815
 10
3.32941
 20
-3.07858
 10
3.32972
 20
-3.07889
 10
3.33015
 20
-3.07932
 10
3.33046
 20
-3.07932
 10
3.33089
 20
-3.07932
 10
3.3312
 20
-3.07932
 10
3.33163
 20
-3.07932
 10
3.34269
 20
-3.07932
 10
3.35086
 20
-3.07932
 10
3.35117
 20
-3.07932
 10
3.35159
 20
-3.07932
 10
3.35191
 20
-3.07932
 10
3.35233
 20
-3.07932
 10
3.35265
 20
-3.07901
 10
3.35307
 20
-3.07858
 10
3.35307
 20
-3.07827
 10
3.35307
 20
-3.07784
 10
3.35339
 20
-3.07753
 10
3.35381
 20
-3.0771
 10
3.35381
 20
-3.07679
 10
3.35381
 20
-3.07636
 10
3.35381
 20
-3.0619
 10
3.35381
 20
-3.05122
 10
3.35381
 20
-3.0509
 10
3.35381
 20
-3.05048
 10
3.3535
 20
-3.05016
 10
3.35307
 20
-3.04974
 10
3.35307
 20
-3.04943
 10
3.35307
 20
-3.049
 10
3.35276
 20
-3.049
 10
3.35233
 20
-3.049
 10
3.35202
 20
-3.04869
 10
3.35159
 20
-3.04826
 10
3.35128
 20
-3.04826
 10
3.35086
 20
-3.04826
 10
3.33979
 20
-3.04826
 10
3.33163
 20
-3.04826
 10
3.33131
 20
-3.04826
 10
3.33089
 20
-3.04826
 10
3.33057
 20
-3.04857
 10
3.33015
 20
-3.049
 10
3.32984
 20
-3.049
 10
3.32941
 20
-3.049
 10
3.3291
 20
-3.04931
 10
3.32867
 20
-3.04974
 10
3.32867
 20
-3.05005
 10
3.32867
 20
-3.05048
 10
3.32867
 20
-3.05079
 10
3.32867
 20
-3.05122
 10
3.32867
 20
-3.06568
 10
3.32867
 20
-3.07636
 10
3.32867
 20
-3.07668
 10
3.32867
 20
-3.0771
 97
0
 92
3
 72
0
 73
1
 93
24
 10
4.39175
 20
-1.08744
 10
4.39841
 20
-1.08546
 10
4.39973
 20
-1.08401
 10
4.40441
 20
-1.07891
 10
4.40493
 20
-1.07695
 10
4.40677
 20
-1.07
 10
4.40625
 20
-1.06804
 10
4.40441
 20
-1.0611
 10
4.40308
 20
-1.05961
 10
4.39841
 20
-1.05437
 10
4.39652
 20
-1.05385
 10
4.38987
 20
-1.05201
 10
4.38806
 20
-1.05253
 10
4.38169
 20
-1.05437
 10
4.38036
 20
-1.05586
 10
4.37569
 20
-1.0611
 10
4.37517
 20
-1.06306
 10
4.37333
 20
-1.07
 10
4.37385
 20
-1.07197
 10
4.37569
 20
-1.07891
 10
4.37701
 20
-1.08036
 10
4.38169
 20
-1.08546
 10
4.38349
 20
-1.08602
 10
4.38987
 20
-1.088
 97
0
 92
3
 72
0
 73
1
 93
24
 10
7.23154
 20
-1.07891
 10
7.2329
 20
-1.08036
 10
7.23772
 20
-1.08546
 10
7.23952
 20
-1.08602
 10
7.2459
 20
-1.088
 10
7.24774
 20
-1.08744
 10
7.25426
 20
-1.08546
 10
7.25562
 20
-1.08401
 10
7.26044
 20
-1.07891
 10
7.26096
 20
-1.07695
 10
7.2628
 20
-1.07
 10
7.26228
 20
-1.06804
 10
7.26044
 20
-1.0611
 10
7.25907
 20
-1.05961
 10
7.25426
 20
-1.05437
 10
7.25241
 20
-1.05385
 10
7.2459
 20
-1.05201
 10
7.24409
 20
-1.05253
 10
7.23772
 20
-1.05437
 10
7.23635
 20
-1.05586
 10
7.23154
 20
-1.0611
 10
7.23105
 20
-1.06306
 10
7.22935
 20
-1.07
 10
7.22984
 20
-1.07197
 97
0
 92
3
 72
0
 73
1
 93
10
 10
3.87358
 20
-1.05958
 10
3.87361
 20
-1.15327
 10
3.87854
 20
-0.84094
 10
3.87854
 20
-0.74665
 10
3.87661
 20
-0.74509
 10
3.87607
 20
-0.74483
 10
3.87606
 20
-0.7451
 10
3.8757
 20
-0.74519
 10
3.87382
 20
-0.74605
 10
3.87362
 20
-0.7464
 97
0
 92
3
 72
0
 73
1
 93
24
 10
6.94189
 20
2.60367
 10
6.94225
 20
2.60383
 10
6.9445
 20
2.60383
 10
6.9623
 20
2.60374
 10
6.96264
 20
2.60355
 10
6.96486
 20
2.60216
 10
6.96583
 20
2.59999
 10
6.96594
 20
2.5997
 10
6.96594
 20
2.59743
 10
6.96554
 20
2.57966
 10
6.96473
 20
2.57776
 10
6.96456
 20
2.57748
 10
6.96283
 20
2.57651
 10
6.96257
 20
2.57638
 10
6.96021
 20
2.57638
 10
6.9419
 20
2.57622
 10
6.93992
 20
2.57699
 10
6.93967
 20
2.57709
 10
6.93855
 20
2.57927
 10
6.93838
 20
2.57961
 10
6.93837
 20
2.58186
 10
6.9381
 20
2.59952
 10
6.93918
 20
2.60186
 10
6.93931
 20
2.60219
 97
0
 92
3
 72
0
 73
1
 93
23
 10
7.2675
 20
2.60384
 10
7.27007
 20
2.60276
 10
7.27042
 20
2.6026
 10
7.2717
 20
2.59991
 10
7.27185
 20
2.59956
 10
7.27184
 20
2.59732
 10
7.27172
 20
2.57964
 10
7.27153
 20
2.5793
 10
7.27013
 20
2.57708
 10
7.26834
 20
2.5763
 10
7.26809
 20
2.57621
 10
7.26564
 20
2.57623
 10
7.24754
 20
2.57641
 10
7.24591
 20
2.57707
 10
7.24563
 20
2.57744
 10
7.24422
 20
2.57945
 10
7.24422
 20
2.58183
 10
7.24437
 20
2.60028
 10
7.24545
 20
2.60231
 10
7.24558
 20
2.60254
 10
7.24767
 20
2.60352
 10
7.24798
 20
2.6037
 10
7.25022
 20
2.60371
 97
0
 92
3
 72
0
 73
1
 93
16
 10
3.69237
 20
3.41139
 10
3.69297
 20
3.41027
 10
3.69316
 20
3.41025
 10
3.6931
 20
3.40961
 10
3.69367
 20
3.40979
 10
3.69355
 20
3.40442
 10
3.69376
 20
3.39292
 10
3.69271
 20
3.39198
 10
3.59242
 20
3.39071
 10
3.37812
 20
3.39131
 10
3.37657
 20
3.39195
 10
3.37626
 20
3.39179
 10
3.37587
 20
3.39239
 10
3.37569
 20
3.39761
 10
3.37609
 20
3.40878
 10
3.47721
 20
3.4114
 97
0
 92
3
 72
0
 73
1
 93
3
 10
3.70786
 20
3.43432
 10
3.70883
 20
3.43401
 10
3.70903
 20
3.43501
 97
0
 92
3
 72
0
 73
1
 93
41
 10
3.70786
 20
3.43432
 10
3.70695
 20
3.43348
 10
3.70504
 20
3.43302
 10
3.70388
 20
3.43299
 10
3.70391
 20
3.43209
 10
3.70542
 20
3.43038
 10
3.71986
 20
3.43037
 10
3.72143
 20
3.41947
 10
3.72154
 20
3.39822
 10
3.72093
 20
3.39718
 10
3.72076
 20
3.397
 10
3.71433
 20
3.39667
 10
3.69968
 20
3.39688
 10
3.69937
 20
3.39726
 10
3.69907
 20
3.39739
 10
3.69896
 20
3.3975
 10
3.69864
 20
3.3979
 10
3.69872
 20
3.40775
 10
3.69808
 20
3.43017
 10
3.6982
 20
3.43015
 10
3.69857
 20
3.43021
 10
3.69912
 20
3.43039
 10
3.70049
 20
3.43269
 10
3.69924
 20
3.43351
 10
3.69892
 20
3.43395
 10
3.69864
 20
3.43494
 10
3.69863
 20
3.61319
 10
3.69864
 20
4.01361
 10
3.69913
 20
4.01603
 10
3.69998
 20
4.0169
 10
3.70054
 20
4.01725
 10
3.70051
 20
4.01732
 10
3.70052
 20
4.01733
 10
3.70289
 20
4.0169
 10
3.70394
 20
4.01701
 10
3.70649
 20
4.01734
 10
3.70637
 20
4.01571
 10
3.70678
 20
4.01532
 10
3.70895
 20
4.01601
 10
3.70904
 20
4.0156
 10
3.70905
 20
3.83653
 97
0
 92
3
 72
0
 73
1
 93
19
 10
3.69968
 20
4.01985
 10
3.71433
 20
4.01964
 10
3.72076
 20
4.01997
 10
3.72093
 20
4.02015
 10
3.72154
 20
4.02119
 10
3.72144
 20
4.04244
 10
3.71986
 20
4.05349
 10
3.70542
 20
4.0535
 10
3.69912
 20
4.05351
 10
3.69857
 20
4.05333
 10
3.69935
 20
4.05278
 10
3.69923
 20
4.05261
 10
3.69846
 20
4.05208
 10
3.6987
 20
4.03064
 10
3.69864
 20
4.02087
 10
3.6988
 20
4.02034
 10
3.69896
 20
4.02047
 10
3.69907
 20
4.02036
 10
3.69937
 20
4.02023
 97
0
 92
3
 72
0
 73
1
 93
13
 10
3.38799
 20
3.41324
 10
3.39329
 20
3.41385
 10
3.39383
 20
4.30075
 10
3.39301
 20
4.70635
 10
3.38209
 20
4.70676
 10
3.37727
 20
4.70672
 10
3.377
 20
4.70651
 10
3.37675
 20
4.70609
 10
3.37614
 20
4.70707
 10
3.37601
 20
3.81833
 10
3.37602
 20
3.41363
 10
3.3764
 20
3.41329
 10
3.37749
 20
3.41329
 97
0
 92
3
 72
0
 73
1
 93
17
 10
3.72076
 20
4.06702
 10
3.72093
 20
4.06719
 10
3.72152
 20
4.06814
 10
3.72143
 20
4.08939
 10
3.72148
 20
4.09912
 10
3.72116
 20
4.09953
 10
3.72107
 20
4.09977
 10
3.72097
 20
4.10004
 10
3.721
 20
4.10007
 10
3.71986
 20
4.10039
 10
3.70542
 20
4.1004
 10
3.69935
 20
4.09968
 10
3.69923
 20
4.09952
 10
3.69842
 20
4.09905
 10
3.6987
 20
4.07764
 10
3.69968
 20
4.0669
 10
3.71433
 20
4.06669
 97
0
 92
3
 72
0
 73
1
 93
21
 10
7.27175
 20
4.17811
 10
7.27175
 20
4.16019
 10
7.27044
 20
4.15768
 10
7.27023
 20
4.15735
 10
7.26782
 20
4.1562
 10
7.26754
 20
4.15606
 10
7.26514
 20
4.15611
 10
7.2478
 20
4.15621
 10
7.24572
 20
4.15732
 10
7.24447
 20
4.15928
 10
7.24421
 20
4.15967
 10
7.24421
 20
4.16206
 10
7.24422
 20
4.18045
 10
7.24638
 20
4.18326
 10
7.24669
 20
4.1836
 10
7.24904
 20
4.18364
 10
7.26794
 20
4.18355
 10
7.26969
 20
4.183
 10
7.26992
 20
4.18286
 10
7.27149
 20
4.18071
 10
7.27174
 20
4.18042
 97
0
 92
3
 72
0
 73
1
 93
23
 10
6.95975
 20
4.15613
 10
6.962
 20
4.15614
 10
6.96229
 20
4.1563
 10
6.96477
 20
4.15766
 10
6.9649
 20
4.15795
 10
6.9655
 20
4.15982
 10
6.96569
 20
4.17779
 10
6.96568
 20
4.1801
 10
6.96558
 20
4.18037
 10
6.96436
 20
4.18255
 10
6.96407
 20
4.18272
 10
6.9623
 20
4.18352
 10
6.9445
 20
4.18395
 10
6.94211
 20
4.18392
 10
6.94051
 20
4.18303
 10
6.94018
 20
4.18268
 10
6.93821
 20
4.18037
 10
6.93815
 20
4.1625
 10
6.93813
 20
4.16016
 10
6.93827
 20
4.15984
 10
6.9393
 20
4.15736
 10
6.93964
 20
4.15721
 10
6.94228
 20
4.15613
 97
0
 92
3
 72
0
 73
1
 93
22
 10
3.70904
 20
4.68557
 10
3.70905
 20
4.50655
 10
3.70903
 20
4.10503
 10
3.70883
 20
4.10403
 10
3.70779
 20
4.10434
 10
3.70695
 20
4.10339
 10
3.705
 20
4.1031
 10
3.70398
 20
4.10277
 10
3.70385
 20
4.10311
 10
3.70151
 20
4.10271
 10
3.69864
 20
4.28321
 10
3.69866
 20
4.68362
 10
3.6993
 20
4.68583
 10
3.7
 20
4.68683
 10
3.7005
 20
4.68728
 10
3.70056
 20
4.68718
 10
3.70155
 20
4.68765
 10
3.70389
 20
4.68733
 10
3.70394
 20
4.68715
 10
3.7064
 20
4.68577
 10
3.7068
 20
4.68539
 10
3.70895
 20
4.68602
 97
0
 92
3
 72
0
 73
1
 93
24
 10
3.69896
 20
4.69049
 10
3.69907
 20
4.69038
 10
3.69937
 20
4.69024
 10
3.69968
 20
4.68987
 10
3.71433
 20
4.68966
 10
3.72076
 20
4.68999
 10
3.72093
 20
4.69017
 10
3.72154
 20
4.69121
 10
3.72144
 20
4.71246
 10
3.72156
 20
4.72277
 10
3.72141
 20
4.72273
 10
3.72141
 20
4.72331
 10
3.72109
 20
4.72283
 10
3.72049
 20
4.72333
 10
3.70596
 20
4.72334
 10
3.6992
 20
4.72323
 10
3.69924
 20
4.72293
 10
3.69912
 20
4.72277
 10
3.69889
 20
4.72296
 10
3.69835
 20
4.72303
 10
3.69846
 20
4.7221
 10
3.6987
 20
4.70066
 10
3.69864
 20
4.69089
 10
3.6988
 20
4.69035
 97
0
 92
3
 72
0
 73
1
 93
19
 10
3.47721
 20
4.72935
 10
3.69237
 20
4.72934
 10
3.69297
 20
4.72822
 10
3.69316
 20
4.72819
 10
3.6931
 20
4.72756
 10
3.69367
 20
4.72773
 10
3.69355
 20
4.72237
 10
3.69376
 20
4.71087
 10
3.69271
 20
4.70993
 10
3.69427
 20
4.70958
 10
3.6937
 20
4.70876
 10
3.69345
 20
4.70849
 10
3.59242
 20
4.70866
 10
3.37812
 20
4.70926
 10
3.37657
 20
4.7099
 10
3.37626
 20
4.70974
 10
3.37587
 20
4.71034
 10
3.37569
 20
4.71556
 10
3.37609
 20
4.72672
 97
0
 92
3
 72
0
 73
1
 93
24
 10
3.00914
 20
5.38637
 10
3.01248
 20
5.38498
 10
3.02667
 20
5.38498
 10
3.03951
 20
5.38498
 10
3.04254
 20
5.38624
 10
3.04589
 20
5.38763
 10
3.04712
 20
5.39064
 10
3.04849
 20
5.39395
 10
3.04849
 20
5.41602
 10
3.04849
 20
5.43601
 10
3.04725
 20
5.43904
 10
3.04589
 20
5.44238
 10
3.04286
 20
5.44362
 10
3.03951
 20
5.44499
 10
3.02533
 20
5.44499
 10
3.01248
 20
5.44499
 10
3.00945
 20
5.44375
 10
3.00611
 20
5.44238
 10
3.00487
 20
5.43936
 10
3.00351
 20
5.43601
 10
3.00351
 20
5.41394
 10
3.00351
 20
5.39395
 10
3.00475
 20
5.39095
 10
3.00611
 20
5.38763
 97
0
 92
3
 72
0
 73
1
 93
24
 10
3.04254
 20
6.19625
 10
3.04589
 20
6.19765
 10
3.04712
 20
6.20065
 10
3.04849
 20
6.20397
 10
3.04849
 20
6.22604
 10
3.04849
 20
6.24603
 10
3.04725
 20
6.24905
 10
3.04589
 20
6.2524
 10
3.04286
 20
6.25363
 10
3.03951
 20
6.255
 10
3.02533
 20
6.255
 10
3.01248
 20
6.255
 10
3.00945
 20
6.25376
 10
3.00611
 20
6.2524
 10
3.00487
 20
6.24937
 10
3.00351
 20
6.24603
 10
3.00351
 20
6.22396
 10
3.00351
 20
6.20397
 10
3.00475
 20
6.20096
 10
3.00611
 20
6.19765
 10
3.00914
 20
6.19638
 10
3.01248
 20
6.19499
 10
3.02667
 20
6.19499
 10
3.03951
 20
6.19499
 97
0
 92
3
 72
0
 73
1
 93
6
 10
2.68856
 20
7.91119
 10
2.68945
 20
7.91198
 10
2.68946
 20
7.91209
 10
2.68922
 20
7.91288
 10
2.68828
 20
7.91193
 10
2.68853
 20
7.91116
 97
0
 92
3
 72
0
 73
1
 93
3
 10
2.68732
 20
7.91453
 10
2.68826
 20
7.91554
 10
2.68659
 20
7.91683
 97
0
 92
3
 72
0
 73
1
 93
3
 10
2.81319
 20
7.91681
 10
2.81462
 20
7.91652
 10
2.81461
 20
7.92021
 97
0
 92
3
 72
0
 73
1
 93
3
 10
2.81461
 20
7.92021
 10
2.81722
 20
7.92689
 10
2.81854
 20
7.92603
 97
0
 92
3
 72
0
 73
1
 93
4
 10
2.56852
 20
7.92496
 10
2.57021
 20
7.92439
 10
2.56945
 20
7.92226
 10
2.56891
 20
7.92392
 97
0
 92
3
 72
0
 73
1
 93
3
 10
2.70201
 20
7.92692
 10
2.70379
 20
7.92606
 10
2.70331
 20
7.93156
 97
0
 92
3
 72
0
 73
1
 93
3
 10
2.58987
 20
7.93684
 10
2.59499
 20
7.95417
 10
2.5962
 20
7.95391
 97
0
 92
3
 72
0
 73
1
 93
3
 10
2.78794
 20
7.95967
 10
2.78935
 20
7.96017
 10
2.7936
 20
7.94509
 97
0
 92
3
 72
0
 73
1
 93
3
 10
2.55796
 20
7.95967
 10
2.5594
 20
7.96015
 10
2.5615
 20
7.95312
 97
0
 92
3
 72
0
 73
1
 93
4
 10
2.77262
 20
7.96484
 10
2.77354
 20
7.96579
 10
2.77127
 20
7.96557
 10
2.77187
 20
7.9624
 97
0
 92
3
 72
0
 73
1
 93
4
 10
2.72663
 20
7.96899
 10
2.72663
 20
7.96895
 10
2.72684
 20
7.9683
 10
2.72782
 20
7.9692
 97
0
 92
3
 72
0
 73
1
 93
4
 10
2.66454
 20
7.97385
 10
2.66527
 20
7.97461
 10
2.66567
 20
7.97396
 10
2.6653
 20
7.97325
 97
0
 75
1
 76
1
 52
90.0
 41
0.02
 77
0
 78
1
 53
135.0
 43
0.0
 44
0.0
 45
-0.0449012806
 46
-0.0449012806
 79
0
 98
0
  0
LWPOLYLINE
  5
1B4
330
17
100
AcDbEntity
  8
GIRIS_MOBILYA
100
AcDbPolyline
 90
12
 70
1
 38
4.6996
 10
-5.15455
 20
-3.09104
 10
-5.15399
 20
-3.09091
 10
-5.15395
 20
-3.09084
 10
-5.15394
 20
-3.08994
 10
-5.15373
 20
-3.07104
 10
-5.15451
 20
-3.07031
 10
-5.15459
 20
-3.07032
 10
-5.17185
 20
-3.07019
 10
-5.5126
 20
-3.06955
 10
-5.5126
 20
-3.09106
 10
-5.50407
 20
-3.09106
 10
-5.15455
 20
-3.09136
  0
LWPOLYLINE
  5
1B5
330
17
100
AcDbEntity
  8
GIRIS_MOBILYA
100
AcDbPolyline
 90
13
 70
1
 38
4.6996
 10
-5.5126
 20
-3.06955
 10
-5.5199
 20
-3.06954
 10
-5.52265
 20
-3.072
 10
-5.52248
 20
-3.08999
 10
-5.52846
 20
-3.09144
 10
-5.53045
 20
-2.55147
 10
-5.52935
 20
-2.52359
 10
-5.52261
 20
-2.52568
 10
-5.52139
 20
-2.52393
 10
-5.52246
 20
-2.54441
 10
-5.52138
 20
-2.54499
 10
-5.51171
 20
-2.5451
 10
-5.5126
 20
-3.0648
  0
LWPOLYLINE
  5
1B6
330
17
100
AcDbEntity
  8
GIRIS_MOBILYA
100
AcDbPolyline
 90
17
 70
1
 38
4.6996
 10
-5.49642
 20
-2.97504
 10
-5.49641
 20
-2.97506
 10
-5.48596
 20
-2.97477
 10
-5.14987
 20
-2.97506
 10
-5.14987
 20
-2.97478
 10
-5.14958
 20
-2.97451
 10
-5.14955
 20
-2.97446
 10
-5.14955
 20
-2.97393
 10
-5.14875
 20
-2.95618
 10
-5.14985
 20
-2.95559
 10
-5.1499
 20
-2.9556
 10
-5.16027
 20
-2.95548
 10
-5.49643
 20
-2.95552
 10
-5.49768
 20
-2.95633
 10
-5.49765
 20
-2.95688
 10
-5.49752
 20
-2.97368
 10
-5.49641
 20
-2.97477
  0
LWPOLYLINE
  5
1B7
330
17
100
AcDbEntity
  8
GIRIS_MOBILYA
100
AcDbPolyline
 90
39
 70
1
 38
4.6996
 10
-5.13582
 20
-2.80257
 10
-5.13552
 20
-2.80257
 10
-5.13531
 20
-2.80229
 10
-5.13428
 20
-2.80176
 10
-5.13426
 20
-2.80101
 10
-5.13425
 20
-2.80099
 10
-5.13536
 20
-2.8004
 10
-5.13554
 20
-2.75677
 10
-5.13557
 20
-2.75574
 10
-5.13441
 20
-2.75462
 10
-5.10985
 20
-2.75447
 10
-5.10928
 20
-2.75418
 10
-5.10927
 20
-2.75421
 10
-5.10929
 20
-2.75447
 10
-5.10848
 20
-2.75572
 10
-5.10887
 20
-2.80036
 10
-5.10928
 20
-2.80101
 10
-5.10887
 20
-2.80136
 10
-5.10888
 20
-2.80138
 10
-5.10924
 20
-2.80171
 10
-5.10928
 20
-2.80179
 10
-5.10899
 20
-2.80205
 10
-5.10846
 20
-2.80254
 10
-5.1086
 20
-2.87372
 10
-5.10861
 20
-2.91255
 10
-5.10848
 20
-2.91494
 10
-5.10887
 20
-2.95959
 10
-5.13374
 20
-2.96032
 10
-5.13425
 20
-2.96022
 10
-5.1343
 20
-2.96032
 10
-5.13536
 20
-2.95962
 10
-5.13554
 20
-2.91599
 10
-5.13557
 20
-2.91496
 10
-5.13441
 20
-2.91384
 10
-5.13426
 20
-2.9134
 10
-5.13436
 20
-2.91321
 10
-5.13426
 20
-2.9131
 10
-5.1351
 20
-2.91229
 10
-5.13518
 20
-2.84177
  0
LWPOLYLINE
  5
1B8
330
17
100
AcDbEntity
  8
GIRIS_MOBILYA
100
AcDbPolyline
 90
12
 70
1
 38
4.6996
 10
-5.51171
 20
-2.5451
 10
-5.51167
 20
-2.52456
 10
-5.17187
 20
-2.52393
 10
-5.15459
 20
-2.52397
 10
-5.15455
 20
-2.52393
 10
-5.1545
 20
-2.52396
 10
-5.15373
 20
-2.52468
 10
-5.15399
 20
-2.54452
 10
-5.154
 20
-2.54544
 10
-5.15404
 20
-2.54548
 10
-5.15453
 20
-2.54505
 10
-5.5041
 20
-2.5451
  0
LWPOLYLINE
  5
1B9
330
17
100
AcDbEntity
  8
GIRIS_MOBILYA
100
AcDbPolyline
 90
4
 70
1
 38
4.6996
 10
-5.52261
 20
-2.52568
 10
-5.52295
 20
-2.52471
 10
-5.52288
 20
-2.52468
 10
-5.52266
 20
-2.52471
  0
LWPOLYLINE
  5
1BA
330
17
100
AcDbEntity
  8
GIRIS_MOBILYA
100
AcDbPolyline
 90
44
 70
1
 38
4.6996
 10
-5.13429
 20
-2.54306
 10
-5.10989
 20
-2.54295
 10
-5.10927
 20
-2.54272
 10
-5.10929
 20
-2.54295
 10
-5.1085
 20
-2.54343
 10
-5.10866
 20
-2.58799
 10
-5.10866
 20
-2.58901
 10
-5.10868
 20
-2.58905
 10
-5.10929
 20
-2.58918
 10
-5.10928
 20
-2.58949
 10
-5.10925
 20
-2.59019
 10
-5.10928
 20
-2.5906
 10
-5.10876
 20
-2.59076
 10
-5.10846
 20
-2.59103
 10
-5.10869
 20
-2.66234
 10
-5.10925
 20
-2.70117
 10
-5.10869
 20
-2.70111
 10
-5.10899
 20
-2.70138
 10
-5.1085
 20
-2.70265
 10
-5.10929
 20
-2.70218
 10
-5.10927
 20
-2.70194
 10
-5.10989
 20
-2.70218
 10
-5.10875
 20
-2.74725
 10
-5.13369
 20
-2.74842
 10
-5.13553
 20
-2.70366
 10
-5.13541
 20
-2.7033
 10
-5.13553
 20
-2.70267
 10
-5.13429
 20
-2.70228
 10
-5.1343
 20
-2.70119
 10
-5.13433
 20
-2.70117
 10
-5.13506
 20
-2.70077
 10
-5.13515
 20
-2.63026
 10
-5.13582
 20
-2.59105
 10
-5.13552
 20
-2.59105
 10
-5.13531
 20
-2.59078
 10
-5.13428
 20
-2.59024
 10
-5.13369
 20
-2.5892
 10
-5.13426
 20
-2.58949
 10
-5.13427
 20
-2.58948
 10
-5.13426
 20
-2.5892
 10
-5.13537
 20
-2.5881
 10
-5.13551
 20
-2.54447
 10
-5.13541
 20
-2.54408
 10
-5.13553
 20
-2.54344
  0
LWPOLYLINE
  5
1BB
330
17
100
AcDbEntity
  8
GIRIS_MOBILYA
100
AcDbPolyline
 90
15
 70
1
 38
4.6996
 10
-5.15407
 20
-1.1944
 10
-5.15403
 20
-1.19436
 10
-5.15403
 20
-1.19332
 10
-5.15373
 20
-1.17129
 10
-5.15455
 20
-1.17005
 10
-5.15451
 20
-1.16982
 10
-5.15455
 20
-1.16975
 10
-5.17188
 20
-1.17005
 10
-5.5109
 20
-1.17022
 10
-5.5109
 20
-1.1918
 10
-5.51093
 20
-1.19188
 10
-5.51097
 20
-1.19194
 10
-5.51264
 20
-1.19404
 10
-5.5041
 20
-1.19404
 10
-5.15453
 20
-1.194
  0
LWPOLYLINE
  5
1BC
330
17
100
AcDbEntity
  8
GIRIS_MOBILYA
100
AcDbPolyline
 90
23
 70
1
 38
4.6996
 10
-5.5109
 20
-1.17022
 10
-5.52264
 20
-1.1724
 10
-5.52305
 20
-1.1712
 10
-5.52299
 20
-1.17115
 10
-5.5227
 20
-1.17132
 10
-5.52153
 20
-1.17023
 10
-5.52264
 20
-1.1724
 10
-5.52246
 20
-1.19336
 10
-5.52842
 20
-1.19444
 10
-5.52919
 20
-1.19444
 10
-5.53025
 20
-1.1932
 10
-5.53077
 20
-1.19162
 10
-5.53077
 20
-0.5889
 10
-5.53076
 20
-0.56018
 10
-5.52779
 20
-0.56018
 10
-5.52295
 20
-0.5605
 10
-5.52292
 20
-0.5672
 10
-5.52242
 20
-0.56879
 10
-5.52235
 20
-0.56892
 10
-5.52139
 20
-0.57003
 10
-5.52139
 20
-0.57031
 10
-5.51123
 20
-0.57004
 10
-5.5109
 20
-1.16309
  0
LWPOLYLINE
  5
1BD
330
17
100
AcDbEntity
  8
GIRIS_MOBILYA
100
AcDbPolyline
 90
49
 70
1
 38
4.6996
 10
-5.13535
 20
-0.99219
 10
-5.13442
 20
-0.99145
 10
-5.1343
 20
-0.99033
 10
-5.13374
 20
-0.99033
 10
-5.1355
 20
-0.9399
 10
-5.13582
 20
-0.93873
 10
-5.13579
 20
-0.9387
 10
-5.13553
 20
-0.93873
 10
-5.13441
 20
-0.9376
 10
-5.10985
 20
-0.93746
 10
-5.10928
 20
-0.93716
 10
-5.10927
 20
-0.9372
 10
-5.10929
 20
-0.93746
 10
-5.10847
 20
-0.93871
 10
-5.10877
 20
-0.98954
 10
-5.10926
 20
-0.99029
 10
-5.10877
 20
-0.99068
 10
-5.10879
 20
-0.9907
 10
-5.10928
 20
-0.99102
 10
-5.10929
 20
-0.99132
 10
-5.10901
 20
-0.99153
 10
-5.10847
 20
-0.99256
 10
-5.10869
 20
-1.07393
 10
-5.10869
 20
-1.11825
 10
-5.10899
 20
-1.11851
 10
-5.10925
 20
-1.11831
 10
-5.10928
 20
-1.11902
 10
-5.10927
 20
-1.11905
 10
-5.10929
 20
-1.11932
 10
-5.10985
 20
-1.11932
 10
-5.10847
 20
-1.12056
 10
-5.10865
 20
-1.17128
 10
-5.10865
 20
-1.17243
 10
-5.10867
 20
-1.17246
 10
-5.10929
 20
-1.17256
 10
-5.10928
 20
-1.17288
 10
-5.13369
 20
-1.17258
 10
-5.13426
 20
-1.17288
 10
-5.13427
 20
-1.17287
 10
-5.13426
 20
-1.17258
 10
-5.13536
 20
-1.17149
 10
-5.13551
 20
-1.12175
 10
-5.13553
 20
-1.12058
 10
-5.13441
 20
-1.11946
 10
-5.1343
 20
-1.11831
 10
-5.13504
 20
-1.11792
 10
-5.13513
 20
-1.03736
 10
-5.13582
 20
-0.99258
 10
-5.13552
 20
-0.99258
  0
LWPOLYLINE
  5
1BE
330
17
100
AcDbEntity
  8
GIRIS_MOBILYA
100
AcDbPolyline
 90
3
 70
1
 38
4.6996
 10
-5.13536
 20
-0.92953
 10
-5.13426
 20
-0.93063
 10
-5.13369
 20
-0.93063
  0
LWPOLYLINE
  5
1BF
330
17
100
AcDbEntity
  8
GIRIS_MOBILYA
100
AcDbPolyline
 90
46
 70
1
 38
4.6996
 10
-5.13369
 20
-0.93063
 10
-5.13551
 20
-0.8798
 10
-5.13582
 20
-0.87863
 10
-5.13579
 20
-0.8786
 10
-5.13553
 20
-0.87863
 10
-5.13441
 20
-0.8775
 10
-5.1343
 20
-0.87637
 10
-5.1343
 20
-0.87635
 10
-5.13504
 20
-0.87596
 10
-5.13513
 20
-0.7954
 10
-5.13582
 20
-0.75062
 10
-5.13552
 20
-0.75063
 10
-5.13535
 20
-0.75024
 10
-5.13442
 20
-0.74949
 10
-5.1343
 20
-0.74837
 10
-5.13425
 20
-0.74827
 10
-5.13374
 20
-0.74838
 10
-5.13536
 20
-0.74767
 10
-5.1355
 20
-0.69794
 10
-5.10985
 20
-0.6955
 10
-5.10928
 20
-0.69521
 10
-5.10927
 20
-0.69524
 10
-5.10929
 20
-0.6955
 10
-5.10847
 20
-0.69675
 10
-5.10877
 20
-0.74758
 10
-5.10926
 20
-0.74833
 10
-5.10877
 20
-0.74873
 10
-5.10879
 20
-0.74874
 10
-5.10928
 20
-0.74906
 10
-5.10929
 20
-0.74936
 10
-5.10901
 20
-0.74958
 10
-5.10847
 20
-0.7506
 10
-5.10873
 20
-0.8319
 10
-5.10873
 20
-0.87626
 10
-5.10902
 20
-0.87653
 10
-5.10926
 20
-0.87634
 10
-5.10928
 20
-0.87707
 10
-5.10927
 20
-0.8771
 10
-5.10929
 20
-0.87736
 10
-5.10985
 20
-0.87736
 10
-5.10848
 20
-0.87861
 10
-5.10873
 20
-0.92928
 10
-5.10873
 20
-0.93043
 10
-5.10875
 20
-0.93046
 10
-5.10929
 20
-0.9306
 10
-5.10928
 20
-0.93092
  0
LWPOLYLINE
  5
1C0
330
17
100
AcDbEntity
  8
GIRIS_MOBILYA
100
AcDbPolyline
 90
16
 70
1
 38
4.6996
 10
-5.51123
 20
-0.57004
 10
-5.51124
 20
-0.56018
 10
-5.17391
 20
-0.56018
 10
-5.17153
 20
-0.56018
 10
-5.1541
 20
-0.56018
 10
-5.15405
 20
-0.56018
 10
-5.15299
 20
-0.56018
 10
-5.15299
 20
-0.56689
 10
-5.15299
 20
-0.56721
 10
-5.15309
 20
-0.56719
 10
-5.15312
 20
-0.56727
 10
-5.15405
 20
-0.56979
 10
-5.15408
 20
-0.56986
 10
-5.15455
 20
-0.57001
 10
-5.15455
 20
-0.57033
 10
-5.50407
 20
-0.57004
  0
LWPOLYLINE
  5
1C1
330
17
100
AcDbEntity
  8
GIRIS_MOBILYA
100
AcDbPolyline
 90
15
 70
1
 38
4.6996
 10
-5.14987
 20
-0.70117
 10
-5.14956
 20
-0.70093
 10
-5.14952
 20
-0.70088
 10
-5.14952
 20
-0.70028
 10
-5.14874
 20
-0.68023
 10
-5.16033
 20
-0.67908
 10
-5.49657
 20
-0.67926
 10
-5.49772
 20
-0.68038
 10
-5.49769
 20
-0.681
 10
-5.49751
 20
-0.70007
 10
-5.49641
 20
-0.70116
 10
-5.49642
 20
-0.70144
 10
-5.49641
 20
-0.70145
 10
-5.48596
 20
-0.70116
 10
-5.14987
 20
-0.70145
  0
LWPOLYLINE
  5
1C2
330
17
100
AcDbEntity
  8
GIRIS_MOBILYA
100
AcDbPolyline
 90
20
 70
1
 38
4.6996
 10
-4.73854
 20
-0.31305
 10
-4.7378
 20
-0.31307
 10
-4.72413
 20
-0.3114
 10
-4.72072
 20
-0.30596
 10
-4.72059
 20
-0.30574
 10
-4.72059
 20
-0.29246
 10
-4.72059
 20
0.0343
 10
-4.72284
 20
0.0343
 10
-4.74173
 20
0.03552
 10
-4.74308
 20
0.04003
 10
-4.74317
 20
0.04003
 10
-4.74323
 20
0.04003
 10
-4.74401
 20
0.04003
 10
-4.7421
 20
0.03439
 10
-4.74401
 20
0.02427
 10
-4.74401
 20
0.02408
 10
-4.74401
 20
0.02386
 10
-4.74401
 20
-0.31274
 10
-4.74401
 20
-0.31276
 10
-4.7438
 20
-0.31285
  0
LWPOLYLINE
  5
1C3
330
17
100
AcDbEntity
  8
GIRIS_MOBILYA
100
AcDbPolyline
 90
28
 70
1
 38
4.6996
 10
-4.72059
 20
0.0343
 10
-4.72059
 20
0.04003
 10
-4.264
 20
0.04003
 10
-4.26207
 20
0.04003
 10
-4.264
 20
0.03467
 10
-4.24753
 20
0.03468
 10
-4.24444
 20
0.03569
 10
-4.24422
 20
0.03585
 10
-4.24364
 20
0.03552
 10
-4.24239
 20
0.04003
 10
-4.24214
 20
0.04003
 10
-4.24129
 20
0.04003
 10
-4.24048
 20
0.04003
 10
-4.23824
 20
0.04003
 10
-4.23824
 20
0.02675
 10
-4.23824
 20
-0.30574
 10
-4.23837
 20
-0.30596
 10
-4.24057
 20
-0.31202
 10
-4.24178
 20
-0.3114
 10
-4.25185
 20
-0.31622
 10
-4.25251
 20
-0.3162
 10
-4.25263
 20
-0.31617
 10
-4.26112
 20
-0.31146
 10
-4.26111
 20
-0.31143
 10
-4.26125
 20
-0.3112
 10
-4.264
 20
-0.30574
 10
-4.264
 20
0.02675
 10
-4.264
 20
0.03467
  0
LWPOLYLINE
  5
1C4
330
17
100
AcDbEntity
  8
GIRIS_MOBILYA
100
AcDbPolyline
 90
204
 70
1
 38
4.6996
 10
-4.5874
 20
5.921
 10
-4.5874
 20
5.91899
 10
-4.58725
 20
5.91868
 10
-4.58644
 20
5.91707
 10
-4.58621
 20
5.91676
 10
-4.585
 20
5.91515
 10
-4.58469
 20
5.91492
 10
-4.58308
 20
5.91371
 10
-4.58269
 20
5.91356
 10
-4.58068
 20
5.91275
 10
-4.5803
 20
5.91267
 10
-4.57829
 20
5.91227
 10
-4.53889
 20
5.91227
 10
-4.53127
 20
5.91227
 10
-4.53096
 20
5.91235
 10
-4.52935
 20
5.91275
 10
-4.52896
 20
5.91291
 10
-4.52695
 20
5.91371
 10
-4.52664
 20
5.91395
 10
-4.52503
 20
5.91515
 10
-4.5248
 20
5.91546
 10
-4.52359
 20
5.91707
 10
-4.52344
 20
5.91738
 10
-4.52263
 20
5.91899
 10
-4.52263
 20
5.91938
 10
-4.52263
 20
5.92139
 10
-4.52263
 20
5.95234
 10
-4.52263
 20
5.95833
 10
-4.52263
 20
5.95872
 10
-4.52263
 20
5.96073
 10
-4.52279
 20
5.96112
 10
-4.52359
 20
5.96313
 10
-4.52383
 20
5.96344
 10
-4.52503
 20
5.96505
 10
-4.52534
 20
5.96528
 10
-4.52695
 20
5.96649
 10
-4.52734
 20
5.96664
 10
-4.52935
 20
5.96745
 10
-4.52966
 20
5.96745
 10
-4.53127
 20
5.96745
 10
-4.55207
 20
5.96745
 10
-4.552
 20
6.29843
 10
-4.552
 20
6.35955
 10
-4.55212
 20
6.35959
 10
-4.55267
 20
6.35979
 10
-4.55267
 20
6.35981
 10
-4.5584
 20
6.35981
 10
-4.55944
 20
6.35981
 10
-4.55984
 20
6.35941
 10
-4.55984
 20
6.02158
 10
-4.55984
 20
5.96745
 10
-4.57066
 20
5.96745
 10
-4.57829
 20
5.96745
 10
-4.57868
 20
5.96745
 10
-4.58068
 20
5.96745
 10
-4.58107
 20
5.96729
 10
-4.58308
 20
5.96649
 10
-4.5834
 20
5.96625
 10
-4.585
 20
5.96505
 10
-4.58524
 20
5.96474
 10
-4.58644
 20
5.96313
 10
-4.5866
 20
5.96274
 10
-4.5874
 20
5.96073
 10
-4.5874
 20
5.96034
 10
-4.5874
 20
5.95833
 10
-4.5874
 20
5.9345
 10
-4.90847
 20
5.93421
 10
-4.9501
 20
5.93421
 10
-4.9501
 20
7.12006
 10
-4.9501
 20
7.36537
 10
-4.63169
 20
7.36565
 10
-4.5874
 20
7.36564
 10
-4.5874
 20
7.34749
 10
-4.5874
 20
7.34149
 10
-4.5874
 20
7.34111
 10
-4.5874
 20
7.3391
 10
-4.58725
 20
7.33878
 10
-4.58644
 20
7.33718
 10
-4.58621
 20
7.33686
 10
-4.585
 20
7.33526
 10
-4.58469
 20
7.33502
 10
-4.58308
 20
7.33382
 10
-4.58269
 20
7.33366
 10
-4.58068
 20
7.33286
 10
-4.5803
 20
7.33278
 10
-4.57829
 20
7.33238
 10
-4.55984
 20
7.33238
 10
-4.55984
 20
7.00159
 10
-4.55984
 20
6.94041
 10
-4.55978
 20
6.94035
 10
-4.55944
 20
6.94001
 10
-4.5584
 20
6.94001
 10
-4.55267
 20
6.94001
 10
-4.55266
 20
6.94001
 10
-4.55261
 20
6.94007
 10
-4.55227
 20
6.94041
 10
-4.55213
 20
6.94028
 10
-4.55207
 20
6.94034
 10
-4.552
 20
7.27844
 10
-4.552
 20
7.33238
 10
-4.53889
 20
7.33238
 10
-4.53127
 20
7.33238
 10
-4.53096
 20
7.33246
 10
-4.52935
 20
7.33286
 10
-4.52896
 20
7.33301
 10
-4.52695
 20
7.33382
 10
-4.52664
 20
7.33405
 10
-4.52503
 20
7.33526
 10
-4.5248
 20
7.33557
 10
-4.52359
 20
7.33718
 10
-4.52344
 20
7.33749
 10
-4.52263
 20
7.3391
 10
-4.52263
 20
7.33948
 10
-4.52263
 20
7.34149
 10
-4.52263
 20
7.37245
 10
-4.52263
 20
7.37844
 10
-4.52263
 20
7.37883
 10
-4.52263
 20
7.38084
 10
-4.52279
 20
7.38122
 10
-4.52359
 20
7.38323
 10
-4.52383
 20
7.38347
 10
-4.52503
 20
7.38467
 10
-4.52534
 20
7.38491
 10
-4.52695
 20
7.38611
 10
-4.52734
 20
7.38627
 10
-4.52935
 20
7.38707
 10
-4.52966
 20
7.38715
 10
-4.53127
 20
7.38755
 10
-4.57066
 20
7.38755
 10
-4.57829
 20
7.38755
 10
-4.57868
 20
7.38747
 10
-4.58068
 20
7.38707
 10
-4.58107
 20
7.38692
 10
-4.58308
 20
7.38611
 10
-4.5834
 20
7.38588
 10
-4.585
 20
7.38467
 10
-4.58524
 20
7.38444
 10
-4.58644
 20
7.38323
 10
-4.5866
 20
7.38284
 10
-4.5874
 20
7.38084
 10
-4.5874
 20
7.38045
 10
-4.5874
 20
7.37844
 10
-4.5874
 20
7.37447
 10
-4.90855
 20
7.37437
 10
-4.9501
 20
7.37437
 10
-4.9501
 20
7.37604
 10
-4.9501
 20
7.37646
 10
-4.9501
 20
7.37844
 10
-4.95027
 20
7.37877
 10
-4.95106
 20
7.38036
 10
-4.95132
 20
7.38069
 10
-4.9525
 20
7.38227
 10
-4.95284
 20
7.38253
 10
-4.95442
 20
7.38371
 10
-4.95485
 20
7.38388
 10
-4.95682
 20
7.38467
 10
-4.95724
 20
7.38476
 10
-4.95922
 20
7.38515
 10
-4.9853
 20
7.38515
 10
-4.99088
 20
7.38515
 10
-4.99131
 20
7.38507
 10
-4.99328
 20
7.38467
 10
-4.99371
 20
7.3845
 10
-4.99568
 20
7.38371
 10
-4.99602
 20
7.38346
 10
-4.9976
 20
7.38227
 10
-4.99785
 20
7.38194
 10
-4.99904
 20
7.38036
 10
-4.99913
 20
7.38002
 10
-4.99952
 20
7.37844
 10
-4.9996
 20
7.37801
 10
-5.0
 20
7.37604
 10
-5.0
 20
6.17977
 10
-5.0
 20
5.92379
 10
-4.99992
 20
5.92345
 10
-4.99952
 20
5.92187
 10
-4.99944
 20
5.92145
 10
-4.99904
 20
5.91947
 10
-4.99879
 20
5.91913
 10
-4.9976
 20
5.91755
 10
-4.99726
 20
5.9173
 10
-4.99568
 20
5.91611
 10
-4.99526
 20
5.91594
 10
-4.99328
 20
5.91515
 10
-4.99286
 20
5.91515
 10
-4.99088
 20
5.91515
 10
-4.9648
 20
5.91515
 10
-4.95922
 20
5.91515
 10
-4.9588
 20
5.91515
 10
-4.95682
 20
5.91515
 10
-4.9564
 20
5.91532
 10
-4.95442
 20
5.91611
 10
-4.95408
 20
5.91636
 10
-4.9525
 20
5.91755
 10
-4.95225
 20
5.91789
 10
-4.95106
 20
5.91947
 10
-4.95089
 20
5.91989
 10
-4.9501
 20
5.92187
 10
-4.9501
 20
5.92221
 10
-4.9501
 20
5.92379
 10
-4.9501
 20
5.92542
 10
-4.63169
 20
5.9257
 10
-4.5874
 20
5.92569
 10
-4.5874
 20
5.92139
  0
LWPOLYLINE
  5
1C5
330
17
100
AcDbEntity
  8
GIRIS_MOBILYA
100
AcDbPolyline
 90
7
 70
1
 38
4.6996
 10
-4.82008
 20
6.11656
 10
-4.80555
 20
6.11162
 10
-4.79521
 20
6.10852
 10
-4.78941
 20
6.1074
 10
-4.79235
 20
6.10542
 10
-4.80482
 20
6.10648
 10
-4.81847
 20
6.11305
  0
LWPOLYLINE
  5
1C6
330
17
100
AcDbEntity
  8
GIRIS_MOBILYA
100
AcDbPolyline
 90
8
 70
1
 38
4.6996
 10
-4.82008
 20
6.11656
 10
-4.83047
 20
6.12121
 10
-4.83719
 20
6.13264
 10
-4.84458
 20
6.15147
 10
-4.84227
 20
6.15567
 10
-4.8395
 20
6.14638
 10
-4.83643
 20
6.13642
 10
-4.82598
 20
6.12274
  0
LWPOLYLINE
  5
1C7
330
17
100
AcDbEntity
  8
GIRIS_MOBILYA
100
AcDbPolyline
 90
5
 70
1
 38
4.6996
 10
-4.78336
 20
6.1086
 10
-4.75925
 20
6.119
 10
-4.75135
 20
6.12386
 10
-4.76424
 20
6.11193
 10
-4.77494
 20
6.10628
  0
LWPOLYLINE
  5
1C8
330
17
100
AcDbEntity
  8
GIRIS_MOBILYA
100
AcDbPolyline
 90
6
 70
1
 38
4.6996
 10
-4.75135
 20
6.12386
 10
-4.74637
 20
6.13404
 10
-4.73806
 20
6.15592
 10
-4.73826
 20
6.14369
 10
-4.74098
 20
6.13346
 10
-4.7471
 20
6.12572
  0
LWPOLYLINE
  5
1C9
330
17
100
AcDbEntity
  8
GIRIS_MOBILYA
100
AcDbPolyline
 90
10
 70
1
 38
4.6996
 10
-4.73806
 20
6.15592
 10
-4.73846
 20
6.16665
 10
-4.74235
 20
6.18193
 10
-4.74639
 20
6.18805
 10
-4.74975
 20
6.19297
 10
-4.76162
 20
6.20399
 10
-4.75217
 20
6.19932
 10
-4.74303
 20
6.18999
 10
-4.73806
 20
6.17808
 10
-4.73492
 20
6.16311
  0
LWPOLYLINE
  5
1CA
330
17
100
AcDbEntity
  8
GIRIS_MOBILYA
100
AcDbPolyline
 90
20
 70
1
 38
4.6996
 10
-4.76162
 20
6.20399
 10
-4.77116
 20
6.20797
 10
-4.78916
 20
6.21272
 10
-4.8005
 20
6.21396
 10
-4.80781
 20
6.21245
 10
-4.81885
 20
6.2068
 10
-4.82631
 20
6.20196
 10
-4.83206
 20
6.195
 10
-4.84058
 20
6.18267
 10
-4.84391
 20
6.16701
 10
-4.84255
 20
6.16365
 10
-4.83786
 20
6.17941
 10
-4.83223
 20
6.19108
 10
-4.82481
 20
6.19905
 10
-4.81459
 20
6.20597
 10
-4.79916
 20
6.2115
 10
-4.78916
 20
6.21272
 10
-4.78187
 20
6.21429
 10
-4.77388
 20
6.21272
 10
-4.76798
 20
6.21034
  0
LWPOLYLINE
  5
1CB
330
17
100
AcDbEntity
  8
GIRIS_MOBILYA
100
AcDbPolyline
 90
18
 70
1
 38
4.6996
 10
-4.77684
 20
6.42639
 10
-4.7698
 20
6.43166
 10
-4.77652
 20
6.43004
 10
-4.79959
 20
6.42859
 10
-4.80823
 20
6.43039
 10
-4.81696
 20
6.43671
 10
-4.83297
 20
6.45021
 10
-4.83723
 20
6.45839
 10
-4.84109
 20
6.47338
 10
-4.84287
 20
6.48482
 10
-4.84447
 20
6.47165
 10
-4.84242
 20
6.4609
 10
-4.83635
 20
6.45041
 10
-4.83042
 20
6.44241
 10
-4.82032
 20
6.43387
 10
-4.81074
 20
6.42816
 10
-4.80154
 20
6.42608
 10
-4.7927
 20
6.42577
  0
LWPOLYLINE
  5
1CC
330
17
100
AcDbEntity
  8
GIRIS_MOBILYA
100
AcDbPolyline
 90
16
 70
1
 38
4.6996
 10
-4.7698
 20
6.43166
 10
-4.76034
 20
6.4364
 10
-4.75195
 20
6.44424
 10
-4.74472
 20
6.45411
 10
-4.73961
 20
6.47103
 10
-4.73722
 20
6.48168
 10
-4.74389
 20
6.5016
 10
-4.74801
 20
6.51254
 10
-4.74309
 20
6.50843
 10
-4.73657
 20
6.49549
 10
-4.73442
 20
6.48383
 10
-4.73667
 20
6.47262
 10
-4.74042
 20
6.45468
 10
-4.74949
 20
6.44291
 10
-4.75602
 20
6.43633
 10
-4.76409
 20
6.4321
  0
LWPOLYLINE
  5
1CD
330
17
100
AcDbEntity
  8
GIRIS_MOBILYA
100
AcDbPolyline
 90
21
 70
1
 38
4.6996
 10
-4.84287
 20
6.48482
 10
-4.84188
 20
6.49513
 10
-4.8406
 20
6.50184
 10
-4.83709
 20
6.50943
 10
-4.82579
 20
6.52151
 10
-4.81449
 20
6.53032
 10
-4.80305
 20
6.53298
 10
-4.78501
 20
6.53517
 10
-4.77503
 20
6.53312
 10
-4.76243
 20
6.52746
 10
-4.7536
 20
6.52116
 10
-4.74801
 20
6.51254
 10
-4.7565
 20
6.51875
 10
-4.76744
 20
6.52638
 10
-4.77352
 20
6.52986
 10
-4.78178
 20
6.53107
 10
-4.79762
 20
6.53156
 10
-4.80804
 20
6.52876
 10
-4.82485
 20
6.51854
 10
-4.83289
 20
6.51099
 10
-4.83932
 20
6.49627
  0
LWPOLYLINE
  5
1CE
330
17
100
AcDbEntity
  8
GIRIS_MOBILYA
100
AcDbPolyline
 90
11
 70
1
 38
4.6996
 10
-4.78333
 20
6.74449
 10
-4.77471
 20
6.74645
 10
-4.76444
 20
6.75185
 10
-4.7501
 20
6.76493
 10
-4.75919
 20
6.75903
 10
-4.7806
 20
6.74887
 10
-4.78619
 20
6.74765
 10
-4.7997
 20
6.74975
 10
-4.8158
 20
6.75353
 10
-4.81177
 20
6.74981
 10
-4.7946
 20
6.7454
  0
LWPOLYLINE
  5
1CF
330
17
100
AcDbEntity
  8
GIRIS_MOBILYA
100
AcDbPolyline
 90
15
 70
1
 38
4.6996
 10
-4.7501
 20
6.76493
 10
-4.74637
 20
6.77404
 10
-4.73806
 20
6.79592
 10
-4.73825
 20
6.80389
 10
-4.74264
 20
6.82124
 10
-4.7464
 20
6.82804
 10
-4.74971
 20
6.83297
 10
-4.76145
 20
6.84387
 10
-4.75571
 20
6.84214
 10
-4.74367
 20
6.83083
 10
-4.73818
 20
6.81769
 10
-4.73453
 20
6.80186
 10
-4.73744
 20
6.78761
 10
-4.74128
 20
6.77297
 10
-4.74788
 20
6.76503
  0
LWPOLYLINE
  5
1D0
330
17
100
AcDbEntity
  8
GIRIS_MOBILYA
100
AcDbPolyline
 90
23
 70
1
 38
4.6996
 10
-4.8158
 20
6.75353
 10
-4.82311
 20
6.75562
 10
-4.83214
 20
6.76386
 10
-4.83959
 20
6.77644
 10
-4.84485
 20
6.79118
 10
-4.84498
 20
6.80059
 10
-4.84356
 20
6.81197
 10
-4.83915
 20
6.82382
 10
-4.83348
 20
6.8345
 10
-4.82039
 20
6.84554
 10
-4.81057
 20
6.85202
 10
-4.79992
 20
6.85427
 10
-4.78981
 20
6.85292
 10
-4.80322
 20
6.84968
 10
-4.81661
 20
6.84519
 10
-4.82163
 20
6.84092
 10
-4.83345
 20
6.82822
 10
-4.83701
 20
6.8215
 10
-4.84219
 20
6.80434
 10
-4.84228
 20
6.79573
 10
-4.83967
 20
6.78664
 10
-4.83662
 20
6.77669
 10
-4.82446
 20
6.76201
  0
LWPOLYLINE
  5
1D1
330
17
100
AcDbEntity
  8
GIRIS_MOBILYA
100
AcDbPolyline
 90
5
 70
1
 38
4.6996
 10
-4.78981
 20
6.85292
 10
-4.7816
 20
6.85423
 10
-4.77064
 20
6.85214
 10
-4.76145
 20
6.84387
 10
-4.77673
 20
6.84988
  0
LWPOLYLINE
  5
1D2
330
17
100
AcDbEntity
  8
GIRIS_MOBILYA
100
AcDbPolyline
 90
19
 70
1
 38
4.6996
 10
-4.84287
 20
7.12482
 10
-4.84109
 20
7.11338
 10
-4.83723
 20
7.09838
 10
-4.83297
 20
7.09021
 10
-4.81696
 20
7.0767
 10
-4.80823
 20
7.07039
 10
-4.7996
 20
7.06858
 10
-4.77652
 20
7.07004
 10
-4.76762
 20
7.07298
 10
-4.76034
 20
7.0764
 10
-4.76919
 20
7.06853
 10
-4.77816
 20
7.06649
 10
-4.80006
 20
7.06609
 10
-4.80466
 20
7.06621
 10
-4.81701
 20
7.07236
 10
-4.82699
 20
7.07849
 10
-4.8331
 20
7.08641
 10
-4.84203
 20
7.10119
 10
-4.84447
 20
7.11168
  0
LWPOLYLINE
  5
1D3
330
17
100
AcDbEntity
  8
GIRIS_MOBILYA
100
AcDbPolyline
 90
4
 70
1
 38
4.6996
 10
-4.84287
 20
7.12482
 10
-4.84412
 20
7.12781
 10
-4.84244
 20
7.13423
 10
-4.83941
 20
7.13628
  0
LWPOLYLINE
  5
1D4
330
17
100
AcDbEntity
  8
GIRIS_MOBILYA
100
AcDbPolyline
 90
14
 70
1
 38
4.6996
 10
-4.76034
 20
7.0764
 10
-4.75195
 20
7.08423
 10
-4.74472
 20
7.09411
 10
-4.73961
 20
7.11103
 10
-4.73722
 20
7.12168
 10
-4.74389
 20
7.1416
 10
-4.74627
 20
7.15189
 10
-4.74108
 20
7.14486
 10
-4.73642
 20
7.1352
 10
-4.73442
 20
7.12383
 10
-4.73667
 20
7.11263
 10
-4.74044
 20
7.09469
 10
-4.74702
 20
7.08568
 10
-4.7558
 20
7.07745
  0
LWPOLYLINE
  5
1D5
330
17
100
AcDbEntity
  8
GIRIS_MOBILYA
100
AcDbPolyline
 90
17
 70
1
 38
4.6996
 10
-4.81801
 20
7.16774
 10
-4.80444
 20
7.17263
 10
-4.79054
 20
7.17538
 10
-4.77928
 20
7.17455
 10
-4.76815
 20
7.17009
 10
-4.75635
 20
7.16373
 10
-4.74743
 20
7.15181
 10
-4.75417
 20
7.15763
 10
-4.76327
 20
7.16439
 10
-4.76959
 20
7.16799
 10
-4.78511
 20
7.17145
 10
-4.79337
 20
7.17265
 10
-4.80367
 20
7.16987
 10
-4.82528
 20
7.15815
 10
-4.83315
 20
7.15076
 10
-4.83379
 20
7.15366
 10
-4.82439
 20
7.16234
  0
LWPOLYLINE
  5
1D6
330
17
100
AcDbEntity
  8
GIRIS_MOBILYA
100
AcDbPolyline
 90
4
 70
1
 38
4.6996
 10
-4.24251
 20
-0.34879
 10
-4.24137
 20
-0.34873
 10
-4.24138
 20
-0.34951
 10
-4.2414
 20
-0.3497
  0
LWPOLYLINE
  5
1D7
330
17
100
AcDbEntity
  8
GIRIS_MOBILYA
100
AcDbPolyline
 90
14
 70
1
 38
4.6996
 10
-4.69795
 20
-0.33376
 10
-4.69785
 20
-0.32265
 10
-4.69676
 20
-0.32134
 10
-4.69418
 20
-0.31966
 10
-4.47274
 20
-0.31912
 10
-4.28718
 20
-0.31992
 10
-4.28677
 20
-0.32034
 10
-4.28674
 20
-0.33626
 10
-4.28677
 20
-0.34967
 10
-4.28719
 20
-0.35009
 10
-4.50736
 20
-0.35103
 10
-4.69379
 20
-0.35058
 10
-4.69675
 20
-0.34865
 10
-4.69783
 20
-0.34693
  0
LWPOLYLINE
  5
1D8
330
17
100
AcDbEntity
  8
GIRIS_MOBILYA
100
AcDbPolyline
 90
16
 70
1
 38
4.6996
 10
-4.70794
 20
-0.31833
 10
-4.70313
 20
-0.32151
 10
-4.70318
 20
-0.34887
 10
-4.73603
 20
-0.35174
 10
-4.73699
 20
-0.35173
 10
-4.73717
 20
-0.35168
 10
-4.74325
 20
-0.34945
 10
-4.74274
 20
-0.3485
 10
-4.74376
 20
-0.34415
 10
-4.744
 20
-0.32128
 10
-4.74399
 20
-0.3205
 10
-4.74397
 20
-0.32031
 10
-4.74334
 20
-0.32017
 10
-4.74316
 20
-0.3201
 10
-4.70906
 20
-0.31828
 10
-4.7081
 20
-0.31829
  0
LWPOLYLINE
  5
1D9
330
17
100
AcDbEntity
  8
GIRIS_MOBILYA
100
AcDbPolyline
 90
16
 70
1
 38
4.6996
 10
-4.28225
 20
-0.3485
 10
-4.27743
 20
-0.35168
 10
-4.27727
 20
-0.35173
 10
-4.27628
 20
-0.35174
 10
-4.24268
 20
-0.34887
 10
-4.24161
 20
-0.32586
 10
-4.24263
 20
-0.32151
 10
-4.24744
 20
-0.31833
 10
-4.2476
 20
-0.31829
 10
-4.24859
 20
-0.31828
 10
-4.28219
 20
-0.32114
 10
-4.28237
 20
-0.32122
 10
-4.28347
 20
-0.32031
 10
-4.28349
 20
-0.3205
 10
-4.2835
 20
-0.32128
 10
-4.28326
 20
-0.34415
  0
LWPOLYLINE
  5
1DA
330
17
100
AcDbEntity
  8
GIRIS_MOBILYA
100
AcDbPolyline
 90
17
 70
1
 38
4.6996
 10
-4.16487
 20
-0.31829
 10
-4.16471
 20
-0.31833
 10
-4.15939
 20
-0.32056
 10
-4.1599
 20
-0.32151
 10
-4.15888
 20
-0.32586
 10
-4.15864
 20
-0.34873
 10
-4.15865
 20
-0.34951
 10
-4.15867
 20
-0.3497
 10
-4.15977
 20
-0.34879
 10
-4.15995
 20
-0.34887
 10
-4.19355
 20
-0.35174
 10
-4.19454
 20
-0.35173
 10
-4.1947
 20
-0.35168
 10
-4.19951
 20
-0.3485
 10
-4.20053
 20
-0.34415
 10
-4.19946
 20
-0.32114
 10
-4.16586
 20
-0.31828
  0
LWPOLYLINE
  5
1DB
330
17
100
AcDbEntity
  8
GIRIS_MOBILYA
100
AcDbPolyline
 90
21
 70
1
 38
4.6996
 10
-3.69815
 20
-0.34951
 10
-3.69814
 20
-0.34873
 10
-3.69838
 20
-0.32586
 10
-3.6994
 20
-0.32151
 10
-3.70421
 20
-0.31833
 10
-3.70437
 20
-0.31829
 10
-3.70536
 20
-0.31828
 10
-3.73896
 20
-0.32114
 10
-3.73964
 20
-0.3208
 10
-3.74024
 20
-0.32031
 10
-3.74026
 20
-0.3205
 10
-3.74027
 20
-0.32128
 10
-3.74003
 20
-0.34415
 10
-3.73901
 20
-0.3485
 10
-3.73952
 20
-0.34945
 10
-3.7342
 20
-0.35168
 10
-3.73404
 20
-0.35173
 10
-3.73305
 20
-0.35174
 10
-3.69945
 20
-0.34887
 10
-3.69927
 20
-0.34879
 10
-3.69817
 20
-0.3497
  0
LWPOLYLINE
  5
1DC
330
17
100
AcDbEntity
  8
GIRIS_MOBILYA
100
AcDbPolyline
 90
12
 70
1
 38
4.6996
 10
-4.15541
 20
-0.33375
 10
-4.15537
 20
-0.32034
 10
-4.15495
 20
-0.31993
 10
-3.93191
 20
-0.31989
 10
-3.74395
 20
-0.31992
 10
-3.74354
 20
-0.32034
 10
-3.7435
 20
-0.33626
 10
-3.74354
 20
-0.34967
 10
-3.74396
 20
-0.35009
 10
-3.96698
 20
-0.35012
 10
-4.15496
 20
-0.35009
 10
-4.15537
 20
-0.34967
  0
LWPOLYLINE
  5
1DD
330
17
100
AcDbEntity
  8
GIRIS_MOBILYA
100
AcDbPolyline
 90
4
 70
1
 38
4.6996
 10
-4.20074
 20
-0.32031
 10
-4.19963
 20
-0.32122
 10
-4.20077
 20
-0.32128
 10
-4.20076
 20
-0.3205
  0
LWPOLYLINE
  5
1DE
330
17
100
AcDbEntity
  8
GIRIS_MOBILYA
100
AcDbPolyline
 90
20
 70
1
 38
4.6996
 10
-4.20312
 20
0.04003
 10
-4.20088
 20
0.04003
 10
-4.2
 20
0.04003
 10
-4.19994
 20
0.03985
 10
-4.19844
 20
0.03534
 10
-4.17939
 20
0.03438
 10
-4.17814
 20
0.02675
 10
-4.17814
 20
-0.30574
 10
-4.17825
 20
-0.30595
 10
-4.181
 20
-0.31147
 10
-4.18122
 20
-0.31164
 10
-4.18431
 20
-0.31264
 10
-4.19495
 20
-0.3151
 10
-4.19538
 20
-0.315
 10
-4.1955
 20
-0.31496
 10
-4.20024
 20
-0.31146
 10
-4.20023
 20
-0.31143
 10
-4.20037
 20
-0.3112
 10
-4.20312
 20
-0.30574
 10
-4.20312
 20
-0.29246
  0
LWPOLYLINE
  5
1DF
330
17
100
AcDbEntity
  8
GIRIS_MOBILYA
100
AcDbPolyline
 90
21
 70
1
 38
4.6996
 10
-3.6959
 20
-0.30595
 10
-3.69579
 20
-0.30574
 10
-3.69579
 20
-0.29246
 10
-3.69579
 20
0.04003
 10
-3.69588
 20
0.04003
 10
-3.69644
 20
0.04003
 10
-3.69891
 20
0.04003
 10
-3.69897
 20
0.03985
 10
-3.70047
 20
0.03534
 10
-3.72077
 20
0.03448
 10
-3.72077
 20
0.02675
 10
-3.72077
 20
-0.30574
 10
-3.71802
 20
-0.3112
 10
-3.71788
 20
-0.31143
 10
-3.71789
 20
-0.31146
 10
-3.71315
 20
-0.31496
 10
-3.71303
 20
-0.315
 10
-3.7126
 20
-0.3151
 10
-3.70196
 20
-0.31264
 10
-3.69887
 20
-0.31164
 10
-3.69865
 20
-0.31147
  0
LWPOLYLINE
  5
1E0
330
17
100
AcDbEntity
  8
GIRIS_MOBILYA
100
AcDbPolyline
 90
6
 70
1
 38
4.6996
 10
-3.72077
 20
0.03448
 10
-4.17814
 20
0.03438
 10
-4.17814
 20
0.04003
 10
-3.73071
 20
0.04003
 10
-3.72406
 20
0.04003
 10
-3.72077
 20
0.04003
  0
LWPOLYLINE
  5
1E1
330
17
100
AcDbEntity
  8
GIRIS_MOBILYA
100
AcDbPolyline
 90
28
 70
1
 38
4.6996
 10
-3.31302
 20
0.27772
 10
-3.313
 20
0.27774
 10
-3.31318
 20
0.278
 10
-3.31329
 20
0.27824
 10
-3.31332
 20
0.27821
 10
-3.31343
 20
0.27835
 10
-3.31377
 20
0.27844
 10
-3.88706
 20
0.27846
 10
-4.60626
 20
0.27845
 10
-4.60645
 20
0.27842
 10
-4.60652
 20
0.27834
 10
-4.60668
 20
0.27821
 10
-4.60686
 20
0.27795
 10
-4.60698
 20
0.27773
 10
-4.60696
 20
0.27771
 10
-4.60696
 20
0.2753
 10
-4.60695
 20
0.27222
 10
-4.03308
 20
0.27153
 10
-3.31383
 20
0.27153
 10
-3.31365
 20
0.27157
 10
-3.31345
 20
0.27171
 10
-3.31332
 20
0.27182
 10
-3.31315
 20
0.272
 10
-3.31305
 20
0.27217
 10
-3.31303
 20
0.27217
 10
-3.31301
 20
0.27215
 10
-3.31305
 20
0.27462
 10
-3.31304
 20
0.27769
  0
LWPOLYLINE
  5
1E2
330
17
100
AcDbEntity
  8
GIRIS_MOBILYA
100
AcDbPolyline
 90
9
 70
1
 38
4.6996
 10
-4.63378
 20
0.25749
 10
-4.60821
 20
0.2576
 10
-4.60835
 20
0.2768
 10
-4.60846
 20
0.30045
 10
-4.62867
 20
0.30027
 10
-4.65386
 20
0.30025
 10
-4.65393
 20
0.30018
 10
-4.65387
 20
0.28109
 10
-4.65426
 20
0.25759
  0
LWPOLYLINE
  5
1E3
330
17
100
AcDbEntity
  8
GIRIS_MOBILYA
100
AcDbPolyline
 90
9
 70
1
 38
4.6996
 10
-3.26649
 20
0.30043
 10
-3.26633
 20
0.27682
 10
-3.26607
 20
0.25759
 10
-3.26624
 20
0.25752
 10
-3.29128
 20
0.25806
 10
-3.31209
 20
0.2584
 10
-3.31239
 20
0.28168
 10
-3.31182
 20
0.30037
 10
-3.28654
 20
0.30029
  0
LWPOLYLINE
  5
1E4
330
17
100
AcDbEntity
  8
GIRIS_MOBILYA
100
AcDbPolyline
 90
56
 70
1
 38
4.6996
 10
-4.53889
 20
6.36229
 10
-4.53127
 20
6.36229
 10
-4.53096
 20
6.36237
 10
-4.52935
 20
6.36277
 10
-4.52896
 20
6.36293
 10
-4.52695
 20
6.36373
 10
-4.52664
 20
6.36397
 10
-4.52503
 20
6.36517
 10
-4.5248
 20
6.36548
 10
-4.52359
 20
6.36709
 10
-4.52344
 20
6.3674
 10
-4.52263
 20
6.36901
 10
-4.52263
 20
6.3694
 10
-4.52263
 20
6.37141
 10
-4.52263
 20
6.40236
 10
-4.52263
 20
6.40835
 10
-4.52263
 20
6.40874
 10
-4.52263
 20
6.41075
 10
-4.52279
 20
6.41114
 10
-4.52359
 20
6.41315
 10
-4.52383
 20
6.41338
 10
-4.52503
 20
6.41459
 10
-4.52534
 20
6.4149
 10
-4.52695
 20
6.41651
 10
-4.52734
 20
6.41658
 10
-4.52935
 20
6.41699
 10
-4.52966
 20
6.41706
 10
-4.53127
 20
6.41747
 10
-4.57066
 20
6.41747
 10
-4.57829
 20
6.41747
 10
-4.57868
 20
6.41739
 10
-4.58068
 20
6.41699
 10
-4.58107
 20
6.41691
 10
-4.58308
 20
6.41651
 10
-4.5834
 20
6.41619
 10
-4.585
 20
6.41459
 10
-4.58524
 20
6.41435
 10
-4.58644
 20
6.41315
 10
-4.5866
 20
6.41276
 10
-4.5874
 20
6.41075
 10
-4.5874
 20
6.41036
 10
-4.5874
 20
6.40835
 10
-4.5874
 20
6.3774
 10
-4.5874
 20
6.37141
 10
-4.5874
 20
6.37102
 10
-4.5874
 20
6.36901
 10
-4.58725
 20
6.3687
 10
-4.58644
 20
6.36709
 10
-4.58621
 20
6.36678
 10
-4.585
 20
6.36517
 10
-4.58469
 20
6.36494
 10
-4.58308
 20
6.36373
 10
-4.58269
 20
6.36358
 10
-4.58068
 20
6.36277
 10
-4.5803
 20
6.3627
 10
-4.57829
 20
6.36229
  0
LWPOLYLINE
  5
1E5
330
17
100
AcDbEntity
  8
GIRIS_MOBILYA
100
AcDbPolyline
 90
16
 70
1
 38
4.6996
 10
-4.55944
 20
6.85002
 10
-4.5584
 20
6.85002
 10
-4.55267
 20
6.85002
 10
-4.55207
 20
6.78858
 10
-4.55203
 20
6.45052
 10
-4.55208
 20
6.45046
 10
-4.55262
 20
6.45018
 10
-4.55269
 20
6.45012
 10
-4.55371
 20
6.45013
 10
-4.55943
 20
6.45013
 10
-4.55944
 20
6.45019
 10
-4.55978
 20
6.45054
 10
-4.55984
 20
6.4506
 10
-4.55984
 20
6.51179
 10
-4.55984
 20
6.84962
 10
-4.5595
 20
6.84995
  0
LWPOLYLINE
  5
1E6
330
17
100
AcDbEntity
  8
GIRIS_MOBILYA
100
AcDbPolyline
 90
56
 70
1
 38
4.6996
 10
-4.52344
 20
6.88747
 10
-4.52263
 20
6.88908
 10
-4.52263
 20
6.88946
 10
-4.52263
 20
6.89147
 10
-4.52263
 20
6.92242
 10
-4.52263
 20
6.92842
 10
-4.52263
 20
6.92881
 10
-4.52263
 20
6.93082
 10
-4.52279
 20
6.9312
 10
-4.52359
 20
6.93321
 10
-4.52383
 20
6.93345
 10
-4.52503
 20
6.93465
 10
-4.52534
 20
6.93489
 10
-4.52695
 20
6.93609
 10
-4.52734
 20
6.93625
 10
-4.52935
 20
6.93705
 10
-4.52966
 20
6.93713
 10
-4.53127
 20
6.93753
 10
-4.57066
 20
6.93753
 10
-4.57829
 20
6.93753
 10
-4.57868
 20
6.93745
 10
-4.58068
 20
6.93705
 10
-4.58107
 20
6.9369
 10
-4.58308
 20
6.93609
 10
-4.5834
 20
6.93586
 10
-4.585
 20
6.93465
 10
-4.58524
 20
6.93442
 10
-4.58644
 20
6.93321
 10
-4.5866
 20
6.93283
 10
-4.5874
 20
6.93082
 10
-4.5874
 20
6.93043
 10
-4.5874
 20
6.92842
 10
-4.5874
 20
6.89747
 10
-4.5874
 20
6.89147
 10
-4.5874
 20
6.89109
 10
-4.5874
 20
6.88908
 10
-4.58725
 20
6.88876
 10
-4.58644
 20
6.88716
 10
-4.58621
 20
6.88685
 10
-4.585
 20
6.88524
 10
-4.58469
 20
6.885
 10
-4.58308
 20
6.8838
 10
-4.58269
 20
6.88364
 10
-4.58068
 20
6.88284
 10
-4.5803
 20
6.88276
 10
-4.57829
 20
6.88236
 10
-4.53889
 20
6.88236
 10
-4.53127
 20
6.88236
 10
-4.53096
 20
6.88244
 10
-4.52935
 20
6.88284
 10
-4.52896
 20
6.88299
 10
-4.52695
 20
6.8838
 10
-4.52664
 20
6.88403
 10
-4.52503
 20
6.88524
 10
-4.5248
 20
6.88555
 10
-4.52359
 20
6.88716
  0
LWPOLYLINE
  5
1E7
330
17
100
AcDbEntity
  8
GIRIS_MOBILYA
100
AcDbPolyline
 90
6
 70
1
 38
4.6996
 10
-4.39073
 20
7.90957
 10
-4.39067
 20
7.90837
 10
-4.38998
 20
7.908
 10
-4.38996
 20
7.90806
 10
-4.39044
 20
7.9094
 10
-4.39043
 20
7.90943
  0
LWPOLYLINE
  5
1E8
330
17
100
AcDbEntity
  8
GIRIS_MOBILYA
100
AcDbPolyline
 90
4
 70
1
 38
4.6996
 10
-4.49683
 20
7.91116
 10
-4.49683
 20
7.91113
 10
-4.49559
 20
7.91198
 10
-4.49704
 20
7.91193
  0
LWPOLYLINE
  5
1E9
330
17
100
AcDbEntity
  8
GIRIS_MOBILYA
100
AcDbPolyline
 90
4
 70
1
 38
4.6996
 10
-2.94509
 20
7.91113
 10
-2.94372
 20
7.91199
 10
-2.94532
 20
7.91193
 10
-2.9451
 20
7.91116
  0
LWPOLYLINE
  5
1EA
330
17
100
AcDbEntity
  8
GIRIS_MOBILYA
100
AcDbPolyline
 90
3
 70
1
 38
4.6996
 10
-4.33791
 20
7.91581
 10
-4.33658
 20
7.91497
 10
-4.33981
 20
7.91304
  0
LWPOLYLINE
  5
1EB
330
17
100
AcDbEntity
  8
GIRIS_MOBILYA
100
AcDbPolyline
 90
3
 70
1
 38
4.6996
 10
-4.39826
 20
7.91702
 10
-4.39721
 20
7.91732
 10
-4.39759
 20
7.91465
  0
LWPOLYLINE
  5
1EC
330
17
100
AcDbEntity
  8
GIRIS_MOBILYA
100
AcDbPolyline
 90
3
 70
1
 38
4.6996
 10
-4.59832
 20
7.91682
 10
-4.59698
 20
7.91732
 10
-4.59915
 20
7.91949
  0
LWPOLYLINE
  5
1ED
330
17
100
AcDbEntity
  8
GIRIS_MOBILYA
100
AcDbPolyline
 90
3
 70
1
 38
4.6996
 10
-4.34863
 20
7.92097
 10
-4.3485
 20
7.92064
 10
-4.35001
 20
7.92036
  0
LWPOLYLINE
  5
1EE
330
17
100
AcDbEntity
  8
GIRIS_MOBILYA
100
AcDbPolyline
 90
4
 70
1
 38
4.6996
 10
-4.73098
 20
7.94037
 10
-4.73009
 20
7.94007
 10
-4.72647
 20
7.95247
 10
-4.73147
 20
7.94053
  0
LWPOLYLINE
  5
1EF
330
17
100
AcDbEntity
  8
GIRIS_MOBILYA
100
AcDbPolyline
 90
4
 70
1
 38
4.6996
 10
-4.46339
 20
7.96899
 10
-4.46338
 20
7.96895
 10
-4.4632
 20
7.9683
 10
-4.46225
 20
7.9692
  0
LWPOLYLINE
  5
1F0
330
17
100
AcDbEntity
  8
GIRIS_MOBILYA
100
AcDbPolyline
 90
4
 70
1
 38
4.6996
 10
-4.3635
 20
7.96899
 10
-4.3635
 20
7.96895
 10
-4.36331
 20
7.9683
 10
-4.36192
 20
7.96921
  0
LWPOLYLINE
  5
1F1
330
17
100
AcDbEntity
  8
GIRIS_MOBILYA
100
AcDbPolyline
 90
4
 70
1
 38
4.6996
 10
-4.61815
 20
7.97295
 10
-4.6167
 20
7.97464
 10
-4.61562
 20
7.97281
 10
-4.6167
 20
7.97325
  0
LWPOLYLINE
  5
1F2
330
17
100
AcDbEntity
  8
GIRIS_MOBILYA
100
AcDbPolyline
 90
3
 70
1
 38
4.6996
 10
-4.51682
 20
7.97325
 10
-4.51533
 20
7.97281
 10
-4.51635
 20
7.97464
  0
LWPOLYLINE
  5
1F3
330
17
100
AcDbEntity
  8
GIRIS_MOBILYA
100
AcDbPolyline
 90
3
 70
1
 38
4.6996
 10
-2.96601
 20
7.97465
 10
-2.96601
 20
7.97325
 10
-2.9672
 20
7.97335
  0
LWPOLYLINE
  5
1F4
330
17
100
AcDbEntity
  8
GIRIS_MOBILYA
100
AcDbPolyline
 90
12
 70
1
 38
4.6996
 10
-1.56438
 20
-0.64456
 10
-1.55337
 20
-0.64371
 10
-1.55286
 20
-0.64326
 10
-1.54578
 20
-0.62815
 10
-1.5459
 20
-0.62773
 10
-1.55902
 20
-0.61717
 10
-1.55948
 20
-0.61695
 10
-1.57119
 20
-0.62249
 10
-1.57159
 20
-0.62271
 10
-1.57382
 20
-0.63451
 10
-1.57389
 20
-0.63503
 10
-1.56491
 20
-0.64421
  0
LWPOLYLINE
  5
1F5
330
17
100
AcDbEntity
  8
GIRIS_MOBILYA
100
AcDbPolyline
 90
19
 70
1
 38
4.6996
 10
-2.86036
 20
-0.32151
 10
-2.85891
 20
-0.34888
 10
-2.85892
 20
-0.34967
 10
-2.85894
 20
-0.34987
 10
-2.85975
 20
-0.34985
 10
-2.85994
 20
-0.34991
 10
-2.89706
 20
-0.35174
 10
-2.89812
 20
-0.35173
 10
-2.8983
 20
-0.35168
 10
-2.90387
 20
-0.3485
 10
-2.90489
 20
-0.34415
 10
-2.90513
 20
-0.32128
 10
-2.90512
 20
-0.3205
 10
-2.9051
 20
-0.32031
 10
-2.90448
 20
-0.32017
 10
-2.90429
 20
-0.3201
 10
-2.86717
 20
-0.31828
 10
-2.86611
 20
-0.31829
 10
-2.86593
 20
-0.31833
  0
LWPOLYLINE
  5
1F6
330
17
100
AcDbEntity
  8
GIRIS_MOBILYA
100
AcDbPolyline
 90
16
 70
1
 38
4.6996
 10
-2.40009
 20
-0.3201
 10
-2.36297
 20
-0.31828
 10
-2.3619
 20
-0.31829
 10
-2.36172
 20
-0.31833
 10
-2.35564
 20
-0.32056
 10
-2.35615
 20
-0.32151
 10
-2.35513
 20
-0.32586
 10
-2.3549
 20
-0.34873
 10
-2.3549
 20
-0.34951
 10
-2.35492
 20
-0.3497
 10
-2.35555
 20
-0.34985
 10
-2.35573
 20
-0.34991
 10
-2.39285
 20
-0.35174
 10
-2.39392
 20
-0.35173
 10
-2.3941
 20
-0.35168
 10
-2.39967
 20
-0.3485
  0
LWPOLYLINE
  5
1F7
330
17
100
AcDbEntity
  8
GIRIS_MOBILYA
100
AcDbPolyline
 90
12
 70
1
 38
4.6996
 10
-2.40497
 20
-0.34967
 10
-2.40494
 20
-0.33626
 10
-2.40498
 20
-0.32034
 10
-2.40539
 20
-0.31992
 10
-2.61085
 20
-0.31989
 10
-2.85463
 20
-0.31993
 10
-2.85505
 20
-0.32034
 10
-2.85509
 20
-0.33375
 10
-2.85505
 20
-0.34967
 10
-2.85464
 20
-0.35009
 10
-2.64918
 20
-0.35012
 10
-2.40539
 20
-0.35009
  0
LWPOLYLINE
  5
1F8
330
17
100
AcDbEntity
  8
GIRIS_MOBILYA
100
AcDbPolyline
 90
24
 70
1
 38
4.6996
 10
-1.47956
 20
-0.58929
 10
-1.4767
 20
-0.58877
 10
-1.46257
 20
-0.583
 10
-1.46121
 20
-0.57985
 10
-1.45479
 20
-0.56509
 10
-1.45479
 20
-0.07841
 10
-1.45479
 20
0.02515
 10
-1.45615
 20
0.02829
 10
-1.46257
 20
0.04306
 10
-1.46558
 20
0.04429
 10
-1.4797
 20
0.05007
 10
-2.00747
 20
0.05007
 10
-2.11994
 20
0.04935
 10
-2.12291
 20
0.04884
 10
-2.13768
 20
0.04306
 10
-2.13891
 20
0.03992
 10
-2.14469
 20
0.02515
 10
-2.14469
 20
-0.46153
 10
-2.14469
 20
-0.56509
 10
-2.14346
 20
-0.56823
 10
-2.13768
 20
-0.583
 10
-2.13454
 20
-0.58422
 10
-2.11977
 20
-0.59
 10
-1.59201
 20
-0.59
  0
LWPOLYLINE
  5
1F9
330
17
100
AcDbEntity
  8
GIRIS_MOBILYA
100
AcDbPolyline
 90
12
 70
1
 38
4.6996
 10
-2.9061
 20
0.03865
 10
-2.90606
 20
0.04539
 10
-2.90169
 20
0.03627
 10
-2.90146
 20
0.03596
 10
-2.90148
 20
0.03587
 10
-2.89817
 20
0.03448
 10
-2.88189
 20
0.03447
 10
-2.88181
 20
-0.29889
 10
-2.8825
 20
-0.31279
 10
-2.89366
 20
-0.31588
 10
-2.89455
 20
-0.31587
 10
-2.90468
 20
-0.31188
  0
LWPOLYLINE
  5
1FA
330
17
100
AcDbEntity
  8
GIRIS_MOBILYA
100
AcDbPolyline
 90
21
 70
1
 38
4.6996
 10
-2.88189
 20
0.03447
 10
-2.88189
 20
0.05272
 10
-2.88226
 20
0.05317
 10
-2.88271
 20
0.05329
 10
-2.89706
 20
0.05539
 10
-2.37911
 20
0.0556
 10
-2.36647
 20
0.0556
 10
-2.37753
 20
0.05254
 10
-2.3782
 20
0.03867
 10
-2.3782
 20
0.03476
 10
-2.35867
 20
0.03594
 10
-2.35413
 20
0.04446
 10
-2.35389
 20
-0.29888
 10
-2.35389
 20
-0.31316
 10
-2.35477
 20
-0.31316
 10
-2.35519
 20
-0.31333
 10
-2.37732
 20
-0.31354
 10
-2.37776
 20
-0.31341
 10
-2.37816
 20
-0.31295
 10
-2.3782
 20
0.03476
 10
-2.8734
 20
0.03446
  0
LWPOLYLINE
  5
1FB
330
17
100
AcDbEntity
  8
GIRIS_MOBILYA
100
AcDbPolyline
 90
3
 70
1
 38
4.6996
 10
-2.9059
 20
0.04575
 10
-2.90483
 20
0.05308
 10
-2.90197
 20
0.05311
  0
LWPOLYLINE
  5
1FC
330
17
100
AcDbEntity
  8
GIRIS_MOBILYA
100
AcDbPolyline
 90
5
 70
1
 38
4.6996
 10
-2.93885
 20
7.90836
 10
-2.93861
 20
7.90941
 10
-2.9381
 20
7.90806
 10
-2.93813
 20
7.908
 10
-2.93811
 20
7.90806
  0
LWPOLYLINE
  5
1FD
330
17
100
AcDbEntity
  8
GIRIS_MOBILYA
100
AcDbPolyline
 90
7
 70
1
 38
4.6996
 10
-2.62362
 20
7.90941
 10
-2.62361
 20
7.90944
 10
-2.62367
 20
7.90947
 10
-2.62388
 20
7.90957
 10
-2.62367
 20
7.90944
 10
-2.62386
 20
7.90836
 10
-2.62312
 20
7.90806
  0
LWPOLYLINE
  5
1FE
330
17
100
AcDbEntity
  8
GIRIS_MOBILYA
100
AcDbPolyline
 90
3
 70
1
 38
4.6996
 10
-2.57256
 20
7.91017
 10
-2.5717
 20
7.90932
 10
-2.57389
 20
7.90843
  0
LWPOLYLINE
  5
1FF
330
17
100
AcDbEntity
  8
GIRIS_MOBILYA
100
AcDbPolyline
 90
3
 70
1
 38
4.6996
 10
-1.69906
 20
7.90843
 10
-1.69773
 20
7.91017
 10
-1.69719
 20
7.90932
  0
LWPOLYLINE
  5
200
330
17
100
AcDbEntity
  8
GIRIS_MOBILYA
100
AcDbPolyline
 90
8
 70
1
 38
4.6996
 10
-1.96535
 20
7.90947
 10
-1.96529
 20
7.90944
 10
-1.96527
 20
7.90943
 10
-1.9653
 20
7.90941
 10
-1.96553
 20
7.90836
 10
-1.96479
 20
7.90806
 10
-1.96327
 20
7.91486
 10
-1.96556
 20
7.90957
  0
LWPOLYLINE
  5
201
330
17
100
AcDbEntity
  8
GIRIS_MOBILYA
100
AcDbPolyline
 90
4
 70
1
 38
4.6996
 10
-1.86446
 20
7.91116
 10
-1.86445
 20
7.91113
 10
-1.86322
 20
7.91198
 10
-1.86468
 20
7.91193
  0
LWPOLYLINE
  5
202
330
17
100
AcDbEntity
  8
GIRIS_MOBILYA
100
AcDbPolyline
 90
4
 70
1
 38
4.6996
 10
-2.73533
 20
7.91193
 10
-2.73373
 20
7.91199
 10
-2.7351
 20
7.91113
 10
-2.7351
 20
7.91116
  0
LWPOLYLINE
  5
203
330
17
100
AcDbEntity
  8
GIRIS_MOBILYA
100
AcDbPolyline
 90
4
 70
1
 38
4.6996
 10
-2.63033
 20
7.91193
 10
-2.63011
 20
7.91116
 10
-2.6301
 20
7.91113
 10
-2.62873
 20
7.91199
  0
LWPOLYLINE
  5
204
330
17
100
AcDbEntity
  8
GIRIS_MOBILYA
100
AcDbPolyline
 90
4
 70
1
 38
4.6996
 10
-1.97178
 20
7.91116
 10
-1.97177
 20
7.91113
 10
-1.9704
 20
7.91199
 10
-1.972
 20
7.91193
  0
LWPOLYLINE
  5
205
330
17
100
AcDbEntity
  8
GIRIS_MOBILYA
100
AcDbPolyline
 90
3
 70
1
 38
4.6996
 10
-2.63176
 20
7.92133
 10
-2.63049
 20
7.91732
 10
-2.63182
 20
7.91683
  0
LWPOLYLINE
  5
206
330
17
100
AcDbEntity
  8
GIRIS_MOBILYA
100
AcDbPolyline
 90
3
 70
1
 38
4.6996
 10
-1.85148
 20
7.92682
 10
-1.84966
 20
7.92606
 10
-1.84971
 20
7.93348
  0
LWPOLYLINE
  5
207
330
17
100
AcDbEntity
  8
GIRIS_MOBILYA
100
AcDbPolyline
 90
3
 70
1
 38
4.6996
 10
-1.97855
 20
7.9324
 10
-1.97718
 20
7.93287
 10
-1.97961
 20
7.94193
  0
LWPOLYLINE
  5
208
330
17
100
AcDbEntity
  8
GIRIS_MOBILYA
100
AcDbPolyline
 90
3
 70
1
 38
4.6996
 10
-2.58674
 20
7.94832
 10
-2.58257
 20
7.93305
 10
-2.58812
 20
7.9479
  0
LWPOLYLINE
  5
209
330
17
100
AcDbEntity
  8
GIRIS_MOBILYA
100
AcDbPolyline
 90
4
 70
1
 38
4.6996
 10
-0.31047
 20
7.94024
 10
-0.30997
 20
7.94007
 10
-0.30611
 20
7.95247
 10
-0.31133
 20
7.94053
  0
LWPOLYLINE
  5
20A
330
17
100
AcDbEntity
  8
GIRIS_MOBILYA
100
AcDbPolyline
 90
4
 70
1
 38
4.6996
 10
-1.8944
 20
7.96542
 10
-1.89281
 20
7.96484
 10
-1.89431
 20
7.96559
 10
-1.89436
 20
7.96554
  0
LWPOLYLINE
  5
20B
330
17
100
AcDbEntity
  8
GIRIS_MOBILYA
100
AcDbPolyline
 90
4
 70
1
 38
4.6996
 10
-1.78685
 20
7.96573
 10
-1.78518
 20
7.96747
 10
-1.78462
 20
7.96579
 10
-1.78549
 20
7.96484
  0
LWPOLYLINE
  5
20C
330
17
100
AcDbEntity
  8
GIRIS_MOBILYA
100
AcDbPolyline
 90
4
 70
1
 38
4.6996
 10
-2.91026
 20
7.96899
 10
-2.91025
 20
7.96895
 10
-2.91006
 20
7.9683
 10
-2.90946
 20
7.9691
  0
LWPOLYLINE
  5
20D
330
17
100
AcDbEntity
  8
GIRIS_MOBILYA
100
AcDbPolyline
 90
3
 70
1
 38
4.6996
 10
-2.90946
 20
7.9691
 10
-2.90866
 20
7.9692
 10
-2.90886
 20
7.96988
  0
LWPOLYLINE
  5
20E
330
17
100
AcDbEntity
  8
GIRIS_MOBILYA
100
AcDbPolyline
 90
4
 70
1
 38
4.6996
 10
-2.80479
 20
7.96895
 10
-2.80461
 20
7.96832
 10
-2.80366
 20
7.9692
 10
-2.8048
 20
7.96899
  0
LWPOLYLINE
  5
20F
330
17
100
AcDbEntity
  8
GIRIS_MOBILYA
100
AcDbPolyline
 90
4
 70
1
 38
4.6996
 10
-1.7207
 20
7.9683
 10
-1.71995
 20
7.96988
 10
-1.72091
 20
7.96899
 10
-1.7209
 20
7.96895
  0
LWPOLYLINE
  5
210
330
17
100
AcDbEntity
  8
GIRIS_MOBILYA
100
AcDbPolyline
 90
6
 70
1
 38
4.6996
 10
-1.93601
 20
7.96895
 10
-1.93581
 20
7.9683
 10
-1.93462
 20
7.96986
 10
-1.93459
 20
7.96988
 10
-1.9346
 20
7.96989
 10
-1.93601
 20
7.96899
  0
LWPOLYLINE
  5
211
330
17
100
AcDbEntity
  8
GIRIS_MOBILYA
100
AcDbPolyline
 90
3
 70
1
 38
4.6996
 10
-2.6998
 20
7.96899
 10
-2.69887
 20
7.96988
 10
-2.69866
 20
7.9692
  0
LWPOLYLINE
  5
212
330
17
100
AcDbEntity
  8
GIRIS_MOBILYA
100
AcDbPolyline
 90
6
 70
1
 38
4.6996
 10
-2.70742
 20
7.97118
 10
-2.70723
 20
7.97173
 10
-2.70722
 20
7.9718
 10
-2.70769
 20
7.97313
 10
-2.70769
 20
7.9732
 10
-2.70433
 20
7.97196
  0
LWPOLYLINE
  5
213
330
17
100
AcDbEntity
  8
GIRIS_MOBILYA
100
AcDbPolyline
 90
3
 70
1
 38
4.6996
 10
-2.86102
 20
7.97465
 10
-2.85998
 20
7.97289
 10
-2.86101
 20
7.97325
  0
LWPOLYLINE
  5
214
330
17
100
AcDbEntity
  8
GIRIS_MOBILYA
100
AcDbPolyline
 90
3
 70
1
 38
4.6996
 10
-2.75602
 20
7.97465
 10
-2.75602
 20
7.97325
 10
-2.75498
 20
7.97289
  0
LWPOLYLINE
  5
215
330
17
100
AcDbEntity
  8
GIRIS_MOBILYA
100
AcDbPolyline
 90
3
 70
1
 38
4.6996
 10
-2.65102
 20
7.97325
 10
-2.64958
 20
7.9729
 10
-2.65056
 20
7.97465
  0
LWPOLYLINE
  5
216
330
17
100
AcDbEntity
  8
GIRIS_MOBILYA
100
AcDbPolyline
 90
15
 70
1
 38
4.6996
 10
1.00679
 20
-3.97186
 10
1.00693
 20
-3.94948
 10
1.00686
 20
-3.93809
 10
0.78333
 20
-3.93797
 10
0.66964
 20
-3.93802
 10
0.66922
 20
-3.93803
 10
0.66908
 20
-3.93811
 10
0.66879
 20
-3.9382
 10
0.66904
 20
-3.96046
 10
0.66893
 20
-3.97133
 10
0.66888
 20
-3.97179
 10
0.6691
 20
-3.97182
 10
0.66911
 20
-3.97185
 10
0.66938
 20
-3.97185
 10
0.89281
 20
-3.97185
  0
LWPOLYLINE
  5
217
330
17
100
AcDbEntity
  8
GIRIS_MOBILYA
100
AcDbPolyline
 90
15
 70
1
 38
4.6996
 10
0.66879
 20
-3.31614
 10
0.66908
 20
-3.31608
 10
0.66908
 20
-3.31605
 10
0.66928
 20
-3.31604
 10
0.66971
 20
-3.31604
 10
0.78334
 20
-3.31599
 10
1.00679
 20
-3.31606
 10
1.00693
 20
-3.32742
 10
1.00685
 20
-3.34981
 10
0.89284
 20
-3.34984
 10
0.66932
 20
-3.34985
 10
0.66911
 20
-3.34979
 10
0.66886
 20
-3.34975
 10
0.66893
 20
-3.34927
 10
0.66904
 20
-3.3384
  0
LWPOLYLINE
  5
218
330
17
100
AcDbEntity
  8
GIRIS_MOBILYA
100
AcDbPolyline
 90
17
 70
1
 38
4.6996
 10
0.66888
 20
-2.38892
 10
0.66893
 20
-2.38847
 10
0.66891
 20
-2.37736
 10
0.66891
 20
-2.35482
 10
0.66886
 20
-2.35449
 10
0.66952
 20
-2.3544
 10
0.7826
 20
-2.3545
 10
1.00675
 20
-2.35456
 10
1.00684
 20
-2.35486
 10
1.00692
 20
-2.35499
 10
1.00693
 20
-2.35541
 10
1.00698
 20
-2.36664
 10
1.00679
 20
-2.389
 10
0.89281
 20
-2.38899
 10
0.66938
 20
-2.38899
 10
0.66911
 20
-2.38899
 10
0.6691
 20
-2.38895
  0
LWPOLYLINE
  5
219
330
17
100
AcDbEntity
  8
GIRIS_MOBILYA
100
AcDbPolyline
 90
3
 70
1
 38
4.6996
 10
0.636
 20
-2.34795
 10
0.63679
 20
-2.34777
 10
0.6346
 20
-2.34723
  0
LWPOLYLINE
  5
21A
330
17
100
AcDbEntity
  8
GIRIS_MOBILYA
100
AcDbPolyline
 90
25
 70
1
 38
4.6996
 10
0.6346
 20
-2.34723
 10
0.6301
 20
-2.34721
 10
0.62967
 20
-2.34709
 10
0.61315
 20
-2.34763
 10
0.61025
 20
-2.34832
 10
0.61013
 20
-2.34823
 10
0.6101
 20
-2.34762
 10
0.61008
 20
-2.34718
 10
0.61019
 20
-2.34707
 10
0.61007
 20
-2.34699
 10
0.60962
 20
-2.34762
 10
0.60957
 20
-2.34767
 10
0.60957
 20
-2.34762
 10
0.60943
 20
-2.34757
 10
0.6094
 20
-2.31794
 10
0.6094
 20
-2.31316
 10
0.60946
 20
-2.31316
 10
0.60947
 20
-2.31296
 10
0.61015
 20
-2.31285
 10
0.61024
 20
-2.31261
 10
0.61014
 20
-2.31252
 10
0.61025
 20
-2.31241
 10
0.6294
 20
-2.31272
 10
0.62941
 20
-2.34363
 10
0.63013
 20
-2.34635
  0
LWPOLYLINE
  5
21B
330
17
100
AcDbEntity
  8
GIRIS_MOBILYA
100
AcDbPolyline
 90
34
 70
1
 38
4.6996
 10
0.6294
 20
-2.31272
 10
0.62939
 20
-2.30692
 10
0.62817
 20
-2.30911
 10
0.61997
 20
-2.30926
 10
0.60266
 20
-2.30898
 10
0.6026
 20
-2.30424
 10
0.60281
 20
-2.29399
 10
0.61082
 20
-2.29403
 10
0.62816
 20
-2.29403
 10
0.62939
 20
-2.29607
 10
0.62929
 20
-2.0565
 10
0.6293
 20
-2.04432
 10
0.63552
 20
-2.04419
 10
0.63624
 20
-2.04404
 10
0.63637
 20
-2.04367
 10
0.63642
 20
-2.0435
 10
0.63679
 20
-2.04392
 10
0.63624
 20
-2.04404
 10
0.63601
 20
-2.0447
 10
0.63552
 20
-2.04419
 10
0.63668
 20
-2.03913
 10
0.63594
 20
-2.01078
 10
0.63591
 20
-2.0096
 10
0.63601
 20
-2.00958
 10
0.66159
 20
-2.01065
 10
0.66608
 20
-2.01154
 10
0.6668
 20
-2.01426
 10
0.66692
 20
-2.30139
 10
0.66603
 20
-2.34638
 10
0.66269
 20
-2.34712
 10
0.63678
 20
-2.34722
 10
0.63669
 20
-2.34265
 10
0.636
 20
-2.31263
 10
0.63232
 20
-2.3127
  0
LWPOLYLINE
  5
21C
330
17
100
AcDbEntity
  8
GIRIS_MOBILYA
100
AcDbPolyline
 90
15
 70
1
 38
4.6996
 10
0.6293
 20
-2.04432
 10
0.61379
 20
-2.04465
 10
0.61034
 20
-2.04465
 10
0.61025
 20
-2.0447
 10
0.61032
 20
-2.04463
 10
0.61019
 20
-2.04453
 10
0.60943
 20
-2.04395
 10
0.60952
 20
-2.04386
 10
0.60941
 20
-2.01498
 10
0.60978
 20
-2.01071
 10
0.60941
 20
-2.0103
 10
0.60989
 20
-2.0106
 10
0.61025
 20
-2.00958
 10
0.62931
 20
-2.01147
 10
0.63017
 20
-2.0115
  0
LWPOLYLINE
  5
21D
330
17
100
AcDbEntity
  8
GIRIS_MOBILYA
100
AcDbPolyline
 90
16
 70
1
 38
4.6996
 10
1.00679
 20
-2.01202
 10
1.00691
 20
-1.98966
 10
1.00679
 20
-1.97828
 10
0.78334
 20
-1.9782
 10
0.66971
 20
-1.97825
 10
0.66928
 20
-1.97825
 10
0.66908
 20
-1.97826
 10
0.66908
 20
-1.97829
 10
0.66879
 20
-1.97836
 10
0.66904
 20
-2.00062
 10
0.66893
 20
-2.01148
 10
0.66888
 20
-2.01194
 10
0.6691
 20
-2.01197
 10
0.66911
 20
-2.012
 10
0.66938
 20
-2.012
 10
0.89281
 20
-2.012
  0
LWPOLYLINE
  5
21E
330
17
100
AcDbEntity
  8
GIRIS_MOBILYA
100
AcDbPolyline
 90
16
 70
1
 38
4.6996
 10
1.99458
 20
2.20021
 10
2.002
 20
2.19622
 10
2.002
 20
2.17409
 10
2.002
 20
2.15401
 10
1.99347
 20
2.14912
 10
1.98608
 20
2.14488
 10
1.95274
 20
2.14488
 10
1.92935
 20
2.14488
 10
1.91959
 20
2.15069
 10
1.91381
 20
2.15401
 10
1.91381
 20
2.18121
 10
1.91381
 20
2.19622
 10
1.92347
 20
2.20162
 10
1.92935
 20
2.20478
 10
1.96196
 20
2.20478
 10
1.98608
 20
2.20478
  0
LWPOLYLINE
  5
21F
330
17
100
AcDbEntity
  8
GIRIS_MOBILYA
100
AcDbPolyline
 90
4
 70
1
 38
4.6996
 10
2.46525
 20
7.90835
 10
2.46551
 20
7.90941
 10
2.46554
 20
7.90943
 10
2.46602
 20
7.90806
  0
LWPOLYLINE
  5
220
330
17
100
AcDbEntity
  8
GIRIS_MOBILYA
100
AcDbPolyline
 90
5
 70
1
 38
4.6996
 10
-0.27046
 20
7.91198
 10
-0.26702
 20
7.90933
 10
-0.27045
 20
7.91209
 10
-0.27069
 20
7.91286
 10
-0.27184
 20
7.91116
  0
LWPOLYLINE
  5
221
330
17
100
AcDbEntity
  8
GIRIS_MOBILYA
100
AcDbPolyline
 90
6
 70
1
 38
4.6996
 10
2.45948
 20
7.91198
 10
2.45949
 20
7.91209
 10
2.45924
 20
7.91288
 10
2.45831
 20
7.91193
 10
2.45856
 20
7.91116
 10
2.45857
 20
7.91113
  0
LWPOLYLINE
  5
222
330
17
100
AcDbEntity
  8
GIRIS_MOBILYA
100
AcDbPolyline
 90
3
 70
1
 38
4.6996
 10
2.46823
 20
7.91672
 10
2.46964
 20
7.91652
 10
2.46956
 20
7.92013
  0
LWPOLYLINE
  5
223
330
17
100
AcDbEntity
  8
GIRIS_MOBILYA
100
AcDbPolyline
 90
3
 70
1
 38
4.6996
 10
-0.2617
 20
7.91672
 10
-0.26051
 20
7.91652
 10
-0.26038
 20
7.92014
  0
LWPOLYLINE
  5
224
330
17
100
AcDbEntity
  8
GIRIS_MOBILYA
100
AcDbPolyline
 90
3
 70
1
 38
4.6996
 10
0.01207
 20
7.92596
 10
0.01345
 20
7.92086
 10
0.01204
 20
7.92036
  0
LWPOLYLINE
  5
225
330
17
100
AcDbEntity
  8
GIRIS_MOBILYA
100
AcDbPolyline
 90
4
 70
1
 38
4.6996
 10
-0.16103
 20
7.92392
 10
-0.16049
 20
7.92226
 10
-0.15973
 20
7.92439
 10
-0.16142
 20
7.92496
  0
LWPOLYLINE
  5
226
330
17
100
AcDbEntity
  8
GIRIS_MOBILYA
100
AcDbPolyline
 90
6
 70
1
 38
4.6996
 10
0.06894
 20
7.92392
 10
0.06948
 20
7.92226
 10
0.07025
 20
7.92439
 10
0.0695
 20
7.92659
 10
0.06821
 20
7.92586
 10
0.06855
 20
7.92496
  0
LWPOLYLINE
  5
227
330
17
100
AcDbEntity
  8
GIRIS_MOBILYA
100
AcDbPolyline
 90
4
 70
1
 38
4.6996
 10
2.4186
 20
7.94053
 10
2.42383
 20
7.95247
 10
2.41996
 20
7.94007
 10
2.41947
 20
7.94024
  0
LWPOLYLINE
  5
228
330
17
100
AcDbEntity
  8
GIRIS_MOBILYA
100
AcDbPolyline
 90
3
 70
1
 38
4.6996
 10
-0.28719
 20
7.95967
 10
-0.28576
 20
7.96015
 10
-0.28177
 20
7.94616
  0
LWPOLYLINE
  5
229
330
17
100
AcDbEntity
  8
GIRIS_MOBILYA
100
AcDbPolyline
 90
3
 70
1
 38
4.6996
 10
-0.22869
 20
7.95566
 10
-0.22699
 20
7.95496
 10
-0.22791
 20
7.95354
  0
LWPOLYLINE
  5
22A
330
17
100
AcDbEntity
  8
GIRIS_MOBILYA
100
AcDbPolyline
 90
3
 70
1
 38
4.6996
 10
2.50202
 20
7.95355
 10
2.50295
 20
7.95496
 10
2.50125
 20
7.95566
  0
LWPOLYLINE
  5
22B
330
17
100
AcDbEntity
  8
GIRIS_MOBILYA
100
AcDbPolyline
 90
3
 70
1
 38
4.6996
 10
2.44275
 20
7.95967
 10
2.44461
 20
7.9603
 10
2.44583
 20
7.94911
  0
LWPOLYLINE
  5
22C
330
17
100
AcDbEntity
  8
GIRIS_MOBILYA
100
AcDbPolyline
 90
3
 70
1
 38
4.6996
 10
-0.1873
 20
7.96484
 10
-0.18643
 20
7.96578
 10
-0.18874
 20
7.96561
  0
LWPOLYLINE
  5
22D
330
17
100
AcDbEntity
  8
GIRIS_MOBILYA
100
AcDbPolyline
 90
5
 70
1
 38
4.6996
 10
-0.30337
 20
7.96568
 10
-0.30159
 20
7.96579
 10
-0.30251
 20
7.96484
 10
-0.30351
 20
7.96538
 10
-0.30344
 20
7.96561
  0
LWPOLYLINE
  5
22E
330
17
100
AcDbEntity
  8
GIRIS_MOBILYA
100
AcDbPolyline
 90
5
 70
1
 38
4.6996
 10
2.4265
 20
7.96561
 10
2.42657
 20
7.96568
 10
2.42835
 20
7.96579
 10
2.42743
 20
7.96484
 10
2.42643
 20
7.96538
  0
LWPOLYLINE
  5
22F
330
17
100
AcDbEntity
  8
GIRIS_MOBILYA
100
AcDbPolyline
 90
6
 70
1
 38
4.6996
 10
-0.11853
 20
7.96895
 10
-0.11832
 20
7.9683
 10
-0.11731
 20
7.96558
 10
-0.11693
 20
7.96923
 10
-0.11713
 20
7.96988
 10
-0.11853
 20
7.96899
  0
LWPOLYLINE
  5
230
330
17
100
AcDbEntity
  8
GIRIS_MOBILYA
100
AcDbPolyline
 90
4
 70
1
 38
4.6996
 10
-0.0031
 20
7.9683
 10
-0.00212
 20
7.9692
 10
-0.00331
 20
7.96899
 10
-0.00331
 20
7.96895
  0
LWPOLYLINE
  5
231
330
17
100
AcDbEntity
  8
GIRIS_MOBILYA
100
AcDbPolyline
 90
4
 70
1
 38
4.6996
 10
0.11145
 20
7.96895
 10
0.11165
 20
7.9683
 10
0.11284
 20
7.96988
 10
0.11144
 20
7.96899
  0
LWPOLYLINE
  5
232
330
17
100
AcDbEntity
  8
GIRIS_MOBILYA
100
AcDbPolyline
 90
4
 70
1
 38
4.6996
 10
2.54974
 20
7.97384
 10
2.55052
 20
7.97462
 10
2.5509
 20
7.97396
 10
2.55055
 20
7.97325
  0
LWPOLYLINE
  5
233
330
17
100
AcDbEntity
  8
GIRIS_MOBILYA
100
AcDbPolyline
 90
3
 70
1
 38
4.6996
 10
0.04977
 20
7.97384
 10
0.05055
 20
7.97462
 10
0.05094
 20
7.97396
  0
LWPOLYLINE
  5
234
330
17
100
AcDbEntity
  8
GIRIS_MOBILYA
100
AcDbPolyline
 90
56
 70
1
 38
4.6996
 10
3.33089
 20
-3.4853
 10
3.33131
 20
-3.4853
 10
3.33163
 20
-3.4853
 10
3.33979
 20
-3.4853
 10
3.35086
 20
-3.4853
 10
3.35128
 20
-3.4853
 10
3.35159
 20
-3.4853
 10
3.35202
 20
-3.48572
 10
3.35233
 20
-3.48604
 10
3.35276
 20
-3.48604
 10
3.35307
 20
-3.48604
 10
3.35307
 20
-3.48646
 10
3.35307
 20
-3.48678
 10
3.3535
 20
-3.4872
 10
3.35381
 20
-3.48752
 10
3.35381
 20
-3.48794
 10
3.35381
 20
-3.48826
 10
3.35381
 20
-3.49893
 10
3.35381
 20
-3.5134
 10
3.35381
 20
-3.51382
 10
3.35381
 20
-3.51414
 10
3.35339
 20
-3.51456
 10
3.35307
 20
-3.51488
 10
3.35307
 20
-3.5153
 10
3.35307
 20
-3.51562
 10
3.35265
 20
-3.51562
 10
3.35233
 20
-3.51562
 10
3.35191
 20
-3.51604
 10
3.35159
 20
-3.51636
 10
3.35117
 20
-3.51636
 10
3.35086
 20
-3.51636
 10
3.34269
 20
-3.51636
 10
3.33163
 20
-3.51636
 10
3.3312
 20
-3.51636
 10
3.33089
 20
-3.51636
 10
3.33046
 20
-3.51593
 10
3.33015
 20
-3.51562
 10
3.32972
 20
-3.51562
 10
3.32941
 20
-3.51562
 10
3.32898
 20
-3.51519
 10
3.32867
 20
-3.51488
 10
3.32867
 20
-3.51445
 10
3.32867
 20
-3.51414
 10
3.32867
 20
-3.51371
 10
3.32867
 20
-3.5134
 10
3.32867
 20
-3.50272
 10
3.32867
 20
-3.48826
 10
3.32867
 20
-3.48783
 10
3.32867
 20
-3.48752
 10
3.32867
 20
-3.48709
 10
3.32867
 20
-3.48678
 10
3.3291
 20
-3.48635
 10
3.32941
 20
-3.48604
 10
3.32984
 20
-3.48604
 10
3.33015
 20
-3.48604
 10
3.33057
 20
-3.48561
  0
LWPOLYLINE
  5
235
330
17
100
AcDbEntity
  8
GIRIS_MOBILYA
100
AcDbPolyline
 90
56
 70
1
 38
4.6996
 10
3.35314
 20
-3.48276
 10
3.35314
 20
-3.48319
 10
3.35346
 20
-3.4835
 10
3.35388
 20
-3.48393
 10
3.35388
 20
-3.48424
 10
3.35388
 20
-3.48467
 10
3.35419
 20
-3.48467
 10
3.35462
 20
-3.48467
 10
3.35493
 20
-3.48498
 10
3.35536
 20
-3.48541
 10
3.35567
 20
-3.48541
 10
3.3561
 20
-3.48541
 10
3.35951
 20
-3.48541
 10
3.36202
 20
-3.48541
 10
3.36233
 20
-3.48541
 10
3.36276
 20
-3.48541
 10
3.36307
 20
-3.48509
 10
3.3635
 20
-3.48467
 10
3.36381
 20
-3.48467
 10
3.36423
 20
-3.48467
 10
3.36455
 20
-3.48435
 10
3.36497
 20
-3.48393
 10
3.36497
 20
-3.48361
 10
3.36497
 20
-3.48319
 10
3.36497
 20
-3.48287
 10
3.36497
 20
-3.48245
 10
3.36497
 20
-3.25161
 10
3.36497
 20
-3.08239
 10
3.36497
 20
-3.08207
 10
3.36497
 20
-3.08165
 10
3.36497
 20
-3.08133
 10
3.36497
 20
-3.08091
 10
3.36466
 20
-3.08059
 10
3.36423
 20
-3.08017
 10
3.36392
 20
-3.07985
 10
3.3635
 20
-3.07943
 10
3.36318
 20
-3.07943
 10
3.36276
 20
-3.07943
 10
3.36244
 20
-3.07943
 10
3.36202
 20
-3.07943
 10
3.3586
 20
-3.07943
 10
3.3561
 20
-3.07943
 10
3.35579
 20
-3.07943
 10
3.35536
 20
-3.07943
 10
3.35505
 20
-3.07943
 10
3.35462
 20
-3.07943
 10
3.35431
 20
-3.07974
 10
3.35388
 20
-3.08017
 10
3.35388
 20
-3.08048
 10
3.35388
 20
-3.08091
 10
3.35357
 20
-3.08122
 10
3.35314
 20
-3.08165
 10
3.35314
 20
-3.08196
 10
3.35314
 20
-3.08239
 10
3.35314
 20
-3.31322
 10
3.35314
 20
-3.48245
  0
LWPOLYLINE
  5
236
330
17
100
AcDbEntity
  8
GIRIS_MOBILYA
100
AcDbPolyline
 90
167
 70
1
 38
4.6996
 10
3.32867
 20
-3.9667
 10
3.3291
 20
-3.96628
 10
3.32941
 20
-3.96596
 10
3.33015
 20
-3.96596
 10
3.33057
 20
-3.96554
 10
3.33089
 20
-3.96522
 10
3.33163
 20
-3.96522
 10
3.33902
 20
-3.96258
 10
3.33902
 20
-3.5622
 10
3.33163
 20
-3.55925
 10
3.33015
 20
-3.55925
 10
3.32898
 20
-3.55808
 10
3.32867
 20
-3.55777
 10
3.32867
 20
-3.52967
 10
3.3291
 20
-3.52924
 10
3.32941
 20
-3.52893
 10
3.33015
 20
-3.52893
 10
3.33057
 20
-3.5285
 10
3.33089
 20
-3.52819
 10
3.35159
 20
-3.52819
 10
3.35202
 20
-3.52861
 10
3.35233
 20
-3.52893
 10
3.35307
 20
-3.52893
 10
3.35307
 20
-3.52967
 10
3.3535
 20
-3.53009
 10
3.35381
 20
-3.53041
 10
3.35381
 20
-3.54182
 10
3.3479
 20
-3.55925
 10
3.34864
 20
-3.55925
 10
3.34938
 20
-3.55999
 10
3.35012
 20
-3.55999
 10
3.35054
 20
-3.56041
 10
3.35086
 20
-3.56072
 10
3.35086
 20
-3.96374
 10
3.34938
 20
-3.96522
 10
3.35159
 20
-3.96522
 10
3.35233
 20
-3.96596
 10
3.35307
 20
-3.96596
 10
3.35307
 20
-3.9667
 10
3.3535
 20
-3.96713
 10
3.35381
 20
-3.96744
 10
3.35381
 20
-3.97886
 10
3.35677
 20
-3.98001
 10
3.60921
 20
-3.98001
 10
3.93505
 20
-3.97706
 10
3.93505
 20
-2.57975
 10
3.69666
 20
-2.5769
 10
3.35529
 20
-2.5769
 10
3.35487
 20
-2.57648
 10
3.35455
 20
-2.57616
 10
3.35413
 20
-2.57574
 10
3.3536
 20
-2.57521
 10
3.35307
 20
-2.57468
 10
3.35381
 20
-2.58197
 10
3.35381
 20
-2.59717
 10
3.35339
 20
-2.5976
 10
3.35307
 20
-2.59791
 10
3.35307
 20
-2.59865
 10
3.35233
 20
-2.59865
 10
3.35191
 20
-2.59908
 10
3.35159
 20
-2.59939
 10
3.34938
 20
-2.59939
 10
3.3498
 20
-2.59982
 10
3.35012
 20
-2.60013
 10
3.35054
 20
-2.60056
 10
3.35086
 20
-2.60087
 10
3.35086
 20
-3.00389
 10
3.35043
 20
-3.00432
 10
3.35012
 20
-3.00463
 10
3.34938
 20
-3.00463
 10
3.34895
 20
-3.00506
 10
3.34864
 20
-3.00537
 10
3.35159
 20
-3.00537
 10
3.35202
 20
-3.0058
 10
3.35233
 20
-3.00611
 10
3.35307
 20
-3.00611
 10
3.35307
 20
-3.00685
 10
3.3535
 20
-3.00728
 10
3.35381
 20
-3.00759
 10
3.35381
 20
-3.03421
 10
3.35339
 20
-3.03464
 10
3.35307
 20
-3.03495
 10
3.35307
 20
-3.03569
 10
3.35233
 20
-3.03569
 10
3.35159
 20
-3.03643
 10
3.33089
 20
-3.03643
 10
3.33015
 20
-3.03569
 10
3.32941
 20
-3.03569
 10
3.32867
 20
-3.03495
 10
3.32867
 20
-3.00685
 10
3.3291
 20
-3.00642
 10
3.32941
 20
-3.00611
 10
3.33015
 20
-3.00611
 10
3.33057
 20
-3.00568
 10
3.33089
 20
-3.00537
 10
3.33163
 20
-3.00537
 10
3.33902
 20
-3.00241
 10
3.33902
 20
-2.60235
 10
3.33163
 20
-2.59939
 10
3.33089
 20
-2.59939
 10
3.33046
 20
-2.59897
 10
3.33015
 20
-2.59865
 10
3.32941
 20
-2.59865
 10
3.32898
 20
-2.59823
 10
3.32867
 20
-2.59791
 10
3.32867
 20
-2.56981
 10
3.3291
 20
-2.56939
 10
3.32941
 20
-2.56907
 10
3.33015
 20
-2.56907
 10
3.33057
 20
-2.56865
 10
3.33089
 20
-2.56833
 10
3.35086
 20
-2.56833
 10
3.35307
 20
-2.55915
 10
3.35307
 20
-2.55841
 10
3.3535
 20
-2.55756
 10
3.35381
 20
-2.55693
 10
3.35424
 20
-2.55651
 10
3.35455
 20
-2.55619
 10
3.35498
 20
-2.55577
 10
3.35529
 20
-2.55546
 10
3.95132
 20
-2.55546
 10
3.95174
 20
-2.55588
 10
3.95206
 20
-2.55619
 10
3.95248
 20
-2.55662
 10
3.9528
 20
-2.55693
 10
3.9528
 20
-2.57542
 10
3.95237
 20
-2.57585
 10
3.95236
 20
-2.57586
 10
3.95206
 20
-2.57616
 10
3.95163
 20
-2.57658
 10
3.95132
 20
-2.5769
 10
3.95047
 20
-2.5769
 10
3.95069
 20
-2.57733
 10
3.95132
 20
-2.57764
 10
3.95174
 20
-2.57806
 10
3.95206
 20
-2.57838
 10
3.9528
 20
-2.57838
 10
3.9528
 20
-3.97927
 10
3.95206
 20
-3.97927
 10
3.95132
 20
-3.98001
 10
3.94984
 20
-3.98001
 10
3.94952
 20
-3.98044
 10
3.94984
 20
-3.98075
 10
3.95132
 20
-3.98075
 10
3.95174
 20
-3.98118
 10
3.95206
 20
-3.98149
 10
3.95248
 20
-3.98192
 10
3.9528
 20
-3.98223
 10
3.9528
 20
-3.99998
 10
3.95237
 20
-4.00083
 10
3.95206
 20
-4.00146
 10
3.95163
 20
-4.00188
 10
3.95132
 20
-4.0022
 10
3.35529
 20
-4.0022
 10
3.35487
 20
-4.00177
 10
3.35455
 20
-4.00146
 10
3.35413
 20
-4.00061
 10
3.35381
 20
-3.99998
 10
3.35307
 20
-3.99924
 10
3.35307
 20
-3.9985
 10
3.35086
 20
-3.99628
 10
3.33015
 20
-3.99628
 10
3.32972
 20
-3.99586
 10
3.32941
 20
-3.99554
 10
3.32898
 20
-3.99512
 10
3.32867
 20
-3.9948
 10
3.32867
 20
-3.99332
  0
LWPOLYLINE
  5
237
330
17
100
AcDbEntity
  8
GIRIS_MOBILYA
100
AcDbPolyline
 90
3
 70
1
 38
4.6996
 10
3.35307
 20
-3.99251
 10
3.35381
 20
-3.99332
 10
3.35381
 20
-3.99375
  0
LWPOLYLINE
  5
238
330
17
100
AcDbEntity
  8
GIRIS_MOBILYA
100
AcDbPolyline
 90
56
 70
1
 38
4.6996
 10
3.32867
 20
-3.07741
 10
3.32867
 20
-3.07784
 10
3.32898
 20
-3.07815
 10
3.32941
 20
-3.07858
 10
3.32972
 20
-3.07889
 10
3.33015
 20
-3.07932
 10
3.33046
 20
-3.07932
 10
3.33089
 20
-3.07932
 10
3.3312
 20
-3.07932
 10
3.33163
 20
-3.07932
 10
3.34269
 20
-3.07932
 10
3.35086
 20
-3.07932
 10
3.35117
 20
-3.07932
 10
3.35159
 20
-3.07932
 10
3.35191
 20
-3.07932
 10
3.35233
 20
-3.07932
 10
3.35265
 20
-3.07901
 10
3.35307
 20
-3.07858
 10
3.35307
 20
-3.07827
 10
3.35307
 20
-3.07784
 10
3.35339
 20
-3.07753
 10
3.35381
 20
-3.0771
 10
3.35381
 20
-3.07679
 10
3.35381
 20
-3.07636
 10
3.35381
 20
-3.0619
 10
3.35381
 20
-3.05122
 10
3.35381
 20
-3.0509
 10
3.35381
 20
-3.05048
 10
3.3535
 20
-3.05016
 10
3.35307
 20
-3.04974
 10
3.35307
 20
-3.04943
 10
3.35307
 20
-3.049
 10
3.35276
 20
-3.049
 10
3.35233
 20
-3.049
 10
3.35202
 20
-3.04869
 10
3.35159
 20
-3.04826
 10
3.35128
 20
-3.04826
 10
3.35086
 20
-3.04826
 10
3.33979
 20
-3.04826
 10
3.33163
 20
-3.04826
 10
3.33131
 20
-3.04826
 10
3.33089
 20
-3.04826
 10
3.33057
 20
-3.04857
 10
3.33015
 20
-3.049
 10
3.32984
 20
-3.049
 10
3.32941
 20
-3.049
 10
3.3291
 20
-3.04931
 10
3.32867
 20
-3.04974
 10
3.32867
 20
-3.05005
 10
3.32867
 20
-3.05048
 10
3.32867
 20
-3.05079
 10
3.32867
 20
-3.05122
 10
3.32867
 20
-3.06568
 10
3.32867
 20
-3.07636
 10
3.32867
 20
-3.07668
 10
3.32867
 20
-3.0771
  0
LWPOLYLINE
  5
239
330
17
100
AcDbEntity
  8
GIRIS_MOBILYA
100
AcDbPolyline
 90
24
 70
1
 38
4.6996
 10
4.39175
 20
-1.08744
 10
4.39841
 20
-1.08546
 10
4.39973
 20
-1.08401
 10
4.40441
 20
-1.07891
 10
4.40493
 20
-1.07695
 10
4.40677
 20
-1.07
 10
4.40625
 20
-1.06804
 10
4.40441
 20
-1.0611
 10
4.40308
 20
-1.05961
 10
4.39841
 20
-1.05437
 10
4.39652
 20
-1.05385
 10
4.38987
 20
-1.05201
 10
4.38806
 20
-1.05253
 10
4.38169
 20
-1.05437
 10
4.38036
 20
-1.05586
 10
4.37569
 20
-1.0611
 10
4.37517
 20
-1.06306
 10
4.37333
 20
-1.07
 10
4.37385
 20
-1.07197
 10
4.37569
 20
-1.07891
 10
4.37701
 20
-1.08036
 10
4.38169
 20
-1.08546
 10
4.38349
 20
-1.08602
 10
4.38987
 20
-1.088
  0
LWPOLYLINE
  5
23A
330
17
100
AcDbEntity
  8
GIRIS_MOBILYA
100
AcDbPolyline
 90
24
 70
1
 38
4.6996
 10
7.23154
 20
-1.07891
 10
7.2329
 20
-1.08036
 10
7.23772
 20
-1.08546
 10
7.23952
 20
-1.08602
 10
7.2459
 20
-1.088
 10
7.24774
 20
-1.08744
 10
7.25426
 20
-1.08546
 10
7.25562
 20
-1.08401
 10
7.26044
 20
-1.07891
 10
7.26096
 20
-1.07695
 10
7.2628
 20
-1.07
 10
7.26228
 20
-1.06804
 10
7.26044
 20
-1.0611
 10
7.25907
 20
-1.05961
 10
7.25426
 20
-1.05437
 10
7.25241
 20
-1.05385
 10
7.2459
 20
-1.05201
 10
7.24409
 20
-1.05253
 10
7.23772
 20
-1.05437
 10
7.23635
 20
-1.05586
 10
7.23154
 20
-1.0611
 10
7.23105
 20
-1.06306
 10
7.22935
 20
-1.07
 10
7.22984
 20
-1.07197
  0
LWPOLYLINE
  5
23B
330
17
100
AcDbEntity
  8
GIRIS_MOBILYA
100
AcDbPolyline
 90
10
 70
1
 38
4.6996
 10
3.87358
 20
-1.05958
 10
3.87361
 20
-1.15327
 10
3.87854
 20
-0.84094
 10
3.87854
 20
-0.74665
 10
3.87661
 20
-0.74509
 10
3.87607
 20
-0.74483
 10
3.87606
 20
-0.7451
 10
3.8757
 20
-0.74519
 10
3.87382
 20
-0.74605
 10
3.87362
 20
-0.7464
  0
LWPOLYLINE
  5
23C
330
17
100
AcDbEntity
  8
GIRIS_MOBILYA
100
AcDbPolyline
 90
24
 70
1
 38
4.6996
 10
6.94189
 20
2.60367
 10
6.94225
 20
2.60383
 10
6.9445
 20
2.60383
 10
6.9623
 20
2.60374
 10
6.96264
 20
2.60355
 10
6.96486
 20
2.60216
 10
6.96583
 20
2.59999
 10
6.96594
 20
2.5997
 10
6.96594
 20
2.59743
 10
6.96554
 20
2.57966
 10
6.96473
 20
2.57776
 10
6.96456
 20
2.57748
 10
6.96283
 20
2.57651
 10
6.96257
 20
2.57638
 10
6.96021
 20
2.57638
 10
6.9419
 20
2.57622
 10
6.93992
 20
2.57699
 10
6.93967
 20
2.57709
 10
6.93855
 20
2.57927
 10
6.93838
 20
2.57961
 10
6.93837
 20
2.58186
 10
6.9381
 20
2.59952
 10
6.93918
 20
2.60186
 10
6.93931
 20
2.60219
  0
LWPOLYLINE
  5
23D
330
17
100
AcDbEntity
  8
GIRIS_MOBILYA
100
AcDbPolyline
 90
23
 70
1
 38
4.6996
 10
7.2675
 20
2.60384
 10
7.27007
 20
2.60276
 10
7.27042
 20
2.6026
 10
7.2717
 20
2.59991
 10
7.27185
 20
2.59956
 10
7.27184
 20
2.59732
 10
7.27172
 20
2.57964
 10
7.27153
 20
2.5793
 10
7.27013
 20
2.57708
 10
7.26834
 20
2.5763
 10
7.26809
 20
2.57621
 10
7.26564
 20
2.57623
 10
7.24754
 20
2.57641
 10
7.24591
 20
2.57707
 10
7.24563
 20
2.57744
 10
7.24422
 20
2.57945
 10
7.24422
 20
2.58183
 10
7.24437
 20
2.60028
 10
7.24545
 20
2.60231
 10
7.24558
 20
2.60254
 10
7.24767
 20
2.60352
 10
7.24798
 20
2.6037
 10
7.25022
 20
2.60371
  0
LWPOLYLINE
  5
23E
330
17
100
AcDbEntity
  8
GIRIS_MOBILYA
100
AcDbPolyline
 90
16
 70
1
 38
4.6996
 10
3.69237
 20
3.41139
 10
3.69297
 20
3.41027
 10
3.69316
 20
3.41025
 10
3.6931
 20
3.40961
 10
3.69367
 20
3.40979
 10
3.69355
 20
3.40442
 10
3.69376
 20
3.39292
 10
3.69271
 20
3.39198
 10
3.59242
 20
3.39071
 10
3.37812
 20
3.39131
 10
3.37657
 20
3.39195
 10
3.37626
 20
3.39179
 10
3.37587
 20
3.39239
 10
3.37569
 20
3.39761
 10
3.37609
 20
3.40878
 10
3.47721
 20
3.4114
  0
LWPOLYLINE
  5
23F
330
17
100
AcDbEntity
  8
GIRIS_MOBILYA
100
AcDbPolyline
 90
3
 70
1
 38
4.6996
 10
3.70786
 20
3.43432
 10
3.70883
 20
3.43401
 10
3.70903
 20
3.43501
  0
LWPOLYLINE
  5
240
330
17
100
AcDbEntity
  8
GIRIS_MOBILYA
100
AcDbPolyline
 90
41
 70
1
 38
4.6996
 10
3.70786
 20
3.43432
 10
3.70695
 20
3.43348
 10
3.70504
 20
3.43302
 10
3.70388
 20
3.43299
 10
3.70391
 20
3.43209
 10
3.70542
 20
3.43038
 10
3.71986
 20
3.43037
 10
3.72143
 20
3.41947
 10
3.72154
 20
3.39822
 10
3.72093
 20
3.39718
 10
3.72076
 20
3.397
 10
3.71433
 20
3.39667
 10
3.69968
 20
3.39688
 10
3.69937
 20
3.39726
 10
3.69907
 20
3.39739
 10
3.69896
 20
3.3975
 10
3.69864
 20
3.3979
 10
3.69872
 20
3.40775
 10
3.69808
 20
3.43017
 10
3.6982
 20
3.43015
 10
3.69857
 20
3.43021
 10
3.69912
 20
3.43039
 10
3.70049
 20
3.43269
 10
3.69924
 20
3.43351
 10
3.69892
 20
3.43395
 10
3.69864
 20
3.43494
 10
3.69863
 20
3.61319
 10
3.69864
 20
4.01361
 10
3.69913
 20
4.01603
 10
3.69998
 20
4.0169
 10
3.70054
 20
4.01725
 10
3.70051
 20
4.01732
 10
3.70052
 20
4.01733
 10
3.70289
 20
4.0169
 10
3.70394
 20
4.01701
 10
3.70649
 20
4.01734
 10
3.70637
 20
4.01571
 10
3.70678
 20
4.01532
 10
3.70895
 20
4.01601
 10
3.70904
 20
4.0156
 10
3.70905
 20
3.83653
  0
LWPOLYLINE
  5
241
330
17
100
AcDbEntity
  8
GIRIS_MOBILYA
100
AcDbPolyline
 90
19
 70
1
 38
4.6996
 10
3.69968
 20
4.01985
 10
3.71433
 20
4.01964
 10
3.72076
 20
4.01997
 10
3.72093
 20
4.02015
 10
3.72154
 20
4.02119
 10
3.72144
 20
4.04244
 10
3.71986
 20
4.05349
 10
3.70542
 20
4.0535
 10
3.69912
 20
4.05351
 10
3.69857
 20
4.05333
 10
3.69935
 20
4.05278
 10
3.69923
 20
4.05261
 10
3.69846
 20
4.05208
 10
3.6987
 20
4.03064
 10
3.69864
 20
4.02087
 10
3.6988
 20
4.02034
 10
3.69896
 20
4.02047
 10
3.69907
 20
4.02036
 10
3.69937
 20
4.02023
  0
LWPOLYLINE
  5
242
330
17
100
AcDbEntity
  8
GIRIS_MOBILYA
100
AcDbPolyline
 90
13
 70
1
 38
4.6996
 10
3.38799
 20
3.41324
 10
3.39329
 20
3.41385
 10
3.39383
 20
4.30075
 10
3.39301
 20
4.70635
 10
3.38209
 20
4.70676
 10
3.37727
 20
4.70672
 10
3.377
 20
4.70651
 10
3.37675
 20
4.70609
 10
3.37614
 20
4.70707
 10
3.37601
 20
3.81833
 10
3.37602
 20
3.41363
 10
3.3764
 20
3.41329
 10
3.37749
 20
3.41329
  0
LWPOLYLINE
  5
243
330
17
100
AcDbEntity
  8
GIRIS_MOBILYA
100
AcDbPolyline
 90
17
 70
1
 38
4.6996
 10
3.72076
 20
4.06702
 10
3.72093
 20
4.06719
 10
3.72152
 20
4.06814
 10
3.72143
 20
4.08939
 10
3.72148
 20
4.09912
 10
3.72116
 20
4.09953
 10
3.72107
 20
4.09977
 10
3.72097
 20
4.10004
 10
3.721
 20
4.10007
 10
3.71986
 20
4.10039
 10
3.70542
 20
4.1004
 10
3.69935
 20
4.09968
 10
3.69923
 20
4.09952
 10
3.69842
 20
4.09905
 10
3.6987
 20
4.07764
 10
3.69968
 20
4.0669
 10
3.71433
 20
4.06669
  0
LWPOLYLINE
  5
244
330
17
100
AcDbEntity
  8
GIRIS_MOBILYA
100
AcDbPolyline
 90
21
 70
1
 38
4.6996
 10
7.27175
 20
4.17811
 10
7.27175
 20
4.16019
 10
7.27044
 20
4.15768
 10
7.27023
 20
4.15735
 10
7.26782
 20
4.1562
 10
7.26754
 20
4.15606
 10
7.26514
 20
4.15611
 10
7.2478
 20
4.15621
 10
7.24572
 20
4.15732
 10
7.24447
 20
4.15928
 10
7.24421
 20
4.15967
 10
7.24421
 20
4.16206
 10
7.24422
 20
4.18045
 10
7.24638
 20
4.18326
 10
7.24669
 20
4.1836
 10
7.24904
 20
4.18364
 10
7.26794
 20
4.18355
 10
7.26969
 20
4.183
 10
7.26992
 20
4.18286
 10
7.27149
 20
4.18071
 10
7.27174
 20
4.18042
  0
LWPOLYLINE
  5
245
330
17
100
AcDbEntity
  8
GIRIS_MOBILYA
100
AcDbPolyline
 90
23
 70
1
 38
4.6996
 10
6.95975
 20
4.15613
 10
6.962
 20
4.15614
 10
6.96229
 20
4.1563
 10
6.96477
 20
4.15766
 10
6.9649
 20
4.15795
 10
6.9655
 20
4.15982
 10
6.96569
 20
4.17779
 10
6.96568
 20
4.1801
 10
6.96558
 20
4.18037
 10
6.96436
 20
4.18255
 10
6.96407
 20
4.18272
 10
6.9623
 20
4.18352
 10
6.9445
 20
4.18395
 10
6.94211
 20
4.18392
 10
6.94051
 20
4.18303
 10
6.94018
 20
4.18268
 10
6.93821
 20
4.18037
 10
6.93815
 20
4.1625
 10
6.93813
 20
4.16016
 10
6.93827
 20
4.15984
 10
6.9393
 20
4.15736
 10
6.93964
 20
4.15721
 10
6.94228
 20
4.15613
  0
LWPOLYLINE
  5
246
330
17
100
AcDbEntity
  8
GIRIS_MOBILYA
100
AcDbPolyline
 90
22
 70
1
 38
4.6996
 10
3.70904
 20
4.68557
 10
3.70905
 20
4.50655
 10
3.70903
 20
4.10503
 10
3.70883
 20
4.10403
 10
3.70779
 20
4.10434
 10
3.70695
 20
4.10339
 10
3.705
 20
4.1031
 10
3.70398
 20
4.10277
 10
3.70385
 20
4.10311
 10
3.70151
 20
4.10271
 10
3.69864
 20
4.28321
 10
3.69866
 20
4.68362
 10
3.6993
 20
4.68583
 10
3.7
 20
4.68683
 10
3.7005
 20
4.68728
 10
3.70056
 20
4.68718
 10
3.70155
 20
4.68765
 10
3.70389
 20
4.68733
 10
3.70394
 20
4.68715
 10
3.7064
 20
4.68577
 10
3.7068
 20
4.68539
 10
3.70895
 20
4.68602
  0
LWPOLYLINE
  5
247
330
17
100
AcDbEntity
  8
GIRIS_MOBILYA
100
AcDbPolyline
 90
24
 70
1
 38
4.6996
 10
3.69896
 20
4.69049
 10
3.69907
 20
4.69038
 10
3.69937
 20
4.69024
 10
3.69968
 20
4.68987
 10
3.71433
 20
4.68966
 10
3.72076
 20
4.68999
 10
3.72093
 20
4.69017
 10
3.72154
 20
4.69121
 10
3.72144
 20
4.71246
 10
3.72156
 20
4.72277
 10
3.72141
 20
4.72273
 10
3.72141
 20
4.72331
 10
3.72109
 20
4.72283
 10
3.72049
 20
4.72333
 10
3.70596
 20
4.72334
 10
3.6992
 20
4.72323
 10
3.69924
 20
4.72293
 10
3.69912
 20
4.72277
 10
3.69889
 20
4.72296
 10
3.69835
 20
4.72303
 10
3.69846
 20
4.7221
 10
3.6987
 20
4.70066
 10
3.69864
 20
4.69089
 10
3.6988
 20
4.69035
  0
LWPOLYLINE
  5
248
330
17
100
AcDbEntity
  8
GIRIS_MOBILYA
100
AcDbPolyline
 90
19
 70
1
 38
4.6996
 10
3.47721
 20
4.72935
 10
3.69237
 20
4.72934
 10
3.69297
 20
4.72822
 10
3.69316
 20
4.72819
 10
3.6931
 20
4.72756
 10
3.69367
 20
4.72773
 10
3.69355
 20
4.72237
 10
3.69376
 20
4.71087
 10
3.69271
 20
4.70993
 10
3.69427
 20
4.70958
 10
3.6937
 20
4.70876
 10
3.69345
 20
4.70849
 10
3.59242
 20
4.70866
 10
3.37812
 20
4.70926
 10
3.37657
 20
4.7099
 10
3.37626
 20
4.70974
 10
3.37587
 20
4.71034
 10
3.37569
 20
4.71556
 10
3.37609
 20
4.72672
  0
LWPOLYLINE
  5
249
330
17
100
AcDbEntity
  8
GIRIS_MOBILYA
100
AcDbPolyline
 90
24
 70
1
 38
4.6996
 10
3.00914
 20
5.38637
 10
3.01248
 20
5.38498
 10
3.02667
 20
5.38498
 10
3.03951
 20
5.38498
 10
3.04254
 20
5.38624
 10
3.04589
 20
5.38763
 10
3.04712
 20
5.39064
 10
3.04849
 20
5.39395
 10
3.04849
 20
5.41602
 10
3.04849
 20
5.43601
 10
3.04725
 20
5.43904
 10
3.04589
 20
5.44238
 10
3.04286
 20
5.44362
 10
3.03951
 20
5.44499
 10
3.02533
 20
5.44499
 10
3.01248
 20
5.44499
 10
3.00945
 20
5.44375
 10
3.00611
 20
5.44238
 10
3.00487
 20
5.43936
 10
3.00351
 20
5.43601
 10
3.00351
 20
5.41394
 10
3.00351
 20
5.39395
 10
3.00475
 20
5.39095
 10
3.00611
 20
5.38763
  0
LWPOLYLINE
  5
24A
330
17
100
AcDbEntity
  8
GIRIS_MOBILYA
100
AcDbPolyline
 90
24
 70
1
 38
4.6996
 10
3.04254
 20
6.19625
 10
3.04589
 20
6.19765
 10
3.04712
 20
6.20065
 10
3.04849
 20
6.20397
 10
3.04849
 20
6.22604
 10
3.04849
 20
6.24603
 10
3.04725
 20
6.24905
 10
3.04589
 20
6.2524
 10
3.04286
 20
6.25363
 10
3.03951
 20
6.255
 10
3.02533
 20
6.255
 10
3.01248
 20
6.255
 10
3.00945
 20
6.25376
 10
3.00611
 20
6.2524
 10
3.00487
 20
6.24937
 10
3.00351
 20
6.24603
 10
3.00351
 20
6.22396
 10
3.00351
 20
6.20397
 10
3.00475
 20
6.20096
 10
3.00611
 20
6.19765
 10
3.00914
 20
6.19638
 10
3.01248
 20
6.19499
 10
3.02667
 20
6.19499
 10
3.03951
 20
6.19499
  0
LWPOLYLINE
  5
24B
330
17
100
AcDbEntity
  8
GIRIS_MOBILYA
100
AcDbPolyline
 90
6
 70
1
 38
4.6996
 10
2.68856
 20
7.91119
 10
2.68945
 20
7.91198
 10
2.68946
 20
7.91209
 10
2.68922
 20
7.91288
 10
2.68828
 20
7.91193
 10
2.68853
 20
7.91116
  0
LWPOLYLINE
  5
24C
330
17
100
AcDbEntity
  8
GIRIS_MOBILYA
100
AcDbPolyline
 90
3
 70
1
 38
4.6996
 10
2.68732
 20
7.91453
 10
2.68826
 20
7.91554
 10
2.68659
 20
7.91683
  0
LWPOLYLINE
  5
24D
330
17
100
AcDbEntity
  8
GIRIS_MOBILYA
100
AcDbPolyline
 90
3
 70
1
 38
4.6996
 10
2.81319
 20
7.91681
 10
2.81462
 20
7.91652
 10
2.81461
 20
7.92021
  0
LWPOLYLINE
  5
24E
330
17
100
AcDbEntity
  8
GIRIS_MOBILYA
100
AcDbPolyline
 90
3
 70
1
 38
4.6996
 10
2.81461
 20
7.92021
 10
2.81722
 20
7.92689
 10
2.81854
 20
7.92603
  0
LWPOLYLINE
  5
24F
330
17
100
AcDbEntity
  8
GIRIS_MOBILYA
100
AcDbPolyline
 90
4
 70
1
 38
4.6996
 10
2.56852
 20
7.92496
 10
2.57021
 20
7.92439
 10
2.56945
 20
7.92226
 10
2.56891
 20
7.92392
  0
LWPOLYLINE
  5
250
330
17
100
AcDbEntity
  8
GIRIS_MOBILYA
100
AcDbPolyline
 90
3
 70
1
 38
4.6996
 10
2.70201
 20
7.92692
 10
2.70379
 20
7.92606
 10
2.70331
 20
7.93156
  0
LWPOLYLINE
  5
251
330
17
100
AcDbEntity
  8
GIRIS_MOBILYA
100
AcDbPolyline
 90
3
 70
1
 38
4.6996
 10
2.58987
 20
7.93684
 10
2.59499
 20
7.95417
 10
2.5962
 20
7.95391
  0
LWPOLYLINE
  5
252
330
17
100
AcDbEntity
  8
GIRIS_MOBILYA
100
AcDbPolyline
 90
3
 70
1
 38
4.6996
 10
2.78794
 20
7.95967
 10
2.78935
 20
7.96017
 10
2.7936
 20
7.94509
  0
LWPOLYLINE
  5
253
330
17
100
AcDbEntity
  8
GIRIS_MOBILYA
100
AcDbPolyline
 90
3
 70
1
 38
4.6996
 10
2.55796
 20
7.95967
 10
2.5594
 20
7.96015
 10
2.5615
 20
7.95312
  0
LWPOLYLINE
  5
254
330
17
100
AcDbEntity
  8
GIRIS_MOBILYA
100
AcDbPolyline
 90
4
 70
1
 38
4.6996
 10
2.77262
 20
7.96484
 10
2.77354
 20
7.96579
 10
2.77127
 20
7.96557
 10
2.77187
 20
7.9624
  0
LWPOLYLINE
  5
255
330
17
100
AcDbEntity
  8
GIRIS_MOBILYA
100
AcDbPolyline
 90
4
 70
1
 38
4.6996
 10
2.72663
 20
7.96899
 10
2.72663
 20
7.96895
 10
2.72684
 20
7.9683
 10
2.72782
 20
7.9692
  0
LWPOLYLINE
  5
256
330
17
100
AcDbEntity
  8
GIRIS_MOBILYA
100
AcDbPolyline
 90
4
 70
1
 38
4.6996
 10
2.66454
 20
7.97385
 10
2.66527
 20
7.97461
 10
2.66567
 20
7.97396
 10
2.6653
 20
7.97325
  0
TEXT
  5
259
330
17
100
AcDbEntity
  8
GIRIS_NOT
100
AcDbText
 10
-12.0
 20
14.0
 30
4.6996
 40
0.35
  1
GIRIS - kesit kotu 4.6996 m
100
AcDbText
  0
HATCH
  5
25B
330
17
100
AcDbEntity
  8
KAT1_DUVAR
 62
7
100
AcDbHatch
 10
0.0
 20
0.0
 30
7.9714
210
0.0
220
0.0
230
1.0
  2
ANSI31
 70
0
 71
0
 91
39
 92
3
 72
0
 73
1
 93
8
 10
-0.37135
 20
8.33739
 10
0.0589
 20
8.33739
 10
0.0589
 20
8.72286
 10
-0.00218
 20
8.66815
 10
-0.00678
 20
8.66403
 10
-0.3048
 20
8.39707
 10
-0.3045
 20
8.39672
 10
-0.30512
 20
8.39617
 97
0
 92
3
 72
0
 73
1
 93
951
 10
-0.38507
 20
8.33735
 10
-0.31132
 20
8.40356
 10
-0.31828
 20
8.41187
 10
-0.30996
 20
8.40479
 10
-0.27227
 20
8.43863
 10
-0.27642
 20
8.44317
 10
-0.06149
 20
8.64172
 10
-0.0204
 20
8.67869
 10
-0.01336
 20
8.6711
 10
0.0589
 20
8.73598
 10
0.0589
 20
9.2773
 10
0.0685
 20
9.2773
 10
0.0685
 20
9.2861
 10
1.3737
 20
9.2861
 10
1.3737
 20
9.33802
 10
2.06344
 20
9.33802
 10
2.06349
 20
9.2861
 10
3.3185
 20
9.2861
 10
3.3185
 20
9.2773
 10
3.327
 20
9.2773
 10
3.327
 20
6.64705
 10
3.64908
 20
6.64705
 10
3.76089
 20
6.64732
 10
3.76089
 20
6.64705
 10
3.76265
 20
6.62503
 10
3.76312
 20
6.62502
 10
3.76089
 20
6.54446
 10
3.76312
 20
6.52224
 10
3.76265
 20
6.52224
 10
3.76222
 20
6.52197
 10
3.76211
 20
6.52197
 10
3.76089
 20
6.52224
 10
3.64908
 20
6.52197
 10
3.61996
 20
6.52197
 10
3.61996
 20
6.46577
 10
3.76471
 20
6.46577
 10
3.75381
 20
6.44379
 10
3.75163
 20
6.43941
 10
3.74694
 20
6.43539
 10
3.72054
 20
6.41278
 10
3.71795
 20
6.41061
 10
3.68911
 20
6.38643
 10
3.67603
 20
6.36007
 10
3.68904
 20
6.33372
 10
3.7205
 20
6.30739
 10
3.72292
 20
6.30533
 10
3.75163
 20
6.28099
 10
3.75381
 20
6.2766
 10
3.76472
 20
6.25461
 10
3.75381
 20
6.23261
 10
3.75163
 20
6.22823
 10
3.74694
 20
6.22421
 10
3.72054
 20
6.2016
 10
3.71795
 20
6.19943
 10
3.68911
 20
6.17525
 10
3.67603
 20
6.14889
 10
3.68904
 20
6.12255
 10
3.72055
 20
6.09617
 10
3.72353
 20
6.09364
 10
3.75163
 20
6.06981
 10
3.756
 20
6.061
 10
3.8183
 20
6.061
 10
3.8183
 20
6.0522
 10
3.8271
 20
6.0522
 10
3.8271
 20
5.0523
 10
3.8183
 20
5.0523
 10
3.8183
 20
5.0429
 10
3.77424
 20
5.0429
 10
3.76345
 20
5.02147
 10
3.76492
 20
5.01855
 10
3.76198
 20
5.01855
 10
3.75385
 20
5.00241
 10
3.75168
 20
4.99801
 10
3.74692
 20
4.99405
 10
3.72024
 20
4.97184
 10
3.68902
 20
4.94552
 10
3.67613
 20
4.91899
 10
3.68898
 20
4.89255
 10
3.72014
 20
4.86629
 10
3.72314
 20
4.8638
 10
3.75174
 20
4.83987
 10
3.7539
 20
4.83547
 10
3.76196
 20
4.81945
 10
3.76471
 20
4.81945
 10
3.76335
 20
4.8167
 10
3.76494
 20
4.81353
 10
3.76178
 20
4.81353
 10
3.75381
 20
4.79748
 10
3.75163
 20
4.7931
 10
3.74695
 20
4.78912
 10
3.72054
 20
4.76673
 10
3.71796
 20
4.76455
 10
3.68911
 20
4.74037
 10
3.67603
 20
4.71401
 10
3.68904
 20
4.68767
 10
3.72052
 20
4.66131
 10
3.72351
 20
4.65878
 10
3.75163
 20
4.63493
 10
3.75381
 20
4.63054
 10
3.76181
 20
4.61441
 10
3.76495
 20
4.61441
 10
3.76337
 20
4.61127
 10
3.76471
 20
4.60857
 10
3.76201
 20
4.60857
 10
3.75385
 20
4.59237
 10
3.75168
 20
4.58797
 10
3.74694
 20
4.58404
 10
3.7205
 20
4.56195
 10
3.71791
 20
4.55976
 10
3.68902
 20
4.53548
 10
3.67613
 20
4.50895
 10
3.68898
 20
4.48251
 10
3.71985
 20
4.45676
 10
3.72283
 20
4.45426
 10
3.75174
 20
4.42983
 10
3.7539
 20
4.42543
 10
3.76197
 20
4.40939
 10
3.76495
 20
4.40939
 10
3.76345
 20
4.40645
 10
3.76494
 20
4.40349
 10
3.76195
 20
4.40349
 10
3.75383
 20
4.38753
 10
3.75166
 20
4.38317
 10
3.74693
 20
4.3792
 10
3.74281
 20
4.37572
 10
3.71767
 20
4.35461
 10
3.68901
 20
4.33036
 10
3.67613
 20
4.30393
 10
3.68898
 20
4.27749
 10
3.71985
 20
4.25174
 10
3.72283
 20
4.24924
 10
3.75174
 20
4.22481
 10
3.7539
 20
4.22041
 10
3.76189
 20
4.20454
 10
3.76471
 20
4.20454
 10
3.76331
 20
4.20171
 10
3.76494
 20
4.19847
 10
3.7617
 20
4.19847
 10
3.75163
 20
4.17818
 10
3.74695
 20
4.17421
 10
3.72054
 20
4.15182
 10
3.71795
 20
4.14964
 10
3.68911
 20
4.12546
 10
3.67603
 20
4.0991
 10
3.68904
 20
4.0725
 10
3.72049
 20
4.04617
 10
3.72348
 20
4.04364
 10
3.75163
 20
4.01976
 10
3.75381
 20
4.01538
 10
3.76169
 20
3.99949
 10
3.76471
 20
3.99949
 10
3.7632
 20
3.99644
 10
3.76471
 20
3.9934
 10
3.76169
 20
3.9934
 10
3.75381
 20
3.97751
 10
3.75163
 20
3.97313
 10
3.74695
 20
3.96915
 10
3.72054
 20
3.94676
 10
3.71796
 20
3.94458
 10
3.68911
 20
3.9204
 10
3.67603
 20
3.89404
 10
3.68904
 20
3.8677
 10
3.72052
 20
3.84134
 10
3.72351
 20
3.83881
 10
3.75163
 20
3.81496
 10
3.75381
 20
3.81058
 10
3.76182
 20
3.79443
 10
3.76471
 20
3.79443
 10
3.76327
 20
3.79152
 10
3.76471
 20
3.7886
 10
3.76182
 20
3.7886
 10
3.75381
 20
3.77246
 10
3.75163
 20
3.76807
 10
3.74695
 20
3.7641
 10
3.72054
 20
3.7417
 10
3.71795
 20
3.73953
 10
3.68911
 20
3.71535
 10
3.67603
 20
3.68899
 10
3.68904
 20
3.66264
 10
3.7205
 20
3.63631
 10
3.72348
 20
3.63378
 10
3.75163
 20
3.60991
 10
3.75381
 20
3.60552
 10
3.76179
 20
3.58943
 10
3.76471
 20
3.58943
 10
3.76325
 20
3.58649
 10
3.76471
 20
3.58355
 10
3.76179
 20
3.58355
 10
3.75381
 20
3.56745
 10
3.75163
 20
3.56307
 10
3.74695
 20
3.5591
 10
3.72055
 20
3.53671
 10
3.71796
 20
3.53453
 10
3.68911
 20
3.51035
 10
3.67595
 20
3.48395
 10
3.68904
 20
3.45764
 10
3.72055
 20
3.43126
 10
3.72353
 20
3.42873
 10
3.75163
 20
3.40491
 10
3.75381
 20
3.40052
 10
3.76471
 20
3.37855
 10
3.62015
 20
3.37859
 10
3.62014
 20
3.3572
 10
3.62014
 20
3.336
 10
4.3184
 20
3.336
 10
4.3184
 20
3.3274
 10
4.3269
 20
3.3274
 10
4.3269
 20
0.7274
 10
4.3184
 20
0.7274
 10
4.3184
 20
0.7179
 10
3.76399
 20
0.7179
 10
3.75381
 20
0.69739
 10
3.75163
 20
0.693
 10
3.74695
 20
0.68903
 10
3.72054
 20
0.66664
 10
3.71795
 20
0.66446
 10
3.68911
 20
0.64028
 10
3.67603
 20
0.61392
 10
3.68904
 20
0.58757
 10
3.7205
 20
0.56124
 10
3.72348
 20
0.55871
 10
3.75163
 20
0.53484
 10
3.75381
 20
0.53045
 10
3.76171
 20
0.51453
 10
3.76495
 20
0.51453
 10
3.76332
 20
0.51129
 10
3.76471
 20
0.50848
 10
3.7619
 20
0.50848
 10
3.75383
 20
0.49245
 10
3.75166
 20
0.48805
 10
3.74693
 20
0.48408
 10
3.74281
 20
0.4806
 10
3.71767
 20
0.45948
 10
3.68901
 20
0.43523
 10
3.67613
 20
0.40907
 10
3.68896
 20
0.38267
 10
3.7232
 20
0.35373
 10
3.75171
 20
0.3298
 10
3.76198
 20
0.3095
 10
3.76471
 20
0.3095
 10
3.76336
 20
0.30677
 10
3.76494
 20
0.30361
 10
3.76179
 20
0.30361
 10
3.75381
 20
0.28753
 10
3.75163
 20
0.28315
 10
3.74695
 20
0.27917
 10
3.72054
 20
0.25678
 10
3.71796
 20
0.2546
 10
3.68911
 20
0.23042
 10
3.67603
 20
0.20406
 10
3.68904
 20
0.17772
 10
3.72052
 20
0.15136
 10
3.72351
 20
0.14883
 10
3.75163
 20
0.12498
 10
3.75381
 20
0.12055
 10
3.7617
 20
0.10449
 10
3.76493
 20
0.10449
 10
3.7633
 20
0.10125
 10
3.76471
 20
0.09837
 10
3.76185
 20
0.09837
 10
3.75384
 20
0.08244
 10
3.75166
 20
0.07805
 10
3.74689
 20
0.07403
 10
3.72044
 20
0.05161
 10
3.68907
 20
0.02557
 10
3.67629
 20
-0.00107
 10
3.689
 20
-0.0274
 10
3.71778
 20
-0.05159
 10
3.72035
 20
-0.05375
 10
3.72278
 20
-0.05579
 10
3.75169
 20
-0.08027
 10
3.75385
 20
-0.08463
 10
3.76192
 20
-0.10053
 10
3.76495
 20
-0.10053
 10
3.76344
 20
-0.10353
 10
3.76492
 20
-0.10643
 10
3.76198
 20
-0.10643
 10
3.75385
 20
-0.12258
 10
3.75168
 20
-0.12697
 10
3.74694
 20
-0.13095
 10
3.72079
 20
-0.15301
 10
3.71818
 20
-0.15519
 10
3.68902
 20
-0.17947
 10
3.67613
 20
-0.20599
 10
3.68898
 20
-0.23243
 10
3.72015
 20
-0.2587
 10
3.72314
 20
-0.26119
 10
3.75174
 20
-0.28511
 10
3.7539
 20
-0.28952
 10
3.76622
 20
-0.314
 10
4.3184
 20
-0.314
 10
4.3184
 20
-0.3227
 10
4.3269
 20
-0.3227
 10
4.3269
 20
-4.2227
 10
4.3184
 20
-4.2227
 10
4.3184
 20
-4.2319
 10
3.88894
 20
-4.2319
 10
3.87898
 20
-4.25212
 10
3.82477
 20
-4.29792
 10
3.82038
 20
-4.30164
 10
3.8166
 20
-4.30486
 10
3.80377
 20
-4.331
 10
3.81666
 20
-4.3573
 10
3.82044
 20
-4.36052
 10
3.82485
 20
-4.36426
 10
3.87897
 20
-4.40986
 10
3.88238
 20
-4.4168
 10
3.89294
 20
-4.43822
 10
3.88845
 20
-4.44734
 10
3.87898
 20
-4.46656
 10
3.82477
 20
-4.51236
 10
3.82037
 20
-4.51608
 10
3.8166
 20
-4.5193
 10
3.80377
 20
-4.54544
 10
3.81666
 20
-4.57174
 10
3.82044
 20
-4.57496
 10
3.82485
 20
-4.5787
 10
3.87897
 20
-4.6243
 10
3.88847
 20
-4.64358
 10
3.89207
 20
-4.6509
 10
3.88845
 20
-4.65826
 10
3.87898
 20
-4.67748
 10
3.82477
 20
-4.72328
 10
3.82037
 20
-4.727
 10
3.8166
 20
-4.73022
 10
3.80377
 20
-4.75636
 10
3.81666
 20
-4.78266
 10
3.82044
 20
-4.78588
 10
3.82485
 20
-4.78962
 10
3.87897
 20
-4.83522
 10
3.88912
 20
-4.85583
 10
3.89214
 20
-4.85583
 10
3.89062
 20
-4.85887
 10
3.89207
 20
-4.86181
 10
3.88915
 20
-4.86181
 10
3.88241
 20
-4.87529
 10
3.87899
 20
-4.88227
 10
3.86497
 20
-4.89411
 10
3.84241
 20
-4.91323
 10
3.81677
 20
-4.93482
 10
3.80396
 20
-4.96129
 10
3.81676
 20
-4.98772
 10
3.82489
 20
-4.9946
 10
3.85398
 20
-5.01939
 10
3.87904
 20
-5.04066
 10
3.88245
 20
-5.04758
 10
3.89218
 20
-5.06688
 10
3.88845
 20
-5.07446
 10
3.87898
 20
-5.09367
 10
3.82477
 20
-5.13948
 10
3.82038
 20
-5.14319
 10
3.8166
 20
-5.14642
 10
3.80377
 20
-5.17255
 10
3.81667
 20
-5.19886
 10
3.82044
 20
-5.20208
 10
3.82485
 20
-5.20581
 10
3.87897
 20
-5.25141
 10
3.88912
 20
-5.27203
 10
3.89214
 20
-5.27203
 10
3.89062
 20
-5.27506
 10
3.89207
 20
-5.278
 10
3.88915
 20
-5.278
 10
3.88241
 20
-5.29148
 10
3.87899
 20
-5.29847
 10
3.86497
 20
-5.31031
 10
3.84241
 20
-5.32942
 10
3.81678
 20
-5.35102
 10
3.80396
 20
-5.37749
 10
3.81676
 20
-5.40391
 10
3.82487
 20
-5.41078
 10
3.85394
 20
-5.43555
 10
3.87899
 20
-5.45674
 10
3.88919
 20
-5.47705
 10
3.89214
 20
-5.47705
 10
3.89066
 20
-5.48001
 10
3.89212
 20
-5.48295
 10
3.88919
 20
-5.48295
 10
3.88241
 20
-5.4965
 10
3.87899
 20
-5.50349
 10
3.86497
 20
-5.51533
 10
3.84241
 20
-5.53444
 10
3.81678
 20
-5.55604
 10
3.80396
 20
-5.58251
 10
3.81676
 20
-5.60894
 10
3.82491
 20
-5.61581
 10
3.854
 20
-5.64059
 10
3.87906
 20
-5.66166
 10
3.88245
 20
-5.66861
 10
3.88918
 20
-5.68207
 10
3.89214
 20
-5.68207
 10
3.89066
 20
-5.68505
 10
3.89212
 20
-5.68797
 10
3.88923
 20
-5.68797
 10
3.87902
 20
-5.70848
 10
3.85397
 20
-5.72947
 10
3.82493
 20
-5.75415
 10
3.8168
 20
-5.761
 10
3.80396
 20
-5.78753
 10
3.81676
 20
-5.81395
 10
3.82491
 20
-5.82083
 10
3.854
 20
-5.84561
 10
3.87906
 20
-5.86668
 10
3.88245
 20
-5.87363
 10
3.88917
 20
-5.88708
 10
3.89214
 20
-5.88708
 10
3.89066
 20
-5.89006
 10
3.89212
 20
-5.89299
 10
3.88921
 20
-5.89299
 10
3.88247
 20
-5.90653
 10
3.879
 20
-5.91352
 10
3.87159
 20
-5.91977
 10
3.86507
 20
-5.9253
 10
3.84244
 20
-5.94422
 10
3.81681
 20
-5.96604
 10
3.80399
 20
-5.99254
 10
3.81677
 20
-6.01898
 10
3.82054
 20
-6.02216
 10
3.84783
 20
-6.04542
 10
3.87165
 20
-6.0654
 10
3.87903
 20
-6.07164
 10
3.88251
 20
-6.07864
 10
3.88922
 20
-6.09214
 10
3.89207
 20
-6.09214
 10
3.89065
 20
-6.09501
 10
3.89214
 20
-6.09801
 10
3.88918
 20
-6.09801
 10
3.87898
 20
-6.1187
 10
3.82477
 20
-6.1645
 10
3.82038
 20
-6.16822
 10
3.8166
 20
-6.17144
 10
3.80377
 20
-6.19758
 10
3.81667
 20
-6.22388
 10
3.82044
 20
-6.2271
 10
3.82485
 20
-6.23084
 10
3.87897
 20
-6.27644
 10
3.88847
 20
-6.29572
 10
3.89207
 20
-6.30303
 10
3.77062
 20
-6.30303
 10
3.77062
 20
-6.34753
 10
3.75862
 20
-6.34753
 10
3.75862
 20
-6.30603
 10
3.76462
 20
-6.30603
 10
3.76462
 20
-6.27644
 10
3.76462
 20
-6.23084
 10
3.76462
 20
-6.2271
 10
3.76462
 20
-6.22392
 10
3.76462
 20
-6.22105
 10
3.76462
 20
-6.19758
 10
3.76462
 20
-6.17424
 10
3.76462
 20
-6.17139
 10
3.76462
 20
-6.16822
 10
3.76462
 20
-6.1645
 10
3.76462
 20
-6.1187
 10
3.76462
 20
-6.09948
 10
3.76462
 20
-6.09716
 10
3.76462
 20
-6.07864
 10
3.76462
 20
-6.07164
 10
3.76462
 20
-6.0654
 10
3.76462
 20
-6.04542
 10
3.76462
 20
-6.02216
 10
3.76462
 20
-6.01898
 10
3.76462
 20
-5.99478
 10
3.76462
 20
-5.99254
 10
3.76462
 20
-5.9689
 10
3.76462
 20
-5.96604
 10
3.76462
 20
-5.94422
 10
3.76462
 20
-5.9253
 10
3.76462
 20
-5.91977
 10
3.76462
 20
-5.91352
 10
3.76462
 20
-5.90652
 10
3.76462
 20
-5.88708
 10
3.76462
 20
-5.87363
 10
3.76462
 20
-5.86668
 10
3.76462
 20
-5.84561
 10
3.76462
 20
-5.82083
 10
3.76462
 20
-5.81395
 10
3.76462
 20
-5.78976
 10
3.76462
 20
-5.78753
 10
3.76462
 20
-5.76388
 10
3.76462
 20
-5.761
 10
3.76462
 20
-5.75415
 10
3.76462
 20
-5.72947
 10
3.76462
 20
-5.70848
 10
3.76462
 20
-5.68941
 10
3.76462
 20
-5.68797
 10
3.76462
 20
-5.66861
 10
3.76462
 20
-5.66166
 10
3.76462
 20
-5.64059
 10
3.76462
 20
-5.61581
 10
3.76462
 20
-5.60894
 10
3.76462
 20
-5.58474
 10
3.76462
 20
-5.58251
 10
3.76462
 20
-5.55886
 10
3.76462
 20
-5.55603
 10
3.76462
 20
-5.53444
 10
3.76462
 20
-5.51533
 10
3.76462
 20
-5.50349
 10
3.76462
 20
-5.4965
 10
3.76462
 20
-5.48206
 10
3.76462
 20
-5.47562
 10
3.76462
 20
-5.45674
 10
3.76462
 20
-5.43555
 10
3.76462
 20
-5.41078
 10
3.76462
 20
-5.40391
 10
3.76461
 20
-5.37972
 10
3.76461
 20
-5.37749
 10
3.76461
 20
-5.35384
 10
3.76461
 20
-5.35101
 10
3.76461
 20
-5.32942
 10
3.76461
 20
-5.31031
 10
3.76461
 20
-5.29847
 10
3.76461
 20
-5.29148
 10
3.76461
 20
-5.27203
 10
3.76461
 20
-5.2707
 10
3.76461
 20
-5.25141
 10
3.76461
 20
-5.20581
 10
3.76461
 20
-5.20208
 10
3.76461
 20
-5.1989
 10
3.76461
 20
-5.19603
 10
3.76461
 20
-5.17255
 10
3.76461
 20
-5.14922
 10
3.76461
 20
-5.14637
 10
3.76461
 20
-5.14319
 10
3.76461
 20
-5.13948
 10
3.76461
 20
-5.09367
 10
3.76461
 20
-5.07446
 10
3.76461
 20
-5.06875
 10
3.76461
 20
-5.04758
 10
3.76461
 20
-5.04066
 10
3.76461
 20
-5.01939
 10
3.76461
 20
-4.9946
 10
3.76461
 20
-4.98772
 10
3.76461
 20
-4.98486
 10
3.76461
 20
-4.96129
 10
3.76461
 20
-4.93765
 10
3.76461
 20
-4.93482
 10
3.76461
 20
-4.91323
 10
3.76461
 20
-4.89411
 10
3.76461
 20
-4.88227
 10
3.76461
 20
-4.87529
 10
3.76461
 20
-4.86181
 10
3.76461
 20
-4.8545
 10
3.76461
 20
-4.83522
 10
3.76461
 20
-4.78962
 10
3.76461
 20
-4.78588
 10
3.76461
 20
-4.78271
 10
3.76461
 20
-4.77984
 10
3.76461
 20
-4.75636
 10
3.76461
 20
-4.73303
 10
3.76461
 20
-4.73017
 10
3.76461
 20
-4.727
 10
3.76461
 20
-4.72328
 10
3.76461
 20
-4.67748
 10
3.76461
 20
-4.65826
 10
3.76461
 20
-4.65289
 10
3.76461
 20
-4.65024
 10
3.76461
 20
-4.64892
 10
3.76461
 20
-4.64358
 10
3.76461
 20
-4.6243
 10
3.76461
 20
-4.5787
 10
3.76461
 20
-4.57496
 10
3.76461
 20
-4.57178
 10
3.76461
 20
-4.56891
 10
3.76461
 20
-4.54544
 10
3.76461
 20
-4.52211
 10
3.76461
 20
-4.51925
 10
3.76461
 20
-4.51608
 10
3.76461
 20
-4.51236
 10
3.76461
 20
-4.46656
 10
3.76461
 20
-4.44734
 10
3.76461
 20
-4.422
 10
3.76461
 20
-4.41679
 10
3.76461
 20
-4.40986
 10
3.76461
 20
-4.36426
 10
3.76461
 20
-4.36052
 10
3.76461
 20
-4.35734
 10
3.76461
 20
-4.35447
 10
3.76461
 20
-4.331
 10
3.76461
 20
-4.30766
 10
3.76461
 20
-4.30481
 10
3.76461
 20
-4.30164
 10
3.76461
 20
-4.29792
 10
3.76762
 20
-4.25372
 10
3.75861
 20
-4.25372
 10
3.75861
 20
-4.2319
 10
1.56551
 20
-4.2319
 10
1.56551
 20
-5.99943
 10
1.56551
 20
-6.00582
 10
1.56552
 20
-6.01901
 10
1.56552
 20
-6.03546
 10
1.56552
 20
-6.04933
 10
1.56552
 20
-6.07156
 10
1.56552
 20
-6.07605
 10
1.56552
 20
-6.0921
 10
1.56552
 20
-6.11382
 10
1.56552
 20
-6.11826
 10
1.56552
 20
-6.12082
 10
1.56552
 20
-6.12381
 10
1.56552
 20
-6.1493
 10
1.56553
 20
-6.17112
 10
1.56553
 20
-6.19085
 10
1.56553
 20
-6.19766
 10
1.56553
 20
-6.30603
 10
1.57153
 20
-6.30603
 10
1.57153
 20
-6.348
 10
1.55953
 20
-6.348
 10
1.55953
 20
-6.30303
 10
1.45533
 20
-6.30303
 10
1.46624
 20
-6.28108
 10
1.46849
 20
-6.27659
 10
1.49475
 20
-6.25413
 10
1.51792
 20
-6.23475
 10
1.52382
 20
-6.22972
 10
1.53066
 20
-6.224
 10
1.54367
 20
-6.19759
 10
1.53051
 20
-6.17112
 10
1.50488
 20
-6.1493
 10
1.47499
 20
-6.12382
 10
1.47143
 20
-6.12083
 10
1.46842
 20
-6.11826
 10
1.46618
 20
-6.11383
 10
1.45827
 20
-6.09801
 10
1.45533
 20
-6.09801
 10
1.4568
 20
-6.09505
 10
1.45533
 20
-6.0921
 10
1.45826
 20
-6.0921
 10
1.46624
 20
-6.07606
 10
1.46849
 20
-6.07157
 10
1.49475
 20
-6.04933
 10
1.51126
 20
-6.03546
 10
1.5306
 20
-6.01901
 10
1.53723
 20
-6.00582
 10
1.54362
 20
-5.99247
 10
1.5305
 20
-5.9661
 10
1.50488
 20
-5.94428
 10
1.47498
 20
-5.91902
 10
1.47143
 20
-5.91604
 10
1.46842
 20
-5.9135
 10
1.46618
 20
-5.90902
 10
1.45825
 20
-5.89299
 10
1.45533
 20
-5.89299
 10
1.45679
 20
-5.89004
 10
1.45533
 20
-5.88708
 10
1.45826
 20
-5.88708
 10
1.46624
 20
-5.87104
 10
1.46849
 20
-5.86655
 10
1.49475
 20
-5.84432
 10
1.51123
 20
-5.83047
 10
1.5306
 20
-5.81399
 10
1.53724
 20
-5.80077
 10
1.54362
 20
-5.78745
 10
1.5305
 20
-5.76108
 10
1.50488
 20
-5.73926
 10
1.47498
 20
-5.714
 10
1.47143
 20
-5.71101
 10
1.46842
 20
-5.70848
 10
1.46618
 20
-5.704
 10
1.4553
 20
-5.68201
 10
1.46624
 20
-5.66001
 10
1.46849
 20
-5.65552
 10
1.49475
 20
-5.63328
 10
1.51123
 20
-5.61943
 10
1.5306
 20
-5.60295
 10
1.53724
 20
-5.58974
 10
1.54362
 20
-5.57641
 10
1.5305
 20
-5.55004
 10
1.50488
 20
-5.52822
 10
1.47498
 20
-5.50297
 10
1.47143
 20
-5.49998
 10
1.46842
 20
-5.49744
 10
1.46147
 20
-5.48358
 10
1.45533
 20
-5.48358
 10
1.45844
 20
-5.47732
 10
1.45533
 20
-5.47103
 10
1.46151
 20
-5.47103
 10
1.46849
 20
-5.45714
 10
1.49475
 20
-5.43491
 10
1.51124
 20
-5.42105
 10
1.5306
 20
-5.40458
 10
1.53724
 20
-5.39137
 10
1.54362
 20
-5.37804
 10
1.5305
 20
-5.35167
 10
1.50488
 20
-5.32985
 10
1.47498
 20
-5.30459
 10
1.47143
 20
-5.30161
 10
1.46842
 20
-5.29907
 10
1.46618
 20
-5.29459
 10
1.4542
 20
-5.27039
 10
1.47787
 20
-5.22278
 10
1.2685
 20
-5.2228
 10
1.2685
 20
-5.232
 10
0.22379
 20
-5.232
 10
0.22379
 20
-5.28242
 10
0.15913
 20
-5.28242
 10
0.22718
 20
-5.34007
 10
0.22514
 20
-5.34227
 10
0.25929
 20
-5.37136
 10
0.28235
 20
-5.39122
 10
0.3201
 20
-5.42351
 10
0.37199
 20
-5.46708
 10
0.40082
 20
-5.49142
 10
0.48344
 20
-5.56146
 10
0.52957
 20
-5.60054
 10
0.53197
 20
-5.5983
 10
0.60821
 20
-5.66289
 10
0.60291
 20
-5.66925
 10
0.52776
 20
-5.60315
 10
0.51917
 20
-5.61306
 10
0.26276
 20
-5.39635
 10
0.21387
 20
-5.35441
 10
0.22109
 20
-5.34664
 10
0.14508
 20
-5.28242
 10
0.14452
 20
-5.28242
 10
0.14452
 20
-5.232
 10
0.08705
 20
-5.232
 10
0.08705
 20
-5.64756
 10
0.10187
 20
-5.64756
 10
0.1025
 20
-5.64819
 10
0.10355
 20
-5.64924
 10
0.10355
 20
-5.69127
 10
0.10292
 20
-5.6919
 10
0.10271
 20
-5.69211
 10
0.10208
 20
-5.69274
 10
0.10187
 20
-5.69295
 10
0.06237
 20
-5.69295
 10
0.06174
 20
-5.69232
 10
0.06152
 20
-5.69211
 10
0.06152
 20
-5.6484
 10
0.06215
 20
-5.64777
 10
0.06237
 20
-5.64756
 10
0.07696
 20
-5.64756
 10
0.07696
 20
-5.20463
 10
0.06152
 20
-5.20463
 10
0.06152
 20
-5.16009
 10
0.0883
 20
-5.16009
 10
0.0883
 20
-5.014
 10
0.134
 20
-5.014
 10
0.134
 20
-4.9927
 10
0.1434
 20
-4.9927
 10
0.1434
 20
-4.9841
 10
1.029
 20
-4.9841
 10
1.029
 20
-3.9926
 10
1.0385
 20
-3.9926
 10
1.0385
 20
-3.984
 10
1.729
 20
-3.984
 10
1.729
 20
-1.662
 10
1.0474
 20
-1.662
 10
1.0474
 20
-1.67212
 10
0.97176
 20
-1.67212
 10
0.97176
 20
-1.662
 10
0.9688
 20
-1.662
 10
0.96878
 20
-1.65282
 10
0.95159
 20
-1.6528
 10
0.95159
 20
-1.49226
 10
0.9688
 20
-1.49226
 10
0.9688
 20
-1.4839
 10
0.97176
 20
-1.4839
 10
0.97176
 20
-1.47209
 10
1.0474
 20
-1.47209
 10
1.0474
 20
-1.4839
 10
1.7265
 20
-1.4839
 10
1.7265
 20
-1.47545
 10
1.729
 20
-1.47545
 10
1.729
 20
-1.4731
 10
1.7384
 20
-1.4731
 10
1.7384
 20
-1.4639
 10
1.74667
 20
-1.4639
 10
1.74667
 20
-1.45528
 10
1.8988
 20
-1.45528
 10
1.8988
 20
-1.4609
 10
1.8999
 20
-1.4609
 10
1.8999
 20
-1.47
 10
1.9085
 20
-1.47
 10
1.9085
 20
-1.47545
 10
1.91897
 20
-1.47545
 10
1.91897
 20
-1.55025
 10
1.9085
 20
-1.55025
 10
1.9085
 20
-3.9809
 10
4.0773
 20
-3.9809
 10
4.0773
 20
-0.5642
 10
2.71574
 20
-0.5642
 10
2.71574
 20
-0.5938
 10
1.82316
 20
-0.5938
 10
1.82316
 20
-0.59043
 10
1.74667
 20
-0.59043
 10
1.74667
 20
-0.583
 10
1.7384
 20
-0.583
 10
1.7384
 20
-0.573
 10
1.729
 20
-0.573
 10
1.729
 20
-0.57026
 10
1.7265
 20
-0.57026
 10
1.7265
 20
-0.49546
 10
1.729
 20
-0.49546
 10
1.729
 20
-0.3926
 10
1.7384
 20
-0.3926
 10
1.7384
 20
-0.384
 10
2.9291
 20
-0.384
 10
2.9291
 20
0.9573
 10
2.9383
 20
0.9573
 10
2.9383
 20
0.9661
 10
4.0789
 20
0.9661
 10
4.0789
 20
3.088
 10
0.0679
 20
3.088
 10
0.0679
 20
3.0972
 10
0.0589
 20
3.0972
 10
0.0589
 20
3.12782
 10
0.05144
 20
3.12782
 10
0.05144
 20
3.33373
 10
0.0589
 20
3.33373
 10
0.0589
 20
3.3574
 10
0.0679
 20
3.3574
 10
0.0679
 20
3.3659
 10
0.1291
 20
3.3659
 10
0.1291
 20
5.0773
 10
0.1385
 20
5.07732
 10
0.1385
 20
5.0861
 10
0.1684
 20
5.0861
 10
0.1684
 20
5.07732
 10
0.2684
 20
5.07732
 10
0.2684
 20
5.0861
 10
0.2983
 20
5.0861
 10
0.2983
 20
5.0773
 10
0.3069
 20
5.0773
 10
0.3069
 20
3.3659
 10
3.0791
 20
3.3659
 10
3.0791
 20
5.938
 10
2.1685
 20
5.938
 10
2.16849
 20
5.9472
 10
2.1591
 20
5.9472
 10
2.1591
 20
5.97786
 10
2.15178
 20
5.97786
 10
2.15178
 20
6.07788
 10
2.1591
 20
6.07788
 10
2.1591
 20
6.1073
 10
2.1685
 20
6.1073
 10
2.1685
 20
6.1161
 10
3.0791
 20
6.1161
 10
3.079
 20
6.154
 10
3.079
 20
8.72549
 10
2.93539
 20
8.72549
 10
2.92801
 20
8.70582
 10
2.92613
 20
8.70079
 10
2.90039
 20
8.71041
 10
2.90039
 20
8.69049
 10
2.76038
 20
8.69049
 10
2.76038
 20
8.71006
 10
2.73568
 20
8.70079
 10
2.73406
 20
8.70511
 10
2.7283
 20
8.72046
 10
2.72641
 20
8.72549
 10
2.72641
 20
8.77491
 10
2.72848
 20
8.78043
 10
2.73379
 20
8.79459
 10
2.73568
 20
8.79961
 10
2.76038
 20
8.79034
 10
2.76038
 20
9.0379
 10
2.0635
 20
9.0379
 10
2.06349
 20
9.048
 10
2.0541
 20
9.048
 10
2.0541
 20
9.0662
 10
2.054
 20
9.0773
 10
2.054
 20
9.15684
 10
1.3819
 20
9.15684
 10
1.3819
 20
9.0773
 10
1.3821
 20
9.0773
 10
1.3821
 20
9.048
 10
1.3735
 20
9.048
 10
1.3735
 20
9.0379
 10
0.3071
 20
9.0379
 10
0.3071
 20
6.154
 10
0.3069
 20
6.154
 10
0.3069
 20
6.1161
 10
1.34829
 20
6.1161
 10
1.34829
 20
6.82086
 10
1.39031
 20
6.82086
 10
1.39031
 20
6.02745
 10
1.38695
 20
6.02745
 10
1.38695
 20
5.97786
 10
1.3771
 20
5.97786
 10
1.3771
 20
5.9472
 10
1.36988
 20
5.9472
 10
1.36905
 20
5.938
 10
0.3069
 20
5.938
 10
0.3069
 20
5.8773
 10
0.30109
 20
5.8773
 10
0.29956
 20
5.8681
 10
0.2684
 20
5.8681
 10
0.2684
 20
5.87727
 10
0.24513
 20
5.87722
 10
0.1684
 20
5.87706
 10
0.1684
 20
5.8681
 10
0.1385
 20
5.8681
 10
0.1385
 20
5.87611
 10
0.1291
 20
5.87674
 10
0.1291
 20
8.0379
 10
-0.3865
 20
8.0379
 10
-0.3865
 20
8.0473
 10
-0.3959
 20
8.0473
 10
-0.3959
 20
8.0774
 10
-0.396
 20
8.0774
 10
-0.396
 20
8.17018
 10
-0.4414
 20
8.17018
 10
-0.44207
 20
8.17085
 10
-0.44222
 20
8.171
 10
-0.44222
 20
8.17182
 10
-0.44304
 20
8.17264
 10
-0.44304
 20
8.21091
 10
-0.46518
 20
8.2079
 10
-0.46682
 20
8.2079
 10
-0.46832
 20
8.2094
 10
-0.46954
 20
8.21782
 10
-0.47584
 20
8.2612
 10
-0.47502
 20
8.26202
 10
-0.47502
 20
8.26284
 10
-0.47432
 20
8.26354
 10
-0.4742
 20
8.26366
 10
-0.4728
 20
8.26436
 10
-0.45878
 20
8.27137
 10
-0.47222
 20
8.36721
 10
-0.51626
 20
8.68104
 10
-0.53324
 20
8.68104
 10
-0.53406
 20
8.68186
 10
-0.53488
 20
8.68268
 10
-0.53488
 20
8.6835
 10
-0.53596
 20
8.69096
 10
-0.54226
 20
8.73434
 10
-0.54226
 20
8.73516
 10
-0.54144
 20
8.73598
 10
-0.54144
 20
8.7368
 10
-0.54074
 20
8.7375
 10
-0.54062
 20
8.73762
 10
-0.53898
 20
8.73762
 10
-0.5338
 20
8.73835
 10
-0.50372
 20
8.74254
 10
-0.50208
 20
8.74254
 10
-0.50126
 20
8.74172
 10
-0.50056
 20
8.74102
 10
-0.50044
 20
8.7409
 10
-0.50044
 20
8.74008
 10
-0.49935
 20
8.73262
 10
-0.49306
 20
8.68924
 10
-0.49306
 20
8.68842
 10
-0.49388
 20
8.6876
 10
-0.49388
 20
8.68678
 10
-0.4947
 20
8.68596
 10
-0.51115
 20
8.68596
 10
-0.49669
 20
8.58294
 10
-0.45685
 20
8.286
 10
-0.36713
 20
8.286
 10
-0.36713
 20
8.31521
 10
-0.38175
 20
8.33225
 97
0
 92
3
 72
0
 73
1
 93
10
 10
0.0769
 20
9.2681
 10
0.0769
 20
9.0773
 10
0.2684
 20
9.0773
 10
0.2684
 20
9.2681
 10
3.11846
 20
9.2681
 10
3.11846
 20
9.0861
 10
3.1185
 20
9.0861
 10
3.1185
 20
9.0773
 10
3.309
 20
9.0773
 10
3.309
 20
9.2681
 97
0
 92
3
 72
0
 73
1
 93
4
 10
1.0685
 20
-5.0228
 10
1.0685
 20
-5.214
 10
1.2591
 20
-5.214
 10
1.2591
 20
-5.0228
 97
0
 92
3
 72
0
 73
1
 93
8
 10
1.7683
 20
-4.02274
 10
1.7683
 20
-4.2139
 10
1.8683
 20
-4.2139
 10
1.8683
 20
-4.02274
 10
4.1185
 20
-4.02274
 10
4.1185
 20
-4.2139
 10
4.3089
 20
-4.2139
 10
4.3089
 20
-4.02274
 97
0
 92
3
 72
0
 73
1
 93
6
 10
2.96844
 20
-0.4227
 10
2.96844
 20
-0.514
 10
3.16847
 20
-0.514
 10
3.16847
 20
-0.32275
 10
2.977
 20
-0.32275
 10
2.977
 20
-0.4227
 97
0
 92
3
 72
0
 73
1
 93
6
 10
4.11845
 20
-0.332
 10
4.11845
 20
-0.514
 10
4.1185
 20
-0.514
 10
4.1185
 20
-0.52277
 10
4.3089
 20
-0.52277
 10
4.3089
 20
-0.332
 97
0
 92
3
 72
0
 73
1
 93
4
 10
4.11845
 20
0.92738
 10
4.11845
 20
0.7359
 10
4.3089
 20
0.7359
 10
4.3089
 20
0.92738
 97
0
 92
3
 72
0
 73
1
 93
5
 10
4.11845
 20
3.318
 10
4.1185
 20
3.12746
 10
4.14497
 20
3.12737
 10
4.3089
 20
3.12737
 10
4.3089
 20
3.318
 97
0
 92
3
 72
0
 73
1
 93
48
 10
3.67862
 20
5.11887
 10
3.68896
 20
5.09757
 10
3.72044
 20
5.07115
 10
3.72344
 20
5.06866
 10
3.73269
 20
5.0609
 10
3.8091
 20
5.0609
 10
3.8091
 20
6.043
 10
3.76144
 20
6.043
 10
3.75381
 20
6.02761
 10
3.75163
 20
6.02323
 10
3.74695
 20
6.01921
 10
3.72054
 20
5.99661
 10
3.71796
 20
5.99443
 10
3.68213
 20
5.9644
 10
3.75163
 20
5.86481
 10
3.75352
 20
5.861
 10
3.76495
 20
5.84453
 10
3.76331
 20
5.84128
 10
3.76801
 20
5.8318
 10
3.74694
 20
5.81412
 10
3.74285
 20
5.81065
 10
3.71355
 20
5.78602
 10
3.76471
 20
5.63942
 10
3.76361
 20
5.63721
 10
3.76734
 20
5.62639
 10
3.74695
 20
5.60909
 10
3.72054
 20
5.5867
 10
3.71795
 20
5.58452
 10
3.68911
 20
5.56034
 10
3.68237
 20
5.54675
 10
3.67981
 20
5.52632
 10
3.68904
 20
5.50764
 10
3.72049
 20
5.4813
 10
3.72347
 20
5.47877
 10
3.76739
 20
5.44153
 10
3.76345
 20
5.43108
 10
3.76471
 20
5.42854
 10
3.70983
 20
5.28523
 10
3.72055
 20
5.27626
 10
3.72353
 20
5.27372
 10
3.75163
 20
5.2499
 10
3.76296
 20
5.22706
 10
3.76493
 20
5.22947
 10
3.76334
 20
5.22631
 10
3.76471
 20
5.22354
 10
3.7578
 20
5.2153
 10
3.75384
 20
5.20743
 10
3.75166
 20
5.20303
 97
0
 92
3
 72
0
 73
1
 93
4
 10
0.177
 20
6.07737
 10
0.177
 20
5.97732
 10
0.2684
 20
5.97732
 10
0.2684
 20
6.07737
 97
0
 92
3
 72
0
 73
1
 93
7
 10
0.0684
 20
8.2772
 10
0.0684
 20
8.086
 10
0.1684
 20
8.086
 10
0.1684
 20
8.0774
 10
0.19495
 20
8.07725
 10
0.259
 20
8.07725
 10
0.259
 20
8.2772
 97
0
 92
3
 72
0
 73
1
 93
7
 10
3.76948
 20
-6.40993
 10
3.76948
 20
-6.47273
 10
3.77026
 20
-6.47273
 10
3.77082
 20
-6.473
 10
3.77096
 20
-6.473
 10
3.77124
 20
-6.47273
 10
3.77096
 20
-6.40993
 97
0
 92
3
 72
0
 73
1
 93
6
 10
3.02614
 20
1.92735
 10
3.17087
 20
1.92735
 10
3.17087
 20
1.92678
 10
3.17144
 20
1.92678
 10
3.17087
 20
1.42677
 10
3.02614
 20
1.42677
 97
0
 92
3
 72
0
 73
1
 93
4
 10
-0.0006
 20
10.402
 10
0.3275
 20
10.402
 10
0.3275
 20
10.0739
 10
-0.0006
 20
10.0739
 97
0
 92
3
 72
0
 73
1
 93
4
 10
-2.173
 20
-5.0228
 10
-2.173
 20
-5.214
 10
-1.9817
 20
-5.214
 10
-1.9817
 20
-5.0228
 97
0
 92
3
 72
0
 73
1
 93
159
 10
-2.66095
 20
-4.31276
 10
-2.65996
 20
-4.30389
 10
-2.59636
 20
-4.30919
 10
-2.59742
 20
-4.31873
 10
-2.59725
 20
-4.32619
 10
-2.59742
 20
-4.32933
 10
-2.66075
 20
-4.32338
 10
-2.66219
 20
-4.32547
 10
-2.78929
 20
-4.31301
 10
-2.78973
 20
-4.31337
 10
-2.7954
 20
-4.31054
 10
-2.91832
 20
-4.29919
 10
-2.91624
 20
-4.28879
 10
-2.98063
 20
-4.28274
 10
-2.98026
 20
-4.27539
 10
-2.9801
 20
-4.27209
 10
-2.9624
 20
-4.2738
 10
-2.9624
 20
-4.2319
 10
-3.04922
 20
-4.2319
 10
-3.06118
 20
-4.31716
 10
-3.1058
 20
-4.63512
 10
-3.08921
 20
-4.63512
 10
-3.08839
 20
-4.63594
 10
-3.08839
 20
-4.63676
 10
-3.08757
 20
-4.63758
 10
-3.08757
 20
-4.6384
 10
-3.08865
 20
-4.64586
 10
-3.09495
 20
-4.68924
 10
-3.09495
 20
-4.69006
 10
-3.09659
 20
-4.6917
 10
-3.09823
 20
-4.6917
 10
-3.10353
 20
-4.69098
 10
-3.13431
 20
-4.68678
 10
-3.13513
 20
-4.68678
 10
-3.13595
 20
-4.68596
 10
-3.13595
 20
-4.68514
 10
-3.13677
 20
-4.68432
 10
-3.13677
 20
-4.6835
 10
-3.13569
 20
-4.67604
 10
-3.12939
 20
-4.63266
 10
-3.12939
 20
-4.63184
 10
-3.12857
 20
-4.63102
 10
-3.12787
 20
-4.63032
 10
-3.12775
 20
-4.6302
 10
-3.10999
 20
-4.6302
 10
-3.09703
 20
-4.53127
 10
-3.05275
 20
-4.2157
 10
-3.06953
 20
-4.21341
 10
-3.06953
 20
-4.21199
 10
-3.07035
 20
-4.21117
 10
-3.07035
 20
-4.21035
 10
-3.06927
 20
-4.20289
 10
-3.06297
 20
-4.15951
 10
-3.06297
 20
-4.15869
 10
-3.06133
 20
-4.15705
 10
-3.05969
 20
-4.15705
 10
-3.03755
 20
-4.16006
 10
-3.03755
 20
-4.12179
 10
-3.03673
 20
-4.12097
 10
-3.03673
 20
-4.12015
 10
-3.03606
 20
-4.11948
 10
-3.03591
 20
-4.11933
 10
-2.9909
 20
-4.11933
 10
-2.9909
 20
-3.9926
 10
-2.9815
 20
-3.9926
 10
-2.9815
 20
-3.984
 10
-2.1211
 20
-3.984
 10
-2.1211
 20
-1.4927
 10
-2.1116
 20
-1.4927
 10
-2.1116
 20
-1.4839
 10
-1.23112
 20
-1.4839
 10
-1.23112
 20
-1.42587
 10
-1.2211
 20
-1.42587
 10
-1.2211
 20
-1.4233
 10
-1.2116
 20
-1.42327
 10
-1.2116
 20
-1.4139
 10
-1.21095
 20
-1.4139
 10
-1.21095
 20
-1.40569
 10
-0.9504
 20
-1.40569
 10
-0.9504
 20
-1.4233
 10
-0.9429
 20
-1.4233
 10
-0.9429
 20
-1.42587
 10
-0.93107
 20
-1.42587
 10
-0.93107
 20
-1.4839
 10
-0.00823
 20
-1.4839
 10
-0.00823
 20
-1.47209
 10
0.06657
 20
-1.47209
 10
0.06657
 20
-1.4839
 10
0.0688
 20
-1.4839
 10
0.0688
 20
-1.49226
 10
0.08674
 20
-1.49226
 10
0.08674
 20
-1.57211
 10
0.0901
 20
-1.57211
 10
0.0901
 20
-2.46553
 10
0.04808
 20
-2.46553
 10
0.04808
 20
-1.67212
 10
-0.00823
 20
-1.67212
 10
-0.00823
 20
-1.662
 10
-1.943
 20
-1.662
 10
-1.943
 20
-4.9841
 10
-1.0565
 20
-4.9841
 10
-1.0565
 20
-4.9927
 10
-1.0479
 20
-4.9927
 10
-1.0479
 20
-5.014
 10
-1.0016
 20
-5.014
 10
-1.0016
 20
-5.114
 10
-1.00083
 20
-5.11554
 10
-1.00083
 20
-5.16009
 10
-0.97394
 20
-5.16009
 10
-0.97331
 20
-5.16072
 10
-0.9731
 20
-5.16093
 10
-0.9731
 20
-5.20295
 10
-0.97373
 20
-5.20421
 10
-0.97394
 20
-5.20463
 10
-0.98926
 20
-5.20463
 10
-0.98926
 20
-5.64756
 10
-0.97478
 20
-5.64756
 10
-0.97415
 20
-5.64819
 10
-0.97394
 20
-5.6484
 10
-0.97331
 20
-5.64903
 10
-0.9731
 20
-5.64924
 10
-0.9731
 20
-5.69127
 10
-0.97373
 20
-5.6919
 10
-0.97394
 20
-5.69211
 10
-0.97457
 20
-5.69274
 10
-0.97478
 20
-5.69295
 10
-1.01344
 20
-5.69295
 10
-1.01428
 20
-5.69211
 10
-1.01491
 20
-5.69148
 10
-1.01512
 20
-5.69127
 10
-1.01512
 20
-5.64924
 10
-1.01449
 20
-5.64861
 10
-1.01428
 20
-5.6484
 10
-1.01365
 20
-5.64777
 10
-1.01344
 20
-5.64756
 10
-0.99935
 20
-5.64756
 10
-0.99935
 20
-5.232
 10
-1.05584
 20
-5.232
 10
-1.05584
 20
-5.28168
 10
-1.05546
 20
-5.28254
 10
-1.14663
 20
-5.32492
 10
-1.14301
 20
-5.33321
 10
-1.1999
 20
-5.36021
 10
-1.50449
 20
-5.50282
 10
-1.5946
 20
-5.54522
 10
-1.5972
 20
-5.54031
 10
-1.5997
 20
-5.53559
 10
-1.50893
 20
-5.49338
 10
-1.20366
 20
-5.35144
 10
-1.15043
 20
-5.32669
 10
-1.15043
 20
-5.31625
 10
-1.13614
 20
-5.3096
 10
-1.13614
 20
-5.232
 10
-2.1816
 20
-5.232
 10
-2.1816
 20
-5.2228
 10
-2.191
 20
-5.2228
 10
-2.191
 20
-4.2319
 10
-2.88108
 20
-4.2319
 10
-2.88108
 20
-4.29209
 97
0
 92
3
 72
0
 73
1
 93
6
 10
-2.18161
 20
-4.04388
 10
-2.1816
 20
-4.22268
 10
-1.9911
 20
-4.22268
 10
-1.9911
 20
-4.02274
 10
-2.08153
 20
-4.02274
 10
-2.08045
 20
-4.03194
 97
0
 92
3
 72
0
 73
1
 93
4
 10
-5.2229
 20
3.9772
 10
-5.2229
 20
3.8774
 10
-5.03152
 20
3.8774
 10
-5.03152
 20
3.9772
 97
0
 92
3
 72
0
 73
1
 93
4
 10
-5.2229
 20
8.268
 10
-5.2229
 20
8.0774
 10
-5.03152
 20
8.0774
 10
-5.03152
 20
8.268
 97
0
 92
3
 72
0
 73
1
 93
74
 10
-5.2409
 20
8.2772
 10
-5.2317
 20
8.2772
 10
-5.2317
 20
8.286
 10
-4.34086
 20
8.286
 10
-4.34086
 20
8.33739
 10
-4.26056
 20
8.33739
 10
-4.26056
 20
8.286
 10
-4.2066
 20
8.286
 10
-4.20658
 20
8.27698
 10
-4.2066
 20
8.18454
 10
-4.2066
 20
8.183
 10
-4.21114
 20
8.183
 10
-4.21114
 20
8.15826
 10
-4.2529
 20
8.15826
 10
-4.2529
 20
8.0473
 10
-4.26123
 20
8.0473
 10
-4.26148
 20
8.0379
 10
-4.993
 20
8.0379
 10
-4.993
 20
4.0164
 10
-3.4721
 20
4.0164
 10
-3.47209
 20
4.0159
 10
-0.9515
 20
4.0159
 10
-0.9515
 20
4.0074
 10
-0.9429
 20
4.0074
 10
-0.9429
 20
3.3659
 10
-0.85207
 20
3.3659
 10
-0.85207
 20
4.12378
 10
-0.81005
 20
4.12378
 10
-0.81005
 20
3.23036
 10
-0.81341
 20
3.23036
 10
-0.81341
 20
3.12782
 10
-0.8231
 20
3.12782
 10
-0.8231
 20
3.0972
 10
-0.832
 20
3.097
 10
-0.832
 20
3.088
 10
-1.2116
 20
3.088
 10
-1.21163
 20
3.0972
 10
-1.2211
 20
3.0972
 10
-1.2211
 20
3.838
 10
-4.993
 20
3.838
 10
-4.993
 20
3.2973
 10
-5.0016
 20
3.2973
 10
-5.0016
 20
3.2879
 10
-5.9931
 20
3.2879
 10
-5.9931
 20
2.9273
 10
-6.0017
 20
2.9273
 10
-6.0017
 20
2.918
 10
-6.023
 20
2.918
 10
-6.023
 20
2.8723
 10
-6.03198
 20
2.87225
 10
-6.14544
 20
2.87225
 10
-6.14544
 20
2.82715
 10
-6.17089
 20
2.82715
 10
-6.17089
 20
2.87224
 10
-6.241
 20
2.87229
 10
-6.241
 20
2.92725
 10
-6.24509
 20
2.9268
 10
-6.27835
 20
3.15246
 10
-6.37265
 20
3.79181
 10
-6.3776
 20
3.82467
 10
-6.37745
 20
3.82469
 10
-6.3776
 20
3.82573
 10
-6.37045
 20
3.82546
 10
-6.36806
 20
3.82573
 10
-6.36083
 20
3.77672
 10
-6.36207
 20
3.77647
 10
-6.33479
 20
3.60006
 10
-6.26384
 20
3.11873
 10
-6.241
 20
3.1204
 10
-6.241
 20
3.5274
 10
-6.2316
 20
3.5274
 10
-6.2316
 20
3.536
 10
-5.54573
 20
3.536
 10
-5.2409
 20
3.54
 97
0
 92
3
 72
0
 73
1
 93
4
 10
-6.223
 20
3.518
 10
-6.223
 20
3.3274
 10
-6.0316
 20
3.3274
 10
-6.0316
 20
3.518
 97
0
 92
3
 72
0
 73
1
 93
3
 10
-4.35348
 20
8.37105
 10
-4.35271
 20
8.37643
 10
-4.35542
 20
8.37192
 97
0
 92
3
 72
0
 73
1
 93
3
 10
-4.35271
 20
8.37646
 10
-4.35262
 20
8.37709
 10
-4.35297
 20
8.37698
 97
0
 92
3
 72
0
 73
1
 93
9
 10
-2.6816
 20
0.1773
 10
-1.1815
 20
0.1773
 10
-1.1815
 20
0.07732
 10
-1.15491
 20
0.07729
 10
-0.9911
 20
0.07729
 10
-0.9911
 20
0.1773
 10
-2.88168
 20
0.1773
 10
-2.88168
 20
0.0861
 10
-2.68161
 20
0.0861
 97
0
 92
3
 72
0
 73
1
 93
8
 10
-5.04107
 20
0.17653
 10
-5.03152
 20
0.17735
 10
-5.0315
 20
0.1679
 10
-4.78151
 20
0.1679
 10
-4.78151
 20
0.0773
 10
-5.2229
 20
0.0773
 10
-5.2229
 20
0.1773
 10
-5.04113
 20
0.1773
 97
0
 92
3
 72
0
 73
1
 93
151
 10
-6.2316
 20
0.5179
 10
-5.2409
 20
0.5179
 10
-5.2409
 20
-4.2227
 10
-5.2317
 20
-4.2227
 10
-5.2317
 20
-4.2319
 10
-4.28115
 20
-4.2319
 10
-4.28115
 20
-4.27313
 10
-4.30828
 20
-4.27341
 10
-4.31684
 20
-4.2735
 10
-4.31684
 20
-4.28392
 10
-4.30812
 20
-4.28384
 10
-4.18115
 20
-4.28269
 10
-4.18115
 20
-4.27209
 10
-4.19982
 20
-4.27228
 10
-4.19982
 20
-4.2319
 10
-4.11072
 20
-4.2319
 10
-4.07044
 20
-4.53208
 10
-4.05598
 20
-4.63512
 10
-4.07158
 20
-4.63512
 10
-4.07322
 20
-4.63676
 10
-4.07322
 20
-4.6384
 10
-4.06763
 20
-4.68178
 10
-4.06654
 20
-4.69018
 10
-4.06502
 20
-4.6917
 10
-4.06338
 20
-4.6917
 10
-4.0326
 20
-4.6875
 10
-4.0273
 20
-4.68678
 10
-4.02648
 20
-4.68678
 10
-4.02484
 20
-4.68514
 10
-4.02484
 20
-4.6835
 10
-4.03114
 20
-4.64012
 10
-4.03222
 20
-4.63266
 10
-4.03222
 20
-4.63184
 10
-4.03234
 20
-4.63172
 10
-4.03316
 20
-4.6309
 10
-4.03386
 20
-4.6302
 10
-4.05087
 20
-4.6302
 10
-4.09491
 20
-4.31635
 10
-4.10944
 20
-4.21281
 10
-4.09208
 20
-4.21281
 10
-4.09208
 20
-4.21199
 10
-4.09126
 20
-4.21117
 10
-4.09126
 20
-4.20953
 10
-4.09756
 20
-4.16685
 10
-4.09864
 20
-4.15951
 10
-4.09864
 20
-4.15869
 10
-4.09946
 20
-4.15787
 10
-4.10029
 20
-4.15705
 10
-4.10192
 20
-4.15705
 10
-4.12407
 20
-4.16014
 10
-4.12407
 20
-4.12097
 10
-4.12421
 20
-4.12082
 10
-4.12489
 20
-4.12015
 10
-4.12503
 20
-4.12
 10
-4.12571
 20
-4.11933
 10
-4.1731
 20
-4.11933
 10
-4.1731
 20
-3.9926
 10
-4.1817
 20
-3.9926
 10
-4.1817
 20
-3.984
 10
-4.993
 20
-3.984
 10
-4.993
 20
-0.4621
 10
-4.7516
 20
-0.4621
 10
-4.7516
 20
-0.4526
 10
-4.743
 20
-0.4526
 10
-4.743
 20
0.0381
 10
-3.415
 20
0.0379
 10
-1.2211
 20
0.0379
 10
-1.2211
 20
-0.44587
 10
-1.23112
 20
-0.44587
 10
-1.23112
 20
-0.50218
 10
-1.9741
 20
-0.50218
 10
-1.9741
 20
-0.54421
 10
-1.08068
 20
-0.54421
 10
-1.08068
 20
-0.54085
 10
-0.9504
 20
-0.54085
 10
-0.9504
 20
-0.5232
 10
-0.9429
 20
-0.5232
 10
-0.9429
 20
-0.52068
 10
-0.93107
 20
-0.52068
 10
-0.93107
 20
-0.44587
 10
-0.9429
 20
-0.44587
 10
-0.9429
 20
1.7073
 10
-0.9515
 20
1.7073
 10
-0.9515
 20
1.7161
 10
-1.2116
 20
1.7161
 10
-1.2116
 20
1.70732
 10
-1.2211
 20
1.7073
 10
-1.2211
 20
1.3692
 10
-1.4395
 20
1.3692
 10
-1.4395
 20
1.1168
 10
-1.2211
 20
1.1168
 10
-1.2211
 20
0.216
 10
-2.6431
 20
0.216
 10
-2.6431
 20
1.1168
 10
-2.6065
 20
1.1168
 10
-2.6065
 20
1.31448
 10
-2.53453
 20
1.31448
 10
-2.51185
 20
1.31549
 10
-2.50912
 20
1.30887
 10
-2.50863
 20
1.30867
 10
-2.50698
 20
1.30799
 10
-2.33007
 20
1.30799
 10
-2.27567
 20
1.30936
 10
-2.27499
 20
1.31101
 10
-2.27499
 20
1.34898
 10
-2.27519
 20
1.34947
 10
-2.27587
 20
1.35112
 10
-2.27636
 20
1.35132
 10
-2.27801
 20
1.352
 10
-2.50781
 20
1.352
 10
-2.51106
 20
1.35845
 10
-2.51154
 20
1.35869
 10
-2.51315
 20
1.3595
 10
-2.6065
 20
1.3595
 10
-2.6065
 20
1.3692
 10
-2.6431
 20
1.3692
 10
-2.6431
 20
1.7073
 10
-2.6517
 20
1.7073
 10
-2.6517
 20
1.7161
 10
-2.9116
 20
1.7161
 10
-2.9116
 20
1.7072
 10
-2.9206
 20
1.7072
 10
-2.9207
 20
1.1409
 10
-2.921
 20
1.1409
 10
-2.921
 20
0.216
 10
-4.993
 20
0.216
 10
-4.993
 20
0.7574
 10
-5.0016
 20
0.7574
 10
-5.0016
 20
0.766
 10
-5.9931
 20
0.766
 10
-5.9931
 20
1.1273
 10
-6.0017
 20
1.1273
 10
-6.0017
 20
1.136
 10
-6.023
 20
1.136
 10
-6.023
 20
1.1823
 10
-6.14544
 20
1.1823
 10
-6.14544
 20
1.22752
 10
-6.17089
 20
1.22752
 10
-6.17089
 20
1.1823
 10
-6.241
 20
1.1823
 10
-6.241
 20
1.12848
 10
-6.24509
 20
1.12893
 10
-6.27835
 20
0.90353
 10
-6.3776
 20
0.23106
 10
-6.3752
 20
0.23053
 10
-6.36806
 20
0.22894
 10
-6.35958
 20
0.2777
 10
-6.26402
 20
0.93515
 10
-6.241
 20
0.93348
 10
-6.241
 20
0.5273
 10
-6.2316
 20
0.5273
 97
0
 92
3
 72
0
 73
1
 93
4
 10
-6.223
 20
0.7174
 10
-6.223
 20
0.5359
 10
-6.0407
 20
0.5359
 10
-6.0407
 20
0.7174
 97
0
 92
3
 72
0
 73
1
 93
6
 10
-5.2229
 20
-4.02274
 10
-5.2229
 20
-4.2139
 10
-5.00161
 20
-4.2139
 10
-5.00161
 20
-4.03581
 10
-5.03262
 20
-4.03193
 10
-5.03149
 20
-4.02274
 97
0
 92
3
 72
0
 73
1
 93
6
 10
-1.37248
 20
0.54744
 10
-1.37248
 20
0.51215
 10
-1.35965
 20
0.51215
 10
-1.35965
 20
0.54798
 10
-1.37195
 20
0.54798
 10
-1.37199
 20
0.54794
 97
0
 92
3
 72
0
 73
1
 93
80
 10
-3.16031
 20
8.19213
 10
-3.1167
 20
8.19213
 10
-3.1167
 20
8.183
 10
-3.11065
 20
8.183
 10
-3.11065
 20
8.15826
 10
-3.071
 20
8.15826
 10
-3.071
 20
8.0473
 10
-3.06155
 20
8.0473
 10
-3.0615
 20
8.0379
 10
-1.5866
 20
8.0379
 10
-1.5866
 20
8.0473
 10
-1.5781
 20
8.0473
 10
-1.5781
 20
8.17018
 10
-1.53119
 20
8.17018
 10
-1.53104
 20
8.17032
 10
-1.53037
 20
8.171
 10
-1.53022
 20
8.17114
 10
-1.52955
 20
8.17182
 10
-1.52955
 20
8.17263
 10
-1.52873
 20
8.17346
 10
-1.52873
 20
8.21086
 10
-1.50741
 20
8.2079
 10
-1.50577
 20
8.2079
 10
-1.50565
 20
8.20802
 10
-1.50495
 20
8.20872
 10
-1.50413
 20
8.20954
 10
-1.50413
 20
8.21036
 10
-1.49783
 20
8.25304
 10
-1.49675
 20
8.26038
 10
-1.49675
 20
8.26284
 10
-1.49826
 20
8.26435
 10
-1.51439
 20
8.26655
 10
-1.4701
 20
8.58213
 10
-1.45622
 20
8.68104
 10
-1.43853
 20
8.68104
 10
-1.43853
 20
8.68186
 10
-1.43771
 20
8.68268
 10
-1.43771
 20
8.6835
 10
-1.43141
 20
8.72688
 10
-1.43033
 20
8.73434
 10
-1.43033
 20
8.73598
 10
-1.43045
 20
8.7361
 10
-1.43115
 20
8.7368
 10
-1.43197
 20
8.73762
 10
-1.43279
 20
8.73762
 10
-1.46357
 20
8.74182
 10
-1.46887
 20
8.74254
 10
-1.47051
 20
8.74254
 10
-1.47203
 20
8.74102
 10
-1.47775
 20
8.6967
 10
-1.47871
 20
8.68924
 10
-1.47871
 20
8.6876
 10
-1.47789
 20
8.68678
 10
-1.47707
 20
8.68596
 10
-1.46133
 20
8.68596
 10
-1.50595
 20
8.36802
 10
-1.51669
 20
8.286
 10
-1.60454
 20
8.286
 10
-1.60454
 20
8.32918
 10
-1.58612
 20
8.32781
 10
-1.58579
 20
8.33096
 10
-1.58512
 20
8.33735
 10
-1.68525
 20
8.34498
 10
-2.08435
 20
8.37536
 10
-2.08331
 20
8.38596
 10
-2.08952
 20
8.38643
 10
-2.18293
 20
8.39354
 10
-2.18399
 20
8.38294
 10
-2.08436
 20
8.37536
 10
-2.08532
 20
8.36581
 10
-1.68587
 20
8.3354
 10
-1.68587
 20
8.286
 10
-2.98093
 20
8.286
 10
-2.98093
 20
8.33739
 10
-3.06123
 20
8.33739
 10
-3.06123
 20
8.30753
 10
-3.06178
 20
8.286
 10
-3.1167
 20
8.286
 10
-3.1167
 20
8.24301
 10
-3.16031
 20
8.24301
 97
0
 92
3
 72
0
 73
1
 93
12
 10
-2.97299
 20
8.38524
 10
-2.97464
 20
8.38895
 10
-2.9748
 20
8.3893
 10
-2.93903
 20
8.40554
 10
-2.61226
 20
8.55785
 10
-2.60734
 20
8.54856
 10
-2.51685
 20
8.59071
 10
-2.51457
 20
8.5864
 10
-2.51261
 20
8.58223
 10
-2.60272
 20
8.53983
 10
-2.6029
 20
8.54017
 10
-2.63849
 20
8.52359
 97
0
 92
3
 72
0
 73
1
 93
17
 10
-1.53003
 20
1.31448
 10
-1.52496
 20
1.31448
 10
-1.52496
 20
1.31101
 10
-1.52564
 20
1.30936
 10
-1.52584
 20
1.30887
 10
-1.52749
 20
1.30819
 10
-1.52798
 20
1.30799
 10
-1.76198
 20
1.30799
 10
-1.76363
 20
1.30867
 10
-1.76412
 20
1.30887
 10
-1.765
 20
1.31964
 10
-1.765
 20
1.34898
 10
-1.76432
 20
1.35063
 10
-1.76412
 20
1.35112
 10
-1.76247
 20
1.3518
 10
-1.76198
 20
1.352
 10
-1.53003
 20
1.352
 97
0
 92
3
 72
0
 73
1
 93
4
 10
-2.281
 20
10.402
 10
-1.9529
 20
10.402
 10
-1.9529
 20
10.0739
 10
-2.281
 20
10.0739
 97
0
 92
3
 72
0
 73
1
 93
4
 10
-3.66066
 20
8.24301
 10
-3.61083
 20
8.24301
 10
-3.61083
 20
8.19213
 10
-3.66066
 20
8.19213
 97
0
 92
3
 72
0
 73
1
 93
5
 10
-4.80674
 20
8.5864
 10
-4.80446
 20
8.59071
 10
-4.71395
 20
8.54854
 10
-4.71754
 20
8.53983
 10
-4.80871
 20
8.58223
 97
0
 92
3
 72
0
 73
1
 93
9
 10
-4.85959
 20
-4.29591
 10
-4.85939
 20
-4.29859
 10
-4.85959
 20
-4.29859
 10
-4.85959
 20
-4.30156
 10
-4.99528
 20
-4.29965
 10
-4.99544
 20
-4.29667
 10
-4.99528
 20
-4.29011
 10
-4.99634
 20
-4.28057
 10
-4.85959
 20
-4.27915
 97
0
 92
3
 72
0
 73
1
 93
6
 10
-6.14544
 20
1.75225
 10
-6.14544
 20
1.70243
 10
-6.17089
 20
1.70243
 10
-6.17089
 20
1.80207
 10
-6.11046
 20
1.80207
 10
-6.11046
 20
1.75225
 97
0
 92
3
 72
0
 73
1
 93
6
 10
-6.17089
 20
2.37768
 10
-6.17089
 20
2.27804
 10
-6.11046
 20
2.27804
 10
-6.11046
 20
2.3268
 10
-6.14544
 20
2.3268
 10
-6.14544
 20
2.37768
 97
0
 75
1
 76
1
 52
0.0
 41
0.02
 77
0
 78
1
 53
45.0
 43
0.0
 44
0.0
 45
-0.0449012806
 46
0.0449012806
 79
0
 98
0
  0
LWPOLYLINE
  5
25C
330
17
100
AcDbEntity
  8
KAT1_DUVAR
100
AcDbPolyline
 90
8
 70
1
 38
7.9714
 10
-0.37135
 20
8.33739
 10
0.0589
 20
8.33739
 10
0.0589
 20
8.72286
 10
-0.00218
 20
8.66815
 10
-0.00678
 20
8.66403
 10
-0.3048
 20
8.39707
 10
-0.3045
 20
8.39672
 10
-0.30512
 20
8.39617
  0
LWPOLYLINE
  5
25D
330
17
100
AcDbEntity
  8
KAT1_DUVAR
100
AcDbPolyline
 90
951
 70
1
 38
7.9714
 10
-0.38507
 20
8.33735
 10
-0.31132
 20
8.40356
 10
-0.31828
 20
8.41187
 10
-0.30996
 20
8.40479
 10
-0.27227
 20
8.43863
 10
-0.27642
 20
8.44317
 10
-0.06149
 20
8.64172
 10
-0.0204
 20
8.67869
 10
-0.01336
 20
8.6711
 10
0.0589
 20
8.73598
 10
0.0589
 20
9.2773
 10
0.0685
 20
9.2773
 10
0.0685
 20
9.2861
 10
1.3737
 20
9.2861
 10
1.3737
 20
9.33802
 10
2.06344
 20
9.33802
 10
2.06349
 20
9.2861
 10
3.3185
 20
9.2861
 10
3.3185
 20
9.2773
 10
3.327
 20
9.2773
 10
3.327
 20
6.64705
 10
3.64908
 20
6.64705
 10
3.76089
 20
6.64732
 10
3.76089
 20
6.64705
 10
3.76265
 20
6.62503
 10
3.76312
 20
6.62502
 10
3.76089
 20
6.54446
 10
3.76312
 20
6.52224
 10
3.76265
 20
6.52224
 10
3.76222
 20
6.52197
 10
3.76211
 20
6.52197
 10
3.76089
 20
6.52224
 10
3.64908
 20
6.52197
 10
3.61996
 20
6.52197
 10
3.61996
 20
6.46577
 10
3.76471
 20
6.46577
 10
3.75381
 20
6.44379
 10
3.75163
 20
6.43941
 10
3.74694
 20
6.43539
 10
3.72054
 20
6.41278
 10
3.71795
 20
6.41061
 10
3.68911
 20
6.38643
 10
3.67603
 20
6.36007
 10
3.68904
 20
6.33372
 10
3.7205
 20
6.30739
 10
3.72292
 20
6.30533
 10
3.75163
 20
6.28099
 10
3.75381
 20
6.2766
 10
3.76472
 20
6.25461
 10
3.75381
 20
6.23261
 10
3.75163
 20
6.22823
 10
3.74694
 20
6.22421
 10
3.72054
 20
6.2016
 10
3.71795
 20
6.19943
 10
3.68911
 20
6.17525
 10
3.67603
 20
6.14889
 10
3.68904
 20
6.12255
 10
3.72055
 20
6.09617
 10
3.72353
 20
6.09364
 10
3.75163
 20
6.06981
 10
3.756
 20
6.061
 10
3.8183
 20
6.061
 10
3.8183
 20
6.0522
 10
3.8271
 20
6.0522
 10
3.8271
 20
5.0523
 10
3.8183
 20
5.0523
 10
3.8183
 20
5.0429
 10
3.77424
 20
5.0429
 10
3.76345
 20
5.02147
 10
3.76492
 20
5.01855
 10
3.76198
 20
5.01855
 10
3.75385
 20
5.00241
 10
3.75168
 20
4.99801
 10
3.74692
 20
4.99405
 10
3.72024
 20
4.97184
 10
3.68902
 20
4.94552
 10
3.67613
 20
4.91899
 10
3.68898
 20
4.89255
 10
3.72014
 20
4.86629
 10
3.72314
 20
4.8638
 10
3.75174
 20
4.83987
 10
3.7539
 20
4.83547
 10
3.76196
 20
4.81945
 10
3.76471
 20
4.81945
 10
3.76335
 20
4.8167
 10
3.76494
 20
4.81353
 10
3.76178
 20
4.81353
 10
3.75381
 20
4.79748
 10
3.75163
 20
4.7931
 10
3.74695
 20
4.78912
 10
3.72054
 20
4.76673
 10
3.71796
 20
4.76455
 10
3.68911
 20
4.74037
 10
3.67603
 20
4.71401
 10
3.68904
 20
4.68767
 10
3.72052
 20
4.66131
 10
3.72351
 20
4.65878
 10
3.75163
 20
4.63493
 10
3.75381
 20
4.63054
 10
3.76181
 20
4.61441
 10
3.76495
 20
4.61441
 10
3.76337
 20
4.61127
 10
3.76471
 20
4.60857
 10
3.76201
 20
4.60857
 10
3.75385
 20
4.59237
 10
3.75168
 20
4.58797
 10
3.74694
 20
4.58404
 10
3.7205
 20
4.56195
 10
3.71791
 20
4.55976
 10
3.68902
 20
4.53548
 10
3.67613
 20
4.50895
 10
3.68898
 20
4.48251
 10
3.71985
 20
4.45676
 10
3.72283
 20
4.45426
 10
3.75174
 20
4.42983
 10
3.7539
 20
4.42543
 10
3.76197
 20
4.40939
 10
3.76495
 20
4.40939
 10
3.76345
 20
4.40645
 10
3.76494
 20
4.40349
 10
3.76195
 20
4.40349
 10
3.75383
 20
4.38753
 10
3.75166
 20
4.38317
 10
3.74693
 20
4.3792
 10
3.74281
 20
4.37572
 10
3.71767
 20
4.35461
 10
3.68901
 20
4.33036
 10
3.67613
 20
4.30393
 10
3.68898
 20
4.27749
 10
3.71985
 20
4.25174
 10
3.72283
 20
4.24924
 10
3.75174
 20
4.22481
 10
3.7539
 20
4.22041
 10
3.76189
 20
4.20454
 10
3.76471
 20
4.20454
 10
3.76331
 20
4.20171
 10
3.76494
 20
4.19847
 10
3.7617
 20
4.19847
 10
3.75163
 20
4.17818
 10
3.74695
 20
4.17421
 10
3.72054
 20
4.15182
 10
3.71795
 20
4.14964
 10
3.68911
 20
4.12546
 10
3.67603
 20
4.0991
 10
3.68904
 20
4.0725
 10
3.72049
 20
4.04617
 10
3.72348
 20
4.04364
 10
3.75163
 20
4.01976
 10
3.75381
 20
4.01538
 10
3.76169
 20
3.99949
 10
3.76471
 20
3.99949
 10
3.7632
 20
3.99644
 10
3.76471
 20
3.9934
 10
3.76169
 20
3.9934
 10
3.75381
 20
3.97751
 10
3.75163
 20
3.97313
 10
3.74695
 20
3.96915
 10
3.72054
 20
3.94676
 10
3.71796
 20
3.94458
 10
3.68911
 20
3.9204
 10
3.67603
 20
3.89404
 10
3.68904
 20
3.8677
 10
3.72052
 20
3.84134
 10
3.72351
 20
3.83881
 10
3.75163
 20
3.81496
 10
3.75381
 20
3.81058
 10
3.76182
 20
3.79443
 10
3.76471
 20
3.79443
 10
3.76327
 20
3.79152
 10
3.76471
 20
3.7886
 10
3.76182
 20
3.7886
 10
3.75381
 20
3.77246
 10
3.75163
 20
3.76807
 10
3.74695
 20
3.7641
 10
3.72054
 20
3.7417
 10
3.71795
 20
3.73953
 10
3.68911
 20
3.71535
 10
3.67603
 20
3.68899
 10
3.68904
 20
3.66264
 10
3.7205
 20
3.63631
 10
3.72348
 20
3.63378
 10
3.75163
 20
3.60991
 10
3.75381
 20
3.60552
 10
3.76179
 20
3.58943
 10
3.76471
 20
3.58943
 10
3.76325
 20
3.58649
 10
3.76471
 20
3.58355
 10
3.76179
 20
3.58355
 10
3.75381
 20
3.56745
 10
3.75163
 20
3.56307
 10
3.74695
 20
3.5591
 10
3.72055
 20
3.53671
 10
3.71796
 20
3.53453
 10
3.68911
 20
3.51035
 10
3.67595
 20
3.48395
 10
3.68904
 20
3.45764
 10
3.72055
 20
3.43126
 10
3.72353
 20
3.42873
 10
3.75163
 20
3.40491
 10
3.75381
 20
3.40052
 10
3.76471
 20
3.37855
 10
3.62015
 20
3.37859
 10
3.62014
 20
3.3572
 10
3.62014
 20
3.336
 10
4.3184
 20
3.336
 10
4.3184
 20
3.3274
 10
4.3269
 20
3.3274
 10
4.3269
 20
0.7274
 10
4.3184
 20
0.7274
 10
4.3184
 20
0.7179
 10
3.76399
 20
0.7179
 10
3.75381
 20
0.69739
 10
3.75163
 20
0.693
 10
3.74695
 20
0.68903
 10
3.72054
 20
0.66664
 10
3.71795
 20
0.66446
 10
3.68911
 20
0.64028
 10
3.67603
 20
0.61392
 10
3.68904
 20
0.58757
 10
3.7205
 20
0.56124
 10
3.72348
 20
0.55871
 10
3.75163
 20
0.53484
 10
3.75381
 20
0.53045
 10
3.76171
 20
0.51453
 10
3.76495
 20
0.51453
 10
3.76332
 20
0.51129
 10
3.76471
 20
0.50848
 10
3.7619
 20
0.50848
 10
3.75383
 20
0.49245
 10
3.75166
 20
0.48805
 10
3.74693
 20
0.48408
 10
3.74281
 20
0.4806
 10
3.71767
 20
0.45948
 10
3.68901
 20
0.43523
 10
3.67613
 20
0.40907
 10
3.68896
 20
0.38267
 10
3.7232
 20
0.35373
 10
3.75171
 20
0.3298
 10
3.76198
 20
0.3095
 10
3.76471
 20
0.3095
 10
3.76336
 20
0.30677
 10
3.76494
 20
0.30361
 10
3.76179
 20
0.30361
 10
3.75381
 20
0.28753
 10
3.75163
 20
0.28315
 10
3.74695
 20
0.27917
 10
3.72054
 20
0.25678
 10
3.71796
 20
0.2546
 10
3.68911
 20
0.23042
 10
3.67603
 20
0.20406
 10
3.68904
 20
0.17772
 10
3.72052
 20
0.15136
 10
3.72351
 20
0.14883
 10
3.75163
 20
0.12498
 10
3.75381
 20
0.12055
 10
3.7617
 20
0.10449
 10
3.76493
 20
0.10449
 10
3.7633
 20
0.10125
 10
3.76471
 20
0.09837
 10
3.76185
 20
0.09837
 10
3.75384
 20
0.08244
 10
3.75166
 20
0.07805
 10
3.74689
 20
0.07403
 10
3.72044
 20
0.05161
 10
3.68907
 20
0.02557
 10
3.67629
 20
-0.00107
 10
3.689
 20
-0.0274
 10
3.71778
 20
-0.05159
 10
3.72035
 20
-0.05375
 10
3.72278
 20
-0.05579
 10
3.75169
 20
-0.08027
 10
3.75385
 20
-0.08463
 10
3.76192
 20
-0.10053
 10
3.76495
 20
-0.10053
 10
3.76344
 20
-0.10353
 10
3.76492
 20
-0.10643
 10
3.76198
 20
-0.10643
 10
3.75385
 20
-0.12258
 10
3.75168
 20
-0.12697
 10
3.74694
 20
-0.13095
 10
3.72079
 20
-0.15301
 10
3.71818
 20
-0.15519
 10
3.68902
 20
-0.17947
 10
3.67613
 20
-0.20599
 10
3.68898
 20
-0.23243
 10
3.72015
 20
-0.2587
 10
3.72314
 20
-0.26119
 10
3.75174
 20
-0.28511
 10
3.7539
 20
-0.28952
 10
3.76622
 20
-0.314
 10
4.3184
 20
-0.314
 10
4.3184
 20
-0.3227
 10
4.3269
 20
-0.3227
 10
4.3269
 20
-4.2227
 10
4.3184
 20
-4.2227
 10
4.3184
 20
-4.2319
 10
3.88894
 20
-4.2319
 10
3.87898
 20
-4.25212
 10
3.82477
 20
-4.29792
 10
3.82038
 20
-4.30164
 10
3.8166
 20
-4.30486
 10
3.80377
 20
-4.331
 10
3.81666
 20
-4.3573
 10
3.82044
 20
-4.36052
 10
3.82485
 20
-4.36426
 10
3.87897
 20
-4.40986
 10
3.88238
 20
-4.4168
 10
3.89294
 20
-4.43822
 10
3.88845
 20
-4.44734
 10
3.87898
 20
-4.46656
 10
3.82477
 20
-4.51236
 10
3.82037
 20
-4.51608
 10
3.8166
 20
-4.5193
 10
3.80377
 20
-4.54544
 10
3.81666
 20
-4.57174
 10
3.82044
 20
-4.57496
 10
3.82485
 20
-4.5787
 10
3.87897
 20
-4.6243
 10
3.88847
 20
-4.64358
 10
3.89207
 20
-4.6509
 10
3.88845
 20
-4.65826
 10
3.87898
 20
-4.67748
 10
3.82477
 20
-4.72328
 10
3.82037
 20
-4.727
 10
3.8166
 20
-4.73022
 10
3.80377
 20
-4.75636
 10
3.81666
 20
-4.78266
 10
3.82044
 20
-4.78588
 10
3.82485
 20
-4.78962
 10
3.87897
 20
-4.83522
 10
3.88912
 20
-4.85583
 10
3.89214
 20
-4.85583
 10
3.89062
 20
-4.85887
 10
3.89207
 20
-4.86181
 10
3.88915
 20
-4.86181
 10
3.88241
 20
-4.87529
 10
3.87899
 20
-4.88227
 10
3.86497
 20
-4.89411
 10
3.84241
 20
-4.91323
 10
3.81677
 20
-4.93482
 10
3.80396
 20
-4.96129
 10
3.81676
 20
-4.98772
 10
3.82489
 20
-4.9946
 10
3.85398
 20
-5.01939
 10
3.87904
 20
-5.04066
 10
3.88245
 20
-5.04758
 10
3.89218
 20
-5.06688
 10
3.88845
 20
-5.07446
 10
3.87898
 20
-5.09367
 10
3.82477
 20
-5.13948
 10
3.82038
 20
-5.14319
 10
3.8166
 20
-5.14642
 10
3.80377
 20
-5.17255
 10
3.81667
 20
-5.19886
 10
3.82044
 20
-5.20208
 10
3.82485
 20
-5.20581
 10
3.87897
 20
-5.25141
 10
3.88912
 20
-5.27203
 10
3.89214
 20
-5.27203
 10
3.89062
 20
-5.27506
 10
3.89207
 20
-5.278
 10
3.88915
 20
-5.278
 10
3.88241
 20
-5.29148
 10
3.87899
 20
-5.29847
 10
3.86497
 20
-5.31031
 10
3.84241
 20
-5.32942
 10
3.81678
 20
-5.35102
 10
3.80396
 20
-5.37749
 10
3.81676
 20
-5.40391
 10
3.82487
 20
-5.41078
 10
3.85394
 20
-5.43555
 10
3.87899
 20
-5.45674
 10
3.88919
 20
-5.47705
 10
3.89214
 20
-5.47705
 10
3.89066
 20
-5.48001
 10
3.89212
 20
-5.48295
 10
3.88919
 20
-5.48295
 10
3.88241
 20
-5.4965
 10
3.87899
 20
-5.50349
 10
3.86497
 20
-5.51533
 10
3.84241
 20
-5.53444
 10
3.81678
 20
-5.55604
 10
3.80396
 20
-5.58251
 10
3.81676
 20
-5.60894
 10
3.82491
 20
-5.61581
 10
3.854
 20
-5.64059
 10
3.87906
 20
-5.66166
 10
3.88245
 20
-5.66861
 10
3.88918
 20
-5.68207
 10
3.89214
 20
-5.68207
 10
3.89066
 20
-5.68505
 10
3.89212
 20
-5.68797
 10
3.88923
 20
-5.68797
 10
3.87902
 20
-5.70848
 10
3.85397
 20
-5.72947
 10
3.82493
 20
-5.75415
 10
3.8168
 20
-5.761
 10
3.80396
 20
-5.78753
 10
3.81676
 20
-5.81395
 10
3.82491
 20
-5.82083
 10
3.854
 20
-5.84561
 10
3.87906
 20
-5.86668
 10
3.88245
 20
-5.87363
 10
3.88917
 20
-5.88708
 10
3.89214
 20
-5.88708
 10
3.89066
 20
-5.89006
 10
3.89212
 20
-5.89299
 10
3.88921
 20
-5.89299
 10
3.88247
 20
-5.90653
 10
3.879
 20
-5.91352
 10
3.87159
 20
-5.91977
 10
3.86507
 20
-5.9253
 10
3.84244
 20
-5.94422
 10
3.81681
 20
-5.96604
 10
3.80399
 20
-5.99254
 10
3.81677
 20
-6.01898
 10
3.82054
 20
-6.02216
 10
3.84783
 20
-6.04542
 10
3.87165
 20
-6.0654
 10
3.87903
 20
-6.07164
 10
3.88251
 20
-6.07864
 10
3.88922
 20
-6.09214
 10
3.89207
 20
-6.09214
 10
3.89065
 20
-6.09501
 10
3.89214
 20
-6.09801
 10
3.88918
 20
-6.09801
 10
3.87898
 20
-6.1187
 10
3.82477
 20
-6.1645
 10
3.82038
 20
-6.16822
 10
3.8166
 20
-6.17144
 10
3.80377
 20
-6.19758
 10
3.81667
 20
-6.22388
 10
3.82044
 20
-6.2271
 10
3.82485
 20
-6.23084
 10
3.87897
 20
-6.27644
 10
3.88847
 20
-6.29572
 10
3.89207
 20
-6.30303
 10
3.77062
 20
-6.30303
 10
3.77062
 20
-6.34753
 10
3.75862
 20
-6.34753
 10
3.75862
 20
-6.30603
 10
3.76462
 20
-6.30603
 10
3.76462
 20
-6.27644
 10
3.76462
 20
-6.23084
 10
3.76462
 20
-6.2271
 10
3.76462
 20
-6.22392
 10
3.76462
 20
-6.22105
 10
3.76462
 20
-6.19758
 10
3.76462
 20
-6.17424
 10
3.76462
 20
-6.17139
 10
3.76462
 20
-6.16822
 10
3.76462
 20
-6.1645
 10
3.76462
 20
-6.1187
 10
3.76462
 20
-6.09948
 10
3.76462
 20
-6.09716
 10
3.76462
 20
-6.07864
 10
3.76462
 20
-6.07164
 10
3.76462
 20
-6.0654
 10
3.76462
 20
-6.04542
 10
3.76462
 20
-6.02216
 10
3.76462
 20
-6.01898
 10
3.76462
 20
-5.99478
 10
3.76462
 20
-5.99254
 10
3.76462
 20
-5.9689
 10
3.76462
 20
-5.96604
 10
3.76462
 20
-5.94422
 10
3.76462
 20
-5.9253
 10
3.76462
 20
-5.91977
 10
3.76462
 20
-5.91352
 10
3.76462
 20
-5.90652
 10
3.76462
 20
-5.88708
 10
3.76462
 20
-5.87363
 10
3.76462
 20
-5.86668
 10
3.76462
 20
-5.84561
 10
3.76462
 20
-5.82083
 10
3.76462
 20
-5.81395
 10
3.76462
 20
-5.78976
 10
3.76462
 20
-5.78753
 10
3.76462
 20
-5.76388
 10
3.76462
 20
-5.761
 10
3.76462
 20
-5.75415
 10
3.76462
 20
-5.72947
 10
3.76462
 20
-5.70848
 10
3.76462
 20
-5.68941
 10
3.76462
 20
-5.68797
 10
3.76462
 20
-5.66861
 10
3.76462
 20
-5.66166
 10
3.76462
 20
-5.64059
 10
3.76462
 20
-5.61581
 10
3.76462
 20
-5.60894
 10
3.76462
 20
-5.58474
 10
3.76462
 20
-5.58251
 10
3.76462
 20
-5.55886
 10
3.76462
 20
-5.55603
 10
3.76462
 20
-5.53444
 10
3.76462
 20
-5.51533
 10
3.76462
 20
-5.50349
 10
3.76462
 20
-5.4965
 10
3.76462
 20
-5.48206
 10
3.76462
 20
-5.47562
 10
3.76462
 20
-5.45674
 10
3.76462
 20
-5.43555
 10
3.76462
 20
-5.41078
 10
3.76462
 20
-5.40391
 10
3.76461
 20
-5.37972
 10
3.76461
 20
-5.37749
 10
3.76461
 20
-5.35384
 10
3.76461
 20
-5.35101
 10
3.76461
 20
-5.32942
 10
3.76461
 20
-5.31031
 10
3.76461
 20
-5.29847
 10
3.76461
 20
-5.29148
 10
3.76461
 20
-5.27203
 10
3.76461
 20
-5.2707
 10
3.76461
 20
-5.25141
 10
3.76461
 20
-5.20581
 10
3.76461
 20
-5.20208
 10
3.76461
 20
-5.1989
 10
3.76461
 20
-5.19603
 10
3.76461
 20
-5.17255
 10
3.76461
 20
-5.14922
 10
3.76461
 20
-5.14637
 10
3.76461
 20
-5.14319
 10
3.76461
 20
-5.13948
 10
3.76461
 20
-5.09367
 10
3.76461
 20
-5.07446
 10
3.76461
 20
-5.06875
 10
3.76461
 20
-5.04758
 10
3.76461
 20
-5.04066
 10
3.76461
 20
-5.01939
 10
3.76461
 20
-4.9946
 10
3.76461
 20
-4.98772
 10
3.76461
 20
-4.98486
 10
3.76461
 20
-4.96129
 10
3.76461
 20
-4.93765
 10
3.76461
 20
-4.93482
 10
3.76461
 20
-4.91323
 10
3.76461
 20
-4.89411
 10
3.76461
 20
-4.88227
 10
3.76461
 20
-4.87529
 10
3.76461
 20
-4.86181
 10
3.76461
 20
-4.8545
 10
3.76461
 20
-4.83522
 10
3.76461
 20
-4.78962
 10
3.76461
 20
-4.78588
 10
3.76461
 20
-4.78271
 10
3.76461
 20
-4.77984
 10
3.76461
 20
-4.75636
 10
3.76461
 20
-4.73303
 10
3.76461
 20
-4.73017
 10
3.76461
 20
-4.727
 10
3.76461
 20
-4.72328
 10
3.76461
 20
-4.67748
 10
3.76461
 20
-4.65826
 10
3.76461
 20
-4.65289
 10
3.76461
 20
-4.65024
 10
3.76461
 20
-4.64892
 10
3.76461
 20
-4.64358
 10
3.76461
 20
-4.6243
 10
3.76461
 20
-4.5787
 10
3.76461
 20
-4.57496
 10
3.76461
 20
-4.57178
 10
3.76461
 20
-4.56891
 10
3.76461
 20
-4.54544
 10
3.76461
 20
-4.52211
 10
3.76461
 20
-4.51925
 10
3.76461
 20
-4.51608
 10
3.76461
 20
-4.51236
 10
3.76461
 20
-4.46656
 10
3.76461
 20
-4.44734
 10
3.76461
 20
-4.422
 10
3.76461
 20
-4.41679
 10
3.76461
 20
-4.40986
 10
3.76461
 20
-4.36426
 10
3.76461
 20
-4.36052
 10
3.76461
 20
-4.35734
 10
3.76461
 20
-4.35447
 10
3.76461
 20
-4.331
 10
3.76461
 20
-4.30766
 10
3.76461
 20
-4.30481
 10
3.76461
 20
-4.30164
 10
3.76461
 20
-4.29792
 10
3.76762
 20
-4.25372
 10
3.75861
 20
-4.25372
 10
3.75861
 20
-4.2319
 10
1.56551
 20
-4.2319
 10
1.56551
 20
-5.99943
 10
1.56551
 20
-6.00582
 10
1.56552
 20
-6.01901
 10
1.56552
 20
-6.03546
 10
1.56552
 20
-6.04933
 10
1.56552
 20
-6.07156
 10
1.56552
 20
-6.07605
 10
1.56552
 20
-6.0921
 10
1.56552
 20
-6.11382
 10
1.56552
 20
-6.11826
 10
1.56552
 20
-6.12082
 10
1.56552
 20
-6.12381
 10
1.56552
 20
-6.1493
 10
1.56553
 20
-6.17112
 10
1.56553
 20
-6.19085
 10
1.56553
 20
-6.19766
 10
1.56553
 20
-6.30603
 10
1.57153
 20
-6.30603
 10
1.57153
 20
-6.348
 10
1.55953
 20
-6.348
 10
1.55953
 20
-6.30303
 10
1.45533
 20
-6.30303
 10
1.46624
 20
-6.28108
 10
1.46849
 20
-6.27659
 10
1.49475
 20
-6.25413
 10
1.51792
 20
-6.23475
 10
1.52382
 20
-6.22972
 10
1.53066
 20
-6.224
 10
1.54367
 20
-6.19759
 10
1.53051
 20
-6.17112
 10
1.50488
 20
-6.1493
 10
1.47499
 20
-6.12382
 10
1.47143
 20
-6.12083
 10
1.46842
 20
-6.11826
 10
1.46618
 20
-6.11383
 10
1.45827
 20
-6.09801
 10
1.45533
 20
-6.09801
 10
1.4568
 20
-6.09505
 10
1.45533
 20
-6.0921
 10
1.45826
 20
-6.0921
 10
1.46624
 20
-6.07606
 10
1.46849
 20
-6.07157
 10
1.49475
 20
-6.04933
 10
1.51126
 20
-6.03546
 10
1.5306
 20
-6.01901
 10
1.53723
 20
-6.00582
 10
1.54362
 20
-5.99247
 10
1.5305
 20
-5.9661
 10
1.50488
 20
-5.94428
 10
1.47498
 20
-5.91902
 10
1.47143
 20
-5.91604
 10
1.46842
 20
-5.9135
 10
1.46618
 20
-5.90902
 10
1.45825
 20
-5.89299
 10
1.45533
 20
-5.89299
 10
1.45679
 20
-5.89004
 10
1.45533
 20
-5.88708
 10
1.45826
 20
-5.88708
 10
1.46624
 20
-5.87104
 10
1.46849
 20
-5.86655
 10
1.49475
 20
-5.84432
 10
1.51123
 20
-5.83047
 10
1.5306
 20
-5.81399
 10
1.53724
 20
-5.80077
 10
1.54362
 20
-5.78745
 10
1.5305
 20
-5.76108
 10
1.50488
 20
-5.73926
 10
1.47498
 20
-5.714
 10
1.47143
 20
-5.71101
 10
1.46842
 20
-5.70848
 10
1.46618
 20
-5.704
 10
1.4553
 20
-5.68201
 10
1.46624
 20
-5.66001
 10
1.46849
 20
-5.65552
 10
1.49475
 20
-5.63328
 10
1.51123
 20
-5.61943
 10
1.5306
 20
-5.60295
 10
1.53724
 20
-5.58974
 10
1.54362
 20
-5.57641
 10
1.5305
 20
-5.55004
 10
1.50488
 20
-5.52822
 10
1.47498
 20
-5.50297
 10
1.47143
 20
-5.49998
 10
1.46842
 20
-5.49744
 10
1.46147
 20
-5.48358
 10
1.45533
 20
-5.48358
 10
1.45844
 20
-5.47732
 10
1.45533
 20
-5.47103
 10
1.46151
 20
-5.47103
 10
1.46849
 20
-5.45714
 10
1.49475
 20
-5.43491
 10
1.51124
 20
-5.42105
 10
1.5306
 20
-5.40458
 10
1.53724
 20
-5.39137
 10
1.54362
 20
-5.37804
 10
1.5305
 20
-5.35167
 10
1.50488
 20
-5.32985
 10
1.47498
 20
-5.30459
 10
1.47143
 20
-5.30161
 10
1.46842
 20
-5.29907
 10
1.46618
 20
-5.29459
 10
1.4542
 20
-5.27039
 10
1.47787
 20
-5.22278
 10
1.2685
 20
-5.2228
 10
1.2685
 20
-5.232
 10
0.22379
 20
-5.232
 10
0.22379
 20
-5.28242
 10
0.15913
 20
-5.28242
 10
0.22718
 20
-5.34007
 10
0.22514
 20
-5.34227
 10
0.25929
 20
-5.37136
 10
0.28235
 20
-5.39122
 10
0.3201
 20
-5.42351
 10
0.37199
 20
-5.46708
 10
0.40082
 20
-5.49142
 10
0.48344
 20
-5.56146
 10
0.52957
 20
-5.60054
 10
0.53197
 20
-5.5983
 10
0.60821
 20
-5.66289
 10
0.60291
 20
-5.66925
 10
0.52776
 20
-5.60315
 10
0.51917
 20
-5.61306
 10
0.26276
 20
-5.39635
 10
0.21387
 20
-5.35441
 10
0.22109
 20
-5.34664
 10
0.14508
 20
-5.28242
 10
0.14452
 20
-5.28242
 10
0.14452
 20
-5.232
 10
0.08705
 20
-5.232
 10
0.08705
 20
-5.64756
 10
0.10187
 20
-5.64756
 10
0.1025
 20
-5.64819
 10
0.10355
 20
-5.64924
 10
0.10355
 20
-5.69127
 10
0.10292
 20
-5.6919
 10
0.10271
 20
-5.69211
 10
0.10208
 20
-5.69274
 10
0.10187
 20
-5.69295
 10
0.06237
 20
-5.69295
 10
0.06174
 20
-5.69232
 10
0.06152
 20
-5.69211
 10
0.06152
 20
-5.6484
 10
0.06215
 20
-5.64777
 10
0.06237
 20
-5.64756
 10
0.07696
 20
-5.64756
 10
0.07696
 20
-5.20463
 10
0.06152
 20
-5.20463
 10
0.06152
 20
-5.16009
 10
0.0883
 20
-5.16009
 10
0.0883
 20
-5.014
 10
0.134
 20
-5.014
 10
0.134
 20
-4.9927
 10
0.1434
 20
-4.9927
 10
0.1434
 20
-4.9841
 10
1.029
 20
-4.9841
 10
1.029
 20
-3.9926
 10
1.0385
 20
-3.9926
 10
1.0385
 20
-3.984
 10
1.729
 20
-3.984
 10
1.729
 20
-1.662
 10
1.0474
 20
-1.662
 10
1.0474
 20
-1.67212
 10
0.97176
 20
-1.67212
 10
0.97176
 20
-1.662
 10
0.9688
 20
-1.662
 10
0.96878
 20
-1.65282
 10
0.95159
 20
-1.6528
 10
0.95159
 20
-1.49226
 10
0.9688
 20
-1.49226
 10
0.9688
 20
-1.4839
 10
0.97176
 20
-1.4839
 10
0.97176
 20
-1.47209
 10
1.0474
 20
-1.47209
 10
1.0474
 20
-1.4839
 10
1.7265
 20
-1.4839
 10
1.7265
 20
-1.47545
 10
1.729
 20
-1.47545
 10
1.729
 20
-1.4731
 10
1.7384
 20
-1.4731
 10
1.7384
 20
-1.4639
 10
1.74667
 20
-1.4639
 10
1.74667
 20
-1.45528
 10
1.8988
 20
-1.45528
 10
1.8988
 20
-1.4609
 10
1.8999
 20
-1.4609
 10
1.8999
 20
-1.47
 10
1.9085
 20
-1.47
 10
1.9085
 20
-1.47545
 10
1.91897
 20
-1.47545
 10
1.91897
 20
-1.55025
 10
1.9085
 20
-1.55025
 10
1.9085
 20
-3.9809
 10
4.0773
 20
-3.9809
 10
4.0773
 20
-0.5642
 10
2.71574
 20
-0.5642
 10
2.71574
 20
-0.5938
 10
1.82316
 20
-0.5938
 10
1.82316
 20
-0.59043
 10
1.74667
 20
-0.59043
 10
1.74667
 20
-0.583
 10
1.7384
 20
-0.583
 10
1.7384
 20
-0.573
 10
1.729
 20
-0.573
 10
1.729
 20
-0.57026
 10
1.7265
 20
-0.57026
 10
1.7265
 20
-0.49546
 10
1.729
 20
-0.49546
 10
1.729
 20
-0.3926
 10
1.7384
 20
-0.3926
 10
1.7384
 20
-0.384
 10
2.9291
 20
-0.384
 10
2.9291
 20
0.9573
 10
2.9383
 20
0.9573
 10
2.9383
 20
0.9661
 10
4.0789
 20
0.9661
 10
4.0789
 20
3.088
 10
0.0679
 20
3.088
 10
0.0679
 20
3.0972
 10
0.0589
 20
3.0972
 10
0.0589
 20
3.12782
 10
0.05144
 20
3.12782
 10
0.05144
 20
3.33373
 10
0.0589
 20
3.33373
 10
0.0589
 20
3.3574
 10
0.0679
 20
3.3574
 10
0.0679
 20
3.3659
 10
0.1291
 20
3.3659
 10
0.1291
 20
5.0773
 10
0.1385
 20
5.07732
 10
0.1385
 20
5.0861
 10
0.1684
 20
5.0861
 10
0.1684
 20
5.07732
 10
0.2684
 20
5.07732
 10
0.2684
 20
5.0861
 10
0.2983
 20
5.0861
 10
0.2983
 20
5.0773
 10
0.3069
 20
5.0773
 10
0.3069
 20
3.3659
 10
3.0791
 20
3.3659
 10
3.0791
 20
5.938
 10
2.1685
 20
5.938
 10
2.16849
 20
5.9472
 10
2.1591
 20
5.9472
 10
2.1591
 20
5.97786
 10
2.15178
 20
5.97786
 10
2.15178
 20
6.07788
 10
2.1591
 20
6.07788
 10
2.1591
 20
6.1073
 10
2.1685
 20
6.1073
 10
2.1685
 20
6.1161
 10
3.0791
 20
6.1161
 10
3.079
 20
6.154
 10
3.079
 20
8.72549
 10
2.93539
 20
8.72549
 10
2.92801
 20
8.70582
 10
2.92613
 20
8.70079
 10
2.90039
 20
8.71041
 10
2.90039
 20
8.69049
 10
2.76038
 20
8.69049
 10
2.76038
 20
8.71006
 10
2.73568
 20
8.70079
 10
2.73406
 20
8.70511
 10
2.7283
 20
8.72046
 10
2.72641
 20
8.72549
 10
2.72641
 20
8.77491
 10
2.72848
 20
8.78043
 10
2.73379
 20
8.79459
 10
2.73568
 20
8.79961
 10
2.76038
 20
8.79034
 10
2.76038
 20
9.0379
 10
2.0635
 20
9.0379
 10
2.06349
 20
9.048
 10
2.0541
 20
9.048
 10
2.0541
 20
9.0662
 10
2.054
 20
9.0773
 10
2.054
 20
9.15684
 10
1.3819
 20
9.15684
 10
1.3819
 20
9.0773
 10
1.3821
 20
9.0773
 10
1.3821
 20
9.048
 10
1.3735
 20
9.048
 10
1.3735
 20
9.0379
 10
0.3071
 20
9.0379
 10
0.3071
 20
6.154
 10
0.3069
 20
6.154
 10
0.3069
 20
6.1161
 10
1.34829
 20
6.1161
 10
1.34829
 20
6.82086
 10
1.39031
 20
6.82086
 10
1.39031
 20
6.02745
 10
1.38695
 20
6.02745
 10
1.38695
 20
5.97786
 10
1.3771
 20
5.97786
 10
1.3771
 20
5.9472
 10
1.36988
 20
5.9472
 10
1.36905
 20
5.938
 10
0.3069
 20
5.938
 10
0.3069
 20
5.8773
 10
0.30109
 20
5.8773
 10
0.29956
 20
5.8681
 10
0.2684
 20
5.8681
 10
0.2684
 20
5.87727
 10
0.24513
 20
5.87722
 10
0.1684
 20
5.87706
 10
0.1684
 20
5.8681
 10
0.1385
 20
5.8681
 10
0.1385
 20
5.87611
 10
0.1291
 20
5.87674
 10
0.1291
 20
8.0379
 10
-0.3865
 20
8.0379
 10
-0.3865
 20
8.0473
 10
-0.3959
 20
8.0473
 10
-0.3959
 20
8.0774
 10
-0.396
 20
8.0774
 10
-0.396
 20
8.17018
 10
-0.4414
 20
8.17018
 10
-0.44207
 20
8.17085
 10
-0.44222
 20
8.171
 10
-0.44222
 20
8.17182
 10
-0.44304
 20
8.17264
 10
-0.44304
 20
8.21091
 10
-0.46518
 20
8.2079
 10
-0.46682
 20
8.2079
 10
-0.46832
 20
8.2094
 10
-0.46954
 20
8.21782
 10
-0.47584
 20
8.2612
 10
-0.47502
 20
8.26202
 10
-0.47502
 20
8.26284
 10
-0.47432
 20
8.26354
 10
-0.4742
 20
8.26366
 10
-0.4728
 20
8.26436
 10
-0.45878
 20
8.27137
 10
-0.47222
 20
8.36721
 10
-0.51626
 20
8.68104
 10
-0.53324
 20
8.68104
 10
-0.53406
 20
8.68186
 10
-0.53488
 20
8.68268
 10
-0.53488
 20
8.6835
 10
-0.53596
 20
8.69096
 10
-0.54226
 20
8.73434
 10
-0.54226
 20
8.73516
 10
-0.54144
 20
8.73598
 10
-0.54144
 20
8.7368
 10
-0.54074
 20
8.7375
 10
-0.54062
 20
8.73762
 10
-0.53898
 20
8.73762
 10
-0.5338
 20
8.73835
 10
-0.50372
 20
8.74254
 10
-0.50208
 20
8.74254
 10
-0.50126
 20
8.74172
 10
-0.50056
 20
8.74102
 10
-0.50044
 20
8.7409
 10
-0.50044
 20
8.74008
 10
-0.49935
 20
8.73262
 10
-0.49306
 20
8.68924
 10
-0.49306
 20
8.68842
 10
-0.49388
 20
8.6876
 10
-0.49388
 20
8.68678
 10
-0.4947
 20
8.68596
 10
-0.51115
 20
8.68596
 10
-0.49669
 20
8.58294
 10
-0.45685
 20
8.286
 10
-0.36713
 20
8.286
 10
-0.36713
 20
8.31521
 10
-0.38175
 20
8.33225
  0
LWPOLYLINE
  5
25E
330
17
100
AcDbEntity
  8
KAT1_DUVAR
100
AcDbPolyline
 90
10
 70
1
 38
7.9714
 10
0.0769
 20
9.2681
 10
0.0769
 20
9.0773
 10
0.2684
 20
9.0773
 10
0.2684
 20
9.2681
 10
3.11846
 20
9.2681
 10
3.11846
 20
9.0861
 10
3.1185
 20
9.0861
 10
3.1185
 20
9.0773
 10
3.309
 20
9.0773
 10
3.309
 20
9.2681
  0
LWPOLYLINE
  5
25F
330
17
100
AcDbEntity
  8
KAT1_DUVAR
100
AcDbPolyline
 90
4
 70
1
 38
7.9714
 10
1.0685
 20
-5.0228
 10
1.0685
 20
-5.214
 10
1.2591
 20
-5.214
 10
1.2591
 20
-5.0228
  0
LWPOLYLINE
  5
260
330
17
100
AcDbEntity
  8
KAT1_DUVAR
100
AcDbPolyline
 90
8
 70
1
 38
7.9714
 10
1.7683
 20
-4.02274
 10
1.7683
 20
-4.2139
 10
1.8683
 20
-4.2139
 10
1.8683
 20
-4.02274
 10
4.1185
 20
-4.02274
 10
4.1185
 20
-4.2139
 10
4.3089
 20
-4.2139
 10
4.3089
 20
-4.02274
  0
LWPOLYLINE
  5
261
330
17
100
AcDbEntity
  8
KAT1_DUVAR
100
AcDbPolyline
 90
6
 70
1
 38
7.9714
 10
2.96844
 20
-0.4227
 10
2.96844
 20
-0.514
 10
3.16847
 20
-0.514
 10
3.16847
 20
-0.32275
 10
2.977
 20
-0.32275
 10
2.977
 20
-0.4227
  0
LWPOLYLINE
  5
262
330
17
100
AcDbEntity
  8
KAT1_DUVAR
100
AcDbPolyline
 90
6
 70
1
 38
7.9714
 10
4.11845
 20
-0.332
 10
4.11845
 20
-0.514
 10
4.1185
 20
-0.514
 10
4.1185
 20
-0.52277
 10
4.3089
 20
-0.52277
 10
4.3089
 20
-0.332
  0
LWPOLYLINE
  5
263
330
17
100
AcDbEntity
  8
KAT1_DUVAR
100
AcDbPolyline
 90
4
 70
1
 38
7.9714
 10
4.11845
 20
0.92738
 10
4.11845
 20
0.7359
 10
4.3089
 20
0.7359
 10
4.3089
 20
0.92738
  0
LWPOLYLINE
  5
264
330
17
100
AcDbEntity
  8
KAT1_DUVAR
100
AcDbPolyline
 90
5
 70
1
 38
7.9714
 10
4.11845
 20
3.318
 10
4.1185
 20
3.12746
 10
4.14497
 20
3.12737
 10
4.3089
 20
3.12737
 10
4.3089
 20
3.318
  0
LWPOLYLINE
  5
265
330
17
100
AcDbEntity
  8
KAT1_DUVAR
100
AcDbPolyline
 90
48
 70
1
 38
7.9714
 10
3.67862
 20
5.11887
 10
3.68896
 20
5.09757
 10
3.72044
 20
5.07115
 10
3.72344
 20
5.06866
 10
3.73269
 20
5.0609
 10
3.8091
 20
5.0609
 10
3.8091
 20
6.043
 10
3.76144
 20
6.043
 10
3.75381
 20
6.02761
 10
3.75163
 20
6.02323
 10
3.74695
 20
6.01921
 10
3.72054
 20
5.99661
 10
3.71796
 20
5.99443
 10
3.68213
 20
5.9644
 10
3.75163
 20
5.86481
 10
3.75352
 20
5.861
 10
3.76495
 20
5.84453
 10
3.76331
 20
5.84128
 10
3.76801
 20
5.8318
 10
3.74694
 20
5.81412
 10
3.74285
 20
5.81065
 10
3.71355
 20
5.78602
 10
3.76471
 20
5.63942
 10
3.76361
 20
5.63721
 10
3.76734
 20
5.62639
 10
3.74695
 20
5.60909
 10
3.72054
 20
5.5867
 10
3.71795
 20
5.58452
 10
3.68911
 20
5.56034
 10
3.68237
 20
5.54675
 10
3.67981
 20
5.52632
 10
3.68904
 20
5.50764
 10
3.72049
 20
5.4813
 10
3.72347
 20
5.47877
 10
3.76739
 20
5.44153
 10
3.76345
 20
5.43108
 10
3.76471
 20
5.42854
 10
3.70983
 20
5.28523
 10
3.72055
 20
5.27626
 10
3.72353
 20
5.27372
 10
3.75163
 20
5.2499
 10
3.76296
 20
5.22706
 10
3.76493
 20
5.22947
 10
3.76334
 20
5.22631
 10
3.76471
 20
5.22354
 10
3.7578
 20
5.2153
 10
3.75384
 20
5.20743
 10
3.75166
 20
5.20303
  0
LWPOLYLINE
  5
266
330
17
100
AcDbEntity
  8
KAT1_DUVAR
100
AcDbPolyline
 90
4
 70
1
 38
7.9714
 10
0.177
 20
6.07737
 10
0.177
 20
5.97732
 10
0.2684
 20
5.97732
 10
0.2684
 20
6.07737
  0
LWPOLYLINE
  5
267
330
17
100
AcDbEntity
  8
KAT1_DUVAR
100
AcDbPolyline
 90
7
 70
1
 38
7.9714
 10
0.0684
 20
8.2772
 10
0.0684
 20
8.086
 10
0.1684
 20
8.086
 10
0.1684
 20
8.0774
 10
0.19495
 20
8.07725
 10
0.259
 20
8.07725
 10
0.259
 20
8.2772
  0
LWPOLYLINE
  5
268
330
17
100
AcDbEntity
  8
KAT1_DUVAR
100
AcDbPolyline
 90
7
 70
1
 38
7.9714
 10
3.76948
 20
-6.40993
 10
3.76948
 20
-6.47273
 10
3.77026
 20
-6.47273
 10
3.77082
 20
-6.473
 10
3.77096
 20
-6.473
 10
3.77124
 20
-6.47273
 10
3.77096
 20
-6.40993
  0
LWPOLYLINE
  5
269
330
17
100
AcDbEntity
  8
KAT1_DUVAR
100
AcDbPolyline
 90
6
 70
1
 38
7.9714
 10
3.02614
 20
1.92735
 10
3.17087
 20
1.92735
 10
3.17087
 20
1.92678
 10
3.17144
 20
1.92678
 10
3.17087
 20
1.42677
 10
3.02614
 20
1.42677
  0
LWPOLYLINE
  5
26A
330
17
100
AcDbEntity
  8
KAT1_DUVAR
100
AcDbPolyline
 90
4
 70
1
 38
7.9714
 10
-0.0006
 20
10.402
 10
0.3275
 20
10.402
 10
0.3275
 20
10.0739
 10
-0.0006
 20
10.0739
  0
LWPOLYLINE
  5
26B
330
17
100
AcDbEntity
  8
KAT1_DUVAR
100
AcDbPolyline
 90
4
 70
1
 38
7.9714
 10
-2.173
 20
-5.0228
 10
-2.173
 20
-5.214
 10
-1.9817
 20
-5.214
 10
-1.9817
 20
-5.0228
  0
LWPOLYLINE
  5
26C
330
17
100
AcDbEntity
  8
KAT1_DUVAR
100
AcDbPolyline
 90
159
 70
1
 38
7.9714
 10
-2.66095
 20
-4.31276
 10
-2.65996
 20
-4.30389
 10
-2.59636
 20
-4.30919
 10
-2.59742
 20
-4.31873
 10
-2.59725
 20
-4.32619
 10
-2.59742
 20
-4.32933
 10
-2.66075
 20
-4.32338
 10
-2.66219
 20
-4.32547
 10
-2.78929
 20
-4.31301
 10
-2.78973
 20
-4.31337
 10
-2.7954
 20
-4.31054
 10
-2.91832
 20
-4.29919
 10
-2.91624
 20
-4.28879
 10
-2.98063
 20
-4.28274
 10
-2.98026
 20
-4.27539
 10
-2.9801
 20
-4.27209
 10
-2.9624
 20
-4.2738
 10
-2.9624
 20
-4.2319
 10
-3.04922
 20
-4.2319
 10
-3.06118
 20
-4.31716
 10
-3.1058
 20
-4.63512
 10
-3.08921
 20
-4.63512
 10
-3.08839
 20
-4.63594
 10
-3.08839
 20
-4.63676
 10
-3.08757
 20
-4.63758
 10
-3.08757
 20
-4.6384
 10
-3.08865
 20
-4.64586
 10
-3.09495
 20
-4.68924
 10
-3.09495
 20
-4.69006
 10
-3.09659
 20
-4.6917
 10
-3.09823
 20
-4.6917
 10
-3.10353
 20
-4.69098
 10
-3.13431
 20
-4.68678
 10
-3.13513
 20
-4.68678
 10
-3.13595
 20
-4.68596
 10
-3.13595
 20
-4.68514
 10
-3.13677
 20
-4.68432
 10
-3.13677
 20
-4.6835
 10
-3.13569
 20
-4.67604
 10
-3.12939
 20
-4.63266
 10
-3.12939
 20
-4.63184
 10
-3.12857
 20
-4.63102
 10
-3.12787
 20
-4.63032
 10
-3.12775
 20
-4.6302
 10
-3.10999
 20
-4.6302
 10
-3.09703
 20
-4.53127
 10
-3.05275
 20
-4.2157
 10
-3.06953
 20
-4.21341
 10
-3.06953
 20
-4.21199
 10
-3.07035
 20
-4.21117
 10
-3.07035
 20
-4.21035
 10
-3.06927
 20
-4.20289
 10
-3.06297
 20
-4.15951
 10
-3.06297
 20
-4.15869
 10
-3.06133
 20
-4.15705
 10
-3.05969
 20
-4.15705
 10
-3.03755
 20
-4.16006
 10
-3.03755
 20
-4.12179
 10
-3.03673
 20
-4.12097
 10
-3.03673
 20
-4.12015
 10
-3.03606
 20
-4.11948
 10
-3.03591
 20
-4.11933
 10
-2.9909
 20
-4.11933
 10
-2.9909
 20
-3.9926
 10
-2.9815
 20
-3.9926
 10
-2.9815
 20
-3.984
 10
-2.1211
 20
-3.984
 10
-2.1211
 20
-1.4927
 10
-2.1116
 20
-1.4927
 10
-2.1116
 20
-1.4839
 10
-1.23112
 20
-1.4839
 10
-1.23112
 20
-1.42587
 10
-1.2211
 20
-1.42587
 10
-1.2211
 20
-1.4233
 10
-1.2116
 20
-1.42327
 10
-1.2116
 20
-1.4139
 10
-1.21095
 20
-1.4139
 10
-1.21095
 20
-1.40569
 10
-0.9504
 20
-1.40569
 10
-0.9504
 20
-1.4233
 10
-0.9429
 20
-1.4233
 10
-0.9429
 20
-1.42587
 10
-0.93107
 20
-1.42587
 10
-0.93107
 20
-1.4839
 10
-0.00823
 20
-1.4839
 10
-0.00823
 20
-1.47209
 10
0.06657
 20
-1.47209
 10
0.06657
 20
-1.4839
 10
0.0688
 20
-1.4839
 10
0.0688
 20
-1.49226
 10
0.08674
 20
-1.49226
 10
0.08674
 20
-1.57211
 10
0.0901
 20
-1.57211
 10
0.0901
 20
-2.46553
 10
0.04808
 20
-2.46553
 10
0.04808
 20
-1.67212
 10
-0.00823
 20
-1.67212
 10
-0.00823
 20
-1.662
 10
-1.943
 20
-1.662
 10
-1.943
 20
-4.9841
 10
-1.0565
 20
-4.9841
 10
-1.0565
 20
-4.9927
 10
-1.0479
 20
-4.9927
 10
-1.0479
 20
-5.014
 10
-1.0016
 20
-5.014
 10
-1.0016
 20
-5.114
 10
-1.00083
 20
-5.11554
 10
-1.00083
 20
-5.16009
 10
-0.97394
 20
-5.16009
 10
-0.97331
 20
-5.16072
 10
-0.9731
 20
-5.16093
 10
-0.9731
 20
-5.20295
 10
-0.97373
 20
-5.20421
 10
-0.97394
 20
-5.20463
 10
-0.98926
 20
-5.20463
 10
-0.98926
 20
-5.64756
 10
-0.97478
 20
-5.64756
 10
-0.97415
 20
-5.64819
 10
-0.97394
 20
-5.6484
 10
-0.97331
 20
-5.64903
 10
-0.9731
 20
-5.64924
 10
-0.9731
 20
-5.69127
 10
-0.97373
 20
-5.6919
 10
-0.97394
 20
-5.69211
 10
-0.97457
 20
-5.69274
 10
-0.97478
 20
-5.69295
 10
-1.01344
 20
-5.69295
 10
-1.01428
 20
-5.69211
 10
-1.01491
 20
-5.69148
 10
-1.01512
 20
-5.69127
 10
-1.01512
 20
-5.64924
 10
-1.01449
 20
-5.64861
 10
-1.01428
 20
-5.6484
 10
-1.01365
 20
-5.64777
 10
-1.01344
 20
-5.64756
 10
-0.99935
 20
-5.64756
 10
-0.99935
 20
-5.232
 10
-1.05584
 20
-5.232
 10
-1.05584
 20
-5.28168
 10
-1.05546
 20
-5.28254
 10
-1.14663
 20
-5.32492
 10
-1.14301
 20
-5.33321
 10
-1.1999
 20
-5.36021
 10
-1.50449
 20
-5.50282
 10
-1.5946
 20
-5.54522
 10
-1.5972
 20
-5.54031
 10
-1.5997
 20
-5.53559
 10
-1.50893
 20
-5.49338
 10
-1.20366
 20
-5.35144
 10
-1.15043
 20
-5.32669
 10
-1.15043
 20
-5.31625
 10
-1.13614
 20
-5.3096
 10
-1.13614
 20
-5.232
 10
-2.1816
 20
-5.232
 10
-2.1816
 20
-5.2228
 10
-2.191
 20
-5.2228
 10
-2.191
 20
-4.2319
 10
-2.88108
 20
-4.2319
 10
-2.88108
 20
-4.29209
  0
LWPOLYLINE
  5
26D
330
17
100
AcDbEntity
  8
KAT1_DUVAR
100
AcDbPolyline
 90
6
 70
1
 38
7.9714
 10
-2.18161
 20
-4.04388
 10
-2.1816
 20
-4.22268
 10
-1.9911
 20
-4.22268
 10
-1.9911
 20
-4.02274
 10
-2.08153
 20
-4.02274
 10
-2.08045
 20
-4.03194
  0
LWPOLYLINE
  5
26E
330
17
100
AcDbEntity
  8
KAT1_DUVAR
100
AcDbPolyline
 90
4
 70
1
 38
7.9714
 10
-5.2229
 20
3.9772
 10
-5.2229
 20
3.8774
 10
-5.03152
 20
3.8774
 10
-5.03152
 20
3.9772
  0
LWPOLYLINE
  5
26F
330
17
100
AcDbEntity
  8
KAT1_DUVAR
100
AcDbPolyline
 90
4
 70
1
 38
7.9714
 10
-5.2229
 20
8.268
 10
-5.2229
 20
8.0774
 10
-5.03152
 20
8.0774
 10
-5.03152
 20
8.268
  0
LWPOLYLINE
  5
270
330
17
100
AcDbEntity
  8
KAT1_DUVAR
100
AcDbPolyline
 90
74
 70
1
 38
7.9714
 10
-5.2409
 20
8.2772
 10
-5.2317
 20
8.2772
 10
-5.2317
 20
8.286
 10
-4.34086
 20
8.286
 10
-4.34086
 20
8.33739
 10
-4.26056
 20
8.33739
 10
-4.26056
 20
8.286
 10
-4.2066
 20
8.286
 10
-4.20658
 20
8.27698
 10
-4.2066
 20
8.18454
 10
-4.2066
 20
8.183
 10
-4.21114
 20
8.183
 10
-4.21114
 20
8.15826
 10
-4.2529
 20
8.15826
 10
-4.2529
 20
8.0473
 10
-4.26123
 20
8.0473
 10
-4.26148
 20
8.0379
 10
-4.993
 20
8.0379
 10
-4.993
 20
4.0164
 10
-3.4721
 20
4.0164
 10
-3.47209
 20
4.0159
 10
-0.9515
 20
4.0159
 10
-0.9515
 20
4.0074
 10
-0.9429
 20
4.0074
 10
-0.9429
 20
3.3659
 10
-0.85207
 20
3.3659
 10
-0.85207
 20
4.12378
 10
-0.81005
 20
4.12378
 10
-0.81005
 20
3.23036
 10
-0.81341
 20
3.23036
 10
-0.81341
 20
3.12782
 10
-0.8231
 20
3.12782
 10
-0.8231
 20
3.0972
 10
-0.832
 20
3.097
 10
-0.832
 20
3.088
 10
-1.2116
 20
3.088
 10
-1.21163
 20
3.0972
 10
-1.2211
 20
3.0972
 10
-1.2211
 20
3.838
 10
-4.993
 20
3.838
 10
-4.993
 20
3.2973
 10
-5.0016
 20
3.2973
 10
-5.0016
 20
3.2879
 10
-5.9931
 20
3.2879
 10
-5.9931
 20
2.9273
 10
-6.0017
 20
2.9273
 10
-6.0017
 20
2.918
 10
-6.023
 20
2.918
 10
-6.023
 20
2.8723
 10
-6.03198
 20
2.87225
 10
-6.14544
 20
2.87225
 10
-6.14544
 20
2.82715
 10
-6.17089
 20
2.82715
 10
-6.17089
 20
2.87224
 10
-6.241
 20
2.87229
 10
-6.241
 20
2.92725
 10
-6.24509
 20
2.9268
 10
-6.27835
 20
3.15246
 10
-6.37265
 20
3.79181
 10
-6.3776
 20
3.82467
 10
-6.37745
 20
3.82469
 10
-6.3776
 20
3.82573
 10
-6.37045
 20
3.82546
 10
-6.36806
 20
3.82573
 10
-6.36083
 20
3.77672
 10
-6.36207
 20
3.77647
 10
-6.33479
 20
3.60006
 10
-6.26384
 20
3.11873
 10
-6.241
 20
3.1204
 10
-6.241
 20
3.5274
 10
-6.2316
 20
3.5274
 10
-6.2316
 20
3.536
 10
-5.54573
 20
3.536
 10
-5.2409
 20
3.54
  0
LWPOLYLINE
  5
271
330
17
100
AcDbEntity
  8
KAT1_DUVAR
100
AcDbPolyline
 90
4
 70
1
 38
7.9714
 10
-6.223
 20
3.518
 10
-6.223
 20
3.3274
 10
-6.0316
 20
3.3274
 10
-6.0316
 20
3.518
  0
LWPOLYLINE
  5
272
330
17
100
AcDbEntity
  8
KAT1_DUVAR
100
AcDbPolyline
 90
3
 70
1
 38
7.9714
 10
-4.35348
 20
8.37105
 10
-4.35271
 20
8.37643
 10
-4.35542
 20
8.37192
  0
LWPOLYLINE
  5
273
330
17
100
AcDbEntity
  8
KAT1_DUVAR
100
AcDbPolyline
 90
3
 70
1
 38
7.9714
 10
-4.35271
 20
8.37646
 10
-4.35262
 20
8.37709
 10
-4.35297
 20
8.37698
  0
LWPOLYLINE
  5
274
330
17
100
AcDbEntity
  8
KAT1_DUVAR
100
AcDbPolyline
 90
9
 70
1
 38
7.9714
 10
-2.6816
 20
0.1773
 10
-1.1815
 20
0.1773
 10
-1.1815
 20
0.07732
 10
-1.15491
 20
0.07729
 10
-0.9911
 20
0.07729
 10
-0.9911
 20
0.1773
 10
-2.88168
 20
0.1773
 10
-2.88168
 20
0.0861
 10
-2.68161
 20
0.0861
  0
LWPOLYLINE
  5
275
330
17
100
AcDbEntity
  8
KAT1_DUVAR
100
AcDbPolyline
 90
8
 70
1
 38
7.9714
 10
-5.04107
 20
0.17653
 10
-5.03152
 20
0.17735
 10
-5.0315
 20
0.1679
 10
-4.78151
 20
0.1679
 10
-4.78151
 20
0.0773
 10
-5.2229
 20
0.0773
 10
-5.2229
 20
0.1773
 10
-5.04113
 20
0.1773
  0
LWPOLYLINE
  5
276
330
17
100
AcDbEntity
  8
KAT1_DUVAR
100
AcDbPolyline
 90
151
 70
1
 38
7.9714
 10
-6.2316
 20
0.5179
 10
-5.2409
 20
0.5179
 10
-5.2409
 20
-4.2227
 10
-5.2317
 20
-4.2227
 10
-5.2317
 20
-4.2319
 10
-4.28115
 20
-4.2319
 10
-4.28115
 20
-4.27313
 10
-4.30828
 20
-4.27341
 10
-4.31684
 20
-4.2735
 10
-4.31684
 20
-4.28392
 10
-4.30812
 20
-4.28384
 10
-4.18115
 20
-4.28269
 10
-4.18115
 20
-4.27209
 10
-4.19982
 20
-4.27228
 10
-4.19982
 20
-4.2319
 10
-4.11072
 20
-4.2319
 10
-4.07044
 20
-4.53208
 10
-4.05598
 20
-4.63512
 10
-4.07158
 20
-4.63512
 10
-4.07322
 20
-4.63676
 10
-4.07322
 20
-4.6384
 10
-4.06763
 20
-4.68178
 10
-4.06654
 20
-4.69018
 10
-4.06502
 20
-4.6917
 10
-4.06338
 20
-4.6917
 10
-4.0326
 20
-4.6875
 10
-4.0273
 20
-4.68678
 10
-4.02648
 20
-4.68678
 10
-4.02484
 20
-4.68514
 10
-4.02484
 20
-4.6835
 10
-4.03114
 20
-4.64012
 10
-4.03222
 20
-4.63266
 10
-4.03222
 20
-4.63184
 10
-4.03234
 20
-4.63172
 10
-4.03316
 20
-4.6309
 10
-4.03386
 20
-4.6302
 10
-4.05087
 20
-4.6302
 10
-4.09491
 20
-4.31635
 10
-4.10944
 20
-4.21281
 10
-4.09208
 20
-4.21281
 10
-4.09208
 20
-4.21199
 10
-4.09126
 20
-4.21117
 10
-4.09126
 20
-4.20953
 10
-4.09756
 20
-4.16685
 10
-4.09864
 20
-4.15951
 10
-4.09864
 20
-4.15869
 10
-4.09946
 20
-4.15787
 10
-4.10029
 20
-4.15705
 10
-4.10192
 20
-4.15705
 10
-4.12407
 20
-4.16014
 10
-4.12407
 20
-4.12097
 10
-4.12421
 20
-4.12082
 10
-4.12489
 20
-4.12015
 10
-4.12503
 20
-4.12
 10
-4.12571
 20
-4.11933
 10
-4.1731
 20
-4.11933
 10
-4.1731
 20
-3.9926
 10
-4.1817
 20
-3.9926
 10
-4.1817
 20
-3.984
 10
-4.993
 20
-3.984
 10
-4.993
 20
-0.4621
 10
-4.7516
 20
-0.4621
 10
-4.7516
 20
-0.4526
 10
-4.743
 20
-0.4526
 10
-4.743
 20
0.0381
 10
-3.415
 20
0.0379
 10
-1.2211
 20
0.0379
 10
-1.2211
 20
-0.44587
 10
-1.23112
 20
-0.44587
 10
-1.23112
 20
-0.50218
 10
-1.9741
 20
-0.50218
 10
-1.9741
 20
-0.54421
 10
-1.08068
 20
-0.54421
 10
-1.08068
 20
-0.54085
 10
-0.9504
 20
-0.54085
 10
-0.9504
 20
-0.5232
 10
-0.9429
 20
-0.5232
 10
-0.9429
 20
-0.52068
 10
-0.93107
 20
-0.52068
 10
-0.93107
 20
-0.44587
 10
-0.9429
 20
-0.44587
 10
-0.9429
 20
1.7073
 10
-0.9515
 20
1.7073
 10
-0.9515
 20
1.7161
 10
-1.2116
 20
1.7161
 10
-1.2116
 20
1.70732
 10
-1.2211
 20
1.7073
 10
-1.2211
 20
1.3692
 10
-1.4395
 20
1.3692
 10
-1.4395
 20
1.1168
 10
-1.2211
 20
1.1168
 10
-1.2211
 20
0.216
 10
-2.6431
 20
0.216
 10
-2.6431
 20
1.1168
 10
-2.6065
 20
1.1168
 10
-2.6065
 20
1.31448
 10
-2.53453
 20
1.31448
 10
-2.51185
 20
1.31549
 10
-2.50912
 20
1.30887
 10
-2.50863
 20
1.30867
 10
-2.50698
 20
1.30799
 10
-2.33007
 20
1.30799
 10
-2.27567
 20
1.30936
 10
-2.27499
 20
1.31101
 10
-2.27499
 20
1.34898
 10
-2.27519
 20
1.34947
 10
-2.27587
 20
1.35112
 10
-2.27636
 20
1.35132
 10
-2.27801
 20
1.352
 10
-2.50781
 20
1.352
 10
-2.51106
 20
1.35845
 10
-2.51154
 20
1.35869
 10
-2.51315
 20
1.3595
 10
-2.6065
 20
1.3595
 10
-2.6065
 20
1.3692
 10
-2.6431
 20
1.3692
 10
-2.6431
 20
1.7073
 10
-2.6517
 20
1.7073
 10
-2.6517
 20
1.7161
 10
-2.9116
 20
1.7161
 10
-2.9116
 20
1.7072
 10
-2.9206
 20
1.7072
 10
-2.9207
 20
1.1409
 10
-2.921
 20
1.1409
 10
-2.921
 20
0.216
 10
-4.993
 20
0.216
 10
-4.993
 20
0.7574
 10
-5.0016
 20
0.7574
 10
-5.0016
 20
0.766
 10
-5.9931
 20
0.766
 10
-5.9931
 20
1.1273
 10
-6.0017
 20
1.1273
 10
-6.0017
 20
1.136
 10
-6.023
 20
1.136
 10
-6.023
 20
1.1823
 10
-6.14544
 20
1.1823
 10
-6.14544
 20
1.22752
 10
-6.17089
 20
1.22752
 10
-6.17089
 20
1.1823
 10
-6.241
 20
1.1823
 10
-6.241
 20
1.12848
 10
-6.24509
 20
1.12893
 10
-6.27835
 20
0.90353
 10
-6.3776
 20
0.23106
 10
-6.3752
 20
0.23053
 10
-6.36806
 20
0.22894
 10
-6.35958
 20
0.2777
 10
-6.26402
 20
0.93515
 10
-6.241
 20
0.93348
 10
-6.241
 20
0.5273
 10
-6.2316
 20
0.5273
  0
LWPOLYLINE
  5
277
330
17
100
AcDbEntity
  8
KAT1_DUVAR
100
AcDbPolyline
 90
4
 70
1
 38
7.9714
 10
-6.223
 20
0.7174
 10
-6.223
 20
0.5359
 10
-6.0407
 20
0.5359
 10
-6.0407
 20
0.7174
  0
LWPOLYLINE
  5
278
330
17
100
AcDbEntity
  8
KAT1_DUVAR
100
AcDbPolyline
 90
6
 70
1
 38
7.9714
 10
-5.2229
 20
-4.02274
 10
-5.2229
 20
-4.2139
 10
-5.00161
 20
-4.2139
 10
-5.00161
 20
-4.03581
 10
-5.03262
 20
-4.03193
 10
-5.03149
 20
-4.02274
  0
LWPOLYLINE
  5
279
330
17
100
AcDbEntity
  8
KAT1_DUVAR
100
AcDbPolyline
 90
6
 70
1
 38
7.9714
 10
-1.37248
 20
0.54744
 10
-1.37248
 20
0.51215
 10
-1.35965
 20
0.51215
 10
-1.35965
 20
0.54798
 10
-1.37195
 20
0.54798
 10
-1.37199
 20
0.54794
  0
LWPOLYLINE
  5
27A
330
17
100
AcDbEntity
  8
KAT1_DUVAR
100
AcDbPolyline
 90
80
 70
1
 38
7.9714
 10
-3.16031
 20
8.19213
 10
-3.1167
 20
8.19213
 10
-3.1167
 20
8.183
 10
-3.11065
 20
8.183
 10
-3.11065
 20
8.15826
 10
-3.071
 20
8.15826
 10
-3.071
 20
8.0473
 10
-3.06155
 20
8.0473
 10
-3.0615
 20
8.0379
 10
-1.5866
 20
8.0379
 10
-1.5866
 20
8.0473
 10
-1.5781
 20
8.0473
 10
-1.5781
 20
8.17018
 10
-1.53119
 20
8.17018
 10
-1.53104
 20
8.17032
 10
-1.53037
 20
8.171
 10
-1.53022
 20
8.17114
 10
-1.52955
 20
8.17182
 10
-1.52955
 20
8.17263
 10
-1.52873
 20
8.17346
 10
-1.52873
 20
8.21086
 10
-1.50741
 20
8.2079
 10
-1.50577
 20
8.2079
 10
-1.50565
 20
8.20802
 10
-1.50495
 20
8.20872
 10
-1.50413
 20
8.20954
 10
-1.50413
 20
8.21036
 10
-1.49783
 20
8.25304
 10
-1.49675
 20
8.26038
 10
-1.49675
 20
8.26284
 10
-1.49826
 20
8.26435
 10
-1.51439
 20
8.26655
 10
-1.4701
 20
8.58213
 10
-1.45622
 20
8.68104
 10
-1.43853
 20
8.68104
 10
-1.43853
 20
8.68186
 10
-1.43771
 20
8.68268
 10
-1.43771
 20
8.6835
 10
-1.43141
 20
8.72688
 10
-1.43033
 20
8.73434
 10
-1.43033
 20
8.73598
 10
-1.43045
 20
8.7361
 10
-1.43115
 20
8.7368
 10
-1.43197
 20
8.73762
 10
-1.43279
 20
8.73762
 10
-1.46357
 20
8.74182
 10
-1.46887
 20
8.74254
 10
-1.47051
 20
8.74254
 10
-1.47203
 20
8.74102
 10
-1.47775
 20
8.6967
 10
-1.47871
 20
8.68924
 10
-1.47871
 20
8.6876
 10
-1.47789
 20
8.68678
 10
-1.47707
 20
8.68596
 10
-1.46133
 20
8.68596
 10
-1.50595
 20
8.36802
 10
-1.51669
 20
8.286
 10
-1.60454
 20
8.286
 10
-1.60454
 20
8.32918
 10
-1.58612
 20
8.32781
 10
-1.58579
 20
8.33096
 10
-1.58512
 20
8.33735
 10
-1.68525
 20
8.34498
 10
-2.08435
 20
8.37536
 10
-2.08331
 20
8.38596
 10
-2.08952
 20
8.38643
 10
-2.18293
 20
8.39354
 10
-2.18399
 20
8.38294
 10
-2.08436
 20
8.37536
 10
-2.08532
 20
8.36581
 10
-1.68587
 20
8.3354
 10
-1.68587
 20
8.286
 10
-2.98093
 20
8.286
 10
-2.98093
 20
8.33739
 10
-3.06123
 20
8.33739
 10
-3.06123
 20
8.30753
 10
-3.06178
 20
8.286
 10
-3.1167
 20
8.286
 10
-3.1167
 20
8.24301
 10
-3.16031
 20
8.24301
  0
LWPOLYLINE
  5
27B
330
17
100
AcDbEntity
  8
KAT1_DUVAR
100
AcDbPolyline
 90
12
 70
1
 38
7.9714
 10
-2.97299
 20
8.38524
 10
-2.97464
 20
8.38895
 10
-2.9748
 20
8.3893
 10
-2.93903
 20
8.40554
 10
-2.61226
 20
8.55785
 10
-2.60734
 20
8.54856
 10
-2.51685
 20
8.59071
 10
-2.51457
 20
8.5864
 10
-2.51261
 20
8.58223
 10
-2.60272
 20
8.53983
 10
-2.6029
 20
8.54017
 10
-2.63849
 20
8.52359
  0
LWPOLYLINE
  5
27C
330
17
100
AcDbEntity
  8
KAT1_DUVAR
100
AcDbPolyline
 90
17
 70
1
 38
7.9714
 10
-1.53003
 20
1.31448
 10
-1.52496
 20
1.31448
 10
-1.52496
 20
1.31101
 10
-1.52564
 20
1.30936
 10
-1.52584
 20
1.30887
 10
-1.52749
 20
1.30819
 10
-1.52798
 20
1.30799
 10
-1.76198
 20
1.30799
 10
-1.76363
 20
1.30867
 10
-1.76412
 20
1.30887
 10
-1.765
 20
1.31964
 10
-1.765
 20
1.34898
 10
-1.76432
 20
1.35063
 10
-1.76412
 20
1.35112
 10
-1.76247
 20
1.3518
 10
-1.76198
 20
1.352
 10
-1.53003
 20
1.352
  0
LWPOLYLINE
  5
27D
330
17
100
AcDbEntity
  8
KAT1_DUVAR
100
AcDbPolyline
 90
4
 70
1
 38
7.9714
 10
-2.281
 20
10.402
 10
-1.9529
 20
10.402
 10
-1.9529
 20
10.0739
 10
-2.281
 20
10.0739
  0
LWPOLYLINE
  5
27E
330
17
100
AcDbEntity
  8
KAT1_DUVAR
100
AcDbPolyline
 90
4
 70
1
 38
7.9714
 10
-3.66066
 20
8.24301
 10
-3.61083
 20
8.24301
 10
-3.61083
 20
8.19213
 10
-3.66066
 20
8.19213
  0
LWPOLYLINE
  5
27F
330
17
100
AcDbEntity
  8
KAT1_DUVAR
100
AcDbPolyline
 90
5
 70
1
 38
7.9714
 10
-4.80674
 20
8.5864
 10
-4.80446
 20
8.59071
 10
-4.71395
 20
8.54854
 10
-4.71754
 20
8.53983
 10
-4.80871
 20
8.58223
  0
LWPOLYLINE
  5
280
330
17
100
AcDbEntity
  8
KAT1_DUVAR
100
AcDbPolyline
 90
9
 70
1
 38
7.9714
 10
-4.85959
 20
-4.29591
 10
-4.85939
 20
-4.29859
 10
-4.85959
 20
-4.29859
 10
-4.85959
 20
-4.30156
 10
-4.99528
 20
-4.29965
 10
-4.99544
 20
-4.29667
 10
-4.99528
 20
-4.29011
 10
-4.99634
 20
-4.28057
 10
-4.85959
 20
-4.27915
  0
LWPOLYLINE
  5
281
330
17
100
AcDbEntity
  8
KAT1_DUVAR
100
AcDbPolyline
 90
6
 70
1
 38
7.9714
 10
-6.14544
 20
1.75225
 10
-6.14544
 20
1.70243
 10
-6.17089
 20
1.70243
 10
-6.17089
 20
1.80207
 10
-6.11046
 20
1.80207
 10
-6.11046
 20
1.75225
  0
LWPOLYLINE
  5
282
330
17
100
AcDbEntity
  8
KAT1_DUVAR
100
AcDbPolyline
 90
6
 70
1
 38
7.9714
 10
-6.17089
 20
2.37768
 10
-6.17089
 20
2.27804
 10
-6.11046
 20
2.27804
 10
-6.11046
 20
2.3268
 10
-6.14544
 20
2.3268
 10
-6.14544
 20
2.37768
  0
HATCH
  5
284
330
17
100
AcDbEntity
  8
KAT1_DONATI
 62
7
100
AcDbHatch
 10
0.0
 20
0.0
 30
7.9714
210
0.0
220
0.0
230
1.0
  2
ANSI31
 70
0
 71
0
 91
12
 92
3
 72
0
 73
1
 93
8
 10
2.00933
 20
2.16553
 10
2.00949
 20
2.16553
 10
2.00949
 20
2.1842
 10
2.00949
 20
2.18436
 10
1.99081
 20
2.18436
 10
1.99065
 20
2.18436
 10
1.99065
 20
2.16569
 10
1.99065
 20
2.16553
 97
0
 92
3
 72
0
 73
1
 93
9
 10
2.01773
 20
2.16616
 10
2.01777
 20
2.17814
 10
2.01763
 20
2.18373
 10
2.01791
 20
2.18373
 10
2.02552
 20
2.18373
 10
2.04576
 20
2.18373
 10
2.04578
 20
2.17661
 10
2.04591
 20
2.16616
 10
2.02559
 20
2.16616
 97
0
 92
3
 72
0
 73
1
 93
8
 10
2.26279
 20
2.17336
 10
2.26279
 20
2.17118
 10
2.27178
 20
2.17118
 10
2.27468
 20
2.17118
 10
2.27468
 20
2.1769
 10
2.27468
 20
2.17871
 10
2.26607
 20
2.17871
 10
2.26279
 20
2.17871
 97
0
 92
3
 72
0
 73
1
 93
8
 10
2.44003
 20
2.17871
 10
2.44882
 20
2.17871
 10
2.45211
 20
2.17871
 10
2.45211
 20
2.17328
 10
2.45211
 20
2.17118
 10
2.4432
 20
2.17118
 10
2.44003
 20
2.17118
 10
2.44003
 20
2.17678
 97
0
 92
3
 72
0
 73
1
 93
8
 10
2.49036
 20
2.17272
 10
2.49036
 20
2.16553
 10
2.502
 20
2.16553
 10
2.5092
 20
2.16553
 10
2.5092
 20
2.17717
 10
2.5092
 20
2.18436
 10
2.49755
 20
2.18436
 10
2.49036
 20
2.18436
 97
0
 92
3
 72
0
 73
1
 93
8
 10
2.25383
 20
2.1693
 10
2.25558
 20
2.1693
 10
2.25558
 20
2.17875
 10
2.25558
 20
2.1806
 10
2.24664
 20
2.1806
 10
2.2449
 20
2.1806
 10
2.2449
 20
2.17114
 10
2.2449
 20
2.1693
 97
0
 92
3
 72
0
 73
1
 93
7
 10
2.83085
 20
2.06376
 10
2.83092
 20
2.06622
 10
2.83081
 20
2.08113
 10
2.83393
 20
2.08072
 10
2.84712
 20
2.07989
 10
2.84704
 20
2.07724
 10
2.84564
 20
2.06255
 97
0
 92
3
 72
0
 73
1
 93
8
 10
2.52549
 20
2.17759
 10
2.52557
 20
2.17118
 10
2.53367
 20
2.17118
 10
2.53752
 20
2.17212
 10
2.53752
 20
2.17871
 10
2.52932
 20
2.17871
 10
2.52557
 20
2.17871
 10
2.52549
 20
2.17871
 97
0
 92
3
 72
0
 73
1
 93
12
 10
2.66686
 20
2.17871
 10
2.66686
 20
2.17814
 10
2.66686
 20
2.17118
 10
2.66685
 20
2.17118
 10
2.66634
 20
2.17118
 10
2.66271
 20
2.17118
 10
2.65534
 20
2.17118
 10
2.6544
 20
2.17118
 10
2.6544
 20
2.17739
 10
2.6544
 20
2.17871
 10
2.66271
 20
2.17871
 10
2.66685
 20
2.17871
 97
0
 92
3
 72
0
 73
1
 93
10
 10
2.71041
 20
2.17118
 10
2.71047
 20
2.17118
 10
2.71047
 20
2.17617
 10
2.71047
 20
2.17871
 10
2.71041
 20
2.17871
 10
2.70718
 20
2.17871
 10
2.6983
 20
2.17871
 10
2.6983
 20
2.17402
 10
2.6983
 20
2.17118
 10
2.70126
 20
2.17118
 97
0
 92
3
 72
0
 73
1
 93
8
 10
2.74022
 20
2.17623
 10
2.74022
 20
2.16553
 10
2.74862
 20
2.16553
 10
2.75968
 20
2.16553
 10
2.75968
 20
2.17366
 10
2.75968
 20
2.18436
 10
2.75128
 20
2.18436
 10
2.74022
 20
2.18436
 97
0
 92
3
 72
0
 73
1
 93
8
 10
2.61968
 20
2.1806
 10
2.62518
 20
2.1806
 10
2.63036
 20
2.1806
 10
2.63036
 20
2.17478
 10
2.63036
 20
2.1693
 10
2.62486
 20
2.1693
 10
2.61968
 20
2.1693
 10
2.61968
 20
2.17511
 97
0
 75
1
 76
1
 52
90.0
 41
0.02
 77
0
 78
1
 53
135.0
 43
0.0
 44
0.0
 45
-0.0449012806
 46
-0.0449012806
 79
0
 98
0
  0
LWPOLYLINE
  5
285
330
17
100
AcDbEntity
  8
KAT1_DONATI
100
AcDbPolyline
 90
8
 70
1
 38
7.9714
 10
2.00933
 20
2.16553
 10
2.00949
 20
2.16553
 10
2.00949
 20
2.1842
 10
2.00949
 20
2.18436
 10
1.99081
 20
2.18436
 10
1.99065
 20
2.18436
 10
1.99065
 20
2.16569
 10
1.99065
 20
2.16553
  0
LWPOLYLINE
  5
286
330
17
100
AcDbEntity
  8
KAT1_DONATI
100
AcDbPolyline
 90
9
 70
1
 38
7.9714
 10
2.01773
 20
2.16616
 10
2.01777
 20
2.17814
 10
2.01763
 20
2.18373
 10
2.01791
 20
2.18373
 10
2.02552
 20
2.18373
 10
2.04576
 20
2.18373
 10
2.04578
 20
2.17661
 10
2.04591
 20
2.16616
 10
2.02559
 20
2.16616
  0
LWPOLYLINE
  5
287
330
17
100
AcDbEntity
  8
KAT1_DONATI
100
AcDbPolyline
 90
8
 70
1
 38
7.9714
 10
2.26279
 20
2.17336
 10
2.26279
 20
2.17118
 10
2.27178
 20
2.17118
 10
2.27468
 20
2.17118
 10
2.27468
 20
2.1769
 10
2.27468
 20
2.17871
 10
2.26607
 20
2.17871
 10
2.26279
 20
2.17871
  0
LWPOLYLINE
  5
288
330
17
100
AcDbEntity
  8
KAT1_DONATI
100
AcDbPolyline
 90
8
 70
1
 38
7.9714
 10
2.44003
 20
2.17871
 10
2.44882
 20
2.17871
 10
2.45211
 20
2.17871
 10
2.45211
 20
2.17328
 10
2.45211
 20
2.17118
 10
2.4432
 20
2.17118
 10
2.44003
 20
2.17118
 10
2.44003
 20
2.17678
  0
LWPOLYLINE
  5
289
330
17
100
AcDbEntity
  8
KAT1_DONATI
100
AcDbPolyline
 90
8
 70
1
 38
7.9714
 10
2.49036
 20
2.17272
 10
2.49036
 20
2.16553
 10
2.502
 20
2.16553
 10
2.5092
 20
2.16553
 10
2.5092
 20
2.17717
 10
2.5092
 20
2.18436
 10
2.49755
 20
2.18436
 10
2.49036
 20
2.18436
  0
LWPOLYLINE
  5
28A
330
17
100
AcDbEntity
  8
KAT1_DONATI
100
AcDbPolyline
 90
8
 70
1
 38
7.9714
 10
2.25383
 20
2.1693
 10
2.25558
 20
2.1693
 10
2.25558
 20
2.17875
 10
2.25558
 20
2.1806
 10
2.24664
 20
2.1806
 10
2.2449
 20
2.1806
 10
2.2449
 20
2.17114
 10
2.2449
 20
2.1693
  0
LWPOLYLINE
  5
28B
330
17
100
AcDbEntity
  8
KAT1_DONATI
100
AcDbPolyline
 90
7
 70
1
 38
7.9714
 10
2.83085
 20
2.06376
 10
2.83092
 20
2.06622
 10
2.83081
 20
2.08113
 10
2.83393
 20
2.08072
 10
2.84712
 20
2.07989
 10
2.84704
 20
2.07724
 10
2.84564
 20
2.06255
  0
LWPOLYLINE
  5
28C
330
17
100
AcDbEntity
  8
KAT1_DONATI
100
AcDbPolyline
 90
8
 70
1
 38
7.9714
 10
2.52549
 20
2.17759
 10
2.52557
 20
2.17118
 10
2.53367
 20
2.17118
 10
2.53752
 20
2.17212
 10
2.53752
 20
2.17871
 10
2.52932
 20
2.17871
 10
2.52557
 20
2.17871
 10
2.52549
 20
2.17871
  0
LWPOLYLINE
  5
28D
330
17
100
AcDbEntity
  8
KAT1_DONATI
100
AcDbPolyline
 90
12
 70
1
 38
7.9714
 10
2.66686
 20
2.17871
 10
2.66686
 20
2.17814
 10
2.66686
 20
2.17118
 10
2.66685
 20
2.17118
 10
2.66634
 20
2.17118
 10
2.66271
 20
2.17118
 10
2.65534
 20
2.17118
 10
2.6544
 20
2.17118
 10
2.6544
 20
2.17739
 10
2.6544
 20
2.17871
 10
2.66271
 20
2.17871
 10
2.66685
 20
2.17871
  0
LWPOLYLINE
  5
28E
330
17
100
AcDbEntity
  8
KAT1_DONATI
100
AcDbPolyline
 90
10
 70
1
 38
7.9714
 10
2.71041
 20
2.17118
 10
2.71047
 20
2.17118
 10
2.71047
 20
2.17617
 10
2.71047
 20
2.17871
 10
2.71041
 20
2.17871
 10
2.70718
 20
2.17871
 10
2.6983
 20
2.17871
 10
2.6983
 20
2.17402
 10
2.6983
 20
2.17118
 10
2.70126
 20
2.17118
  0
LWPOLYLINE
  5
28F
330
17
100
AcDbEntity
  8
KAT1_DONATI
100
AcDbPolyline
 90
8
 70
1
 38
7.9714
 10
2.74022
 20
2.17623
 10
2.74022
 20
2.16553
 10
2.74862
 20
2.16553
 10
2.75968
 20
2.16553
 10
2.75968
 20
2.17366
 10
2.75968
 20
2.18436
 10
2.75128
 20
2.18436
 10
2.74022
 20
2.18436
  0
LWPOLYLINE
  5
290
330
17
100
AcDbEntity
  8
KAT1_DONATI
100
AcDbPolyline
 90
8
 70
1
 38
7.9714
 10
2.61968
 20
2.1806
 10
2.62518
 20
2.1806
 10
2.63036
 20
2.1806
 10
2.63036
 20
2.17478
 10
2.63036
 20
2.1693
 10
2.62486
 20
2.1693
 10
2.61968
 20
2.1693
 10
2.61968
 20
2.17511
  0
HATCH
  5
292
330
17
100
AcDbEntity
  8
KAT1_MOBILYA
 62
7
100
AcDbHatch
 10
0.0
 20
0.0
 30
7.9714
210
0.0
220
0.0
230
1.0
  2
ANSI31
 70
0
 71
0
 91
178
 92
3
 72
0
 73
1
 93
3
 10
-4.51679
 20
-3.85492
 10
-4.51431
 20
-3.85344
 10
-4.51576
 20
-3.85199
 97
0
 92
3
 72
0
 73
1
 93
3
 10
-4.53806
 20
-3.84489
 10
-4.53632
 20
-3.84388
 10
-4.53721
 20
-3.84602
 97
0
 92
3
 72
0
 73
1
 93
3
 10
-4.43293
 20
-3.8391
 10
-4.43034
 20
-3.83842
 10
-4.43105
 20
-3.8354
 97
0
 92
3
 72
0
 73
1
 93
3
 10
-4.46682
 20
-3.83504
 10
-4.46508
 20
-3.83403
 10
-4.46448
 20
-3.83929
 97
0
 92
3
 72
0
 73
1
 93
4
 10
-4.50418
 20
-3.82897
 10
-4.5033
 20
-3.83167
 10
-4.50244
 20
-3.82998
 10
-4.50158
 20
-3.82861
 97
0
 92
3
 72
0
 73
1
 93
3
 10
-4.40858
 20
-3.80841
 10
-4.40701
 20
-3.80754
 10
-4.40745
 20
-3.80956
 97
0
 92
3
 72
0
 73
1
 93
8
 10
-4.995
 20
-1.875
 10
-4.99225
 20
-1.875
 10
-4.97303
 20
-1.875
 10
-4.97303
 20
-2.8809
 10
-4.97303
 20
-3.025
 10
-4.97578
 20
-3.025
 10
-4.995
 20
-3.025
 10
-4.995
 20
-2.8809
 97
0
 92
3
 72
0
 73
1
 93
56
 10
-4.71832
 20
-0.51488
 10
-4.7181
 20
-0.51445
 10
-4.71763
 20
-0.51351
 10
-4.71742
 20
-0.51308
 10
-4.71648
 20
-0.51261
 10
-4.71605
 20
-0.51239
 10
-4.7151
 20
-0.51192
 10
-4.71467
 20
-0.51171
 10
-4.71373
 20
-0.51171
 10
-4.7133
 20
-0.51171
 10
-4.56792
 20
-0.51171
 10
-4.24931
 20
-0.51171
 10
-4.24836
 20
-0.51171
 10
-4.24793
 20
-0.51171
 10
-4.24699
 20
-0.51218
 10
-4.24656
 20
-0.51239
 10
-4.24562
 20
-0.51286
 10
-4.24519
 20
-0.51308
 10
-4.24472
 20
-0.51402
 10
-4.2445
 20
-0.51445
 10
-4.24403
 20
-0.51539
 10
-4.24382
 20
-0.51582
 10
-4.24334
 20
-0.51677
 10
-4.24313
 20
-0.5172
 10
-4.24313
 20
-0.52128
 10
-4.24313
 20
-0.53024
 10
-4.2436
 20
-0.53165
 10
-4.24382
 20
-0.5323
 10
-4.24429
 20
-0.53324
 10
-4.2445
 20
-0.53367
 10
-4.24497
 20
-0.53461
 10
-4.24519
 20
-0.53504
 10
-4.24613
 20
-0.53551
 10
-4.24656
 20
-0.53573
 10
-4.2475
 20
-0.5362
 10
-4.24793
 20
-0.53642
 10
-4.24888
 20
-0.53642
 10
-4.24931
 20
-0.53642
 10
-4.39469
 20
-0.53642
 10
-4.7133
 20
-0.53642
 10
-4.71424
 20
-0.53642
 10
-4.71467
 20
-0.53642
 10
-4.71562
 20
-0.53594
 10
-4.71605
 20
-0.53573
 10
-4.71699
 20
-0.53526
 10
-4.71742
 20
-0.53504
 10
-4.71789
 20
-0.5341
 10
-4.7181
 20
-0.53367
 10
-4.71858
 20
-0.53273
 10
-4.71879
 20
-0.5323
 10
-4.71879
 20
-0.53088
 10
-4.71879
 20
-0.53024
 10
-4.71879
 20
-0.52615
 10
-4.71879
 20
-0.5172
 10
-4.71879
 20
-0.51625
 10
-4.71879
 20
-0.51582
 97
0
 92
3
 72
0
 73
1
 93
13
 10
-4.66358
 20
0.67091
 10
-4.66256
 20
0.67054
 10
-4.6568
 20
0.67038
 10
-4.63758
 20
0.67052
 10
-4.63731
 20
0.67044
 10
-4.63701
 20
0.57308
 10
-4.63492
 20
0.26986
 10
-4.63649
 20
0.25426
 10
-4.64334
 20
0.25175
 10
-4.66215
 20
0.25186
 10
-4.66307
 20
0.349
 10
-4.66346
 20
0.66766
 10
-4.66371
 20
0.67034
 97
0
 92
3
 72
0
 73
1
 93
25
 10
-4.63649
 20
0.25426
 10
-4.63434
 20
0.26967
 10
-4.29075
 20
0.26991
 10
-3.16499
 20
0.2701
 10
-3.16343
 20
0.35113
 10
-3.16255
 20
0.66968
 10
-3.15688
 20
0.67046
 10
-3.13778
 20
0.67015
 10
-3.13715
 20
0.57294
 10
-3.13656
 20
0.25378
 10
-3.13702
 20
0.25193
 10
-3.13709
 20
0.25139
 10
-3.13773
 20
0.25171
 10
-3.14342
 20
0.25177
 10
-3.16205
 20
0.25197
 10
-3.16238
 20
0.25179
 10
-3.16325
 20
0.25383
 10
-3.16475
 20
0.26493
 10
-3.16574
 20
0.24865
 10
-3.50985
 20
0.24857
 10
-4.63468
 20
0.24816
 10
-4.63497
 20
0.24817
 10
-4.63634
 20
0.25113
 10
-4.63613
 20
0.25171
 10
-4.63505
 20
0.25325
 97
0
 92
3
 72
0
 73
1
 93
4
 10
-5.82496
 20
1.10744
 10
-5.81727
 20
1.11022
 10
-5.82441
 20
1.10567
 10
-5.82477
 20
1.10686
 97
0
 92
3
 72
0
 73
1
 93
3
 10
-5.80734
 20
1.12309
 10
-5.80185
 20
1.11525
 10
-5.8038
 20
1.12074
 97
0
 92
3
 72
0
 73
1
 93
5
 10
-5.80734
 20
1.12309
 10
-5.8074
 20
1.12316
 10
-5.80755
 20
1.1232
 10
-5.80887
 20
1.12358
 10
-5.80618
 20
1.12475
 97
0
 92
3
 72
0
 73
1
 93
3
 10
-5.8346
 20
1.1309
 10
-5.8336
 20
1.1327
 10
-5.83088
 20
1.13186
 97
0
 92
3
 72
0
 73
1
 93
4
 10
-5.85
 20
1.13868
 10
-5.84818
 20
1.13872
 10
-5.84736
 20
1.14009
 10
-5.83663
 20
1.13199
 97
0
 92
3
 72
0
 73
1
 93
3
 10
-5.80736
 20
1.15429
 10
-5.80459
 20
1.15532
 10
-5.80619
 20
1.1561
 97
0
 92
3
 72
0
 73
1
 93
3
 10
-5.80459
 20
1.15532
 10
-5.80199
 20
1.16197
 10
-5.80229
 20
1.16223
 97
0
 92
3
 72
0
 73
1
 93
3
 10
-5.84271
 20
1.18552
 10
-5.84146
 20
1.18396
 10
-5.84403
 20
1.18367
 97
0
 92
3
 72
0
 73
1
 93
3
 10
-5.80155
 20
1.20026
 10
-5.79994
 20
1.20112
 10
-5.80139
 20
1.19905
 97
0
 92
3
 72
0
 73
1
 93
4
 10
-5.81566
 20
1.20902
 10
-5.81532
 20
1.21098
 10
-5.81462
 20
1.21077
 10
-5.81417
 20
1.21049
 97
0
 92
3
 72
0
 73
1
 93
4
 10
-5.80187
 20
1.24017
 10
-5.80028
 20
1.23939
 10
-5.79995
 20
1.23952
 10
-5.80003
 20
1.23966
 97
0
 92
3
 72
0
 73
1
 93
3
 10
-5.83445
 20
1.25567
 10
-5.83114
 20
1.25467
 10
-5.8339
 20
1.25762
 97
0
 92
3
 72
0
 73
1
 93
3
 10
-5.84602
 20
1.30346
 10
-5.84408
 20
1.3083
 10
-5.84537
 20
1.30291
 97
0
 92
3
 72
0
 73
1
 93
3
 10
-5.81562
 20
1.31808
 10
-5.81497
 20
1.31623
 10
-5.82312
 20
1.31578
 97
0
 92
3
 72
0
 73
1
 93
4
 10
-5.84146
 20
1.34324
 10
-5.83583
 20
1.33952
 10
-5.81588
 20
1.33403
 10
-5.82238
 20
1.33791
 97
0
 92
3
 72
0
 73
1
 93
3
 10
-5.84146
 20
1.34324
 10
-5.84413
 20
1.34384
 10
-5.84288
 20
1.34493
 97
0
 92
3
 72
0
 73
1
 93
25
 10
-5.92267
 20
2.85462
 10
-5.91801
 20
2.85653
 10
-5.917
 20
2.85695
 10
-5.91647
 20
2.85695
 10
-5.91155
 20
2.85695
 10
-5.91102
 20
2.85695
 10
-5.90636
 20
2.85503
 10
-5.90535
 20
2.85462
 10
-5.90344
 20
2.84995
 10
-5.90302
 20
2.84894
 10
-5.90302
 20
2.55647
 10
-5.90302
 20
1.20552
 10
-5.90494
 20
1.20086
 10
-5.90535
 20
1.19985
 10
-5.91001
 20
1.19793
 10
-5.91102
 20
1.19752
 10
-5.91209
 20
1.19752
 10
-5.917
 20
1.19752
 10
-5.92166
 20
1.19943
 10
-5.92267
 20
1.19985
 10
-5.92459
 20
1.20451
 10
-5.925
 20
1.20552
 10
-5.925
 20
1.498
 10
-5.925
 20
2.84894
 10
-5.92309
 20
2.85361
 97
0
 92
3
 72
0
 73
1
 93
8
 10
-5.81554
 20
2.7206
 10
-5.81486
 20
2.7187
 10
-5.82313
 20
2.71619
 10
-5.84151
 20
2.7112
 10
-5.84283
 20
2.70953
 10
-5.84363
 20
2.71138
 10
-5.8427
 20
2.71283
 10
-5.83813
 20
2.71423
 97
0
 92
3
 72
0
 73
1
 93
3
 10
-5.83503
 20
2.74375
 10
-5.83102
 20
2.74048
 10
-5.81572
 20
2.73637
 97
0
 92
3
 72
0
 73
1
 93
4
 10
-5.84253
 20
2.78685
 10
-5.83368
 20
2.78491
 10
-5.81715
 20
2.77829
 10
-5.83418
 20
2.78292
 97
0
 92
3
 72
0
 73
1
 93
6
 10
-5.84097
 20
2.79522
 10
-5.83358
 20
2.7969
 10
-5.81144
 20
2.8032
 10
-5.80737
 20
2.80649
 10
-5.80937
 20
2.80594
 10
-5.83438
 20
2.79877
 97
0
 92
3
 72
0
 73
1
 93
3
 10
-5.84805
 20
2.82991
 10
-5.84625
 20
2.83051
 10
-5.84659
 20
2.83191
 97
0
 92
3
 72
0
 73
1
 93
3
 10
-5.81577
 20
2.84535
 10
-5.81467
 20
2.84367
 10
-5.81539
 20
2.84345
 97
0
 92
3
 72
0
 73
1
 93
6
 10
-5.84806
 20
2.87672
 10
-5.84783
 20
2.87672
 10
-5.84749
 20
2.87693
 10
-5.84718
 20
2.87672
 10
-5.84623
 20
2.87609
 10
-5.84799
 20
2.87662
 97
0
 92
3
 72
0
 73
1
 93
5
 10
-5.83443
 20
2.92361
 10
-5.83363
 20
2.92175
 10
-5.81058
 20
2.92833
 10
-5.80738
 20
2.93134
 10
-5.82604
 20
2.92616
 97
0
 92
3
 72
0
 73
1
 93
3
 10
-5.80738
 20
2.93134
 10
-5.80614
 20
2.92971
 10
-5.80508
 20
2.93151
 97
0
 92
3
 72
0
 73
1
 93
4
 10
-5.82499
 20
2.94687
 10
-5.82465
 20
2.94796
 10
-5.82443
 20
2.94879
 10
-5.81132
 20
2.94421
 97
0
 92
3
 72
0
 73
1
 93
8
 10
-4.34004
 20
3.846
 10
-4.34004
 20
3.84117
 10
-4.34004
 20
3.82395
 10
-4.41019
 20
3.82395
 10
-4.66
 20
3.82395
 10
-4.66
 20
3.82879
 10
-4.66
 20
3.846
 10
-4.41019
 20
3.846
 97
0
 92
3
 72
0
 73
1
 93
3
 10
-4.22655
 20
-3.85285
 10
-4.2214
 20
-3.85818
 10
-4.21867
 20
-3.85792
 97
0
 92
3
 72
0
 73
1
 93
3
 10
-4.22655
 20
-3.85285
 10
-4.22934
 20
-3.85344
 10
-4.22789
 20
-3.85199
 97
0
 92
3
 72
0
 73
1
 93
3
 10
-4.3837
 20
-3.84938
 10
-4.38122
 20
-3.8518
 10
-4.38211
 20
-3.84823
 97
0
 92
3
 72
0
 73
1
 93
5
 10
-4.38211
 20
-3.84823
 10
-4.39423
 20
-3.82782
 10
-4.39557
 20
-3.82506
 10
-4.39384
 20
-3.82404
 10
-4.39272
 20
-3.82635
 97
0
 92
3
 72
0
 73
1
 93
3
 10
-4.36155
 20
-3.84823
 10
-4.3591
 20
-3.84763
 10
-4.35995
 20
-3.84938
 97
0
 92
3
 72
0
 73
1
 93
4
 10
-4.20587
 20
-3.84092
 10
-4.20535
 20
-3.8444
 10
-4.20559
 20
-3.84489
 10
-4.20733
 20
-3.84388
 97
0
 92
3
 72
0
 73
1
 93
3
 10
-4.31246
 20
-3.84012
 10
-4.31072
 20
-3.8391
 10
-4.31123
 20
-3.84207
 97
0
 92
3
 72
0
 73
1
 93
3
 10
-4.23947
 20
-3.82897
 10
-4.22942
 20
-3.84895
 10
-4.24117
 20
-3.83006
 97
0
 92
3
 72
0
 73
1
 93
3
 10
-4.35569
 20
-3.84064
 10
-4.34808
 20
-3.82506
 10
-4.34982
 20
-3.82404
 97
0
 92
3
 72
0
 73
1
 93
3
 10
-4.19531
 20
-3.81941
 10
-4.19292
 20
-3.81707
 10
-4.19372
 20
-3.82057
 97
0
 92
3
 72
0
 73
1
 93
6
 10
-4.32391
 20
-3.81463
 10
-4.32288
 20
-3.81521
 10
-4.3215
 20
-3.81792
 10
-4.32347
 20
-3.81835
 10
-4.32433
 20
-3.81666
 10
-4.32519
 20
-3.81615
 97
0
 92
3
 72
0
 73
1
 93
56
 10
-3.7425
 20
-0.51351
 10
-3.74207
 20
-0.51308
 10
-3.7416
 20
-0.51261
 10
-3.74139
 20
-0.51239
 10
-3.73997
 20
-0.51192
 10
-3.73933
 20
-0.51171
 10
-3.73838
 20
-0.51171
 10
-3.73795
 20
-0.51171
 10
-3.59279
 20
-0.51171
 10
-3.27465
 20
-0.51171
 10
-3.2737
 20
-0.51171
 10
-3.27327
 20
-0.51171
 10
-3.27186
 20
-0.51218
 10
-3.27122
 20
-0.51239
 10
-3.27074
 20
-0.51286
 10
-3.27053
 20
-0.51308
 10
-3.26959
 20
-0.51402
 10
-3.26916
 20
-0.51445
 10
-3.26868
 20
-0.51539
 10
-3.26847
 20
-0.51582
 10
-3.26847
 20
-0.51677
 10
-3.26847
 20
-0.5172
 10
-3.26847
 20
-0.52128
 10
-3.26847
 20
-0.53024
 10
-3.26847
 20
-0.53165
 10
-3.26847
 20
-0.5323
 10
-3.26894
 20
-0.53324
 10
-3.26916
 20
-0.53367
 10
-3.2701
 20
-0.53461
 10
-3.27053
 20
-0.53504
 10
-3.271
 20
-0.53551
 10
-3.27122
 20
-0.53573
 10
-3.27263
 20
-0.5362
 10
-3.27327
 20
-0.53642
 10
-3.27422
 20
-0.53642
 10
-3.27465
 20
-0.53642
 10
-3.41981
 20
-0.53642
 10
-3.73795
 20
-0.53642
 10
-3.7389
 20
-0.53642
 10
-3.73933
 20
-0.53642
 10
-3.74074
 20
-0.53594
 10
-3.74139
 20
-0.53573
 10
-3.74186
 20
-0.53526
 10
-3.74207
 20
-0.53504
 10
-3.74301
 20
-0.5341
 10
-3.74344
 20
-0.53367
 10
-3.74392
 20
-0.53273
 10
-3.74413
 20
-0.5323
 10
-3.74413
 20
-0.53088
 10
-3.74413
 20
-0.53024
 10
-3.74413
 20
-0.52615
 10
-3.74413
 20
-0.5172
 10
-3.74413
 20
-0.51625
 10
-3.74413
 20
-0.51582
 10
-3.74366
 20
-0.51488
 10
-3.74344
 20
-0.51445
 97
0
 92
3
 72
0
 73
1
 93
56
 10
-3.76155
 20
-0.53642
 10
-3.7606
 20
-0.53642
 10
-3.76017
 20
-0.5362
 10
-3.75923
 20
-0.53573
 10
-3.7588
 20
-0.53551
 10
-3.75786
 20
-0.53504
 10
-3.75743
 20
-0.53461
 10
-3.75649
 20
-0.53367
 10
-3.75649
 20
-0.53324
 10
-3.75649
 20
-0.5323
 10
-3.75627
 20
-0.53165
 10
-3.7558
 20
-0.53024
 10
-3.7558
 20
-0.52128
 10
-3.7558
 20
-0.5172
 10
-3.75601
 20
-0.51677
 10
-3.75649
 20
-0.51582
 10
-3.75649
 20
-0.51539
 10
-3.75649
 20
-0.51445
 10
-3.75692
 20
-0.51402
 10
-3.75786
 20
-0.51308
 10
-3.75829
 20
-0.51286
 10
-3.75923
 20
-0.51239
 10
-3.75966
 20
-0.51218
 10
-3.7606
 20
-0.51171
 10
-3.76103
 20
-0.51171
 10
-3.76198
 20
-0.51171
 10
-4.08012
 20
-0.51171
 10
-4.22528
 20
-0.51171
 10
-4.22593
 20
-0.51171
 10
-4.22734
 20
-0.51171
 10
-4.22777
 20
-0.51192
 10
-4.22872
 20
-0.51239
 10
-4.22893
 20
-0.51261
 10
-4.2294
 20
-0.51308
 10
-4.22983
 20
-0.51351
 10
-4.23077
 20
-0.51445
 10
-4.23099
 20
-0.51488
 10
-4.23146
 20
-0.51582
 10
-4.23146
 20
-0.51625
 10
-4.23146
 20
-0.5172
 10
-4.23146
 20
-0.52615
 10
-4.23146
 20
-0.53024
 10
-4.23146
 20
-0.53088
 10
-4.23146
 20
-0.5323
 10
-4.23125
 20
-0.53273
 10
-4.23077
 20
-0.53367
 10
-4.23034
 20
-0.5341
 10
-4.2294
 20
-0.53504
 10
-4.22919
 20
-0.53526
 10
-4.22872
 20
-0.53573
 10
-4.22829
 20
-0.53594
 10
-4.22734
 20
-0.53642
 10
-4.2267
 20
-0.53642
 10
-4.22528
 20
-0.53642
 10
-3.90714
 20
-0.53642
 10
-3.76198
 20
-0.53642
 97
0
 92
3
 72
0
 73
1
 93
207
 10
-4.72497
 20
-0.50712
 10
-4.72497
 20
-0.50759
 10
-4.72475
 20
-0.50781
 10
-4.72428
 20
-0.50827
 10
-4.72428
 20
-0.50849
 10
-4.72428
 20
-0.50896
 10
-4.72406
 20
-0.50918
 10
-4.7236
 20
-0.50965
 10
-4.72338
 20
-0.50965
 10
-4.72291
 20
-0.50965
 10
-4.72269
 20
-0.50965
 10
-4.72222
 20
-0.50965
 10
-4.70866
 20
-0.50965
 10
-4.70232
 20
-0.50965
 10
-4.70188
 20
-0.50965
 10
-4.70094
 20
-0.50965
 10
-4.70073
 20
-0.50965
 10
-4.70026
 20
-0.50965
 10
-4.70004
 20
-0.50943
 10
-4.69957
 20
-0.50896
 10
-4.69957
 20
-0.50874
 10
-4.69957
 20
-0.50827
 10
-4.69935
 20
-0.50806
 10
-4.69889
 20
-0.50759
 10
-4.69889
 20
-0.50737
 10
-4.69889
 20
-0.5069
 10
-4.69889
 20
-0.13647
 10
-4.69683
 20
0.02367
 10
-4.24725
 20
0.02367
 10
-4.24725
 20
0.02779
 10
-4.24678
 20
0.02826
 10
-4.24656
 20
0.02847
 10
-4.24656
 20
0.02895
 10
-4.24656
 20
0.02916
 10
-4.24609
 20
0.02963
 10
-4.24587
 20
0.02985
 10
-4.2454
 20
0.03032
 10
-4.24519
 20
0.03053
 10
-4.24472
 20
0.03053
 10
-4.2445
 20
0.03053
 10
-4.24403
 20
0.031
 10
-4.24382
 20
0.03122
 10
-4.23971
 20
0.03122
 10
-4.23077
 20
0.03122
 10
-4.2303
 20
0.03075
 10
-4.23009
 20
0.03053
 10
-4.22962
 20
0.03053
 10
-4.2294
 20
0.03053
 10
-4.22893
 20
0.03006
 10
-4.22872
 20
0.02985
 10
-4.22825
 20
0.02938
 10
-4.22803
 20
0.02916
 10
-4.22803
 20
0.02869
 10
-4.22803
 20
0.02847
 10
-4.22803
 20
0.028
 10
-4.22803
 20
0.02779
 10
-4.22803
 20
0.02367
 10
-3.75923
 20
0.02367
 10
-3.75923
 20
0.02779
 10
-3.75923
 20
0.02826
 10
-3.75923
 20
0.02847
 10
-3.75923
 20
0.02895
 10
-3.75923
 20
0.02916
 10
-3.75876
 20
0.02963
 10
-3.75855
 20
0.02985
 10
-3.75807
 20
0.03032
 10
-3.75786
 20
0.03053
 10
-3.75739
 20
0.03053
 10
-3.75717
 20
0.03053
 10
-3.7567
 20
0.031
 10
-3.75649
 20
0.03122
 10
-3.75238
 20
0.03122
 10
-3.74344
 20
0.03122
 10
-3.74297
 20
0.03075
 10
-3.74276
 20
0.03053
 10
-3.74229
 20
0.03053
 10
-3.74207
 20
0.03053
 10
-3.7416
 20
0.03006
 10
-3.7415
 20
0.02996
 10
-3.74092
 20
0.02938
 10
-3.7407
 20
0.02916
 10
-3.7407
 20
0.02869
 10
-3.7407
 20
0.02847
 10
-3.7407
 20
0.028
 10
-3.7407
 20
0.02779
 10
-3.7407
 20
0.02367
 10
-3.40312
 20
0.02367
 10
-3.2719
 20
0.02367
 10
-3.2719
 20
0.02779
 10
-3.2719
 20
0.02826
 10
-3.2719
 20
0.02847
 10
-3.2719
 20
0.02895
 10
-3.2719
 20
0.02916
 10
-3.27143
 20
0.02963
 10
-3.27122
 20
0.02985
 10
-3.27075
 20
0.03032
 10
-3.27053
 20
0.03053
 10
-3.27006
 20
0.03053
 10
-3.26984
 20
0.03053
 10
-3.26937
 20
0.031
 10
-3.26916
 20
0.03122
 10
-3.26505
 20
0.03122
 10
-3.25611
 20
0.03122
 10
-3.25564
 20
0.03075
 10
-3.25543
 20
0.03053
 10
-3.25496
 20
0.03053
 10
-3.25474
 20
0.03053
 10
-3.25427
 20
0.03006
 10
-3.25406
 20
0.02985
 10
-3.25398
 20
0.02977
 10
-3.25359
 20
0.02938
 10
-3.25337
 20
0.02916
 10
-3.25337
 20
0.02869
 10
-3.25337
 20
0.02847
 10
-3.25337
 20
0.028
 10
-3.25337
 20
0.02779
 10
-3.25337
 20
0.02367
 10
-2.8031
 20
0.02367
 10
-2.80105
 20
-0.33372
 10
-2.80105
 20
-0.5069
 10
-2.80105
 20
-0.50712
 10
-2.80105
 20
-0.50759
 10
-2.80083
 20
-0.50781
 10
-2.80036
 20
-0.50827
 10
-2.80036
 20
-0.50849
 10
-2.80036
 20
-0.50896
 10
-2.80014
 20
-0.50918
 10
-2.79967
 20
-0.50965
 10
-2.79945
 20
-0.50965
 10
-2.79899
 20
-0.50965
 10
-2.79877
 20
-0.50965
 10
-2.7983
 20
-0.50965
 10
-2.78427
 20
-0.50965
 10
-2.77771
 20
-0.50965
 10
-2.77749
 20
-0.50965
 10
-2.77702
 20
-0.50965
 10
-2.7768
 20
-0.50965
 10
-2.77634
 20
-0.50965
 10
-2.77612
 20
-0.50943
 10
-2.77565
 20
-0.50896
 10
-2.77565
 20
-0.50874
 10
-2.77565
 20
-0.50827
 10
-2.77543
 20
-0.50806
 10
-2.77496
 20
-0.13647
 10
-2.77496
 20
0.03671
 10
-2.77496
 20
0.03715
 10
-2.77496
 20
0.03808
 10
-2.77518
 20
0.0383
 10
-2.77565
 20
0.03877
 10
-2.77565
 20
0.03899
 10
-2.77565
 20
0.03946
 10
-2.77587
 20
0.03946
 10
-2.77634
 20
0.03946
 10
-2.77655
 20
0.03968
 10
-2.77702
 20
0.04014
 10
-2.77724
 20
0.04014
 10
-2.77771
 20
0.04014
 10
-2.79174
 20
0.04014
 10
-2.7983
 20
0.04014
 10
-2.79852
 20
0.04014
 10
-2.79899
 20
0.04014
 10
-2.7992
 20
0.03992
 10
-2.79967
 20
0.03946
 10
-2.79989
 20
0.03946
 10
-2.80036
 20
0.03946
 10
-2.80036
 20
0.03924
 10
-2.80036
 20
0.03877
 10
-2.80058
 20
0.03855
 10
-2.80105
 20
0.03877
 10
-2.80126
 20
0.03899
 10
-2.80173
 20
0.03946
 10
-2.80184
 20
0.03956
 10
-2.80195
 20
0.03967
 10
-2.80242
 20
0.04014
 10
-2.80264
 20
0.04014
 10
-2.8031
 20
0.04014
 10
-4.09681
 20
0.04014
 10
-4.69889
 20
0.03671
 10
-4.69889
 20
0.03715
 10
-4.69889
 20
0.03808
 10
-4.6991
 20
0.0383
 10
-4.69957
 20
0.03877
 10
-4.69957
 20
0.03899
 10
-4.69957
 20
0.03946
 10
-4.69979
 20
0.03946
 10
-4.70026
 20
0.03946
 10
-4.70048
 20
0.03968
 10
-4.70094
 20
0.04014
 10
-4.70138
 20
0.04014
 10
-4.70232
 20
0.04014
 10
-4.71588
 20
0.04014
 10
-4.72222
 20
0.04014
 10
-4.72244
 20
0.04014
 10
-4.72291
 20
0.04014
 10
-4.72313
 20
0.03992
 10
-4.72319
 20
0.03986
 10
-4.7236
 20
0.03946
 10
-4.72381
 20
0.03946
 10
-4.72428
 20
0.03946
 10
-4.72428
 20
0.03924
 10
-4.72428
 20
0.03877
 10
-4.7245
 20
0.03855
 10
-4.72497
 20
0.03808
 10
-4.72497
 20
0.03765
 10
-4.72497
 20
0.03671
 10
-4.72497
 20
-0.33372
 10
-4.72497
 20
-0.5069
 97
0
 92
3
 72
0
 73
1
 93
30
 10
-4.24725
 20
0.02367
 10
-4.22803
 20
0.02367
 10
-4.22803
 20
-0.12879
 10
-4.22803
 20
-0.46984
 10
-4.22803
 20
-0.47031
 10
-4.22803
 20
-0.47052
 10
-4.22803
 20
-0.47099
 10
-4.22803
 20
-0.47121
 10
-4.2285
 20
-0.47168
 10
-4.22872
 20
-0.4719
 10
-4.22919
 20
-0.47237
 10
-4.2294
 20
-0.47258
 10
-4.22987
 20
-0.47258
 10
-4.23009
 20
-0.47258
 10
-4.23056
 20
-0.47305
 10
-4.23077
 20
-0.47327
 10
-4.23488
 20
-0.47327
 10
-4.24382
 20
-0.47327
 10
-4.24429
 20
-0.4728
 10
-4.2445
 20
-0.47258
 10
-4.24497
 20
-0.47258
 10
-4.24519
 20
-0.47258
 10
-4.24566
 20
-0.47211
 10
-4.24587
 20
-0.4719
 10
-4.24635
 20
-0.47143
 10
-4.24656
 20
-0.47121
 10
-4.24656
 20
-0.47074
 10
-4.24656
 20
-0.47052
 10
-4.24703
 20
-0.47005
 10
-4.24725
 20
-0.31326
 97
0
 92
3
 72
0
 73
1
 93
31
 10
-3.75923
 20
0.02367
 10
-3.7407
 20
0.02367
 10
-3.7407
 20
-0.12879
 10
-3.7407
 20
-0.46984
 10
-3.7407
 20
-0.47031
 10
-3.7407
 20
-0.47052
 10
-3.7407
 20
-0.47099
 10
-3.7407
 20
-0.47121
 10
-3.74117
 20
-0.47168
 10
-3.74139
 20
-0.4719
 10
-3.74186
 20
-0.47237
 10
-3.74207
 20
-0.47258
 10
-3.74254
 20
-0.47258
 10
-3.74276
 20
-0.47258
 10
-3.74323
 20
-0.47305
 10
-3.74344
 20
-0.47327
 10
-3.74755
 20
-0.47327
 10
-3.75649
 20
-0.47327
 10
-3.75696
 20
-0.4728
 10
-3.75717
 20
-0.47258
 10
-3.75764
 20
-0.47258
 10
-3.75786
 20
-0.47258
 10
-3.75833
 20
-0.47211
 10
-3.75855
 20
-0.4719
 10
-3.75902
 20
-0.47143
 10
-3.75923
 20
-0.47121
 10
-3.75923
 20
-0.47074
 10
-3.75923
 20
-0.47052
 10
-3.75923
 20
-0.47005
 10
-3.75923
 20
-0.46984
 10
-3.75923
 20
-0.31326
 97
0
 92
3
 72
0
 73
1
 93
31
 10
-3.2719
 20
0.02367
 10
-3.25337
 20
0.02367
 10
-3.25337
 20
-0.12879
 10
-3.25337
 20
-0.46984
 10
-3.25337
 20
-0.47031
 10
-3.25337
 20
-0.47052
 10
-3.25337
 20
-0.47099
 10
-3.25337
 20
-0.47121
 10
-3.25384
 20
-0.47168
 10
-3.25406
 20
-0.4719
 10
-3.25453
 20
-0.47237
 10
-3.25474
 20
-0.47258
 10
-3.25521
 20
-0.47258
 10
-3.25543
 20
-0.47258
 10
-3.2559
 20
-0.47305
 10
-3.25611
 20
-0.47327
 10
-3.26022
 20
-0.47327
 10
-3.26916
 20
-0.47327
 10
-3.26963
 20
-0.4728
 10
-3.26984
 20
-0.47258
 10
-3.27031
 20
-0.47258
 10
-3.27053
 20
-0.47258
 10
-3.271
 20
-0.47211
 10
-3.27122
 20
-0.4719
 10
-3.27169
 20
-0.47143
 10
-3.2719
 20
-0.47121
 10
-3.2719
 20
-0.47074
 10
-3.2719
 20
-0.47052
 10
-3.2719
 20
-0.47005
 10
-3.2719
 20
-0.46984
 10
-3.2719
 20
-0.31326
 97
0
 92
3
 72
0
 73
1
 93
9
 10
-4.40657
 20
0.66374
 10
-4.40653
 20
0.67752
 10
-4.40652
 20
0.67754
 10
-4.39762
 20
0.67755
 10
-4.39662
 20
0.67755
 10
-4.37422
 20
0.65619
 10
-4.37417
 20
0.64624
 10
-4.3971
 20
0.64465
 10
-4.4066
 20
0.65446
 97
0
 92
3
 72
0
 73
1
 93
17
 10
-3.47483
 20
0.67258
 10
-3.47429
 20
0.67323
 10
-3.47419
 20
0.67537
 10
-3.47422
 20
0.67647
 10
-3.47479
 20
0.67749
 10
-3.47501
 20
0.67778
 10
-4.07395
 20
0.67787
 10
-4.32451
 20
0.67777
 10
-4.32489
 20
0.67774
 10
-4.32545
 20
0.67743
 10
-4.32567
 20
0.67753
 10
-4.32563
 20
0.67399
 10
-4.3256
 20
0.67252
 10
-4.32559
 20
0.67241
 10
-4.32515
 20
0.67237
 10
-3.72544
 20
0.67234
 10
-3.47502
 20
0.6723
 97
0
 92
3
 72
0
 73
1
 93
13
 10
-3.4731
 20
0.66349
 10
-3.473
 20
0.67299
 10
-3.4728
 20
0.69409
 10
-3.4726
 20
0.69409
 10
-3.4726
 20
0.6943
 10
-3.46004
 20
0.69412
 10
-3.43106
 20
0.69434
 10
-3.43105
 20
0.68496
 10
-3.4312
 20
0.66374
 10
-3.43126
 20
0.66374
 10
-3.43126
 20
0.66373
 10
-3.44402
 20
0.66365
 10
-3.47294
 20
0.66343
 97
0
 92
3
 72
0
 73
1
 93
12
 10
-3.40211
 20
0.6943
 10
-3.38955
 20
0.69412
 10
-3.3606
 20
0.69437
 10
-3.36061
 20
0.68499
 10
-3.36075
 20
0.66385
 10
-3.37361
 20
0.66369
 10
-3.39354
 20
0.66352
 10
-3.39354
 20
0.66759
 10
-3.3936
 20
0.67752
 10
-3.40242
 20
0.67755
 10
-3.40231
 20
0.69409
 10
-3.40211
 20
0.69409
 97
0
 92
3
 72
0
 73
1
 93
30
 10
-3.15393
 20
4.17853
 10
-3.14998
 20
4.18038
 10
-3.13923
 20
4.18642
 10
-3.13756
 20
4.18891
 10
-3.13203
 20
4.19819
 10
-3.13116
 20
4.20177
 10
-3.12954
 20
4.21007
 10
-3.13021
 20
4.21313
 10
-3.13277
 20
4.22293
 10
-3.13461
 20
4.22598
 10
-3.13928
 20
4.2335
 10
-3.13886
 20
4.23403
 10
-3.14027
 20
4.23487
 10
-3.14261
 20
4.23602
 10
-3.15428
 20
4.24138
 10
-3.66729
 20
4.24146
 10
-3.8457
 20
4.24144
 10
-3.84975
 20
4.23961
 10
-3.86072
 20
4.23355
 10
-3.86241
 20
4.23129
 10
-3.86766
 20
4.22402
 10
-3.86821
 20
4.22029
 10
-3.86968
 20
4.20991
 10
-3.86929
 20
4.20627
 10
-3.86758
 20
4.19565
 10
-3.86577
 20
4.19312
 10
-3.86067
 20
4.18644
 10
-3.8573
 20
4.18387
 10
-3.84533
 20
4.17856
 10
-3.33228
 20
4.1785
 97
0
 92
3
 72
0
 73
1
 93
24
 10
-3.82908
 20
4.24998
 10
-3.82829
 20
4.25242
 10
-3.82819
 20
4.25328
 10
-3.82906
 20
4.2535
 10
-3.82677
 20
4.25547
 10
-3.82601
 20
4.25608
 10
-3.66812
 20
4.25609
 10
-3.17394
 20
4.25606
 10
-3.17166
 20
4.25413
 10
-3.17111
 20
4.25347
 10
-3.17093
 20
4.25351
 10
-3.17053
 20
4.2508
 10
-3.17039
 20
4.24999
 10
-3.17083
 20
4.24996
 10
-3.17065
 20
4.24909
 10
-3.17091
 20
4.24648
 10
-3.17334
 20
4.24438
 10
-3.17414
 20
4.24373
 10
-3.33187
 20
4.24378
 10
-3.8248
 20
4.24365
 10
-3.82837
 20
4.24576
 10
-3.82907
 20
4.24636
 10
-3.82911
 20
4.24635
 10
-3.82902
 20
4.24911
 97
0
 92
3
 72
0
 73
1
 93
5
 10
-3.5209
 20
7.9
 10
-3.52052
 20
7.90045
 10
-3.52011
 20
7.90094
 10
-3.52173
 20
7.90131
 10
-3.52149
 20
7.89976
 97
0
 92
3
 72
0
 73
1
 93
4
 10
-3.83436
 20
7.90137
 10
-3.83323
 20
7.90001
 10
-3.83321
 20
7.9
 10
-3.83382
 20
7.89976
 97
0
 92
3
 72
0
 73
1
 93
4
 10
-3.87552
 20
7.90575
 10
-3.87516
 20
7.9053
 10
-3.87442
 20
7.90482
 10
-3.87402
 20
7.90644
 97
0
 92
3
 72
0
 73
1
 93
3
 10
-3.56275
 20
7.90575
 10
-3.56239
 20
7.9053
 10
-3.56147
 20
7.90644
 97
0
 92
3
 72
0
 73
1
 93
5
 10
-3.97912
 20
7.91152
 10
-3.97908
 20
7.91147
 10
-3.97037
 20
7.92554
 10
-3.98028
 20
7.91245
 10
-3.98025
 20
7.91242
 97
0
 92
3
 72
0
 73
1
 93
3
 10
-3.58346
 20
7.93203
 10
-3.58232
 20
7.93302
 10
-3.59081
 20
7.94193
 97
0
 92
3
 72
0
 73
1
 93
4
 10
-3.43792
 20
7.94503
 10
-3.43655
 20
7.94561
 10
-3.43744
 20
7.94472
 10
-3.43764
 20
7.94485
 97
0
 92
3
 72
0
 73
1
 93
4
 10
-4.06254
 20
7.94472
 10
-4.06165
 20
7.94561
 10
-4.06414
 20
7.94576
 10
-4.06274
 20
7.94485
 97
0
 92
3
 72
0
 73
1
 93
4
 10
-3.4801
 20
7.95094
 10
-3.47917
 20
7.94974
 10
-3.46712
 20
7.9561
 10
-3.48012
 20
7.95095
 97
0
 92
3
 72
0
 73
1
 93
6
 10
-3.9161
 20
7.95531
 10
-3.91596
 20
7.95529
 10
-3.91665
 20
7.95392
 10
-3.91665
 20
7.95391
 10
-3.91802
 20
7.95556
 10
-3.91628
 20
7.95533
 97
0
 92
3
 72
0
 73
1
 93
5
 10
-3.29145
 20
7.95537
 10
-3.29087
 20
7.95529
 10
-3.29179
 20
7.95392
 10
-3.29179
 20
7.95391
 10
-3.29371
 20
7.95566
 97
0
 92
3
 72
0
 73
1
 93
4
 10
-2.95795
 20
-3.84489
 10
-2.9563
 20
-3.84707
 10
-2.95621
 20
-3.84388
 10
-2.9596
 20
-3.84151
 97
0
 92
3
 72
0
 73
1
 93
3
 10
-2.62722
 20
-3.84388
 10
-2.62548
 20
-3.84489
 10
-2.62154
 20
-3.83683
 97
0
 92
3
 72
0
 73
1
 93
4
 10
-2.73235
 20
-3.84012
 10
-2.7296
 20
-3.8445
 10
-2.73061
 20
-3.8391
 10
-2.73509
 20
-3.83469
 97
0
 92
3
 72
0
 73
1
 93
3
 10
-2.85282
 20
-3.8391
 10
-2.84861
 20
-3.83522
 10
-2.85109
 20
-3.84012
 97
0
 92
3
 72
0
 73
1
 93
4
 10
-2.92576
 20
-3.83232
 10
-2.92407
 20
-3.82897
 10
-2.92233
 20
-3.82998
 10
-2.92598
 20
-3.83718
 97
0
 92
3
 72
0
 73
1
 93
3
 10
-2.6611
 20
-3.82998
 10
-2.65936
 20
-3.82897
 10
-2.65823
 20
-3.83566
 97
0
 92
3
 72
0
 73
1
 93
4
 10
-2.69673
 20
-3.83506
 10
-2.68571
 20
-3.8149
 10
-2.69846
 20
-3.83403
 10
-2.70553
 20
-3.84717
 97
0
 92
3
 72
0
 73
1
 93
7
 10
-2.68571
 20
-3.8149
 10
-2.68679
 20
-3.81313
 10
-2.68601
 20
-3.81173
 10
-2.68443
 20
-3.81144
 10
-2.67298
 20
-3.81101
 10
-2.68399
 20
-3.81316
 10
-2.68485
 20
-3.81333
 97
0
 92
3
 72
0
 73
1
 93
4
 10
-2.89571
 20
-3.81858
 10
-2.88497
 20
-3.83403
 10
-2.88218
 20
-3.84328
 10
-2.88671
 20
-3.83505
 97
0
 92
3
 72
0
 73
1
 93
5
 10
-2.81546
 20
-3.82506
 10
-2.81522
 20
-3.82217
 10
-2.81373
 20
-3.82404
 10
-2.8131
 20
-3.82533
 10
-2.81153
 20
-3.83312
 97
0
 92
3
 72
0
 73
1
 93
3
 10
-2.96983
 20
-3.82057
 10
-2.96699
 20
-3.82193
 10
-2.96823
 20
-3.81941
 97
0
 92
3
 72
0
 73
1
 93
3
 10
-2.91118
 20
-3.80913
 10
-2.91019
 20
-3.80932
 10
-2.91046
 20
-3.81101
 97
0
 92
3
 72
0
 73
1
 93
4
 10
-2.98025
 20
-3.80754
 10
-2.97901
 20
-3.80876
 10
-2.9817
 20
-3.80898
 10
-2.9804
 20
-3.80768
 97
0
 92
3
 72
0
 73
1
 93
56
 10
-2.78114
 20
-0.51582
 10
-2.78114
 20
-0.51677
 10
-2.78114
 20
-0.5172
 10
-2.78114
 20
-0.52128
 10
-2.78114
 20
-0.53024
 10
-2.78114
 20
-0.53165
 10
-2.78114
 20
-0.5323
 10
-2.78161
 20
-0.53324
 10
-2.78183
 20
-0.53367
 10
-2.7823
 20
-0.53461
 10
-2.78251
 20
-0.53504
 10
-2.78346
 20
-0.53551
 10
-2.78389
 20
-0.53573
 10
-2.78483
 20
-0.5362
 10
-2.78526
 20
-0.53642
 10
-2.78667
 20
-0.53642
 10
-2.78732
 20
-0.53642
 10
-2.93248
 20
-0.53642
 10
-3.25062
 20
-0.53642
 10
-3.25157
 20
-0.53642
 10
-3.252
 20
-0.53642
 10
-3.25294
 20
-0.53594
 10
-3.25337
 20
-0.53573
 10
-3.25431
 20
-0.53526
 10
-3.25474
 20
-0.53504
 10
-3.25521
 20
-0.5341
 10
-3.25543
 20
-0.53367
 10
-3.2559
 20
-0.53273
 10
-3.25611
 20
-0.5323
 10
-3.25659
 20
-0.53088
 10
-3.2568
 20
-0.53024
 10
-3.2568
 20
-0.52615
 10
-3.2568
 20
-0.5172
 10
-3.25633
 20
-0.51625
 10
-3.25611
 20
-0.51582
 10
-3.25564
 20
-0.51488
 10
-3.25543
 20
-0.51445
 10
-3.25496
 20
-0.51351
 10
-3.25474
 20
-0.51308
 10
-3.2538
 20
-0.51261
 10
-3.25337
 20
-0.51239
 10
-3.25243
 20
-0.51192
 10
-3.252
 20
-0.51171
 10
-3.25105
 20
-0.51171
 10
-3.25062
 20
-0.51171
 10
-3.10546
 20
-0.51171
 10
-2.78732
 20
-0.51171
 10
-2.7859
 20
-0.51171
 10
-2.78526
 20
-0.51171
 10
-2.78432
 20
-0.51218
 10
-2.78389
 20
-0.51239
 10
-2.78294
 20
-0.51286
 10
-2.78251
 20
-0.51308
 10
-2.78204
 20
-0.51402
 10
-2.78183
 20
-0.51445
 10
-2.78136
 20
-0.51539
 97
0
 92
3
 72
0
 73
1
 93
10
 10
-3.20914
 20
0.69432
 10
-3.19656
 20
0.69412
 10
-3.16752
 20
0.69442
 10
-3.1675
 20
0.68501
 10
-3.16775
 20
0.6638
 10
-3.18063
 20
0.66365
 10
-3.20955
 20
0.66343
 10
-3.20955
 20
0.67299
 10
-3.20932
 20
0.69409
 10
-3.20914
 20
0.69409
 97
0
 92
3
 72
0
 73
1
 93
8
 10
-3.13488
 20
3.80201
 10
-2.915
 20
3.80201
 10
-2.915
 20
3.80297
 10
-2.915
 20
3.82395
 10
-3.13488
 20
3.82395
 10
-3.14496
 20
3.82395
 10
-3.14496
 20
3.82299
 10
-3.14496
 20
3.80201
 97
0
 92
3
 72
0
 73
1
 93
3
 10
-3.20927
 20
7.90137
 10
-3.20895
 20
7.89976
 10
-3.20835
 20
7.9
 97
0
 92
3
 72
0
 73
1
 93
3
 10
-2.89672
 20
7.90137
 10
-2.8964
 20
7.89976
 10
-2.89581
 20
7.9
 97
0
 92
3
 72
0
 73
1
 93
3
 10
-3.25007
 20
7.9053
 10
-3.24916
 20
7.90644
 10
-3.24932
 20
7.90482
 97
0
 92
3
 72
0
 73
1
 93
4
 10
-1.39
 20
7.9053
 10
-1.38923
 20
7.90482
 10
-1.38909
 20
7.90644
 10
-1.39025
 20
7.90559
 97
0
 92
3
 72
0
 73
1
 93
4
 10
-1.06501
 20
7.9053
 10
-1.06424
 20
7.90482
 10
-1.0641
 20
7.90644
 10
-1.06525
 20
7.90559
 97
0
 92
3
 72
0
 73
1
 93
5
 10
-0.85023
 20
7.90997
 10
-0.84835
 20
7.91152
 10
-0.84837
 20
7.91153
 10
-0.84948
 20
7.91242
 10
-0.84951
 20
7.91244
 97
0
 92
3
 72
0
 73
1
 93
3
 10
-0.91218
 20
7.91905
 10
-0.90813
 20
7.91487
 10
-0.91342
 20
7.91814
 97
0
 92
3
 72
0
 73
1
 93
3
 10
-2.95836
 20
7.93202
 10
-2.94914
 20
7.9228
 10
-2.95722
 20
7.93301
 97
0
 92
3
 72
0
 73
1
 93
3
 10
-1.08562
 20
7.93305
 10
-1.08473
 20
7.93192
 10
-1.0867
 20
7.93196
 97
0
 92
3
 72
0
 73
1
 93
3
 10
-1.47749
 20
7.93754
 10
-1.4767
 20
7.93851
 10
-1.4778
 20
7.9396
 97
0
 92
3
 72
0
 73
1
 93
4
 10
-0.82782
 20
7.9396
 10
-0.82737
 20
7.93768
 10
-0.82671
 20
7.9385
 10
-0.8267
 20
7.93851
 97
0
 92
3
 72
0
 73
1
 93
4
 10
-1.26018
 20
7.94484
 10
-1.25999
 20
7.94472
 10
-1.25908
 20
7.94563
 10
-1.26044
 20
7.945
 97
0
 92
3
 72
0
 73
1
 93
4
 10
-0.93545
 20
7.945
 10
-0.93409
 20
7.94563
 10
-0.935
 20
7.94472
 10
-0.93518
 20
7.94484
 97
0
 92
3
 72
0
 73
1
 93
4
 10
-3.12676
 20
7.94579
 10
-3.12401
 20
7.94561
 10
-3.12513
 20
7.94472
 10
-3.12534
 20
7.94486
 97
0
 92
3
 72
0
 73
1
 93
4
 10
-0.97954
 20
7.95063
 10
-0.97927
 20
7.95093
 10
-0.97837
 20
7.94977
 10
-0.98002
 20
7.95008
 97
0
 92
3
 72
0
 73
1
 93
3
 10
-1.10831
 20
7.95395
 10
-1.10765
 20
7.95529
 10
-1.10823
 20
7.95537
 97
0
 92
3
 72
0
 73
1
 93
4
 10
-0.95995
 20
7.95691
 10
-0.9567
 20
7.95969
 10
-0.95503
 20
7.95863
 10
-0.95668
 20
7.9582
 97
0
 92
3
 72
0
 73
1
 93
3
 10
-1.60667
 20
7.9582
 10
-1.60502
 20
7.95863
 10
-1.60669
 20
7.95968
 97
0
 92
3
 72
0
 73
1
 93
3
 10
0.49544
 20
-4.93332
 10
0.5005
 20
-4.93585
 10
0.49686
 20
-4.93191
 97
0
 92
3
 72
0
 73
1
 93
3
 10
0.12178
 20
-4.92495
 10
0.12679
 20
-4.93042
 10
0.12331
 20
-4.92377
 97
0
 92
3
 72
0
 73
1
 93
4
 10
0.24428
 20
-4.92905
 10
0.24944
 20
-4.91893
 10
0.25615
 20
-4.91186
 10
0.25109
 20
-4.92011
 97
0
 92
3
 72
0
 73
1
 93
4
 10
0.43633
 20
-4.91386
 10
0.44304
 20
-4.90741
 10
0.43798
 20
-4.91504
 10
0.43344
 20
-4.92185
 97
0
 92
3
 72
0
 73
1
 93
4
 10
0.20495
 20
-4.90685
 10
0.20803
 20
-4.91504
 10
0.21453
 20
-4.92127
 10
0.20968
 20
-4.91386
 97
0
 92
3
 72
0
 73
1
 93
3
 10
0.38959
 20
-4.90765
 10
0.39492
 20
-4.92011
 10
0.39657
 20
-4.91893
 97
0
 92
3
 72
0
 73
1
 93
4
 10
0.16485
 20
-4.90996
 10
0.16858
 20
-4.90186
 10
0.16319
 20
-4.90878
 10
0.15408
 20
-4.92379
 97
0
 92
3
 72
0
 73
1
 93
5
 10
0.52258
 20
-4.92377
 10
0.52423
 20
-4.92495
 10
0.52929
 20
-4.91637
 10
0.53863
 20
-4.90052
 10
0.52768
 20
-4.91515
 97
0
 92
3
 72
0
 73
1
 93
4
 10
0.34082
 20
-4.9196
 10
0.35008
 20
-4.90383
 10
0.35679
 20
-4.89954
 10
0.35174
 20
-4.90501
 97
0
 92
3
 72
0
 73
1
 93
5
 10
0.47183
 20
-4.89764
 10
0.48282
 20
-4.90878
 10
0.49003
 20
-4.92065
 10
0.48618
 20
-4.91817
 10
0.48117
 20
-4.90996
 97
0
 92
3
 72
0
 73
1
 93
3
 10
0.29428
 20
-4.90501
 10
0.30082
 20
-4.91236
 10
0.29581
 20
-4.90383
 97
0
 92
3
 72
0
 73
1
 93
17
 10
1.15376
 20
-3.80277
 10
1.15615
 20
-3.80274
 10
1.15673
 20
-3.8023
 10
1.15777
 20
-3.801
 10
1.15781
 20
-3.48538
 10
1.15784
 20
-3.34421
 10
1.15763
 20
-3.34394
 10
1.15667
 20
-3.34267
 10
1.15626
 20
-3.3423
 10
1.15052
 20
-3.34218
 10
1.14811
 20
-3.34226
 10
1.14759
 20
-3.34265
 10
1.1463
 20
-3.34367
 10
1.14621
 20
-3.65967
 10
1.14621
 20
-3.80099
 10
1.14726
 20
-3.80227
 10
1.14783
 20
-3.80277
 97
0
 92
3
 72
0
 73
1
 93
27
 10
1.13709
 20
-3.31144
 10
1.13749
 20
-3.31122
 10
1.14426
 20
-3.31122
 10
1.15878
 20
-3.31122
 10
1.15927
 20
-3.31122
 10
1.15929
 20
-3.31145
 10
1.15984
 20
-3.31255
 10
1.16016
 20
-3.31307
 10
1.1604
 20
-3.31385
 10
1.16045
 20
-3.32207
 10
1.16039
 20
-3.33978
 10
1.16015
 20
-3.34074
 10
1.15998
 20
-3.34118
 10
1.15953
 20
-3.34078
 10
1.15931
 20
-3.34099
 10
1.15854
 20
-3.34187
 10
1.15193
 20
-3.34189
 10
1.13804
 20
-3.34189
 10
1.13744
 20
-3.34172
 10
1.13643
 20
-3.34119
 10
1.13639
 20
-3.34123
 10
1.13594
 20
-3.34053
 10
1.13573
 20
-3.34013
 10
1.13573
 20
-3.33174
 10
1.13573
 20
-3.31299
 10
1.13629
 20
-3.31239
 10
1.13651
 20
-3.312
 97
0
 92
3
 72
0
 73
1
 93
68
 10
1.14634
 20
-3.26565
 10
1.14635
 20
-3.12435
 10
1.14644
 20
-2.80837
 10
1.13741
 20
-2.80674
 10
1.13708
 20
-2.80655
 10
1.13647
 20
-2.80599
 10
1.13651
 20
-2.80595
 10
1.13595
 20
-2.80537
 10
1.13573
 20
-2.80497
 10
1.1358
 20
-2.79643
 10
1.1358
 20
-2.77769
 10
1.13651
 20
-2.77703
 10
1.13666
 20
-2.77696
 10
1.13697
 20
-2.7767
 10
1.13773
 20
-2.77619
 10
1.14436
 20
-2.77606
 10
1.15856
 20
-2.77606
 10
1.15905
 20
-2.77654
 10
1.15928
 20
-2.77676
 10
1.1596
 20
-2.77719
 10
1.16038
 20
-2.77859
 10
1.16045
 20
-2.78692
 10
1.16036
 20
-2.80468
 10
1.16015
 20
-2.80559
 10
1.15998
 20
-2.80603
 10
1.15999
 20
-2.80604
 10
1.15976
 20
-2.80625
 10
1.15877
 20
-2.80673
 10
1.15681
 20
-2.80791
 10
1.15719
 20
-2.80815
 10
1.15739
 20
-2.80815
 10
1.15783
 20
-2.80964
 10
1.15784
 20
-2.81031
 10
1.15784
 20
-2.95076
 10
1.15784
 20
-3.26526
 10
1.15787
 20
-3.26557
 10
1.15734
 20
-3.2666
 10
1.1571
 20
-3.26695
 10
1.15657
 20
-3.26747
 10
1.15626
 20
-3.26769
 10
1.15852
 20
-3.26835
 10
1.15903
 20
-3.26838
 10
1.15928
 20
-3.26849
 10
1.15982
 20
-3.2696
 10
1.16016
 20
-3.27026
 10
1.1604
 20
-3.27104
 10
1.16051
 20
-3.27914
 10
1.16055
 20
-3.29656
 10
1.15972
 20
-3.29777
 10
1.15928
 20
-3.29811
 10
1.15929
 20
-3.29816
 10
1.15937
 20
-3.29824
 10
1.15896
 20
-3.29878
 10
1.15887
 20
-3.29868
 10
1.15215
 20
-3.2989
 10
1.13787
 20
-3.29908
 10
1.13691
 20
-3.29855
 10
1.13644
 20
-3.29834
 10
1.13595
 20
-3.29792
 10
1.13583
 20
-3.29771
 10
1.13576
 20
-3.28911
 10
1.13573
 20
-3.27018
 10
1.13629
 20
-3.26958
 10
1.13651
 20
-3.26919
 10
1.13727
 20
-3.26858
 10
1.13764
 20
-3.26834
 10
1.1442
 20
-3.26833
 10
1.14682
 20
-3.26668
 97
0
 92
3
 72
0
 73
1
 93
53
 10
1.91764
 20
-2.92554
 10
1.92022
 20
-2.92493
 10
1.92586
 20
-2.92993
 10
1.92772
 20
-2.93192
 10
1.92756
 20
-2.93248
 10
1.93055
 20
-2.93218
 10
1.96542
 20
-2.93293
 10
2.00844
 20
-2.93609
 10
2.02604
 20
-2.93749
 10
2.07315
 20
-2.94368
 10
2.08792
 20
-2.9458
 10
2.10008
 20
-2.94812
 10
2.14373
 20
-2.95671
 10
2.17374
 20
-2.96402
 10
2.1867
 20
-2.96718
 10
2.21867
 20
-2.97643
 10
2.231
 20
-2.98007
 10
2.26332
 20
-2.99092
 10
2.27608
 20
-2.99539
 10
2.31438
 20
-3.01045
 10
2.3162
 20
-3.01118
 10
2.31792
 20
-3.00928
 10
2.31985
 20
-3.00754
 10
2.32882
 20
-3.01005
 10
2.33201
 20
-3.01138
 10
2.33118
 20
-3.02108
 10
2.33049
 20
-3.02445
 10
2.32118
 20
-3.02637
 10
2.31767
 20
-3.02667
 10
2.31401
 20
-3.01786
 10
2.31369
 20
-3.01671
 10
2.29117
 20
-3.00749
 10
2.27475
 20
-3.00166
 10
2.23512
 20
-2.98761
 10
2.1907
 20
-2.97468
 10
2.17569
 20
-2.97047
 10
2.13405
 20
-2.9609
 10
2.12111
 20
-2.95796
 10
2.10763
 20
-2.95561
 10
2.06029
 20
-2.94769
 10
2.04938
 20
-2.94631
 10
2.0064
 20
-2.94174
 10
1.99228
 20
-2.94059
 10
1.96437
 20
-2.93891
 10
1.95025
 20
-2.93855
 10
1.92599
 20
-2.93806
 10
1.92519
 20
-2.9409
 10
1.92439
 20
-2.94359
 10
1.92169
 20
-2.94413
 10
1.91223
 20
-2.94333
 10
1.91041
 20
-2.94127
 10
1.90822
 20
-2.93225
 10
1.9091
 20
-2.9297
 97
0
 92
3
 72
0
 73
1
 93
139
 10
1.13574
 20
-3.80427
 10
1.13596
 20
-3.80425
 10
1.13707
 20
-3.8037
 10
1.13758
 20
-3.80338
 10
1.13836
 20
-3.80314
 10
1.14467
 20
-3.80303
 10
1.15815
 20
-3.80284
 10
1.15895
 20
-3.80338
 10
1.15928
 20
-3.80367
 10
1.15939
 20
-3.80382
 10
1.16005
 20
-3.80446
 10
1.16028
 20
-3.80476
 10
1.16039
 20
-3.81275
 10
1.16344
 20
-3.8179
 10
1.33371
 20
-3.81789
 10
1.68221
 20
-3.81602
 10
1.68221
 20
-3.15704
 10
1.6823
 20
-1.72384
 10
1.52709
 20
-1.72189
 10
1.16314
 20
-1.72189
 10
1.1607
 20
-1.73459
 10
1.16019
 20
-1.73537
 10
1.15998
 20
-1.73571
 10
1.15996
 20
-1.7357
 10
1.15899
 20
-1.73669
 10
1.15877
 20
-1.73682
 10
1.15848
 20
-1.73708
 10
1.15534
 20
-1.73728
 10
1.15637
 20
-1.73736
 10
1.15685
 20
-1.73759
 10
1.15707
 20
-1.73781
 10
1.15777
 20
-1.73931
 10
1.15786
 20
-1.88038
 10
1.15786
 20
-2.19567
 10
1.1577
 20
-2.19639
 10
1.15713
 20
-2.19739
 10
1.15721
 20
-2.19744
 10
1.1582
 20
-2.19809
 10
1.15896
 20
-2.19853
 10
1.1593
 20
-2.19874
 10
1.15933
 20
-2.19874
 10
1.15966
 20
-2.19928
 10
1.1604
 20
-2.20073
 10
1.16045
 20
-2.20895
 10
1.16036
 20
-2.22671
 10
1.16015
 20
-2.22762
 10
1.15998
 20
-2.22806
 10
1.15999
 20
-2.22807
 10
1.15976
 20
-2.22828
 10
1.15877
 20
-2.22876
 10
1.13754
 20
-2.22876
 10
1.13708
 20
-2.22858
 10
1.13651
 20
-2.22799
 10
1.13647
 20
-2.22802
 10
1.13595
 20
-2.2274
 10
1.13573
 20
-2.227
 10
1.13573
 20
-2.19987
 10
1.13639
 20
-2.19924
 10
1.1366
 20
-2.19904
 10
1.13742
 20
-2.1985
 10
1.13783
 20
-2.19809
 10
1.14425
 20
-2.19809
 10
1.14632
 20
-2.19584
 10
1.14631
 20
-2.05471
 10
1.15017
 20
-1.73717
 10
1.14786
 20
-1.73717
 10
1.14786
 20
-1.73726
 10
1.14785
 20
-1.73737
 10
1.14696
 20
-1.73817
 10
1.14667
 20
-1.73875
 10
1.1465
 20
-1.73856
 10
1.13821
 20
-1.7371
 10
1.13697
 20
-1.73619
 10
1.13696
 20
-1.73618
 10
1.13643
 20
-1.73571
 10
1.13622
 20
-1.73571
 10
1.13574
 20
-1.73522
 10
1.13572
 20
-1.72648
 10
1.13573
 20
-1.70789
 10
1.13705
 20
-1.70686
 10
1.13764
 20
-1.70639
 10
1.1442
 20
-1.70639
 10
1.15902
 20
-1.7065
 10
1.16015
 20
-1.70274
 10
1.16077
 20
-1.7021
 10
1.16253
 20
-1.70031
 10
1.16282
 20
-1.70005
 10
1.33312
 20
-1.70005
 10
1.69728
 20
-1.70004
 10
1.6979
 20
-1.70065
 10
1.69813
 20
-1.70087
 10
1.6994
 20
-1.7024
 10
1.69999
 20
-1.70319
 10
1.7001
 20
-1.70824
 10
1.70012
 20
-1.71917
 10
1.6991
 20
-1.72012
 10
1.69863
 20
-1.72065
 10
1.69769
 20
-1.72166
 10
1.69739
 20
-1.72216
 10
1.69836
 20
-1.72218
 10
1.69872
 20
-1.72258
 10
1.69937
 20
-1.72289
 10
1.69921
 20
-1.72305
 10
1.69954
 20
-1.7233
 10
1.69989
 20
-1.72468
 10
1.69986
 20
-2.38392
 10
1.69984
 20
-3.81526
 10
1.69971
 20
-3.81564
 10
1.69942
 20
-3.81679
 10
1.69942
 20
-3.81704
 10
1.69893
 20
-3.81758
 10
1.69871
 20
-3.81782
 10
1.69797
 20
-3.81782
 10
1.69777
 20
-3.81765
 10
1.69725
 20
-3.81791
 10
1.69813
 20
-3.81878
 10
1.69896
 20
-3.81964
 10
1.69996
 20
-3.82074
 10
1.69998
 20
-3.82572
 10
1.70005
 20
-3.83662
 10
1.69969
 20
-3.83737
 10
1.69871
 20
-3.83852
 10
1.69781
 20
-3.83961
 10
1.69758
 20
-3.83984
 10
1.52726
 20
-3.83968
 10
1.16264
 20
-3.83977
 10
1.16171
 20
-3.83881
 10
1.16143
 20
-3.8385
 10
1.16041
 20
-3.83753
 10
1.15994
 20
-3.83709
 10
1.15848
 20
-3.83418
 10
1.15209
 20
-3.83421
 10
1.13782
 20
-3.83398
 10
1.13691
 20
-3.83323
 10
1.13643
 20
-3.83281
 10
1.13641
 20
-3.83281
 10
1.13593
 20
-3.83232
 10
1.13573
 20
-3.83209
 10
1.13574
 20
-3.82336
 97
0
 92
3
 72
0
 73
1
 93
3
 10
1.15994
 20
-3.83285
 10
1.15996
 20
-3.8328
 10
1.15998
 20
-3.83281
 97
0
 92
3
 72
0
 73
1
 93
5
 10
1.16015
 20
-2.76277
 10
1.16039
 20
-2.76181
 10
1.15953
 20
-2.76281
 10
1.15931
 20
-2.76302
 10
1.15854
 20
-2.76391
 97
0
 92
3
 72
0
 73
1
 93
62
 10
1.15854
 20
-2.76391
 10
1.15193
 20
-2.76393
 10
1.13804
 20
-2.76393
 10
1.13744
 20
-2.76375
 10
1.13643
 20
-2.76322
 10
1.13639
 20
-2.76326
 10
1.13594
 20
-2.76257
 10
1.13573
 20
-2.76216
 10
1.13573
 20
-2.75377
 10
1.13573
 20
-2.73503
 10
1.13629
 20
-2.73442
 10
1.13651
 20
-2.73403
 10
1.13709
 20
-2.73347
 10
1.13749
 20
-2.73325
 10
1.14426
 20
-2.73326
 10
1.14639
 20
-2.7308
 10
1.14632
 20
-2.58967
 10
1.14637
 20
-2.27405
 10
1.1377
 20
-2.27164
 10
1.13723
 20
-2.27142
 10
1.13651
 20
-2.2708
 10
1.13647
 20
-2.27084
 10
1.13595
 20
-2.27022
 10
1.13572
 20
-2.26996
 10
1.13573
 20
-2.26148
 10
1.13575
 20
-2.24255
 10
1.13596
 20
-2.24233
 10
1.13615
 20
-2.24212
 10
1.13724
 20
-2.24156
 10
1.13759
 20
-2.24144
 10
1.13836
 20
-2.2412
 10
1.14467
 20
-2.24109
 10
1.15815
 20
-2.2409
 10
1.15895
 20
-2.24144
 10
1.15938
 20
-2.24178
 10
1.15963
 20
-2.24222
 10
1.16018
 20
-2.24296
 10
1.16044
 20
-2.24338
 10
1.16047
 20
-2.25158
 10
1.16036
 20
-2.26952
 10
1.16015
 20
-2.27043
 10
1.15998
 20
-2.27087
 10
1.15999
 20
-2.27088
 10
1.15975
 20
-2.27107
 10
1.15876
 20
-2.2716
 10
1.15675
 20
-2.27279
 10
1.15701
 20
-2.27307
 10
1.15726
 20
-2.27348
 10
1.15784
 20
-2.27471
 10
1.15784
 20
-2.41578
 10
1.15758
 20
-2.73116
 10
1.15736
 20
-2.7316
 10
1.15714
 20
-2.73182
 10
1.15732
 20
-2.73199
 10
1.15681
 20
-2.73246
 10
1.15878
 20
-2.73326
 10
1.15927
 20
-2.73326
 10
1.15929
 20
-2.73348
 10
1.15984
 20
-2.73459
 10
1.16016
 20
-2.7351
 10
1.1604
 20
-2.73588
 10
1.16045
 20
-2.74411
 97
0
 92
3
 72
0
 73
1
 93
16
 10
1.91503
 20
2.19622
 10
1.91724
 20
2.19741
 10
1.93093
 20
2.20478
 10
1.93723
 20
2.20478
 10
1.98729
 20
2.20478
 10
1.98797
 20
2.20441
 10
2.00344
 20
2.19622
 10
2.00344
 20
2.19534
 10
2.00344
 20
2.15401
 10
2.0031
 20
2.15382
 10
1.98729
 20
2.14488
 10
1.9846
 20
2.14488
 10
1.93093
 20
2.14488
 10
1.92898
 20
2.14601
 10
1.91503
 20
2.15401
 10
1.91503
 20
2.15999
 97
0
 92
3
 72
0
 73
1
 93
185
 10
0.33982
 20
3.95966
 10
0.34033
 20
3.96016
 10
0.34056
 20
3.9604
 10
0.34107
 20
3.9609
 10
0.3413
 20
3.96114
 10
0.34155
 20
3.96139
 10
0.34181
 20
3.96164
 10
0.34204
 20
3.96188
 10
0.34278
 20
3.96188
 10
0.34328
 20
3.96238
 10
0.34352
 20
3.96262
 10
0.34648
 20
3.96188
 10
0.34796
 20
3.96188
 10
0.34729
 20
3.96262
 10
0.34597
 20
3.96238
 10
0.34574
 20
3.96262
 10
0.34574
 20
3.96336
 10
0.34523
 20
3.96386
 10
0.345
 20
3.9641
 10
0.345
 20
3.9848
 10
0.34551
 20
3.98531
 10
0.34574
 20
3.98554
 10
0.34574
 20
3.98628
 10
0.34648
 20
3.98628
 10
0.34698
 20
3.98679
 10
0.34722
 20
3.98702
 10
0.37014
 20
3.98702
 10
0.37065
 20
3.98651
 10
0.37088
 20
3.98628
 10
0.37139
 20
3.98577
 10
0.37162
 20
3.98554
 10
0.37162
 20
3.97445
 10
0.37236
 20
3.97445
 10
0.37236
 20
3.97519
 10
0.37287
 20
3.9757
 10
0.3731
 20
3.97593
 10
0.71918
 20
3.97593
 10
0.72214
 20
3.98406
 10
0.72214
 20
3.98554
 10
0.72264
 20
3.98605
 10
0.72288
 20
3.98628
 10
0.72362
 20
3.98628
 10
0.72412
 20
3.98679
 10
0.72435
 20
3.98702
 10
0.74654
 20
3.98702
 10
0.74705
 20
3.98651
 10
0.74728
 20
3.98628
 10
0.74802
 20
3.98628
 10
0.74853
 20
3.98577
 10
0.74876
 20
3.98554
 10
0.74876
 20
3.96336
 10
0.74825
 20
3.96285
 10
0.74802
 20
3.96262
 10
0.74751
 20
3.96211
 10
0.74728
 20
3.96188
 10
0.72362
 20
3.96188
 10
0.72311
 20
3.96238
 10
0.72288
 20
3.96262
 10
0.72237
 20
3.96312
 10
0.72214
 20
3.96336
 10
0.72214
 20
3.96484
 10
0.72163
 20
3.9658
 10
0.7214
 20
3.96557
 10
0.7214
 20
3.96484
 10
0.72066
 20
3.96484
 10
0.72015
 20
3.96432
 10
0.71992
 20
3.9641
 10
0.37384
 20
3.9641
 10
0.37333
 20
3.96461
 10
0.37321
 20
3.96473
 10
0.3731
 20
3.96484
 10
0.37236
 20
3.96484
 10
0.37236
 20
3.96557
 10
0.37185
 20
3.96609
 10
0.37162
 20
3.96631
 10
0.37229
 20
3.9653
 10
0.37162
 20
3.96484
 10
0.37162
 20
3.96336
 10
0.37111
 20
3.96285
 10
0.37088
 20
3.96262
 10
0.37088
 20
3.96188
 10
0.36267
 20
3.96188
 10
0.35905
 20
3.95865
 10
0.35905
 20
3.76983
 10
0.36127
 20
3.38064
 10
2.3882
 20
3.38064
 10
2.39116
 20
3.55494
 10
2.39116
 20
3.95818
 10
2.3808
 20
3.96188
 10
2.37932
 20
3.96188
 10
2.37882
 20
3.96238
 10
2.37858
 20
3.96262
 10
2.37858
 20
3.96336
 10
2.37808
 20
3.96386
 10
2.37785
 20
3.9641
 10
2.37785
 20
3.9646
 10
2.37733
 20
3.96506
 10
2.37711
 20
3.96484
 10
2.3766
 20
3.96432
 10
2.37637
 20
3.9641
 10
2.37563
 20
3.9641
 10
2.37607
 20
3.96432
 10
2.26902
 20
3.9641
 10
2.02807
 20
3.96705
 10
2.02807
 20
3.9641
 10
2.02733
 20
3.96336
 10
2.02733
 20
3.96262
 10
2.02682
 20
3.96211
 10
2.02659
 20
3.96188
 10
2.00219
 20
3.96188
 10
2.00219
 20
3.96262
 10
2.00168
 20
3.96312
 10
2.00145
 20
3.96336
 10
2.00145
 20
3.98554
 10
2.00195
 20
3.98605
 10
2.00219
 20
3.98628
 10
2.00269
 20
3.98679
 10
2.00293
 20
3.98702
 10
2.02585
 20
3.98702
 10
2.02659
 20
3.98628
 10
2.02733
 20
3.98628
 10
2.02733
 20
3.98554
 10
2.02807
 20
3.9848
 10
2.02807
 20
3.97803
 10
2.03029
 20
3.97593
 10
2.37563
 20
3.97593
 10
2.37785
 20
3.98406
 10
2.37785
 20
3.9848
 10
2.37835
 20
3.98531
 10
2.37858
 20
3.98554
 10
2.37858
 20
3.98628
 10
2.37932
 20
3.98628
 10
2.38006
 20
3.98702
 10
2.40299
 20
3.98702
 10
2.4035
 20
3.98651
 10
2.40373
 20
3.98628
 10
2.40447
 20
3.98628
 10
2.40447
 20
3.96285
 10
2.40669
 20
3.96262
 10
2.40719
 20
3.96211
 10
2.40742
 20
3.96188
 10
2.40816
 20
3.96188
 10
2.40964
 20
3.9604
 10
2.40964
 20
3.36437
 10
2.40742
 20
3.36215
 10
2.39337
 20
3.36215
 10
2.39287
 20
3.36266
 10
2.39264
 20
3.36289
 10
2.39213
 20
3.3634
 10
2.3919
 20
3.36363
 10
2.39139
 20
3.36414
 10
2.39116
 20
3.36437
 10
2.39116
 20
3.36488
 10
2.39065
 20
3.36387
 10
2.39042
 20
3.36363
 10
2.39042
 20
3.36289
 10
2.38968
 20
3.36289
 10
2.3895
 20
3.36271
 10
2.38944
 20
3.36266
 10
2.38917
 20
3.36239
 10
2.38904
 20
3.36226
 10
2.38894
 20
3.36215
 10
0.36053
 20
3.36215
 10
0.36053
 20
3.36289
 10
0.35979
 20
3.36289
 10
0.35928
 20
3.3634
 10
0.35905
 20
3.36363
 10
0.35905
 20
3.36437
 10
0.35831
 20
3.36437
 10
0.35831
 20
3.36363
 10
0.35781
 20
3.36313
 10
0.35757
 20
3.36289
 10
0.35656
 20
3.36239
 10
0.35609
 20
3.36215
 10
0.34278
 20
3.36215
 10
0.34228
 20
3.36266
 10
0.34216
 20
3.36278
 10
0.34204
 20
3.36289
 10
0.34154
 20
3.3634
 10
0.3413
 20
3.36363
 10
0.3408
 20
3.36414
 10
0.34056
 20
3.36437
 10
0.34006
 20
3.36488
 10
0.33982
 20
3.36511
 10
0.33982
 20
3.36659
 97
0
 92
3
 72
0
 73
1
 93
3
 10
0.36029
 20
3.37967
 10
0.36078
 20
3.38016
 10
0.36053
 20
3.3799
 97
0
 92
3
 72
0
 73
1
 93
3
 10
0.78724
 20
3.97033
 10
0.78735
 20
3.96852
 10
0.78672
 20
3.96811
 97
0
 92
3
 72
0
 73
1
 93
53
 10
1.13622
 20
3.97114
 10
1.13625
 20
3.97112
 10
1.13625
 20
3.98406
 10
1.13625
 20
3.98457
 10
1.13625
 20
3.9848
 10
1.13625
 20
3.98531
 10
1.13625
 20
3.98554
 10
1.13676
 20
3.98605
 10
1.13699
 20
3.98628
 10
1.1375
 20
3.98628
 10
1.13773
 20
3.98628
 10
1.13773
 20
3.98679
 10
1.13773
 20
3.98702
 10
1.13823
 20
3.98702
 10
1.13847
 20
3.98702
 10
1.14543
 20
3.98702
 10
1.16065
 20
3.98702
 10
1.16116
 20
3.98651
 10
1.16139
 20
3.98628
 10
1.1619
 20
3.98628
 10
1.16213
 20
3.98628
 10
1.16213
 20
3.98577
 10
1.16213
 20
3.98554
 10
1.16264
 20
3.98503
 10
1.16287
 20
3.9848
 10
1.16287
 20
3.98429
 10
1.16287
 20
3.98406
 10
1.16287
 20
3.97803
 10
1.16287
 20
3.96484
 10
1.16287
 20
3.96433
 10
1.16287
 20
3.9641
 10
1.16236
 20
3.96359
 10
1.16213
 20
3.96336
 10
1.16213
 20
3.96285
 10
1.16213
 20
3.96262
 10
1.16162
 20
3.96211
 10
1.16139
 20
3.96188
 10
1.16088
 20
3.96188
 10
1.16065
 20
3.96188
 10
1.15369
 20
3.96188
 10
1.13847
 20
3.96188
 10
1.13796
 20
3.96188
 10
1.13773
 20
3.96188
 10
1.13722
 20
3.96238
 10
1.13699
 20
3.96262
 10
1.13648
 20
3.96312
 10
1.13625
 20
3.96336
 10
1.13625
 20
3.96386
 10
1.13625
 20
3.9641
 10
1.13625
 20
3.9646
 10
1.13625
 20
3.96484
 10
1.13625
 20
3.97032
 10
1.13608
 20
3.97026
 97
0
 92
3
 72
0
 73
1
 93
54
 10
0.75911
 20
3.9646
 10
0.75911
 20
3.9641
 10
0.75934
 20
3.96386
 10
0.75985
 20
3.96336
 10
0.75985
 20
3.96312
 10
0.75985
 20
3.96262
 10
0.76008
 20
3.96238
 10
0.76059
 20
3.96188
 10
0.76082
 20
3.96188
 10
0.76133
 20
3.96188
 10
0.76156
 20
3.96188
 10
0.76207
 20
3.96188
 10
0.77678
 20
3.96188
 10
0.78351
 20
3.96188
 10
0.78375
 20
3.96188
 10
0.78425
 20
3.96188
 10
0.78449
 20
3.96211
 10
0.78499
 20
3.96262
 10
0.78522
 20
3.96285
 10
0.78573
 20
3.96336
 10
0.78573
 20
3.96359
 10
0.78573
 20
3.9641
 10
0.78573
 20
3.96433
 10
0.78573
 20
3.96484
 10
0.78573
 20
3.97803
 10
0.78573
 20
3.98406
 10
0.78573
 20
3.98429
 10
0.78573
 20
3.9848
 10
0.78573
 20
3.98503
 10
0.78573
 20
3.98554
 10
0.7855
 20
3.98577
 10
0.78499
 20
3.98628
 10
0.78476
 20
3.98628
 10
0.78425
 20
3.98628
 10
0.78425
 20
3.98651
 10
0.78425
 20
3.98702
 10
0.78402
 20
3.98702
 10
0.78351
 20
3.98702
 10
0.7688
 20
3.98702
 10
0.76207
 20
3.98702
 10
0.76184
 20
3.98702
 10
0.76133
 20
3.98702
 10
0.7611
 20
3.98679
 10
0.76059
 20
3.98628
 10
0.76036
 20
3.98628
 10
0.75985
 20
3.98628
 10
0.75985
 20
3.98605
 10
0.75985
 20
3.98554
 10
0.75962
 20
3.98531
 10
0.75911
 20
3.9848
 10
0.75911
 20
3.98457
 10
0.75911
 20
3.98406
 10
0.75911
 20
3.97087
 10
0.75911
 20
3.96484
 97
0
 92
3
 72
0
 73
1
 93
131
 10
1.17322
 20
3.96386
 10
1.17322
 20
3.96336
 10
1.17345
 20
3.96312
 10
1.17396
 20
3.96262
 10
1.17419
 20
3.96238
 10
1.1747
 20
3.96188
 10
1.17493
 20
3.96188
 10
1.17544
 20
3.96188
 10
1.19066
 20
3.96188
 10
1.19763
 20
3.96188
 10
1.19786
 20
3.96188
 10
1.19837
 20
3.96188
 10
1.1986
 20
3.96211
 10
1.1991
 20
3.96262
 10
1.19934
 20
3.96285
 10
1.19984
 20
3.96336
 10
1.19984
 20
3.96359
 10
1.19984
 20
3.9641
 10
1.19984
 20
3.96433
 10
1.19984
 20
3.96464
 10
1.19984
 20
3.96484
 10
1.19984
 20
3.96631
 10
1.20007
 20
3.96609
 10
1.20058
 20
3.96557
 10
1.20058
 20
3.96535
 10
1.20058
 20
3.96484
 10
1.20081
 20
3.96484
 10
1.20132
 20
3.96484
 10
1.20155
 20
3.96461
 10
1.20206
 20
3.9641
 10
1.20229
 20
3.9641
 10
1.2028
 20
3.9641
 10
1.44103
 20
3.9641
 10
1.54962
 20
3.96631
 10
1.54985
 20
3.96654
 10
1.55036
 20
3.96705
 10
1.55036
 20
3.96484
 10
1.55036
 20
3.9646
 10
1.54962
 20
3.96484
 10
1.54962
 20
3.96506
 10
1.54962
 20
3.96557
 10
1.54962
 20
3.9658
 10
1.54911
 20
3.96484
 10
1.54866
 20
3.96461
 10
1.54782
 20
3.9642
 10
1.5474
 20
3.9641
 10
1.54763
 20
3.9641
 10
1.54814
 20
3.9641
 10
1.55036
 20
3.9641
 10
1.55036
 20
3.96386
 10
1.55036
 20
3.96336
 10
1.55059
 20
3.96312
 10
1.5511
 20
3.96262
 10
1.5511
 20
3.96238
 10
1.5511
 20
3.96188
 10
1.55133
 20
3.96188
 10
1.55184
 20
3.96188
 10
1.55207
 20
3.96188
 10
1.55258
 20
3.96188
 10
1.56729
 20
3.96188
 10
1.57402
 20
3.96188
 10
1.57426
 20
3.96188
 10
1.57476
 20
3.96188
 10
1.575
 20
3.96188
 10
1.5755
 20
3.96188
 10
1.57574
 20
3.96211
 10
1.57624
 20
3.96262
 10
1.57624
 20
3.96285
 10
1.57624
 20
3.96336
 10
1.57647
 20
3.96359
 10
1.57698
 20
3.9641
 10
1.57698
 20
3.96433
 10
1.57698
 20
3.96484
 10
1.57698
 20
3.97803
 10
1.57698
 20
3.98406
 10
1.57698
 20
3.98429
 10
1.57698
 20
3.9848
 10
1.57675
 20
3.98503
 10
1.57624
 20
3.98554
 10
1.57624
 20
3.98577
 10
1.57624
 20
3.98628
 10
1.57601
 20
3.98628
 10
1.5755
 20
3.98628
 10
1.57527
 20
3.98651
 10
1.57476
 20
3.98702
 10
1.57453
 20
3.98702
 10
1.57402
 20
3.98702
 10
1.55931
 20
3.98702
 10
1.55258
 20
3.98702
 10
1.55235
 20
3.98702
 10
1.55184
 20
3.98702
 10
1.55161
 20
3.98679
 10
1.5511
 20
3.98628
 10
1.55087
 20
3.98605
 10
1.55036
 20
3.98554
 10
1.55036
 20
3.98531
 10
1.55036
 20
3.9848
 10
1.55036
 20
3.98457
 10
1.55036
 20
3.98406
 10
1.54791
 20
3.97593
 10
1.5474
 20
3.97593
 10
1.30918
 20
3.97593
 10
1.2028
 20
3.97593
 10
1.19984
 20
3.97803
 10
1.19984
 20
3.98406
 10
1.19984
 20
3.98429
 10
1.19984
 20
3.9848
 10
1.19984
 20
3.98503
 10
1.19984
 20
3.98554
 10
1.19961
 20
3.98577
 10
1.1991
 20
3.98628
 10
1.19887
 20
3.98628
 10
1.19837
 20
3.98628
 10
1.19813
 20
3.98651
 10
1.19763
 20
3.98702
 10
1.1824
 20
3.98702
 10
1.17544
 20
3.98702
 10
1.17521
 20
3.98679
 10
1.1747
 20
3.98628
 10
1.17447
 20
3.98628
 10
1.17396
 20
3.98628
 10
1.17373
 20
3.98605
 10
1.17322
 20
3.98554
 10
1.17322
 20
3.98531
 10
1.17322
 20
3.9848
 10
1.17322
 20
3.98457
 10
1.17322
 20
3.98406
 10
1.17322
 20
3.97087
 10
1.17322
 20
3.96484
 10
1.17322
 20
3.9646
 10
1.17322
 20
3.9641
 97
0
 92
3
 72
0
 73
1
 93
50
 10
1.58734
 20
3.96386
 10
1.58734
 20
3.96336
 10
1.58757
 20
3.96312
 10
1.58807
 20
3.96262
 10
1.58831
 20
3.96238
 10
1.58881
 20
3.96188
 10
1.58905
 20
3.96188
 10
1.58955
 20
3.96188
 10
1.60477
 20
3.96188
 10
1.61174
 20
3.96188
 10
1.61197
 20
3.96188
 10
1.61248
 20
3.96188
 10
1.61271
 20
3.96211
 10
1.61322
 20
3.96262
 10
1.61322
 20
3.96285
 10
1.61322
 20
3.96336
 10
1.61345
 20
3.96359
 10
1.61396
 20
3.9641
 10
1.61396
 20
3.96433
 10
1.61396
 20
3.96484
 10
1.61396
 20
3.97803
 10
1.61396
 20
3.98406
 10
1.61396
 20
3.98429
 10
1.61396
 20
3.9848
 10
1.61372
 20
3.98503
 10
1.61322
 20
3.98554
 10
1.61322
 20
3.98577
 10
1.61322
 20
3.98628
 10
1.61298
 20
3.98628
 10
1.61248
 20
3.98628
 10
1.61225
 20
3.98651
 10
1.61174
 20
3.98702
 10
1.59652
 20
3.98702
 10
1.58955
 20
3.98702
 10
1.58932
 20
3.98702
 10
1.58881
 20
3.98702
 10
1.58881
 20
3.98679
 10
1.58881
 20
3.98628
 10
1.58858
 20
3.98628
 10
1.58807
 20
3.98628
 10
1.58784
 20
3.98605
 10
1.58734
 20
3.98554
 10
1.58734
 20
3.98531
 10
1.58734
 20
3.9848
 10
1.58734
 20
3.98457
 10
1.58734
 20
3.98406
 10
1.58734
 20
3.97087
 10
1.58734
 20
3.96484
 10
1.58734
 20
3.9646
 10
1.58734
 20
3.9641
 97
0
 92
3
 72
0
 73
1
 93
20
 10
0.36573
 20
7.16782
 10
0.36667
 20
7.16521
 10
0.36899
 20
7.16159
 10
0.37152
 20
7.16022
 10
0.38579
 20
7.15895
 10
0.39818
 20
7.16005
 10
0.40105
 20
7.16163
 10
0.4031
 20
7.1648
 10
0.40417
 20
7.16762
 10
0.40503
 20
7.18624
 10
0.40434
 20
7.20425
 10
0.40277
 20
7.20711
 10
0.39926
 20
7.2091
 10
0.39649
 20
7.21018
 10
0.38427
 20
7.21104
 10
0.37185
 20
7.20995
 10
0.36895
 20
7.20837
 10
0.36692
 20
7.20527
 10
0.36584
 20
7.20234
 10
0.36502
 20
7.1839
 97
0
 92
3
 72
0
 73
1
 93
8
 10
0.352
 20
7.52488
 10
0.352
 20
7.215
 10
0.36061
 20
7.215
 10
0.36802
 20
7.215
 10
0.36802
 20
7.57513
 10
0.36802
 20
7.88501
 10
0.35941
 20
7.88501
 10
0.352
 20
7.88501
 97
0
 92
3
 72
0
 73
1
 93
4
 10
-0.41527
 20
7.90559
 10
-0.41411
 20
7.90644
 10
-0.41425
 20
7.90482
 10
-0.41502
 20
7.9053
 97
0
 92
3
 72
0
 73
1
 93
19
 10
0.36502
 20
7.91385
 10
0.36573
 20
7.89772
 10
0.36668
 20
7.89516
 10
0.369
 20
7.89161
 10
0.37153
 20
7.89024
 10
0.38579
 20
7.88898
 10
0.39817
 20
7.89007
 10
0.40104
 20
7.89165
 10
0.40309
 20
7.89475
 10
0.40417
 20
7.89753
 10
0.40503
 20
7.9162
 10
0.40434
 20
7.93429
 10
0.40278
 20
7.9371
 10
0.39962
 20
7.93852
 10
0.39667
 20
7.93961
 10
0.38423
 20
7.93985
 10
0.3713
 20
7.93968
 10
0.36764
 20
7.93812
 10
0.36578
 20
7.93467
 97
0
 92
3
 72
0
 73
1
 93
3
 10
-0.58843
 20
7.91814
 10
-0.58313
 20
7.91487
 10
-0.58719
 20
7.91905
 97
0
 92
3
 72
0
 73
1
 93
3
 10
-0.76064
 20
7.93306
 10
-0.75974
 20
7.93194
 10
-0.76171
 20
7.93196
 97
0
 92
3
 72
0
 73
1
 93
4
 10
-0.43671
 20
7.93196
 10
-0.43474
 20
7.93192
 10
-0.43563
 20
7.93305
 10
-0.44618
 20
7.94149
 97
0
 92
3
 72
0
 73
1
 93
3
 10
-0.45832
 20
7.95395
 10
-0.45824
 20
7.95537
 10
-0.45767
 20
7.95529
 97
0
 92
3
 72
0
 73
1
 93
3
 10
-0.63148
 20
7.95969
 10
-0.62984
 20
7.95863
 10
-0.63169
 20
7.9582
 97
0
 92
3
 72
0
 73
1
 93
24
 10
0.86443
 20
8.91425
 10
0.86814
 20
8.90547
 10
0.87
 20
8.90203
 10
0.87
 20
8.7663
 10
0.87
 20
8.45798
 10
0.8663
 20
8.44921
 10
0.86467
 20
8.44534
 10
0.85589
 20
8.44164
 10
0.85203
 20
8.44001
 10
0.70407
 20
8.44001
 10
0.36797
 20
8.44001
 10
0.3592
 20
8.44371
 10
0.35533
 20
8.44534
 10
0.35163
 20
8.45412
 10
0.35
 20
8.45798
 10
0.35
 20
8.59371
 10
0.35
 20
8.90203
 10
0.3537
 20
8.9108
 10
0.35533
 20
8.91467
 10
0.36411
 20
8.91837
 10
0.36797
 20
8.92
 10
0.51593
 20
8.92
 10
0.85203
 20
8.92
 10
0.86081
 20
8.9163
 97
0
 92
3
 72
0
 73
1
 93
94
 10
1.94212
 20
8.93727
 10
1.94367
 20
8.93343
 10
1.94185
 20
8.92209
 10
1.93809
 20
8.92089
 10
1.93829
 20
8.90408
 10
1.93867
 20
8.89165
 10
1.9388
 20
8.88715
 10
1.93912
 20
8.88138
 10
1.93998
 20
8.86556
 10
1.94036
 20
8.85988
 10
1.94137
 20
8.84439
 10
1.94243
 20
8.8325
 10
1.94282
 20
8.82812
 10
1.94358
 20
8.82103
 10
1.94569
 20
8.80167
 10
1.94774
 20
8.78613
 10
1.94869
 20
8.77898
 10
1.95014
 20
8.76889
 10
1.95112
 20
8.7626
 10
1.95326
 20
8.74947
 10
1.95509
 20
8.73921
 10
1.956
 20
8.73411
 10
1.95849
 20
8.72141
 10
1.95932
 20
8.71716
 10
1.96053
 20
8.71149
 10
1.96387
 20
8.69574
 10
1.96515
 20
8.69028
 10
1.96867
 20
8.67527
 10
1.97336
 20
8.65716
 10
1.97503
 20
8.65073
 10
1.97712
 20
8.64329
 10
1.98267
 20
8.62357
 10
1.98492
 20
8.61625
 10
1.98581
 20
8.61336
 10
1.98759
 20
8.6078
 10
1.99243
 20
8.59266
 10
1.99485
 20
8.58542
 10
1.99573
 20
8.58276
 10
1.99772
 20
8.57721
 10
2.00308
 20
8.56224
 10
2.00854
 20
8.54757
 10
2.0105
 20
8.54229
 10
2.01146
 20
8.53989
 10
2.02045
 20
8.53626
 10
2.02136
 20
8.53293
 10
2.01893
 20
8.52406
 10
2.01509
 20
8.52251
 10
2.00375
 20
8.52433
 10
2.00241
 20
8.52853
 10
2.00558
 20
8.53846
 10
2.00492
 20
8.54014
 10
1.99932
 20
8.55506
 10
1.99692
 20
8.56145
 10
1.99432
 20
8.56874
 10
1.9918
 20
8.57602
 10
1.98668
 20
8.59087
 10
1.98448
 20
8.5978
 10
1.97812
 20
8.61792
 10
1.97656
 20
8.62322
 10
1.97234
 20
8.63772
 10
1.97107
 20
8.64241
 10
1.96816
 20
8.65312
 10
1.9643
 20
8.66813
 10
1.96292
 20
8.6735
 10
1.96161
 20
8.67915
 10
1.95796
 20
8.6948
 10
1.95676
 20
8.70044
 10
1.95352
 20
8.71581
 10
1.95276
 20
8.71965
 10
1.95046
 20
8.73144
 10
1.94962
 20
8.73607
 10
1.94758
 20
8.7475
 10
1.94466
 20
8.76537
 10
1.94355
 20
8.77218
 10
1.94073
 20
8.79345
 10
1.93973
 20
8.80103
 10
1.9391
 20
8.80681
 10
1.9374
 20
8.82242
 10
1.93701
 20
8.8265
 10
1.93582
 20
8.83897
 10
1.93538
 20
8.84474
 10
1.9342
 20
8.86047
 10
1.93388
 20
8.86623
 10
1.93304
 20
8.88194
 10
1.93288
 20
8.88651
 10
1.9325
 20
8.8976
 10
1.93216
 20
8.91342
 10
1.93203
 20
8.91924
 10
1.93203
 20
8.92212
 10
1.93203
 20
8.92254
 10
1.92648
 20
8.92431
 10
1.92579
 20
8.92858
 10
1.92992
 20
8.93878
 10
1.93325
 20
8.93969
 97
0
 92
3
 72
0
 73
1
 93
51
 10
2.95097
 20
-3.9651
 10
2.95295
 20
-3.9637
 10
2.95293
 20
-3.96257
 10
2.95206
 20
-3.92551
 10
2.95145
 20
-3.91502
 10
2.94848
 20
-3.8756
 10
2.94724
 20
-3.86354
 10
2.94206
 20
-3.82266
 10
2.94042
 20
-3.81148
 10
2.93326
 20
-3.77219
 10
2.93117
 20
-3.76109
 10
2.92092
 20
-3.71754
 10
2.91759
 20
-3.70347
 10
2.91296
 20
-3.68819
 10
2.89626
 20
-3.63455
 10
2.88894
 20
-3.61502
 10
2.87437
 20
-3.57741
 10
2.87226
 20
-3.57785
 10
2.86874
 20
-3.57815
 10
2.86509
 20
-3.56935
 10
2.86418
 20
-3.5661
 10
2.86899
 20
-3.56077
 10
2.87093
 20
-3.55902
 10
2.87989
 20
-3.56154
 10
2.88308
 20
-3.56286
 10
2.88226
 20
-3.57256
 10
2.88156
 20
-3.57593
 10
2.87968
 20
-3.57632
 10
2.88311
 20
-3.58326
 10
2.901
 20
-3.62997
 10
2.91155
 20
-3.66269
 10
2.91716
 20
-3.68057
 10
2.9261
 20
-3.71289
 10
2.93068
 20
-3.73253
 10
2.94003
 20
-3.77425
 10
2.9426
 20
-3.7899
 10
2.94976
 20
-3.83401
 10
2.95374
 20
-3.8694
 10
2.95511
 20
-3.88171
 10
2.9559
 20
-3.89356
 10
2.95818
 20
-3.92784
 10
2.95843
 20
-3.93959
 10
2.95777
 20
-3.96419
 10
2.96274
 20
-3.96563
 10
2.96515
 20
-3.96796
 10
2.96414
 20
-3.97777
 10
2.96324
 20
-3.98038
 10
2.95428
 20
-3.98216
 10
2.9509
 20
-3.98243
 10
2.94699
 20
-3.97388
 10
2.94598
 20
-3.97071
 97
0
 92
3
 72
0
 73
1
 93
10
 10
2.07572
 20
-3.79653
 10
2.08782
 20
-3.79209
 10
2.09183
 20
-3.79025
 10
2.09613
 20
-3.79272
 10
2.10085
 20
-3.80093
 10
2.09732
 20
-3.80859
 10
2.095
 20
-3.81493
 10
2.08415
 20
-3.81378
 10
2.07876
 20
-3.8125
 10
2.07632
 20
-3.8022
 97
0
 92
3
 72
0
 73
1
 93
33
 10
2.94267
 20
-3.89031
 10
2.94404
 20
-3.91168
 10
2.94576
 20
-3.94732
 10
2.94417
 20
-3.94735
 10
2.9397
 20
-3.94744
 10
2.93802
 20
-3.91108
 10
2.93739
 20
-3.89781
 10
2.93289
 20
-3.85486
 10
2.93067
 20
-3.83527
 10
2.92529
 20
-3.80012
 10
2.92233
 20
-3.78406
 10
2.91276
 20
-3.73844
 10
2.91028
 20
-3.72795
 10
2.89667
 20
-3.67914
 10
2.89366
 20
-3.66843
 10
2.8892
 20
-3.65492
 10
2.87334
 20
-3.60987
 10
2.86783
 20
-3.59606
 10
2.85734
 20
-3.57035
 10
2.86141
 20
-3.5686
 10
2.86282
 20
-3.56799
 10
2.86606
 20
-3.57584
 10
2.87483
 20
-3.59705
 10
2.88731
 20
-3.63113
 10
2.89187
 20
-3.64374
 10
2.90337
 20
-3.68057
 10
2.90693
 20
-3.69211
 10
2.91029
 20
-3.70515
 10
2.92008
 20
-3.7434
 10
2.9227
 20
-3.75618
 10
2.93137
 20
-3.79938
 10
2.93411
 20
-3.81818
 10
2.93974
 20
-3.8588
 97
0
 92
3
 72
0
 73
1
 93
15
 10
2.29371
 20
-3.75065
 10
2.2941
 20
-3.75072
 10
2.29417
 20
-3.75069
 10
2.29438
 20
-3.75062
 10
2.29977
 20
-3.74971
 10
2.30187
 20
-3.74891
 10
2.30291
 20
-3.74598
 10
2.30462
 20
-3.74433
 10
2.30419
 20
-3.74297
 10
2.30017
 20
-3.73515
 10
2.29968
 20
-3.73501
 10
2.29051
 20
-3.7368
 10
2.28977
 20
-3.7375
 10
2.2883
 20
-3.74444
 10
2.28877
 20
-3.74599
 97
0
 92
3
 72
0
 73
1
 93
10
 10
3.65605
 20
-3.49637
 10
3.65633
 20
-3.49558
 10
3.65626
 20
-3.49528
 10
3.65643
 20
-3.49524
 10
3.6566
 20
-3.49521
 10
3.65663
 20
-3.49461
 10
3.65674
 20
-3.49433
 10
3.66139
 20
-3.49433
 10
3.66076
 20
-3.50296
 10
3.65609
 20
-3.50356
 97
0
 92
3
 72
0
 73
1
 93
23
 10
3.63922
 20
-3.50331
 10
3.65482
 20
-3.50359
 10
3.65612
 20
-3.50782
 10
3.6564
 20
-3.51208
 10
3.65652
 20
-3.51223
 10
3.65744
 20
-3.51269
 10
3.95113
 20
-3.51301
 10
4.06613
 20
-3.51196
 10
4.0663
 20
-3.50005
 10
4.06622
 20
-3.49512
 10
4.06647
 20
-3.49485
 10
4.06598
 20
-3.49487
 10
4.06495
 20
-3.49465
 10
3.77234
 20
-3.49432
 10
3.66139
 20
-3.49433
 10
3.66137
 20
-3.47266
 10
3.66161
 20
-3.46127
 10
3.66166
 20
-3.46066
 10
3.66149
 20
-3.46006
 10
3.66111
 20
-3.46059
 10
3.6455
 20
-3.46024
 10
3.63929
 20
-3.46108
 10
3.63939
 20
-3.49147
 97
0
 92
3
 72
0
 73
1
 93
14
 10
4.05228
 20
-2.99934
 10
4.06454
 20
-2.99917
 10
4.0653
 20
-2.99929
 10
4.06516
 20
-3.13541
 10
4.06422
 20
-3.49066
 10
4.05984
 20
-3.49059
 10
4.04832
 20
-3.49081
 10
4.04813
 20
-3.49098
 10
4.04756
 20
-3.49092
 10
4.04711
 20
-3.49082
 10
4.04711
 20
-3.49069
 10
4.04702
 20
-3.49066
 10
4.04712
 20
-3.3549
 10
4.04752
 20
-2.99941
 97
0
 92
3
 72
0
 73
1
 93
24
 10
3.65269
 20
-3.03136
 10
3.65292
 20
-3.03174
 10
3.65299
 20
-3.03189
 10
3.65299
 20
-3.14517
 10
3.65299
 20
-3.45819
 10
3.65277
 20
-3.4586
 10
3.65269
 20
-3.45874
 10
3.6523
 20
-3.45896
 10
3.65216
 20
-3.45904
 10
3.65101
 20
-3.45904
 10
3.64784
 20
-3.45903
 10
3.64742
 20
-3.45878
 10
3.64726
 20
-3.45868
 10
3.64706
 20
-3.45834
 10
3.647
 20
-3.4582
 10
3.647
 20
-3.34492
 10
3.647
 20
-3.0319
 10
3.64718
 20
-3.03154
 10
3.64724
 20
-3.03142
 10
3.64768
 20
-3.03115
 10
3.64784
 20
-3.03106
 10
3.64899
 20
-3.03106
 10
3.65214
 20
-3.03106
 10
3.65255
 20
-3.03128
 97
0
 92
3
 72
0
 73
1
 93
18
 10
3.6389
 20
-3.0293
 10
3.63932
 20
-3.01753
 10
3.63934
 20
-2.98726
 10
3.63902
 20
-2.98657
 10
3.63931
 20
-2.98678
 10
3.63961
 20
-2.98673
 10
3.64546
 20
-2.9866
 10
3.65572
 20
-2.98649
 10
3.65559
 20
-2.98956
 10
3.65668
 20
-2.9938
 10
3.65679
 20
-2.99401
 10
3.65748
 20
-2.99502
 10
3.66162
 20
-2.99502
 10
3.66163
 20
-2.99889
 10
3.66074
 20
-3.0289
 10
3.65484
 20
-3.02933
 10
3.63915
 20
-3.02937
 10
3.6389
 20
-3.02946
 97
0
 92
3
 72
0
 73
1
 93
26
 10
3.66162
 20
-2.99502
 10
3.66077
 20
-2.98694
 10
3.66161
 20
-2.98729
 10
3.66147
 20
-2.98684
 10
3.66147
 20
-2.98612
 10
3.66025
 20
-2.98644
 10
3.65572
 20
-2.98649
 10
3.65605
 20
-2.97836
 10
3.65633
 20
-2.97757
 10
3.65626
 20
-2.97726
 10
3.65643
 20
-2.97723
 10
3.6566
 20
-2.9772
 10
3.65663
 20
-2.97659
 10
3.77235
 20
-2.9763
 10
4.06495
 20
-2.97664
 10
4.06598
 20
-2.97686
 10
4.06647
 20
-2.97683
 10
4.06622
 20
-2.9771
 10
4.06612
 20
-2.97705
 10
4.0663
 20
-2.98204
 10
4.06615
 20
-2.99397
 10
4.06592
 20
-2.99455
 10
4.06613
 20
-2.99486
 10
4.06597
 20
-2.99494
 10
4.06615
 20
-2.99525
 10
3.95103
 20
-2.99487
 97
0
 92
3
 72
0
 73
1
 93
3
 10
3.65585
 20
-2.99442
 10
3.65659
 20
-2.9941
 10
3.65637
 20
-2.99485
 97
0
 92
3
 72
0
 73
1
 93
29
 10
2.20334
 20
-2.98527
 10
2.21891
 20
-2.99002
 10
2.26555
 20
-3.0054
 10
2.27638
 20
-3.00933
 10
2.28561
 20
-3.01309
 10
2.32322
 20
-3.02988
 10
2.32146
 20
-3.0339
 10
2.31266
 20
-3.0303
 10
2.27233
 20
-3.01424
 10
2.26294
 20
-3.01081
 10
2.21722
 20
-2.99585
 10
2.20496
 20
-2.99194
 10
2.16137
 20
-2.98056
 10
2.14596
 20
-2.97658
 10
2.10454
 20
-2.96832
 10
2.08995
 20
-2.96546
 10
2.0404
 20
-2.95848
 10
2.02339
 20
-2.95613
 10
1.96438
 20
-2.95235
 10
1.94441
 20
-2.9511
 10
1.94446
 20
-2.94685
 10
1.95481
 20
-2.94576
 10
1.98272
 20
-2.94686
 10
2.03517
 20
-2.95194
 10
2.0539
 20
-2.95383
 10
2.09818
 20
-2.96107
 10
2.11349
 20
-2.96363
 10
2.14939
 20
-2.9715
 10
2.16738
 20
-2.97568
 97
0
 92
3
 72
0
 73
1
 93
35
 10
4.04346
 20
-2.30614
 10
4.04384
 20
-2.30494
 10
4.044
 20
-2.30438
 10
4.04484
 20
-2.30346
 10
4.04518
 20
-2.30308
 10
4.04647
 20
-2.30277
 10
4.04701
 20
-2.30265
 10
4.04822
 20
-2.30295
 10
4.04872
 20
-2.30308
 10
4.04962
 20
-2.30399
 10
4.05001
 20
-2.30438
 10
4.05038
 20
-2.30558
 10
4.05055
 20
-2.30614
 10
4.05469
 20
-2.30777
 10
4.05752
 20
-2.30853
 10
4.06148
 20
-2.31247
 10
4.06375
 20
-2.31475
 10
4.06508
 20
-2.31984
 10
4.066
 20
-2.32332
 10
4.06476
 20
-2.32804
 10
4.06375
 20
-2.33188
 10
4.06053
 20
-2.33508
 10
4.05752
 20
-2.33811
 10
4.05332
 20
-2.33924
 10
4.04904
 20
-2.34039
 10
4.04482
 20
-2.33925
 10
4.04057
 20
-2.33811
 10
4.03725
 20
-2.33486
 10
4.03424
 20
-2.33188
 10
4.03296
 20
-2.32704
 10
4.03198
 20
-2.32332
 10
4.03336
 20
-2.31805
 10
4.03424
 20
-2.31475
 10
4.03837
 20
-2.31071
 10
4.04057
 20
-2.30853
 97
0
 92
3
 72
0
 73
1
 93
15
 10
4.04346
 20
-2.30614
 10
4.04625
 20
-2.307
 10
4.04904
 20
-2.30625
 10
4.0504
 20
-2.30662
 10
4.05018
 20
-2.30733
 10
4.05001
 20
-2.30789
 10
4.04914
 20
-2.30876
 10
4.04872
 20
-2.30915
 10
4.04757
 20
-2.30951
 10
4.04701
 20
-2.30969
 10
4.04578
 20
-2.30933
 10
4.04518
 20
-2.30915
 10
4.04438
 20
-2.30827
 10
4.044
 20
-2.30789
 10
4.04363
 20
-2.30667
 97
0
 92
3
 72
0
 73
1
 93
55
 10
4.044
 20
-1.69804
 10
4.0448
 20
-1.69724
 10
4.04518
 20
-1.69685
 10
4.04641
 20
-1.69649
 10
4.04701
 20
-1.69631
 10
4.04816
 20
-1.69667
 10
4.04872
 20
-1.69685
 10
4.04959
 20
-1.69766
 10
4.05001
 20
-1.69804
 10
4.05038
 20
-1.69932
 10
4.0504
 20
-1.69939
 10
4.05184
 20
-1.699
 10
4.05752
 20
-1.69747
 10
4.05969
 20
-1.69529
 10
4.06375
 20
-1.69125
 10
4.06462
 20
-1.68795
 10
4.066
 20
-1.68268
 10
4.06502
 20
-1.67896
 10
4.06375
 20
-1.67412
 10
4.06078
 20
-1.67113
 10
4.05752
 20
-1.66789
 10
4.05327
 20
-1.66675
 10
4.04904
 20
-1.66561
 10
4.04477
 20
-1.66676
 10
4.04057
 20
-1.66789
 10
4.03751
 20
-1.67092
 10
4.03424
 20
-1.67412
 10
4.03323
 20
-1.67795
 10
4.03198
 20
-1.68268
 10
4.0329
 20
-1.68616
 10
4.03424
 20
-1.69125
 10
4.03654
 20
-1.69353
 10
4.04057
 20
-1.69747
 10
4.0434
 20
-1.69823
 10
4.04391
 20
-1.69837
 10
4.04383
 20
-1.69863
 10
4.04346
 20
-1.69989
 10
4.04363
 20
-1.70042
 10
4.044
 20
-1.70162
 10
4.04435
 20
-1.70201
 10
4.04518
 20
-1.70292
 10
4.04571
 20
-1.70305
 10
4.04701
 20
-1.70335
 10
4.04751
 20
-1.70323
 10
4.04872
 20
-1.70292
 10
4.0491
 20
-1.70254
 10
4.05001
 20
-1.70162
 10
4.05017
 20
-1.70109
 10
4.05055
 20
-1.69989
 10
4.0504
 20
-1.69939
 10
4.04904
 20
-1.69975
 10
4.0495
 20
-1.69801
 10
4.04928
 20
-1.69769
 10
4.04486
 20
-1.6981
 10
4.04396
 20
-1.69818
 97
0
 92
3
 72
0
 73
1
 93
56
 10
2.41556
 20
3.93798
 10
2.41556
 20
3.93747
 10
2.41579
 20
3.93724
 10
2.4163
 20
3.93673
 10
2.41653
 20
3.93673
 10
2.41704
 20
3.93673
 10
2.41727
 20
3.9365
 10
2.41778
 20
3.936
 10
2.41801
 20
3.936
 10
2.41852
 20
3.936
 10
2.43171
 20
3.936
 10
2.43774
 20
3.936
 10
2.43798
 20
3.936
 10
2.43848
 20
3.936
 10
2.43872
 20
3.93623
 10
2.43922
 20
3.93673
 10
2.43946
 20
3.93673
 10
2.43996
 20
3.93673
 10
2.43996
 20
3.93697
 10
2.43996
 20
3.93747
 10
2.44019
 20
3.93771
 10
2.4407
 20
3.93821
 10
2.4407
 20
3.93845
 10
2.4407
 20
3.93895
 10
2.4407
 20
3.9562
 10
2.4407
 20
3.9641
 10
2.4407
 20
3.96433
 10
2.4407
 20
3.96484
 10
2.44047
 20
3.96507
 10
2.43996
 20
3.96557
 10
2.43996
 20
3.96581
 10
2.43996
 20
3.96631
 10
2.43973
 20
3.96631
 10
2.43922
 20
3.96631
 10
2.43899
 20
3.96655
 10
2.43848
 20
3.96705
 10
2.43825
 20
3.96705
 10
2.43774
 20
3.96705
 10
2.42455
 20
3.96705
 10
2.41852
 20
3.96705
 10
2.41829
 20
3.96705
 10
2.41778
 20
3.96705
 10
2.41755
 20
3.96682
 10
2.41704
 20
3.96631
 10
2.41681
 20
3.96631
 10
2.4163
 20
3.96631
 10
2.41607
 20
3.96608
 10
2.41556
 20
3.96557
 10
2.41556
 20
3.96534
 10
2.41556
 20
3.96484
 10
2.41556
 20
3.9646
 10
2.41556
 20
3.9641
 10
2.41556
 20
3.94685
 10
2.41556
 20
3.93895
 10
2.41556
 20
3.93872
 10
2.41556
 20
3.93821
 97
0
 92
3
 72
0
 73
1
 93
3
 10
2.02955
 20
3.96461
 10
2.03029
 20
3.9641
 10
2.02978
 20
3.9641
 97
0
 92
3
 72
0
 73
1
 93
4
 10
2.02904
 20
3.96484
 10
2.02955
 20
3.96484
 10
2.0283
 20
3.96535
 10
2.02881
 20
3.96484
 97
0
 92
3
 72
0
 73
1
 93
54
 10
1.96595
 20
3.98702
 10
1.96646
 20
3.98702
 10
1.96669
 20
3.98702
 10
1.97342
 20
3.98702
 10
1.98814
 20
3.98702
 10
1.98864
 20
3.98702
 10
1.98888
 20
3.98702
 10
1.98938
 20
3.98651
 10
1.98962
 20
3.98628
 10
1.99012
 20
3.98628
 10
1.99036
 20
3.98628
 10
1.99036
 20
3.98577
 10
1.99036
 20
3.98554
 10
1.99036
 20
3.98503
 10
1.99036
 20
3.9848
 10
1.99086
 20
3.98429
 10
1.99109
 20
3.98406
 10
1.99109
 20
3.97803
 10
1.99109
 20
3.96484
 10
1.99059
 20
3.96433
 10
1.99036
 20
3.9641
 10
1.99036
 20
3.96359
 10
1.99036
 20
3.96336
 10
1.99036
 20
3.96285
 10
1.99036
 20
3.96262
 10
1.98985
 20
3.96211
 10
1.98962
 20
3.96188
 10
1.98911
 20
3.96188
 10
1.98888
 20
3.96188
 10
1.98837
 20
3.96188
 10
1.98814
 20
3.96188
 10
1.9814
 20
3.96188
 10
1.96669
 20
3.96188
 10
1.96618
 20
3.96188
 10
1.96595
 20
3.96188
 10
1.96544
 20
3.96188
 10
1.96521
 20
3.96188
 10
1.96521
 20
3.96238
 10
1.96521
 20
3.96262
 10
1.9647
 20
3.96312
 10
1.96447
 20
3.96336
 10
1.96447
 20
3.96386
 10
1.96447
 20
3.9641
 10
1.96397
 20
3.9646
 10
1.96373
 20
3.96484
 10
1.96373
 20
3.97087
 10
1.96373
 20
3.98406
 10
1.96424
 20
3.98457
 10
1.96447
 20
3.9848
 10
1.96447
 20
3.98531
 10
1.96447
 20
3.98554
 10
1.96498
 20
3.98605
 10
1.96521
 20
3.98628
 10
1.96572
 20
3.98679
 97
0
 92
3
 72
0
 73
1
 93
4
 10
2.43033
 20
4.09292
 10
2.43316
 20
4.37245
 10
2.43384
 20
4.24688
 10
2.43432
 20
3.96781
 97
0
 92
3
 72
0
 73
1
 93
56
 10
2.44019
 20
4.37474
 10
2.4407
 20
4.37525
 10
2.4407
 20
4.37548
 10
2.4407
 20
4.37599
 10
2.4407
 20
4.39324
 10
2.4407
 20
4.40113
 10
2.4407
 20
4.40136
 10
2.4407
 20
4.40187
 10
2.44047
 20
4.4021
 10
2.43996
 20
4.40261
 10
2.43996
 20
4.40284
 10
2.43996
 20
4.40335
 10
2.43973
 20
4.40335
 10
2.43922
 20
4.40335
 10
2.43899
 20
4.40358
 10
2.43848
 20
4.40409
 10
2.43825
 20
4.40409
 10
2.43774
 20
4.40409
 10
2.42455
 20
4.40409
 10
2.41852
 20
4.40409
 10
2.41829
 20
4.40409
 10
2.41778
 20
4.40409
 10
2.41755
 20
4.40386
 10
2.41704
 20
4.40335
 10
2.41681
 20
4.40335
 10
2.4163
 20
4.40335
 10
2.41607
 20
4.40312
 10
2.41556
 20
4.40261
 10
2.41556
 20
4.40238
 10
2.41556
 20
4.40187
 10
2.41556
 20
4.40164
 10
2.41556
 20
4.40113
 10
2.41556
 20
4.38388
 10
2.41556
 20
4.37599
 10
2.41556
 20
4.37576
 10
2.41556
 20
4.37525
 10
2.41556
 20
4.37502
 10
2.41556
 20
4.37451
 10
2.41579
 20
4.37428
 10
2.4163
 20
4.37377
 10
2.41653
 20
4.37354
 10
2.41704
 20
4.37303
 10
2.41727
 20
4.37303
 10
2.41778
 20
4.37303
 10
2.41801
 20
4.37303
 10
2.41852
 20
4.37303
 10
2.43171
 20
4.37303
 10
2.43774
 20
4.37303
 10
2.43798
 20
4.37303
 10
2.43848
 20
4.37303
 10
2.43872
 20
4.37303
 10
2.43922
 20
4.37303
 10
2.43946
 20
4.37326
 10
2.43996
 20
4.37377
 10
2.43996
 20
4.374
 10
2.43996
 20
4.37451
 97
0
 92
3
 72
0
 73
1
 93
54
 10
2.4407
 20
3.48491
 10
2.4407
 20
3.47628
 10
2.44366
 20
3.47234
 10
2.63224
 20
3.47234
 10
3.02194
 20
3.47483
 10
3.02194
 20
5.82464
 10
2.8474
 20
5.82834
 10
2.44316
 20
5.82834
 10
2.4407
 20
5.81577
 10
2.4407
 20
5.81503
 10
2.44019
 20
5.81452
 10
2.43996
 20
5.81429
 10
2.43946
 20
5.81378
 10
2.43922
 20
5.81355
 10
2.43897
 20
5.8133
 10
2.43872
 20
5.81304
 10
2.43848
 20
5.81281
 10
2.43774
 20
5.81281
 10
2.43678
 20
5.8123
 10
2.437
 20
5.81207
 10
2.43752
 20
5.81156
 10
2.43774
 20
5.81133
 10
2.43774
 20
5.40831
 10
2.43723
 20
5.4078
 10
2.437
 20
5.40757
 10
2.43774
 20
5.40683
 10
2.43922
 20
5.40683
 10
2.43973
 20
5.40633
 10
2.43996
 20
5.40609
 10
2.43996
 20
5.40535
 10
2.44047
 20
5.40485
 10
2.4407
 20
5.40461
 10
2.4407
 20
5.37799
 10
2.44019
 20
5.37749
 10
2.43996
 20
5.37725
 10
2.43946
 20
5.37675
 10
2.43848
 20
5.37577
 10
2.41778
 20
5.37577
 10
2.41727
 20
5.37628
 10
2.41704
 20
5.37651
 10
2.41653
 20
5.37702
 10
2.4163
 20
5.37725
 10
2.41556
 20
5.37725
 10
2.41556
 20
5.40535
 10
2.41607
 20
5.40586
 10
2.4163
 20
5.40609
 10
2.41681
 20
5.4066
 10
2.41704
 20
5.40683
 10
2.42455
 20
5.40683
 10
2.42665
 20
5.40757
 10
2.42665
 20
5.40831
 10
2.42614
 20
5.40882
 10
2.42591
 20
5.40905
 10
2.42591
 20
5.53329
 97
0
 92
3
 72
0
 73
1
 93
116
 10
2.4407
 20
3.48491
 10
2.44047
 20
3.48514
 10
2.43996
 20
3.48565
 10
2.43996
 20
3.48639
 10
2.43922
 20
3.48639
 10
2.43899
 20
3.48662
 10
2.43848
 20
3.48713
 10
2.43626
 20
3.48713
 10
2.43649
 20
3.48736
 10
2.437
 20
3.48787
 10
2.43723
 20
3.48809
 10
2.43774
 20
3.48861
 10
2.43774
 20
3.89163
 10
2.43752
 20
3.89185
 10
2.43626
 20
3.89237
 10
2.43604
 20
3.89259
 10
2.43678
 20
3.89237
 10
2.437
 20
3.89237
 10
2.43774
 20
3.89311
 10
2.43922
 20
3.89311
 10
2.43946
 20
3.89334
 10
2.43996
 20
3.89384
 10
2.43996
 20
3.89458
 10
2.44019
 20
3.89482
 10
2.4407
 20
3.89532
 10
2.4407
 20
3.92195
 10
2.44047
 20
3.92218
 10
2.43996
 20
3.92268
 10
2.43996
 20
3.92342
 10
2.43922
 20
3.92342
 10
2.43899
 20
3.92366
 10
2.43848
 20
3.92416
 10
2.41778
 20
3.92416
 10
2.41704
 20
3.92342
 10
2.4163
 20
3.92342
 10
2.41556
 20
3.92268
 10
2.41556
 20
3.89458
 10
2.4163
 20
3.89384
 10
2.41653
 20
3.89361
 10
2.41704
 20
3.89311
 10
2.41852
 20
3.89311
 10
2.42591
 20
3.89015
 10
2.42591
 20
3.48986
 10
2.42455
 20
3.48713
 10
2.41778
 20
3.48713
 10
2.41704
 20
3.48639
 10
2.4163
 20
3.48639
 10
2.41556
 20
3.48565
 10
2.41556
 20
3.46692
 10
2.41556
 20
3.45755
 10
2.41704
 20
3.45607
 10
2.43848
 20
3.45607
 10
2.43996
 20
3.45385
 10
2.43996
 20
3.45311
 10
2.4402
 20
3.45288
 10
2.4407
 20
3.45237
 10
2.44094
 20
3.4519
 10
2.44144
 20
3.45089
 10
2.44168
 20
3.45066
 10
2.44218
 20
3.45015
 10
3.03821
 20
3.45015
 10
3.03844
 20
3.45039
 10
3.03895
 20
3.45089
 10
3.03918
 20
3.45136
 10
3.03969
 20
3.45237
 10
3.03969
 20
3.47012
 10
3.03945
 20
3.47035
 10
3.03895
 20
3.47086
 10
3.03871
 20
3.47109
 10
3.03821
 20
3.4716
 10
3.03673
 20
3.4716
 10
3.03649
 20
3.47183
 10
3.03599
 20
3.47234
 10
3.03821
 20
3.47234
 10
3.03895
 20
3.47308
 10
3.03969
 20
3.47308
 10
3.03969
 20
5.82686
 10
3.03895
 20
5.82686
 10
3.03871
 20
5.82709
 10
3.03821
 20
5.8276
 10
3.03774
 20
5.82783
 10
3.0372
 20
5.82834
 10
3.03821
 20
5.82834
 10
3.03844
 20
5.82858
 10
3.03895
 20
5.82908
 10
3.03918
 20
5.82931
 10
3.03969
 20
5.82982
 10
3.03969
 20
5.84831
 10
3.03945
 20
5.84854
 10
3.03895
 20
5.84905
 10
3.03871
 20
5.84928
 10
3.03821
 20
5.84978
 10
2.44218
 20
5.84978
 10
2.44195
 20
5.84955
 10
2.44144
 20
5.84905
 10
2.44121
 20
5.84881
 10
2.4407
 20
5.84831
 10
2.44047
 20
5.84784
 10
2.43996
 20
5.84683
 10
2.43996
 20
5.84609
 10
2.43774
 20
5.84387
 10
2.41704
 20
5.84387
 10
2.41681
 20
5.84364
 10
2.4163
 20
5.84313
 10
2.41607
 20
5.8429
 10
2.41556
 20
5.84239
 10
2.41556
 20
5.82366
 10
2.41556
 20
5.81429
 10
2.4163
 20
5.81429
 10
2.41653
 20
5.81406
 10
2.41704
 20
5.81355
 10
2.41727
 20
5.81332
 10
2.41778
 20
5.81281
 10
2.41852
 20
5.81281
 10
2.42642
 20
5.8111
 10
2.42665
 20
5.81133
 97
0
 92
3
 72
0
 73
1
 93
5
 10
2.42665
 20
5.40757
 10
2.42739
 20
5.40757
 10
2.42762
 20
5.40734
 10
2.42813
 20
5.40683
 10
2.42688
 20
5.40757
 97
0
 92
3
 72
0
 73
1
 93
3
 10
2.4407
 20
3.47012
 10
2.44132
 20
3.47074
 10
2.44121
 20
3.47062
 97
0
 92
3
 72
0
 73
1
 93
3
 10
2.43996
 20
5.83204
 10
2.43996
 20
5.83157
 10
2.4407
 20
5.83302
 97
0
 92
3
 72
0
 73
1
 93
3
 10
3.02256
 20
5.82674
 10
3.02318
 20
5.82737
 10
3.02268
 20
5.82686
 97
0
 92
3
 72
0
 73
1
 93
136
 10
2.4407
 20
4.44476
 10
2.4407
 20
4.44425
 10
2.4407
 20
4.44402
 10
2.4407
 20
4.43613
 10
2.4407
 20
4.41888
 10
2.4407
 20
4.41837
 10
2.4407
 20
4.41814
 10
2.44019
 20
4.41763
 10
2.43996
 20
4.4174
 10
2.43996
 20
4.41689
 10
2.43996
 20
4.41666
 10
2.43946
 20
4.41666
 10
2.43922
 20
4.41666
 10
2.43872
 20
4.41615
 10
2.43848
 20
4.41592
 10
2.43798
 20
4.41592
 10
2.43774
 20
4.41592
 10
2.43171
 20
4.41592
 10
2.41852
 20
4.41592
 10
2.41801
 20
4.41592
 10
2.41778
 20
4.41592
 10
2.41727
 20
4.41643
 10
2.41704
 20
4.41666
 10
2.41653
 20
4.41666
 10
2.4163
 20
4.41666
 10
2.41579
 20
4.41717
 10
2.41556
 20
4.4174
 10
2.41556
 20
4.41791
 10
2.41556
 20
4.41814
 10
2.41556
 20
4.41865
 10
2.41556
 20
4.41888
 10
2.41556
 20
4.42677
 10
2.41556
 20
4.44402
 10
2.41556
 20
4.44453
 10
2.41556
 20
4.44476
 10
2.41556
 20
4.44527
 10
2.41556
 20
4.4455
 10
2.41607
 20
4.44601
 10
2.4163
 20
4.44624
 10
2.41681
 20
4.44624
 10
2.41704
 20
4.44624
 10
2.41755
 20
4.44675
 10
2.41778
 20
4.44698
 10
2.41829
 20
4.44698
 10
2.41852
 20
4.44698
 10
2.42455
 20
4.44698
 10
2.42591
 20
4.44994
 10
2.42591
 20
4.57343
 10
2.42591
 20
4.85
 10
2.41852
 20
4.85296
 10
2.41801
 20
4.85296
 10
2.41778
 20
4.85296
 10
2.41727
 20
4.85347
 10
2.41704
 20
4.8537
 10
2.41653
 20
4.8537
 10
2.4163
 20
4.8537
 10
2.41579
 20
4.8542
 10
2.41556
 20
4.85444
 10
2.41556
 20
4.85494
 10
2.41556
 20
4.85518
 10
2.41556
 20
4.85568
 10
2.41556
 20
4.85592
 10
2.41556
 20
4.86381
 10
2.41556
 20
4.88106
 10
2.41556
 20
4.88157
 10
2.41556
 20
4.8818
 10
2.41556
 20
4.88231
 10
2.41556
 20
4.88254
 10
2.41607
 20
4.88304
 10
2.4163
 20
4.88328
 10
2.41681
 20
4.88328
 10
2.41704
 20
4.88328
 10
2.41755
 20
4.88378
 10
2.41778
 20
4.88402
 10
2.41829
 20
4.88402
 10
2.41852
 20
4.88402
 10
2.42455
 20
4.88402
 10
2.43774
 20
4.88402
 10
2.43825
 20
4.88402
 10
2.43848
 20
4.88402
 10
2.43899
 20
4.88351
 10
2.43922
 20
4.88328
 10
2.43973
 20
4.88328
 10
2.43996
 20
4.88328
 10
2.43996
 20
4.88277
 10
2.43996
 20
4.88254
 10
2.44047
 20
4.88203
 10
2.4407
 20
4.8818
 10
2.4407
 20
4.88129
 10
2.4407
 20
4.88106
 10
2.4407
 20
4.87317
 10
2.4407
 20
4.85592
 10
2.4407
 20
4.85541
 10
2.4407
 20
4.85518
 10
2.44019
 20
4.85467
 10
2.43996
 20
4.85444
 10
2.43996
 20
4.85393
 10
2.43996
 20
4.8537
 10
2.43946
 20
4.8537
 10
2.43923
 20
4.8537
 10
2.43922
 20
4.8537
 10
2.43872
 20
4.85319
 10
2.43848
 20
4.85296
 10
2.43798
 20
4.85296
 10
2.43774
 20
4.85296
 10
2.43626
 20
4.85296
 10
2.43678
 20
4.85245
 10
2.437
 20
4.85222
 10
2.43752
 20
4.85171
 10
2.43774
 20
4.85148
 10
2.43774
 20
4.85097
 10
2.43774
 20
4.85074
 10
2.43774
 20
4.85023
 10
2.43774
 20
4.85
 10
2.43774
 20
4.7265
 10
2.43774
 20
4.44994
 10
2.43774
 20
4.44943
 10
2.43774
 20
4.4492
 10
2.43774
 20
4.44869
 10
2.43774
 20
4.44846
 10
2.43723
 20
4.44795
 10
2.437
 20
4.44772
 10
2.43649
 20
4.44772
 10
2.43626
 20
4.44772
 10
2.43575
 20
4.44721
 10
2.43553
 20
4.44698
 10
2.43774
 20
4.44698
 10
2.43825
 20
4.44698
 10
2.43848
 20
4.44698
 10
2.43899
 20
4.44647
 10
2.43922
 20
4.44624
 10
2.43973
 20
4.44624
 10
2.43996
 20
4.44624
 10
2.43996
 20
4.44573
 10
2.43996
 20
4.4455
 10
2.44047
 20
4.44499
 97
0
 92
3
 72
0
 73
1
 93
65
 10
2.43058
 20
4.92768
 10
2.43212
 20
4.92807
 10
2.43029
 20
5.05298
 10
2.43384
 20
5.20688
 10
2.43432
 20
4.92781
 10
2.43421
 20
4.9278
 10
2.43361
 20
4.92751
 10
2.43254
 20
4.92691
 10
2.43774
 20
4.92691
 10
2.43825
 20
4.92691
 10
2.43848
 20
4.92691
 10
2.43899
 20
4.92691
 10
2.43922
 20
4.92691
 10
2.43973
 20
4.9264
 10
2.43996
 20
4.92617
 10
2.43996
 20
4.92566
 10
2.43996
 20
4.92543
 10
2.44047
 20
4.92492
 10
2.4407
 20
4.92469
 10
2.4407
 20
4.92418
 10
2.4407
 20
4.92395
 10
2.4407
 20
4.91606
 10
2.4407
 20
4.89881
 10
2.4407
 20
4.8983
 10
2.4407
 20
4.89807
 10
2.44019
 20
4.89756
 10
2.43996
 20
4.89733
 10
2.43996
 20
4.89682
 10
2.43996
 20
4.89659
 10
2.43946
 20
4.89659
 10
2.43922
 20
4.89659
 10
2.43872
 20
4.89608
 10
2.43848
 20
4.89585
 10
2.43798
 20
4.89585
 10
2.43774
 20
4.89585
 10
2.43171
 20
4.89585
 10
2.41852
 20
4.89585
 10
2.41801
 20
4.89585
 10
2.41778
 20
4.89585
 10
2.41727
 20
4.89636
 10
2.41704
 20
4.89659
 10
2.41653
 20
4.89659
 10
2.4163
 20
4.89659
 10
2.41579
 20
4.89709
 10
2.41556
 20
4.89733
 10
2.41556
 20
4.89783
 10
2.41556
 20
4.89807
 10
2.41556
 20
4.89857
 10
2.41556
 20
4.89881
 10
2.41556
 20
4.9067
 10
2.41556
 20
4.92395
 10
2.41556
 20
4.92446
 10
2.41556
 20
4.92469
 10
2.41556
 20
4.9252
 10
2.41556
 20
4.92543
 10
2.41607
 20
4.92593
 10
2.4163
 20
4.92617
 10
2.41681
 20
4.92667
 10
2.41704
 20
4.92691
 10
2.41755
 20
4.92691
 10
2.41778
 20
4.92691
 10
2.41829
 20
4.92691
 10
2.41852
 20
4.92691
 10
2.42455
 20
4.92691
 10
2.43197
 20
4.92691
 97
0
 92
3
 72
0
 73
1
 93
56
 10
2.4407
 20
5.36172
 10
2.4407
 20
5.36122
 10
2.4407
 20
5.36098
 10
2.4407
 20
5.35309
 10
2.4407
 20
5.33584
 10
2.4407
 20
5.33534
 10
2.4407
 20
5.3351
 10
2.44019
 20
5.3346
 10
2.43996
 20
5.33436
 10
2.43996
 20
5.33386
 10
2.43996
 20
5.33362
 10
2.43946
 20
5.33362
 10
2.43922
 20
5.33362
 10
2.43872
 20
5.33312
 10
2.43848
 20
5.33288
 10
2.43798
 20
5.33288
 10
2.43774
 20
5.33288
 10
2.43171
 20
5.33288
 10
2.41852
 20
5.33288
 10
2.41801
 20
5.33288
 10
2.41778
 20
5.33288
 10
2.41727
 20
5.33339
 10
2.41704
 20
5.33362
 10
2.41653
 20
5.33362
 10
2.4163
 20
5.33362
 10
2.41579
 20
5.33413
 10
2.41556
 20
5.33436
 10
2.41556
 20
5.33487
 10
2.41556
 20
5.3351
 10
2.41556
 20
5.33561
 10
2.41556
 20
5.33584
 10
2.41556
 20
5.34373
 10
2.41556
 20
5.36098
 10
2.41556
 20
5.36149
 10
2.41556
 20
5.36172
 10
2.41556
 20
5.36223
 10
2.41556
 20
5.36246
 10
2.41607
 20
5.36297
 10
2.4163
 20
5.3632
 10
2.41681
 20
5.36371
 10
2.41704
 20
5.36394
 10
2.41755
 20
5.36394
 10
2.41778
 20
5.36394
 10
2.41829
 20
5.36394
 10
2.41852
 20
5.36394
 10
2.42455
 20
5.36394
 10
2.43774
 20
5.36394
 10
2.43825
 20
5.36394
 10
2.43848
 20
5.36394
 10
2.43899
 20
5.36394
 10
2.43922
 20
5.36394
 10
2.43973
 20
5.36344
 10
2.43996
 20
5.3632
 10
2.43996
 20
5.3627
 10
2.43996
 20
5.36246
 10
2.44047
 20
5.36196
 97
0
 92
3
 72
0
 73
1
 93
88
 10
2.92
 20
7.85575
 10
2.9403
 20
7.85423
 10
2.94765
 20
7.85383
 10
2.96942
 20
7.85266
 10
2.97235
 20
7.85256
 10
2.99351
 20
7.85209
 10
2.99929
 20
7.85196
 10
3.00112
 20
7.85196
 10
3.00155
 20
7.84924
 10
3.01273
 20
7.84567
 10
3.01693
 20
7.84701
 10
3.01874
 20
7.85835
 10
3.01719
 20
7.86219
 10
3.00833
 20
7.86462
 10
3.00499
 20
7.86371
 10
3.00268
 20
7.858
 10
2.98855
 20
7.85815
 10
2.98158
 20
7.85838
 10
2.96125
 20
7.85908
 10
2.95563
 20
7.85938
 10
2.94454
 20
7.85996
 10
2.93195
 20
7.86082
 10
2.92719
 20
7.86118
 10
2.90644
 20
7.86298
 10
2.89971
 20
7.86358
 10
2.87822
 20
7.86614
 10
2.87063
 20
7.86704
 10
2.86493
 20
7.86785
 10
2.84565
 20
7.87062
 10
2.84195
 20
7.87119
 10
2.82482
 20
7.87406
 10
2.81919
 20
7.87504
 10
2.80363
 20
7.878
 10
2.79718
 20
7.87928
 10
2.78733
 20
7.88134
 10
2.77235
 20
7.88469
 10
2.76535
 20
7.88625
 10
2.7504
 20
7.88991
 10
2.74378
 20
7.89155
 10
2.73041
 20
7.89504
 10
2.72534
 20
7.8964
 10
2.70943
 20
7.90094
 10
2.70305
 20
7.9028
 10
2.69386
 20
7.90561
 10
2.67874
 20
7.91045
 10
2.67193
 20
7.91263
 10
2.66606
 20
7.91465
 10
2.65137
 20
7.91972
 10
2.6376
 20
7.92471
 10
2.63225
 20
7.92667
 10
2.6186
 20
7.932
 10
2.6191
 20
7.93487
 10
2.6184
 20
7.93893
 10
2.60759
 20
7.9408
 10
2.60353
 20
7.94009
 10
2.60166
 20
7.92929
 10
2.60236
 20
7.92522
 10
2.61317
 20
7.92336
 10
2.61723
 20
7.92406
 10
2.61763
 20
7.92639
 10
2.62062
 20
7.92473
 10
2.62519
 20
7.92294
 10
2.63611
 20
7.91889
 10
2.63967
 20
7.91758
 10
2.65451
 20
7.91229
 10
2.65996
 20
7.91035
 10
2.67497
 20
7.9054
 10
2.68195
 20
7.9031
 10
2.69112
 20
7.9002
 10
2.69749
 20
7.89827
 10
2.71334
 20
7.89357
 10
2.71664
 20
7.89265
 10
2.73716
 20
7.8871
 10
2.74274
 20
7.88559
 10
2.76398
 20
7.88044
 10
2.77195
 20
7.87851
 10
2.77822
 20
7.87719
 10
2.79819
 20
7.87299
 10
2.80283
 20
7.87209
 10
2.81569
 20
7.86965
 10
2.83352
 20
7.86653
 10
2.84096
 20
7.86523
 10
2.84877
 20
7.86411
 10
2.86987
 20
7.86109
 10
2.87689
 20
7.86025
 10
2.89551
 20
7.85802
 10
2.90827
 20
7.85674
 10
2.91282
 20
7.85629
 97
0
 92
3
 72
0
 73
1
 93
74
 10
2.72839
 20
7.90393
 10
2.74672
 20
7.89913
 10
2.75337
 20
7.89739
 10
2.76826
 20
7.89384
 10
2.77378
 20
7.89252
 10
2.77942
 20
7.89131
 10
2.7973
 20
7.88748
 10
2.80165
 20
7.88661
 10
2.81469
 20
7.88408
 10
2.8222
 20
7.88273
 10
2.83994
 20
7.87959
 10
2.84766
 20
7.87846
 10
2.87242
 20
7.87487
 10
2.87518
 20
7.8745
 10
2.89676
 20
7.87208
 10
2.90371
 20
7.87131
 10
2.92597
 20
7.86934
 10
2.93432
 20
7.86861
 10
2.95516
 20
7.86744
 10
2.96258
 20
7.86702
 10
2.97799
 20
7.86651
 10
2.98367
 20
7.86793
 10
2.98376
 20
7.87228
 10
2.98092
 20
7.87238
 10
2.97319
 20
7.87263
 10
2.96567
 20
7.87298
 10
2.9442
 20
7.87398
 10
2.93655
 20
7.87457
 10
2.91964
 20
7.87587
 10
2.90807
 20
7.87692
 10
2.9034
 20
7.87738
 10
2.88453
 20
7.87947
 10
2.87903
 20
7.88009
 10
2.8762
 20
7.88046
 10
2.8684
 20
7.8815
 10
2.86168
 20
7.88249
 10
2.84647
 20
7.88471
 10
2.8344
 20
7.88664
 10
2.82995
 20
7.88738
 10
2.82619
 20
7.88806
 10
2.81545
 20
7.88998
 10
2.8042
 20
7.89217
 10
2.7994
 20
7.89314
 10
2.78071
 20
7.89713
 10
2.77548
 20
7.89826
 10
2.75727
 20
7.90264
 10
2.7508
 20
7.90419
 10
2.74514
 20
7.90568
 10
2.72897
 20
7.90997
 10
2.72463
 20
7.9112
 10
2.71414
 20
7.9142
 10
2.70875
 20
7.91583
 10
2.68916
 20
7.92177
 10
2.68631
 20
7.92267
 10
2.67017
 20
7.92811
 10
2.66496
 20
7.92988
 10
2.65962
 20
7.93176
 10
2.64421
 20
7.9372
 10
2.63893
 20
7.93921
 10
2.62457
 20
7.94468
 10
2.6193
 20
7.94681
 10
2.60496
 20
7.95262
 10
2.60334
 20
7.94852
 10
2.60275
 20
7.94701
 10
2.61749
 20
7.94104
 10
2.62277
 20
7.93891
 10
2.62779
 20
7.937
 10
2.64318
 20
7.93119
 10
2.64832
 20
7.92935
 10
2.66491
 20
7.92348
 10
2.6681
 20
7.92241
 10
2.691
 20
7.91497
 10
2.69839
 20
7.91258
 10
2.72059
 20
7.90617
 97
0
 92
3
 72
0
 73
1
 93
8
 10
2.64037
 20
8.64181
 10
2.64676
 20
8.64965
 10
2.6457
 20
8.65224
 10
2.6377
 20
8.65948
 10
2.63524
 20
8.65839
 10
2.62877
 20
8.65054
 10
2.62988
 20
8.64797
 10
2.63794
 20
8.64077
 97
0
 92
3
 72
0
 73
1
 93
79
 10
1.97467
 20
8.68434
 10
1.97879
 20
8.66786
 10
1.98016
 20
8.6624
 10
1.98148
 20
8.65744
 10
1.98513
 20
8.64394
 10
1.98935
 20
8.62926
 10
1.99107
 20
8.62326
 10
1.99279
 20
8.61777
 10
1.99745
 20
8.60283
 10
2.00337
 20
8.58528
 10
2.00555
 20
8.57883
 10
2.01261
 20
8.55944
 10
2.01511
 20
8.55256
 10
2.01711
 20
8.54743
 10
2.02258
 20
8.53347
 10
2.02556
 20
8.5263
 10
2.02673
 20
8.52349
 10
2.02821
 20
8.52412
 10
2.03222
 20
8.52583
 10
2.03115
 20
8.52844
 10
2.02824
 20
8.53553
 10
2.02611
 20
8.54096
 10
2.02048
 20
8.5553
 10
2.01555
 20
8.5687
 10
2.01298
 20
8.57576
 10
2.01006
 20
8.58404
 10
2.00892
 20
8.58749
 10
2.00653
 20
8.59484
 10
2.00562
 20
8.5975
 10
2.00245
 20
8.60687
 10
2.00152
 20
8.60986
 10
1.99386
 20
8.63527
 10
1.99168
 20
8.64257
 10
1.99011
 20
8.64846
 10
1.98565
 20
8.66527
 10
1.98187
 20
8.68036
 10
1.98046
 20
8.68596
 10
1.97918
 20
8.69156
 10
1.9758
 20
8.70644
 10
1.97195
 20
8.72543
 10
1.97053
 20
8.73245
 10
1.9696
 20
8.7376
 10
1.96679
 20
8.75331
 10
1.96608
 20
8.75775
 10
1.96438
 20
8.76847
 10
1.96356
 20
8.7741
 10
1.96134
 20
8.7893
 10
1.95901
 20
8.80827
 10
1.95817
 20
8.81523
 10
1.95762
 20
8.82063
 10
1.95602
 20
8.83675
 10
1.95558
 20
8.8424
 10
1.95436
 20
8.85831
 10
1.95394
 20
8.86561
 10
1.95294
 20
8.8836
 10
1.95275
 20
8.88925
 10
1.95223
 20
8.90462
 10
1.94788
 20
8.90454
 10
1.94679
 20
8.88902
 10
1.94698
 20
8.88331
 10
1.94729
 20
8.8776
 10
1.94815
 20
8.86209
 10
1.94887
 20
8.8515
 10
1.94917
 20
8.84715
 10
1.95052
 20
8.83166
 10
1.95102
 20
8.82597
 10
1.95237
 20
8.81354
 10
1.95282
 20
8.80947
 10
1.95472
 20
8.79392
 10
1.95541
 20
8.78827
 10
1.95652
 20
8.78065
 10
1.95958
 20
8.75984
 10
1.96265
 20
8.74266
 10
1.96379
 20
8.73625
 10
1.9667
 20
8.72105
 10
1.96776
 20
8.71547
 10
1.96935
 20
8.70806
 10
1.96994
 20
8.70526
 10
1.97121
 20
8.69966
 97
0
 75
1
 76
1
 52
90.0
 41
0.02
 77
0
 78
1
 53
135.0
 43
0.0
 44
0.0
 45
-0.0449012806
 46
-0.0449012806
 79
0
 98
0
  0
LWPOLYLINE
  5
293
330
17
100
AcDbEntity
  8
KAT1_MOBILYA
100
AcDbPolyline
 90
3
 70
1
 38
7.9714
 10
-4.51679
 20
-3.85492
 10
-4.51431
 20
-3.85344
 10
-4.51576
 20
-3.85199
  0
LWPOLYLINE
  5
294
330
17
100
AcDbEntity
  8
KAT1_MOBILYA
100
AcDbPolyline
 90
3
 70
1
 38
7.9714
 10
-4.53806
 20
-3.84489
 10
-4.53632
 20
-3.84388
 10
-4.53721
 20
-3.84602
  0
LWPOLYLINE
  5
295
330
17
100
AcDbEntity
  8
KAT1_MOBILYA
100
AcDbPolyline
 90
3
 70
1
 38
7.9714
 10
-4.43293
 20
-3.8391
 10
-4.43034
 20
-3.83842
 10
-4.43105
 20
-3.8354
  0
LWPOLYLINE
  5
296
330
17
100
AcDbEntity
  8
KAT1_MOBILYA
100
AcDbPolyline
 90
3
 70
1
 38
7.9714
 10
-4.46682
 20
-3.83504
 10
-4.46508
 20
-3.83403
 10
-4.46448
 20
-3.83929
  0
LWPOLYLINE
  5
297
330
17
100
AcDbEntity
  8
KAT1_MOBILYA
100
AcDbPolyline
 90
4
 70
1
 38
7.9714
 10
-4.50418
 20
-3.82897
 10
-4.5033
 20
-3.83167
 10
-4.50244
 20
-3.82998
 10
-4.50158
 20
-3.82861
  0
LWPOLYLINE
  5
298
330
17
100
AcDbEntity
  8
KAT1_MOBILYA
100
AcDbPolyline
 90
3
 70
1
 38
7.9714
 10
-4.40858
 20
-3.80841
 10
-4.40701
 20
-3.80754
 10
-4.40745
 20
-3.80956
  0
LWPOLYLINE
  5
299
330
17
100
AcDbEntity
  8
KAT1_MOBILYA
100
AcDbPolyline
 90
8
 70
1
 38
7.9714
 10
-4.995
 20
-1.875
 10
-4.99225
 20
-1.875
 10
-4.97303
 20
-1.875
 10
-4.97303
 20
-2.8809
 10
-4.97303
 20
-3.025
 10
-4.97578
 20
-3.025
 10
-4.995
 20
-3.025
 10
-4.995
 20
-2.8809
  0
LWPOLYLINE
  5
29A
330
17
100
AcDbEntity
  8
KAT1_MOBILYA
100
AcDbPolyline
 90
56
 70
1
 38
7.9714
 10
-4.71832
 20
-0.51488
 10
-4.7181
 20
-0.51445
 10
-4.71763
 20
-0.51351
 10
-4.71742
 20
-0.51308
 10
-4.71648
 20
-0.51261
 10
-4.71605
 20
-0.51239
 10
-4.7151
 20
-0.51192
 10
-4.71467
 20
-0.51171
 10
-4.71373
 20
-0.51171
 10
-4.7133
 20
-0.51171
 10
-4.56792
 20
-0.51171
 10
-4.24931
 20
-0.51171
 10
-4.24836
 20
-0.51171
 10
-4.24793
 20
-0.51171
 10
-4.24699
 20
-0.51218
 10
-4.24656
 20
-0.51239
 10
-4.24562
 20
-0.51286
 10
-4.24519
 20
-0.51308
 10
-4.24472
 20
-0.51402
 10
-4.2445
 20
-0.51445
 10
-4.24403
 20
-0.51539
 10
-4.24382
 20
-0.51582
 10
-4.24334
 20
-0.51677
 10
-4.24313
 20
-0.5172
 10
-4.24313
 20
-0.52128
 10
-4.24313
 20
-0.53024
 10
-4.2436
 20
-0.53165
 10
-4.24382
 20
-0.5323
 10
-4.24429
 20
-0.53324
 10
-4.2445
 20
-0.53367
 10
-4.24497
 20
-0.53461
 10
-4.24519
 20
-0.53504
 10
-4.24613
 20
-0.53551
 10
-4.24656
 20
-0.53573
 10
-4.2475
 20
-0.5362
 10
-4.24793
 20
-0.53642
 10
-4.24888
 20
-0.53642
 10
-4.24931
 20
-0.53642
 10
-4.39469
 20
-0.53642
 10
-4.7133
 20
-0.53642
 10
-4.71424
 20
-0.53642
 10
-4.71467
 20
-0.53642
 10
-4.71562
 20
-0.53594
 10
-4.71605
 20
-0.53573
 10
-4.71699
 20
-0.53526
 10
-4.71742
 20
-0.53504
 10
-4.71789
 20
-0.5341
 10
-4.7181
 20
-0.53367
 10
-4.71858
 20
-0.53273
 10
-4.71879
 20
-0.5323
 10
-4.71879
 20
-0.53088
 10
-4.71879
 20
-0.53024
 10
-4.71879
 20
-0.52615
 10
-4.71879
 20
-0.5172
 10
-4.71879
 20
-0.51625
 10
-4.71879
 20
-0.51582
  0
LWPOLYLINE
  5
29B
330
17
100
AcDbEntity
  8
KAT1_MOBILYA
100
AcDbPolyline
 90
13
 70
1
 38
7.9714
 10
-4.66358
 20
0.67091
 10
-4.66256
 20
0.67054
 10
-4.6568
 20
0.67038
 10
-4.63758
 20
0.67052
 10
-4.63731
 20
0.67044
 10
-4.63701
 20
0.57308
 10
-4.63492
 20
0.26986
 10
-4.63649
 20
0.25426
 10
-4.64334
 20
0.25175
 10
-4.66215
 20
0.25186
 10
-4.66307
 20
0.349
 10
-4.66346
 20
0.66766
 10
-4.66371
 20
0.67034
  0
LWPOLYLINE
  5
29C
330
17
100
AcDbEntity
  8
KAT1_MOBILYA
100
AcDbPolyline
 90
25
 70
1
 38
7.9714
 10
-4.63649
 20
0.25426
 10
-4.63434
 20
0.26967
 10
-4.29075
 20
0.26991
 10
-3.16499
 20
0.2701
 10
-3.16343
 20
0.35113
 10
-3.16255
 20
0.66968
 10
-3.15688
 20
0.67046
 10
-3.13778
 20
0.67015
 10
-3.13715
 20
0.57294
 10
-3.13656
 20
0.25378
 10
-3.13702
 20
0.25193
 10
-3.13709
 20
0.25139
 10
-3.13773
 20
0.25171
 10
-3.14342
 20
0.25177
 10
-3.16205
 20
0.25197
 10
-3.16238
 20
0.25179
 10
-3.16325
 20
0.25383
 10
-3.16475
 20
0.26493
 10
-3.16574
 20
0.24865
 10
-3.50985
 20
0.24857
 10
-4.63468
 20
0.24816
 10
-4.63497
 20
0.24817
 10
-4.63634
 20
0.25113
 10
-4.63613
 20
0.25171
 10
-4.63505
 20
0.25325
  0
LWPOLYLINE
  5
29D
330
17
100
AcDbEntity
  8
KAT1_MOBILYA
100
AcDbPolyline
 90
4
 70
1
 38
7.9714
 10
-5.82496
 20
1.10744
 10
-5.81727
 20
1.11022
 10
-5.82441
 20
1.10567
 10
-5.82477
 20
1.10686
  0
LWPOLYLINE
  5
29E
330
17
100
AcDbEntity
  8
KAT1_MOBILYA
100
AcDbPolyline
 90
3
 70
1
 38
7.9714
 10
-5.80734
 20
1.12309
 10
-5.80185
 20
1.11525
 10
-5.8038
 20
1.12074
  0
LWPOLYLINE
  5
29F
330
17
100
AcDbEntity
  8
KAT1_MOBILYA
100
AcDbPolyline
 90
5
 70
1
 38
7.9714
 10
-5.80734
 20
1.12309
 10
-5.8074
 20
1.12316
 10
-5.80755
 20
1.1232
 10
-5.80887
 20
1.12358
 10
-5.80618
 20
1.12475
  0
LWPOLYLINE
  5
2A0
330
17
100
AcDbEntity
  8
KAT1_MOBILYA
100
AcDbPolyline
 90
3
 70
1
 38
7.9714
 10
-5.8346
 20
1.1309
 10
-5.8336
 20
1.1327
 10
-5.83088
 20
1.13186
  0
LWPOLYLINE
  5
2A1
330
17
100
AcDbEntity
  8
KAT1_MOBILYA
100
AcDbPolyline
 90
4
 70
1
 38
7.9714
 10
-5.85
 20
1.13868
 10
-5.84818
 20
1.13872
 10
-5.84736
 20
1.14009
 10
-5.83663
 20
1.13199
  0
LWPOLYLINE
  5
2A2
330
17
100
AcDbEntity
  8
KAT1_MOBILYA
100
AcDbPolyline
 90
3
 70
1
 38
7.9714
 10
-5.80736
 20
1.15429
 10
-5.80459
 20
1.15532
 10
-5.80619
 20
1.1561
  0
LWPOLYLINE
  5
2A3
330
17
100
AcDbEntity
  8
KAT1_MOBILYA
100
AcDbPolyline
 90
3
 70
1
 38
7.9714
 10
-5.80459
 20
1.15532
 10
-5.80199
 20
1.16197
 10
-5.80229
 20
1.16223
  0
LWPOLYLINE
  5
2A4
330
17
100
AcDbEntity
  8
KAT1_MOBILYA
100
AcDbPolyline
 90
3
 70
1
 38
7.9714
 10
-5.84271
 20
1.18552
 10
-5.84146
 20
1.18396
 10
-5.84403
 20
1.18367
  0
LWPOLYLINE
  5
2A5
330
17
100
AcDbEntity
  8
KAT1_MOBILYA
100
AcDbPolyline
 90
3
 70
1
 38
7.9714
 10
-5.80155
 20
1.20026
 10
-5.79994
 20
1.20112
 10
-5.80139
 20
1.19905
  0
LWPOLYLINE
  5
2A6
330
17
100
AcDbEntity
  8
KAT1_MOBILYA
100
AcDbPolyline
 90
4
 70
1
 38
7.9714
 10
-5.81566
 20
1.20902
 10
-5.81532
 20
1.21098
 10
-5.81462
 20
1.21077
 10
-5.81417
 20
1.21049
  0
LWPOLYLINE
  5
2A7
330
17
100
AcDbEntity
  8
KAT1_MOBILYA
100
AcDbPolyline
 90
4
 70
1
 38
7.9714
 10
-5.80187
 20
1.24017
 10
-5.80028
 20
1.23939
 10
-5.79995
 20
1.23952
 10
-5.80003
 20
1.23966
  0
LWPOLYLINE
  5
2A8
330
17
100
AcDbEntity
  8
KAT1_MOBILYA
100
AcDbPolyline
 90
3
 70
1
 38
7.9714
 10
-5.83445
 20
1.25567
 10
-5.83114
 20
1.25467
 10
-5.8339
 20
1.25762
  0
LWPOLYLINE
  5
2A9
330
17
100
AcDbEntity
  8
KAT1_MOBILYA
100
AcDbPolyline
 90
3
 70
1
 38
7.9714
 10
-5.84602
 20
1.30346
 10
-5.84408
 20
1.3083
 10
-5.84537
 20
1.30291
  0
LWPOLYLINE
  5
2AA
330
17
100
AcDbEntity
  8
KAT1_MOBILYA
100
AcDbPolyline
 90
3
 70
1
 38
7.9714
 10
-5.81562
 20
1.31808
 10
-5.81497
 20
1.31623
 10
-5.82312
 20
1.31578
  0
LWPOLYLINE
  5
2AB
330
17
100
AcDbEntity
  8
KAT1_MOBILYA
100
AcDbPolyline
 90
4
 70
1
 38
7.9714
 10
-5.84146
 20
1.34324
 10
-5.83583
 20
1.33952
 10
-5.81588
 20
1.33403
 10
-5.82238
 20
1.33791
  0
LWPOLYLINE
  5
2AC
330
17
100
AcDbEntity
  8
KAT1_MOBILYA
100
AcDbPolyline
 90
3
 70
1
 38
7.9714
 10
-5.84146
 20
1.34324
 10
-5.84413
 20
1.34384
 10
-5.84288
 20
1.34493
  0
LWPOLYLINE
  5
2AD
330
17
100
AcDbEntity
  8
KAT1_MOBILYA
100
AcDbPolyline
 90
25
 70
1
 38
7.9714
 10
-5.92267
 20
2.85462
 10
-5.91801
 20
2.85653
 10
-5.917
 20
2.85695
 10
-5.91647
 20
2.85695
 10
-5.91155
 20
2.85695
 10
-5.91102
 20
2.85695
 10
-5.90636
 20
2.85503
 10
-5.90535
 20
2.85462
 10
-5.90344
 20
2.84995
 10
-5.90302
 20
2.84894
 10
-5.90302
 20
2.55647
 10
-5.90302
 20
1.20552
 10
-5.90494
 20
1.20086
 10
-5.90535
 20
1.19985
 10
-5.91001
 20
1.19793
 10
-5.91102
 20
1.19752
 10
-5.91209
 20
1.19752
 10
-5.917
 20
1.19752
 10
-5.92166
 20
1.19943
 10
-5.92267
 20
1.19985
 10
-5.92459
 20
1.20451
 10
-5.925
 20
1.20552
 10
-5.925
 20
1.498
 10
-5.925
 20
2.84894
 10
-5.92309
 20
2.85361
  0
LWPOLYLINE
  5
2AE
330
17
100
AcDbEntity
  8
KAT1_MOBILYA
100
AcDbPolyline
 90
8
 70
1
 38
7.9714
 10
-5.81554
 20
2.7206
 10
-5.81486
 20
2.7187
 10
-5.82313
 20
2.71619
 10
-5.84151
 20
2.7112
 10
-5.84283
 20
2.70953
 10
-5.84363
 20
2.71138
 10
-5.8427
 20
2.71283
 10
-5.83813
 20
2.71423
  0
LWPOLYLINE
  5
2AF
330
17
100
AcDbEntity
  8
KAT1_MOBILYA
100
AcDbPolyline
 90
3
 70
1
 38
7.9714
 10
-5.83503
 20
2.74375
 10
-5.83102
 20
2.74048
 10
-5.81572
 20
2.73637
  0
LWPOLYLINE
  5
2B0
330
17
100
AcDbEntity
  8
KAT1_MOBILYA
100
AcDbPolyline
 90
4
 70
1
 38
7.9714
 10
-5.84253
 20
2.78685
 10
-5.83368
 20
2.78491
 10
-5.81715
 20
2.77829
 10
-5.83418
 20
2.78292
  0
LWPOLYLINE
  5
2B1
330
17
100
AcDbEntity
  8
KAT1_MOBILYA
100
AcDbPolyline
 90
6
 70
1
 38
7.9714
 10
-5.84097
 20
2.79522
 10
-5.83358
 20
2.7969
 10
-5.81144
 20
2.8032
 10
-5.80737
 20
2.80649
 10
-5.80937
 20
2.80594
 10
-5.83438
 20
2.79877
  0
LWPOLYLINE
  5
2B2
330
17
100
AcDbEntity
  8
KAT1_MOBILYA
100
AcDbPolyline
 90
3
 70
1
 38
7.9714
 10
-5.84805
 20
2.82991
 10
-5.84625
 20
2.83051
 10
-5.84659
 20
2.83191
  0
LWPOLYLINE
  5
2B3
330
17
100
AcDbEntity
  8
KAT1_MOBILYA
100
AcDbPolyline
 90
3
 70
1
 38
7.9714
 10
-5.81577
 20
2.84535
 10
-5.81467
 20
2.84367
 10
-5.81539
 20
2.84345
  0
LWPOLYLINE
  5
2B4
330
17
100
AcDbEntity
  8
KAT1_MOBILYA
100
AcDbPolyline
 90
6
 70
1
 38
7.9714
 10
-5.84806
 20
2.87672
 10
-5.84783
 20
2.87672
 10
-5.84749
 20
2.87693
 10
-5.84718
 20
2.87672
 10
-5.84623
 20
2.87609
 10
-5.84799
 20
2.87662
  0
LWPOLYLINE
  5
2B5
330
17
100
AcDbEntity
  8
KAT1_MOBILYA
100
AcDbPolyline
 90
5
 70
1
 38
7.9714
 10
-5.83443
 20
2.92361
 10
-5.83363
 20
2.92175
 10
-5.81058
 20
2.92833
 10
-5.80738
 20
2.93134
 10
-5.82604
 20
2.92616
  0
LWPOLYLINE
  5
2B6
330
17
100
AcDbEntity
  8
KAT1_MOBILYA
100
AcDbPolyline
 90
3
 70
1
 38
7.9714
 10
-5.80738
 20
2.93134
 10
-5.80614
 20
2.92971
 10
-5.80508
 20
2.93151
  0
LWPOLYLINE
  5
2B7
330
17
100
AcDbEntity
  8
KAT1_MOBILYA
100
AcDbPolyline
 90
4
 70
1
 38
7.9714
 10
-5.82499
 20
2.94687
 10
-5.82465
 20
2.94796
 10
-5.82443
 20
2.94879
 10
-5.81132
 20
2.94421
  0
LWPOLYLINE
  5
2B8
330
17
100
AcDbEntity
  8
KAT1_MOBILYA
100
AcDbPolyline
 90
8
 70
1
 38
7.9714
 10
-4.34004
 20
3.846
 10
-4.34004
 20
3.84117
 10
-4.34004
 20
3.82395
 10
-4.41019
 20
3.82395
 10
-4.66
 20
3.82395
 10
-4.66
 20
3.82879
 10
-4.66
 20
3.846
 10
-4.41019
 20
3.846
  0
LWPOLYLINE
  5
2B9
330
17
100
AcDbEntity
  8
KAT1_MOBILYA
100
AcDbPolyline
 90
3
 70
1
 38
7.9714
 10
-4.22655
 20
-3.85285
 10
-4.2214
 20
-3.85818
 10
-4.21867
 20
-3.85792
  0
LWPOLYLINE
  5
2BA
330
17
100
AcDbEntity
  8
KAT1_MOBILYA
100
AcDbPolyline
 90
3
 70
1
 38
7.9714
 10
-4.22655
 20
-3.85285
 10
-4.22934
 20
-3.85344
 10
-4.22789
 20
-3.85199
  0
LWPOLYLINE
  5
2BB
330
17
100
AcDbEntity
  8
KAT1_MOBILYA
100
AcDbPolyline
 90
3
 70
1
 38
7.9714
 10
-4.3837
 20
-3.84938
 10
-4.38122
 20
-3.8518
 10
-4.38211
 20
-3.84823
  0
LWPOLYLINE
  5
2BC
330
17
100
AcDbEntity
  8
KAT1_MOBILYA
100
AcDbPolyline
 90
5
 70
1
 38
7.9714
 10
-4.38211
 20
-3.84823
 10
-4.39423
 20
-3.82782
 10
-4.39557
 20
-3.82506
 10
-4.39384
 20
-3.82404
 10
-4.39272
 20
-3.82635
  0
LWPOLYLINE
  5
2BD
330
17
100
AcDbEntity
  8
KAT1_MOBILYA
100
AcDbPolyline
 90
3
 70
1
 38
7.9714
 10
-4.36155
 20
-3.84823
 10
-4.3591
 20
-3.84763
 10
-4.35995
 20
-3.84938
  0
LWPOLYLINE
  5
2BE
330
17
100
AcDbEntity
  8
KAT1_MOBILYA
100
AcDbPolyline
 90
4
 70
1
 38
7.9714
 10
-4.20587
 20
-3.84092
 10
-4.20535
 20
-3.8444
 10
-4.20559
 20
-3.84489
 10
-4.20733
 20
-3.84388
  0
LWPOLYLINE
  5
2BF
330
17
100
AcDbEntity
  8
KAT1_MOBILYA
100
AcDbPolyline
 90
3
 70
1
 38
7.9714
 10
-4.31246
 20
-3.84012
 10
-4.31072
 20
-3.8391
 10
-4.31123
 20
-3.84207
  0
LWPOLYLINE
  5
2C0
330
17
100
AcDbEntity
  8
KAT1_MOBILYA
100
AcDbPolyline
 90
3
 70
1
 38
7.9714
 10
-4.23947
 20
-3.82897
 10
-4.22942
 20
-3.84895
 10
-4.24117
 20
-3.83006
  0
LWPOLYLINE
  5
2C1
330
17
100
AcDbEntity
  8
KAT1_MOBILYA
100
AcDbPolyline
 90
3
 70
1
 38
7.9714
 10
-4.35569
 20
-3.84064
 10
-4.34808
 20
-3.82506
 10
-4.34982
 20
-3.82404
  0
LWPOLYLINE
  5
2C2
330
17
100
AcDbEntity
  8
KAT1_MOBILYA
100
AcDbPolyline
 90
3
 70
1
 38
7.9714
 10
-4.19531
 20
-3.81941
 10
-4.19292
 20
-3.81707
 10
-4.19372
 20
-3.82057
  0
LWPOLYLINE
  5
2C3
330
17
100
AcDbEntity
  8
KAT1_MOBILYA
100
AcDbPolyline
 90
6
 70
1
 38
7.9714
 10
-4.32391
 20
-3.81463
 10
-4.32288
 20
-3.81521
 10
-4.3215
 20
-3.81792
 10
-4.32347
 20
-3.81835
 10
-4.32433
 20
-3.81666
 10
-4.32519
 20
-3.81615
  0
LWPOLYLINE
  5
2C4
330
17
100
AcDbEntity
  8
KAT1_MOBILYA
100
AcDbPolyline
 90
56
 70
1
 38
7.9714
 10
-3.7425
 20
-0.51351
 10
-3.74207
 20
-0.51308
 10
-3.7416
 20
-0.51261
 10
-3.74139
 20
-0.51239
 10
-3.73997
 20
-0.51192
 10
-3.73933
 20
-0.51171
 10
-3.73838
 20
-0.51171
 10
-3.73795
 20
-0.51171
 10
-3.59279
 20
-0.51171
 10
-3.27465
 20
-0.51171
 10
-3.2737
 20
-0.51171
 10
-3.27327
 20
-0.51171
 10
-3.27186
 20
-0.51218
 10
-3.27122
 20
-0.51239
 10
-3.27074
 20
-0.51286
 10
-3.27053
 20
-0.51308
 10
-3.26959
 20
-0.51402
 10
-3.26916
 20
-0.51445
 10
-3.26868
 20
-0.51539
 10
-3.26847
 20
-0.51582
 10
-3.26847
 20
-0.51677
 10
-3.26847
 20
-0.5172
 10
-3.26847
 20
-0.52128
 10
-3.26847
 20
-0.53024
 10
-3.26847
 20
-0.53165
 10
-3.26847
 20
-0.5323
 10
-3.26894
 20
-0.53324
 10
-3.26916
 20
-0.53367
 10
-3.2701
 20
-0.53461
 10
-3.27053
 20
-0.53504
 10
-3.271
 20
-0.53551
 10
-3.27122
 20
-0.53573
 10
-3.27263
 20
-0.5362
 10
-3.27327
 20
-0.53642
 10
-3.27422
 20
-0.53642
 10
-3.27465
 20
-0.53642
 10
-3.41981
 20
-0.53642
 10
-3.73795
 20
-0.53642
 10
-3.7389
 20
-0.53642
 10
-3.73933
 20
-0.53642
 10
-3.74074
 20
-0.53594
 10
-3.74139
 20
-0.53573
 10
-3.74186
 20
-0.53526
 10
-3.74207
 20
-0.53504
 10
-3.74301
 20
-0.5341
 10
-3.74344
 20
-0.53367
 10
-3.74392
 20
-0.53273
 10
-3.74413
 20
-0.5323
 10
-3.74413
 20
-0.53088
 10
-3.74413
 20
-0.53024
 10
-3.74413
 20
-0.52615
 10
-3.74413
 20
-0.5172
 10
-3.74413
 20
-0.51625
 10
-3.74413
 20
-0.51582
 10
-3.74366
 20
-0.51488
 10
-3.74344
 20
-0.51445
  0
LWPOLYLINE
  5
2C5
330
17
100
AcDbEntity
  8
KAT1_MOBILYA
100
AcDbPolyline
 90
56
 70
1
 38
7.9714
 10
-3.76155
 20
-0.53642
 10
-3.7606
 20
-0.53642
 10
-3.76017
 20
-0.5362
 10
-3.75923
 20
-0.53573
 10
-3.7588
 20
-0.53551
 10
-3.75786
 20
-0.53504
 10
-3.75743
 20
-0.53461
 10
-3.75649
 20
-0.53367
 10
-3.75649
 20
-0.53324
 10
-3.75649
 20
-0.5323
 10
-3.75627
 20
-0.53165
 10
-3.7558
 20
-0.53024
 10
-3.7558
 20
-0.52128
 10
-3.7558
 20
-0.5172
 10
-3.75601
 20
-0.51677
 10
-3.75649
 20
-0.51582
 10
-3.75649
 20
-0.51539
 10
-3.75649
 20
-0.51445
 10
-3.75692
 20
-0.51402
 10
-3.75786
 20
-0.51308
 10
-3.75829
 20
-0.51286
 10
-3.75923
 20
-0.51239
 10
-3.75966
 20
-0.51218
 10
-3.7606
 20
-0.51171
 10
-3.76103
 20
-0.51171
 10
-3.76198
 20
-0.51171
 10
-4.08012
 20
-0.51171
 10
-4.22528
 20
-0.51171
 10
-4.22593
 20
-0.51171
 10
-4.22734
 20
-0.51171
 10
-4.22777
 20
-0.51192
 10
-4.22872
 20
-0.51239
 10
-4.22893
 20
-0.51261
 10
-4.2294
 20
-0.51308
 10
-4.22983
 20
-0.51351
 10
-4.23077
 20
-0.51445
 10
-4.23099
 20
-0.51488
 10
-4.23146
 20
-0.51582
 10
-4.23146
 20
-0.51625
 10
-4.23146
 20
-0.5172
 10
-4.23146
 20
-0.52615
 10
-4.23146
 20
-0.53024
 10
-4.23146
 20
-0.53088
 10
-4.23146
 20
-0.5323
 10
-4.23125
 20
-0.53273
 10
-4.23077
 20
-0.53367
 10
-4.23034
 20
-0.5341
 10
-4.2294
 20
-0.53504
 10
-4.22919
 20
-0.53526
 10
-4.22872
 20
-0.53573
 10
-4.22829
 20
-0.53594
 10
-4.22734
 20
-0.53642
 10
-4.2267
 20
-0.53642
 10
-4.22528
 20
-0.53642
 10
-3.90714
 20
-0.53642
 10
-3.76198
 20
-0.53642
  0
LWPOLYLINE
  5
2C6
330
17
100
AcDbEntity
  8
KAT1_MOBILYA
100
AcDbPolyline
 90
207
 70
1
 38
7.9714
 10
-4.72497
 20
-0.50712
 10
-4.72497
 20
-0.50759
 10
-4.72475
 20
-0.50781
 10
-4.72428
 20
-0.50827
 10
-4.72428
 20
-0.50849
 10
-4.72428
 20
-0.50896
 10
-4.72406
 20
-0.50918
 10
-4.7236
 20
-0.50965
 10
-4.72338
 20
-0.50965
 10
-4.72291
 20
-0.50965
 10
-4.72269
 20
-0.50965
 10
-4.72222
 20
-0.50965
 10
-4.70866
 20
-0.50965
 10
-4.70232
 20
-0.50965
 10
-4.70188
 20
-0.50965
 10
-4.70094
 20
-0.50965
 10
-4.70073
 20
-0.50965
 10
-4.70026
 20
-0.50965
 10
-4.70004
 20
-0.50943
 10
-4.69957
 20
-0.50896
 10
-4.69957
 20
-0.50874
 10
-4.69957
 20
-0.50827
 10
-4.69935
 20
-0.50806
 10
-4.69889
 20
-0.50759
 10
-4.69889
 20
-0.50737
 10
-4.69889
 20
-0.5069
 10
-4.69889
 20
-0.13647
 10
-4.69683
 20
0.02367
 10
-4.24725
 20
0.02367
 10
-4.24725
 20
0.02779
 10
-4.24678
 20
0.02826
 10
-4.24656
 20
0.02847
 10
-4.24656
 20
0.02895
 10
-4.24656
 20
0.02916
 10
-4.24609
 20
0.02963
 10
-4.24587
 20
0.02985
 10
-4.2454
 20
0.03032
 10
-4.24519
 20
0.03053
 10
-4.24472
 20
0.03053
 10
-4.2445
 20
0.03053
 10
-4.24403
 20
0.031
 10
-4.24382
 20
0.03122
 10
-4.23971
 20
0.03122
 10
-4.23077
 20
0.03122
 10
-4.2303
 20
0.03075
 10
-4.23009
 20
0.03053
 10
-4.22962
 20
0.03053
 10
-4.2294
 20
0.03053
 10
-4.22893
 20
0.03006
 10
-4.22872
 20
0.02985
 10
-4.22825
 20
0.02938
 10
-4.22803
 20
0.02916
 10
-4.22803
 20
0.02869
 10
-4.22803
 20
0.02847
 10
-4.22803
 20
0.028
 10
-4.22803
 20
0.02779
 10
-4.22803
 20
0.02367
 10
-3.75923
 20
0.02367
 10
-3.75923
 20
0.02779
 10
-3.75923
 20
0.02826
 10
-3.75923
 20
0.02847
 10
-3.75923
 20
0.02895
 10
-3.75923
 20
0.02916
 10
-3.75876
 20
0.02963
 10
-3.75855
 20
0.02985
 10
-3.75807
 20
0.03032
 10
-3.75786
 20
0.03053
 10
-3.75739
 20
0.03053
 10
-3.75717
 20
0.03053
 10
-3.7567
 20
0.031
 10
-3.75649
 20
0.03122
 10
-3.75238
 20
0.03122
 10
-3.74344
 20
0.03122
 10
-3.74297
 20
0.03075
 10
-3.74276
 20
0.03053
 10
-3.74229
 20
0.03053
 10
-3.74207
 20
0.03053
 10
-3.7416
 20
0.03006
 10
-3.7415
 20
0.02996
 10
-3.74092
 20
0.02938
 10
-3.7407
 20
0.02916
 10
-3.7407
 20
0.02869
 10
-3.7407
 20
0.02847
 10
-3.7407
 20
0.028
 10
-3.7407
 20
0.02779
 10
-3.7407
 20
0.02367
 10
-3.40312
 20
0.02367
 10
-3.2719
 20
0.02367
 10
-3.2719
 20
0.02779
 10
-3.2719
 20
0.02826
 10
-3.2719
 20
0.02847
 10
-3.2719
 20
0.02895
 10
-3.2719
 20
0.02916
 10
-3.27143
 20
0.02963
 10
-3.27122
 20
0.02985
 10
-3.27075
 20
0.03032
 10
-3.27053
 20
0.03053
 10
-3.27006
 20
0.03053
 10
-3.26984
 20
0.03053
 10
-3.26937
 20
0.031
 10
-3.26916
 20
0.03122
 10
-3.26505
 20
0.03122
 10
-3.25611
 20
0.03122
 10
-3.25564
 20
0.03075
 10
-3.25543
 20
0.03053
 10
-3.25496
 20
0.03053
 10
-3.25474
 20
0.03053
 10
-3.25427
 20
0.03006
 10
-3.25406
 20
0.02985
 10
-3.25398
 20
0.02977
 10
-3.25359
 20
0.02938
 10
-3.25337
 20
0.02916
 10
-3.25337
 20
0.02869
 10
-3.25337
 20
0.02847
 10
-3.25337
 20
0.028
 10
-3.25337
 20
0.02779
 10
-3.25337
 20
0.02367
 10
-2.8031
 20
0.02367
 10
-2.80105
 20
-0.33372
 10
-2.80105
 20
-0.5069
 10
-2.80105
 20
-0.50712
 10
-2.80105
 20
-0.50759
 10
-2.80083
 20
-0.50781
 10
-2.80036
 20
-0.50827
 10
-2.80036
 20
-0.50849
 10
-2.80036
 20
-0.50896
 10
-2.80014
 20
-0.50918
 10
-2.79967
 20
-0.50965
 10
-2.79945
 20
-0.50965
 10
-2.79899
 20
-0.50965
 10
-2.79877
 20
-0.50965
 10
-2.7983
 20
-0.50965
 10
-2.78427
 20
-0.50965
 10
-2.77771
 20
-0.50965
 10
-2.77749
 20
-0.50965
 10
-2.77702
 20
-0.50965
 10
-2.7768
 20
-0.50965
 10
-2.77634
 20
-0.50965
 10
-2.77612
 20
-0.50943
 10
-2.77565
 20
-0.50896
 10
-2.77565
 20
-0.50874
 10
-2.77565
 20
-0.50827
 10
-2.77543
 20
-0.50806
 10
-2.77496
 20
-0.13647
 10
-2.77496
 20
0.03671
 10
-2.77496
 20
0.03715
 10
-2.77496
 20
0.03808
 10
-2.77518
 20
0.0383
 10
-2.77565
 20
0.03877
 10
-2.77565
 20
0.03899
 10
-2.77565
 20
0.03946
 10
-2.77587
 20
0.03946
 10
-2.77634
 20
0.03946
 10
-2.77655
 20
0.03968
 10
-2.77702
 20
0.04014
 10
-2.77724
 20
0.04014
 10
-2.77771
 20
0.04014
 10
-2.79174
 20
0.04014
 10
-2.7983
 20
0.04014
 10
-2.79852
 20
0.04014
 10
-2.79899
 20
0.04014
 10
-2.7992
 20
0.03992
 10
-2.79967
 20
0.03946
 10
-2.79989
 20
0.03946
 10
-2.80036
 20
0.03946
 10
-2.80036
 20
0.03924
 10
-2.80036
 20
0.03877
 10
-2.80058
 20
0.03855
 10
-2.80105
 20
0.03877
 10
-2.80126
 20
0.03899
 10
-2.80173
 20
0.03946
 10
-2.80184
 20
0.03956
 10
-2.80195
 20
0.03967
 10
-2.80242
 20
0.04014
 10
-2.80264
 20
0.04014
 10
-2.8031
 20
0.04014
 10
-4.09681
 20
0.04014
 10
-4.69889
 20
0.03671
 10
-4.69889
 20
0.03715
 10
-4.69889
 20
0.03808
 10
-4.6991
 20
0.0383
 10
-4.69957
 20
0.03877
 10
-4.69957
 20
0.03899
 10
-4.69957
 20
0.03946
 10
-4.69979
 20
0.03946
 10
-4.70026
 20
0.03946
 10
-4.70048
 20
0.03968
 10
-4.70094
 20
0.04014
 10
-4.70138
 20
0.04014
 10
-4.70232
 20
0.04014
 10
-4.71588
 20
0.04014
 10
-4.72222
 20
0.04014
 10
-4.72244
 20
0.04014
 10
-4.72291
 20
0.04014
 10
-4.72313
 20
0.03992
 10
-4.72319
 20
0.03986
 10
-4.7236
 20
0.03946
 10
-4.72381
 20
0.03946
 10
-4.72428
 20
0.03946
 10
-4.72428
 20
0.03924
 10
-4.72428
 20
0.03877
 10
-4.7245
 20
0.03855
 10
-4.72497
 20
0.03808
 10
-4.72497
 20
0.03765
 10
-4.72497
 20
0.03671
 10
-4.72497
 20
-0.33372
 10
-4.72497
 20
-0.5069
  0
LWPOLYLINE
  5
2C7
330
17
100
AcDbEntity
  8
KAT1_MOBILYA
100
AcDbPolyline
 90
30
 70
1
 38
7.9714
 10
-4.24725
 20
0.02367
 10
-4.22803
 20
0.02367
 10
-4.22803
 20
-0.12879
 10
-4.22803
 20
-0.46984
 10
-4.22803
 20
-0.47031
 10
-4.22803
 20
-0.47052
 10
-4.22803
 20
-0.47099
 10
-4.22803
 20
-0.47121
 10
-4.2285
 20
-0.47168
 10
-4.22872
 20
-0.4719
 10
-4.22919
 20
-0.47237
 10
-4.2294
 20
-0.47258
 10
-4.22987
 20
-0.47258
 10
-4.23009
 20
-0.47258
 10
-4.23056
 20
-0.47305
 10
-4.23077
 20
-0.47327
 10
-4.23488
 20
-0.47327
 10
-4.24382
 20
-0.47327
 10
-4.24429
 20
-0.4728
 10
-4.2445
 20
-0.47258
 10
-4.24497
 20
-0.47258
 10
-4.24519
 20
-0.47258
 10
-4.24566
 20
-0.47211
 10
-4.24587
 20
-0.4719
 10
-4.24635
 20
-0.47143
 10
-4.24656
 20
-0.47121
 10
-4.24656
 20
-0.47074
 10
-4.24656
 20
-0.47052
 10
-4.24703
 20
-0.47005
 10
-4.24725
 20
-0.31326
  0
LWPOLYLINE
  5
2C8
330
17
100
AcDbEntity
  8
KAT1_MOBILYA
100
AcDbPolyline
 90
31
 70
1
 38
7.9714
 10
-3.75923
 20
0.02367
 10
-3.7407
 20
0.02367
 10
-3.7407
 20
-0.12879
 10
-3.7407
 20
-0.46984
 10
-3.7407
 20
-0.47031
 10
-3.7407
 20
-0.47052
 10
-3.7407
 20
-0.47099
 10
-3.7407
 20
-0.47121
 10
-3.74117
 20
-0.47168
 10
-3.74139
 20
-0.4719
 10
-3.74186
 20
-0.47237
 10
-3.74207
 20
-0.47258
 10
-3.74254
 20
-0.47258
 10
-3.74276
 20
-0.47258
 10
-3.74323
 20
-0.47305
 10
-3.74344
 20
-0.47327
 10
-3.74755
 20
-0.47327
 10
-3.75649
 20
-0.47327
 10
-3.75696
 20
-0.4728
 10
-3.75717
 20
-0.47258
 10
-3.75764
 20
-0.47258
 10
-3.75786
 20
-0.47258
 10
-3.75833
 20
-0.47211
 10
-3.75855
 20
-0.4719
 10
-3.75902
 20
-0.47143
 10
-3.75923
 20
-0.47121
 10
-3.75923
 20
-0.47074
 10
-3.75923
 20
-0.47052
 10
-3.75923
 20
-0.47005
 10
-3.75923
 20
-0.46984
 10
-3.75923
 20
-0.31326
  0
LWPOLYLINE
  5
2C9
330
17
100
AcDbEntity
  8
KAT1_MOBILYA
100
AcDbPolyline
 90
31
 70
1
 38
7.9714
 10
-3.2719
 20
0.02367
 10
-3.25337
 20
0.02367
 10
-3.25337
 20
-0.12879
 10
-3.25337
 20
-0.46984
 10
-3.25337
 20
-0.47031
 10
-3.25337
 20
-0.47052
 10
-3.25337
 20
-0.47099
 10
-3.25337
 20
-0.47121
 10
-3.25384
 20
-0.47168
 10
-3.25406
 20
-0.4719
 10
-3.25453
 20
-0.47237
 10
-3.25474
 20
-0.47258
 10
-3.25521
 20
-0.47258
 10
-3.25543
 20
-0.47258
 10
-3.2559
 20
-0.47305
 10
-3.25611
 20
-0.47327
 10
-3.26022
 20
-0.47327
 10
-3.26916
 20
-0.47327
 10
-3.26963
 20
-0.4728
 10
-3.26984
 20
-0.47258
 10
-3.27031
 20
-0.47258
 10
-3.27053
 20
-0.47258
 10
-3.271
 20
-0.47211
 10
-3.27122
 20
-0.4719
 10
-3.27169
 20
-0.47143
 10
-3.2719
 20
-0.47121
 10
-3.2719
 20
-0.47074
 10
-3.2719
 20
-0.47052
 10
-3.2719
 20
-0.47005
 10
-3.2719
 20
-0.46984
 10
-3.2719
 20
-0.31326
  0
LWPOLYLINE
  5
2CA
330
17
100
AcDbEntity
  8
KAT1_MOBILYA
100
AcDbPolyline
 90
9
 70
1
 38
7.9714
 10
-4.40657
 20
0.66374
 10
-4.40653
 20
0.67752
 10
-4.40652
 20
0.67754
 10
-4.39762
 20
0.67755
 10
-4.39662
 20
0.67755
 10
-4.37422
 20
0.65619
 10
-4.37417
 20
0.64624
 10
-4.3971
 20
0.64465
 10
-4.4066
 20
0.65446
  0
LWPOLYLINE
  5
2CB
330
17
100
AcDbEntity
  8
KAT1_MOBILYA
100
AcDbPolyline
 90
17
 70
1
 38
7.9714
 10
-3.47483
 20
0.67258
 10
-3.47429
 20
0.67323
 10
-3.47419
 20
0.67537
 10
-3.47422
 20
0.67647
 10
-3.47479
 20
0.67749
 10
-3.47501
 20
0.67778
 10
-4.07395
 20
0.67787
 10
-4.32451
 20
0.67777
 10
-4.32489
 20
0.67774
 10
-4.32545
 20
0.67743
 10
-4.32567
 20
0.67753
 10
-4.32563
 20
0.67399
 10
-4.3256
 20
0.67252
 10
-4.32559
 20
0.67241
 10
-4.32515
 20
0.67237
 10
-3.72544
 20
0.67234
 10
-3.47502
 20
0.6723
  0
LWPOLYLINE
  5
2CC
330
17
100
AcDbEntity
  8
KAT1_MOBILYA
100
AcDbPolyline
 90
13
 70
1
 38
7.9714
 10
-3.4731
 20
0.66349
 10
-3.473
 20
0.67299
 10
-3.4728
 20
0.69409
 10
-3.4726
 20
0.69409
 10
-3.4726
 20
0.6943
 10
-3.46004
 20
0.69412
 10
-3.43106
 20
0.69434
 10
-3.43105
 20
0.68496
 10
-3.4312
 20
0.66374
 10
-3.43126
 20
0.66374
 10
-3.43126
 20
0.66373
 10
-3.44402
 20
0.66365
 10
-3.47294
 20
0.66343
  0
LWPOLYLINE
  5
2CD
330
17
100
AcDbEntity
  8
KAT1_MOBILYA
100
AcDbPolyline
 90
12
 70
1
 38
7.9714
 10
-3.40211
 20
0.6943
 10
-3.38955
 20
0.69412
 10
-3.3606
 20
0.69437
 10
-3.36061
 20
0.68499
 10
-3.36075
 20
0.66385
 10
-3.37361
 20
0.66369
 10
-3.39354
 20
0.66352
 10
-3.39354
 20
0.66759
 10
-3.3936
 20
0.67752
 10
-3.40242
 20
0.67755
 10
-3.40231
 20
0.69409
 10
-3.40211
 20
0.69409
  0
LWPOLYLINE
  5
2CE
330
17
100
AcDbEntity
  8
KAT1_MOBILYA
100
AcDbPolyline
 90
30
 70
1
 38
7.9714
 10
-3.15393
 20
4.17853
 10
-3.14998
 20
4.18038
 10
-3.13923
 20
4.18642
 10
-3.13756
 20
4.18891
 10
-3.13203
 20
4.19819
 10
-3.13116
 20
4.20177
 10
-3.12954
 20
4.21007
 10
-3.13021
 20
4.21313
 10
-3.13277
 20
4.22293
 10
-3.13461
 20
4.22598
 10
-3.13928
 20
4.2335
 10
-3.13886
 20
4.23403
 10
-3.14027
 20
4.23487
 10
-3.14261
 20
4.23602
 10
-3.15428
 20
4.24138
 10
-3.66729
 20
4.24146
 10
-3.8457
 20
4.24144
 10
-3.84975
 20
4.23961
 10
-3.86072
 20
4.23355
 10
-3.86241
 20
4.23129
 10
-3.86766
 20
4.22402
 10
-3.86821
 20
4.22029
 10
-3.86968
 20
4.20991
 10
-3.86929
 20
4.20627
 10
-3.86758
 20
4.19565
 10
-3.86577
 20
4.19312
 10
-3.86067
 20
4.18644
 10
-3.8573
 20
4.18387
 10
-3.84533
 20
4.17856
 10
-3.33228
 20
4.1785
  0
LWPOLYLINE
  5
2CF
330
17
100
AcDbEntity
  8
KAT1_MOBILYA
100
AcDbPolyline
 90
24
 70
1
 38
7.9714
 10
-3.82908
 20
4.24998
 10
-3.82829
 20
4.25242
 10
-3.82819
 20
4.25328
 10
-3.82906
 20
4.2535
 10
-3.82677
 20
4.25547
 10
-3.82601
 20
4.25608
 10
-3.66812
 20
4.25609
 10
-3.17394
 20
4.25606
 10
-3.17166
 20
4.25413
 10
-3.17111
 20
4.25347
 10
-3.17093
 20
4.25351
 10
-3.17053
 20
4.2508
 10
-3.17039
 20
4.24999
 10
-3.17083
 20
4.24996
 10
-3.17065
 20
4.24909
 10
-3.17091
 20
4.24648
 10
-3.17334
 20
4.24438
 10
-3.17414
 20
4.24373
 10
-3.33187
 20
4.24378
 10
-3.8248
 20
4.24365
 10
-3.82837
 20
4.24576
 10
-3.82907
 20
4.24636
 10
-3.82911
 20
4.24635
 10
-3.82902
 20
4.24911
  0
LWPOLYLINE
  5
2D0
330
17
100
AcDbEntity
  8
KAT1_MOBILYA
100
AcDbPolyline
 90
5
 70
1
 38
7.9714
 10
-3.5209
 20
7.9
 10
-3.52052
 20
7.90045
 10
-3.52011
 20
7.90094
 10
-3.52173
 20
7.90131
 10
-3.52149
 20
7.89976
  0
LWPOLYLINE
  5
2D1
330
17
100
AcDbEntity
  8
KAT1_MOBILYA
100
AcDbPolyline
 90
4
 70
1
 38
7.9714
 10
-3.83436
 20
7.90137
 10
-3.83323
 20
7.90001
 10
-3.83321
 20
7.9
 10
-3.83382
 20
7.89976
  0
LWPOLYLINE
  5
2D2
330
17
100
AcDbEntity
  8
KAT1_MOBILYA
100
AcDbPolyline
 90
4
 70
1
 38
7.9714
 10
-3.87552
 20
7.90575
 10
-3.87516
 20
7.9053
 10
-3.87442
 20
7.90482
 10
-3.87402
 20
7.90644
  0
LWPOLYLINE
  5
2D3
330
17
100
AcDbEntity
  8
KAT1_MOBILYA
100
AcDbPolyline
 90
3
 70
1
 38
7.9714
 10
-3.56275
 20
7.90575
 10
-3.56239
 20
7.9053
 10
-3.56147
 20
7.90644
  0
LWPOLYLINE
  5
2D4
330
17
100
AcDbEntity
  8
KAT1_MOBILYA
100
AcDbPolyline
 90
5
 70
1
 38
7.9714
 10
-3.97912
 20
7.91152
 10
-3.97908
 20
7.91147
 10
-3.97037
 20
7.92554
 10
-3.98028
 20
7.91245
 10
-3.98025
 20
7.91242
  0
LWPOLYLINE
  5
2D5
330
17
100
AcDbEntity
  8
KAT1_MOBILYA
100
AcDbPolyline
 90
3
 70
1
 38
7.9714
 10
-3.58346
 20
7.93203
 10
-3.58232
 20
7.93302
 10
-3.59081
 20
7.94193
  0
LWPOLYLINE
  5
2D6
330
17
100
AcDbEntity
  8
KAT1_MOBILYA
100
AcDbPolyline
 90
4
 70
1
 38
7.9714
 10
-3.43792
 20
7.94503
 10
-3.43655
 20
7.94561
 10
-3.43744
 20
7.94472
 10
-3.43764
 20
7.94485
  0
LWPOLYLINE
  5
2D7
330
17
100
AcDbEntity
  8
KAT1_MOBILYA
100
AcDbPolyline
 90
4
 70
1
 38
7.9714
 10
-4.06254
 20
7.94472
 10
-4.06165
 20
7.94561
 10
-4.06414
 20
7.94576
 10
-4.06274
 20
7.94485
  0
LWPOLYLINE
  5
2D8
330
17
100
AcDbEntity
  8
KAT1_MOBILYA
100
AcDbPolyline
 90
4
 70
1
 38
7.9714
 10
-3.4801
 20
7.95094
 10
-3.47917
 20
7.94974
 10
-3.46712
 20
7.9561
 10
-3.48012
 20
7.95095
  0
LWPOLYLINE
  5
2D9
330
17
100
AcDbEntity
  8
KAT1_MOBILYA
100
AcDbPolyline
 90
6
 70
1
 38
7.9714
 10
-3.9161
 20
7.95531
 10
-3.91596
 20
7.95529
 10
-3.91665
 20
7.95392
 10
-3.91665
 20
7.95391
 10
-3.91802
 20
7.95556
 10
-3.91628
 20
7.95533
  0
LWPOLYLINE
  5
2DA
330
17
100
AcDbEntity
  8
KAT1_MOBILYA
100
AcDbPolyline
 90
5
 70
1
 38
7.9714
 10
-3.29145
 20
7.95537
 10
-3.29087
 20
7.95529
 10
-3.29179
 20
7.95392
 10
-3.29179
 20
7.95391
 10
-3.29371
 20
7.95566
  0
LWPOLYLINE
  5
2DB
330
17
100
AcDbEntity
  8
KAT1_MOBILYA
100
AcDbPolyline
 90
4
 70
1
 38
7.9714
 10
-2.95795
 20
-3.84489
 10
-2.9563
 20
-3.84707
 10
-2.95621
 20
-3.84388
 10
-2.9596
 20
-3.84151
  0
LWPOLYLINE
  5
2DC
330
17
100
AcDbEntity
  8
KAT1_MOBILYA
100
AcDbPolyline
 90
3
 70
1
 38
7.9714
 10
-2.62722
 20
-3.84388
 10
-2.62548
 20
-3.84489
 10
-2.62154
 20
-3.83683
  0
LWPOLYLINE
  5
2DD
330
17
100
AcDbEntity
  8
KAT1_MOBILYA
100
AcDbPolyline
 90
4
 70
1
 38
7.9714
 10
-2.73235
 20
-3.84012
 10
-2.7296
 20
-3.8445
 10
-2.73061
 20
-3.8391
 10
-2.73509
 20
-3.83469
  0
LWPOLYLINE
  5
2DE
330
17
100
AcDbEntity
  8
KAT1_MOBILYA
100
AcDbPolyline
 90
3
 70
1
 38
7.9714
 10
-2.85282
 20
-3.8391
 10
-2.84861
 20
-3.83522
 10
-2.85109
 20
-3.84012
  0
LWPOLYLINE
  5
2DF
330
17
100
AcDbEntity
  8
KAT1_MOBILYA
100
AcDbPolyline
 90
4
 70
1
 38
7.9714
 10
-2.92576
 20
-3.83232
 10
-2.92407
 20
-3.82897
 10
-2.92233
 20
-3.82998
 10
-2.92598
 20
-3.83718
  0
LWPOLYLINE
  5
2E0
330
17
100
AcDbEntity
  8
KAT1_MOBILYA
100
AcDbPolyline
 90
3
 70
1
 38
7.9714
 10
-2.6611
 20
-3.82998
 10
-2.65936
 20
-3.82897
 10
-2.65823
 20
-3.83566
  0
LWPOLYLINE
  5
2E1
330
17
100
AcDbEntity
  8
KAT1_MOBILYA
100
AcDbPolyline
 90
4
 70
1
 38
7.9714
 10
-2.69673
 20
-3.83506
 10
-2.68571
 20
-3.8149
 10
-2.69846
 20
-3.83403
 10
-2.70553
 20
-3.84717
  0
LWPOLYLINE
  5
2E2
330
17
100
AcDbEntity
  8
KAT1_MOBILYA
100
AcDbPolyline
 90
7
 70
1
 38
7.9714
 10
-2.68571
 20
-3.8149
 10
-2.68679
 20
-3.81313
 10
-2.68601
 20
-3.81173
 10
-2.68443
 20
-3.81144
 10
-2.67298
 20
-3.81101
 10
-2.68399
 20
-3.81316
 10
-2.68485
 20
-3.81333
  0
LWPOLYLINE
  5
2E3
330
17
100
AcDbEntity
  8
KAT1_MOBILYA
100
AcDbPolyline
 90
4
 70
1
 38
7.9714
 10
-2.89571
 20
-3.81858
 10
-2.88497
 20
-3.83403
 10
-2.88218
 20
-3.84328
 10
-2.88671
 20
-3.83505
  0
LWPOLYLINE
  5
2E4
330
17
100
AcDbEntity
  8
KAT1_MOBILYA
100
AcDbPolyline
 90
5
 70
1
 38
7.9714
 10
-2.81546
 20
-3.82506
 10
-2.81522
 20
-3.82217
 10
-2.81373
 20
-3.82404
 10
-2.8131
 20
-3.82533
 10
-2.81153
 20
-3.83312
  0
LWPOLYLINE
  5
2E5
330
17
100
AcDbEntity
  8
KAT1_MOBILYA
100
AcDbPolyline
 90
3
 70
1
 38
7.9714
 10
-2.96983
 20
-3.82057
 10
-2.96699
 20
-3.82193
 10
-2.96823
 20
-3.81941
  0
LWPOLYLINE
  5
2E6
330
17
100
AcDbEntity
  8
KAT1_MOBILYA
100
AcDbPolyline
 90
3
 70
1
 38
7.9714
 10
-2.91118
 20
-3.80913
 10
-2.91019
 20
-3.80932
 10
-2.91046
 20
-3.81101
  0
LWPOLYLINE
  5
2E7
330
17
100
AcDbEntity
  8
KAT1_MOBILYA
100
AcDbPolyline
 90
4
 70
1
 38
7.9714
 10
-2.98025
 20
-3.80754
 10
-2.97901
 20
-3.80876
 10
-2.9817
 20
-3.80898
 10
-2.9804
 20
-3.80768
  0
LWPOLYLINE
  5
2E8
330
17
100
AcDbEntity
  8
KAT1_MOBILYA
100
AcDbPolyline
 90
56
 70
1
 38
7.9714
 10
-2.78114
 20
-0.51582
 10
-2.78114
 20
-0.51677
 10
-2.78114
 20
-0.5172
 10
-2.78114
 20
-0.52128
 10
-2.78114
 20
-0.53024
 10
-2.78114
 20
-0.53165
 10
-2.78114
 20
-0.5323
 10
-2.78161
 20
-0.53324
 10
-2.78183
 20
-0.53367
 10
-2.7823
 20
-0.53461
 10
-2.78251
 20
-0.53504
 10
-2.78346
 20
-0.53551
 10
-2.78389
 20
-0.53573
 10
-2.78483
 20
-0.5362
 10
-2.78526
 20
-0.53642
 10
-2.78667
 20
-0.53642
 10
-2.78732
 20
-0.53642
 10
-2.93248
 20
-0.53642
 10
-3.25062
 20
-0.53642
 10
-3.25157
 20
-0.53642
 10
-3.252
 20
-0.53642
 10
-3.25294
 20
-0.53594
 10
-3.25337
 20
-0.53573
 10
-3.25431
 20
-0.53526
 10
-3.25474
 20
-0.53504
 10
-3.25521
 20
-0.5341
 10
-3.25543
 20
-0.53367
 10
-3.2559
 20
-0.53273
 10
-3.25611
 20
-0.5323
 10
-3.25659
 20
-0.53088
 10
-3.2568
 20
-0.53024
 10
-3.2568
 20
-0.52615
 10
-3.2568
 20
-0.5172
 10
-3.25633
 20
-0.51625
 10
-3.25611
 20
-0.51582
 10
-3.25564
 20
-0.51488
 10
-3.25543
 20
-0.51445
 10
-3.25496
 20
-0.51351
 10
-3.25474
 20
-0.51308
 10
-3.2538
 20
-0.51261
 10
-3.25337
 20
-0.51239
 10
-3.25243
 20
-0.51192
 10
-3.252
 20
-0.51171
 10
-3.25105
 20
-0.51171
 10
-3.25062
 20
-0.51171
 10
-3.10546
 20
-0.51171
 10
-2.78732
 20
-0.51171
 10
-2.7859
 20
-0.51171
 10
-2.78526
 20
-0.51171
 10
-2.78432
 20
-0.51218
 10
-2.78389
 20
-0.51239
 10
-2.78294
 20
-0.51286
 10
-2.78251
 20
-0.51308
 10
-2.78204
 20
-0.51402
 10
-2.78183
 20
-0.51445
 10
-2.78136
 20
-0.51539
  0
LWPOLYLINE
  5
2E9
330
17
100
AcDbEntity
  8
KAT1_MOBILYA
100
AcDbPolyline
 90
10
 70
1
 38
7.9714
 10
-3.20914
 20
0.69432
 10
-3.19656
 20
0.69412
 10
-3.16752
 20
0.69442
 10
-3.1675
 20
0.68501
 10
-3.16775
 20
0.6638
 10
-3.18063
 20
0.66365
 10
-3.20955
 20
0.66343
 10
-3.20955
 20
0.67299
 10
-3.20932
 20
0.69409
 10
-3.20914
 20
0.69409
  0
LWPOLYLINE
  5
2EA
330
17
100
AcDbEntity
  8
KAT1_MOBILYA
100
AcDbPolyline
 90
8
 70
1
 38
7.9714
 10
-3.13488
 20
3.80201
 10
-2.915
 20
3.80201
 10
-2.915
 20
3.80297
 10
-2.915
 20
3.82395
 10
-3.13488
 20
3.82395
 10
-3.14496
 20
3.82395
 10
-3.14496
 20
3.82299
 10
-3.14496
 20
3.80201
  0
LWPOLYLINE
  5
2EB
330
17
100
AcDbEntity
  8
KAT1_MOBILYA
100
AcDbPolyline
 90
3
 70
1
 38
7.9714
 10
-3.20927
 20
7.90137
 10
-3.20895
 20
7.89976
 10
-3.20835
 20
7.9
  0
LWPOLYLINE
  5
2EC
330
17
100
AcDbEntity
  8
KAT1_MOBILYA
100
AcDbPolyline
 90
3
 70
1
 38
7.9714
 10
-2.89672
 20
7.90137
 10
-2.8964
 20
7.89976
 10
-2.89581
 20
7.9
  0
LWPOLYLINE
  5
2ED
330
17
100
AcDbEntity
  8
KAT1_MOBILYA
100
AcDbPolyline
 90
3
 70
1
 38
7.9714
 10
-3.25007
 20
7.9053
 10
-3.24916
 20
7.90644
 10
-3.24932
 20
7.90482
  0
LWPOLYLINE
  5
2EE
330
17
100
AcDbEntity
  8
KAT1_MOBILYA
100
AcDbPolyline
 90
4
 70
1
 38
7.9714
 10
-1.39
 20
7.9053
 10
-1.38923
 20
7.90482
 10
-1.38909
 20
7.90644
 10
-1.39025
 20
7.90559
  0
LWPOLYLINE
  5
2EF
330
17
100
AcDbEntity
  8
KAT1_MOBILYA
100
AcDbPolyline
 90
4
 70
1
 38
7.9714
 10
-1.06501
 20
7.9053
 10
-1.06424
 20
7.90482
 10
-1.0641
 20
7.90644
 10
-1.06525
 20
7.90559
  0
LWPOLYLINE
  5
2F0
330
17
100
AcDbEntity
  8
KAT1_MOBILYA
100
AcDbPolyline
 90
5
 70
1
 38
7.9714
 10
-0.85023
 20
7.90997
 10
-0.84835
 20
7.91152
 10
-0.84837
 20
7.91153
 10
-0.84948
 20
7.91242
 10
-0.84951
 20
7.91244
  0
LWPOLYLINE
  5
2F1
330
17
100
AcDbEntity
  8
KAT1_MOBILYA
100
AcDbPolyline
 90
3
 70
1
 38
7.9714
 10
-0.91218
 20
7.91905
 10
-0.90813
 20
7.91487
 10
-0.91342
 20
7.91814
  0
LWPOLYLINE
  5
2F2
330
17
100
AcDbEntity
  8
KAT1_MOBILYA
100
AcDbPolyline
 90
3
 70
1
 38
7.9714
 10
-2.95836
 20
7.93202
 10
-2.94914
 20
7.9228
 10
-2.95722
 20
7.93301
  0
LWPOLYLINE
  5
2F3
330
17
100
AcDbEntity
  8
KAT1_MOBILYA
100
AcDbPolyline
 90
3
 70
1
 38
7.9714
 10
-1.08562
 20
7.93305
 10
-1.08473
 20
7.93192
 10
-1.0867
 20
7.93196
  0
LWPOLYLINE
  5
2F4
330
17
100
AcDbEntity
  8
KAT1_MOBILYA
100
AcDbPolyline
 90
3
 70
1
 38
7.9714
 10
-1.47749
 20
7.93754
 10
-1.4767
 20
7.93851
 10
-1.4778
 20
7.9396
  0
LWPOLYLINE
  5
2F5
330
17
100
AcDbEntity
  8
KAT1_MOBILYA
100
AcDbPolyline
 90
4
 70
1
 38
7.9714
 10
-0.82782
 20
7.9396
 10
-0.82737
 20
7.93768
 10
-0.82671
 20
7.9385
 10
-0.8267
 20
7.93851
  0
LWPOLYLINE
  5
2F6
330
17
100
AcDbEntity
  8
KAT1_MOBILYA
100
AcDbPolyline
 90
4
 70
1
 38
7.9714
 10
-1.26018
 20
7.94484
 10
-1.25999
 20
7.94472
 10
-1.25908
 20
7.94563
 10
-1.26044
 20
7.945
  0
LWPOLYLINE
  5
2F7
330
17
100
AcDbEntity
  8
KAT1_MOBILYA
100
AcDbPolyline
 90
4
 70
1
 38
7.9714
 10
-0.93545
 20
7.945
 10
-0.93409
 20
7.94563
 10
-0.935
 20
7.94472
 10
-0.93518
 20
7.94484
  0
LWPOLYLINE
  5
2F8
330
17
100
AcDbEntity
  8
KAT1_MOBILYA
100
AcDbPolyline
 90
4
 70
1
 38
7.9714
 10
-3.12676
 20
7.94579
 10
-3.12401
 20
7.94561
 10
-3.12513
 20
7.94472
 10
-3.12534
 20
7.94486
  0
LWPOLYLINE
  5
2F9
330
17
100
AcDbEntity
  8
KAT1_MOBILYA
100
AcDbPolyline
 90
4
 70
1
 38
7.9714
 10
-0.97954
 20
7.95063
 10
-0.97927
 20
7.95093
 10
-0.97837
 20
7.94977
 10
-0.98002
 20
7.95008
  0
LWPOLYLINE
  5
2FA
330
17
100
AcDbEntity
  8
KAT1_MOBILYA
100
AcDbPolyline
 90
3
 70
1
 38
7.9714
 10
-1.10831
 20
7.95395
 10
-1.10765
 20
7.95529
 10
-1.10823
 20
7.95537
  0
LWPOLYLINE
  5
2FB
330
17
100
AcDbEntity
  8
KAT1_MOBILYA
100
AcDbPolyline
 90
4
 70
1
 38
7.9714
 10
-0.95995
 20
7.95691
 10
-0.9567
 20
7.95969
 10
-0.95503
 20
7.95863
 10
-0.95668
 20
7.9582
  0
LWPOLYLINE
  5
2FC
330
17
100
AcDbEntity
  8
KAT1_MOBILYA
100
AcDbPolyline
 90
3
 70
1
 38
7.9714
 10
-1.60667
 20
7.9582
 10
-1.60502
 20
7.95863
 10
-1.60669
 20
7.95968
  0
LWPOLYLINE
  5
2FD
330
17
100
AcDbEntity
  8
KAT1_MOBILYA
100
AcDbPolyline
 90
3
 70
1
 38
7.9714
 10
0.49544
 20
-4.93332
 10
0.5005
 20
-4.93585
 10
0.49686
 20
-4.93191
  0
LWPOLYLINE
  5
2FE
330
17
100
AcDbEntity
  8
KAT1_MOBILYA
100
AcDbPolyline
 90
3
 70
1
 38
7.9714
 10
0.12178
 20
-4.92495
 10
0.12679
 20
-4.93042
 10
0.12331
 20
-4.92377
  0
LWPOLYLINE
  5
2FF
330
17
100
AcDbEntity
  8
KAT1_MOBILYA
100
AcDbPolyline
 90
4
 70
1
 38
7.9714
 10
0.24428
 20
-4.92905
 10
0.24944
 20
-4.91893
 10
0.25615
 20
-4.91186
 10
0.25109
 20
-4.92011
  0
LWPOLYLINE
  5
300
330
17
100
AcDbEntity
  8
KAT1_MOBILYA
100
AcDbPolyline
 90
4
 70
1
 38
7.9714
 10
0.43633
 20
-4.91386
 10
0.44304
 20
-4.90741
 10
0.43798
 20
-4.91504
 10
0.43344
 20
-4.92185
  0
LWPOLYLINE
  5
301
330
17
100
AcDbEntity
  8
KAT1_MOBILYA
100
AcDbPolyline
 90
4
 70
1
 38
7.9714
 10
0.20495
 20
-4.90685
 10
0.20803
 20
-4.91504
 10
0.21453
 20
-4.92127
 10
0.20968
 20
-4.91386
  0
LWPOLYLINE
  5
302
330
17
100
AcDbEntity
  8
KAT1_MOBILYA
100
AcDbPolyline
 90
3
 70
1
 38
7.9714
 10
0.38959
 20
-4.90765
 10
0.39492
 20
-4.92011
 10
0.39657
 20
-4.91893
  0
LWPOLYLINE
  5
303
330
17
100
AcDbEntity
  8
KAT1_MOBILYA
100
AcDbPolyline
 90
4
 70
1
 38
7.9714
 10
0.16485
 20
-4.90996
 10
0.16858
 20
-4.90186
 10
0.16319
 20
-4.90878
 10
0.15408
 20
-4.92379
  0
LWPOLYLINE
  5
304
330
17
100
AcDbEntity
  8
KAT1_MOBILYA
100
AcDbPolyline
 90
5
 70
1
 38
7.9714
 10
0.52258
 20
-4.92377
 10
0.52423
 20
-4.92495
 10
0.52929
 20
-4.91637
 10
0.53863
 20
-4.90052
 10
0.52768
 20
-4.91515
  0
LWPOLYLINE
  5
305
330
17
100
AcDbEntity
  8
KAT1_MOBILYA
100
AcDbPolyline
 90
4
 70
1
 38
7.9714
 10
0.34082
 20
-4.9196
 10
0.35008
 20
-4.90383
 10
0.35679
 20
-4.89954
 10
0.35174
 20
-4.90501
  0
LWPOLYLINE
  5
306
330
17
100
AcDbEntity
  8
KAT1_MOBILYA
100
AcDbPolyline
 90
5
 70
1
 38
7.9714
 10
0.47183
 20
-4.89764
 10
0.48282
 20
-4.90878
 10
0.49003
 20
-4.92065
 10
0.48618
 20
-4.91817
 10
0.48117
 20
-4.90996
  0
LWPOLYLINE
  5
307
330
17
100
AcDbEntity
  8
KAT1_MOBILYA
100
AcDbPolyline
 90
3
 70
1
 38
7.9714
 10
0.29428
 20
-4.90501
 10
0.30082
 20
-4.91236
 10
0.29581
 20
-4.90383
  0
LWPOLYLINE
  5
308
330
17
100
AcDbEntity
  8
KAT1_MOBILYA
100
AcDbPolyline
 90
17
 70
1
 38
7.9714
 10
1.15376
 20
-3.80277
 10
1.15615
 20
-3.80274
 10
1.15673
 20
-3.8023
 10
1.15777
 20
-3.801
 10
1.15781
 20
-3.48538
 10
1.15784
 20
-3.34421
 10
1.15763
 20
-3.34394
 10
1.15667
 20
-3.34267
 10
1.15626
 20
-3.3423
 10
1.15052
 20
-3.34218
 10
1.14811
 20
-3.34226
 10
1.14759
 20
-3.34265
 10
1.1463
 20
-3.34367
 10
1.14621
 20
-3.65967
 10
1.14621
 20
-3.80099
 10
1.14726
 20
-3.80227
 10
1.14783
 20
-3.80277
  0
LWPOLYLINE
  5
309
330
17
100
AcDbEntity
  8
KAT1_MOBILYA
100
AcDbPolyline
 90
27
 70
1
 38
7.9714
 10
1.13709
 20
-3.31144
 10
1.13749
 20
-3.31122
 10
1.14426
 20
-3.31122
 10
1.15878
 20
-3.31122
 10
1.15927
 20
-3.31122
 10
1.15929
 20
-3.31145
 10
1.15984
 20
-3.31255
 10
1.16016
 20
-3.31307
 10
1.1604
 20
-3.31385
 10
1.16045
 20
-3.32207
 10
1.16039
 20
-3.33978
 10
1.16015
 20
-3.34074
 10
1.15998
 20
-3.34118
 10
1.15953
 20
-3.34078
 10
1.15931
 20
-3.34099
 10
1.15854
 20
-3.34187
 10
1.15193
 20
-3.34189
 10
1.13804
 20
-3.34189
 10
1.13744
 20
-3.34172
 10
1.13643
 20
-3.34119
 10
1.13639
 20
-3.34123
 10
1.13594
 20
-3.34053
 10
1.13573
 20
-3.34013
 10
1.13573
 20
-3.33174
 10
1.13573
 20
-3.31299
 10
1.13629
 20
-3.31239
 10
1.13651
 20
-3.312
  0
LWPOLYLINE
  5
30A
330
17
100
AcDbEntity
  8
KAT1_MOBILYA
100
AcDbPolyline
 90
68
 70
1
 38
7.9714
 10
1.14634
 20
-3.26565
 10
1.14635
 20
-3.12435
 10
1.14644
 20
-2.80837
 10
1.13741
 20
-2.80674
 10
1.13708
 20
-2.80655
 10
1.13647
 20
-2.80599
 10
1.13651
 20
-2.80595
 10
1.13595
 20
-2.80537
 10
1.13573
 20
-2.80497
 10
1.1358
 20
-2.79643
 10
1.1358
 20
-2.77769
 10
1.13651
 20
-2.77703
 10
1.13666
 20
-2.77696
 10
1.13697
 20
-2.7767
 10
1.13773
 20
-2.77619
 10
1.14436
 20
-2.77606
 10
1.15856
 20
-2.77606
 10
1.15905
 20
-2.77654
 10
1.15928
 20
-2.77676
 10
1.1596
 20
-2.77719
 10
1.16038
 20
-2.77859
 10
1.16045
 20
-2.78692
 10
1.16036
 20
-2.80468
 10
1.16015
 20
-2.80559
 10
1.15998
 20
-2.80603
 10
1.15999
 20
-2.80604
 10
1.15976
 20
-2.80625
 10
1.15877
 20
-2.80673
 10
1.15681
 20
-2.80791
 10
1.15719
 20
-2.80815
 10
1.15739
 20
-2.80815
 10
1.15783
 20
-2.80964
 10
1.15784
 20
-2.81031
 10
1.15784
 20
-2.95076
 10
1.15784
 20
-3.26526
 10
1.15787
 20
-3.26557
 10
1.15734
 20
-3.2666
 10
1.1571
 20
-3.26695
 10
1.15657
 20
-3.26747
 10
1.15626
 20
-3.26769
 10
1.15852
 20
-3.26835
 10
1.15903
 20
-3.26838
 10
1.15928
 20
-3.26849
 10
1.15982
 20
-3.2696
 10
1.16016
 20
-3.27026
 10
1.1604
 20
-3.27104
 10
1.16051
 20
-3.27914
 10
1.16055
 20
-3.29656
 10
1.15972
 20
-3.29777
 10
1.15928
 20
-3.29811
 10
1.15929
 20
-3.29816
 10
1.15937
 20
-3.29824
 10
1.15896
 20
-3.29878
 10
1.15887
 20
-3.29868
 10
1.15215
 20
-3.2989
 10
1.13787
 20
-3.29908
 10
1.13691
 20
-3.29855
 10
1.13644
 20
-3.29834
 10
1.13595
 20
-3.29792
 10
1.13583
 20
-3.29771
 10
1.13576
 20
-3.28911
 10
1.13573
 20
-3.27018
 10
1.13629
 20
-3.26958
 10
1.13651
 20
-3.26919
 10
1.13727
 20
-3.26858
 10
1.13764
 20
-3.26834
 10
1.1442
 20
-3.26833
 10
1.14682
 20
-3.26668
  0
LWPOLYLINE
  5
30B
330
17
100
AcDbEntity
  8
KAT1_MOBILYA
100
AcDbPolyline
 90
53
 70
1
 38
7.9714
 10
1.91764
 20
-2.92554
 10
1.92022
 20
-2.92493
 10
1.92586
 20
-2.92993
 10
1.92772
 20
-2.93192
 10
1.92756
 20
-2.93248
 10
1.93055
 20
-2.93218
 10
1.96542
 20
-2.93293
 10
2.00844
 20
-2.93609
 10
2.02604
 20
-2.93749
 10
2.07315
 20
-2.94368
 10
2.08792
 20
-2.9458
 10
2.10008
 20
-2.94812
 10
2.14373
 20
-2.95671
 10
2.17374
 20
-2.96402
 10
2.1867
 20
-2.96718
 10
2.21867
 20
-2.97643
 10
2.231
 20
-2.98007
 10
2.26332
 20
-2.99092
 10
2.27608
 20
-2.99539
 10
2.31438
 20
-3.01045
 10
2.3162
 20
-3.01118
 10
2.31792
 20
-3.00928
 10
2.31985
 20
-3.00754
 10
2.32882
 20
-3.01005
 10
2.33201
 20
-3.01138
 10
2.33118
 20
-3.02108
 10
2.33049
 20
-3.02445
 10
2.32118
 20
-3.02637
 10
2.31767
 20
-3.02667
 10
2.31401
 20
-3.01786
 10
2.31369
 20
-3.01671
 10
2.29117
 20
-3.00749
 10
2.27475
 20
-3.00166
 10
2.23512
 20
-2.98761
 10
2.1907
 20
-2.97468
 10
2.17569
 20
-2.97047
 10
2.13405
 20
-2.9609
 10
2.12111
 20
-2.95796
 10
2.10763
 20
-2.95561
 10
2.06029
 20
-2.94769
 10
2.04938
 20
-2.94631
 10
2.0064
 20
-2.94174
 10
1.99228
 20
-2.94059
 10
1.96437
 20
-2.93891
 10
1.95025
 20
-2.93855
 10
1.92599
 20
-2.93806
 10
1.92519
 20
-2.9409
 10
1.92439
 20
-2.94359
 10
1.92169
 20
-2.94413
 10
1.91223
 20
-2.94333
 10
1.91041
 20
-2.94127
 10
1.90822
 20
-2.93225
 10
1.9091
 20
-2.9297
  0
LWPOLYLINE
  5
30C
330
17
100
AcDbEntity
  8
KAT1_MOBILYA
100
AcDbPolyline
 90
139
 70
1
 38
7.9714
 10
1.13574
 20
-3.80427
 10
1.13596
 20
-3.80425
 10
1.13707
 20
-3.8037
 10
1.13758
 20
-3.80338
 10
1.13836
 20
-3.80314
 10
1.14467
 20
-3.80303
 10
1.15815
 20
-3.80284
 10
1.15895
 20
-3.80338
 10
1.15928
 20
-3.80367
 10
1.15939
 20
-3.80382
 10
1.16005
 20
-3.80446
 10
1.16028
 20
-3.80476
 10
1.16039
 20
-3.81275
 10
1.16344
 20
-3.8179
 10
1.33371
 20
-3.81789
 10
1.68221
 20
-3.81602
 10
1.68221
 20
-3.15704
 10
1.6823
 20
-1.72384
 10
1.52709
 20
-1.72189
 10
1.16314
 20
-1.72189
 10
1.1607
 20
-1.73459
 10
1.16019
 20
-1.73537
 10
1.15998
 20
-1.73571
 10
1.15996
 20
-1.7357
 10
1.15899
 20
-1.73669
 10
1.15877
 20
-1.73682
 10
1.15848
 20
-1.73708
 10
1.15534
 20
-1.73728
 10
1.15637
 20
-1.73736
 10
1.15685
 20
-1.73759
 10
1.15707
 20
-1.73781
 10
1.15777
 20
-1.73931
 10
1.15786
 20
-1.88038
 10
1.15786
 20
-2.19567
 10
1.1577
 20
-2.19639
 10
1.15713
 20
-2.19739
 10
1.15721
 20
-2.19744
 10
1.1582
 20
-2.19809
 10
1.15896
 20
-2.19853
 10
1.1593
 20
-2.19874
 10
1.15933
 20
-2.19874
 10
1.15966
 20
-2.19928
 10
1.1604
 20
-2.20073
 10
1.16045
 20
-2.20895
 10
1.16036
 20
-2.22671
 10
1.16015
 20
-2.22762
 10
1.15998
 20
-2.22806
 10
1.15999
 20
-2.22807
 10
1.15976
 20
-2.22828
 10
1.15877
 20
-2.22876
 10
1.13754
 20
-2.22876
 10
1.13708
 20
-2.22858
 10
1.13651
 20
-2.22799
 10
1.13647
 20
-2.22802
 10
1.13595
 20
-2.2274
 10
1.13573
 20
-2.227
 10
1.13573
 20
-2.19987
 10
1.13639
 20
-2.19924
 10
1.1366
 20
-2.19904
 10
1.13742
 20
-2.1985
 10
1.13783
 20
-2.19809
 10
1.14425
 20
-2.19809
 10
1.14632
 20
-2.19584
 10
1.14631
 20
-2.05471
 10
1.15017
 20
-1.73717
 10
1.14786
 20
-1.73717
 10
1.14786
 20
-1.73726
 10
1.14785
 20
-1.73737
 10
1.14696
 20
-1.73817
 10
1.14667
 20
-1.73875
 10
1.1465
 20
-1.73856
 10
1.13821
 20
-1.7371
 10
1.13697
 20
-1.73619
 10
1.13696
 20
-1.73618
 10
1.13643
 20
-1.73571
 10
1.13622
 20
-1.73571
 10
1.13574
 20
-1.73522
 10
1.13572
 20
-1.72648
 10
1.13573
 20
-1.70789
 10
1.13705
 20
-1.70686
 10
1.13764
 20
-1.70639
 10
1.1442
 20
-1.70639
 10
1.15902
 20
-1.7065
 10
1.16015
 20
-1.70274
 10
1.16077
 20
-1.7021
 10
1.16253
 20
-1.70031
 10
1.16282
 20
-1.70005
 10
1.33312
 20
-1.70005
 10
1.69728
 20
-1.70004
 10
1.6979
 20
-1.70065
 10
1.69813
 20
-1.70087
 10
1.6994
 20
-1.7024
 10
1.69999
 20
-1.70319
 10
1.7001
 20
-1.70824
 10
1.70012
 20
-1.71917
 10
1.6991
 20
-1.72012
 10
1.69863
 20
-1.72065
 10
1.69769
 20
-1.72166
 10
1.69739
 20
-1.72216
 10
1.69836
 20
-1.72218
 10
1.69872
 20
-1.72258
 10
1.69937
 20
-1.72289
 10
1.69921
 20
-1.72305
 10
1.69954
 20
-1.7233
 10
1.69989
 20
-1.72468
 10
1.69986
 20
-2.38392
 10
1.69984
 20
-3.81526
 10
1.69971
 20
-3.81564
 10
1.69942
 20
-3.81679
 10
1.69942
 20
-3.81704
 10
1.69893
 20
-3.81758
 10
1.69871
 20
-3.81782
 10
1.69797
 20
-3.81782
 10
1.69777
 20
-3.81765
 10
1.69725
 20
-3.81791
 10
1.69813
 20
-3.81878
 10
1.69896
 20
-3.81964
 10
1.69996
 20
-3.82074
 10
1.69998
 20
-3.82572
 10
1.70005
 20
-3.83662
 10
1.69969
 20
-3.83737
 10
1.69871
 20
-3.83852
 10
1.69781
 20
-3.83961
 10
1.69758
 20
-3.83984
 10
1.52726
 20
-3.83968
 10
1.16264
 20
-3.83977
 10
1.16171
 20
-3.83881
 10
1.16143
 20
-3.8385
 10
1.16041
 20
-3.83753
 10
1.15994
 20
-3.83709
 10
1.15848
 20
-3.83418
 10
1.15209
 20
-3.83421
 10
1.13782
 20
-3.83398
 10
1.13691
 20
-3.83323
 10
1.13643
 20
-3.83281
 10
1.13641
 20
-3.83281
 10
1.13593
 20
-3.83232
 10
1.13573
 20
-3.83209
 10
1.13574
 20
-3.82336
  0
LWPOLYLINE
  5
30D
330
17
100
AcDbEntity
  8
KAT1_MOBILYA
100
AcDbPolyline
 90
3
 70
1
 38
7.9714
 10
1.15994
 20
-3.83285
 10
1.15996
 20
-3.8328
 10
1.15998
 20
-3.83281
  0
LWPOLYLINE
  5
30E
330
17
100
AcDbEntity
  8
KAT1_MOBILYA
100
AcDbPolyline
 90
5
 70
1
 38
7.9714
 10
1.16015
 20
-2.76277
 10
1.16039
 20
-2.76181
 10
1.15953
 20
-2.76281
 10
1.15931
 20
-2.76302
 10
1.15854
 20
-2.76391
  0
LWPOLYLINE
  5
30F
330
17
100
AcDbEntity
  8
KAT1_MOBILYA
100
AcDbPolyline
 90
62
 70
1
 38
7.9714
 10
1.15854
 20
-2.76391
 10
1.15193
 20
-2.76393
 10
1.13804
 20
-2.76393
 10
1.13744
 20
-2.76375
 10
1.13643
 20
-2.76322
 10
1.13639
 20
-2.76326
 10
1.13594
 20
-2.76257
 10
1.13573
 20
-2.76216
 10
1.13573
 20
-2.75377
 10
1.13573
 20
-2.73503
 10
1.13629
 20
-2.73442
 10
1.13651
 20
-2.73403
 10
1.13709
 20
-2.73347
 10
1.13749
 20
-2.73325
 10
1.14426
 20
-2.73326
 10
1.14639
 20
-2.7308
 10
1.14632
 20
-2.58967
 10
1.14637
 20
-2.27405
 10
1.1377
 20
-2.27164
 10
1.13723
 20
-2.27142
 10
1.13651
 20
-2.2708
 10
1.13647
 20
-2.27084
 10
1.13595
 20
-2.27022
 10
1.13572
 20
-2.26996
 10
1.13573
 20
-2.26148
 10
1.13575
 20
-2.24255
 10
1.13596
 20
-2.24233
 10
1.13615
 20
-2.24212
 10
1.13724
 20
-2.24156
 10
1.13759
 20
-2.24144
 10
1.13836
 20
-2.2412
 10
1.14467
 20
-2.24109
 10
1.15815
 20
-2.2409
 10
1.15895
 20
-2.24144
 10
1.15938
 20
-2.24178
 10
1.15963
 20
-2.24222
 10
1.16018
 20
-2.24296
 10
1.16044
 20
-2.24338
 10
1.16047
 20
-2.25158
 10
1.16036
 20
-2.26952
 10
1.16015
 20
-2.27043
 10
1.15998
 20
-2.27087
 10
1.15999
 20
-2.27088
 10
1.15975
 20
-2.27107
 10
1.15876
 20
-2.2716
 10
1.15675
 20
-2.27279
 10
1.15701
 20
-2.27307
 10
1.15726
 20
-2.27348
 10
1.15784
 20
-2.27471
 10
1.15784
 20
-2.41578
 10
1.15758
 20
-2.73116
 10
1.15736
 20
-2.7316
 10
1.15714
 20
-2.73182
 10
1.15732
 20
-2.73199
 10
1.15681
 20
-2.73246
 10
1.15878
 20
-2.73326
 10
1.15927
 20
-2.73326
 10
1.15929
 20
-2.73348
 10
1.15984
 20
-2.73459
 10
1.16016
 20
-2.7351
 10
1.1604
 20
-2.73588
 10
1.16045
 20
-2.74411
  0
LWPOLYLINE
  5
310
330
17
100
AcDbEntity
  8
KAT1_MOBILYA
100
AcDbPolyline
 90
16
 70
1
 38
7.9714
 10
1.91503
 20
2.19622
 10
1.91724
 20
2.19741
 10
1.93093
 20
2.20478
 10
1.93723
 20
2.20478
 10
1.98729
 20
2.20478
 10
1.98797
 20
2.20441
 10
2.00344
 20
2.19622
 10
2.00344
 20
2.19534
 10
2.00344
 20
2.15401
 10
2.0031
 20
2.15382
 10
1.98729
 20
2.14488
 10
1.9846
 20
2.14488
 10
1.93093
 20
2.14488
 10
1.92898
 20
2.14601
 10
1.91503
 20
2.15401
 10
1.91503
 20
2.15999
  0
LWPOLYLINE
  5
311
330
17
100
AcDbEntity
  8
KAT1_MOBILYA
100
AcDbPolyline
 90
185
 70
1
 38
7.9714
 10
0.33982
 20
3.95966
 10
0.34033
 20
3.96016
 10
0.34056
 20
3.9604
 10
0.34107
 20
3.9609
 10
0.3413
 20
3.96114
 10
0.34155
 20
3.96139
 10
0.34181
 20
3.96164
 10
0.34204
 20
3.96188
 10
0.34278
 20
3.96188
 10
0.34328
 20
3.96238
 10
0.34352
 20
3.96262
 10
0.34648
 20
3.96188
 10
0.34796
 20
3.96188
 10
0.34729
 20
3.96262
 10
0.34597
 20
3.96238
 10
0.34574
 20
3.96262
 10
0.34574
 20
3.96336
 10
0.34523
 20
3.96386
 10
0.345
 20
3.9641
 10
0.345
 20
3.9848
 10
0.34551
 20
3.98531
 10
0.34574
 20
3.98554
 10
0.34574
 20
3.98628
 10
0.34648
 20
3.98628
 10
0.34698
 20
3.98679
 10
0.34722
 20
3.98702
 10
0.37014
 20
3.98702
 10
0.37065
 20
3.98651
 10
0.37088
 20
3.98628
 10
0.37139
 20
3.98577
 10
0.37162
 20
3.98554
 10
0.37162
 20
3.97445
 10
0.37236
 20
3.97445
 10
0.37236
 20
3.97519
 10
0.37287
 20
3.9757
 10
0.3731
 20
3.97593
 10
0.71918
 20
3.97593
 10
0.72214
 20
3.98406
 10
0.72214
 20
3.98554
 10
0.72264
 20
3.98605
 10
0.72288
 20
3.98628
 10
0.72362
 20
3.98628
 10
0.72412
 20
3.98679
 10
0.72435
 20
3.98702
 10
0.74654
 20
3.98702
 10
0.74705
 20
3.98651
 10
0.74728
 20
3.98628
 10
0.74802
 20
3.98628
 10
0.74853
 20
3.98577
 10
0.74876
 20
3.98554
 10
0.74876
 20
3.96336
 10
0.74825
 20
3.96285
 10
0.74802
 20
3.96262
 10
0.74751
 20
3.96211
 10
0.74728
 20
3.96188
 10
0.72362
 20
3.96188
 10
0.72311
 20
3.96238
 10
0.72288
 20
3.96262
 10
0.72237
 20
3.96312
 10
0.72214
 20
3.96336
 10
0.72214
 20
3.96484
 10
0.72163
 20
3.9658
 10
0.7214
 20
3.96557
 10
0.7214
 20
3.96484
 10
0.72066
 20
3.96484
 10
0.72015
 20
3.96432
 10
0.71992
 20
3.9641
 10
0.37384
 20
3.9641
 10
0.37333
 20
3.96461
 10
0.37321
 20
3.96473
 10
0.3731
 20
3.96484
 10
0.37236
 20
3.96484
 10
0.37236
 20
3.96557
 10
0.37185
 20
3.96609
 10
0.37162
 20
3.96631
 10
0.37229
 20
3.9653
 10
0.37162
 20
3.96484
 10
0.37162
 20
3.96336
 10
0.37111
 20
3.96285
 10
0.37088
 20
3.96262
 10
0.37088
 20
3.96188
 10
0.36267
 20
3.96188
 10
0.35905
 20
3.95865
 10
0.35905
 20
3.76983
 10
0.36127
 20
3.38064
 10
2.3882
 20
3.38064
 10
2.39116
 20
3.55494
 10
2.39116
 20
3.95818
 10
2.3808
 20
3.96188
 10
2.37932
 20
3.96188
 10
2.37882
 20
3.96238
 10
2.37858
 20
3.96262
 10
2.37858
 20
3.96336
 10
2.37808
 20
3.96386
 10
2.37785
 20
3.9641
 10
2.37785
 20
3.9646
 10
2.37733
 20
3.96506
 10
2.37711
 20
3.96484
 10
2.3766
 20
3.96432
 10
2.37637
 20
3.9641
 10
2.37563
 20
3.9641
 10
2.37607
 20
3.96432
 10
2.26902
 20
3.9641
 10
2.02807
 20
3.96705
 10
2.02807
 20
3.9641
 10
2.02733
 20
3.96336
 10
2.02733
 20
3.96262
 10
2.02682
 20
3.96211
 10
2.02659
 20
3.96188
 10
2.00219
 20
3.96188
 10
2.00219
 20
3.96262
 10
2.00168
 20
3.96312
 10
2.00145
 20
3.96336
 10
2.00145
 20
3.98554
 10
2.00195
 20
3.98605
 10
2.00219
 20
3.98628
 10
2.00269
 20
3.98679
 10
2.00293
 20
3.98702
 10
2.02585
 20
3.98702
 10
2.02659
 20
3.98628
 10
2.02733
 20
3.98628
 10
2.02733
 20
3.98554
 10
2.02807
 20
3.9848
 10
2.02807
 20
3.97803
 10
2.03029
 20
3.97593
 10
2.37563
 20
3.97593
 10
2.37785
 20
3.98406
 10
2.37785
 20
3.9848
 10
2.37835
 20
3.98531
 10
2.37858
 20
3.98554
 10
2.37858
 20
3.98628
 10
2.37932
 20
3.98628
 10
2.38006
 20
3.98702
 10
2.40299
 20
3.98702
 10
2.4035
 20
3.98651
 10
2.40373
 20
3.98628
 10
2.40447
 20
3.98628
 10
2.40447
 20
3.96285
 10
2.40669
 20
3.96262
 10
2.40719
 20
3.96211
 10
2.40742
 20
3.96188
 10
2.40816
 20
3.96188
 10
2.40964
 20
3.9604
 10
2.40964
 20
3.36437
 10
2.40742
 20
3.36215
 10
2.39337
 20
3.36215
 10
2.39287
 20
3.36266
 10
2.39264
 20
3.36289
 10
2.39213
 20
3.3634
 10
2.3919
 20
3.36363
 10
2.39139
 20
3.36414
 10
2.39116
 20
3.36437
 10
2.39116
 20
3.36488
 10
2.39065
 20
3.36387
 10
2.39042
 20
3.36363
 10
2.39042
 20
3.36289
 10
2.38968
 20
3.36289
 10
2.3895
 20
3.36271
 10
2.38944
 20
3.36266
 10
2.38917
 20
3.36239
 10
2.38904
 20
3.36226
 10
2.38894
 20
3.36215
 10
0.36053
 20
3.36215
 10
0.36053
 20
3.36289
 10
0.35979
 20
3.36289
 10
0.35928
 20
3.3634
 10
0.35905
 20
3.36363
 10
0.35905
 20
3.36437
 10
0.35831
 20
3.36437
 10
0.35831
 20
3.36363
 10
0.35781
 20
3.36313
 10
0.35757
 20
3.36289
 10
0.35656
 20
3.36239
 10
0.35609
 20
3.36215
 10
0.34278
 20
3.36215
 10
0.34228
 20
3.36266
 10
0.34216
 20
3.36278
 10
0.34204
 20
3.36289
 10
0.34154
 20
3.3634
 10
0.3413
 20
3.36363
 10
0.3408
 20
3.36414
 10
0.34056
 20
3.36437
 10
0.34006
 20
3.36488
 10
0.33982
 20
3.36511
 10
0.33982
 20
3.36659
  0
LWPOLYLINE
  5
312
330
17
100
AcDbEntity
  8
KAT1_MOBILYA
100
AcDbPolyline
 90
3
 70
1
 38
7.9714
 10
0.36029
 20
3.37967
 10
0.36078
 20
3.38016
 10
0.36053
 20
3.3799
  0
LWPOLYLINE
  5
313
330
17
100
AcDbEntity
  8
KAT1_MOBILYA
100
AcDbPolyline
 90
3
 70
1
 38
7.9714
 10
0.78724
 20
3.97033
 10
0.78735
 20
3.96852
 10
0.78672
 20
3.96811
  0
LWPOLYLINE
  5
314
330
17
100
AcDbEntity
  8
KAT1_MOBILYA
100
AcDbPolyline
 90
53
 70
1
 38
7.9714
 10
1.13622
 20
3.97114
 10
1.13625
 20
3.97112
 10
1.13625
 20
3.98406
 10
1.13625
 20
3.98457
 10
1.13625
 20
3.9848
 10
1.13625
 20
3.98531
 10
1.13625
 20
3.98554
 10
1.13676
 20
3.98605
 10
1.13699
 20
3.98628
 10
1.1375
 20
3.98628
 10
1.13773
 20
3.98628
 10
1.13773
 20
3.98679
 10
1.13773
 20
3.98702
 10
1.13823
 20
3.98702
 10
1.13847
 20
3.98702
 10
1.14543
 20
3.98702
 10
1.16065
 20
3.98702
 10
1.16116
 20
3.98651
 10
1.16139
 20
3.98628
 10
1.1619
 20
3.98628
 10
1.16213
 20
3.98628
 10
1.16213
 20
3.98577
 10
1.16213
 20
3.98554
 10
1.16264
 20
3.98503
 10
1.16287
 20
3.9848
 10
1.16287
 20
3.98429
 10
1.16287
 20
3.98406
 10
1.16287
 20
3.97803
 10
1.16287
 20
3.96484
 10
1.16287
 20
3.96433
 10
1.16287
 20
3.9641
 10
1.16236
 20
3.96359
 10
1.16213
 20
3.96336
 10
1.16213
 20
3.96285
 10
1.16213
 20
3.96262
 10
1.16162
 20
3.96211
 10
1.16139
 20
3.96188
 10
1.16088
 20
3.96188
 10
1.16065
 20
3.96188
 10
1.15369
 20
3.96188
 10
1.13847
 20
3.96188
 10
1.13796
 20
3.96188
 10
1.13773
 20
3.96188
 10
1.13722
 20
3.96238
 10
1.13699
 20
3.96262
 10
1.13648
 20
3.96312
 10
1.13625
 20
3.96336
 10
1.13625
 20
3.96386
 10
1.13625
 20
3.9641
 10
1.13625
 20
3.9646
 10
1.13625
 20
3.96484
 10
1.13625
 20
3.97032
 10
1.13608
 20
3.97026
  0
LWPOLYLINE
  5
315
330
17
100
AcDbEntity
  8
KAT1_MOBILYA
100
AcDbPolyline
 90
54
 70
1
 38
7.9714
 10
0.75911
 20
3.9646
 10
0.75911
 20
3.9641
 10
0.75934
 20
3.96386
 10
0.75985
 20
3.96336
 10
0.75985
 20
3.96312
 10
0.75985
 20
3.96262
 10
0.76008
 20
3.96238
 10
0.76059
 20
3.96188
 10
0.76082
 20
3.96188
 10
0.76133
 20
3.96188
 10
0.76156
 20
3.96188
 10
0.76207
 20
3.96188
 10
0.77678
 20
3.96188
 10
0.78351
 20
3.96188
 10
0.78375
 20
3.96188
 10
0.78425
 20
3.96188
 10
0.78449
 20
3.96211
 10
0.78499
 20
3.96262
 10
0.78522
 20
3.96285
 10
0.78573
 20
3.96336
 10
0.78573
 20
3.96359
 10
0.78573
 20
3.9641
 10
0.78573
 20
3.96433
 10
0.78573
 20
3.96484
 10
0.78573
 20
3.97803
 10
0.78573
 20
3.98406
 10
0.78573
 20
3.98429
 10
0.78573
 20
3.9848
 10
0.78573
 20
3.98503
 10
0.78573
 20
3.98554
 10
0.7855
 20
3.98577
 10
0.78499
 20
3.98628
 10
0.78476
 20
3.98628
 10
0.78425
 20
3.98628
 10
0.78425
 20
3.98651
 10
0.78425
 20
3.98702
 10
0.78402
 20
3.98702
 10
0.78351
 20
3.98702
 10
0.7688
 20
3.98702
 10
0.76207
 20
3.98702
 10
0.76184
 20
3.98702
 10
0.76133
 20
3.98702
 10
0.7611
 20
3.98679
 10
0.76059
 20
3.98628
 10
0.76036
 20
3.98628
 10
0.75985
 20
3.98628
 10
0.75985
 20
3.98605
 10
0.75985
 20
3.98554
 10
0.75962
 20
3.98531
 10
0.75911
 20
3.9848
 10
0.75911
 20
3.98457
 10
0.75911
 20
3.98406
 10
0.75911
 20
3.97087
 10
0.75911
 20
3.96484
  0
LWPOLYLINE
  5
316
330
17
100
AcDbEntity
  8
KAT1_MOBILYA
100
AcDbPolyline
 90
131
 70
1
 38
7.9714
 10
1.17322
 20
3.96386
 10
1.17322
 20
3.96336
 10
1.17345
 20
3.96312
 10
1.17396
 20
3.96262
 10
1.17419
 20
3.96238
 10
1.1747
 20
3.96188
 10
1.17493
 20
3.96188
 10
1.17544
 20
3.96188
 10
1.19066
 20
3.96188
 10
1.19763
 20
3.96188
 10
1.19786
 20
3.96188
 10
1.19837
 20
3.96188
 10
1.1986
 20
3.96211
 10
1.1991
 20
3.96262
 10
1.19934
 20
3.96285
 10
1.19984
 20
3.96336
 10
1.19984
 20
3.96359
 10
1.19984
 20
3.9641
 10
1.19984
 20
3.96433
 10
1.19984
 20
3.96464
 10
1.19984
 20
3.96484
 10
1.19984
 20
3.96631
 10
1.20007
 20
3.96609
 10
1.20058
 20
3.96557
 10
1.20058
 20
3.96535
 10
1.20058
 20
3.96484
 10
1.20081
 20
3.96484
 10
1.20132
 20
3.96484
 10
1.20155
 20
3.96461
 10
1.20206
 20
3.9641
 10
1.20229
 20
3.9641
 10
1.2028
 20
3.9641
 10
1.44103
 20
3.9641
 10
1.54962
 20
3.96631
 10
1.54985
 20
3.96654
 10
1.55036
 20
3.96705
 10
1.55036
 20
3.96484
 10
1.55036
 20
3.9646
 10
1.54962
 20
3.96484
 10
1.54962
 20
3.96506
 10
1.54962
 20
3.96557
 10
1.54962
 20
3.9658
 10
1.54911
 20
3.96484
 10
1.54866
 20
3.96461
 10
1.54782
 20
3.9642
 10
1.5474
 20
3.9641
 10
1.54763
 20
3.9641
 10
1.54814
 20
3.9641
 10
1.55036
 20
3.9641
 10
1.55036
 20
3.96386
 10
1.55036
 20
3.96336
 10
1.55059
 20
3.96312
 10
1.5511
 20
3.96262
 10
1.5511
 20
3.96238
 10
1.5511
 20
3.96188
 10
1.55133
 20
3.96188
 10
1.55184
 20
3.96188
 10
1.55207
 20
3.96188
 10
1.55258
 20
3.96188
 10
1.56729
 20
3.96188
 10
1.57402
 20
3.96188
 10
1.57426
 20
3.96188
 10
1.57476
 20
3.96188
 10
1.575
 20
3.96188
 10
1.5755
 20
3.96188
 10
1.57574
 20
3.96211
 10
1.57624
 20
3.96262
 10
1.57624
 20
3.96285
 10
1.57624
 20
3.96336
 10
1.57647
 20
3.96359
 10
1.57698
 20
3.9641
 10
1.57698
 20
3.96433
 10
1.57698
 20
3.96484
 10
1.57698
 20
3.97803
 10
1.57698
 20
3.98406
 10
1.57698
 20
3.98429
 10
1.57698
 20
3.9848
 10
1.57675
 20
3.98503
 10
1.57624
 20
3.98554
 10
1.57624
 20
3.98577
 10
1.57624
 20
3.98628
 10
1.57601
 20
3.98628
 10
1.5755
 20
3.98628
 10
1.57527
 20
3.98651
 10
1.57476
 20
3.98702
 10
1.57453
 20
3.98702
 10
1.57402
 20
3.98702
 10
1.55931
 20
3.98702
 10
1.55258
 20
3.98702
 10
1.55235
 20
3.98702
 10
1.55184
 20
3.98702
 10
1.55161
 20
3.98679
 10
1.5511
 20
3.98628
 10
1.55087
 20
3.98605
 10
1.55036
 20
3.98554
 10
1.55036
 20
3.98531
 10
1.55036
 20
3.9848
 10
1.55036
 20
3.98457
 10
1.55036
 20
3.98406
 10
1.54791
 20
3.97593
 10
1.5474
 20
3.97593
 10
1.30918
 20
3.97593
 10
1.2028
 20
3.97593
 10
1.19984
 20
3.97803
 10
1.19984
 20
3.98406
 10
1.19984
 20
3.98429
 10
1.19984
 20
3.9848
 10
1.19984
 20
3.98503
 10
1.19984
 20
3.98554
 10
1.19961
 20
3.98577
 10
1.1991
 20
3.98628
 10
1.19887
 20
3.98628
 10
1.19837
 20
3.98628
 10
1.19813
 20
3.98651
 10
1.19763
 20
3.98702
 10
1.1824
 20
3.98702
 10
1.17544
 20
3.98702
 10
1.17521
 20
3.98679
 10
1.1747
 20
3.98628
 10
1.17447
 20
3.98628
 10
1.17396
 20
3.98628
 10
1.17373
 20
3.98605
 10
1.17322
 20
3.98554
 10
1.17322
 20
3.98531
 10
1.17322
 20
3.9848
 10
1.17322
 20
3.98457
 10
1.17322
 20
3.98406
 10
1.17322
 20
3.97087
 10
1.17322
 20
3.96484
 10
1.17322
 20
3.9646
 10
1.17322
 20
3.9641
  0
LWPOLYLINE
  5
317
330
17
100
AcDbEntity
  8
KAT1_MOBILYA
100
AcDbPolyline
 90
50
 70
1
 38
7.9714
 10
1.58734
 20
3.96386
 10
1.58734
 20
3.96336
 10
1.58757
 20
3.96312
 10
1.58807
 20
3.96262
 10
1.58831
 20
3.96238
 10
1.58881
 20
3.96188
 10
1.58905
 20
3.96188
 10
1.58955
 20
3.96188
 10
1.60477
 20
3.96188
 10
1.61174
 20
3.96188
 10
1.61197
 20
3.96188
 10
1.61248
 20
3.96188
 10
1.61271
 20
3.96211
 10
1.61322
 20
3.96262
 10
1.61322
 20
3.96285
 10
1.61322
 20
3.96336
 10
1.61345
 20
3.96359
 10
1.61396
 20
3.9641
 10
1.61396
 20
3.96433
 10
1.61396
 20
3.96484
 10
1.61396
 20
3.97803
 10
1.61396
 20
3.98406
 10
1.61396
 20
3.98429
 10
1.61396
 20
3.9848
 10
1.61372
 20
3.98503
 10
1.61322
 20
3.98554
 10
1.61322
 20
3.98577
 10
1.61322
 20
3.98628
 10
1.61298
 20
3.98628
 10
1.61248
 20
3.98628
 10
1.61225
 20
3.98651
 10
1.61174
 20
3.98702
 10
1.59652
 20
3.98702
 10
1.58955
 20
3.98702
 10
1.58932
 20
3.98702
 10
1.58881
 20
3.98702
 10
1.58881
 20
3.98679
 10
1.58881
 20
3.98628
 10
1.58858
 20
3.98628
 10
1.58807
 20
3.98628
 10
1.58784
 20
3.98605
 10
1.58734
 20
3.98554
 10
1.58734
 20
3.98531
 10
1.58734
 20
3.9848
 10
1.58734
 20
3.98457
 10
1.58734
 20
3.98406
 10
1.58734
 20
3.97087
 10
1.58734
 20
3.96484
 10
1.58734
 20
3.9646
 10
1.58734
 20
3.9641
  0
LWPOLYLINE
  5
318
330
17
100
AcDbEntity
  8
KAT1_MOBILYA
100
AcDbPolyline
 90
20
 70
1
 38
7.9714
 10
0.36573
 20
7.16782
 10
0.36667
 20
7.16521
 10
0.36899
 20
7.16159
 10
0.37152
 20
7.16022
 10
0.38579
 20
7.15895
 10
0.39818
 20
7.16005
 10
0.40105
 20
7.16163
 10
0.4031
 20
7.1648
 10
0.40417
 20
7.16762
 10
0.40503
 20
7.18624
 10
0.40434
 20
7.20425
 10
0.40277
 20
7.20711
 10
0.39926
 20
7.2091
 10
0.39649
 20
7.21018
 10
0.38427
 20
7.21104
 10
0.37185
 20
7.20995
 10
0.36895
 20
7.20837
 10
0.36692
 20
7.20527
 10
0.36584
 20
7.20234
 10
0.36502
 20
7.1839
  0
LWPOLYLINE
  5
319
330
17
100
AcDbEntity
  8
KAT1_MOBILYA
100
AcDbPolyline
 90
8
 70
1
 38
7.9714
 10
0.352
 20
7.52488
 10
0.352
 20
7.215
 10
0.36061
 20
7.215
 10
0.36802
 20
7.215
 10
0.36802
 20
7.57513
 10
0.36802
 20
7.88501
 10
0.35941
 20
7.88501
 10
0.352
 20
7.88501
  0
LWPOLYLINE
  5
31A
330
17
100
AcDbEntity
  8
KAT1_MOBILYA
100
AcDbPolyline
 90
4
 70
1
 38
7.9714
 10
-0.41527
 20
7.90559
 10
-0.41411
 20
7.90644
 10
-0.41425
 20
7.90482
 10
-0.41502
 20
7.9053
  0
LWPOLYLINE
  5
31B
330
17
100
AcDbEntity
  8
KAT1_MOBILYA
100
AcDbPolyline
 90
19
 70
1
 38
7.9714
 10
0.36502
 20
7.91385
 10
0.36573
 20
7.89772
 10
0.36668
 20
7.89516
 10
0.369
 20
7.89161
 10
0.37153
 20
7.89024
 10
0.38579
 20
7.88898
 10
0.39817
 20
7.89007
 10
0.40104
 20
7.89165
 10
0.40309
 20
7.89475
 10
0.40417
 20
7.89753
 10
0.40503
 20
7.9162
 10
0.40434
 20
7.93429
 10
0.40278
 20
7.9371
 10
0.39962
 20
7.93852
 10
0.39667
 20
7.93961
 10
0.38423
 20
7.93985
 10
0.3713
 20
7.93968
 10
0.36764
 20
7.93812
 10
0.36578
 20
7.93467
  0
LWPOLYLINE
  5
31C
330
17
100
AcDbEntity
  8
KAT1_MOBILYA
100
AcDbPolyline
 90
3
 70
1
 38
7.9714
 10
-0.58843
 20
7.91814
 10
-0.58313
 20
7.91487
 10
-0.58719
 20
7.91905
  0
LWPOLYLINE
  5
31D
330
17
100
AcDbEntity
  8
KAT1_MOBILYA
100
AcDbPolyline
 90
3
 70
1
 38
7.9714
 10
-0.76064
 20
7.93306
 10
-0.75974
 20
7.93194
 10
-0.76171
 20
7.93196
  0
LWPOLYLINE
  5
31E
330
17
100
AcDbEntity
  8
KAT1_MOBILYA
100
AcDbPolyline
 90
4
 70
1
 38
7.9714
 10
-0.43671
 20
7.93196
 10
-0.43474
 20
7.93192
 10
-0.43563
 20
7.93305
 10
-0.44618
 20
7.94149
  0
LWPOLYLINE
  5
31F
330
17
100
AcDbEntity
  8
KAT1_MOBILYA
100
AcDbPolyline
 90
3
 70
1
 38
7.9714
 10
-0.45832
 20
7.95395
 10
-0.45824
 20
7.95537
 10
-0.45767
 20
7.95529
  0
LWPOLYLINE
  5
320
330
17
100
AcDbEntity
  8
KAT1_MOBILYA
100
AcDbPolyline
 90
3
 70
1
 38
7.9714
 10
-0.63148
 20
7.95969
 10
-0.62984
 20
7.95863
 10
-0.63169
 20
7.9582
  0
LWPOLYLINE
  5
321
330
17
100
AcDbEntity
  8
KAT1_MOBILYA
100
AcDbPolyline
 90
24
 70
1
 38
7.9714
 10
0.86443
 20
8.91425
 10
0.86814
 20
8.90547
 10
0.87
 20
8.90203
 10
0.87
 20
8.7663
 10
0.87
 20
8.45798
 10
0.8663
 20
8.44921
 10
0.86467
 20
8.44534
 10
0.85589
 20
8.44164
 10
0.85203
 20
8.44001
 10
0.70407
 20
8.44001
 10
0.36797
 20
8.44001
 10
0.3592
 20
8.44371
 10
0.35533
 20
8.44534
 10
0.35163
 20
8.45412
 10
0.35
 20
8.45798
 10
0.35
 20
8.59371
 10
0.35
 20
8.90203
 10
0.3537
 20
8.9108
 10
0.35533
 20
8.91467
 10
0.36411
 20
8.91837
 10
0.36797
 20
8.92
 10
0.51593
 20
8.92
 10
0.85203
 20
8.92
 10
0.86081
 20
8.9163
  0
LWPOLYLINE
  5
322
330
17
100
AcDbEntity
  8
KAT1_MOBILYA
100
AcDbPolyline
 90
94
 70
1
 38
7.9714
 10
1.94212
 20
8.93727
 10
1.94367
 20
8.93343
 10
1.94185
 20
8.92209
 10
1.93809
 20
8.92089
 10
1.93829
 20
8.90408
 10
1.93867
 20
8.89165
 10
1.9388
 20
8.88715
 10
1.93912
 20
8.88138
 10
1.93998
 20
8.86556
 10
1.94036
 20
8.85988
 10
1.94137
 20
8.84439
 10
1.94243
 20
8.8325
 10
1.94282
 20
8.82812
 10
1.94358
 20
8.82103
 10
1.94569
 20
8.80167
 10
1.94774
 20
8.78613
 10
1.94869
 20
8.77898
 10
1.95014
 20
8.76889
 10
1.95112
 20
8.7626
 10
1.95326
 20
8.74947
 10
1.95509
 20
8.73921
 10
1.956
 20
8.73411
 10
1.95849
 20
8.72141
 10
1.95932
 20
8.71716
 10
1.96053
 20
8.71149
 10
1.96387
 20
8.69574
 10
1.96515
 20
8.69028
 10
1.96867
 20
8.67527
 10
1.97336
 20
8.65716
 10
1.97503
 20
8.65073
 10
1.97712
 20
8.64329
 10
1.98267
 20
8.62357
 10
1.98492
 20
8.61625
 10
1.98581
 20
8.61336
 10
1.98759
 20
8.6078
 10
1.99243
 20
8.59266
 10
1.99485
 20
8.58542
 10
1.99573
 20
8.58276
 10
1.99772
 20
8.57721
 10
2.00308
 20
8.56224
 10
2.00854
 20
8.54757
 10
2.0105
 20
8.54229
 10
2.01146
 20
8.53989
 10
2.02045
 20
8.53626
 10
2.02136
 20
8.53293
 10
2.01893
 20
8.52406
 10
2.01509
 20
8.52251
 10
2.00375
 20
8.52433
 10
2.00241
 20
8.52853
 10
2.00558
 20
8.53846
 10
2.00492
 20
8.54014
 10
1.99932
 20
8.55506
 10
1.99692
 20
8.56145
 10
1.99432
 20
8.56874
 10
1.9918
 20
8.57602
 10
1.98668
 20
8.59087
 10
1.98448
 20
8.5978
 10
1.97812
 20
8.61792
 10
1.97656
 20
8.62322
 10
1.97234
 20
8.63772
 10
1.97107
 20
8.64241
 10
1.96816
 20
8.65312
 10
1.9643
 20
8.66813
 10
1.96292
 20
8.6735
 10
1.96161
 20
8.67915
 10
1.95796
 20
8.6948
 10
1.95676
 20
8.70044
 10
1.95352
 20
8.71581
 10
1.95276
 20
8.71965
 10
1.95046
 20
8.73144
 10
1.94962
 20
8.73607
 10
1.94758
 20
8.7475
 10
1.94466
 20
8.76537
 10
1.94355
 20
8.77218
 10
1.94073
 20
8.79345
 10
1.93973
 20
8.80103
 10
1.9391
 20
8.80681
 10
1.9374
 20
8.82242
 10
1.93701
 20
8.8265
 10
1.93582
 20
8.83897
 10
1.93538
 20
8.84474
 10
1.9342
 20
8.86047
 10
1.93388
 20
8.86623
 10
1.93304
 20
8.88194
 10
1.93288
 20
8.88651
 10
1.9325
 20
8.8976
 10
1.93216
 20
8.91342
 10
1.93203
 20
8.91924
 10
1.93203
 20
8.92212
 10
1.93203
 20
8.92254
 10
1.92648
 20
8.92431
 10
1.92579
 20
8.92858
 10
1.92992
 20
8.93878
 10
1.93325
 20
8.93969
  0
LWPOLYLINE
  5
323
330
17
100
AcDbEntity
  8
KAT1_MOBILYA
100
AcDbPolyline
 90
51
 70
1
 38
7.9714
 10
2.95097
 20
-3.9651
 10
2.95295
 20
-3.9637
 10
2.95293
 20
-3.96257
 10
2.95206
 20
-3.92551
 10
2.95145
 20
-3.91502
 10
2.94848
 20
-3.8756
 10
2.94724
 20
-3.86354
 10
2.94206
 20
-3.82266
 10
2.94042
 20
-3.81148
 10
2.93326
 20
-3.77219
 10
2.93117
 20
-3.76109
 10
2.92092
 20
-3.71754
 10
2.91759
 20
-3.70347
 10
2.91296
 20
-3.68819
 10
2.89626
 20
-3.63455
 10
2.88894
 20
-3.61502
 10
2.87437
 20
-3.57741
 10
2.87226
 20
-3.57785
 10
2.86874
 20
-3.57815
 10
2.86509
 20
-3.56935
 10
2.86418
 20
-3.5661
 10
2.86899
 20
-3.56077
 10
2.87093
 20
-3.55902
 10
2.87989
 20
-3.56154
 10
2.88308
 20
-3.56286
 10
2.88226
 20
-3.57256
 10
2.88156
 20
-3.57593
 10
2.87968
 20
-3.57632
 10
2.88311
 20
-3.58326
 10
2.901
 20
-3.62997
 10
2.91155
 20
-3.66269
 10
2.91716
 20
-3.68057
 10
2.9261
 20
-3.71289
 10
2.93068
 20
-3.73253
 10
2.94003
 20
-3.77425
 10
2.9426
 20
-3.7899
 10
2.94976
 20
-3.83401
 10
2.95374
 20
-3.8694
 10
2.95511
 20
-3.88171
 10
2.9559
 20
-3.89356
 10
2.95818
 20
-3.92784
 10
2.95843
 20
-3.93959
 10
2.95777
 20
-3.96419
 10
2.96274
 20
-3.96563
 10
2.96515
 20
-3.96796
 10
2.96414
 20
-3.97777
 10
2.96324
 20
-3.98038
 10
2.95428
 20
-3.98216
 10
2.9509
 20
-3.98243
 10
2.94699
 20
-3.97388
 10
2.94598
 20
-3.97071
  0
LWPOLYLINE
  5
324
330
17
100
AcDbEntity
  8
KAT1_MOBILYA
100
AcDbPolyline
 90
10
 70
1
 38
7.9714
 10
2.07572
 20
-3.79653
 10
2.08782
 20
-3.79209
 10
2.09183
 20
-3.79025
 10
2.09613
 20
-3.79272
 10
2.10085
 20
-3.80093
 10
2.09732
 20
-3.80859
 10
2.095
 20
-3.81493
 10
2.08415
 20
-3.81378
 10
2.07876
 20
-3.8125
 10
2.07632
 20
-3.8022
  0
LWPOLYLINE
  5
325
330
17
100
AcDbEntity
  8
KAT1_MOBILYA
100
AcDbPolyline
 90
33
 70
1
 38
7.9714
 10
2.94267
 20
-3.89031
 10
2.94404
 20
-3.91168
 10
2.94576
 20
-3.94732
 10
2.94417
 20
-3.94735
 10
2.9397
 20
-3.94744
 10
2.93802
 20
-3.91108
 10
2.93739
 20
-3.89781
 10
2.93289
 20
-3.85486
 10
2.93067
 20
-3.83527
 10
2.92529
 20
-3.80012
 10
2.92233
 20
-3.78406
 10
2.91276
 20
-3.73844
 10
2.91028
 20
-3.72795
 10
2.89667
 20
-3.67914
 10
2.89366
 20
-3.66843
 10
2.8892
 20
-3.65492
 10
2.87334
 20
-3.60987
 10
2.86783
 20
-3.59606
 10
2.85734
 20
-3.57035
 10
2.86141
 20
-3.5686
 10
2.86282
 20
-3.56799
 10
2.86606
 20
-3.57584
 10
2.87483
 20
-3.59705
 10
2.88731
 20
-3.63113
 10
2.89187
 20
-3.64374
 10
2.90337
 20
-3.68057
 10
2.90693
 20
-3.69211
 10
2.91029
 20
-3.70515
 10
2.92008
 20
-3.7434
 10
2.9227
 20
-3.75618
 10
2.93137
 20
-3.79938
 10
2.93411
 20
-3.81818
 10
2.93974
 20
-3.8588
  0
LWPOLYLINE
  5
326
330
17
100
AcDbEntity
  8
KAT1_MOBILYA
100
AcDbPolyline
 90
15
 70
1
 38
7.9714
 10
2.29371
 20
-3.75065
 10
2.2941
 20
-3.75072
 10
2.29417
 20
-3.75069
 10
2.29438
 20
-3.75062
 10
2.29977
 20
-3.74971
 10
2.30187
 20
-3.74891
 10
2.30291
 20
-3.74598
 10
2.30462
 20
-3.74433
 10
2.30419
 20
-3.74297
 10
2.30017
 20
-3.73515
 10
2.29968
 20
-3.73501
 10
2.29051
 20
-3.7368
 10
2.28977
 20
-3.7375
 10
2.2883
 20
-3.74444
 10
2.28877
 20
-3.74599
  0
LWPOLYLINE
  5
327
330
17
100
AcDbEntity
  8
KAT1_MOBILYA
100
AcDbPolyline
 90
10
 70
1
 38
7.9714
 10
3.65605
 20
-3.49637
 10
3.65633
 20
-3.49558
 10
3.65626
 20
-3.49528
 10
3.65643
 20
-3.49524
 10
3.6566
 20
-3.49521
 10
3.65663
 20
-3.49461
 10
3.65674
 20
-3.49433
 10
3.66139
 20
-3.49433
 10
3.66076
 20
-3.50296
 10
3.65609
 20
-3.50356
  0
LWPOLYLINE
  5
328
330
17
100
AcDbEntity
  8
KAT1_MOBILYA
100
AcDbPolyline
 90
23
 70
1
 38
7.9714
 10
3.63922
 20
-3.50331
 10
3.65482
 20
-3.50359
 10
3.65612
 20
-3.50782
 10
3.6564
 20
-3.51208
 10
3.65652
 20
-3.51223
 10
3.65744
 20
-3.51269
 10
3.95113
 20
-3.51301
 10
4.06613
 20
-3.51196
 10
4.0663
 20
-3.50005
 10
4.06622
 20
-3.49512
 10
4.06647
 20
-3.49485
 10
4.06598
 20
-3.49487
 10
4.06495
 20
-3.49465
 10
3.77234
 20
-3.49432
 10
3.66139
 20
-3.49433
 10
3.66137
 20
-3.47266
 10
3.66161
 20
-3.46127
 10
3.66166
 20
-3.46066
 10
3.66149
 20
-3.46006
 10
3.66111
 20
-3.46059
 10
3.6455
 20
-3.46024
 10
3.63929
 20
-3.46108
 10
3.63939
 20
-3.49147
  0
LWPOLYLINE
  5
329
330
17
100
AcDbEntity
  8
KAT1_MOBILYA
100
AcDbPolyline
 90
14
 70
1
 38
7.9714
 10
4.05228
 20
-2.99934
 10
4.06454
 20
-2.99917
 10
4.0653
 20
-2.99929
 10
4.06516
 20
-3.13541
 10
4.06422
 20
-3.49066
 10
4.05984
 20
-3.49059
 10
4.04832
 20
-3.49081
 10
4.04813
 20
-3.49098
 10
4.04756
 20
-3.49092
 10
4.04711
 20
-3.49082
 10
4.04711
 20
-3.49069
 10
4.04702
 20
-3.49066
 10
4.04712
 20
-3.3549
 10
4.04752
 20
-2.99941
  0
LWPOLYLINE
  5
32A
330
17
100
AcDbEntity
  8
KAT1_MOBILYA
100
AcDbPolyline
 90
24
 70
1
 38
7.9714
 10
3.65269
 20
-3.03136
 10
3.65292
 20
-3.03174
 10
3.65299
 20
-3.03189
 10
3.65299
 20
-3.14517
 10
3.65299
 20
-3.45819
 10
3.65277
 20
-3.4586
 10
3.65269
 20
-3.45874
 10
3.6523
 20
-3.45896
 10
3.65216
 20
-3.45904
 10
3.65101
 20
-3.45904
 10
3.64784
 20
-3.45903
 10
3.64742
 20
-3.45878
 10
3.64726
 20
-3.45868
 10
3.64706
 20
-3.45834
 10
3.647
 20
-3.4582
 10
3.647
 20
-3.34492
 10
3.647
 20
-3.0319
 10
3.64718
 20
-3.03154
 10
3.64724
 20
-3.03142
 10
3.64768
 20
-3.03115
 10
3.64784
 20
-3.03106
 10
3.64899
 20
-3.03106
 10
3.65214
 20
-3.03106
 10
3.65255
 20
-3.03128
  0
LWPOLYLINE
  5
32B
330
17
100
AcDbEntity
  8
KAT1_MOBILYA
100
AcDbPolyline
 90
18
 70
1
 38
7.9714
 10
3.6389
 20
-3.0293
 10
3.63932
 20
-3.01753
 10
3.63934
 20
-2.98726
 10
3.63902
 20
-2.98657
 10
3.63931
 20
-2.98678
 10
3.63961
 20
-2.98673
 10
3.64546
 20
-2.9866
 10
3.65572
 20
-2.98649
 10
3.65559
 20
-2.98956
 10
3.65668
 20
-2.9938
 10
3.65679
 20
-2.99401
 10
3.65748
 20
-2.99502
 10
3.66162
 20
-2.99502
 10
3.66163
 20
-2.99889
 10
3.66074
 20
-3.0289
 10
3.65484
 20
-3.02933
 10
3.63915
 20
-3.02937
 10
3.6389
 20
-3.02946
  0
LWPOLYLINE
  5
32C
330
17
100
AcDbEntity
  8
KAT1_MOBILYA
100
AcDbPolyline
 90
26
 70
1
 38
7.9714
 10
3.66162
 20
-2.99502
 10
3.66077
 20
-2.98694
 10
3.66161
 20
-2.98729
 10
3.66147
 20
-2.98684
 10
3.66147
 20
-2.98612
 10
3.66025
 20
-2.98644
 10
3.65572
 20
-2.98649
 10
3.65605
 20
-2.97836
 10
3.65633
 20
-2.97757
 10
3.65626
 20
-2.97726
 10
3.65643
 20
-2.97723
 10
3.6566
 20
-2.9772
 10
3.65663
 20
-2.97659
 10
3.77235
 20
-2.9763
 10
4.06495
 20
-2.97664
 10
4.06598
 20
-2.97686
 10
4.06647
 20
-2.97683
 10
4.06622
 20
-2.9771
 10
4.06612
 20
-2.97705
 10
4.0663
 20
-2.98204
 10
4.06615
 20
-2.99397
 10
4.06592
 20
-2.99455
 10
4.06613
 20
-2.99486
 10
4.06597
 20
-2.99494
 10
4.06615
 20
-2.99525
 10
3.95103
 20
-2.99487
  0
LWPOLYLINE
  5
32D
330
17
100
AcDbEntity
  8
KAT1_MOBILYA
100
AcDbPolyline
 90
3
 70
1
 38
7.9714
 10
3.65585
 20
-2.99442
 10
3.65659
 20
-2.9941
 10
3.65637
 20
-2.99485
  0
LWPOLYLINE
  5
32E
330
17
100
AcDbEntity
  8
KAT1_MOBILYA
100
AcDbPolyline
 90
29
 70
1
 38
7.9714
 10
2.20334
 20
-2.98527
 10
2.21891
 20
-2.99002
 10
2.26555
 20
-3.0054
 10
2.27638
 20
-3.00933
 10
2.28561
 20
-3.01309
 10
2.32322
 20
-3.02988
 10
2.32146
 20
-3.0339
 10
2.31266
 20
-3.0303
 10
2.27233
 20
-3.01424
 10
2.26294
 20
-3.01081
 10
2.21722
 20
-2.99585
 10
2.20496
 20
-2.99194
 10
2.16137
 20
-2.98056
 10
2.14596
 20
-2.97658
 10
2.10454
 20
-2.96832
 10
2.08995
 20
-2.96546
 10
2.0404
 20
-2.95848
 10
2.02339
 20
-2.95613
 10
1.96438
 20
-2.95235
 10
1.94441
 20
-2.9511
 10
1.94446
 20
-2.94685
 10
1.95481
 20
-2.94576
 10
1.98272
 20
-2.94686
 10
2.03517
 20
-2.95194
 10
2.0539
 20
-2.95383
 10
2.09818
 20
-2.96107
 10
2.11349
 20
-2.96363
 10
2.14939
 20
-2.9715
 10
2.16738
 20
-2.97568
  0
LWPOLYLINE
  5
32F
330
17
100
AcDbEntity
  8
KAT1_MOBILYA
100
AcDbPolyline
 90
35
 70
1
 38
7.9714
 10
4.04346
 20
-2.30614
 10
4.04384
 20
-2.30494
 10
4.044
 20
-2.30438
 10
4.04484
 20
-2.30346
 10
4.04518
 20
-2.30308
 10
4.04647
 20
-2.30277
 10
4.04701
 20
-2.30265
 10
4.04822
 20
-2.30295
 10
4.04872
 20
-2.30308
 10
4.04962
 20
-2.30399
 10
4.05001
 20
-2.30438
 10
4.05038
 20
-2.30558
 10
4.05055
 20
-2.30614
 10
4.05469
 20
-2.30777
 10
4.05752
 20
-2.30853
 10
4.06148
 20
-2.31247
 10
4.06375
 20
-2.31475
 10
4.06508
 20
-2.31984
 10
4.066
 20
-2.32332
 10
4.06476
 20
-2.32804
 10
4.06375
 20
-2.33188
 10
4.06053
 20
-2.33508
 10
4.05752
 20
-2.33811
 10
4.05332
 20
-2.33924
 10
4.04904
 20
-2.34039
 10
4.04482
 20
-2.33925
 10
4.04057
 20
-2.33811
 10
4.03725
 20
-2.33486
 10
4.03424
 20
-2.33188
 10
4.03296
 20
-2.32704
 10
4.03198
 20
-2.32332
 10
4.03336
 20
-2.31805
 10
4.03424
 20
-2.31475
 10
4.03837
 20
-2.31071
 10
4.04057
 20
-2.30853
  0
LWPOLYLINE
  5
330
330
17
100
AcDbEntity
  8
KAT1_MOBILYA
100
AcDbPolyline
 90
15
 70
1
 38
7.9714
 10
4.04346
 20
-2.30614
 10
4.04625
 20
-2.307
 10
4.04904
 20
-2.30625
 10
4.0504
 20
-2.30662
 10
4.05018
 20
-2.30733
 10
4.05001
 20
-2.30789
 10
4.04914
 20
-2.30876
 10
4.04872
 20
-2.30915
 10
4.04757
 20
-2.30951
 10
4.04701
 20
-2.30969
 10
4.04578
 20
-2.30933
 10
4.04518
 20
-2.30915
 10
4.04438
 20
-2.30827
 10
4.044
 20
-2.30789
 10
4.04363
 20
-2.30667
  0
LWPOLYLINE
  5
331
330
17
100
AcDbEntity
  8
KAT1_MOBILYA
100
AcDbPolyline
 90
55
 70
1
 38
7.9714
 10
4.044
 20
-1.69804
 10
4.0448
 20
-1.69724
 10
4.04518
 20
-1.69685
 10
4.04641
 20
-1.69649
 10
4.04701
 20
-1.69631
 10
4.04816
 20
-1.69667
 10
4.04872
 20
-1.69685
 10
4.04959
 20
-1.69766
 10
4.05001
 20
-1.69804
 10
4.05038
 20
-1.69932
 10
4.0504
 20
-1.69939
 10
4.05184
 20
-1.699
 10
4.05752
 20
-1.69747
 10
4.05969
 20
-1.69529
 10
4.06375
 20
-1.69125
 10
4.06462
 20
-1.68795
 10
4.066
 20
-1.68268
 10
4.06502
 20
-1.67896
 10
4.06375
 20
-1.67412
 10
4.06078
 20
-1.67113
 10
4.05752
 20
-1.66789
 10
4.05327
 20
-1.66675
 10
4.04904
 20
-1.66561
 10
4.04477
 20
-1.66676
 10
4.04057
 20
-1.66789
 10
4.03751
 20
-1.67092
 10
4.03424
 20
-1.67412
 10
4.03323
 20
-1.67795
 10
4.03198
 20
-1.68268
 10
4.0329
 20
-1.68616
 10
4.03424
 20
-1.69125
 10
4.03654
 20
-1.69353
 10
4.04057
 20
-1.69747
 10
4.0434
 20
-1.69823
 10
4.04391
 20
-1.69837
 10
4.04383
 20
-1.69863
 10
4.04346
 20
-1.69989
 10
4.04363
 20
-1.70042
 10
4.044
 20
-1.70162
 10
4.04435
 20
-1.70201
 10
4.04518
 20
-1.70292
 10
4.04571
 20
-1.70305
 10
4.04701
 20
-1.70335
 10
4.04751
 20
-1.70323
 10
4.04872
 20
-1.70292
 10
4.0491
 20
-1.70254
 10
4.05001
 20
-1.70162
 10
4.05017
 20
-1.70109
 10
4.05055
 20
-1.69989
 10
4.0504
 20
-1.69939
 10
4.04904
 20
-1.69975
 10
4.0495
 20
-1.69801
 10
4.04928
 20
-1.69769
 10
4.04486
 20
-1.6981
 10
4.04396
 20
-1.69818
  0
LWPOLYLINE
  5
332
330
17
100
AcDbEntity
  8
KAT1_MOBILYA
100
AcDbPolyline
 90
56
 70
1
 38
7.9714
 10
2.41556
 20
3.93798
 10
2.41556
 20
3.93747
 10
2.41579
 20
3.93724
 10
2.4163
 20
3.93673
 10
2.41653
 20
3.93673
 10
2.41704
 20
3.93673
 10
2.41727
 20
3.9365
 10
2.41778
 20
3.936
 10
2.41801
 20
3.936
 10
2.41852
 20
3.936
 10
2.43171
 20
3.936
 10
2.43774
 20
3.936
 10
2.43798
 20
3.936
 10
2.43848
 20
3.936
 10
2.43872
 20
3.93623
 10
2.43922
 20
3.93673
 10
2.43946
 20
3.93673
 10
2.43996
 20
3.93673
 10
2.43996
 20
3.93697
 10
2.43996
 20
3.93747
 10
2.44019
 20
3.93771
 10
2.4407
 20
3.93821
 10
2.4407
 20
3.93845
 10
2.4407
 20
3.93895
 10
2.4407
 20
3.9562
 10
2.4407
 20
3.9641
 10
2.4407
 20
3.96433
 10
2.4407
 20
3.96484
 10
2.44047
 20
3.96507
 10
2.43996
 20
3.96557
 10
2.43996
 20
3.96581
 10
2.43996
 20
3.96631
 10
2.43973
 20
3.96631
 10
2.43922
 20
3.96631
 10
2.43899
 20
3.96655
 10
2.43848
 20
3.96705
 10
2.43825
 20
3.96705
 10
2.43774
 20
3.96705
 10
2.42455
 20
3.96705
 10
2.41852
 20
3.96705
 10
2.41829
 20
3.96705
 10
2.41778
 20
3.96705
 10
2.41755
 20
3.96682
 10
2.41704
 20
3.96631
 10
2.41681
 20
3.96631
 10
2.4163
 20
3.96631
 10
2.41607
 20
3.96608
 10
2.41556
 20
3.96557
 10
2.41556
 20
3.96534
 10
2.41556
 20
3.96484
 10
2.41556
 20
3.9646
 10
2.41556
 20
3.9641
 10
2.41556
 20
3.94685
 10
2.41556
 20
3.93895
 10
2.41556
 20
3.93872
 10
2.41556
 20
3.93821
  0
LWPOLYLINE
  5
333
330
17
100
AcDbEntity
  8
KAT1_MOBILYA
100
AcDbPolyline
 90
3
 70
1
 38
7.9714
 10
2.02955
 20
3.96461
 10
2.03029
 20
3.9641
 10
2.02978
 20
3.9641
  0
LWPOLYLINE
  5
334
330
17
100
AcDbEntity
  8
KAT1_MOBILYA
100
AcDbPolyline
 90
4
 70
1
 38
7.9714
 10
2.02904
 20
3.96484
 10
2.02955
 20
3.96484
 10
2.0283
 20
3.96535
 10
2.02881
 20
3.96484
  0
LWPOLYLINE
  5
335
330
17
100
AcDbEntity
  8
KAT1_MOBILYA
100
AcDbPolyline
 90
54
 70
1
 38
7.9714
 10
1.96595
 20
3.98702
 10
1.96646
 20
3.98702
 10
1.96669
 20
3.98702
 10
1.97342
 20
3.98702
 10
1.98814
 20
3.98702
 10
1.98864
 20
3.98702
 10
1.98888
 20
3.98702
 10
1.98938
 20
3.98651
 10
1.98962
 20
3.98628
 10
1.99012
 20
3.98628
 10
1.99036
 20
3.98628
 10
1.99036
 20
3.98577
 10
1.99036
 20
3.98554
 10
1.99036
 20
3.98503
 10
1.99036
 20
3.9848
 10
1.99086
 20
3.98429
 10
1.99109
 20
3.98406
 10
1.99109
 20
3.97803
 10
1.99109
 20
3.96484
 10
1.99059
 20
3.96433
 10
1.99036
 20
3.9641
 10
1.99036
 20
3.96359
 10
1.99036
 20
3.96336
 10
1.99036
 20
3.96285
 10
1.99036
 20
3.96262
 10
1.98985
 20
3.96211
 10
1.98962
 20
3.96188
 10
1.98911
 20
3.96188
 10
1.98888
 20
3.96188
 10
1.98837
 20
3.96188
 10
1.98814
 20
3.96188
 10
1.9814
 20
3.96188
 10
1.96669
 20
3.96188
 10
1.96618
 20
3.96188
 10
1.96595
 20
3.96188
 10
1.96544
 20
3.96188
 10
1.96521
 20
3.96188
 10
1.96521
 20
3.96238
 10
1.96521
 20
3.96262
 10
1.9647
 20
3.96312
 10
1.96447
 20
3.96336
 10
1.96447
 20
3.96386
 10
1.96447
 20
3.9641
 10
1.96397
 20
3.9646
 10
1.96373
 20
3.96484
 10
1.96373
 20
3.97087
 10
1.96373
 20
3.98406
 10
1.96424
 20
3.98457
 10
1.96447
 20
3.9848
 10
1.96447
 20
3.98531
 10
1.96447
 20
3.98554
 10
1.96498
 20
3.98605
 10
1.96521
 20
3.98628
 10
1.96572
 20
3.98679
  0
LWPOLYLINE
  5
336
330
17
100
AcDbEntity
  8
KAT1_MOBILYA
100
AcDbPolyline
 90
4
 70
1
 38
7.9714
 10
2.43033
 20
4.09292
 10
2.43316
 20
4.37245
 10
2.43384
 20
4.24688
 10
2.43432
 20
3.96781
  0
LWPOLYLINE
  5
337
330
17
100
AcDbEntity
  8
KAT1_MOBILYA
100
AcDbPolyline
 90
56
 70
1
 38
7.9714
 10
2.44019
 20
4.37474
 10
2.4407
 20
4.37525
 10
2.4407
 20
4.37548
 10
2.4407
 20
4.37599
 10
2.4407
 20
4.39324
 10
2.4407
 20
4.40113
 10
2.4407
 20
4.40136
 10
2.4407
 20
4.40187
 10
2.44047
 20
4.4021
 10
2.43996
 20
4.40261
 10
2.43996
 20
4.40284
 10
2.43996
 20
4.40335
 10
2.43973
 20
4.40335
 10
2.43922
 20
4.40335
 10
2.43899
 20
4.40358
 10
2.43848
 20
4.40409
 10
2.43825
 20
4.40409
 10
2.43774
 20
4.40409
 10
2.42455
 20
4.40409
 10
2.41852
 20
4.40409
 10
2.41829
 20
4.40409
 10
2.41778
 20
4.40409
 10
2.41755
 20
4.40386
 10
2.41704
 20
4.40335
 10
2.41681
 20
4.40335
 10
2.4163
 20
4.40335
 10
2.41607
 20
4.40312
 10
2.41556
 20
4.40261
 10
2.41556
 20
4.40238
 10
2.41556
 20
4.40187
 10
2.41556
 20
4.40164
 10
2.41556
 20
4.40113
 10
2.41556
 20
4.38388
 10
2.41556
 20
4.37599
 10
2.41556
 20
4.37576
 10
2.41556
 20
4.37525
 10
2.41556
 20
4.37502
 10
2.41556
 20
4.37451
 10
2.41579
 20
4.37428
 10
2.4163
 20
4.37377
 10
2.41653
 20
4.37354
 10
2.41704
 20
4.37303
 10
2.41727
 20
4.37303
 10
2.41778
 20
4.37303
 10
2.41801
 20
4.37303
 10
2.41852
 20
4.37303
 10
2.43171
 20
4.37303
 10
2.43774
 20
4.37303
 10
2.43798
 20
4.37303
 10
2.43848
 20
4.37303
 10
2.43872
 20
4.37303
 10
2.43922
 20
4.37303
 10
2.43946
 20
4.37326
 10
2.43996
 20
4.37377
 10
2.43996
 20
4.374
 10
2.43996
 20
4.37451
  0
LWPOLYLINE
  5
338
330
17
100
AcDbEntity
  8
KAT1_MOBILYA
100
AcDbPolyline
 90
54
 70
1
 38
7.9714
 10
2.4407
 20
3.48491
 10
2.4407
 20
3.47628
 10
2.44366
 20
3.47234
 10
2.63224
 20
3.47234
 10
3.02194
 20
3.47483
 10
3.02194
 20
5.82464
 10
2.8474
 20
5.82834
 10
2.44316
 20
5.82834
 10
2.4407
 20
5.81577
 10
2.4407
 20
5.81503
 10
2.44019
 20
5.81452
 10
2.43996
 20
5.81429
 10
2.43946
 20
5.81378
 10
2.43922
 20
5.81355
 10
2.43897
 20
5.8133
 10
2.43872
 20
5.81304
 10
2.43848
 20
5.81281
 10
2.43774
 20
5.81281
 10
2.43678
 20
5.8123
 10
2.437
 20
5.81207
 10
2.43752
 20
5.81156
 10
2.43774
 20
5.81133
 10
2.43774
 20
5.40831
 10
2.43723
 20
5.4078
 10
2.437
 20
5.40757
 10
2.43774
 20
5.40683
 10
2.43922
 20
5.40683
 10
2.43973
 20
5.40633
 10
2.43996
 20
5.40609
 10
2.43996
 20
5.40535
 10
2.44047
 20
5.40485
 10
2.4407
 20
5.40461
 10
2.4407
 20
5.37799
 10
2.44019
 20
5.37749
 10
2.43996
 20
5.37725
 10
2.43946
 20
5.37675
 10
2.43848
 20
5.37577
 10
2.41778
 20
5.37577
 10
2.41727
 20
5.37628
 10
2.41704
 20
5.37651
 10
2.41653
 20
5.37702
 10
2.4163
 20
5.37725
 10
2.41556
 20
5.37725
 10
2.41556
 20
5.40535
 10
2.41607
 20
5.40586
 10
2.4163
 20
5.40609
 10
2.41681
 20
5.4066
 10
2.41704
 20
5.40683
 10
2.42455
 20
5.40683
 10
2.42665
 20
5.40757
 10
2.42665
 20
5.40831
 10
2.42614
 20
5.40882
 10
2.42591
 20
5.40905
 10
2.42591
 20
5.53329
  0
LWPOLYLINE
  5
339
330
17
100
AcDbEntity
  8
KAT1_MOBILYA
100
AcDbPolyline
 90
116
 70
1
 38
7.9714
 10
2.4407
 20
3.48491
 10
2.44047
 20
3.48514
 10
2.43996
 20
3.48565
 10
2.43996
 20
3.48639
 10
2.43922
 20
3.48639
 10
2.43899
 20
3.48662
 10
2.43848
 20
3.48713
 10
2.43626
 20
3.48713
 10
2.43649
 20
3.48736
 10
2.437
 20
3.48787
 10
2.43723
 20
3.48809
 10
2.43774
 20
3.48861
 10
2.43774
 20
3.89163
 10
2.43752
 20
3.89185
 10
2.43626
 20
3.89237
 10
2.43604
 20
3.89259
 10
2.43678
 20
3.89237
 10
2.437
 20
3.89237
 10
2.43774
 20
3.89311
 10
2.43922
 20
3.89311
 10
2.43946
 20
3.89334
 10
2.43996
 20
3.89384
 10
2.43996
 20
3.89458
 10
2.44019
 20
3.89482
 10
2.4407
 20
3.89532
 10
2.4407
 20
3.92195
 10
2.44047
 20
3.92218
 10
2.43996
 20
3.92268
 10
2.43996
 20
3.92342
 10
2.43922
 20
3.92342
 10
2.43899
 20
3.92366
 10
2.43848
 20
3.92416
 10
2.41778
 20
3.92416
 10
2.41704
 20
3.92342
 10
2.4163
 20
3.92342
 10
2.41556
 20
3.92268
 10
2.41556
 20
3.89458
 10
2.4163
 20
3.89384
 10
2.41653
 20
3.89361
 10
2.41704
 20
3.89311
 10
2.41852
 20
3.89311
 10
2.42591
 20
3.89015
 10
2.42591
 20
3.48986
 10
2.42455
 20
3.48713
 10
2.41778
 20
3.48713
 10
2.41704
 20
3.48639
 10
2.4163
 20
3.48639
 10
2.41556
 20
3.48565
 10
2.41556
 20
3.46692
 10
2.41556
 20
3.45755
 10
2.41704
 20
3.45607
 10
2.43848
 20
3.45607
 10
2.43996
 20
3.45385
 10
2.43996
 20
3.45311
 10
2.4402
 20
3.45288
 10
2.4407
 20
3.45237
 10
2.44094
 20
3.4519
 10
2.44144
 20
3.45089
 10
2.44168
 20
3.45066
 10
2.44218
 20
3.45015
 10
3.03821
 20
3.45015
 10
3.03844
 20
3.45039
 10
3.03895
 20
3.45089
 10
3.03918
 20
3.45136
 10
3.03969
 20
3.45237
 10
3.03969
 20
3.47012
 10
3.03945
 20
3.47035
 10
3.03895
 20
3.47086
 10
3.03871
 20
3.47109
 10
3.03821
 20
3.4716
 10
3.03673
 20
3.4716
 10
3.03649
 20
3.47183
 10
3.03599
 20
3.47234
 10
3.03821
 20
3.47234
 10
3.03895
 20
3.47308
 10
3.03969
 20
3.47308
 10
3.03969
 20
5.82686
 10
3.03895
 20
5.82686
 10
3.03871
 20
5.82709
 10
3.03821
 20
5.8276
 10
3.03774
 20
5.82783
 10
3.0372
 20
5.82834
 10
3.03821
 20
5.82834
 10
3.03844
 20
5.82858
 10
3.03895
 20
5.82908
 10
3.03918
 20
5.82931
 10
3.03969
 20
5.82982
 10
3.03969
 20
5.84831
 10
3.03945
 20
5.84854
 10
3.03895
 20
5.84905
 10
3.03871
 20
5.84928
 10
3.03821
 20
5.84978
 10
2.44218
 20
5.84978
 10
2.44195
 20
5.84955
 10
2.44144
 20
5.84905
 10
2.44121
 20
5.84881
 10
2.4407
 20
5.84831
 10
2.44047
 20
5.84784
 10
2.43996
 20
5.84683
 10
2.43996
 20
5.84609
 10
2.43774
 20
5.84387
 10
2.41704
 20
5.84387
 10
2.41681
 20
5.84364
 10
2.4163
 20
5.84313
 10
2.41607
 20
5.8429
 10
2.41556
 20
5.84239
 10
2.41556
 20
5.82366
 10
2.41556
 20
5.81429
 10
2.4163
 20
5.81429
 10
2.41653
 20
5.81406
 10
2.41704
 20
5.81355
 10
2.41727
 20
5.81332
 10
2.41778
 20
5.81281
 10
2.41852
 20
5.81281
 10
2.42642
 20
5.8111
 10
2.42665
 20
5.81133
  0
LWPOLYLINE
  5
33A
330
17
100
AcDbEntity
  8
KAT1_MOBILYA
100
AcDbPolyline
 90
5
 70
1
 38
7.9714
 10
2.42665
 20
5.40757
 10
2.42739
 20
5.40757
 10
2.42762
 20
5.40734
 10
2.42813
 20
5.40683
 10
2.42688
 20
5.40757
  0
LWPOLYLINE
  5
33B
330
17
100
AcDbEntity
  8
KAT1_MOBILYA
100
AcDbPolyline
 90
3
 70
1
 38
7.9714
 10
2.4407
 20
3.47012
 10
2.44132
 20
3.47074
 10
2.44121
 20
3.47062
  0
LWPOLYLINE
  5
33C
330
17
100
AcDbEntity
  8
KAT1_MOBILYA
100
AcDbPolyline
 90
3
 70
1
 38
7.9714
 10
2.43996
 20
5.83204
 10
2.43996
 20
5.83157
 10
2.4407
 20
5.83302
  0
LWPOLYLINE
  5
33D
330
17
100
AcDbEntity
  8
KAT1_MOBILYA
100
AcDbPolyline
 90
3
 70
1
 38
7.9714
 10
3.02256
 20
5.82674
 10
3.02318
 20
5.82737
 10
3.02268
 20
5.82686
  0
LWPOLYLINE
  5
33E
330
17
100
AcDbEntity
  8
KAT1_MOBILYA
100
AcDbPolyline
 90
136
 70
1
 38
7.9714
 10
2.4407
 20
4.44476
 10
2.4407
 20
4.44425
 10
2.4407
 20
4.44402
 10
2.4407
 20
4.43613
 10
2.4407
 20
4.41888
 10
2.4407
 20
4.41837
 10
2.4407
 20
4.41814
 10
2.44019
 20
4.41763
 10
2.43996
 20
4.4174
 10
2.43996
 20
4.41689
 10
2.43996
 20
4.41666
 10
2.43946
 20
4.41666
 10
2.43922
 20
4.41666
 10
2.43872
 20
4.41615
 10
2.43848
 20
4.41592
 10
2.43798
 20
4.41592
 10
2.43774
 20
4.41592
 10
2.43171
 20
4.41592
 10
2.41852
 20
4.41592
 10
2.41801
 20
4.41592
 10
2.41778
 20
4.41592
 10
2.41727
 20
4.41643
 10
2.41704
 20
4.41666
 10
2.41653
 20
4.41666
 10
2.4163
 20
4.41666
 10
2.41579
 20
4.41717
 10
2.41556
 20
4.4174
 10
2.41556
 20
4.41791
 10
2.41556
 20
4.41814
 10
2.41556
 20
4.41865
 10
2.41556
 20
4.41888
 10
2.41556
 20
4.42677
 10
2.41556
 20
4.44402
 10
2.41556
 20
4.44453
 10
2.41556
 20
4.44476
 10
2.41556
 20
4.44527
 10
2.41556
 20
4.4455
 10
2.41607
 20
4.44601
 10
2.4163
 20
4.44624
 10
2.41681
 20
4.44624
 10
2.41704
 20
4.44624
 10
2.41755
 20
4.44675
 10
2.41778
 20
4.44698
 10
2.41829
 20
4.44698
 10
2.41852
 20
4.44698
 10
2.42455
 20
4.44698
 10
2.42591
 20
4.44994
 10
2.42591
 20
4.57343
 10
2.42591
 20
4.85
 10
2.41852
 20
4.85296
 10
2.41801
 20
4.85296
 10
2.41778
 20
4.85296
 10
2.41727
 20
4.85347
 10
2.41704
 20
4.8537
 10
2.41653
 20
4.8537
 10
2.4163
 20
4.8537
 10
2.41579
 20
4.8542
 10
2.41556
 20
4.85444
 10
2.41556
 20
4.85494
 10
2.41556
 20
4.85518
 10
2.41556
 20
4.85568
 10
2.41556
 20
4.85592
 10
2.41556
 20
4.86381
 10
2.41556
 20
4.88106
 10
2.41556
 20
4.88157
 10
2.41556
 20
4.8818
 10
2.41556
 20
4.88231
 10
2.41556
 20
4.88254
 10
2.41607
 20
4.88304
 10
2.4163
 20
4.88328
 10
2.41681
 20
4.88328
 10
2.41704
 20
4.88328
 10
2.41755
 20
4.88378
 10
2.41778
 20
4.88402
 10
2.41829
 20
4.88402
 10
2.41852
 20
4.88402
 10
2.42455
 20
4.88402
 10
2.43774
 20
4.88402
 10
2.43825
 20
4.88402
 10
2.43848
 20
4.88402
 10
2.43899
 20
4.88351
 10
2.43922
 20
4.88328
 10
2.43973
 20
4.88328
 10
2.43996
 20
4.88328
 10
2.43996
 20
4.88277
 10
2.43996
 20
4.88254
 10
2.44047
 20
4.88203
 10
2.4407
 20
4.8818
 10
2.4407
 20
4.88129
 10
2.4407
 20
4.88106
 10
2.4407
 20
4.87317
 10
2.4407
 20
4.85592
 10
2.4407
 20
4.85541
 10
2.4407
 20
4.85518
 10
2.44019
 20
4.85467
 10
2.43996
 20
4.85444
 10
2.43996
 20
4.85393
 10
2.43996
 20
4.8537
 10
2.43946
 20
4.8537
 10
2.43923
 20
4.8537
 10
2.43922
 20
4.8537
 10
2.43872
 20
4.85319
 10
2.43848
 20
4.85296
 10
2.43798
 20
4.85296
 10
2.43774
 20
4.85296
 10
2.43626
 20
4.85296
 10
2.43678
 20
4.85245
 10
2.437
 20
4.85222
 10
2.43752
 20
4.85171
 10
2.43774
 20
4.85148
 10
2.43774
 20
4.85097
 10
2.43774
 20
4.85074
 10
2.43774
 20
4.85023
 10
2.43774
 20
4.85
 10
2.43774
 20
4.7265
 10
2.43774
 20
4.44994
 10
2.43774
 20
4.44943
 10
2.43774
 20
4.4492
 10
2.43774
 20
4.44869
 10
2.43774
 20
4.44846
 10
2.43723
 20
4.44795
 10
2.437
 20
4.44772
 10
2.43649
 20
4.44772
 10
2.43626
 20
4.44772
 10
2.43575
 20
4.44721
 10
2.43553
 20
4.44698
 10
2.43774
 20
4.44698
 10
2.43825
 20
4.44698
 10
2.43848
 20
4.44698
 10
2.43899
 20
4.44647
 10
2.43922
 20
4.44624
 10
2.43973
 20
4.44624
 10
2.43996
 20
4.44624
 10
2.43996
 20
4.44573
 10
2.43996
 20
4.4455
 10
2.44047
 20
4.44499
  0
LWPOLYLINE
  5
33F
330
17
100
AcDbEntity
  8
KAT1_MOBILYA
100
AcDbPolyline
 90
65
 70
1
 38
7.9714
 10
2.43058
 20
4.92768
 10
2.43212
 20
4.92807
 10
2.43029
 20
5.05298
 10
2.43384
 20
5.20688
 10
2.43432
 20
4.92781
 10
2.43421
 20
4.9278
 10
2.43361
 20
4.92751
 10
2.43254
 20
4.92691
 10
2.43774
 20
4.92691
 10
2.43825
 20
4.92691
 10
2.43848
 20
4.92691
 10
2.43899
 20
4.92691
 10
2.43922
 20
4.92691
 10
2.43973
 20
4.9264
 10
2.43996
 20
4.92617
 10
2.43996
 20
4.92566
 10
2.43996
 20
4.92543
 10
2.44047
 20
4.92492
 10
2.4407
 20
4.92469
 10
2.4407
 20
4.92418
 10
2.4407
 20
4.92395
 10
2.4407
 20
4.91606
 10
2.4407
 20
4.89881
 10
2.4407
 20
4.8983
 10
2.4407
 20
4.89807
 10
2.44019
 20
4.89756
 10
2.43996
 20
4.89733
 10
2.43996
 20
4.89682
 10
2.43996
 20
4.89659
 10
2.43946
 20
4.89659
 10
2.43922
 20
4.89659
 10
2.43872
 20
4.89608
 10
2.43848
 20
4.89585
 10
2.43798
 20
4.89585
 10
2.43774
 20
4.89585
 10
2.43171
 20
4.89585
 10
2.41852
 20
4.89585
 10
2.41801
 20
4.89585
 10
2.41778
 20
4.89585
 10
2.41727
 20
4.89636
 10
2.41704
 20
4.89659
 10
2.41653
 20
4.89659
 10
2.4163
 20
4.89659
 10
2.41579
 20
4.89709
 10
2.41556
 20
4.89733
 10
2.41556
 20
4.89783
 10
2.41556
 20
4.89807
 10
2.41556
 20
4.89857
 10
2.41556
 20
4.89881
 10
2.41556
 20
4.9067
 10
2.41556
 20
4.92395
 10
2.41556
 20
4.92446
 10
2.41556
 20
4.92469
 10
2.41556
 20
4.9252
 10
2.41556
 20
4.92543
 10
2.41607
 20
4.92593
 10
2.4163
 20
4.92617
 10
2.41681
 20
4.92667
 10
2.41704
 20
4.92691
 10
2.41755
 20
4.92691
 10
2.41778
 20
4.92691
 10
2.41829
 20
4.92691
 10
2.41852
 20
4.92691
 10
2.42455
 20
4.92691
 10
2.43197
 20
4.92691
  0
LWPOLYLINE
  5
340
330
17
100
AcDbEntity
  8
KAT1_MOBILYA
100
AcDbPolyline
 90
56
 70
1
 38
7.9714
 10
2.4407
 20
5.36172
 10
2.4407
 20
5.36122
 10
2.4407
 20
5.36098
 10
2.4407
 20
5.35309
 10
2.4407
 20
5.33584
 10
2.4407
 20
5.33534
 10
2.4407
 20
5.3351
 10
2.44019
 20
5.3346
 10
2.43996
 20
5.33436
 10
2.43996
 20
5.33386
 10
2.43996
 20
5.33362
 10
2.43946
 20
5.33362
 10
2.43922
 20
5.33362
 10
2.43872
 20
5.33312
 10
2.43848
 20
5.33288
 10
2.43798
 20
5.33288
 10
2.43774
 20
5.33288
 10
2.43171
 20
5.33288
 10
2.41852
 20
5.33288
 10
2.41801
 20
5.33288
 10
2.41778
 20
5.33288
 10
2.41727
 20
5.33339
 10
2.41704
 20
5.33362
 10
2.41653
 20
5.33362
 10
2.4163
 20
5.33362
 10
2.41579
 20
5.33413
 10
2.41556
 20
5.33436
 10
2.41556
 20
5.33487
 10
2.41556
 20
5.3351
 10
2.41556
 20
5.33561
 10
2.41556
 20
5.33584
 10
2.41556
 20
5.34373
 10
2.41556
 20
5.36098
 10
2.41556
 20
5.36149
 10
2.41556
 20
5.36172
 10
2.41556
 20
5.36223
 10
2.41556
 20
5.36246
 10
2.41607
 20
5.36297
 10
2.4163
 20
5.3632
 10
2.41681
 20
5.36371
 10
2.41704
 20
5.36394
 10
2.41755
 20
5.36394
 10
2.41778
 20
5.36394
 10
2.41829
 20
5.36394
 10
2.41852
 20
5.36394
 10
2.42455
 20
5.36394
 10
2.43774
 20
5.36394
 10
2.43825
 20
5.36394
 10
2.43848
 20
5.36394
 10
2.43899
 20
5.36394
 10
2.43922
 20
5.36394
 10
2.43973
 20
5.36344
 10
2.43996
 20
5.3632
 10
2.43996
 20
5.3627
 10
2.43996
 20
5.36246
 10
2.44047
 20
5.36196
  0
LWPOLYLINE
  5
341
330
17
100
AcDbEntity
  8
KAT1_MOBILYA
100
AcDbPolyline
 90
88
 70
1
 38
7.9714
 10
2.92
 20
7.85575
 10
2.9403
 20
7.85423
 10
2.94765
 20
7.85383
 10
2.96942
 20
7.85266
 10
2.97235
 20
7.85256
 10
2.99351
 20
7.85209
 10
2.99929
 20
7.85196
 10
3.00112
 20
7.85196
 10
3.00155
 20
7.84924
 10
3.01273
 20
7.84567
 10
3.01693
 20
7.84701
 10
3.01874
 20
7.85835
 10
3.01719
 20
7.86219
 10
3.00833
 20
7.86462
 10
3.00499
 20
7.86371
 10
3.00268
 20
7.858
 10
2.98855
 20
7.85815
 10
2.98158
 20
7.85838
 10
2.96125
 20
7.85908
 10
2.95563
 20
7.85938
 10
2.94454
 20
7.85996
 10
2.93195
 20
7.86082
 10
2.92719
 20
7.86118
 10
2.90644
 20
7.86298
 10
2.89971
 20
7.86358
 10
2.87822
 20
7.86614
 10
2.87063
 20
7.86704
 10
2.86493
 20
7.86785
 10
2.84565
 20
7.87062
 10
2.84195
 20
7.87119
 10
2.82482
 20
7.87406
 10
2.81919
 20
7.87504
 10
2.80363
 20
7.878
 10
2.79718
 20
7.87928
 10
2.78733
 20
7.88134
 10
2.77235
 20
7.88469
 10
2.76535
 20
7.88625
 10
2.7504
 20
7.88991
 10
2.74378
 20
7.89155
 10
2.73041
 20
7.89504
 10
2.72534
 20
7.8964
 10
2.70943
 20
7.90094
 10
2.70305
 20
7.9028
 10
2.69386
 20
7.90561
 10
2.67874
 20
7.91045
 10
2.67193
 20
7.91263
 10
2.66606
 20
7.91465
 10
2.65137
 20
7.91972
 10
2.6376
 20
7.92471
 10
2.63225
 20
7.92667
 10
2.6186
 20
7.932
 10
2.6191
 20
7.93487
 10
2.6184
 20
7.93893
 10
2.60759
 20
7.9408
 10
2.60353
 20
7.94009
 10
2.60166
 20
7.92929
 10
2.60236
 20
7.92522
 10
2.61317
 20
7.92336
 10
2.61723
 20
7.92406
 10
2.61763
 20
7.92639
 10
2.62062
 20
7.92473
 10
2.62519
 20
7.92294
 10
2.63611
 20
7.91889
 10
2.63967
 20
7.91758
 10
2.65451
 20
7.91229
 10
2.65996
 20
7.91035
 10
2.67497
 20
7.9054
 10
2.68195
 20
7.9031
 10
2.69112
 20
7.9002
 10
2.69749
 20
7.89827
 10
2.71334
 20
7.89357
 10
2.71664
 20
7.89265
 10
2.73716
 20
7.8871
 10
2.74274
 20
7.88559
 10
2.76398
 20
7.88044
 10
2.77195
 20
7.87851
 10
2.77822
 20
7.87719
 10
2.79819
 20
7.87299
 10
2.80283
 20
7.87209
 10
2.81569
 20
7.86965
 10
2.83352
 20
7.86653
 10
2.84096
 20
7.86523
 10
2.84877
 20
7.86411
 10
2.86987
 20
7.86109
 10
2.87689
 20
7.86025
 10
2.89551
 20
7.85802
 10
2.90827
 20
7.85674
 10
2.91282
 20
7.85629
  0
LWPOLYLINE
  5
342
330
17
100
AcDbEntity
  8
KAT1_MOBILYA
100
AcDbPolyline
 90
74
 70
1
 38
7.9714
 10
2.72839
 20
7.90393
 10
2.74672
 20
7.89913
 10
2.75337
 20
7.89739
 10
2.76826
 20
7.89384
 10
2.77378
 20
7.89252
 10
2.77942
 20
7.89131
 10
2.7973
 20
7.88748
 10
2.80165
 20
7.88661
 10
2.81469
 20
7.88408
 10
2.8222
 20
7.88273
 10
2.83994
 20
7.87959
 10
2.84766
 20
7.87846
 10
2.87242
 20
7.87487
 10
2.87518
 20
7.8745
 10
2.89676
 20
7.87208
 10
2.90371
 20
7.87131
 10
2.92597
 20
7.86934
 10
2.93432
 20
7.86861
 10
2.95516
 20
7.86744
 10
2.96258
 20
7.86702
 10
2.97799
 20
7.86651
 10
2.98367
 20
7.86793
 10
2.98376
 20
7.87228
 10
2.98092
 20
7.87238
 10
2.97319
 20
7.87263
 10
2.96567
 20
7.87298
 10
2.9442
 20
7.87398
 10
2.93655
 20
7.87457
 10
2.91964
 20
7.87587
 10
2.90807
 20
7.87692
 10
2.9034
 20
7.87738
 10
2.88453
 20
7.87947
 10
2.87903
 20
7.88009
 10
2.8762
 20
7.88046
 10
2.8684
 20
7.8815
 10
2.86168
 20
7.88249
 10
2.84647
 20
7.88471
 10
2.8344
 20
7.88664
 10
2.82995
 20
7.88738
 10
2.82619
 20
7.88806
 10
2.81545
 20
7.88998
 10
2.8042
 20
7.89217
 10
2.7994
 20
7.89314
 10
2.78071
 20
7.89713
 10
2.77548
 20
7.89826
 10
2.75727
 20
7.90264
 10
2.7508
 20
7.90419
 10
2.74514
 20
7.90568
 10
2.72897
 20
7.90997
 10
2.72463
 20
7.9112
 10
2.71414
 20
7.9142
 10
2.70875
 20
7.91583
 10
2.68916
 20
7.92177
 10
2.68631
 20
7.92267
 10
2.67017
 20
7.92811
 10
2.66496
 20
7.92988
 10
2.65962
 20
7.93176
 10
2.64421
 20
7.9372
 10
2.63893
 20
7.93921
 10
2.62457
 20
7.94468
 10
2.6193
 20
7.94681
 10
2.60496
 20
7.95262
 10
2.60334
 20
7.94852
 10
2.60275
 20
7.94701
 10
2.61749
 20
7.94104
 10
2.62277
 20
7.93891
 10
2.62779
 20
7.937
 10
2.64318
 20
7.93119
 10
2.64832
 20
7.92935
 10
2.66491
 20
7.92348
 10
2.6681
 20
7.92241
 10
2.691
 20
7.91497
 10
2.69839
 20
7.91258
 10
2.72059
 20
7.90617
  0
LWPOLYLINE
  5
343
330
17
100
AcDbEntity
  8
KAT1_MOBILYA
100
AcDbPolyline
 90
8
 70
1
 38
7.9714
 10
2.64037
 20
8.64181
 10
2.64676
 20
8.64965
 10
2.6457
 20
8.65224
 10
2.6377
 20
8.65948
 10
2.63524
 20
8.65839
 10
2.62877
 20
8.65054
 10
2.62988
 20
8.64797
 10
2.63794
 20
8.64077
  0
LWPOLYLINE
  5
344
330
17
100
AcDbEntity
  8
KAT1_MOBILYA
100
AcDbPolyline
 90
79
 70
1
 38
7.9714
 10
1.97467
 20
8.68434
 10
1.97879
 20
8.66786
 10
1.98016
 20
8.6624
 10
1.98148
 20
8.65744
 10
1.98513
 20
8.64394
 10
1.98935
 20
8.62926
 10
1.99107
 20
8.62326
 10
1.99279
 20
8.61777
 10
1.99745
 20
8.60283
 10
2.00337
 20
8.58528
 10
2.00555
 20
8.57883
 10
2.01261
 20
8.55944
 10
2.01511
 20
8.55256
 10
2.01711
 20
8.54743
 10
2.02258
 20
8.53347
 10
2.02556
 20
8.5263
 10
2.02673
 20
8.52349
 10
2.02821
 20
8.52412
 10
2.03222
 20
8.52583
 10
2.03115
 20
8.52844
 10
2.02824
 20
8.53553
 10
2.02611
 20
8.54096
 10
2.02048
 20
8.5553
 10
2.01555
 20
8.5687
 10
2.01298
 20
8.57576
 10
2.01006
 20
8.58404
 10
2.00892
 20
8.58749
 10
2.00653
 20
8.59484
 10
2.00562
 20
8.5975
 10
2.00245
 20
8.60687
 10
2.00152
 20
8.60986
 10
1.99386
 20
8.63527
 10
1.99168
 20
8.64257
 10
1.99011
 20
8.64846
 10
1.98565
 20
8.66527
 10
1.98187
 20
8.68036
 10
1.98046
 20
8.68596
 10
1.97918
 20
8.69156
 10
1.9758
 20
8.70644
 10
1.97195
 20
8.72543
 10
1.97053
 20
8.73245
 10
1.9696
 20
8.7376
 10
1.96679
 20
8.75331
 10
1.96608
 20
8.75775
 10
1.96438
 20
8.76847
 10
1.96356
 20
8.7741
 10
1.96134
 20
8.7893
 10
1.95901
 20
8.80827
 10
1.95817
 20
8.81523
 10
1.95762
 20
8.82063
 10
1.95602
 20
8.83675
 10
1.95558
 20
8.8424
 10
1.95436
 20
8.85831
 10
1.95394
 20
8.86561
 10
1.95294
 20
8.8836
 10
1.95275
 20
8.88925
 10
1.95223
 20
8.90462
 10
1.94788
 20
8.90454
 10
1.94679
 20
8.88902
 10
1.94698
 20
8.88331
 10
1.94729
 20
8.8776
 10
1.94815
 20
8.86209
 10
1.94887
 20
8.8515
 10
1.94917
 20
8.84715
 10
1.95052
 20
8.83166
 10
1.95102
 20
8.82597
 10
1.95237
 20
8.81354
 10
1.95282
 20
8.80947
 10
1.95472
 20
8.79392
 10
1.95541
 20
8.78827
 10
1.95652
 20
8.78065
 10
1.95958
 20
8.75984
 10
1.96265
 20
8.74266
 10
1.96379
 20
8.73625
 10
1.9667
 20
8.72105
 10
1.96776
 20
8.71547
 10
1.96935
 20
8.70806
 10
1.96994
 20
8.70526
 10
1.97121
 20
8.69966
  0
TEXT
  5
347
330
17
100
AcDbEntity
  8
KAT1_NOT
100
AcDbText
 10
-12.0
 20
14.0
 30
7.9714
 40
0.35
  1
KAT1 - kesit kotu 7.9714 m
100
AcDbText
  0
HATCH
  5
349
330
17
100
AcDbEntity
  8
CATI_DUVAR
 62
7
100
AcDbHatch
 10
0.0
 20
0.0
 30
10.7705
210
0.0
220
0.0
230
1.0
  2
ANSI31
 70
0
 71
0
 91
20
 92
3
 72
0
 73
1
 93
144
 10
-3.5842
 20
7.02945
 10
-3.5842
 20
4.83116
 10
-3.626
 20
4.83116
 10
-3.626
 20
4.7429
 10
-3.635
 20
4.7429
 10
-3.635
 20
4.7329
 10
-3.655
 20
4.7329
 10
-3.655
 20
4.7429
 10
-3.6839
 20
4.7429
 10
-3.6839
 20
5.31694
 10
-3.70362
 20
5.31694
 10
-3.70361
 20
6.56309
 10
-3.70338
 20
7.70315
 10
-3.74791
 20
7.70316
 10
-3.7479
 20
7.71516
 10
-3.70638
 20
7.71515
 10
-3.70638
 20
7.70915
 10
-3.67527
 20
7.70914
 10
-3.67107
 20
7.70914
 10
-3.64942
 20
7.70913
 10
-3.6349
 20
7.70913
 10
-3.58396
 20
7.70912
 10
-3.43498
 20
7.70909
 10
-3.43497
 20
7.74935
 10
-3.43495
 20
7.79946
 10
-3.43491
 20
7.91068
 10
-3.43488
 20
7.99905
 10
-3.55363
 20
7.99909
 10
-3.54435
 20
8.01847
 10
-3.54093
 20
8.02527
 10
-3.52108
 20
8.04196
 10
-3.47824
 20
8.07812
 10
-3.47547
 20
8.08371
 10
-3.46556
 20
8.10458
 10
-3.47556
 20
8.12532
 10
-3.47829
 20
8.13086
 10
-3.48555
 20
8.13698
 10
-3.49411
 20
8.14421
 10
-3.54078
 20
8.18357
 10
-3.54569
 20
8.19344
 10
-3.55073
 20
8.20412
 10
-3.55365
 20
8.20411
 10
-3.55221
 20
8.20712
 10
-3.55363
 20
8.21002
 10
-3.55091
 20
8.21002
 10
-3.54072
 20
8.23028
 10
-3.51242
 20
8.25436
 10
-3.47827
 20
8.28317
 10
-3.47548
 20
8.28873
 10
-3.46558
 20
8.3096
 10
-3.47557
 20
8.33014
 10
-3.4783
 20
8.33562
 10
-3.48556
 20
8.3418
 10
-3.49415
 20
8.34905
 10
-3.54081
 20
8.38868
 10
-3.55071
 20
8.40913
 10
-3.55386
 20
8.40913
 10
-3.55228
 20
8.41228
 10
-3.55365
 20
8.41504
 10
-3.5509
 20
8.41504
 10
-3.54553
 20
8.42576
 10
-3.54072
 20
8.43557
 10
-3.52098
 20
8.45228
 10
-3.47829
 20
8.48814
 10
-3.47556
 20
8.4937
 10
-3.46556
 20
8.51454
 10
-3.47814
 20
8.5407
 10
-3.49394
 20
8.55402
 10
-3.54074
 20
8.59368
 10
-3.55092
 20
8.61413
 10
-3.55386
 20
8.61413
 10
-3.55237
 20
8.6171
 10
-3.55381
 20
8.62001
 10
-3.55091
 20
8.62002
 10
-3.54553
 20
8.63077
 10
-3.54072
 20
8.64057
 10
-3.52098
 20
8.65728
 10
-3.47829
 20
8.69313
 10
-3.46538
 20
8.71953
 10
-3.47813
 20
8.7457
 10
-3.49394
 20
8.75902
 10
-3.54074
 20
8.79868
 10
-3.54559
 20
8.80857
 10
-3.55386
 20
8.82501
 10
-3.44261
 20
8.82523
 10
-3.44265
 20
8.84274
 10
-3.43065
 20
8.84276
 10
-3.43062
 20
8.82825
 10
-3.43662
 20
8.82824
 10
-3.43658
 20
8.80878
 10
-3.43656
 20
8.79888
 10
-3.43648
 20
8.75913
 10
-3.43645
 20
8.74578
 10
-3.43641
 20
8.72465
 10
-3.4364
 20
8.71957
 10
-3.43639
 20
8.71449
 10
-3.43635
 20
8.69322
 10
-3.43628
 20
8.65744
 10
-3.43625
 20
8.64077
 10
-3.43623
 20
8.63098
 10
-3.43621
 20
8.62024
 10
-3.43619
 20
8.61015
 10
-3.43616
 20
8.59388
 10
-3.43608
 20
8.55413
 10
-3.43605
 20
8.54078
 10
-3.43601
 20
8.51972
 10
-3.436
 20
8.51464
 10
-3.43596
 20
8.49378
 10
-3.43595
 20
8.48822
 10
-3.43588
 20
8.45244
 10
-3.43584
 20
8.43577
 10
-3.43582
 20
8.42598
 10
-3.4358
 20
8.41351
 10
-3.43579
 20
8.4092
 10
-3.43575
 20
8.38888
 10
-3.43567
 20
8.34916
 10
-3.43566
 20
8.3419
 10
-3.43565
 20
8.33571
 10
-3.43564
 20
8.33022
 10
-3.4356
 20
8.30966
 10
-3.43553
 20
8.27551
 10
-3.0149
 20
8.27633
 10
-3.0149
 20
8.286
 10
-0.60783
 20
8.286
 10
-0.58883
 20
8.30216
 10
-0.56124
 20
8.3255
 10
-0.54806
 20
8.3517
 10
-0.56101
 20
8.37802
 10
-0.56472
 20
8.38116
 10
-0.59605
 20
8.40763
 10
-0.62333
 20
8.43068
 10
-0.6261
 20
8.43624
 10
-0.63341
 20
8.45139
 10
-0.63637
 20
8.45139
 10
-0.63489
 20
8.45446
 10
-0.63632
 20
8.45742
 10
-0.63356
 20
8.45741
 10
-0.62347
 20
8.47785
 10
-0.61775
 20
8.48268
 10
-0.59247
 20
8.50389
 10
-0.58888
 20
8.50696
 10
-0.56088
 20
8.5305
 10
-0.54758
 20
8.55827
 10
-0.63636
 20
8.60248
 97
0
 92
3
 72
0
 73
1
 93
2625
 10
-3.5842
 20
7.02945
 10
-3.43292
 20
7.02945
 10
-3.43192
 20
7.02945
 10
-3.28089
 20
7.02945
 10
-2.93124
 20
7.05356
 10
-2.93124
 20
7.21673
 10
-2.92618
 20
7.493
 10
-2.34384
 20
7.493
 10
-2.34243
 20
7.5023
 10
-2.336
 20
7.5023
 10
-2.336
 20
8.038
 10
-2.18234
 20
8.038
 10
-2.18926
 20
8.01685
 10
-2.18926
 20
8.00699
 10
-2.187
 20
7.992
 10
-2.1859
 20
7.99164
 10
-1.37232
 20
7.99164
 10
-1.3709
 20
7.99211
 10
-1.3698
 20
7.99248
 10
-1.36933
 20
7.99343
 10
-1.36896
 20
7.99416
 10
-1.36896
 20
8.01685
 10
-1.37606
 20
8.038
 10
-0.264
 20
8.038
 10
-0.264
 20
5.0773
 10
-0.25484
 20
5.0773
 10
-0.25466
 20
5.03737
 10
-0.32425
 20
5.03737
 10
-0.32425
 20
5.01804
 10
-0.22424
 20
5.01804
 10
-0.22424
 20
5.03737
 10
-0.20406
 20
5.03737
 10
-0.20406
 20
5.07729
 10
-0.12485
 20
5.07729
 10
-0.1248
 20
5.0679
 10
-0.0949
 20
5.0679
 10
-0.0949
 20
5.0773
 10
-0.0859
 20
5.0773
 10
-0.0859
 20
5.1381
 10
-0.02841
 20
5.1381
 10
-0.02841
 20
5.1273
 10
0.0464
 20
5.1273
 10
0.0464
 20
5.1381
 10
0.0481
 20
5.1381
 10
0.0481
 20
5.14713
 10
0.06657
 20
5.14748
 10
0.06657
 20
5.22732
 10
0.06993
 20
5.22732
 10
0.06993
 20
5.34247
 10
0.06474
 20
5.35614
 10
0.06068
 20
5.36684
 10
0.06068
 20
5.55511
 10
0.06587
 20
5.56831
 10
0.06993
 20
5.57864
 10
0.06993
 20
5.66941
 10
0.06474
 20
5.68262
 10
0.06068
 20
5.69294
 10
0.06068
 20
5.88121
 10
0.06587
 20
5.89489
 10
0.06993
 20
5.90558
 10
0.06993
 20
6.02073
 10
0.02791
 20
6.02073
 10
0.02791
 20
5.90558
 10
0.03196
 20
5.89489
 10
0.03715
 20
5.88121
 10
0.03715
 20
5.69294
 10
0.03309
 20
5.68262
 10
0.02791
 20
5.66941
 10
0.02791
 20
5.57864
 10
0.03196
 20
5.56832
 10
0.03715
 20
5.55511
 10
0.03715
 20
5.36684
 10
0.03309
 20
5.35614
 10
0.02791
 20
5.34247
 10
0.02791
 20
5.32734
 10
-0.02841
 20
5.32734
 10
-0.02841
 20
5.3167
 10
-0.0858
 20
5.3167
 10
-0.0858
 20
8.0381
 10
1.886
 20
8.0381
 10
1.886
 20
5.3167
 10
0.92637
 20
5.3167
 10
0.92637
 20
5.32734
 10
0.85157
 20
5.32734
 10
0.85157
 20
5.3167
 10
0.8478
 20
5.3167
 10
0.8478
 20
5.30717
 10
0.8314
 20
5.30717
 10
0.8314
 20
5.14728
 10
0.8482
 20
5.14695
 10
0.8482
 20
5.1381
 10
0.85157
 20
5.1381
 10
0.85157
 20
5.1273
 10
0.92637
 20
5.1273
 10
0.92637
 20
5.1381
 10
1.8859
 20
5.1381
 10
1.8859
 20
3.816
 10
0.8451
 20
3.816
 10
0.8451
 20
3.8073
 10
0.8361
 20
3.8073
 10
0.8361
 20
3.5474
 10
0.84505
 20
3.5474
 10
0.8451
 20
3.538
 10
1.94538
 20
3.538
 10
1.94543
 20
3.43326
 10
1.94579
 20
2.60457
 10
1.94579
 20
2.60356
 10
1.94596
 20
2.2118
 10
1.94595
 20
2.15083
 10
1.98053
 20
2.1468
 10
2.25215
 20
2.15278
 10
2.43864
 20
2.15677
 10
2.45498
 20
2.15712
 10
2.45679
 20
2.15716
 10
2.4619
 20
2.15727
 10
2.53837
 20
2.1589
 10
2.61707
 20
2.16064
 10
2.63924
 20
2.16112
 10
2.77926
 20
2.1642
 10
2.79699
 20
2.16458
 10
2.92283
 20
2.16727
 10
2.95052
 20
2.16786
 10
3.00828
 20
2.16909
 10
3.08285
 20
2.17069
 10
3.22769
 20
2.17387
 10
3.26062
 20
2.17459
 10
3.29445
 20
2.17534
 10
3.36664
 20
2.17688
 10
3.5317
 20
2.1804
 10
3.55879
 20
2.18098
 10
3.5696
 20
2.18121
 10
3.6145
 20
2.18217
 10
3.79815
 20
2.1862
 10
3.8349
 20
2.18698
 10
3.87753
 20
2.18789
 10
3.91501
 20
2.18869
 10
3.93515
 20
2.18912
 10
4.07931
 20
2.19219
 10
4.0794
 20
2.066
 10
4.0794
 20
1.92961
 10
4.0793
 20
1.79078
 10
3.93522
 20
1.7947
 10
3.87761
 20
1.79645
 10
3.83498
 20
1.79781
 10
3.79613
 20
1.79886
 10
3.75424
 20
1.79999
 10
3.61289
 20
1.8038
 10
3.56968
 20
1.80497
 10
3.56093
 20
1.80525
 10
3.56053
 20
1.80526
 10
3.53177
 20
1.80618
 10
3.29256
 20
1.81261
 10
3.2607
 20
1.81347
 10
3.22777
 20
1.81452
 10
3.2007
 20
1.81525
 10
3.08135
 20
1.81845
 10
3.01079
 20
1.82033
 10
2.95061
 20
1.82195
 10
2.92291
 20
1.82283
 10
2.79597
 20
1.82622
 10
2.77783
 20
1.82671
 10
2.63929
 20
1.8304
 10
2.61713
 20
1.83111
 10
2.53698
 20
1.83324
 10
2.45896
 20
1.83532
 10
2.01258
 20
1.84723
 10
1.99146
 20
1.84723
 10
1.94589
 20
1.84272
 10
1.94589
 20
1.84275
 10
1.9467
 20
1.81434
 10
1.94742
 20
1.78937
 10
1.96179
 20
1.3987
 10
1.94657
 20
0.59145
 10
1.94515
 20
0.5159
 10
0.77172
 20
0.5159
 10
0.77172
 20
0.52739
 10
0.69692
 20
0.52739
 10
0.69692
 20
0.5159
 10
0.6933
 20
0.5159
 10
0.6933
 20
0.50741
 10
0.67675
 20
0.50722
 10
0.67675
 20
0.37779
 10
0.67339
 20
0.37779
 10
0.67339
 20
0.26266
 10
0.67855
 20
0.24895
 10
0.67675
 20
0.24752
 10
0.68263
 20
0.24752
 10
0.68263
 20
-0.00042
 10
0.67745
 20
-0.01362
 10
0.67339
 20
-0.02396
 10
0.67339
 20
-0.11389
 10
0.67858
 20
-0.12756
 10
0.68263
 20
-0.13826
 10
0.68263
 20
-0.37611
 10
0.67745
 20
-0.38978
 10
0.67339
 20
-0.40049
 10
0.67339
 20
-0.51563
 10
0.71541
 20
-0.51563
 10
0.71541
 20
-0.40049
 10
0.71136
 20
-0.3898
 10
0.70617
 20
-0.37611
 10
0.70617
 20
-0.13826
 10
0.71023
 20
-0.12756
 10
0.71541
 20
-0.11389
 10
0.71541
 20
-0.02396
 10
0.71136
 20
-0.01364
 10
0.70617
 20
-0.00042
 10
0.70617
 20
0.22735
 10
0.77172
 20
0.22735
 10
0.77172
 20
0.2379
 10
1.8859
 20
0.2379
 10
1.8859
 20
-3.9841
 10
-2.336
 20
-3.9841
 10
-2.336
 20
-3.4526
 10
-2.345
 20
-3.4526
 10
-2.345
 20
-3.444
 10
-2.92792
 20
-3.444
 10
-2.93274
 20
-3.16038
 10
-2.93274
 20
-2.92386
 10
-3.28327
 20
-2.92357
 10
-3.28373
 20
-2.92358
 10
-3.43322
 20
-2.9236
 10
-3.43622
 20
-2.9236
 10
-3.57699
 20
-2.92362
 10
-3.57699
 20
-1.20265
 10
-3.57692
 20
-0.71873
 10
-3.29233
 20
-0.71877
 10
-3.29233
 20
-0.71277
 10
-3.29233
 20
-0.70677
 10
-3.57392
 20
-0.70673
 10
-3.57392
 20
-0.71273
 10
-3.619
 20
-0.71272
 10
-3.619
 20
-0.622
 10
-3.628
 20
-0.622
 10
-3.628
 20
-0.6115
 10
-3.6479
 20
-0.6115
 10
-3.6479
 20
-0.622
 10
-3.6569
 20
-0.622
 10
-3.6569
 20
-0.62218
 10
-3.677
 20
-0.6222
 10
-3.677
 20
-1.20265
 10
-3.69744
 20
-1.20265
 10
-3.69744
 20
-2.4258
 10
-3.69744
 20
-2.43142
 10
-3.69744
 20
-2.43177
 10
-3.69666
 20
-3.59738
 10
-3.78595
 20
-3.59744
 10
-3.78595
 20
-3.05936
 10
-3.7857
 20
-3.01219
 10
-3.78595
 20
-3.01219
 10
-3.84799
 20
-3.01149
 10
-3.84799
 20
-3.60141
 10
-3.82678
 20
-3.60164
 10
-3.80624
 20
-3.60164
 10
-3.78376
 20
-3.60136
 10
-3.78376
 20
-3.60944
 10
-3.69965
 20
-3.60938
 10
-3.69966
 20
-3.60338
 10
-3.6652
 20
-3.60336
 10
-3.64233
 20
-3.60334
 10
-3.62768
 20
-3.60333
 10
-3.57621
 20
-3.6033
 10
-3.43577
 20
-3.60321
 10
-3.43566
 20
-3.68394
 10
-3.4354
 20
-3.88491
 10
-3.55381
 20
-3.88507
 10
-3.54883
 20
-3.89515
 10
-3.54074
 20
-3.9114
 10
-3.49394
 20
-3.95106
 10
-3.47813
 20
-3.96438
 10
-3.46556
 20
-3.99053
 10
-3.47556
 20
-4.01138
 10
-3.47829
 20
-4.01694
 10
-3.52098
 20
-4.0528
 10
-3.54072
 20
-4.06951
 10
-3.54553
 20
-4.07931
 10
-3.55083
 20
-4.0899
 10
-3.55363
 20
-4.0899
 10
-3.55224
 20
-4.09272
 10
-3.55386
 20
-4.09595
 10
-3.55065
 20
-4.09595
 10
-3.54571
 20
-4.10643
 10
-3.5408
 20
-4.1163
 10
-3.49412
 20
-4.15585
 10
-3.48557
 20
-4.16308
 10
-3.47831
 20
-4.16927
 10
-3.47558
 20
-4.1748
 10
-3.46556
 20
-4.19559
 10
-3.47547
 20
-4.21626
 10
-3.47824
 20
-4.2218
 10
-3.52108
 20
-4.25796
 10
-3.54093
 20
-4.27465
 10
-3.54435
 20
-4.28151
 10
-3.55071
 20
-4.29492
 10
-3.55365
 20
-4.29492
 10
-3.55215
 20
-4.29794
 10
-3.55363
 20
-4.30108
 10
-3.55059
 20
-4.30107
 10
-3.54081
 20
-4.32128
 10
-3.49415
 20
-4.36091
 10
-3.48556
 20
-4.36815
 10
-3.4783
 20
-4.37433
 10
-3.47557
 20
-4.37982
 10
-3.46558
 20
-4.40036
 10
-3.47548
 20
-4.42122
 10
-3.47827
 20
-4.42679
 10
-3.51243
 20
-4.45561
 10
-3.54072
 20
-4.47967
 10
-3.55081
 20
-4.49993
 10
-3.55365
 20
-4.49994
 10
-3.55215
 20
-4.50295
 10
-3.55365
 20
-4.5061
 10
-3.55059
 20
-4.50609
 10
-3.54081
 20
-4.5263
 10
-3.49415
 20
-4.56593
 10
-3.48556
 20
-4.57317
 10
-3.4783
 20
-4.57936
 10
-3.47557
 20
-4.58484
 10
-3.46558
 20
-4.60538
 10
-3.47548
 20
-4.62624
 10
-3.47827
 20
-4.63181
 10
-3.51243
 20
-4.66063
 10
-3.54072
 20
-4.68469
 10
-3.54887
 20
-4.70106
 10
-3.55365
 20
-4.71112
 10
-3.43989
 20
-4.71084
 10
-3.43975
 20
-4.76713
 10
-3.42775
 20
-4.7671
 10
-3.42788
 20
-4.71381
 10
-3.43388
 20
-4.71382
 10
-3.43396
 20
-4.68443
 10
-3.43401
 20
-4.66043
 10
-3.43408
 20
-4.6317
 10
-3.4341
 20
-4.62614
 10
-3.43415
 20
-4.6053
 10
-3.4342
 20
-4.58474
 10
-3.43421
 20
-4.57925
 10
-3.43423
 20
-4.57305
 10
-3.43425
 20
-4.56578
 10
-3.43434
 20
-4.52604
 10
-3.43439
 20
-4.50571
 10
-3.43441
 20
-4.49965
 10
-3.43442
 20
-4.49576
 10
-3.43446
 20
-4.47941
 10
-3.43452
 20
-4.45541
 10
-3.43459
 20
-4.42668
 10
-3.4346
 20
-4.42112
 10
-3.43465
 20
-4.40028
 10
-3.4347
 20
-4.37972
 10
-3.43471
 20
-4.37423
 10
-3.43473
 20
-4.36803
 10
-3.43475
 20
-4.36077
 10
-3.43483
 20
-4.32115
 10
-3.43485
 20
-4.30092
 10
-3.43488
 20
-4.28137
 10
-3.43489
 20
-4.27451
 10
-3.43491
 20
-4.25785
 10
-3.43496
 20
-4.22174
 10
-3.43496
 20
-4.21621
 10
-3.43499
 20
-4.19555
 10
-3.43502
 20
-4.17475
 10
-3.43503
 20
-4.16921
 10
-3.43503
 20
-4.16302
 10
-3.43504
 20
-4.15578
 10
-3.4351
 20
-4.11616
 10
-3.43511
 20
-4.10629
 10
-3.43512
 20
-4.09582
 10
-3.43513
 20
-4.09012
 10
-3.43514
 20
-4.07917
 10
-3.43516
 20
-4.06937
 10
-3.43518
 20
-4.05269
 10
-3.43522
 20
-4.02402
 10
-2.3749
 20
-4.02263
 10
-2.3749
 20
-4.2139
 10
-3.0149
 20
-4.2139
 10
-3.0149
 20
-4.2319
 10
-0.75779
 20
-4.2319
 10
-0.74518
 20
-4.25751
 10
-0.72743
 20
-4.2728
 10
-0.7142
 20
-4.284
 10
-0.69903
 20
-4.29679
 10
-0.6828
 20
-4.31059
 10
-0.67598
 20
-4.32478
 10
-0.66994
 20
-4.33681
 10
-0.67673
 20
-4.35096
 10
-0.68289
 20
-4.36326
 10
-0.69822
 20
-4.37617
 10
-0.71413
 20
-4.38966
 10
-0.73247
 20
-4.40527
 10
-0.7452
 20
-4.41594
 10
-0.74984
 20
-4.42562
 10
-0.75443
 20
-4.43473
 10
-0.75896
 20
-4.44397
 10
-0.75351
 20
-4.45503
 10
-0.74518
 20
-4.47195
 10
-0.72743
 20
-4.48724
 10
-0.7142
 20
-4.49844
 10
-0.69903
 20
-4.51123
 10
-0.6828
 20
-4.52503
 10
-0.67598
 20
-4.53922
 10
-0.66994
 20
-4.55125
 10
-0.67673
 20
-4.5654
 10
-0.68289
 20
-4.5777
 10
-0.69822
 20
-4.59061
 10
-0.71413
 20
-4.6041
 10
-0.73247
 20
-4.61971
 10
-0.7452
 20
-4.63038
 10
-0.74984
 20
-4.64006
 10
-0.75519
 20
-4.65068
 10
-0.75815
 20
-4.65068
 10
-0.75665
 20
-4.65371
 10
-0.75815
 20
-4.65676
 10
-0.75515
 20
-4.65676
 10
-0.74514
 20
-4.67709
 10
-0.7323
 20
-4.68786
 10
-0.7176
 20
-4.70034
 10
-0.69849
 20
-4.71657
 10
-0.68297
 20
-4.72967
 10
-0.67692
 20
-4.74182
 10
-0.66994
 20
-4.75605
 10
-0.67673
 20
-4.77021
 10
-0.68289
 20
-4.78251
 10
-0.69826
 20
-4.79557
 10
-0.71417
 20
-4.8092
 10
-0.73251
 20
-4.8248
 10
-0.7452
 20
-4.83544
 10
-0.74984
 20
-4.84511
 10
-0.75443
 20
-4.85423
 10
-0.75815
 20
-4.86181
 10
-0.75351
 20
-4.87122
 10
-0.74518
 20
-4.88814
 10
-0.72744
 20
-4.90343
 10
-0.71421
 20
-4.91463
 10
-0.69904
 20
-4.92742
 10
-0.6828
 20
-4.94122
 10
-0.67599
 20
-4.95542
 10
-0.66994
 20
-4.96744
 10
-0.67673
 20
-4.9816
 10
-0.68289
 20
-4.9939
 10
-0.69825
 20
-5.00684
 10
-0.71416
 20
-5.02033
 10
-0.7325
 20
-5.03593
 10
-0.7452
 20
-5.04657
 10
-0.74984
 20
-5.05625
 10
-0.75519
 20
-5.06687
 10
-0.75815
 20
-5.06687
 10
-0.75666
 20
-5.0699
 10
-0.75815
 20
-5.07295
 10
-0.75515
 20
-5.07295
 10
-0.74514
 20
-5.09328
 10
-0.7323
 20
-5.10406
 10
-0.7176
 20
-5.11653
 10
-0.69906
 20
-5.1323
 10
-0.68297
 20
-5.14587
 10
-0.67693
 20
-5.15801
 10
-0.66995
 20
-5.17225
 10
-0.67398
 20
-5.18066
 10
-0.67491
 20
-5.1826
 10
-0.67673
 20
-5.1864
 10
-0.68289
 20
-5.1987
 10
-0.69823
 20
-5.21174
 10
-0.71414
 20
-5.22536
 10
-0.73248
 20
-5.24096
 10
-0.7452
 20
-5.25163
 10
-0.74984
 20
-5.26131
 10
-0.75443
 20
-5.27042
 10
-0.75815
 20
-5.27801
 10
-0.75351
 20
-5.28742
 10
-0.74514
 20
-5.30442
 10
-0.7323
 20
-5.3152
 10
-0.7176
 20
-5.32767
 10
-0.69906
 20
-5.34343
 10
-0.68297
 20
-5.35701
 10
-0.6772
 20
-5.36859
 10
-0.66995
 20
-5.38338
 10
-0.67673
 20
-5.39754
 10
-0.68289
 20
-5.40984
 10
-0.69823
 20
-5.42288
 10
-0.71414
 20
-5.4365
 10
-0.73248
 20
-5.4521
 10
-0.7452
 20
-5.46277
 10
-0.74984
 20
-5.47244
 10
-0.75443
 20
-5.48156
 10
-0.75815
 20
-5.48915
 10
-0.64452
 20
-5.44754
 10
-0.64452
 20
-5.56775
 10
-0.64387
 20
-5.568
 10
-0.28248
 20
-5.568
 10
-0.27851
 20
-5.56775
 10
-0.27851
 20
-5.56074
 10
-0.27786
 20
-5.44731
 10
-0.15456
 20
-5.48915
 10
-0.16541
 20
-5.46711
 10
-0.1675
 20
-5.46287
 10
-0.17219
 20
-5.45885
 10
-0.19846
 20
-5.43657
 10
-0.22987
 20
-5.40981
 10
-0.24285
 20
-5.38346
 10
-0.22982
 20
-5.357
 10
-0.19877
 20
-5.33085
 10
-0.17225
 20
-5.3084
 10
-0.16754
 20
-5.30437
 10
-0.15689
 20
-5.28274
 10
-0.15456
 20
-5.27801
 10
-0.16541
 20
-5.25597
 10
-0.1675
 20
-5.25173
 10
-0.17228
 20
-5.24764
 10
-0.19847
 20
-5.22542
 10
-0.22987
 20
-5.19866
 10
-0.24285
 20
-5.17232
 10
-0.22982
 20
-5.14586
 10
-0.19877
 20
-5.11971
 10
-0.17225
 20
-5.09726
 10
-0.16754
 20
-5.09323
 10
-0.15749
 20
-5.07282
 10
-0.15467
 20
-5.07282
 10
-0.15608
 20
-5.06996
 10
-0.15456
 20
-5.06687
 10
-0.15759
 20
-5.06687
 10
-0.16743
 20
-5.04664
 10
-0.19584
 20
-5.02262
 10
-0.22982
 20
-4.99366
 10
-0.24283
 20
-4.96736
 10
-0.22963
 20
-4.94084
 10
-0.20114
 20
-4.91684
 10
-0.17605
 20
-4.89558
 10
-0.16748
 20
-4.88834
 10
-0.16542
 20
-4.88407
 10
-0.15459
 20
-4.86181
 10
-0.15455
 20
-4.86181
 10
-0.15457
 20
-4.86178
 10
-0.16541
 20
-4.83978
 10
-0.1675
 20
-4.83553
 10
-0.17172
 20
-4.83192
 10
-0.19846
 20
-4.80924
 10
-0.22987
 20
-4.78247
 10
-0.24285
 20
-4.75612
 10
-0.22983
 20
-4.72967
 10
-0.19877
 20
-4.70351
 10
-0.17225
 20
-4.68106
 10
-0.16754
 20
-4.67704
 10
-0.15748
 20
-4.65662
 10
-0.15467
 20
-4.65662
 10
-0.15608
 20
-4.65377
 10
-0.15455
 20
-4.65068
 10
-0.15759
 20
-4.65068
 10
-0.16743
 20
-4.63045
 10
-0.19584
 20
-4.60642
 10
-0.22982
 20
-4.57747
 10
-0.24283
 20
-4.55117
 10
-0.22963
 20
-4.52465
 10
-0.20114
 20
-4.50065
 10
-0.17605
 20
-4.47939
 10
-0.16748
 20
-4.47215
 10
-0.16542
 20
-4.46789
 10
-0.15379
 20
-4.44398
 10
-0.157
 20
-4.43744
 10
-0.16743
 20
-4.41601
 10
-0.19585
 20
-4.39198
 10
-0.22982
 20
-4.36303
 10
-0.24283
 20
-4.33673
 10
-0.22963
 20
-4.31021
 10
-0.20114
 20
-4.28621
 10
-0.17605
 20
-4.26495
 10
-0.16748
 20
-4.25771
 10
-0.16542
 20
-4.25344
 10
-0.15494
 20
-4.2319
 10
2.0334
 20
-4.2319
 10
2.0334
 20
-4.2139
 10
1.9252
 20
-4.2139
 10
1.9252
 20
-4.02263
 10
2.45675
 20
-4.02258
 10
2.45675
 20
-4.04834
 10
2.45675
 20
-4.05987
 10
2.45676
 20
-4.06974
 10
2.45676
 20
-4.07863
 10
2.45676
 20
-4.08991
 10
2.45676
 20
-4.09191
 10
2.45676
 20
-4.09607
 10
2.45676
 20
-4.09909
 10
2.45676
 20
-4.1164
 10
2.45676
 20
-4.1343
 10
2.45676
 20
-4.14459
 10
2.45677
 20
-4.15656
 10
2.45677
 20
-4.1692
 10
2.45677
 20
-4.1822
 10
2.45677
 20
-4.19556
 10
2.45677
 20
-4.20874
 10
2.45677
 20
-4.22173
 10
2.45677
 20
-4.23622
 10
2.45678
 20
-4.2532
 10
2.45678
 20
-4.26481
 10
2.45678
 20
-4.27467
 10
2.45678
 20
-4.29191
 10
2.45678
 20
-4.29852
 10
2.45678
 20
-4.31245
 10
2.45678
 20
-4.3213
 10
2.45679
 20
-4.36912
 10
2.45679
 20
-4.37133
 10
2.45679
 20
-4.37408
 10
2.45679
 20
-4.3774
 10
2.45679
 20
-4.40068
 10
2.4568
 20
-4.4137
 10
2.4568
 20
-4.42695
 10
2.4568
 20
-4.44141
 10
2.4568
 20
-4.45845
 10
2.4568
 20
-4.47001
 10
2.4568
 20
-4.47984
 10
2.45681
 20
-4.49749
 10
2.45681
 20
-4.49995
 10
2.45681
 20
-4.50507
 10
2.45681
 20
-4.50608
 10
2.45681
 20
-4.50915
 10
2.45681
 20
-4.52637
 10
2.45681
 20
-4.5425
 10
2.45681
 20
-4.55656
 10
2.45681
 20
-4.56713
 10
2.45681
 20
-4.57923
 10
2.45681
 20
-4.5921
 10
2.45681
 20
-4.60534
 10
2.45681
 20
-4.61878
 10
2.45681
 20
-4.63189
 10
2.45681
 20
-4.6464
 10
2.45681
 20
-4.66337
 10
2.45682
 20
-4.67484
 10
2.45682
 20
-4.6847
 10
2.45682
 20
-4.71412
 10
2.45082
 20
-4.71412
 10
2.45082
 20
-4.76795
 10
2.29142
 20
-4.76795
 10
2.0339
 20
-4.7677
 10
2.0339
 20
-4.76795
 10
2.03339
 20
-4.76795
 10
2.03339
 20
-4.82999
 10
2.0339
 20
-4.82999
 10
2.0339
 20
-4.89279
 10
2.2914
 20
-4.89304
 10
2.67521
 20
-4.89304
 10
2.67567
 20
-4.89279
 10
2.67567
 20
-4.84173
 10
2.67521
 20
-4.82999
 10
2.67521
 20
-4.76795
 10
2.46282
 20
-4.76795
 10
2.46282
 20
-4.71112
 10
2.5708
 20
-4.71112
 10
2.56631
 20
-4.70192
 10
2.55773
 20
-4.68469
 10
2.54617
 20
-4.67484
 10
2.5325
 20
-4.66336
 10
2.51263
 20
-4.6464
 10
2.49545
 20
-4.63189
 10
2.48893
 20
-4.61878
 10
2.4825
 20
-4.60534
 10
2.48897
 20
-4.5921
 10
2.49537
 20
-4.57923
 10
2.50968
 20
-4.56713
 10
2.52203
 20
-4.55656
 10
2.53883
 20
-4.54249
 10
2.55777
 20
-4.52637
 10
2.56788
 20
-4.50606
 10
2.57071
 20
-4.50606
 10
2.56926
 20
-4.50312
 10
2.5708
 20
-4.49994
 10
2.56769
 20
-4.49994
 10
2.55782
 20
-4.47982
 10
2.54629
 20
-4.47
 10
2.53257
 20
-4.45845
 10
2.51242
 20
-4.4414
 10
2.49533
 20
-4.42694
 10
2.48892
 20
-4.4137
 10
2.4825
 20
-4.40067
 10
2.49523
 20
-4.37409
 10
2.49851
 20
-4.37132
 10
2.50109
 20
-4.36911
 10
2.55774
 20
-4.32129
 10
2.5621
 20
-4.31244
 10
2.56769
 20
-4.30108
 10
2.57082
 20
-4.30108
 10
2.56925
 20
-4.29791
 10
2.57072
 20
-4.29493
 10
2.5678
 20
-4.29493
 10
2.55764
 20
-4.27466
 10
2.54607
 20
-4.2648
 10
2.53232
 20
-4.25319
 10
2.51223
 20
-4.23622
 10
2.4954
 20
-4.22172
 10
2.48888
 20
-4.20873
 10
2.48252
 20
-4.19556
 10
2.4889
 20
-4.18219
 10
2.49542
 20
-4.1692
 10
2.51012
 20
-4.15656
 10
2.52435
 20
-4.14458
 10
2.53645
 20
-4.13429
 10
2.55755
 20
-4.11639
 10
2.56777
 20
-4.09606
 10
2.57062
 20
-4.09606
 10
2.5692
 20
-4.09316
 10
2.57082
 20
-4.0899
 10
2.56759
 20
-4.0899
 10
2.56204
 20
-4.07861
 10
2.55774
 20
-4.06973
 10
2.54617
 20
-4.05987
 10
2.53254
 20
-4.04833
 10
2.51234
 20
-4.03126
 10
2.49535
 20
-4.01684
 10
2.48869
 20
-4.00357
 10
2.48235
 20
-3.99057
 10
2.489
 20
-3.9772
 10
2.49531
 20
-3.96414
 10
2.50963
 20
-3.95203
 10
2.52204
 20
-3.94148
 10
2.53856
 20
-3.92744
 10
2.5576
 20
-3.91133
 10
2.5619
 20
-3.90242
 10
2.56764
 20
-3.8909
 10
2.57052
 20
-3.8909
 10
2.56909
 20
-3.888
 10
2.57064
 20
-3.88488
 10
2.56755
 20
-3.88488
 10
2.55749
 20
-3.86443
 10
2.54581
 20
-3.85458
 10
2.53235
 20
-3.84314
 10
2.51255
 20
-3.82634
 10
2.49527
 20
-3.81184
 10
2.48862
 20
-3.7984
 10
2.4824
 20
-3.78545
 10
2.48899
 20
-3.77211
 10
2.49523
 20
-3.75908
 10
2.51231
 20
-3.74476
 10
2.52629
 20
-3.73287
 10
2.53842
 20
-3.72259
 10
2.55765
 20
-3.70639
 10
2.56209
 20
-3.69751
 10
2.56756
 20
-3.6861
 10
2.57052
 20
-3.6861
 10
2.56901
 20
-3.68307
 10
2.57048
 20
-3.68001
 10
2.56745
 20
-3.68001
 10
2.55771
 20
-3.65979
 10
2.53881
 20
-3.64384
 10
2.52662
 20
-3.63349
 10
2.51267
 20
-3.62148
 10
2.49524
 20
-3.60672
 10
2.48862
 20
-3.59335
 10
2.4824
 20
-3.58039
 10
2.48899
 20
-3.56705
 10
2.49523
 20
-3.55402
 10
2.51231
 20
-3.5397
 10
2.52629
 20
-3.52781
 10
2.53842
 20
-3.51753
 10
2.55765
 20
-3.50134
 10
2.56209
 20
-3.49246
 10
2.56753
 20
-3.4811
 10
2.57052
 20
-3.4811
 10
2.569
 20
-3.47804
 10
2.57048
 20
-3.47495
 10
2.56742
 20
-3.47495
 10
2.55771
 20
-3.45479
 10
2.54593
 20
-3.44477
 10
2.52633
 20
-3.42825
 10
2.50925
 20
-3.41379
 10
2.49524
 20
-3.40172
 10
2.48866
 20
-3.38836
 10
2.48227
 20
-3.3754
 10
2.48888
 20
-3.36199
 10
2.49529
 20
-3.34898
 10
2.51239
 20
-3.33464
 10
2.52631
 20
-3.32279
 10
2.53844
 20
-3.31251
 10
2.55764
 20
-3.29634
 10
2.56209
 20
-3.28746
 10
2.56759
 20
-3.27598
 10
2.57038
 20
-3.27598
 10
2.56899
 20
-3.27307
 10
2.57048
 20
-3.26995
 10
2.5675
 20
-3.26995
 10
2.56178
 20
-3.25802
 10
2.55773
 20
-3.24965
 10
2.54962
 20
-3.24286
 10
2.54341
 20
-3.23755
 10
2.49515
 20
-3.19695
 10
2.48866
 20
-3.18356
 10
2.48225
 20
-3.17055
 10
2.4887
 20
-3.1572
 10
2.49513
 20
-3.14413
 10
2.50964
 20
-3.13188
 10
2.52643
 20
-3.11757
 10
2.54612
 20
-3.10116
 10
2.55759
 20
-3.09147
 10
2.56201
 20
-3.08259
 10
2.5676
 20
-3.07096
 10
2.57038
 20
-3.07096
 10
2.56899
 20
-3.06806
 10
2.57043
 20
-3.06505
 10
2.56755
 20
-3.06505
 10
2.56178
 20
-3.05298
 10
2.55773
 20
-3.04463
 10
2.54964
 20
-3.03785
 10
2.54344
 20
-3.03256
 10
2.49515
 20
-2.99193
 10
2.48866
 20
-2.97854
 10
2.48225
 20
-2.96553
 10
2.4887
 20
-2.95218
 10
2.49513
 20
-2.93911
 10
2.50962
 20
-2.92687
 10
2.52641
 20
-2.91256
 10
2.5461
 20
-2.89616
 10
2.55759
 20
-2.88645
 10
2.56201
 20
-2.87757
 10
2.5676
 20
-2.86594
 10
2.57041
 20
-2.86594
 10
2.56898
 20
-2.86306
 10
2.57044
 20
-2.86003
 10
2.56743
 20
-2.86003
 10
2.55748
 20
-2.8395
 10
2.53863
 20
-2.82378
 10
2.52651
 20
-2.81355
 10
2.51237
 20
-2.8016
 10
2.49512
 20
-2.78685
 10
2.48862
 20
-2.77345
 10
2.48216
 20
-2.76049
 10
2.48865
 20
-2.74709
 10
2.4952
 20
-2.734
 10
2.50955
 20
-2.72199
 10
2.52196
 20
-2.71139
 10
2.53841
 20
-2.69753
 10
2.55746
 20
-2.68144
 10
2.5619
 20
-2.67255
 10
2.56756
 20
-2.66088
 10
2.57057
 20
-2.66088
 10
2.56903
 20
-2.65783
 10
2.5704
 20
-2.65501
 10
2.56758
 20
-2.65501
 10
2.55748
 20
-2.63451
 10
2.53851
 20
-2.61852
 10
2.51218
 20
-2.59628
 10
2.4951
 20
-2.58174
 10
2.48867
 20
-2.56833
 10
2.48225
 20
-2.55539
 10
2.48871
 20
-2.54237
 10
2.49514
 20
-2.52906
 10
2.52198
 20
-2.50636
 10
2.5385
 20
-2.49234
 10
2.55756
 20
-2.47622
 10
2.56181
 20
-2.46739
 10
2.56765
 20
-2.45607
 10
2.57036
 20
-2.45607
 10
2.56897
 20
-2.45324
 10
2.57057
 20
-2.44999
 10
2.56737
 20
-2.44999
 10
2.56181
 20
-2.43867
 10
2.55744
 20
-2.42979
 10
2.54588
 20
-2.41992
 10
2.53211
 20
-2.40834
 10
2.51203
 20
-2.39138
 10
2.49498
 20
-2.37696
 10
2.48856
 20
-2.36354
 10
2.48215
 20
-2.35043
 10
2.49488
 20
-2.3241
 10
2.49829
 20
-2.32122
 10
2.50098
 20
-2.31892
 10
2.55739
 20
-2.2713
 10
2.56176
 20
-2.26241
 10
2.56738
 20
-2.25102
 10
2.57036
 20
-2.25102
 10
2.56887
 20
-2.24799
 10
2.57037
 20
-2.24494
 10
2.56736
 20
-2.24494
 10
2.55745
 20
-2.22473
 10
2.54588
 20
-2.21487
 10
2.53211
 20
-2.20328
 10
2.51203
 20
-2.18632
 10
2.49499
 20
-2.1719
 10
2.48856
 20
-2.15862
 10
2.48216
 20
-2.14563
 10
2.49488
 20
-2.1193
 10
2.49829
 20
-2.11642
 10
2.50098
 20
-2.11412
 10
2.55739
 20
-2.0665
 10
2.56177
 20
-2.05753
 10
2.56733
 20
-2.04611
 10
2.57027
 20
-2.04611
 10
2.56881
 20
-2.04308
 10
2.57037
 20
-2.03988
 10
2.5673
 20
-2.03988
 10
2.55723
 20
-2.01964
 10
2.54562
 20
-2.00978
 10
2.53183
 20
-1.99813
 10
2.51184
 20
-1.98121
 10
2.49487
 20
-1.96675
 10
2.48856
 20
-1.9537
 10
2.482
 20
-1.94037
 10
2.48867
 20
-1.9271
 10
2.49496
 20
-1.9142
 10
2.50932
 20
-1.90206
 10
2.52176
 20
-1.89148
 10
2.53824
 20
-1.87746
 10
2.55725
 20
-1.86138
 10
2.56157
 20
-1.85245
 10
2.56731
 20
-1.84091
 10
2.57018
 20
-1.84091
 10
2.56875
 20
-1.83802
 10
2.57029
 20
-1.83494
 10
2.56723
 20
-1.83494
 10
2.55714
 20
-1.81444
 10
2.54542
 20
-1.80456
 10
2.53191
 20
-1.79307
 10
2.51216
 20
-1.77632
 10
2.49492
 20
-1.76185
 10
2.48826
 20
-1.74838
 10
2.48205
 20
-1.73545
 10
2.48865
 20
-1.72209
 10
2.49489
 20
-1.70909
 10
2.512
 20
-1.69474
 10
2.52602
 20
-1.68282
 10
2.53818
 20
-1.6725
 10
2.5573
 20
-1.6564
 10
2.56175
 20
-1.64749
 10
2.56723
 20
-1.63607
 10
2.57012
 20
-1.63607
 10
2.56865
 20
-1.63311
 10
2.57013
 20
-1.63002
 10
2.56714
 20
-1.63001
 10
2.55694
 20
-1.60966
 10
2.54528
 20
-1.59972
 10
2.53144
 20
-1.58803
 10
2.51145
 20
-1.57114
 10
2.4947
 20
-1.55672
 10
2.48821
 20
-1.54379
 10
2.48181
 20
-1.53056
 10
2.48832
 20
-1.51712
 10
2.49476
 20
-1.5041
 10
2.50915
 20
-1.49195
 10
2.52156
 20
-1.4814
 10
2.53787
 20
-1.46744
 10
2.55685
 20
-1.45139
 10
2.5671
 20
-1.43099
 10
2.57002
 20
-1.43099
 10
2.56856
 20
-1.42804
 10
2.57012
 20
-1.4249
 10
2.567
 20
-1.42489
 10
2.5571
 20
-1.40471
 10
2.54549
 20
-1.39481
 10
2.53167
 20
-1.38318
 10
2.51164
 20
-1.36627
 10
2.49464
 20
-1.35188
 10
2.4882
 20
-1.33856
 10
2.48181
 20
-1.32561
 10
2.49453
 20
-1.29928
 10
2.49793
 20
-1.29641
 10
2.50061
 20
-1.29412
 10
2.55704
 20
-1.24647
 10
2.56143
 20
-1.23756
 10
2.56716
 20
-1.22594
 10
2.57002
 20
-1.22594
 10
2.56859
 20
-1.22303
 10
2.57002
 20
-1.22011
 10
2.56714
 20
-1.22011
 10
2.5571
 20
-1.19965
 10
2.54549
 20
-1.18975
 10
2.53167
 20
-1.17813
 10
2.51164
 20
-1.16121
 10
2.49464
 20
-1.14682
 10
2.4882
 20
-1.13351
 10
2.48181
 20
-1.12055
 10
2.49453
 20
-1.09422
 10
2.49793
 20
-1.09135
 10
2.50061
 20
-1.08906
 10
2.55704
 20
-1.04142
 10
2.56143
 20
-1.0325
 10
2.56709
 20
-1.02101
 10
2.57047
 20
-1.02101
 10
2.56878
 20
-1.01759
 10
2.57002
 20
-1.01506
 10
2.56754
 20
-1.01506
 10
2.55729
 20
-0.9946
 10
2.54557
 20
-0.98463
 10
2.52618
 20
-0.96809
 10
2.5121
 20
-0.95634
 10
2.4951
 20
-0.94201
 10
2.48859
 20
-0.92893
 10
2.48216
 20
-0.91549
 10
2.48865
 20
-0.90209
 10
2.49509
 20
-0.88906
 10
2.50944
 20
-0.87693
 10
2.52184
 20
-0.86637
 10
2.5384
 20
-0.85239
 10
2.55722
 20
-0.83629
 10
2.56752
 20
-0.81599
 10
2.57047
 20
-0.81599
 10
2.569
 20
-0.81302
 10
2.57047
 20
-0.81009
 10
2.56757
 20
-0.81009
 10
2.55729
 20
-0.78958
 10
2.54557
 20
-0.77961
 10
2.52618
 20
-0.76307
 10
2.5121
 20
-0.75132
 10
2.4951
 20
-0.73699
 10
2.48859
 20
-0.72391
 10
2.48216
 20
-0.71047
 10
2.48865
 20
-0.69707
 10
2.49489
 20
-0.68404
 10
2.5384
 20
-0.64747
 10
2.55722
 20
-0.63153
 10
2.56755
 20
-0.61097
 10
2.57045
 20
-0.61097
 10
2.569
 20
-0.60803
 10
2.57047
 20
-0.60507
 10
2.56755
 20
-0.60507
 10
2.55727
 20
-0.58456
 10
2.54565
 20
-0.57475
 10
2.53191
 20
-0.5632
 10
2.51208
 20
-0.54645
 10
2.49508
 20
-0.53198
 10
2.48858
 20
-0.51889
 10
2.48215
 20
-0.50545
 10
2.48863
 20
-0.49205
 10
2.49486
 20
-0.47902
 10
2.53837
 20
-0.44245
 10
2.5572
 20
-0.42651
 10
2.56753
 20
-0.40597
 10
2.57037
 20
-0.40597
 10
2.56894
 20
-0.40309
 10
2.57045
 20
-0.40005
 10
2.56744
 20
-0.40005
 10
2.55748
 20
-0.37975
 10
2.54592
 20
-0.36989
 10
2.53213
 20
-0.35827
 10
2.51187
 20
-0.34124
 10
2.49497
 20
-0.32682
 10
2.48856
 20
-0.31357
 10
2.48216
 20
-0.30058
 10
2.4925
 20
-0.27919
 10
2.49489
 20
-0.27426
 10
2.49985
 20
-0.27007
 10
2.50382
 20
-0.26668
 10
2.55742
 20
-0.22139
 10
2.5618
 20
-0.21251
 10
2.56748
 20
-0.20093
 10
2.57047
 20
-0.20093
 10
2.56897
 20
-0.1979
 10
2.57035
 20
-0.19509
 10
2.5676
 20
-0.19509
 10
2.55729
 20
-0.17452
 10
2.54568
 20
-0.16472
 10
2.53193
 20
-0.15317
 10
2.51211
 20
-0.13641
 10
2.49511
 20
-0.12194
 10
2.4886
 20
-0.10886
 10
2.48216
 20
-0.09541
 10
2.48865
 20
-0.08201
 10
2.49504
 20
-0.06904
 10
2.50939
 20
-0.05703
 10
2.52178
 20
-0.04647
 10
2.53839
 20
-0.03258
 10
2.55722
 20
-0.01648
 10
2.56755
 20
0.00409
 10
2.57047
 20
0.00409
 10
2.569
 20
0.00703
 10
2.57047
 20
0.00999
 10
2.56754
 20
0.00999
 10
2.55729
 20
0.03025
 10
2.54567
 20
0.04015
 10
2.53193
 20
0.05171
 10
2.51211
 20
0.06861
 10
2.4951
 20
0.08309
 10
2.48859
 20
0.09617
 10
2.48216
 20
0.10961
 10
2.48865
 20
0.12301
 10
2.49504
 20
0.13598
 10
2.50939
 20
0.14799
 10
2.52178
 20
0.15855
 10
2.5384
 20
0.17244
 10
2.55722
 20
0.18854
 10
2.56744
 20
0.20888
 10
2.57036
 20
0.20888
 10
2.56891
 20
0.21187
 10
2.57047
 20
0.21501
 10
2.56738
 20
0.21501
 10
2.56185
 20
0.22639
 10
2.55748
 20
0.23536
 10
2.54591
 20
0.24522
 10
2.53212
 20
0.25684
 10
2.51187
 20
0.27387
 10
2.49496
 20
0.2883
 10
2.48856
 20
0.30154
 10
2.48215
 20
0.31453
 10
2.49249
 20
0.33592
 10
2.49489
 20
0.34085
 10
2.49985
 20
0.34503
 10
2.55742
 20
0.39372
 10
2.56179
 20
0.4026
 10
2.56738
 20
0.41394
 10
2.57036
 20
0.41394
 10
2.56887
 20
0.41698
 10
2.57037
 20
0.42002
 10
2.56737
 20
0.42002
 10
2.56185
 20
0.43127
 10
2.55748
 20
0.44016
 10
2.54591
 20
0.45002
 10
2.53212
 20
0.46164
 10
2.51187
 20
0.47867
 10
2.49496
 20
0.4931
 10
2.48856
 20
0.50634
 10
2.48215
 20
0.51933
 10
2.4925
 20
0.54093
 10
2.4949
 20
0.54591
 10
2.49984
 20
0.55009
 10
2.55742
 20
0.59877
 10
2.56179
 20
0.60766
 10
2.56738
 20
0.619
 10
2.57036
 20
0.619
 10
2.56887
 20
0.62203
 10
2.57037
 20
0.62508
 10
2.56736
 20
0.62508
 10
2.55748
 20
0.64521
 10
2.54592
 20
0.65508
 10
2.53213
 20
0.6667
 10
2.51187
 20
0.68373
 10
2.49497
 20
0.69815
 10
2.48856
 20
0.7114
 10
2.48216
 20
0.72439
 10
2.4925
 20
0.74578
 10
2.49489
 20
0.75071
 10
2.49984
 20
0.75489
 10
2.50381
 20
0.75827
 10
2.55742
 20
0.80357
 10
2.56179
 20
0.81246
 10
2.56753
 20
0.82411
 10
2.57037
 20
0.82411
 10
2.56895
 20
0.82699
 10
2.57037
 20
0.82988
 10
2.56751
 20
0.82988
 10
2.55748
 20
0.85032
 10
2.54592
 20
0.86019
 10
2.53213
 20
0.87181
 10
2.51187
 20
0.88884
 10
2.49497
 20
0.90326
 10
2.48856
 20
0.91651
 10
2.48216
 20
0.9295
 10
2.49249
 20
0.95088
 10
2.49489
 20
0.95582
 10
2.49985
 20
0.96
 10
2.50382
 20
0.9634
 10
2.55742
 20
1.00869
 10
2.5618
 20
1.01757
 10
2.56746
 20
1.02911
 10
2.57036
 20
1.02911
 10
2.56891
 20
1.03206
 10
2.57035
 20
1.03499
 10
2.56747
 20
1.03499
 10
2.56185
 20
1.04644
 10
2.55748
 20
1.05532
 10
2.54591
 20
1.06519
 10
2.53212
 20
1.07681
 10
2.51187
 20
1.09384
 10
2.49496
 20
1.10826
 10
2.48856
 20
1.12151
 10
2.48215
 20
1.1345
 10
2.49249
 20
1.15588
 10
2.49489
 20
1.16082
 10
2.49985
 20
1.16501
 10
2.50383
 20
1.16841
 10
2.55742
 20
1.21369
 10
2.56179
 20
1.22257
 10
2.57037
 20
1.23999
 10
2.45707
 20
1.24001
 10
2.4571
 20
1.39861
 10
2.53512
 20
1.39828
 10
2.61528
 20
1.39793
 10
2.63745
 20
1.39784
 10
2.66235
 20
1.39773
 10
2.6618
 20
1.26855
 10
2.67019
 20
1.2726
 10
2.688
 20
1.28154
 10
2.70797
 20
1.30499
 10
2.73135
 20
1.33256
 10
2.73648
 20
1.33865
 10
2.74087
 20
1.34381
 10
2.74479
 20
1.34574
 10
2.76726
 20
1.35672
 10
2.78968
 20
1.34589
 10
2.79363
 20
1.34394
 10
2.81639
 20
1.31684
 10
2.83382
 20
1.29604
 10
2.84626
 20
1.28142
 10
2.85628
 20
1.27642
 10
2.86667
 20
1.27142
 10
2.86665
 20
1.2686
 10
2.86956
 20
1.27003
 10
2.87273
 20
1.26851
 10
2.87275
 20
1.27163
 10
2.89299
 20
1.28141
 10
2.9129
 20
1.30494
 10
2.9363
 20
1.33265
 10
2.94145
 20
1.33877
 10
2.94583
 20
1.3439
 10
2.94978
 20
1.34584
 10
2.9721
 20
1.35681
 10
2.99452
 20
1.34577
 10
2.99846
 20
1.34383
 10
3.01512
 20
1.32423
 10
3.02512
 20
1.31256
 10
3.03155
 20
1.30492
 10
3.05142
 20
1.28146
 10
3.07157
 20
1.27153
 10
3.07156
 20
1.26855
 10
3.07473
 20
1.27006
 10
3.07779
 20
1.2686
 10
3.07781
 20
1.27149
 10
3.09802
 20
1.28154
 10
3.11799
 20
1.30499
 10
3.14138
 20
1.33256
 10
3.14651
 20
1.33865
 10
3.1509
 20
1.34381
 10
3.15484
 20
1.34575
 10
3.17728
 20
1.35672
 10
3.19954
 20
1.34583
 10
3.20347
 20
1.34386
 10
3.22432
 20
1.31918
 10
3.24252
 20
1.29766
 10
3.24895
 20
1.29013
 10
3.25632
 20
1.2814
 10
3.26455
 20
1.2774
 10
3.27662
 20
1.27151
 10
3.2766
 20
1.26855
 10
3.27967
 20
1.27002
 10
3.28276
 20
1.26851
 10
3.28277
 20
1.27146
 10
3.30306
 20
1.28154
 10
3.32303
 20
1.30499
 10
3.34642
 20
1.33256
 10
3.35155
 20
1.33866
 10
3.35594
 20
1.34381
 10
3.38212
 20
1.3569
 10
3.40851
 20
1.34386
 10
3.42936
 20
1.31918
 10
3.44755
 20
1.29766
 10
3.45399
 20
1.29013
 10
3.46136
 20
1.2814
 10
3.46952
 20
1.27743
 10
3.48183
 20
1.27142
 10
3.48182
 20
1.26865
 10
3.48464
 20
1.27005
 10
3.48779
 20
1.26851
 10
3.48781
 20
1.27169
 10
3.5002
 20
1.27754
 10
3.50833
 20
1.28155
 10
3.53797
 20
1.3167
 10
3.5476
 20
1.328
 10
3.56091
 20
1.3439
 10
3.57807
 20
1.35237
 10
3.58727
 20
1.35685
 10
3.60968
 20
1.34579
 10
3.6136
 20
1.3439
 10
3.63172
 20
1.32224
 10
3.64659
 20
1.30485
 10
3.66634
 20
1.28147
 10
3.68663
 20
1.27146
 10
3.68662
 20
1.2686
 10
3.68965
 20
1.27009
 10
3.69271
 20
1.26865
 10
3.69272
 20
1.27163
 10
3.71296
 20
1.28141
 10
3.73286
 20
1.30494
 10
3.75633
 20
1.33268
 10
3.76148
 20
1.33881
 10
3.76586
 20
1.34393
 10
3.76984
 20
1.34587
 10
3.79232
 20
1.35681
 10
3.81474
 20
1.34577
 10
3.81868
 20
1.34383
 10
3.84822
 20
1.30884
 10
3.86227
 20
1.29219
 10
3.87146
 20
1.28132
 10
3.87856
 20
1.27782
 10
3.89166
 20
1.27153
 10
3.89164
 20
1.26855
 10
3.89476
 20
1.27004
 10
3.89776
 20
1.2686
 10
3.89778
 20
1.27144
 10
3.9181
 20
1.28154
 10
3.93807
 20
1.30499
 10
3.96145
 20
1.33256
 10
3.96658
 20
1.33866
 10
3.97097
 20
1.34381
 10
3.97488
 20
1.34575
 10
3.9971
 20
1.35672
 10
4.01958
 20
1.34583
 10
4.02355
 20
1.34386
 10
4.04012
 20
1.32425
 10
4.04461
 20
1.31894
 10
4.0479
 20
1.31504
 10
4.06259
 20
1.29766
 10
4.06902
 20
1.29013
 10
4.0764
 20
1.2814
 10
4.08448
 20
1.27744
 10
4.09674
 20
1.27139
 10
4.09673
 20
1.2686
 10
4.09956
 20
1.26999
 10
4.10258
 20
1.26851
 10
4.10259
 20
1.27152
 10
4.12307
 20
1.28141
 10
4.14297
 20
1.30494
 10
4.16644
 20
1.33268
 10
4.17159
 20
1.3388
 10
4.17597
 20
1.34393
 10
4.17992
 20
1.34587
 10
4.20218
 20
1.35682
 10
4.22459
 20
1.34577
 10
4.22854
 20
1.34383
 10
4.2581
 20
1.30881
 10
4.27213
 20
1.29217
 10
4.28131
 20
1.28132
 10
4.28841
 20
1.27782
 10
4.30172
 20
1.27143
 10
4.3017
 20
1.26855
 10
4.30472
 20
1.26999
 10
4.30762
 20
1.2686
 10
4.30764
 20
1.27139
 10
4.31844
 20
1.27656
 10
4.32824
 20
1.28144
 10
4.34043
 20
1.29577
 10
4.35755
 20
1.31623
 10
4.38074
 20
1.34389
 10
4.40719
 20
1.35671
 10
4.42958
 20
1.34589
 10
4.43354
 20
1.34394
 10
4.45466
 20
1.31891
 10
4.46026
 20
1.31235
 10
4.46667
 20
1.30465
 10
4.48621
 20
1.28152
 10
4.50418
 20
1.27257
 10
4.51264
 20
1.26851
 10
4.51323
 20
1.38259
 10
4.65794
 20
1.38184
 10
4.65794
 20
1.25697
 10
4.65769
 20
1.14302
 10
4.78253
 20
1.14302
 10
4.78303
 20
1.25697
 10
4.78303
 20
1.78422
 10
4.78253
 20
1.78497
 10
4.68017
 20
1.78497
 10
4.65794
 20
1.78419
 10
4.65794
 20
1.39384
 10
4.5163
 20
1.39458
 10
4.51627
 20
1.38858
 10
4.48677
 20
1.38873
 10
4.46711
 20
1.38884
 10
4.46066
 20
1.38887
 10
4.45503
 20
1.3889
 10
4.43378
 20
1.38901
 10
4.42981
 20
1.38903
 10
4.40734
 20
1.38915
 10
4.40397
 20
1.38917
 10
4.38098
 20
1.38929
 10
4.35794
 20
1.38941
 10
4.34092
 20
1.3895
 10
4.3288
 20
1.38956
 10
4.31903
 20
1.38961
 10
4.30826
 20
1.38967
 10
4.30681
 20
1.38967
 10
4.30022
 20
1.3897
 10
4.28889
 20
1.38975
 10
4.28177
 20
1.38978
 10
4.27255
 20
1.38982
 10
4.25845
 20
1.38988
 10
4.22874
 20
1.39001
 10
4.22478
 20
1.39003
 10
4.20232
 20
1.39012
 10
4.17003
 20
1.39026
 10
4.17003
 20
1.78436
 10
4.31792
 20
1.78436
 10
4.3269
 20
1.7844
 10
4.3269
 20
2.2102
 10
4.17128
 20
2.21022
 10
4.17119
 20
2.60676
 10
4.19476
 20
2.60676
 10
4.20217
 20
2.60677
 10
4.20954
 20
2.60677
 10
4.22856
 20
2.60677
 10
4.23711
 20
2.60677
 10
4.24717
 20
2.60678
 10
4.28146
 20
2.60678
 10
4.2935
 20
2.60679
 10
4.30174
 20
2.60679
 10
4.31613
 20
2.60679
 10
4.32828
 20
2.60679
 10
4.33927
 20
2.6068
 10
4.3487
 20
2.6068
 10
4.3807
 20
2.6068
 10
4.39978
 20
2.60681
 10
4.4072
 20
2.60681
 10
4.41456
 20
2.60681
 10
4.4336
 20
2.60682
 10
4.44219
 20
2.60682
 10
4.47541
 20
2.60682
 10
4.48628
 20
2.60683
 10
4.51566
 20
2.60683
 10
4.51566
 20
2.60083
 10
4.65794
 20
2.60086
 10
4.65794
 20
2.21048
 10
4.68022
 20
2.21024
 10
4.78253
 20
2.21024
 10
4.78303
 20
2.21048
 10
4.78303
 20
2.85191
 10
4.72565
 20
2.85191
 10
4.72561
 20
2.85269
 10
4.65769
 20
2.85269
 10
4.65794
 20
2.85203
 10
4.65794
 20
2.61286
 10
4.51266
 20
2.61283
 10
4.51264
 20
2.72331
 10
4.49842
 20
2.71656
 10
4.48627
 20
2.71066
 10
4.4754
 20
2.69769
 10
4.44216
 20
2.65824
 10
4.43359
 20
2.64818
 10
4.40718
 20
2.63493
 10
4.38069
 20
2.64826
 10
4.34869
 20
2.68634
 10
4.33925
 20
2.69756
 10
4.32825
 20
2.71055
 10
4.30762
 20
2.72059
 10
4.30762
 20
2.72331
 10
4.30468
 20
2.72191
 10
4.30171
 20
2.72332
 10
4.30171
 20
2.72058
 10
4.28144
 20
2.71063
 10
4.24716
 20
2.67009
 10
4.2371
 20
2.6582
 10
4.22855
 20
2.64817
 10
4.20216
 20
2.63493
 10
4.17567
 20
2.64826
 10
4.14367
 20
2.68634
 10
4.13422
 20
2.69755
 10
4.12323
 20
2.71055
 10
4.10258
 20
2.72059
 10
4.10258
 20
2.72331
 10
4.09965
 20
2.72191
 10
4.09669
 20
2.72332
 10
4.09669
 20
2.72058
 10
4.0764
 20
2.71063
 10
4.04212
 20
2.67009
 10
4.03206
 20
2.6582
 10
4.02351
 20
2.64817
 10
3.99712
 20
2.63493
 10
3.97087
 20
2.64828
 10
3.93864
 20
2.68638
 10
3.92912
 20
2.69758
 10
3.91813
 20
2.71057
 10
3.89776
 20
2.72048
 10
3.89776
 20
2.72348
 10
3.89459
 20
2.72192
 10
3.89165
 20
2.72332
 10
3.89165
 20
2.72047
 10
3.8714
 20
2.7105
 10
3.85195
 20
2.68725
 10
3.84146
 20
2.67495
 10
3.83234
 20
2.66409
 10
3.81861
 20
2.64814
 10
3.79231
 20
2.63518
 10
3.77348
 20
2.64437
 10
3.7657
 20
2.64817
 10
3.74515
 20
2.67219
 10
3.73589
 20
2.68327
 10
3.72529
 20
2.69575
 10
3.71308
 20
2.71045
 10
3.6928
 20
2.72044
 10
3.6928
 20
2.72331
 10
3.68982
 20
2.7219
 10
3.68662
 20
2.72348
 10
3.68662
 20
2.72047
 10
3.66636
 20
2.71063
 10
3.63207
 20
2.67009
 10
3.62203
 20
2.65823
 10
3.61346
 20
2.64817
 10
3.58708
 20
2.63493
 10
3.56083
 20
2.64828
 10
3.5286
 20
2.68638
 10
3.51908
 20
2.69758
 10
3.50809
 20
2.71057
 10
3.4878
 20
2.72045
 10
3.4878
 20
2.72331
 10
3.4847
 20
2.72185
 10
3.48161
 20
2.72332
 10
3.48161
 20
2.72047
 10
3.46136
 20
2.71063
 10
3.42707
 20
2.67009
 10
3.41703
 20
2.65823
 10
3.40846
 20
2.64817
 10
3.38208
 20
2.63493
 10
3.35585
 20
2.64827
 10
3.34736
 20
2.65826
 10
3.31413
 20
2.69754
 10
3.30309
 20
2.71057
 10
3.28259
 20
2.72055
 10
3.28259
 20
2.72348
 10
3.27948
 20
2.72195
 10
3.27661
 20
2.72332
 10
3.27661
 20
2.72054
 10
3.25623
 20
2.7105
 10
3.23684
 20
2.68732
 10
3.22636
 20
2.67502
 10
3.21723
 20
2.66416
 10
3.20345
 20
2.64814
 10
3.17715
 20
2.63519
 10
3.1585
 20
2.64437
 10
3.15079
 20
2.64817
 10
3.13024
 20
2.67219
 10
3.12098
 20
2.68327
 10
3.11038
 20
2.69575
 10
3.09816
 20
2.71045
 10
3.07773
 20
2.72051
 10
3.07773
 20
2.72331
 10
3.07484
 20
2.72194
 10
3.07171
 20
2.72348
 10
3.07171
 20
2.72054
 10
3.05124
 20
2.7106
 10
3.04022
 20
2.69758
 10
3.00716
 20
2.65822
 10
2.99869
 20
2.64818
 10
2.97228
 20
2.63493
 10
2.94577
 20
2.64827
 10
2.91354
 20
2.68638
 10
2.90402
 20
2.69758
 10
2.89303
 20
2.71057
 10
2.87273
 20
2.72054
 10
2.87273
 20
2.72331
 10
2.86976
 20
2.7219
 10
2.86681
 20
2.72332
 10
2.86681
 20
2.7206
 10
2.84627
 20
2.71062
 10
2.83528
 20
2.69764
 10
2.80219
 20
2.65826
 10
2.79369
 20
2.64818
 10
2.76728
 20
2.63493
 10
2.74079
 20
2.64827
 10
2.70852
 20
2.68639
 10
2.69898
 20
2.6976
 10
2.68799
 20
2.71059
 10
2.67596
 20
2.7165
 10
2.66181
 20
2.72332
 10
2.66183
 20
2.60646
 10
2.63916
 20
2.60645
 10
2.61699
 20
2.60645
 10
2.5383
 20
2.60644
 10
2.45694
 20
2.60642
 10
1.98066
 20
2.60655
 10
2.45702
 20
2.15716
 10
2.45694
 20
2.60642
 10
2.45702
 20
2.87414
 10
2.57047
 20
2.87411
 10
2.56596
 20
2.88314
 10
2.55729
 20
2.90027
 10
2.54567
 20
2.91017
 10
2.53193
 20
2.92173
 10
2.5121
 20
2.93863
 10
2.4951
 20
2.95311
 10
2.48859
 20
2.9662
 10
2.48216
 20
2.97963
 10
2.48865
 20
2.99303
 10
2.49504
 20
3.006
 10
2.50939
 20
3.01801
 10
2.52178
 20
3.02857
 10
2.53839
 20
3.04247
 10
2.55722
 20
3.05857
 10
2.56742
 20
3.07887
 10
2.57045
 20
3.07887
 10
2.56893
 20
3.08194
 10
2.57047
 20
3.08503
 10
2.56743
 20
3.08503
 10
2.55727
 20
3.10529
 10
2.54565
 20
3.1152
 10
2.5319
 20
3.12676
 10
2.51208
 20
3.14366
 10
2.49508
 20
3.15813
 10
2.48857
 20
3.17122
 10
2.48215
 20
3.18465
 10
2.48864
 20
3.19792
 10
2.49502
 20
3.21076
 10
2.50937
 20
3.22289
 10
2.52178
 20
3.23349
 10
2.53839
 20
3.24753
 10
2.55721
 20
3.26362
 10
2.56741
 20
3.28389
 10
2.57047
 20
3.28389
 10
2.56893
 20
3.287
 10
2.57045
 20
3.29005
 10
2.56744
 20
3.29005
 10
2.55729
 20
3.31031
 10
2.54567
 20
3.32021
 10
2.53193
 20
3.33177
 10
2.5121
 20
3.34867
 10
2.4951
 20
3.36315
 10
2.48859
 20
3.37624
 10
2.48216
 20
3.38967
 10
2.48865
 20
3.40294
 10
2.49509
 20
3.41585
 10
2.50944
 20
3.42797
 10
2.52184
 20
3.43854
 10
2.5384
 20
3.45252
 10
2.55722
 20
3.46862
 10
2.56742
 20
3.48891
 10
2.57047
 20
3.48891
 10
2.56894
 20
3.492
 10
2.57047
 20
3.49507
 10
2.56744
 20
3.49507
 10
2.55729
 20
3.51533
 10
2.54567
 20
3.52523
 10
2.53193
 20
3.53679
 10
2.5121
 20
3.55369
 10
2.4951
 20
3.56817
 10
2.48859
 20
3.58113
 10
2.48216
 20
3.59443
 10
2.48865
 20
3.60784
 10
2.49509
 20
3.62087
 10
2.50944
 20
3.63299
 10
2.52184
 20
3.64356
 10
2.5384
 20
3.65754
 10
2.55722
 20
3.67364
 10
2.56749
 20
3.69407
 10
2.57036
 20
3.69407
 10
2.56893
 20
3.69698
 10
2.57047
 20
3.70009
 10
2.56739
 20
3.70009
 10
2.55748
 20
3.72028
 10
2.54592
 20
3.73015
 10
2.53213
 20
3.74177
 10
2.51187
 20
3.7588
 10
2.49497
 20
3.77322
 10
2.48856
 20
3.78647
 10
2.48216
 20
3.79946
 10
2.4925
 20
3.82085
 10
2.49489
 20
3.82578
 10
2.49984
 20
3.82995
 10
2.50381
 20
3.83334
 10
2.55742
 20
3.87864
 10
2.56179
 20
3.88753
 10
2.56742
 20
3.89895
 10
2.57047
 20
3.89895
 10
2.56894
 20
3.90204
 10
2.57037
 20
3.90495
 10
2.56752
 20
3.90495
 10
2.55729
 20
3.92537
 10
2.54567
 20
3.93527
 10
2.53193
 20
3.94683
 10
2.51211
 20
3.96373
 10
2.4951
 20
3.97821
 10
2.48859
 20
3.99117
 10
2.48216
 20
4.00447
 10
2.48865
 20
4.01788
 10
2.49509
 20
4.03091
 10
2.50944
 20
4.04304
 10
2.52184
 20
4.0536
 10
2.5384
 20
4.06758
 10
2.55722
 20
4.08368
 10
2.56753
 20
4.10398
 10
2.57037
 20
4.10398
 10
2.56895
 20
4.10685
 10
2.57047
 20
4.10987
 10
2.56745
 20
4.10987
 10
2.55748
 20
4.1302
 10
2.54592
 20
4.14006
 10
2.53213
 20
4.15168
 10
2.51187
 20
4.16871
 10
2.49497
 20
4.18313
 10
2.48856
 20
4.19638
 10
2.48216
 20
4.20937
 10
2.4925
 20
4.23075
 10
2.49489
 20
4.23569
 10
2.49985
 20
4.23988
 10
2.50382
 20
4.24327
 10
2.55742
 20
4.28856
 10
2.5618
 20
4.29753
 10
2.56737
 20
4.30899
 10
2.57047
 20
4.30899
 10
2.56891
 20
4.31215
 10
2.57035
 20
4.31512
 10
2.56746
 20
4.31512
 10
2.55729
 20
4.33541
 10
2.54555
 20
4.34539
 10
2.52617
 20
4.36193
 10
2.5121
 20
4.37366
 10
2.4951
 20
4.38799
 10
2.48859
 20
4.40108
 10
2.48216
 20
4.41451
 10
2.48865
 20
4.42792
 10
2.49509
 20
4.44095
 10
2.50944
 20
4.45308
 10
2.52184
 20
4.46364
 10
2.5384
 20
4.47762
 10
2.55722
 20
4.49372
 10
2.56752
 20
4.51401
 10
2.57047
 20
4.51401
 10
2.569
 20
4.51698
 10
2.57047
 20
4.51991
 10
2.56757
 20
4.51991
 10
2.55729
 20
4.54043
 10
2.54555
 20
4.55041
 10
2.52617
 20
4.56695
 10
2.5121
 20
4.57868
 10
2.4951
 20
4.59301
 10
2.48859
 20
4.6061
 10
2.48216
 20
4.61953
 10
2.48865
 20
4.63294
 10
2.49489
 20
4.64597
 10
2.5384
 20
4.68254
 10
2.55722
 20
4.69848
 10
2.56755
 20
4.71903
 10
2.57045
 20
4.71903
 10
2.569
 20
4.72197
 10
2.57047
 20
4.72493
 10
2.56755
 20
4.72493
 10
2.55727
 20
4.74545
 10
2.54566
 20
4.75525
 10
2.53191
 20
4.7668
 10
2.51208
 20
4.78356
 10
2.49508
 20
4.79803
 10
2.48858
 20
4.81111
 10
2.48215
 20
4.82455
 10
2.48863
 20
4.83796
 10
2.49486
 20
4.85098
 10
2.53837
 20
4.88756
 10
2.5572
 20
4.9035
 10
2.56754
 20
4.92405
 10
2.57047
 20
4.92405
 10
2.569
 20
4.92703
 10
2.57045
 20
4.92995
 10
2.56757
 20
4.92995
 10
2.55729
 20
4.95047
 10
2.54568
 20
4.96027
 10
2.53193
 20
4.97182
 10
2.51211
 20
4.98857
 10
2.49511
 20
5.00305
 10
2.4886
 20
5.01613
 10
2.48216
 20
5.02957
 10
2.48865
 20
5.04298
 10
2.49489
 20
5.05601
 10
2.5384
 20
5.09258
 10
2.55722
 20
5.10852
 10
2.56749
 20
5.12894
 10
2.57036
 20
5.12894
 10
2.56893
 20
5.13187
 10
2.57047
 20
5.13497
 10
2.5674
 20
5.13497
 10
2.56185
 20
5.14628
 10
2.55748
 20
5.15516
 10
2.54591
 20
5.16503
 10
2.53212
 20
5.17665
 10
2.51187
 20
5.19368
 10
2.49497
 20
5.2081
 10
2.48856
 20
5.22135
 10
2.48215
 20
5.23433
 10
2.49249
 20
5.25593
 10
2.4949
 20
5.26091
 10
2.49985
 20
5.2651
 10
2.50383
 20
5.2685
 10
2.55742
 20
5.31378
 10
2.56179
 20
5.32266
 10
2.56738
 20
5.334
 10
2.57036
 20
5.334
 10
2.56887
 20
5.33703
 10
2.57037
 20
5.34008
 10
2.56736
 20
5.34008
 10
2.55748
 20
5.36022
 10
2.54592
 20
5.37008
 10
2.53213
 20
5.3817
 10
2.51187
 20
5.39873
 10
2.49497
 20
5.41316
 10
2.48856
 20
5.4264
 10
2.48216
 20
5.43939
 10
2.4925
 20
5.46079
 10
2.49489
 20
5.46572
 10
2.49984
 20
5.46989
 10
2.50381
 20
5.47328
 10
2.55742
 20
5.51858
 10
2.56179
 20
5.52747
 10
2.56753
 20
5.53911
 10
2.57037
 20
5.53911
 10
2.56895
 20
5.54199
 10
2.57037
 20
5.54488
 10
2.56751
 20
5.54488
 10
2.55748
 20
5.56533
 10
2.54592
 20
5.57519
 10
2.53213
 20
5.58681
 10
2.51187
 20
5.60384
 10
2.49497
 20
5.61827
 10
2.48856
 20
5.63151
 10
2.48216
 20
5.6445
 10
2.4925
 20
5.6659
 10
2.49489
 20
5.67082
 10
2.49983
 20
5.67499
 10
2.50379
 20
5.67838
 10
2.55742
 20
5.72369
 10
2.5618
 20
5.73258
 10
2.56735
 20
5.74388
 10
2.57047
 20
5.74388
 10
2.5689
 20
5.74705
 10
2.57035
 20
5.75
 10
2.56746
 20
5.75
 10
2.55729
 20
5.77029
 10
2.54567
 20
5.78019
 10
2.53193
 20
5.79176
 10
2.5121
 20
5.80866
 10
2.4951
 20
5.82313
 10
2.48859
 20
5.83622
 10
2.48216
 20
5.84965
 10
2.48865
 20
5.86293
 10
2.49509
 20
5.87583
 10
2.50944
 20
5.88796
 10
2.52184
 20
5.89852
 10
2.5384
 20
5.9125
 10
2.55722
 20
5.9286
 10
2.56746
 20
5.94897
 10
2.57037
 20
5.94897
 10
2.56891
 20
5.95192
 10
2.57047
 20
5.95505
 10
2.56736
 20
5.95505
 10
2.55748
 20
5.97519
 10
2.54592
 20
5.98505
 10
2.53213
 20
5.99667
 10
2.51187
 20
6.0137
 10
2.49497
 20
6.02813
 10
2.48856
 20
6.04137
 10
2.48216
 20
6.05436
 10
2.48865
 20
6.06779
 10
2.49506
 20
6.08079
 10
2.50954
 20
6.093
 10
2.52625
 20
6.10727
 10
2.54598
 20
6.12398
 10
2.55742
 20
6.1338
 10
2.5618
 20
6.14269
 10
2.56731
 20
6.15392
 10
2.57047
 20
6.15392
 10
2.56888
 20
6.15712
 10
2.57035
 20
6.16011
 10
2.56743
 20
6.16011
 10
2.55729
 20
6.18033
 10
2.54567
 20
6.19024
 10
2.53193
 20
6.2018
 10
2.51211
 20
6.2187
 10
2.4951
 20
6.23317
 10
2.48859
 20
6.24613
 10
2.48216
 20
6.25944
 10
2.48865
 20
6.27284
 10
2.49509
 20
6.28587
 10
2.50944
 20
6.298
 10
2.52184
 20
6.30856
 10
2.5384
 20
6.32254
 10
2.55722
 20
6.33864
 10
2.56742
 20
6.35894
 10
2.57047
 20
6.35894
 10
2.56894
 20
6.36202
 10
2.57047
 20
6.36509
 10
2.56744
 20
6.36509
 10
2.55729
 20
6.38535
 10
2.54567
 20
6.39525
 10
2.53193
 20
6.40682
 10
2.51211
 20
6.42372
 10
2.4951
 20
6.43819
 10
2.48859
 20
6.45115
 10
2.48216
 20
6.46446
 10
2.48865
 20
6.47786
 10
2.49509
 20
6.49089
 10
2.50944
 20
6.50302
 10
2.52184
 20
6.51358
 10
2.5384
 20
6.52756
 10
2.55722
 20
6.54366
 10
2.56749
 20
6.56408
 10
2.57036
 20
6.56408
 10
2.56892
 20
6.567
 10
2.57047
 20
6.57011
 10
2.56738
 20
6.57011
 10
2.55748
 20
6.5903
 10
2.54592
 20
6.60016
 10
2.53213
 20
6.61178
 10
2.51187
 20
6.62881
 10
2.49497
 20
6.64324
 10
2.48856
 20
6.65648
 10
2.48216
 20
6.66947
 10
2.4925
 20
6.69087
 10
2.49489
 20
6.69579
 10
2.49983
 20
6.69996
 10
2.5038
 20
6.70335
 10
2.55742
 20
6.74866
 10
2.56179
 20
6.75754
 10
2.56742
 20
6.76898
 10
2.57047
 20
6.76898
 10
2.56894
 20
6.77206
 10
2.57037
 20
6.77496
 10
2.56753
 20
6.77496
 10
2.55729
 20
6.79539
 10
2.54557
 20
6.80536
 10
2.52618
 20
6.8219
 10
2.5121
 20
6.83364
 10
2.4951
 20
6.84798
 10
2.48859
 20
6.86106
 10
2.48216
 20
6.8745
 10
2.48865
 20
6.8879
 10
2.49509
 20
6.90093
 10
2.50944
 20
6.91306
 10
2.52184
 20
6.92362
 10
2.5384
 20
6.9376
 10
2.55722
 20
6.9537
 10
2.56752
 20
6.97399
 10
2.57045
 20
6.974
 10
2.56899
 20
6.97695
 10
2.57047
 20
6.9799
 10
2.56755
 20
6.9799
 10
2.55727
 20
7.00041
 10
2.54555
 20
7.01038
 10
2.52617
 20
7.02692
 10
2.51208
 20
7.03867
 10
2.49508
 20
7.053
 10
2.48857
 20
7.06609
 10
2.48215
 20
7.07952
 10
2.48863
 20
7.09292
 10
2.49502
 20
7.10589
 10
2.50937
 20
7.11801
 10
2.52178
 20
7.12861
 10
2.53839
 20
7.14265
 10
2.55722
 20
7.15875
 10
2.56751
 20
7.17901
 10
2.57047
 20
7.17902
 10
2.56899
 20
7.18201
 10
2.57045
 20
7.18492
 10
2.56757
 20
7.18492
 10
2.55729
 20
7.20543
 10
2.54557
 20
7.2154
 10
2.52618
 20
7.23194
 10
2.5121
 20
7.24368
 10
2.4951
 20
7.25802
 10
2.48859
 20
7.2711
 10
2.48216
 20
7.28454
 10
2.48865
 20
7.29794
 10
2.49489
 20
7.31097
 10
2.5384
 20
7.34754
 10
2.55722
 20
7.36348
 10
2.56756
 20
7.38404
 10
2.57036
 20
7.38404
 10
2.56896
 20
7.3869
 10
2.57047
 20
7.38994
 10
2.56747
 20
7.38994
 10
2.56185
 20
7.40138
 10
2.55748
 20
7.41026
 10
2.54592
 20
7.42013
 10
2.53212
 20
7.43175
 10
2.51187
 20
7.44878
 10
2.49497
 20
7.4632
 10
2.48856
 20
7.47645
 10
2.48215
 20
7.48944
 10
2.4925
 20
7.51083
 10
2.49489
 20
7.51576
 10
2.49985
 20
7.51994
 10
2.50382
 20
7.52334
 10
2.55742
 20
7.56862
 10
2.56179
 20
7.57751
 10
2.56748
 20
7.58905
 10
2.57047
 20
7.58906
 10
2.56897
 20
7.59209
 10
2.57037
 20
7.59493
 10
2.56758
 20
7.59493
 10
2.55729
 20
7.61547
 10
2.54568
 20
7.62527
 10
2.53193
 20
7.63682
 10
2.51211
 20
7.65358
 10
2.4951
 20
7.66805
 10
2.4886
 20
7.68113
 10
2.48216
 20
7.69458
 10
2.48865
 20
7.70798
 10
2.49489
 20
7.72102
 10
2.5384
 20
7.75758
 10
2.55722
 20
7.77352
 10
2.56755
 20
7.79407
 10
2.57047
 20
7.79408
 10
2.569
 20
7.79702
 10
2.57047
 20
7.79998
 10
2.56754
 20
7.79998
 10
2.55729
 20
7.82024
 10
2.54567
 20
7.83014
 10
2.53193
 20
7.8417
 10
2.5121
 20
7.8586
 10
2.4951
 20
7.87308
 10
2.48859
 20
7.88616
 10
2.48216
 20
7.8996
 10
2.48865
 20
7.913
 10
2.49504
 20
7.92597
 10
2.50939
 20
7.93798
 10
2.52178
 20
7.94854
 10
2.53839
 20
7.96243
 10
2.55722
 20
7.97853
 10
2.56748
 20
7.99896
 10
2.57036
 20
7.99896
 10
2.56892
 20
8.00188
 10
2.57047
 20
8.005
 10
2.56738
 20
8.005
 10
2.55748
 20
8.02518
 10
2.54592
 20
8.03504
 10
2.53213
 20
8.04666
 10
2.51187
 20
8.06369
 10
2.49497
 20
8.07812
 10
2.48856
 20
8.09136
 10
2.48216
 20
8.10435
 10
2.48865
 20
8.11778
 10
2.49506
 20
8.13078
 10
2.50959
 20
8.14315
 10
2.5263
 20
8.15756
 10
2.54603
 20
8.1741
 10
2.55742
 20
8.18379
 10
2.56179
 20
8.19268
 10
2.56743
 20
8.20411
 10
2.57047
 20
8.20411
 10
2.56894
 20
8.20718
 10
2.57037
 20
8.2101
 10
2.5675
 20
8.2101
 10
2.55729
 20
8.23028
 10
2.54567
 20
8.24018
 10
2.53193
 20
8.25174
 10
2.51211
 20
8.26864
 10
2.4951
 20
8.28312
 10
2.48859
 20
8.2962
 10
2.48216
 20
8.30964
 10
2.48865
 20
8.32291
 10
2.49509
 20
8.33581
 10
2.50944
 20
8.34794
 10
2.52184
 20
8.35851
 10
2.5384
 20
8.37248
 10
2.55722
 20
8.38858
 10
2.56742
 20
8.40888
 10
2.57047
 20
8.40888
 10
2.56894
 20
8.41197
 10
2.57047
 20
8.41504
 10
2.56744
 20
8.41504
 10
2.55729
 20
8.4353
 10
2.54567
 20
8.4452
 10
2.53193
 20
8.45676
 10
2.5121
 20
8.47366
 10
2.4951
 20
8.48814
 10
2.48859
 20
8.50122
 10
2.48216
 20
8.51466
 10
2.48865
 20
8.52793
 10
2.49509
 20
8.54083
 10
2.50944
 20
8.55296
 10
2.52184
 20
8.56352
 10
2.5384
 20
8.5775
 10
2.55722
 20
8.5936
 10
2.56744
 20
8.61393
 10
2.57037
 20
8.61393
 10
2.5689
 20
8.6169
 10
2.57047
 20
8.62006
 10
2.56734
 20
8.62006
 10
2.55748
 20
8.64014
 10
2.54592
 20
8.65001
 10
2.53213
 20
8.66163
 10
2.51187
 20
8.67866
 10
2.49497
 20
8.69308
 10
2.48856
 20
8.70646
 10
2.48216
 20
8.71957
 10
2.49249
 20
8.74095
 10
2.49489
 20
8.74589
 10
2.49986
 20
8.75009
 10
2.50384
 20
8.75349
 10
2.55742
 20
8.79876
 10
2.5618
 20
8.80765
 10
2.57866
 20
8.842
 10
2.67521
 20
8.842
 10
2.67567
 20
8.84225
 10
2.67567
 20
8.89331
 10
2.67521
 20
8.90504
 10
2.67521
 20
8.96709
 10
2.29142
 20
8.96709
 10
2.0339
 20
8.96734
 10
2.0339
 20
8.96709
 10
2.03339
 20
8.96709
 10
2.0339
 20
8.90504
 10
2.0339
 20
8.84225
 10
2.2914
 20
8.842
 10
2.45073
 20
8.842
 10
2.45073
 20
8.82806
 10
2.45673
 20
8.82806
 10
2.45673
 20
8.80764
 10
2.45673
 20
8.79875
 10
2.45673
 20
8.75349
 10
2.45673
 20
8.75008
 10
2.45673
 20
8.74589
 10
2.45674
 20
8.74094
 10
2.45674
 20
8.71957
 10
2.45674
 20
8.70645
 10
2.45674
 20
8.69308
 10
2.45674
 20
8.67865
 10
2.45674
 20
8.66162
 10
2.45674
 20
8.65
 10
2.45674
 20
8.64014
 10
2.45674
 20
8.62254
 10
2.45674
 20
8.61392
 10
2.45674
 20
8.61093
 10
2.45674
 20
8.5936
 10
2.45675
 20
8.5775
 10
2.45675
 20
8.56352
 10
2.45675
 20
8.55296
 10
2.45675
 20
8.54083
 10
2.45675
 20
8.52793
 10
2.45675
 20
8.51465
 10
2.45675
 20
8.50122
 10
2.45675
 20
8.48814
 10
2.45675
 20
8.47366
 10
2.45675
 20
8.45676
 10
2.45675
 20
8.44519
 10
2.45676
 20
8.43529
 10
2.45676
 20
8.41799
 10
2.45676
 20
8.41503
 10
2.45676
 20
8.40591
 10
2.45676
 20
8.38857
 10
2.45676
 20
8.37248
 10
2.45676
 20
8.3585
 10
2.45676
 20
8.34794
 10
2.45676
 20
8.33581
 10
2.45676
 20
8.32291
 10
2.45676
 20
8.30963
 10
2.45676
 20
8.2962
 10
2.45676
 20
8.28312
 10
2.45677
 20
8.26864
 10
2.45677
 20
8.25174
 10
2.45677
 20
8.24017
 10
2.45677
 20
8.23027
 10
2.45677
 20
8.21314
 10
2.45677
 20
8.21009
 10
2.45677
 20
8.19267
 10
2.45677
 20
8.18378
 10
2.45677
 20
8.17409
 10
2.45677
 20
8.15755
 10
2.45677
 20
8.14315
 10
2.45677
 20
8.13077
 10
2.45678
 20
8.11778
 10
2.45678
 20
8.10435
 10
2.45678
 20
8.09136
 10
2.45678
 20
8.07811
 10
2.45678
 20
8.06369
 10
2.45678
 20
8.04666
 10
2.45678
 20
8.03504
 10
2.45678
 20
8.02517
 10
2.45678
 20
8.00757
 10
2.45678
 20
8.00486
 10
2.45678
 20
7.99587
 10
2.45678
 20
7.97853
 10
2.45678
 20
7.96243
 10
2.45678
 20
7.94853
 10
2.45679
 20
7.93797
 10
2.45679
 20
7.92596
 10
2.45679
 20
7.913
 10
2.45679
 20
7.89959
 10
2.45679
 20
7.88616
 10
2.45679
 20
7.87308
 10
2.45679
 20
7.8586
 10
2.45679
 20
7.8417
 10
2.45679
 20
7.83013
 10
2.45679
 20
7.82023
 10
2.45679
 20
7.8031
 10
2.45679
 20
7.79407
 10
2.45679
 20
7.79085
 10
2.45679
 20
7.77352
 10
2.4568
 20
7.75758
 10
2.4568
 20
7.72161
 10
2.4568
 20
7.72102
 10
2.4568
 20
7.72054
 10
2.4568
 20
7.70798
 10
2.4568
 20
7.69457
 10
2.4568
 20
7.68113
 10
2.4568
 20
7.66805
 10
2.4568
 20
7.65357
 10
2.4568
 20
7.63682
 10
2.4568
 20
7.62527
 10
2.4568
 20
7.61546
 10
2.4568
 20
7.59817
 10
2.4568
 20
7.58905
 10
2.45681
 20
7.5775
 10
2.45681
 20
7.56862
 10
2.45681
 20
7.52334
 10
2.45681
 20
7.51994
 10
2.45681
 20
7.51576
 10
2.45681
 20
7.51082
 10
2.45681
 20
7.48943
 10
2.45681
 20
7.47645
 10
2.45681
 20
7.4632
 10
2.45681
 20
7.44878
 10
2.45681
 20
7.43175
 10
2.45681
 20
7.42012
 10
2.45681
 20
7.41026
 10
2.45681
 20
7.40137
 10
2.45682
 20
7.38993
 10
2.45682
 20
7.38081
 10
2.45682
 20
7.36348
 10
2.45682
 20
7.34754
 10
2.45682
 20
7.31152
 10
2.45682
 20
7.31098
 10
2.45682
 20
7.31054
 10
2.45682
 20
7.29794
 10
2.45682
 20
7.28453
 10
2.45682
 20
7.2711
 10
2.45682
 20
7.25802
 10
2.45682
 20
7.24368
 10
2.45682
 20
7.23194
 10
2.45683
 20
7.21539
 10
2.45683
 20
7.20542
 10
2.45683
 20
7.18813
 10
2.45683
 20
7.18491
 10
2.45683
 20
7.17901
 10
2.45683
 20
7.17588
 10
2.45683
 20
7.15874
 10
2.45683
 20
7.14265
 10
2.45683
 20
7.12861
 10
2.45683
 20
7.11801
 10
2.45683
 20
7.10588
 10
2.45683
 20
7.09292
 10
2.45683
 20
7.07951
 10
2.45683
 20
7.06608
 10
2.45684
 20
7.053
 10
2.45684
 20
7.03866
 10
2.45684
 20
7.02691
 10
2.45684
 20
7.01037
 10
2.45684
 20
7.00041
 10
2.45684
 20
6.9831
 10
2.45684
 20
6.97399
 10
2.45684
 20
6.97086
 10
2.45684
 20
6.95369
 10
2.45684
 20
6.93759
 10
2.45684
 20
6.92362
 10
2.45685
 20
6.91305
 10
2.45685
 20
6.90093
 10
2.45685
 20
6.8879
 10
2.45685
 20
6.87449
 10
2.45685
 20
6.86106
 10
2.45685
 20
6.84798
 10
2.45685
 20
6.83364
 10
2.45685
 20
6.8219
 10
2.45685
 20
6.80535
 10
2.45685
 20
6.79538
 10
2.45686
 20
6.77808
 10
2.45686
 20
6.77495
 10
2.45686
 20
6.75754
 10
2.45686
 20
6.74865
 10
2.45686
 20
6.70335
 10
2.45686
 20
6.69996
 10
2.45686
 20
6.69579
 10
2.45686
 20
6.69087
 10
2.45686
 20
6.66947
 10
2.45686
 20
6.65648
 10
2.45686
 20
6.64323
 10
2.45687
 20
6.62881
 10
2.45687
 20
6.61178
 10
2.45687
 20
6.60015
 10
2.45687
 20
6.59029
 10
2.45687
 20
6.57269
 10
2.45687
 20
6.56787
 10
2.45687
 20
6.56098
 10
2.45687
 20
6.54365
 10
2.45687
 20
6.52755
 10
2.45687
 20
6.51358
 10
2.45687
 20
6.50301
 10
2.45688
 20
6.49089
 10
2.45688
 20
6.47786
 10
2.45688
 20
6.46445
 10
2.45688
 20
6.45115
 10
2.45688
 20
6.43819
 10
2.45688
 20
6.42372
 10
2.45688
 20
6.40681
 10
2.45688
 20
6.39525
 10
2.45688
 20
6.38535
 10
2.45688
 20
6.36805
 10
2.45688
 20
6.36509
 10
2.45689
 20
6.35596
 10
2.45689
 20
6.33863
 10
2.45689
 20
6.32253
 10
2.45689
 20
6.30856
 10
2.45689
 20
6.298
 10
2.45689
 20
6.28587
 10
2.45689
 20
6.27284
 10
2.45689
 20
6.25943
 10
2.45689
 20
6.24613
 10
2.45689
 20
6.23317
 10
2.4569
 20
6.2187
 10
2.4569
 20
6.20179
 10
2.4569
 20
6.19023
 10
2.4569
 20
6.18033
 10
2.4569
 20
6.16303
 10
2.4569
 20
6.1601
 10
2.4569
 20
6.14268
 10
2.4569
 20
6.1338
 10
2.4569
 20
6.12397
 10
2.4569
 20
6.10727
 10
2.4569
 20
6.093
 10
2.45691
 20
6.08078
 10
2.45691
 20
6.06779
 10
2.45691
 20
6.05436
 10
2.45691
 20
6.04137
 10
2.45691
 20
6.02812
 10
2.45691
 20
6.0137
 10
2.45691
 20
5.99667
 10
2.45691
 20
5.98504
 10
2.45691
 20
5.97518
 10
2.45691
 20
5.95758
 10
2.45691
 20
5.95505
 10
2.45691
 20
5.95025
 10
2.45691
 20
5.94896
 10
2.45691
 20
5.94592
 10
2.45692
 20
5.92859
 10
2.45692
 20
5.91249
 10
2.45692
 20
5.89852
 10
2.45692
 20
5.88795
 10
2.45692
 20
5.87583
 10
2.45692
 20
5.86292
 10
2.45692
 20
5.84965
 10
2.45692
 20
5.83622
 10
2.45692
 20
5.82313
 10
2.45692
 20
5.80866
 10
2.45693
 20
5.79175
 10
2.45693
 20
5.78019
 10
2.45693
 20
5.77029
 10
2.45693
 20
5.75299
 10
2.45693
 20
5.74387
 10
2.45693
 20
5.73257
 10
2.45693
 20
5.72369
 10
2.45693
 20
5.67838
 10
2.45693
 20
5.67499
 10
2.45693
 20
5.67082
 10
2.45693
 20
5.6659
 10
2.45694
 20
5.6445
 10
2.45694
 20
5.63151
 10
2.45694
 20
5.61827
 10
2.45694
 20
5.60384
 10
2.45694
 20
5.58681
 10
2.45694
 20
5.57518
 10
2.45694
 20
5.56532
 10
2.45694
 20
5.54772
 10
2.45694
 20
5.54487
 10
2.45695
 20
5.52745
 10
2.45695
 20
5.51857
 10
2.45695
 20
5.47328
 10
2.45695
 20
5.46989
 10
2.45695
 20
5.46571
 10
2.45695
 20
5.46078
 10
2.45695
 20
5.43939
 10
2.45696
 20
5.4264
 10
2.45696
 20
5.41315
 10
2.45696
 20
5.39873
 10
2.45696
 20
5.3817
 10
2.45696
 20
5.37007
 10
2.45696
 20
5.36021
 10
2.45696
 20
5.34261
 10
2.45697
 20
5.34007
 10
2.45697
 20
5.32265
 10
2.45697
 20
5.31377
 10
2.45697
 20
5.26849
 10
2.45697
 20
5.26509
 10
2.45697
 20
5.26091
 10
2.45697
 20
5.25592
 10
2.45698
 20
5.23633
 10
2.45698
 20
5.22134
 10
2.45698
 20
5.2081
 10
2.45698
 20
5.17742
 10
1.95195
 20
5.17735
 10
1.9252
 20
5.1775
 10
1.9252
 20
5.186
 10
1.895
 20
5.186
 10
1.895
 20
5.3077
 10
1.904
 20
5.3078
 10
1.904
 20
8.0477
 10
1.895
 20
8.0477
 10
1.895
 20
8.268
 10
2.0334
 20
8.268
 10
2.0334
 20
8.286
 10
1.62012
 20
8.286
 10
1.59113
 20
8.31048
 10
1.58353
 20
8.31697
 10
1.5735
 20
8.32543
 10
1.56832
 20
8.3359
 10
1.56046
 20
8.35178
 10
1.57355
 20
8.37818
 10
1.59429
 20
8.39574
 10
1.60508
 20
8.40477
 10
1.62298
 20
8.42002
 10
1.63583
 20
8.43086
 10
1.64593
 20
8.45126
 10
1.64858
 20
8.45126
 10
1.6472
 20
8.45411
 10
1.6487
 20
8.45723
 10
1.64572
 20
8.45723
 10
1.63597
 20
8.47759
 10
1.59509
 20
8.51227
 10
1.5734
 20
8.53063
 10
1.56068
 20
8.55673
 10
1.5734
 20
8.58312
 10
1.59643
 20
8.6026
 10
1.64872
 20
8.60257
 10
1.64161
 20
8.61696
 10
1.63416
 20
8.63248
 10
1.64778
 20
8.66055
 10
1.64858
 20
8.66218
 10
1.59645
 20
8.66222
 10
1.59112
 20
8.66672
 10
1.58352
 20
8.6732
 10
1.5735
 20
8.68167
 10
1.56833
 20
8.69212
 10
1.56046
 20
8.70801
 10
1.57355
 20
8.73441
 10
1.59428
 20
8.75197
 10
1.60507
 20
8.761
 10
1.62298
 20
8.77625
 10
1.63583
 20
8.78709
 10
1.64593
 20
8.80749
 10
1.64858
 20
8.80749
 10
1.6472
 20
8.81035
 10
1.6487
 20
8.81346
 10
1.64572
 20
8.81346
 10
1.63597
 20
8.83383
 10
1.59509
 20
8.8685
 10
1.5734
 20
8.88686
 10
1.56068
 20
8.91296
 10
1.5734
 20
8.93936
 10
1.61179
 20
8.97183
 10
1.63587
 20
8.99224
 10
1.65002
 20
9.0214
 10
1.64161
 20
9.03843
 10
1.63586
 20
9.05041
 10
1.59118
 20
9.08813
 10
1.58356
 20
9.09464
 10
1.5735
 20
9.10313
 10
1.56831
 20
9.11362
 10
1.56046
 20
9.12948
 10
1.57355
 20
9.15588
 10
1.59429
 20
9.17344
 10
1.60507
 20
9.18247
 10
1.62298
 20
9.19772
 10
1.63583
 20
9.20856
 10
1.64593
 20
9.22896
 10
1.64858
 20
9.22896
 10
1.6472
 20
9.23181
 10
1.6487
 20
9.23493
 10
1.64572
 20
9.23493
 10
1.63597
 20
9.25529
 10
1.59509
 20
9.28997
 10
1.5734
 20
9.30833
 10
1.56068
 20
9.33442
 10
1.5734
 20
9.36082
 10
1.61179
 20
9.3933
 10
1.63587
 20
9.4137
 10
1.64778
 20
9.43825
 10
1.64858
 20
9.43988
 10
1.53755
 20
9.43996
 10
1.53761
 20
9.51896
 10
1.67091
 20
9.51896
 10
1.67091
 20
9.64406
 10
1.03869
 20
9.64406
 10
1.03869
 20
9.51896
 10
1.52561
 20
9.51896
 10
1.52556
 20
9.44296
 10
1.53156
 20
9.44296
 10
1.53154
 20
9.41377
 10
1.53152
 20
9.39335
 10
1.5315
 20
9.36085
 10
1.53149
 20
9.34171
 10
1.53148
 20
9.33447
 10
1.53148
 20
9.32727
 10
1.53147
 20
9.30835
 10
1.53145
 20
9.29001
 10
1.53143
 20
9.25536
 10
1.53142
 20
9.235
 10
1.53141
 20
9.22979
 10
1.53141
 20
9.22904
 10
1.53141
 20
9.22293
 10
1.5314
 20
9.20863
 10
1.53139
 20
9.19778
 10
1.53138
 20
9.18252
 10
1.53138
 20
9.17348
 10
1.53136
 20
9.15591
 10
1.53135
 20
9.13678
 10
1.53135
 20
9.12951
 10
1.53134
 20
9.12229
 10
1.53134
 20
9.11365
 10
1.53133
 20
9.10316
 10
1.53132
 20
9.09467
 10
1.53132
 20
9.08817
 10
1.53129
 20
9.05048
 10
1.53129
 20
9.0385
 10
1.53128
 20
9.02561
 10
1.53127
 20
9.01686
 10
1.53125
 20
8.9923
 10
1.53124
 20
8.97189
 10
1.53122
 20
8.93939
 10
1.53121
 20
8.92025
 10
1.5312
 20
8.913
 10
1.5312
 20
8.90581
 10
1.53118
 20
8.88689
 10
1.53117
 20
8.86854
 10
1.53115
 20
8.8339
 10
1.53113
 20
8.80922
 10
1.53113
 20
8.80768
 10
1.53113
 20
8.80147
 10
1.53112
 20
8.78716
 10
1.53111
 20
8.77631
 10
1.5311
 20
8.76105
 10
1.53109
 20
8.75201
 10
1.53108
 20
8.73444
 10
1.53107
 20
8.71531
 10
1.53107
 20
8.70805
 10
1.53106
 20
8.70083
 10
1.53105
 20
8.69215
 10
1.53105
 20
8.68169
 10
1.53104
 20
8.67324
 10
1.53104
 20
8.66676
 10
1.53101
 20
8.62901
 10
1.531
 20
8.61566
 10
1.53098
 20
8.58315
 10
1.53097
 20
8.56401
 10
1.53096
 20
8.55677
 10
1.53096
 20
8.54958
 10
1.53095
 20
8.53065
 10
1.53093
 20
8.51231
 10
1.53091
 20
8.47766
 10
1.5309
 20
8.45731
 10
1.5309
 20
8.45266
 10
1.53089
 20
8.45134
 10
1.53089
 20
8.44524
 10
1.53088
 20
8.43093
 10
1.53087
 20
8.42008
 10
1.53086
 20
8.40482
 10
1.53086
 20
8.39578
 10
1.53085
 20
8.37821
 10
1.53083
 20
8.35908
 10
1.53083
 20
8.35182
 10
1.53082
 20
8.34459
 10
1.53082
 20
8.33592
 10
1.53081
 20
8.32546
 10
1.5308
 20
8.317
 10
1.5308
 20
8.31052
 10
1.53078
 20
8.286
 10
0.277
 20
8.286
 10
0.277
 20
9.0681
 10
1.0391
 20
9.0681
 10
1.03913
 20
9.27708
 10
1.0391
 20
9.2861
 10
0.0684
 20
9.2861
 10
0.0684
 20
9.2773
 10
-0.51632
 20
9.27793
 10
-0.51629
 20
9.30812
 10
-0.51628
 20
9.30942
 10
-0.51627
 20
9.32291
 10
-0.51625
 20
9.3344
 10
-0.51622
 20
9.35954
 10
-0.51622
 20
9.36085
 10
-0.51622
 20
9.3623
 10
-0.51622
 20
9.364
 10
-0.51618
 20
9.39066
 10
-0.51615
 20
9.41345
 10
-0.51615
 20
9.41883
 10
-0.51612
 20
9.44283
 10
-0.51012
 20
9.44282
 10
-0.51002
 20
9.51896
 10
-0.02221
 20
9.51896
 10
-0.02221
 20
9.64406
 10
-0.65525
 20
9.64406
 10
-0.65525
 20
9.51896
 10
-0.52202
 20
9.51896
 10
-0.52212
 20
9.43983
 10
-0.63631
 20
9.43998
 10
-0.62622
 20
9.41897
 10
-0.62356
 20
9.41359
 10
-0.59631
 20
9.39076
 10
-0.5647
 20
9.36406
 10
-0.56096
 20
9.36091
 10
-0.54827
 20
9.33453
 10
-0.56088
 20
9.3082
 10
-0.58888
 20
9.28466
 10
-0.59247
 20
9.28159
 10
-0.61775
 20
9.26038
 10
-0.62346
 20
9.25555
 10
-0.63356
 20
9.23511
 10
-0.63632
 20
9.23512
 10
-0.63489
 20
9.23216
 10
-0.63637
 20
9.22909
 10
-0.63341
 20
9.22909
 10
-0.6261
 20
9.21394
 10
-0.62333
 20
9.20838
 10
-0.59605
 20
9.18533
 10
-0.56472
 20
9.15886
 10
-0.56101
 20
9.15572
 10
-0.54806
 20
9.1294
 10
-0.56124
 20
9.10319
 10
-0.58883
 20
9.07985
 10
-0.61279
 20
9.05949
 10
-0.61776
 20
9.05526
 10
-0.62349
 20
9.05041
 10
-0.63346
 20
9.02975
 10
-0.63766
 20
9.02133
 10
-0.62622
 20
8.9975
 10
-0.62356
 20
8.99213
 10
-0.59631
 20
8.9693
 10
-0.5647
 20
8.94259
 10
-0.56096
 20
8.93944
 10
-0.54827
 20
8.91307
 10
-0.56088
 20
8.88674
 10
-0.58888
 20
8.86319
 10
-0.59247
 20
8.86013
 10
-0.61775
 20
8.83891
 10
-0.62346
 20
8.83408
 10
-0.63356
 20
8.81365
 10
-0.63632
 20
8.81365
 10
-0.63489
 20
8.81069
 10
-0.63637
 20
8.80763
 10
-0.63341
 20
8.80762
 10
-0.6261
 20
8.79247
 10
-0.62333
 20
8.78691
 10
-0.5966
 20
8.76432
 10
-0.59605
 20
8.76386
 10
-0.56472
 20
8.73739
 10
-0.56101
 20
8.73425
 10
-0.54806
 20
8.70793
 10
-0.56124
 20
8.68173
 10
-0.5843
 20
8.66223
 10
-0.63631
 20
8.66228
 10
-0.62622
 20
8.64127
 10
-0.62183
 20
8.63239
 10
-0.63346
 20
8.60829
 10
-0.63425
 20
8.60671
 97
0
 92
3
 72
0
 73
1
 93
114
 10
-3.5842
 20
4.83116
 10
-3.27283
 20
4.83116
 10
-3.27283
 20
4.83047
 10
-3.01225
 20
4.8134
 10
-2.93124
 20
4.80809
 10
-2.93124
 20
4.63019
 10
-2.92618
 20
4.3511
 10
-2.345
 20
4.3511
 10
-2.34495
 20
4.3422
 10
-2.336
 20
4.3422
 10
-2.336
 20
3.816
 10
-0.264
 20
3.816
 10
-0.264
 20
4.15656
 10
-0.32425
 20
4.15656
 10
-0.32425
 20
4.14227
 10
-0.34442
 20
4.14227
 10
-0.34442
 20
4.15656
 10
-0.38981
 20
4.15656
 10
-0.40302
 20
4.16175
 10
-0.41334
 20
4.1658
 10
-0.61001
 20
4.1658
 10
-0.62323
 20
4.16061
 10
-0.63355
 20
4.15656
 10
-0.72348
 20
4.15656
 10
-0.73715
 20
4.16175
 10
-0.74785
 20
4.1658
 10
-0.94368
 20
4.1658
 10
-0.95736
 20
4.16061
 10
-0.96805
 20
4.15656
 10
-1.0832
 20
4.15656
 10
-1.0832
 20
4.19858
 10
-0.96805
 20
4.19858
 10
-0.95735
 20
4.19452
 10
-0.94368
 20
4.18934
 10
-0.74785
 20
4.18934
 10
-0.73715
 20
4.19339
 10
-0.72348
 20
4.19858
 10
-0.63355
 20
4.19858
 10
-0.62321
 20
4.19452
 10
-0.61001
 20
4.18934
 10
-0.41334
 20
4.18934
 10
-0.403
 20
4.19339
 10
-0.38981
 20
4.19858
 10
-0.34442
 20
4.19858
 10
-0.34442
 20
4.21707
 10
-0.32425
 20
4.21707
 10
-0.32425
 20
4.23724
 10
-0.22424
 20
4.23724
 10
-0.22424
 20
4.21707
 10
-0.20406
 20
4.21707
 10
-0.20406
 20
4.1774
 10
-0.1248
 20
4.1774
 10
-0.1248
 20
4.186
 10
-0.0949
 20
4.186
 10
-0.0949
 20
4.1774
 10
-0.0859
 20
4.1774
 10
-0.0859
 20
3.816
 10
0.0051
 20
3.816
 10
0.0051
 20
3.8073
 10
0.0139
 20
3.8073
 10
0.0139
 20
3.5474
 10
0.00643
 20
3.5474
 10
0.00572
 20
3.538
 10
-5.0015
 20
3.538
 10
-5.0015
 20
3.288
 10
-5.9925
 20
3.288
 10
-5.9925
 20
2.7816
 10
-5.9931
 20
2.7816
 10
-5.9931
 20
2.6399
 10
-6.0015
 20
2.6399
 10
-6.0015
 20
2.6311
 10
-6.0315
 20
2.6311
 10
-6.0315
 20
2.6309
 10
-6.1105
 20
2.6309
 10
-6.1105
 20
2.58989
 10
-6.1369
 20
2.58989
 10
-6.1369
 20
2.5848
 10
-6.14544
 20
2.5848
 10
-6.14544
 20
2.53987
 10
-6.17089
 20
2.53987
 10
-6.17089
 20
2.58989
 10
-6.23095
 20
2.58989
 10
-6.23095
 20
2.6309
 10
-6.2316
 20
2.6309
 10
-6.2316
 20
2.6397
 10
-6.241
 20
2.6397
 10
-6.241
 20
2.64034
 10
-6.29066
 20
2.64034
 10
-6.29066
 20
2.7196
 10
-6.241
 20
2.7196
 10
-6.241
 20
3.5274
 10
-6.2316
 20
3.5274
 10
-6.2316
 20
3.536
 10
-5.2409
 20
3.536
 10
-5.2409
 20
3.7772
 10
-2.5726
 20
3.7772
 10
-2.5726
 20
3.5859
 10
-2.3749
 20
3.5859
 10
-2.3749
 20
3.7772
 10
-0.2249
 20
3.7772
 10
-0.2249
 20
3.5859
 10
-0.12485
 20
3.5859
 10
-0.125
 20
3.7772
 10
-5.2405
 20
3.7772
 10
-5.2405
 20
4.1094
 10
-3.79264
 20
4.1094
 10
-3.79268
 20
4.15225
 10
-3.6184
 20
4.15245
 10
-3.6184
 20
4.15217
 10
-3.43487
 20
4.15217
 10
-3.01502
 20
4.152
 10
-3.0151
 20
4.3123
 10
-3.0252
 20
4.3123
 10
-3.0252
 20
4.35331
 97
0
 92
3
 72
0
 73
1
 93
12
 10
-2.3749
 20
8.268
 10
-2.3749
 20
8.0773
 10
-2.564
 20
8.0773
 10
-2.564
 20
8.268
 10
-0.0948
 20
8.268
 10
-0.0948
 20
8.0477
 10
-0.1038
 20
8.0477
 10
-0.1038
 20
8.0471
 10
-0.2159
 20
8.0471
 10
-0.2159
 20
8.0773
 10
-0.2249
 20
8.0773
 10
-0.2249
 20
8.268
 97
0
 92
3
 72
0
 73
1
 93
24
 10
1.92519
 20
0.468
 10
1.92519
 20
0.2861
 10
1.9252
 20
0.2861
 10
1.9252
 20
0.27724
 10
2.4569
 20
0.2772
 10
2.4569
 20
0.30154
 10
2.4569
 20
0.31453
 10
2.45691
 20
0.33592
 10
2.45691
 20
0.34086
 10
2.45691
 20
0.34304
 10
2.45691
 20
0.34586
 10
2.45691
 20
0.34704
 10
2.45691
 20
0.34844
 10
2.45691
 20
0.39372
 10
2.45691
 20
0.40261
 10
2.45691
 20
0.42003
 10
2.45691
 20
0.43129
 10
2.45691
 20
0.44018
 10
2.45692
 20
0.45004
 10
2.45692
 20
0.47835
 10
2.0427
 20
0.47843
 10
2.0427
 20
0.4774
 10
2.0334
 20
0.4774
 10
2.0334
 20
0.468
 97
0
 92
3
 72
0
 73
1
 93
4
 10
-0.32425
 20
5.03737
 10
-0.32425
 20
5.11302
 10
-0.34442
 20
5.11302
 10
-0.34442
 20
5.03737
 97
0
 92
3
 72
0
 73
1
 93
6
 10
-0.2159
 20
5.3079
 10
-0.2159
 20
5.1774
 10
-0.1248
 20
5.1774
 10
-0.1248
 20
5.186
 10
-0.0948
 20
5.186
 10
-0.0948
 20
5.3079
 97
0
 92
3
 72
0
 73
1
 93
6
 10
-2.573
 20
0.468
 10
-2.573
 20
0.2863
 10
-2.564
 20
0.2863
 10
-2.564
 20
0.27724
 10
-2.3749
 20
0.27724
 10
-2.3749
 20
0.468
 97
0
 92
3
 72
0
 73
1
 93
18
 10
-6.2316
 20
0.5179
 10
-5.2409
 20
0.5179
 10
-5.2409
 20
-0.0549
 10
-3.84799
 20
-0.0549
 10
-3.84799
 20
-0.62193
 10
-3.81416
 20
-0.62313
 10
-3.81405
 20
-0.62126
 10
-3.7857
 20
-0.62126
 10
-3.78595
 20
-0.50792
 10
-3.78595
 20
-0.0549
 10
-3.01543
 20
-0.0549
 10
-3.01543
 20
-0.2626
 10
-3.0246
 20
-0.2626
 10
-3.0246
 20
-0.2927
 10
-3.0156
 20
-0.2927
 10
-3.01543
 20
-0.71277
 10
-3.01843
 20
-0.71277
 10
-3.28933
 20
-0.71277
 97
0
 92
3
 72
0
 73
1
 93
49
 10
-6.2316
 20
0.5179
 10
-6.2316
 20
0.5273
 10
-6.241
 20
0.5273
 10
-6.241
 20
1.35968
 10
-6.29066
 20
1.35968
 10
-6.29066
 20
1.43998
 10
-6.2316
 20
1.44005
 10
-6.2316
 20
1.449
 10
-6.23095
 20
1.449
 10
-6.23095
 20
1.49042
 10
-6.17089
 20
1.49042
 10
-6.17089
 20
1.54024
 10
-6.14544
 20
1.54024
 10
-6.14544
 20
1.4949
 10
-6.1369
 20
1.4949
 10
-6.1369
 20
1.49042
 10
-6.1105
 20
1.49042
 10
-6.1105
 20
1.449
 10
-6.0316
 20
1.4491
 10
-6.0015
 20
1.4491
 10
-6.0015
 20
1.44
 10
-5.9925
 20
1.43999
 10
-5.9929
 20
1.02349
 10
-5.9931
 20
1.02349
 10
-5.9931
 20
0.7659
 10
-5.0015
 20
0.7659
 10
-5.0015
 20
0.5159
 10
-0.28307
 20
0.5159
 10
-0.28307
 20
0.52739
 10
-0.20827
 20
0.52739
 10
-0.20827
 20
0.5159
 10
-0.2066
 20
0.5159
 10
-0.2066
 20
0.50745
 10
-0.1881
 20
0.5073
 10
-0.1881
 20
0.24752
 10
-0.1969
 20
0.24752
 10
-0.1969
 20
0.2473
 10
-0.2066
 20
0.2473
 10
-0.2066
 20
0.2379
 10
-0.20827
 20
0.2379
 10
-0.20827
 20
0.22735
 10
-0.28307
 20
0.22735
 10
-0.28307
 20
0.2379
 10
-2.336
 20
0.2379
 10
-2.336
 20
-0.2927
 10
-2.34146
 20
-0.2927
 10
-2.34346
 20
-0.3019
 10
-2.92922
 20
-0.3019
 10
-2.92922
 20
-0.71277
 97
0
 92
3
 72
0
 73
1
 93
4
 10
-6.223
 20
0.7119
 10
-6.223
 20
0.5359
 10
-6.0457
 20
0.5359
 10
-6.0457
 20
0.7119
 97
0
 92
3
 72
0
 73
1
 93
4
 10
-6.223
 20
3.518
 10
-6.223
 20
3.33704
 10
-6.03151
 20
3.33704
 10
-6.03391
 20
3.518
 97
0
 92
3
 72
0
 73
1
 93
7
 10
-3.79298
 20
4.19477
 10
-3.79273
 20
4.153
 10
-3.81367
 20
4.15252
 10
-3.8137
 20
4.15299
 10
-3.85503
 20
4.15299
 10
-3.85503
 20
4.74302
 10
-3.79298
 20
4.74264
 97
0
 92
3
 72
0
 73
1
 93
4
 10
3.81839
 20
6.0523
 10
3.81839
 20
5.05228
 10
3.31838
 20
5.05228
 10
3.31838
 20
6.0523
 97
0
 92
3
 72
0
 73
1
 93
3
 10
-3.01591
 20
8.96734
 10
-3.01501
 20
8.96709
 10
-3.01591
 20
8.96709
 97
0
 92
3
 72
0
 73
1
 93
3
 10
-3.01591
 20
-4.76795
 10
-3.01501
 20
-4.76795
 10
-3.01591
 20
-4.7677
 97
0
 92
3
 72
0
 73
1
 93
5
 10
-3.01501
 20
8.90504
 10
-3.0137
 20
8.89946
 10
-3.0137
 20
8.84225
 10
-3.01591
 20
8.89943
 10
-3.01591
 20
8.90504
 97
0
 92
3
 72
0
 73
1
 93
4
 10
-3.01591
 20
-4.89279
 10
-3.0137
 20
-4.83557
 10
-3.01501
 20
-4.82999
 10
-3.01591
 20
-4.82999
 97
0
 92
3
 72
0
 73
1
 93
7
 10
-3.79298
 20
7.70822
 10
-3.79273
 20
7.70833
 10
-3.79273
 20
7.70822
 10
-3.79298
 20
7.64494
 10
-3.79298
 20
7.11841
 10
-3.85503
 20
7.11841
 10
-3.85503
 20
7.70822
 97
0
 92
3
 72
0
 73
1
 93
8
 10
-6.14544
 20
2.0447
 10
-6.1369
 20
2.0447
 10
-6.1369
 20
2.0348
 10
-6.14544
 20
2.0348
 10
-6.14544
 20
1.9897
 10
-6.17089
 20
1.9897
 10
-6.17089
 20
2.09041
 10
-6.14544
 20
2.09041
 97
0
 75
1
 76
1
 52
0.0
 41
0.02
 77
0
 78
1
 53
45.0
 43
0.0
 44
0.0
 45
-0.0449012806
 46
0.0449012806
 79
0
 98
0
  0
LWPOLYLINE
  5
34A
330
17
100
AcDbEntity
  8
CATI_DUVAR
100
AcDbPolyline
 90
144
 70
1
 38
10.7705
 10
-3.5842
 20
7.02945
 10
-3.5842
 20
4.83116
 10
-3.626
 20
4.83116
 10
-3.626
 20
4.7429
 10
-3.635
 20
4.7429
 10
-3.635
 20
4.7329
 10
-3.655
 20
4.7329
 10
-3.655
 20
4.7429
 10
-3.6839
 20
4.7429
 10
-3.6839
 20
5.31694
 10
-3.70362
 20
5.31694
 10
-3.70361
 20
6.56309
 10
-3.70338
 20
7.70315
 10
-3.74791
 20
7.70316
 10
-3.7479
 20
7.71516
 10
-3.70638
 20
7.71515
 10
-3.70638
 20
7.70915
 10
-3.67527
 20
7.70914
 10
-3.67107
 20
7.70914
 10
-3.64942
 20
7.70913
 10
-3.6349
 20
7.70913
 10
-3.58396
 20
7.70912
 10
-3.43498
 20
7.70909
 10
-3.43497
 20
7.74935
 10
-3.43495
 20
7.79946
 10
-3.43491
 20
7.91068
 10
-3.43488
 20
7.99905
 10
-3.55363
 20
7.99909
 10
-3.54435
 20
8.01847
 10
-3.54093
 20
8.02527
 10
-3.52108
 20
8.04196
 10
-3.47824
 20
8.07812
 10
-3.47547
 20
8.08371
 10
-3.46556
 20
8.10458
 10
-3.47556
 20
8.12532
 10
-3.47829
 20
8.13086
 10
-3.48555
 20
8.13698
 10
-3.49411
 20
8.14421
 10
-3.54078
 20
8.18357
 10
-3.54569
 20
8.19344
 10
-3.55073
 20
8.20412
 10
-3.55365
 20
8.20411
 10
-3.55221
 20
8.20712
 10
-3.55363
 20
8.21002
 10
-3.55091
 20
8.21002
 10
-3.54072
 20
8.23028
 10
-3.51242
 20
8.25436
 10
-3.47827
 20
8.28317
 10
-3.47548
 20
8.28873
 10
-3.46558
 20
8.3096
 10
-3.47557
 20
8.33014
 10
-3.4783
 20
8.33562
 10
-3.48556
 20
8.3418
 10
-3.49415
 20
8.34905
 10
-3.54081
 20
8.38868
 10
-3.55071
 20
8.40913
 10
-3.55386
 20
8.40913
 10
-3.55228
 20
8.41228
 10
-3.55365
 20
8.41504
 10
-3.5509
 20
8.41504
 10
-3.54553
 20
8.42576
 10
-3.54072
 20
8.43557
 10
-3.52098
 20
8.45228
 10
-3.47829
 20
8.48814
 10
-3.47556
 20
8.4937
 10
-3.46556
 20
8.51454
 10
-3.47814
 20
8.5407
 10
-3.49394
 20
8.55402
 10
-3.54074
 20
8.59368
 10
-3.55092
 20
8.61413
 10
-3.55386
 20
8.61413
 10
-3.55237
 20
8.6171
 10
-3.55381
 20
8.62001
 10
-3.55091
 20
8.62002
 10
-3.54553
 20
8.63077
 10
-3.54072
 20
8.64057
 10
-3.52098
 20
8.65728
 10
-3.47829
 20
8.69313
 10
-3.46538
 20
8.71953
 10
-3.47813
 20
8.7457
 10
-3.49394
 20
8.75902
 10
-3.54074
 20
8.79868
 10
-3.54559
 20
8.80857
 10
-3.55386
 20
8.82501
 10
-3.44261
 20
8.82523
 10
-3.44265
 20
8.84274
 10
-3.43065
 20
8.84276
 10
-3.43062
 20
8.82825
 10
-3.43662
 20
8.82824
 10
-3.43658
 20
8.80878
 10
-3.43656
 20
8.79888
 10
-3.43648
 20
8.75913
 10
-3.43645
 20
8.74578
 10
-3.43641
 20
8.72465
 10
-3.4364
 20
8.71957
 10
-3.43639
 20
8.71449
 10
-3.43635
 20
8.69322
 10
-3.43628
 20
8.65744
 10
-3.43625
 20
8.64077
 10
-3.43623
 20
8.63098
 10
-3.43621
 20
8.62024
 10
-3.43619
 20
8.61015
 10
-3.43616
 20
8.59388
 10
-3.43608
 20
8.55413
 10
-3.43605
 20
8.54078
 10
-3.43601
 20
8.51972
 10
-3.436
 20
8.51464
 10
-3.43596
 20
8.49378
 10
-3.43595
 20
8.48822
 10
-3.43588
 20
8.45244
 10
-3.43584
 20
8.43577
 10
-3.43582
 20
8.42598
 10
-3.4358
 20
8.41351
 10
-3.43579
 20
8.4092
 10
-3.43575
 20
8.38888
 10
-3.43567
 20
8.34916
 10
-3.43566
 20
8.3419
 10
-3.43565
 20
8.33571
 10
-3.43564
 20
8.33022
 10
-3.4356
 20
8.30966
 10
-3.43553
 20
8.27551
 10
-3.0149
 20
8.27633
 10
-3.0149
 20
8.286
 10
-0.60783
 20
8.286
 10
-0.58883
 20
8.30216
 10
-0.56124
 20
8.3255
 10
-0.54806
 20
8.3517
 10
-0.56101
 20
8.37802
 10
-0.56472
 20
8.38116
 10
-0.59605
 20
8.40763
 10
-0.62333
 20
8.43068
 10
-0.6261
 20
8.43624
 10
-0.63341
 20
8.45139
 10
-0.63637
 20
8.45139
 10
-0.63489
 20
8.45446
 10
-0.63632
 20
8.45742
 10
-0.63356
 20
8.45741
 10
-0.62347
 20
8.47785
 10
-0.61775
 20
8.48268
 10
-0.59247
 20
8.50389
 10
-0.58888
 20
8.50696
 10
-0.56088
 20
8.5305
 10
-0.54758
 20
8.55827
 10
-0.63636
 20
8.60248
  0
LWPOLYLINE
  5
34B
330
17
100
AcDbEntity
  8
CATI_DUVAR
100
AcDbPolyline
 90
2625
 70
1
 38
10.7705
 10
-3.5842
 20
7.02945
 10
-3.43292
 20
7.02945
 10
-3.43192
 20
7.02945
 10
-3.28089
 20
7.02945
 10
-2.93124
 20
7.05356
 10
-2.93124
 20
7.21673
 10
-2.92618
 20
7.493
 10
-2.34384
 20
7.493
 10
-2.34243
 20
7.5023
 10
-2.336
 20
7.5023
 10
-2.336
 20
8.038
 10
-2.18234
 20
8.038
 10
-2.18926
 20
8.01685
 10
-2.18926
 20
8.00699
 10
-2.187
 20
7.992
 10
-2.1859
 20
7.99164
 10
-1.37232
 20
7.99164
 10
-1.3709
 20
7.99211
 10
-1.3698
 20
7.99248
 10
-1.36933
 20
7.99343
 10
-1.36896
 20
7.99416
 10
-1.36896
 20
8.01685
 10
-1.37606
 20
8.038
 10
-0.264
 20
8.038
 10
-0.264
 20
5.0773
 10
-0.25484
 20
5.0773
 10
-0.25466
 20
5.03737
 10
-0.32425
 20
5.03737
 10
-0.32425
 20
5.01804
 10
-0.22424
 20
5.01804
 10
-0.22424
 20
5.03737
 10
-0.20406
 20
5.03737
 10
-0.20406
 20
5.07729
 10
-0.12485
 20
5.07729
 10
-0.1248
 20
5.0679
 10
-0.0949
 20
5.0679
 10
-0.0949
 20
5.0773
 10
-0.0859
 20
5.0773
 10
-0.0859
 20
5.1381
 10
-0.02841
 20
5.1381
 10
-0.02841
 20
5.1273
 10
0.0464
 20
5.1273
 10
0.0464
 20
5.1381
 10
0.0481
 20
5.1381
 10
0.0481
 20
5.14713
 10
0.06657
 20
5.14748
 10
0.06657
 20
5.22732
 10
0.06993
 20
5.22732
 10
0.06993
 20
5.34247
 10
0.06474
 20
5.35614
 10
0.06068
 20
5.36684
 10
0.06068
 20
5.55511
 10
0.06587
 20
5.56831
 10
0.06993
 20
5.57864
 10
0.06993
 20
5.66941
 10
0.06474
 20
5.68262
 10
0.06068
 20
5.69294
 10
0.06068
 20
5.88121
 10
0.06587
 20
5.89489
 10
0.06993
 20
5.90558
 10
0.06993
 20
6.02073
 10
0.02791
 20
6.02073
 10
0.02791
 20
5.90558
 10
0.03196
 20
5.89489
 10
0.03715
 20
5.88121
 10
0.03715
 20
5.69294
 10
0.03309
 20
5.68262
 10
0.02791
 20
5.66941
 10
0.02791
 20
5.57864
 10
0.03196
 20
5.56832
 10
0.03715
 20
5.55511
 10
0.03715
 20
5.36684
 10
0.03309
 20
5.35614
 10
0.02791
 20
5.34247
 10
0.02791
 20
5.32734
 10
-0.02841
 20
5.32734
 10
-0.02841
 20
5.3167
 10
-0.0858
 20
5.3167
 10
-0.0858
 20
8.0381
 10
1.886
 20
8.0381
 10
1.886
 20
5.3167
 10
0.92637
 20
5.3167
 10
0.92637
 20
5.32734
 10
0.85157
 20
5.32734
 10
0.85157
 20
5.3167
 10
0.8478
 20
5.3167
 10
0.8478
 20
5.30717
 10
0.8314
 20
5.30717
 10
0.8314
 20
5.14728
 10
0.8482
 20
5.14695
 10
0.8482
 20
5.1381
 10
0.85157
 20
5.1381
 10
0.85157
 20
5.1273
 10
0.92637
 20
5.1273
 10
0.92637
 20
5.1381
 10
1.8859
 20
5.1381
 10
1.8859
 20
3.816
 10
0.8451
 20
3.816
 10
0.8451
 20
3.8073
 10
0.8361
 20
3.8073
 10
0.8361
 20
3.5474
 10
0.84505
 20
3.5474
 10
0.8451
 20
3.538
 10
1.94538
 20
3.538
 10
1.94543
 20
3.43326
 10
1.94579
 20
2.60457
 10
1.94579
 20
2.60356
 10
1.94596
 20
2.2118
 10
1.94595
 20
2.15083
 10
1.98053
 20
2.1468
 10
2.25215
 20
2.15278
 10
2.43864
 20
2.15677
 10
2.45498
 20
2.15712
 10
2.45679
 20
2.15716
 10
2.4619
 20
2.15727
 10
2.53837
 20
2.1589
 10
2.61707
 20
2.16064
 10
2.63924
 20
2.16112
 10
2.77926
 20
2.1642
 10
2.79699
 20
2.16458
 10
2.92283
 20
2.16727
 10
2.95052
 20
2.16786
 10
3.00828
 20
2.16909
 10
3.08285
 20
2.17069
 10
3.22769
 20
2.17387
 10
3.26062
 20
2.17459
 10
3.29445
 20
2.17534
 10
3.36664
 20
2.17688
 10
3.5317
 20
2.1804
 10
3.55879
 20
2.18098
 10
3.5696
 20
2.18121
 10
3.6145
 20
2.18217
 10
3.79815
 20
2.1862
 10
3.8349
 20
2.18698
 10
3.87753
 20
2.18789
 10
3.91501
 20
2.18869
 10
3.93515
 20
2.18912
 10
4.07931
 20
2.19219
 10
4.0794
 20
2.066
 10
4.0794
 20
1.92961
 10
4.0793
 20
1.79078
 10
3.93522
 20
1.7947
 10
3.87761
 20
1.79645
 10
3.83498
 20
1.79781
 10
3.79613
 20
1.79886
 10
3.75424
 20
1.79999
 10
3.61289
 20
1.8038
 10
3.56968
 20
1.80497
 10
3.56093
 20
1.80525
 10
3.56053
 20
1.80526
 10
3.53177
 20
1.80618
 10
3.29256
 20
1.81261
 10
3.2607
 20
1.81347
 10
3.22777
 20
1.81452
 10
3.2007
 20
1.81525
 10
3.08135
 20
1.81845
 10
3.01079
 20
1.82033
 10
2.95061
 20
1.82195
 10
2.92291
 20
1.82283
 10
2.79597
 20
1.82622
 10
2.77783
 20
1.82671
 10
2.63929
 20
1.8304
 10
2.61713
 20
1.83111
 10
2.53698
 20
1.83324
 10
2.45896
 20
1.83532
 10
2.01258
 20
1.84723
 10
1.99146
 20
1.84723
 10
1.94589
 20
1.84272
 10
1.94589
 20
1.84275
 10
1.9467
 20
1.81434
 10
1.94742
 20
1.78937
 10
1.96179
 20
1.3987
 10
1.94657
 20
0.59145
 10
1.94515
 20
0.5159
 10
0.77172
 20
0.5159
 10
0.77172
 20
0.52739
 10
0.69692
 20
0.52739
 10
0.69692
 20
0.5159
 10
0.6933
 20
0.5159
 10
0.6933
 20
0.50741
 10
0.67675
 20
0.50722
 10
0.67675
 20
0.37779
 10
0.67339
 20
0.37779
 10
0.67339
 20
0.26266
 10
0.67855
 20
0.24895
 10
0.67675
 20
0.24752
 10
0.68263
 20
0.24752
 10
0.68263
 20
-0.00042
 10
0.67745
 20
-0.01362
 10
0.67339
 20
-0.02396
 10
0.67339
 20
-0.11389
 10
0.67858
 20
-0.12756
 10
0.68263
 20
-0.13826
 10
0.68263
 20
-0.37611
 10
0.67745
 20
-0.38978
 10
0.67339
 20
-0.40049
 10
0.67339
 20
-0.51563
 10
0.71541
 20
-0.51563
 10
0.71541
 20
-0.40049
 10
0.71136
 20
-0.3898
 10
0.70617
 20
-0.37611
 10
0.70617
 20
-0.13826
 10
0.71023
 20
-0.12756
 10
0.71541
 20
-0.11389
 10
0.71541
 20
-0.02396
 10
0.71136
 20
-0.01364
 10
0.70617
 20
-0.00042
 10
0.70617
 20
0.22735
 10
0.77172
 20
0.22735
 10
0.77172
 20
0.2379
 10
1.8859
 20
0.2379
 10
1.8859
 20
-3.9841
 10
-2.336
 20
-3.9841
 10
-2.336
 20
-3.4526
 10
-2.345
 20
-3.4526
 10
-2.345
 20
-3.444
 10
-2.92792
 20
-3.444
 10
-2.93274
 20
-3.16038
 10
-2.93274
 20
-2.92386
 10
-3.28327
 20
-2.92357
 10
-3.28373
 20
-2.92358
 10
-3.43322
 20
-2.9236
 10
-3.43622
 20
-2.9236
 10
-3.57699
 20
-2.92362
 10
-3.57699
 20
-1.20265
 10
-3.57692
 20
-0.71873
 10
-3.29233
 20
-0.71877
 10
-3.29233
 20
-0.71277
 10
-3.29233
 20
-0.70677
 10
-3.57392
 20
-0.70673
 10
-3.57392
 20
-0.71273
 10
-3.619
 20
-0.71272
 10
-3.619
 20
-0.622
 10
-3.628
 20
-0.622
 10
-3.628
 20
-0.6115
 10
-3.6479
 20
-0.6115
 10
-3.6479
 20
-0.622
 10
-3.6569
 20
-0.622
 10
-3.6569
 20
-0.62218
 10
-3.677
 20
-0.6222
 10
-3.677
 20
-1.20265
 10
-3.69744
 20
-1.20265
 10
-3.69744
 20
-2.4258
 10
-3.69744
 20
-2.43142
 10
-3.69744
 20
-2.43177
 10
-3.69666
 20
-3.59738
 10
-3.78595
 20
-3.59744
 10
-3.78595
 20
-3.05936
 10
-3.7857
 20
-3.01219
 10
-3.78595
 20
-3.01219
 10
-3.84799
 20
-3.01149
 10
-3.84799
 20
-3.60141
 10
-3.82678
 20
-3.60164
 10
-3.80624
 20
-3.60164
 10
-3.78376
 20
-3.60136
 10
-3.78376
 20
-3.60944
 10
-3.69965
 20
-3.60938
 10
-3.69966
 20
-3.60338
 10
-3.6652
 20
-3.60336
 10
-3.64233
 20
-3.60334
 10
-3.62768
 20
-3.60333
 10
-3.57621
 20
-3.6033
 10
-3.43577
 20
-3.60321
 10
-3.43566
 20
-3.68394
 10
-3.4354
 20
-3.88491
 10
-3.55381
 20
-3.88507
 10
-3.54883
 20
-3.89515
 10
-3.54074
 20
-3.9114
 10
-3.49394
 20
-3.95106
 10
-3.47813
 20
-3.96438
 10
-3.46556
 20
-3.99053
 10
-3.47556
 20
-4.01138
 10
-3.47829
 20
-4.01694
 10
-3.52098
 20
-4.0528
 10
-3.54072
 20
-4.06951
 10
-3.54553
 20
-4.07931
 10
-3.55083
 20
-4.0899
 10
-3.55363
 20
-4.0899
 10
-3.55224
 20
-4.09272
 10
-3.55386
 20
-4.09595
 10
-3.55065
 20
-4.09595
 10
-3.54571
 20
-4.10643
 10
-3.5408
 20
-4.1163
 10
-3.49412
 20
-4.15585
 10
-3.48557
 20
-4.16308
 10
-3.47831
 20
-4.16927
 10
-3.47558
 20
-4.1748
 10
-3.46556
 20
-4.19559
 10
-3.47547
 20
-4.21626
 10
-3.47824
 20
-4.2218
 10
-3.52108
 20
-4.25796
 10
-3.54093
 20
-4.27465
 10
-3.54435
 20
-4.28151
 10
-3.55071
 20
-4.29492
 10
-3.55365
 20
-4.29492
 10
-3.55215
 20
-4.29794
 10
-3.55363
 20
-4.30108
 10
-3.55059
 20
-4.30107
 10
-3.54081
 20
-4.32128
 10
-3.49415
 20
-4.36091
 10
-3.48556
 20
-4.36815
 10
-3.4783
 20
-4.37433
 10
-3.47557
 20
-4.37982
 10
-3.46558
 20
-4.40036
 10
-3.47548
 20
-4.42122
 10
-3.47827
 20
-4.42679
 10
-3.51243
 20
-4.45561
 10
-3.54072
 20
-4.47967
 10
-3.55081
 20
-4.49993
 10
-3.55365
 20
-4.49994
 10
-3.55215
 20
-4.50295
 10
-3.55365
 20
-4.5061
 10
-3.55059
 20
-4.50609
 10
-3.54081
 20
-4.5263
 10
-3.49415
 20
-4.56593
 10
-3.48556
 20
-4.57317
 10
-3.4783
 20
-4.57936
 10
-3.47557
 20
-4.58484
 10
-3.46558
 20
-4.60538
 10
-3.47548
 20
-4.62624
 10
-3.47827
 20
-4.63181
 10
-3.51243
 20
-4.66063
 10
-3.54072
 20
-4.68469
 10
-3.54887
 20
-4.70106
 10
-3.55365
 20
-4.71112
 10
-3.43989
 20
-4.71084
 10
-3.43975
 20
-4.76713
 10
-3.42775
 20
-4.7671
 10
-3.42788
 20
-4.71381
 10
-3.43388
 20
-4.71382
 10
-3.43396
 20
-4.68443
 10
-3.43401
 20
-4.66043
 10
-3.43408
 20
-4.6317
 10
-3.4341
 20
-4.62614
 10
-3.43415
 20
-4.6053
 10
-3.4342
 20
-4.58474
 10
-3.43421
 20
-4.57925
 10
-3.43423
 20
-4.57305
 10
-3.43425
 20
-4.56578
 10
-3.43434
 20
-4.52604
 10
-3.43439
 20
-4.50571
 10
-3.43441
 20
-4.49965
 10
-3.43442
 20
-4.49576
 10
-3.43446
 20
-4.47941
 10
-3.43452
 20
-4.45541
 10
-3.43459
 20
-4.42668
 10
-3.4346
 20
-4.42112
 10
-3.43465
 20
-4.40028
 10
-3.4347
 20
-4.37972
 10
-3.43471
 20
-4.37423
 10
-3.43473
 20
-4.36803
 10
-3.43475
 20
-4.36077
 10
-3.43483
 20
-4.32115
 10
-3.43485
 20
-4.30092
 10
-3.43488
 20
-4.28137
 10
-3.43489
 20
-4.27451
 10
-3.43491
 20
-4.25785
 10
-3.43496
 20
-4.22174
 10
-3.43496
 20
-4.21621
 10
-3.43499
 20
-4.19555
 10
-3.43502
 20
-4.17475
 10
-3.43503
 20
-4.16921
 10
-3.43503
 20
-4.16302
 10
-3.43504
 20
-4.15578
 10
-3.4351
 20
-4.11616
 10
-3.43511
 20
-4.10629
 10
-3.43512
 20
-4.09582
 10
-3.43513
 20
-4.09012
 10
-3.43514
 20
-4.07917
 10
-3.43516
 20
-4.06937
 10
-3.43518
 20
-4.05269
 10
-3.43522
 20
-4.02402
 10
-2.3749
 20
-4.02263
 10
-2.3749
 20
-4.2139
 10
-3.0149
 20
-4.2139
 10
-3.0149
 20
-4.2319
 10
-0.75779
 20
-4.2319
 10
-0.74518
 20
-4.25751
 10
-0.72743
 20
-4.2728
 10
-0.7142
 20
-4.284
 10
-0.69903
 20
-4.29679
 10
-0.6828
 20
-4.31059
 10
-0.67598
 20
-4.32478
 10
-0.66994
 20
-4.33681
 10
-0.67673
 20
-4.35096
 10
-0.68289
 20
-4.36326
 10
-0.69822
 20
-4.37617
 10
-0.71413
 20
-4.38966
 10
-0.73247
 20
-4.40527
 10
-0.7452
 20
-4.41594
 10
-0.74984
 20
-4.42562
 10
-0.75443
 20
-4.43473
 10
-0.75896
 20
-4.44397
 10
-0.75351
 20
-4.45503
 10
-0.74518
 20
-4.47195
 10
-0.72743
 20
-4.48724
 10
-0.7142
 20
-4.49844
 10
-0.69903
 20
-4.51123
 10
-0.6828
 20
-4.52503
 10
-0.67598
 20
-4.53922
 10
-0.66994
 20
-4.55125
 10
-0.67673
 20
-4.5654
 10
-0.68289
 20
-4.5777
 10
-0.69822
 20
-4.59061
 10
-0.71413
 20
-4.6041
 10
-0.73247
 20
-4.61971
 10
-0.7452
 20
-4.63038
 10
-0.74984
 20
-4.64006
 10
-0.75519
 20
-4.65068
 10
-0.75815
 20
-4.65068
 10
-0.75665
 20
-4.65371
 10
-0.75815
 20
-4.65676
 10
-0.75515
 20
-4.65676
 10
-0.74514
 20
-4.67709
 10
-0.7323
 20
-4.68786
 10
-0.7176
 20
-4.70034
 10
-0.69849
 20
-4.71657
 10
-0.68297
 20
-4.72967
 10
-0.67692
 20
-4.74182
 10
-0.66994
 20
-4.75605
 10
-0.67673
 20
-4.77021
 10
-0.68289
 20
-4.78251
 10
-0.69826
 20
-4.79557
 10
-0.71417
 20
-4.8092
 10
-0.73251
 20
-4.8248
 10
-0.7452
 20
-4.83544
 10
-0.74984
 20
-4.84511
 10
-0.75443
 20
-4.85423
 10
-0.75815
 20
-4.86181
 10
-0.75351
 20
-4.87122
 10
-0.74518
 20
-4.88814
 10
-0.72744
 20
-4.90343
 10
-0.71421
 20
-4.91463
 10
-0.69904
 20
-4.92742
 10
-0.6828
 20
-4.94122
 10
-0.67599
 20
-4.95542
 10
-0.66994
 20
-4.96744
 10
-0.67673
 20
-4.9816
 10
-0.68289
 20
-4.9939
 10
-0.69825
 20
-5.00684
 10
-0.71416
 20
-5.02033
 10
-0.7325
 20
-5.03593
 10
-0.7452
 20
-5.04657
 10
-0.74984
 20
-5.05625
 10
-0.75519
 20
-5.06687
 10
-0.75815
 20
-5.06687
 10
-0.75666
 20
-5.0699
 10
-0.75815
 20
-5.07295
 10
-0.75515
 20
-5.07295
 10
-0.74514
 20
-5.09328
 10
-0.7323
 20
-5.10406
 10
-0.7176
 20
-5.11653
 10
-0.69906
 20
-5.1323
 10
-0.68297
 20
-5.14587
 10
-0.67693
 20
-5.15801
 10
-0.66995
 20
-5.17225
 10
-0.67398
 20
-5.18066
 10
-0.67491
 20
-5.1826
 10
-0.67673
 20
-5.1864
 10
-0.68289
 20
-5.1987
 10
-0.69823
 20
-5.21174
 10
-0.71414
 20
-5.22536
 10
-0.73248
 20
-5.24096
 10
-0.7452
 20
-5.25163
 10
-0.74984
 20
-5.26131
 10
-0.75443
 20
-5.27042
 10
-0.75815
 20
-5.27801
 10
-0.75351
 20
-5.28742
 10
-0.74514
 20
-5.30442
 10
-0.7323
 20
-5.3152
 10
-0.7176
 20
-5.32767
 10
-0.69906
 20
-5.34343
 10
-0.68297
 20
-5.35701
 10
-0.6772
 20
-5.36859
 10
-0.66995
 20
-5.38338
 10
-0.67673
 20
-5.39754
 10
-0.68289
 20
-5.40984
 10
-0.69823
 20
-5.42288
 10
-0.71414
 20
-5.4365
 10
-0.73248
 20
-5.4521
 10
-0.7452
 20
-5.46277
 10
-0.74984
 20
-5.47244
 10
-0.75443
 20
-5.48156
 10
-0.75815
 20
-5.48915
 10
-0.64452
 20
-5.44754
 10
-0.64452
 20
-5.56775
 10
-0.64387
 20
-5.568
 10
-0.28248
 20
-5.568
 10
-0.27851
 20
-5.56775
 10
-0.27851
 20
-5.56074
 10
-0.27786
 20
-5.44731
 10
-0.15456
 20
-5.48915
 10
-0.16541
 20
-5.46711
 10
-0.1675
 20
-5.46287
 10
-0.17219
 20
-5.45885
 10
-0.19846
 20
-5.43657
 10
-0.22987
 20
-5.40981
 10
-0.24285
 20
-5.38346
 10
-0.22982
 20
-5.357
 10
-0.19877
 20
-5.33085
 10
-0.17225
 20
-5.3084
 10
-0.16754
 20
-5.30437
 10
-0.15689
 20
-5.28274
 10
-0.15456
 20
-5.27801
 10
-0.16541
 20
-5.25597
 10
-0.1675
 20
-5.25173
 10
-0.17228
 20
-5.24764
 10
-0.19847
 20
-5.22542
 10
-0.22987
 20
-5.19866
 10
-0.24285
 20
-5.17232
 10
-0.22982
 20
-5.14586
 10
-0.19877
 20
-5.11971
 10
-0.17225
 20
-5.09726
 10
-0.16754
 20
-5.09323
 10
-0.15749
 20
-5.07282
 10
-0.15467
 20
-5.07282
 10
-0.15608
 20
-5.06996
 10
-0.15456
 20
-5.06687
 10
-0.15759
 20
-5.06687
 10
-0.16743
 20
-5.04664
 10
-0.19584
 20
-5.02262
 10
-0.22982
 20
-4.99366
 10
-0.24283
 20
-4.96736
 10
-0.22963
 20
-4.94084
 10
-0.20114
 20
-4.91684
 10
-0.17605
 20
-4.89558
 10
-0.16748
 20
-4.88834
 10
-0.16542
 20
-4.88407
 10
-0.15459
 20
-4.86181
 10
-0.15455
 20
-4.86181
 10
-0.15457
 20
-4.86178
 10
-0.16541
 20
-4.83978
 10
-0.1675
 20
-4.83553
 10
-0.17172
 20
-4.83192
 10
-0.19846
 20
-4.80924
 10
-0.22987
 20
-4.78247
 10
-0.24285
 20
-4.75612
 10
-0.22983
 20
-4.72967
 10
-0.19877
 20
-4.70351
 10
-0.17225
 20
-4.68106
 10
-0.16754
 20
-4.67704
 10
-0.15748
 20
-4.65662
 10
-0.15467
 20
-4.65662
 10
-0.15608
 20
-4.65377
 10
-0.15455
 20
-4.65068
 10
-0.15759
 20
-4.65068
 10
-0.16743
 20
-4.63045
 10
-0.19584
 20
-4.60642
 10
-0.22982
 20
-4.57747
 10
-0.24283
 20
-4.55117
 10
-0.22963
 20
-4.52465
 10
-0.20114
 20
-4.50065
 10
-0.17605
 20
-4.47939
 10
-0.16748
 20
-4.47215
 10
-0.16542
 20
-4.46789
 10
-0.15379
 20
-4.44398
 10
-0.157
 20
-4.43744
 10
-0.16743
 20
-4.41601
 10
-0.19585
 20
-4.39198
 10
-0.22982
 20
-4.36303
 10
-0.24283
 20
-4.33673
 10
-0.22963
 20
-4.31021
 10
-0.20114
 20
-4.28621
 10
-0.17605
 20
-4.26495
 10
-0.16748
 20
-4.25771
 10
-0.16542
 20
-4.25344
 10
-0.15494
 20
-4.2319
 10
2.0334
 20
-4.2319
 10
2.0334
 20
-4.2139
 10
1.9252
 20
-4.2139
 10
1.9252
 20
-4.02263
 10
2.45675
 20
-4.02258
 10
2.45675
 20
-4.04834
 10
2.45675
 20
-4.05987
 10
2.45676
 20
-4.06974
 10
2.45676
 20
-4.07863
 10
2.45676
 20
-4.08991
 10
2.45676
 20
-4.09191
 10
2.45676
 20
-4.09607
 10
2.45676
 20
-4.09909
 10
2.45676
 20
-4.1164
 10
2.45676
 20
-4.1343
 10
2.45676
 20
-4.14459
 10
2.45677
 20
-4.15656
 10
2.45677
 20
-4.1692
 10
2.45677
 20
-4.1822
 10
2.45677
 20
-4.19556
 10
2.45677
 20
-4.20874
 10
2.45677
 20
-4.22173
 10
2.45677
 20
-4.23622
 10
2.45678
 20
-4.2532
 10
2.45678
 20
-4.26481
 10
2.45678
 20
-4.27467
 10
2.45678
 20
-4.29191
 10
2.45678
 20
-4.29852
 10
2.45678
 20
-4.31245
 10
2.45678
 20
-4.3213
 10
2.45679
 20
-4.36912
 10
2.45679
 20
-4.37133
 10
2.45679
 20
-4.37408
 10
2.45679
 20
-4.3774
 10
2.45679
 20
-4.40068
 10
2.4568
 20
-4.4137
 10
2.4568
 20
-4.42695
 10
2.4568
 20
-4.44141
 10
2.4568
 20
-4.45845
 10
2.4568
 20
-4.47001
 10
2.4568
 20
-4.47984
 10
2.45681
 20
-4.49749
 10
2.45681
 20
-4.49995
 10
2.45681
 20
-4.50507
 10
2.45681
 20
-4.50608
 10
2.45681
 20
-4.50915
 10
2.45681
 20
-4.52637
 10
2.45681
 20
-4.5425
 10
2.45681
 20
-4.55656
 10
2.45681
 20
-4.56713
 10
2.45681
 20
-4.57923
 10
2.45681
 20
-4.5921
 10
2.45681
 20
-4.60534
 10
2.45681
 20
-4.61878
 10
2.45681
 20
-4.63189
 10
2.45681
 20
-4.6464
 10
2.45681
 20
-4.66337
 10
2.45682
 20
-4.67484
 10
2.45682
 20
-4.6847
 10
2.45682
 20
-4.71412
 10
2.45082
 20
-4.71412
 10
2.45082
 20
-4.76795
 10
2.29142
 20
-4.76795
 10
2.0339
 20
-4.7677
 10
2.0339
 20
-4.76795
 10
2.03339
 20
-4.76795
 10
2.03339
 20
-4.82999
 10
2.0339
 20
-4.82999
 10
2.0339
 20
-4.89279
 10
2.2914
 20
-4.89304
 10
2.67521
 20
-4.89304
 10
2.67567
 20
-4.89279
 10
2.67567
 20
-4.84173
 10
2.67521
 20
-4.82999
 10
2.67521
 20
-4.76795
 10
2.46282
 20
-4.76795
 10
2.46282
 20
-4.71112
 10
2.5708
 20
-4.71112
 10
2.56631
 20
-4.70192
 10
2.55773
 20
-4.68469
 10
2.54617
 20
-4.67484
 10
2.5325
 20
-4.66336
 10
2.51263
 20
-4.6464
 10
2.49545
 20
-4.63189
 10
2.48893
 20
-4.61878
 10
2.4825
 20
-4.60534
 10
2.48897
 20
-4.5921
 10
2.49537
 20
-4.57923
 10
2.50968
 20
-4.56713
 10
2.52203
 20
-4.55656
 10
2.53883
 20
-4.54249
 10
2.55777
 20
-4.52637
 10
2.56788
 20
-4.50606
 10
2.57071
 20
-4.50606
 10
2.56926
 20
-4.50312
 10
2.5708
 20
-4.49994
 10
2.56769
 20
-4.49994
 10
2.55782
 20
-4.47982
 10
2.54629
 20
-4.47
 10
2.53257
 20
-4.45845
 10
2.51242
 20
-4.4414
 10
2.49533
 20
-4.42694
 10
2.48892
 20
-4.4137
 10
2.4825
 20
-4.40067
 10
2.49523
 20
-4.37409
 10
2.49851
 20
-4.37132
 10
2.50109
 20
-4.36911
 10
2.55774
 20
-4.32129
 10
2.5621
 20
-4.31244
 10
2.56769
 20
-4.30108
 10
2.57082
 20
-4.30108
 10
2.56925
 20
-4.29791
 10
2.57072
 20
-4.29493
 10
2.5678
 20
-4.29493
 10
2.55764
 20
-4.27466
 10
2.54607
 20
-4.2648
 10
2.53232
 20
-4.25319
 10
2.51223
 20
-4.23622
 10
2.4954
 20
-4.22172
 10
2.48888
 20
-4.20873
 10
2.48252
 20
-4.19556
 10
2.4889
 20
-4.18219
 10
2.49542
 20
-4.1692
 10
2.51012
 20
-4.15656
 10
2.52435
 20
-4.14458
 10
2.53645
 20
-4.13429
 10
2.55755
 20
-4.11639
 10
2.56777
 20
-4.09606
 10
2.57062
 20
-4.09606
 10
2.5692
 20
-4.09316
 10
2.57082
 20
-4.0899
 10
2.56759
 20
-4.0899
 10
2.56204
 20
-4.07861
 10
2.55774
 20
-4.06973
 10
2.54617
 20
-4.05987
 10
2.53254
 20
-4.04833
 10
2.51234
 20
-4.03126
 10
2.49535
 20
-4.01684
 10
2.48869
 20
-4.00357
 10
2.48235
 20
-3.99057
 10
2.489
 20
-3.9772
 10
2.49531
 20
-3.96414
 10
2.50963
 20
-3.95203
 10
2.52204
 20
-3.94148
 10
2.53856
 20
-3.92744
 10
2.5576
 20
-3.91133
 10
2.5619
 20
-3.90242
 10
2.56764
 20
-3.8909
 10
2.57052
 20
-3.8909
 10
2.56909
 20
-3.888
 10
2.57064
 20
-3.88488
 10
2.56755
 20
-3.88488
 10
2.55749
 20
-3.86443
 10
2.54581
 20
-3.85458
 10
2.53235
 20
-3.84314
 10
2.51255
 20
-3.82634
 10
2.49527
 20
-3.81184
 10
2.48862
 20
-3.7984
 10
2.4824
 20
-3.78545
 10
2.48899
 20
-3.77211
 10
2.49523
 20
-3.75908
 10
2.51231
 20
-3.74476
 10
2.52629
 20
-3.73287
 10
2.53842
 20
-3.72259
 10
2.55765
 20
-3.70639
 10
2.56209
 20
-3.69751
 10
2.56756
 20
-3.6861
 10
2.57052
 20
-3.6861
 10
2.56901
 20
-3.68307
 10
2.57048
 20
-3.68001
 10
2.56745
 20
-3.68001
 10
2.55771
 20
-3.65979
 10
2.53881
 20
-3.64384
 10
2.52662
 20
-3.63349
 10
2.51267
 20
-3.62148
 10
2.49524
 20
-3.60672
 10
2.48862
 20
-3.59335
 10
2.4824
 20
-3.58039
 10
2.48899
 20
-3.56705
 10
2.49523
 20
-3.55402
 10
2.51231
 20
-3.5397
 10
2.52629
 20
-3.52781
 10
2.53842
 20
-3.51753
 10
2.55765
 20
-3.50134
 10
2.56209
 20
-3.49246
 10
2.56753
 20
-3.4811
 10
2.57052
 20
-3.4811
 10
2.569
 20
-3.47804
 10
2.57048
 20
-3.47495
 10
2.56742
 20
-3.47495
 10
2.55771
 20
-3.45479
 10
2.54593
 20
-3.44477
 10
2.52633
 20
-3.42825
 10
2.50925
 20
-3.41379
 10
2.49524
 20
-3.40172
 10
2.48866
 20
-3.38836
 10
2.48227
 20
-3.3754
 10
2.48888
 20
-3.36199
 10
2.49529
 20
-3.34898
 10
2.51239
 20
-3.33464
 10
2.52631
 20
-3.32279
 10
2.53844
 20
-3.31251
 10
2.55764
 20
-3.29634
 10
2.56209
 20
-3.28746
 10
2.56759
 20
-3.27598
 10
2.57038
 20
-3.27598
 10
2.56899
 20
-3.27307
 10
2.57048
 20
-3.26995
 10
2.5675
 20
-3.26995
 10
2.56178
 20
-3.25802
 10
2.55773
 20
-3.24965
 10
2.54962
 20
-3.24286
 10
2.54341
 20
-3.23755
 10
2.49515
 20
-3.19695
 10
2.48866
 20
-3.18356
 10
2.48225
 20
-3.17055
 10
2.4887
 20
-3.1572
 10
2.49513
 20
-3.14413
 10
2.50964
 20
-3.13188
 10
2.52643
 20
-3.11757
 10
2.54612
 20
-3.10116
 10
2.55759
 20
-3.09147
 10
2.56201
 20
-3.08259
 10
2.5676
 20
-3.07096
 10
2.57038
 20
-3.07096
 10
2.56899
 20
-3.06806
 10
2.57043
 20
-3.06505
 10
2.56755
 20
-3.06505
 10
2.56178
 20
-3.05298
 10
2.55773
 20
-3.04463
 10
2.54964
 20
-3.03785
 10
2.54344
 20
-3.03256
 10
2.49515
 20
-2.99193
 10
2.48866
 20
-2.97854
 10
2.48225
 20
-2.96553
 10
2.4887
 20
-2.95218
 10
2.49513
 20
-2.93911
 10
2.50962
 20
-2.92687
 10
2.52641
 20
-2.91256
 10
2.5461
 20
-2.89616
 10
2.55759
 20
-2.88645
 10
2.56201
 20
-2.87757
 10
2.5676
 20
-2.86594
 10
2.57041
 20
-2.86594
 10
2.56898
 20
-2.86306
 10
2.57044
 20
-2.86003
 10
2.56743
 20
-2.86003
 10
2.55748
 20
-2.8395
 10
2.53863
 20
-2.82378
 10
2.52651
 20
-2.81355
 10
2.51237
 20
-2.8016
 10
2.49512
 20
-2.78685
 10
2.48862
 20
-2.77345
 10
2.48216
 20
-2.76049
 10
2.48865
 20
-2.74709
 10
2.4952
 20
-2.734
 10
2.50955
 20
-2.72199
 10
2.52196
 20
-2.71139
 10
2.53841
 20
-2.69753
 10
2.55746
 20
-2.68144
 10
2.5619
 20
-2.67255
 10
2.56756
 20
-2.66088
 10
2.57057
 20
-2.66088
 10
2.56903
 20
-2.65783
 10
2.5704
 20
-2.65501
 10
2.56758
 20
-2.65501
 10
2.55748
 20
-2.63451
 10
2.53851
 20
-2.61852
 10
2.51218
 20
-2.59628
 10
2.4951
 20
-2.58174
 10
2.48867
 20
-2.56833
 10
2.48225
 20
-2.55539
 10
2.48871
 20
-2.54237
 10
2.49514
 20
-2.52906
 10
2.52198
 20
-2.50636
 10
2.5385
 20
-2.49234
 10
2.55756
 20
-2.47622
 10
2.56181
 20
-2.46739
 10
2.56765
 20
-2.45607
 10
2.57036
 20
-2.45607
 10
2.56897
 20
-2.45324
 10
2.57057
 20
-2.44999
 10
2.56737
 20
-2.44999
 10
2.56181
 20
-2.43867
 10
2.55744
 20
-2.42979
 10
2.54588
 20
-2.41992
 10
2.53211
 20
-2.40834
 10
2.51203
 20
-2.39138
 10
2.49498
 20
-2.37696
 10
2.48856
 20
-2.36354
 10
2.48215
 20
-2.35043
 10
2.49488
 20
-2.3241
 10
2.49829
 20
-2.32122
 10
2.50098
 20
-2.31892
 10
2.55739
 20
-2.2713
 10
2.56176
 20
-2.26241
 10
2.56738
 20
-2.25102
 10
2.57036
 20
-2.25102
 10
2.56887
 20
-2.24799
 10
2.57037
 20
-2.24494
 10
2.56736
 20
-2.24494
 10
2.55745
 20
-2.22473
 10
2.54588
 20
-2.21487
 10
2.53211
 20
-2.20328
 10
2.51203
 20
-2.18632
 10
2.49499
 20
-2.1719
 10
2.48856
 20
-2.15862
 10
2.48216
 20
-2.14563
 10
2.49488
 20
-2.1193
 10
2.49829
 20
-2.11642
 10
2.50098
 20
-2.11412
 10
2.55739
 20
-2.0665
 10
2.56177
 20
-2.05753
 10
2.56733
 20
-2.04611
 10
2.57027
 20
-2.04611
 10
2.56881
 20
-2.04308
 10
2.57037
 20
-2.03988
 10
2.5673
 20
-2.03988
 10
2.55723
 20
-2.01964
 10
2.54562
 20
-2.00978
 10
2.53183
 20
-1.99813
 10
2.51184
 20
-1.98121
 10
2.49487
 20
-1.96675
 10
2.48856
 20
-1.9537
 10
2.482
 20
-1.94037
 10
2.48867
 20
-1.9271
 10
2.49496
 20
-1.9142
 10
2.50932
 20
-1.90206
 10
2.52176
 20
-1.89148
 10
2.53824
 20
-1.87746
 10
2.55725
 20
-1.86138
 10
2.56157
 20
-1.85245
 10
2.56731
 20
-1.84091
 10
2.57018
 20
-1.84091
 10
2.56875
 20
-1.83802
 10
2.57029
 20
-1.83494
 10
2.56723
 20
-1.83494
 10
2.55714
 20
-1.81444
 10
2.54542
 20
-1.80456
 10
2.53191
 20
-1.79307
 10
2.51216
 20
-1.77632
 10
2.49492
 20
-1.76185
 10
2.48826
 20
-1.74838
 10
2.48205
 20
-1.73545
 10
2.48865
 20
-1.72209
 10
2.49489
 20
-1.70909
 10
2.512
 20
-1.69474
 10
2.52602
 20
-1.68282
 10
2.53818
 20
-1.6725
 10
2.5573
 20
-1.6564
 10
2.56175
 20
-1.64749
 10
2.56723
 20
-1.63607
 10
2.57012
 20
-1.63607
 10
2.56865
 20
-1.63311
 10
2.57013
 20
-1.63002
 10
2.56714
 20
-1.63001
 10
2.55694
 20
-1.60966
 10
2.54528
 20
-1.59972
 10
2.53144
 20
-1.58803
 10
2.51145
 20
-1.57114
 10
2.4947
 20
-1.55672
 10
2.48821
 20
-1.54379
 10
2.48181
 20
-1.53056
 10
2.48832
 20
-1.51712
 10
2.49476
 20
-1.5041
 10
2.50915
 20
-1.49195
 10
2.52156
 20
-1.4814
 10
2.53787
 20
-1.46744
 10
2.55685
 20
-1.45139
 10
2.5671
 20
-1.43099
 10
2.57002
 20
-1.43099
 10
2.56856
 20
-1.42804
 10
2.57012
 20
-1.4249
 10
2.567
 20
-1.42489
 10
2.5571
 20
-1.40471
 10
2.54549
 20
-1.39481
 10
2.53167
 20
-1.38318
 10
2.51164
 20
-1.36627
 10
2.49464
 20
-1.35188
 10
2.4882
 20
-1.33856
 10
2.48181
 20
-1.32561
 10
2.49453
 20
-1.29928
 10
2.49793
 20
-1.29641
 10
2.50061
 20
-1.29412
 10
2.55704
 20
-1.24647
 10
2.56143
 20
-1.23756
 10
2.56716
 20
-1.22594
 10
2.57002
 20
-1.22594
 10
2.56859
 20
-1.22303
 10
2.57002
 20
-1.22011
 10
2.56714
 20
-1.22011
 10
2.5571
 20
-1.19965
 10
2.54549
 20
-1.18975
 10
2.53167
 20
-1.17813
 10
2.51164
 20
-1.16121
 10
2.49464
 20
-1.14682
 10
2.4882
 20
-1.13351
 10
2.48181
 20
-1.12055
 10
2.49453
 20
-1.09422
 10
2.49793
 20
-1.09135
 10
2.50061
 20
-1.08906
 10
2.55704
 20
-1.04142
 10
2.56143
 20
-1.0325
 10
2.56709
 20
-1.02101
 10
2.57047
 20
-1.02101
 10
2.56878
 20
-1.01759
 10
2.57002
 20
-1.01506
 10
2.56754
 20
-1.01506
 10
2.55729
 20
-0.9946
 10
2.54557
 20
-0.98463
 10
2.52618
 20
-0.96809
 10
2.5121
 20
-0.95634
 10
2.4951
 20
-0.94201
 10
2.48859
 20
-0.92893
 10
2.48216
 20
-0.91549
 10
2.48865
 20
-0.90209
 10
2.49509
 20
-0.88906
 10
2.50944
 20
-0.87693
 10
2.52184
 20
-0.86637
 10
2.5384
 20
-0.85239
 10
2.55722
 20
-0.83629
 10
2.56752
 20
-0.81599
 10
2.57047
 20
-0.81599
 10
2.569
 20
-0.81302
 10
2.57047
 20
-0.81009
 10
2.56757
 20
-0.81009
 10
2.55729
 20
-0.78958
 10
2.54557
 20
-0.77961
 10
2.52618
 20
-0.76307
 10
2.5121
 20
-0.75132
 10
2.4951
 20
-0.73699
 10
2.48859
 20
-0.72391
 10
2.48216
 20
-0.71047
 10
2.48865
 20
-0.69707
 10
2.49489
 20
-0.68404
 10
2.5384
 20
-0.64747
 10
2.55722
 20
-0.63153
 10
2.56755
 20
-0.61097
 10
2.57045
 20
-0.61097
 10
2.569
 20
-0.60803
 10
2.57047
 20
-0.60507
 10
2.56755
 20
-0.60507
 10
2.55727
 20
-0.58456
 10
2.54565
 20
-0.57475
 10
2.53191
 20
-0.5632
 10
2.51208
 20
-0.54645
 10
2.49508
 20
-0.53198
 10
2.48858
 20
-0.51889
 10
2.48215
 20
-0.50545
 10
2.48863
 20
-0.49205
 10
2.49486
 20
-0.47902
 10
2.53837
 20
-0.44245
 10
2.5572
 20
-0.42651
 10
2.56753
 20
-0.40597
 10
2.57037
 20
-0.40597
 10
2.56894
 20
-0.40309
 10
2.57045
 20
-0.40005
 10
2.56744
 20
-0.40005
 10
2.55748
 20
-0.37975
 10
2.54592
 20
-0.36989
 10
2.53213
 20
-0.35827
 10
2.51187
 20
-0.34124
 10
2.49497
 20
-0.32682
 10
2.48856
 20
-0.31357
 10
2.48216
 20
-0.30058
 10
2.4925
 20
-0.27919
 10
2.49489
 20
-0.27426
 10
2.49985
 20
-0.27007
 10
2.50382
 20
-0.26668
 10
2.55742
 20
-0.22139
 10
2.5618
 20
-0.21251
 10
2.56748
 20
-0.20093
 10
2.57047
 20
-0.20093
 10
2.56897
 20
-0.1979
 10
2.57035
 20
-0.19509
 10
2.5676
 20
-0.19509
 10
2.55729
 20
-0.17452
 10
2.54568
 20
-0.16472
 10
2.53193
 20
-0.15317
 10
2.51211
 20
-0.13641
 10
2.49511
 20
-0.12194
 10
2.4886
 20
-0.10886
 10
2.48216
 20
-0.09541
 10
2.48865
 20
-0.08201
 10
2.49504
 20
-0.06904
 10
2.50939
 20
-0.05703
 10
2.52178
 20
-0.04647
 10
2.53839
 20
-0.03258
 10
2.55722
 20
-0.01648
 10
2.56755
 20
0.00409
 10
2.57047
 20
0.00409
 10
2.569
 20
0.00703
 10
2.57047
 20
0.00999
 10
2.56754
 20
0.00999
 10
2.55729
 20
0.03025
 10
2.54567
 20
0.04015
 10
2.53193
 20
0.05171
 10
2.51211
 20
0.06861
 10
2.4951
 20
0.08309
 10
2.48859
 20
0.09617
 10
2.48216
 20
0.10961
 10
2.48865
 20
0.12301
 10
2.49504
 20
0.13598
 10
2.50939
 20
0.14799
 10
2.52178
 20
0.15855
 10
2.5384
 20
0.17244
 10
2.55722
 20
0.18854
 10
2.56744
 20
0.20888
 10
2.57036
 20
0.20888
 10
2.56891
 20
0.21187
 10
2.57047
 20
0.21501
 10
2.56738
 20
0.21501
 10
2.56185
 20
0.22639
 10
2.55748
 20
0.23536
 10
2.54591
 20
0.24522
 10
2.53212
 20
0.25684
 10
2.51187
 20
0.27387
 10
2.49496
 20
0.2883
 10
2.48856
 20
0.30154
 10
2.48215
 20
0.31453
 10
2.49249
 20
0.33592
 10
2.49489
 20
0.34085
 10
2.49985
 20
0.34503
 10
2.55742
 20
0.39372
 10
2.56179
 20
0.4026
 10
2.56738
 20
0.41394
 10
2.57036
 20
0.41394
 10
2.56887
 20
0.41698
 10
2.57037
 20
0.42002
 10
2.56737
 20
0.42002
 10
2.56185
 20
0.43127
 10
2.55748
 20
0.44016
 10
2.54591
 20
0.45002
 10
2.53212
 20
0.46164
 10
2.51187
 20
0.47867
 10
2.49496
 20
0.4931
 10
2.48856
 20
0.50634
 10
2.48215
 20
0.51933
 10
2.4925
 20
0.54093
 10
2.4949
 20
0.54591
 10
2.49984
 20
0.55009
 10
2.55742
 20
0.59877
 10
2.56179
 20
0.60766
 10
2.56738
 20
0.619
 10
2.57036
 20
0.619
 10
2.56887
 20
0.62203
 10
2.57037
 20
0.62508
 10
2.56736
 20
0.62508
 10
2.55748
 20
0.64521
 10
2.54592
 20
0.65508
 10
2.53213
 20
0.6667
 10
2.51187
 20
0.68373
 10
2.49497
 20
0.69815
 10
2.48856
 20
0.7114
 10
2.48216
 20
0.72439
 10
2.4925
 20
0.74578
 10
2.49489
 20
0.75071
 10
2.49984
 20
0.75489
 10
2.50381
 20
0.75827
 10
2.55742
 20
0.80357
 10
2.56179
 20
0.81246
 10
2.56753
 20
0.82411
 10
2.57037
 20
0.82411
 10
2.56895
 20
0.82699
 10
2.57037
 20
0.82988
 10
2.56751
 20
0.82988
 10
2.55748
 20
0.85032
 10
2.54592
 20
0.86019
 10
2.53213
 20
0.87181
 10
2.51187
 20
0.88884
 10
2.49497
 20
0.90326
 10
2.48856
 20
0.91651
 10
2.48216
 20
0.9295
 10
2.49249
 20
0.95088
 10
2.49489
 20
0.95582
 10
2.49985
 20
0.96
 10
2.50382
 20
0.9634
 10
2.55742
 20
1.00869
 10
2.5618
 20
1.01757
 10
2.56746
 20
1.02911
 10
2.57036
 20
1.02911
 10
2.56891
 20
1.03206
 10
2.57035
 20
1.03499
 10
2.56747
 20
1.03499
 10
2.56185
 20
1.04644
 10
2.55748
 20
1.05532
 10
2.54591
 20
1.06519
 10
2.53212
 20
1.07681
 10
2.51187
 20
1.09384
 10
2.49496
 20
1.10826
 10
2.48856
 20
1.12151
 10
2.48215
 20
1.1345
 10
2.49249
 20
1.15588
 10
2.49489
 20
1.16082
 10
2.49985
 20
1.16501
 10
2.50383
 20
1.16841
 10
2.55742
 20
1.21369
 10
2.56179
 20
1.22257
 10
2.57037
 20
1.23999
 10
2.45707
 20
1.24001
 10
2.4571
 20
1.39861
 10
2.53512
 20
1.39828
 10
2.61528
 20
1.39793
 10
2.63745
 20
1.39784
 10
2.66235
 20
1.39773
 10
2.6618
 20
1.26855
 10
2.67019
 20
1.2726
 10
2.688
 20
1.28154
 10
2.70797
 20
1.30499
 10
2.73135
 20
1.33256
 10
2.73648
 20
1.33865
 10
2.74087
 20
1.34381
 10
2.74479
 20
1.34574
 10
2.76726
 20
1.35672
 10
2.78968
 20
1.34589
 10
2.79363
 20
1.34394
 10
2.81639
 20
1.31684
 10
2.83382
 20
1.29604
 10
2.84626
 20
1.28142
 10
2.85628
 20
1.27642
 10
2.86667
 20
1.27142
 10
2.86665
 20
1.2686
 10
2.86956
 20
1.27003
 10
2.87273
 20
1.26851
 10
2.87275
 20
1.27163
 10
2.89299
 20
1.28141
 10
2.9129
 20
1.30494
 10
2.9363
 20
1.33265
 10
2.94145
 20
1.33877
 10
2.94583
 20
1.3439
 10
2.94978
 20
1.34584
 10
2.9721
 20
1.35681
 10
2.99452
 20
1.34577
 10
2.99846
 20
1.34383
 10
3.01512
 20
1.32423
 10
3.02512
 20
1.31256
 10
3.03155
 20
1.30492
 10
3.05142
 20
1.28146
 10
3.07157
 20
1.27153
 10
3.07156
 20
1.26855
 10
3.07473
 20
1.27006
 10
3.07779
 20
1.2686
 10
3.07781
 20
1.27149
 10
3.09802
 20
1.28154
 10
3.11799
 20
1.30499
 10
3.14138
 20
1.33256
 10
3.14651
 20
1.33865
 10
3.1509
 20
1.34381
 10
3.15484
 20
1.34575
 10
3.17728
 20
1.35672
 10
3.19954
 20
1.34583
 10
3.20347
 20
1.34386
 10
3.22432
 20
1.31918
 10
3.24252
 20
1.29766
 10
3.24895
 20
1.29013
 10
3.25632
 20
1.2814
 10
3.26455
 20
1.2774
 10
3.27662
 20
1.27151
 10
3.2766
 20
1.26855
 10
3.27967
 20
1.27002
 10
3.28276
 20
1.26851
 10
3.28277
 20
1.27146
 10
3.30306
 20
1.28154
 10
3.32303
 20
1.30499
 10
3.34642
 20
1.33256
 10
3.35155
 20
1.33866
 10
3.35594
 20
1.34381
 10
3.38212
 20
1.3569
 10
3.40851
 20
1.34386
 10
3.42936
 20
1.31918
 10
3.44755
 20
1.29766
 10
3.45399
 20
1.29013
 10
3.46136
 20
1.2814
 10
3.46952
 20
1.27743
 10
3.48183
 20
1.27142
 10
3.48182
 20
1.26865
 10
3.48464
 20
1.27005
 10
3.48779
 20
1.26851
 10
3.48781
 20
1.27169
 10
3.5002
 20
1.27754
 10
3.50833
 20
1.28155
 10
3.53797
 20
1.3167
 10
3.5476
 20
1.328
 10
3.56091
 20
1.3439
 10
3.57807
 20
1.35237
 10
3.58727
 20
1.35685
 10
3.60968
 20
1.34579
 10
3.6136
 20
1.3439
 10
3.63172
 20
1.32224
 10
3.64659
 20
1.30485
 10
3.66634
 20
1.28147
 10
3.68663
 20
1.27146
 10
3.68662
 20
1.2686
 10
3.68965
 20
1.27009
 10
3.69271
 20
1.26865
 10
3.69272
 20
1.27163
 10
3.71296
 20
1.28141
 10
3.73286
 20
1.30494
 10
3.75633
 20
1.33268
 10
3.76148
 20
1.33881
 10
3.76586
 20
1.34393
 10
3.76984
 20
1.34587
 10
3.79232
 20
1.35681
 10
3.81474
 20
1.34577
 10
3.81868
 20
1.34383
 10
3.84822
 20
1.30884
 10
3.86227
 20
1.29219
 10
3.87146
 20
1.28132
 10
3.87856
 20
1.27782
 10
3.89166
 20
1.27153
 10
3.89164
 20
1.26855
 10
3.89476
 20
1.27004
 10
3.89776
 20
1.2686
 10
3.89778
 20
1.27144
 10
3.9181
 20
1.28154
 10
3.93807
 20
1.30499
 10
3.96145
 20
1.33256
 10
3.96658
 20
1.33866
 10
3.97097
 20
1.34381
 10
3.97488
 20
1.34575
 10
3.9971
 20
1.35672
 10
4.01958
 20
1.34583
 10
4.02355
 20
1.34386
 10
4.04012
 20
1.32425
 10
4.04461
 20
1.31894
 10
4.0479
 20
1.31504
 10
4.06259
 20
1.29766
 10
4.06902
 20
1.29013
 10
4.0764
 20
1.2814
 10
4.08448
 20
1.27744
 10
4.09674
 20
1.27139
 10
4.09673
 20
1.2686
 10
4.09956
 20
1.26999
 10
4.10258
 20
1.26851
 10
4.10259
 20
1.27152
 10
4.12307
 20
1.28141
 10
4.14297
 20
1.30494
 10
4.16644
 20
1.33268
 10
4.17159
 20
1.3388
 10
4.17597
 20
1.34393
 10
4.17992
 20
1.34587
 10
4.20218
 20
1.35682
 10
4.22459
 20
1.34577
 10
4.22854
 20
1.34383
 10
4.2581
 20
1.30881
 10
4.27213
 20
1.29217
 10
4.28131
 20
1.28132
 10
4.28841
 20
1.27782
 10
4.30172
 20
1.27143
 10
4.3017
 20
1.26855
 10
4.30472
 20
1.26999
 10
4.30762
 20
1.2686
 10
4.30764
 20
1.27139
 10
4.31844
 20
1.27656
 10
4.32824
 20
1.28144
 10
4.34043
 20
1.29577
 10
4.35755
 20
1.31623
 10
4.38074
 20
1.34389
 10
4.40719
 20
1.35671
 10
4.42958
 20
1.34589
 10
4.43354
 20
1.34394
 10
4.45466
 20
1.31891
 10
4.46026
 20
1.31235
 10
4.46667
 20
1.30465
 10
4.48621
 20
1.28152
 10
4.50418
 20
1.27257
 10
4.51264
 20
1.26851
 10
4.51323
 20
1.38259
 10
4.65794
 20
1.38184
 10
4.65794
 20
1.25697
 10
4.65769
 20
1.14302
 10
4.78253
 20
1.14302
 10
4.78303
 20
1.25697
 10
4.78303
 20
1.78422
 10
4.78253
 20
1.78497
 10
4.68017
 20
1.78497
 10
4.65794
 20
1.78419
 10
4.65794
 20
1.39384
 10
4.5163
 20
1.39458
 10
4.51627
 20
1.38858
 10
4.48677
 20
1.38873
 10
4.46711
 20
1.38884
 10
4.46066
 20
1.38887
 10
4.45503
 20
1.3889
 10
4.43378
 20
1.38901
 10
4.42981
 20
1.38903
 10
4.40734
 20
1.38915
 10
4.40397
 20
1.38917
 10
4.38098
 20
1.38929
 10
4.35794
 20
1.38941
 10
4.34092
 20
1.3895
 10
4.3288
 20
1.38956
 10
4.31903
 20
1.38961
 10
4.30826
 20
1.38967
 10
4.30681
 20
1.38967
 10
4.30022
 20
1.3897
 10
4.28889
 20
1.38975
 10
4.28177
 20
1.38978
 10
4.27255
 20
1.38982
 10
4.25845
 20
1.38988
 10
4.22874
 20
1.39001
 10
4.22478
 20
1.39003
 10
4.20232
 20
1.39012
 10
4.17003
 20
1.39026
 10
4.17003
 20
1.78436
 10
4.31792
 20
1.78436
 10
4.3269
 20
1.7844
 10
4.3269
 20
2.2102
 10
4.17128
 20
2.21022
 10
4.17119
 20
2.60676
 10
4.19476
 20
2.60676
 10
4.20217
 20
2.60677
 10
4.20954
 20
2.60677
 10
4.22856
 20
2.60677
 10
4.23711
 20
2.60677
 10
4.24717
 20
2.60678
 10
4.28146
 20
2.60678
 10
4.2935
 20
2.60679
 10
4.30174
 20
2.60679
 10
4.31613
 20
2.60679
 10
4.32828
 20
2.60679
 10
4.33927
 20
2.6068
 10
4.3487
 20
2.6068
 10
4.3807
 20
2.6068
 10
4.39978
 20
2.60681
 10
4.4072
 20
2.60681
 10
4.41456
 20
2.60681
 10
4.4336
 20
2.60682
 10
4.44219
 20
2.60682
 10
4.47541
 20
2.60682
 10
4.48628
 20
2.60683
 10
4.51566
 20
2.60683
 10
4.51566
 20
2.60083
 10
4.65794
 20
2.60086
 10
4.65794
 20
2.21048
 10
4.68022
 20
2.21024
 10
4.78253
 20
2.21024
 10
4.78303
 20
2.21048
 10
4.78303
 20
2.85191
 10
4.72565
 20
2.85191
 10
4.72561
 20
2.85269
 10
4.65769
 20
2.85269
 10
4.65794
 20
2.85203
 10
4.65794
 20
2.61286
 10
4.51266
 20
2.61283
 10
4.51264
 20
2.72331
 10
4.49842
 20
2.71656
 10
4.48627
 20
2.71066
 10
4.4754
 20
2.69769
 10
4.44216
 20
2.65824
 10
4.43359
 20
2.64818
 10
4.40718
 20
2.63493
 10
4.38069
 20
2.64826
 10
4.34869
 20
2.68634
 10
4.33925
 20
2.69756
 10
4.32825
 20
2.71055
 10
4.30762
 20
2.72059
 10
4.30762
 20
2.72331
 10
4.30468
 20
2.72191
 10
4.30171
 20
2.72332
 10
4.30171
 20
2.72058
 10
4.28144
 20
2.71063
 10
4.24716
 20
2.67009
 10
4.2371
 20
2.6582
 10
4.22855
 20
2.64817
 10
4.20216
 20
2.63493
 10
4.17567
 20
2.64826
 10
4.14367
 20
2.68634
 10
4.13422
 20
2.69755
 10
4.12323
 20
2.71055
 10
4.10258
 20
2.72059
 10
4.10258
 20
2.72331
 10
4.09965
 20
2.72191
 10
4.09669
 20
2.72332
 10
4.09669
 20
2.72058
 10
4.0764
 20
2.71063
 10
4.04212
 20
2.67009
 10
4.03206
 20
2.6582
 10
4.02351
 20
2.64817
 10
3.99712
 20
2.63493
 10
3.97087
 20
2.64828
 10
3.93864
 20
2.68638
 10
3.92912
 20
2.69758
 10
3.91813
 20
2.71057
 10
3.89776
 20
2.72048
 10
3.89776
 20
2.72348
 10
3.89459
 20
2.72192
 10
3.89165
 20
2.72332
 10
3.89165
 20
2.72047
 10
3.8714
 20
2.7105
 10
3.85195
 20
2.68725
 10
3.84146
 20
2.67495
 10
3.83234
 20
2.66409
 10
3.81861
 20
2.64814
 10
3.79231
 20
2.63518
 10
3.77348
 20
2.64437
 10
3.7657
 20
2.64817
 10
3.74515
 20
2.67219
 10
3.73589
 20
2.68327
 10
3.72529
 20
2.69575
 10
3.71308
 20
2.71045
 10
3.6928
 20
2.72044
 10
3.6928
 20
2.72331
 10
3.68982
 20
2.7219
 10
3.68662
 20
2.72348
 10
3.68662
 20
2.72047
 10
3.66636
 20
2.71063
 10
3.63207
 20
2.67009
 10
3.62203
 20
2.65823
 10
3.61346
 20
2.64817
 10
3.58708
 20
2.63493
 10
3.56083
 20
2.64828
 10
3.5286
 20
2.68638
 10
3.51908
 20
2.69758
 10
3.50809
 20
2.71057
 10
3.4878
 20
2.72045
 10
3.4878
 20
2.72331
 10
3.4847
 20
2.72185
 10
3.48161
 20
2.72332
 10
3.48161
 20
2.72047
 10
3.46136
 20
2.71063
 10
3.42707
 20
2.67009
 10
3.41703
 20
2.65823
 10
3.40846
 20
2.64817
 10
3.38208
 20
2.63493
 10
3.35585
 20
2.64827
 10
3.34736
 20
2.65826
 10
3.31413
 20
2.69754
 10
3.30309
 20
2.71057
 10
3.28259
 20
2.72055
 10
3.28259
 20
2.72348
 10
3.27948
 20
2.72195
 10
3.27661
 20
2.72332
 10
3.27661
 20
2.72054
 10
3.25623
 20
2.7105
 10
3.23684
 20
2.68732
 10
3.22636
 20
2.67502
 10
3.21723
 20
2.66416
 10
3.20345
 20
2.64814
 10
3.17715
 20
2.63519
 10
3.1585
 20
2.64437
 10
3.15079
 20
2.64817
 10
3.13024
 20
2.67219
 10
3.12098
 20
2.68327
 10
3.11038
 20
2.69575
 10
3.09816
 20
2.71045
 10
3.07773
 20
2.72051
 10
3.07773
 20
2.72331
 10
3.07484
 20
2.72194
 10
3.07171
 20
2.72348
 10
3.07171
 20
2.72054
 10
3.05124
 20
2.7106
 10
3.04022
 20
2.69758
 10
3.00716
 20
2.65822
 10
2.99869
 20
2.64818
 10
2.97228
 20
2.63493
 10
2.94577
 20
2.64827
 10
2.91354
 20
2.68638
 10
2.90402
 20
2.69758
 10
2.89303
 20
2.71057
 10
2.87273
 20
2.72054
 10
2.87273
 20
2.72331
 10
2.86976
 20
2.7219
 10
2.86681
 20
2.72332
 10
2.86681
 20
2.7206
 10
2.84627
 20
2.71062
 10
2.83528
 20
2.69764
 10
2.80219
 20
2.65826
 10
2.79369
 20
2.64818
 10
2.76728
 20
2.63493
 10
2.74079
 20
2.64827
 10
2.70852
 20
2.68639
 10
2.69898
 20
2.6976
 10
2.68799
 20
2.71059
 10
2.67596
 20
2.7165
 10
2.66181
 20
2.72332
 10
2.66183
 20
2.60646
 10
2.63916
 20
2.60645
 10
2.61699
 20
2.60645
 10
2.5383
 20
2.60644
 10
2.45694
 20
2.60642
 10
1.98066
 20
2.60655
 10
2.45702
 20
2.15716
 10
2.45694
 20
2.60642
 10
2.45702
 20
2.87414
 10
2.57047
 20
2.87411
 10
2.56596
 20
2.88314
 10
2.55729
 20
2.90027
 10
2.54567
 20
2.91017
 10
2.53193
 20
2.92173
 10
2.5121
 20
2.93863
 10
2.4951
 20
2.95311
 10
2.48859
 20
2.9662
 10
2.48216
 20
2.97963
 10
2.48865
 20
2.99303
 10
2.49504
 20
3.006
 10
2.50939
 20
3.01801
 10
2.52178
 20
3.02857
 10
2.53839
 20
3.04247
 10
2.55722
 20
3.05857
 10
2.56742
 20
3.07887
 10
2.57045
 20
3.07887
 10
2.56893
 20
3.08194
 10
2.57047
 20
3.08503
 10
2.56743
 20
3.08503
 10
2.55727
 20
3.10529
 10
2.54565
 20
3.1152
 10
2.5319
 20
3.12676
 10
2.51208
 20
3.14366
 10
2.49508
 20
3.15813
 10
2.48857
 20
3.17122
 10
2.48215
 20
3.18465
 10
2.48864
 20
3.19792
 10
2.49502
 20
3.21076
 10
2.50937
 20
3.22289
 10
2.52178
 20
3.23349
 10
2.53839
 20
3.24753
 10
2.55721
 20
3.26362
 10
2.56741
 20
3.28389
 10
2.57047
 20
3.28389
 10
2.56893
 20
3.287
 10
2.57045
 20
3.29005
 10
2.56744
 20
3.29005
 10
2.55729
 20
3.31031
 10
2.54567
 20
3.32021
 10
2.53193
 20
3.33177
 10
2.5121
 20
3.34867
 10
2.4951
 20
3.36315
 10
2.48859
 20
3.37624
 10
2.48216
 20
3.38967
 10
2.48865
 20
3.40294
 10
2.49509
 20
3.41585
 10
2.50944
 20
3.42797
 10
2.52184
 20
3.43854
 10
2.5384
 20
3.45252
 10
2.55722
 20
3.46862
 10
2.56742
 20
3.48891
 10
2.57047
 20
3.48891
 10
2.56894
 20
3.492
 10
2.57047
 20
3.49507
 10
2.56744
 20
3.49507
 10
2.55729
 20
3.51533
 10
2.54567
 20
3.52523
 10
2.53193
 20
3.53679
 10
2.5121
 20
3.55369
 10
2.4951
 20
3.56817
 10
2.48859
 20
3.58113
 10
2.48216
 20
3.59443
 10
2.48865
 20
3.60784
 10
2.49509
 20
3.62087
 10
2.50944
 20
3.63299
 10
2.52184
 20
3.64356
 10
2.5384
 20
3.65754
 10
2.55722
 20
3.67364
 10
2.56749
 20
3.69407
 10
2.57036
 20
3.69407
 10
2.56893
 20
3.69698
 10
2.57047
 20
3.70009
 10
2.56739
 20
3.70009
 10
2.55748
 20
3.72028
 10
2.54592
 20
3.73015
 10
2.53213
 20
3.74177
 10
2.51187
 20
3.7588
 10
2.49497
 20
3.77322
 10
2.48856
 20
3.78647
 10
2.48216
 20
3.79946
 10
2.4925
 20
3.82085
 10
2.49489
 20
3.82578
 10
2.49984
 20
3.82995
 10
2.50381
 20
3.83334
 10
2.55742
 20
3.87864
 10
2.56179
 20
3.88753
 10
2.56742
 20
3.89895
 10
2.57047
 20
3.89895
 10
2.56894
 20
3.90204
 10
2.57037
 20
3.90495
 10
2.56752
 20
3.90495
 10
2.55729
 20
3.92537
 10
2.54567
 20
3.93527
 10
2.53193
 20
3.94683
 10
2.51211
 20
3.96373
 10
2.4951
 20
3.97821
 10
2.48859
 20
3.99117
 10
2.48216
 20
4.00447
 10
2.48865
 20
4.01788
 10
2.49509
 20
4.03091
 10
2.50944
 20
4.04304
 10
2.52184
 20
4.0536
 10
2.5384
 20
4.06758
 10
2.55722
 20
4.08368
 10
2.56753
 20
4.10398
 10
2.57037
 20
4.10398
 10
2.56895
 20
4.10685
 10
2.57047
 20
4.10987
 10
2.56745
 20
4.10987
 10
2.55748
 20
4.1302
 10
2.54592
 20
4.14006
 10
2.53213
 20
4.15168
 10
2.51187
 20
4.16871
 10
2.49497
 20
4.18313
 10
2.48856
 20
4.19638
 10
2.48216
 20
4.20937
 10
2.4925
 20
4.23075
 10
2.49489
 20
4.23569
 10
2.49985
 20
4.23988
 10
2.50382
 20
4.24327
 10
2.55742
 20
4.28856
 10
2.5618
 20
4.29753
 10
2.56737
 20
4.30899
 10
2.57047
 20
4.30899
 10
2.56891
 20
4.31215
 10
2.57035
 20
4.31512
 10
2.56746
 20
4.31512
 10
2.55729
 20
4.33541
 10
2.54555
 20
4.34539
 10
2.52617
 20
4.36193
 10
2.5121
 20
4.37366
 10
2.4951
 20
4.38799
 10
2.48859
 20
4.40108
 10
2.48216
 20
4.41451
 10
2.48865
 20
4.42792
 10
2.49509
 20
4.44095
 10
2.50944
 20
4.45308
 10
2.52184
 20
4.46364
 10
2.5384
 20
4.47762
 10
2.55722
 20
4.49372
 10
2.56752
 20
4.51401
 10
2.57047
 20
4.51401
 10
2.569
 20
4.51698
 10
2.57047
 20
4.51991
 10
2.56757
 20
4.51991
 10
2.55729
 20
4.54043
 10
2.54555
 20
4.55041
 10
2.52617
 20
4.56695
 10
2.5121
 20
4.57868
 10
2.4951
 20
4.59301
 10
2.48859
 20
4.6061
 10
2.48216
 20
4.61953
 10
2.48865
 20
4.63294
 10
2.49489
 20
4.64597
 10
2.5384
 20
4.68254
 10
2.55722
 20
4.69848
 10
2.56755
 20
4.71903
 10
2.57045
 20
4.71903
 10
2.569
 20
4.72197
 10
2.57047
 20
4.72493
 10
2.56755
 20
4.72493
 10
2.55727
 20
4.74545
 10
2.54566
 20
4.75525
 10
2.53191
 20
4.7668
 10
2.51208
 20
4.78356
 10
2.49508
 20
4.79803
 10
2.48858
 20
4.81111
 10
2.48215
 20
4.82455
 10
2.48863
 20
4.83796
 10
2.49486
 20
4.85098
 10
2.53837
 20
4.88756
 10
2.5572
 20
4.9035
 10
2.56754
 20
4.92405
 10
2.57047
 20
4.92405
 10
2.569
 20
4.92703
 10
2.57045
 20
4.92995
 10
2.56757
 20
4.92995
 10
2.55729
 20
4.95047
 10
2.54568
 20
4.96027
 10
2.53193
 20
4.97182
 10
2.51211
 20
4.98857
 10
2.49511
 20
5.00305
 10
2.4886
 20
5.01613
 10
2.48216
 20
5.02957
 10
2.48865
 20
5.04298
 10
2.49489
 20
5.05601
 10
2.5384
 20
5.09258
 10
2.55722
 20
5.10852
 10
2.56749
 20
5.12894
 10
2.57036
 20
5.12894
 10
2.56893
 20
5.13187
 10
2.57047
 20
5.13497
 10
2.5674
 20
5.13497
 10
2.56185
 20
5.14628
 10
2.55748
 20
5.15516
 10
2.54591
 20
5.16503
 10
2.53212
 20
5.17665
 10
2.51187
 20
5.19368
 10
2.49497
 20
5.2081
 10
2.48856
 20
5.22135
 10
2.48215
 20
5.23433
 10
2.49249
 20
5.25593
 10
2.4949
 20
5.26091
 10
2.49985
 20
5.2651
 10
2.50383
 20
5.2685
 10
2.55742
 20
5.31378
 10
2.56179
 20
5.32266
 10
2.56738
 20
5.334
 10
2.57036
 20
5.334
 10
2.56887
 20
5.33703
 10
2.57037
 20
5.34008
 10
2.56736
 20
5.34008
 10
2.55748
 20
5.36022
 10
2.54592
 20
5.37008
 10
2.53213
 20
5.3817
 10
2.51187
 20
5.39873
 10
2.49497
 20
5.41316
 10
2.48856
 20
5.4264
 10
2.48216
 20
5.43939
 10
2.4925
 20
5.46079
 10
2.49489
 20
5.46572
 10
2.49984
 20
5.46989
 10
2.50381
 20
5.47328
 10
2.55742
 20
5.51858
 10
2.56179
 20
5.52747
 10
2.56753
 20
5.53911
 10
2.57037
 20
5.53911
 10
2.56895
 20
5.54199
 10
2.57037
 20
5.54488
 10
2.56751
 20
5.54488
 10
2.55748
 20
5.56533
 10
2.54592
 20
5.57519
 10
2.53213
 20
5.58681
 10
2.51187
 20
5.60384
 10
2.49497
 20
5.61827
 10
2.48856
 20
5.63151
 10
2.48216
 20
5.6445
 10
2.4925
 20
5.6659
 10
2.49489
 20
5.67082
 10
2.49983
 20
5.67499
 10
2.50379
 20
5.67838
 10
2.55742
 20
5.72369
 10
2.5618
 20
5.73258
 10
2.56735
 20
5.74388
 10
2.57047
 20
5.74388
 10
2.5689
 20
5.74705
 10
2.57035
 20
5.75
 10
2.56746
 20
5.75
 10
2.55729
 20
5.77029
 10
2.54567
 20
5.78019
 10
2.53193
 20
5.79176
 10
2.5121
 20
5.80866
 10
2.4951
 20
5.82313
 10
2.48859
 20
5.83622
 10
2.48216
 20
5.84965
 10
2.48865
 20
5.86293
 10
2.49509
 20
5.87583
 10
2.50944
 20
5.88796
 10
2.52184
 20
5.89852
 10
2.5384
 20
5.9125
 10
2.55722
 20
5.9286
 10
2.56746
 20
5.94897
 10
2.57037
 20
5.94897
 10
2.56891
 20
5.95192
 10
2.57047
 20
5.95505
 10
2.56736
 20
5.95505
 10
2.55748
 20
5.97519
 10
2.54592
 20
5.98505
 10
2.53213
 20
5.99667
 10
2.51187
 20
6.0137
 10
2.49497
 20
6.02813
 10
2.48856
 20
6.04137
 10
2.48216
 20
6.05436
 10
2.48865
 20
6.06779
 10
2.49506
 20
6.08079
 10
2.50954
 20
6.093
 10
2.52625
 20
6.10727
 10
2.54598
 20
6.12398
 10
2.55742
 20
6.1338
 10
2.5618
 20
6.14269
 10
2.56731
 20
6.15392
 10
2.57047
 20
6.15392
 10
2.56888
 20
6.15712
 10
2.57035
 20
6.16011
 10
2.56743
 20
6.16011
 10
2.55729
 20
6.18033
 10
2.54567
 20
6.19024
 10
2.53193
 20
6.2018
 10
2.51211
 20
6.2187
 10
2.4951
 20
6.23317
 10
2.48859
 20
6.24613
 10
2.48216
 20
6.25944
 10
2.48865
 20
6.27284
 10
2.49509
 20
6.28587
 10
2.50944
 20
6.298
 10
2.52184
 20
6.30856
 10
2.5384
 20
6.32254
 10
2.55722
 20
6.33864
 10
2.56742
 20
6.35894
 10
2.57047
 20
6.35894
 10
2.56894
 20
6.36202
 10
2.57047
 20
6.36509
 10
2.56744
 20
6.36509
 10
2.55729
 20
6.38535
 10
2.54567
 20
6.39525
 10
2.53193
 20
6.40682
 10
2.51211
 20
6.42372
 10
2.4951
 20
6.43819
 10
2.48859
 20
6.45115
 10
2.48216
 20
6.46446
 10
2.48865
 20
6.47786
 10
2.49509
 20
6.49089
 10
2.50944
 20
6.50302
 10
2.52184
 20
6.51358
 10
2.5384
 20
6.52756
 10
2.55722
 20
6.54366
 10
2.56749
 20
6.56408
 10
2.57036
 20
6.56408
 10
2.56892
 20
6.567
 10
2.57047
 20
6.57011
 10
2.56738
 20
6.57011
 10
2.55748
 20
6.5903
 10
2.54592
 20
6.60016
 10
2.53213
 20
6.61178
 10
2.51187
 20
6.62881
 10
2.49497
 20
6.64324
 10
2.48856
 20
6.65648
 10
2.48216
 20
6.66947
 10
2.4925
 20
6.69087
 10
2.49489
 20
6.69579
 10
2.49983
 20
6.69996
 10
2.5038
 20
6.70335
 10
2.55742
 20
6.74866
 10
2.56179
 20
6.75754
 10
2.56742
 20
6.76898
 10
2.57047
 20
6.76898
 10
2.56894
 20
6.77206
 10
2.57037
 20
6.77496
 10
2.56753
 20
6.77496
 10
2.55729
 20
6.79539
 10
2.54557
 20
6.80536
 10
2.52618
 20
6.8219
 10
2.5121
 20
6.83364
 10
2.4951
 20
6.84798
 10
2.48859
 20
6.86106
 10
2.48216
 20
6.8745
 10
2.48865
 20
6.8879
 10
2.49509
 20
6.90093
 10
2.50944
 20
6.91306
 10
2.52184
 20
6.92362
 10
2.5384
 20
6.9376
 10
2.55722
 20
6.9537
 10
2.56752
 20
6.97399
 10
2.57045
 20
6.974
 10
2.56899
 20
6.97695
 10
2.57047
 20
6.9799
 10
2.56755
 20
6.9799
 10
2.55727
 20
7.00041
 10
2.54555
 20
7.01038
 10
2.52617
 20
7.02692
 10
2.51208
 20
7.03867
 10
2.49508
 20
7.053
 10
2.48857
 20
7.06609
 10
2.48215
 20
7.07952
 10
2.48863
 20
7.09292
 10
2.49502
 20
7.10589
 10
2.50937
 20
7.11801
 10
2.52178
 20
7.12861
 10
2.53839
 20
7.14265
 10
2.55722
 20
7.15875
 10
2.56751
 20
7.17901
 10
2.57047
 20
7.17902
 10
2.56899
 20
7.18201
 10
2.57045
 20
7.18492
 10
2.56757
 20
7.18492
 10
2.55729
 20
7.20543
 10
2.54557
 20
7.2154
 10
2.52618
 20
7.23194
 10
2.5121
 20
7.24368
 10
2.4951
 20
7.25802
 10
2.48859
 20
7.2711
 10
2.48216
 20
7.28454
 10
2.48865
 20
7.29794
 10
2.49489
 20
7.31097
 10
2.5384
 20
7.34754
 10
2.55722
 20
7.36348
 10
2.56756
 20
7.38404
 10
2.57036
 20
7.38404
 10
2.56896
 20
7.3869
 10
2.57047
 20
7.38994
 10
2.56747
 20
7.38994
 10
2.56185
 20
7.40138
 10
2.55748
 20
7.41026
 10
2.54592
 20
7.42013
 10
2.53212
 20
7.43175
 10
2.51187
 20
7.44878
 10
2.49497
 20
7.4632
 10
2.48856
 20
7.47645
 10
2.48215
 20
7.48944
 10
2.4925
 20
7.51083
 10
2.49489
 20
7.51576
 10
2.49985
 20
7.51994
 10
2.50382
 20
7.52334
 10
2.55742
 20
7.56862
 10
2.56179
 20
7.57751
 10
2.56748
 20
7.58905
 10
2.57047
 20
7.58906
 10
2.56897
 20
7.59209
 10
2.57037
 20
7.59493
 10
2.56758
 20
7.59493
 10
2.55729
 20
7.61547
 10
2.54568
 20
7.62527
 10
2.53193
 20
7.63682
 10
2.51211
 20
7.65358
 10
2.4951
 20
7.66805
 10
2.4886
 20
7.68113
 10
2.48216
 20
7.69458
 10
2.48865
 20
7.70798
 10
2.49489
 20
7.72102
 10
2.5384
 20
7.75758
 10
2.55722
 20
7.77352
 10
2.56755
 20
7.79407
 10
2.57047
 20
7.79408
 10
2.569
 20
7.79702
 10
2.57047
 20
7.79998
 10
2.56754
 20
7.79998
 10
2.55729
 20
7.82024
 10
2.54567
 20
7.83014
 10
2.53193
 20
7.8417
 10
2.5121
 20
7.8586
 10
2.4951
 20
7.87308
 10
2.48859
 20
7.88616
 10
2.48216
 20
7.8996
 10
2.48865
 20
7.913
 10
2.49504
 20
7.92597
 10
2.50939
 20
7.93798
 10
2.52178
 20
7.94854
 10
2.53839
 20
7.96243
 10
2.55722
 20
7.97853
 10
2.56748
 20
7.99896
 10
2.57036
 20
7.99896
 10
2.56892
 20
8.00188
 10
2.57047
 20
8.005
 10
2.56738
 20
8.005
 10
2.55748
 20
8.02518
 10
2.54592
 20
8.03504
 10
2.53213
 20
8.04666
 10
2.51187
 20
8.06369
 10
2.49497
 20
8.07812
 10
2.48856
 20
8.09136
 10
2.48216
 20
8.10435
 10
2.48865
 20
8.11778
 10
2.49506
 20
8.13078
 10
2.50959
 20
8.14315
 10
2.5263
 20
8.15756
 10
2.54603
 20
8.1741
 10
2.55742
 20
8.18379
 10
2.56179
 20
8.19268
 10
2.56743
 20
8.20411
 10
2.57047
 20
8.20411
 10
2.56894
 20
8.20718
 10
2.57037
 20
8.2101
 10
2.5675
 20
8.2101
 10
2.55729
 20
8.23028
 10
2.54567
 20
8.24018
 10
2.53193
 20
8.25174
 10
2.51211
 20
8.26864
 10
2.4951
 20
8.28312
 10
2.48859
 20
8.2962
 10
2.48216
 20
8.30964
 10
2.48865
 20
8.32291
 10
2.49509
 20
8.33581
 10
2.50944
 20
8.34794
 10
2.52184
 20
8.35851
 10
2.5384
 20
8.37248
 10
2.55722
 20
8.38858
 10
2.56742
 20
8.40888
 10
2.57047
 20
8.40888
 10
2.56894
 20
8.41197
 10
2.57047
 20
8.41504
 10
2.56744
 20
8.41504
 10
2.55729
 20
8.4353
 10
2.54567
 20
8.4452
 10
2.53193
 20
8.45676
 10
2.5121
 20
8.47366
 10
2.4951
 20
8.48814
 10
2.48859
 20
8.50122
 10
2.48216
 20
8.51466
 10
2.48865
 20
8.52793
 10
2.49509
 20
8.54083
 10
2.50944
 20
8.55296
 10
2.52184
 20
8.56352
 10
2.5384
 20
8.5775
 10
2.55722
 20
8.5936
 10
2.56744
 20
8.61393
 10
2.57037
 20
8.61393
 10
2.5689
 20
8.6169
 10
2.57047
 20
8.62006
 10
2.56734
 20
8.62006
 10
2.55748
 20
8.64014
 10
2.54592
 20
8.65001
 10
2.53213
 20
8.66163
 10
2.51187
 20
8.67866
 10
2.49497
 20
8.69308
 10
2.48856
 20
8.70646
 10
2.48216
 20
8.71957
 10
2.49249
 20
8.74095
 10
2.49489
 20
8.74589
 10
2.49986
 20
8.75009
 10
2.50384
 20
8.75349
 10
2.55742
 20
8.79876
 10
2.5618
 20
8.80765
 10
2.57866
 20
8.842
 10
2.67521
 20
8.842
 10
2.67567
 20
8.84225
 10
2.67567
 20
8.89331
 10
2.67521
 20
8.90504
 10
2.67521
 20
8.96709
 10
2.29142
 20
8.96709
 10
2.0339
 20
8.96734
 10
2.0339
 20
8.96709
 10
2.03339
 20
8.96709
 10
2.0339
 20
8.90504
 10
2.0339
 20
8.84225
 10
2.2914
 20
8.842
 10
2.45073
 20
8.842
 10
2.45073
 20
8.82806
 10
2.45673
 20
8.82806
 10
2.45673
 20
8.80764
 10
2.45673
 20
8.79875
 10
2.45673
 20
8.75349
 10
2.45673
 20
8.75008
 10
2.45673
 20
8.74589
 10
2.45674
 20
8.74094
 10
2.45674
 20
8.71957
 10
2.45674
 20
8.70645
 10
2.45674
 20
8.69308
 10
2.45674
 20
8.67865
 10
2.45674
 20
8.66162
 10
2.45674
 20
8.65
 10
2.45674
 20
8.64014
 10
2.45674
 20
8.62254
 10
2.45674
 20
8.61392
 10
2.45674
 20
8.61093
 10
2.45674
 20
8.5936
 10
2.45675
 20
8.5775
 10
2.45675
 20
8.56352
 10
2.45675
 20
8.55296
 10
2.45675
 20
8.54083
 10
2.45675
 20
8.52793
 10
2.45675
 20
8.51465
 10
2.45675
 20
8.50122
 10
2.45675
 20
8.48814
 10
2.45675
 20
8.47366
 10
2.45675
 20
8.45676
 10
2.45675
 20
8.44519
 10
2.45676
 20
8.43529
 10
2.45676
 20
8.41799
 10
2.45676
 20
8.41503
 10
2.45676
 20
8.40591
 10
2.45676
 20
8.38857
 10
2.45676
 20
8.37248
 10
2.45676
 20
8.3585
 10
2.45676
 20
8.34794
 10
2.45676
 20
8.33581
 10
2.45676
 20
8.32291
 10
2.45676
 20
8.30963
 10
2.45676
 20
8.2962
 10
2.45676
 20
8.28312
 10
2.45677
 20
8.26864
 10
2.45677
 20
8.25174
 10
2.45677
 20
8.24017
 10
2.45677
 20
8.23027
 10
2.45677
 20
8.21314
 10
2.45677
 20
8.21009
 10
2.45677
 20
8.19267
 10
2.45677
 20
8.18378
 10
2.45677
 20
8.17409
 10
2.45677
 20
8.15755
 10
2.45677
 20
8.14315
 10
2.45677
 20
8.13077
 10
2.45678
 20
8.11778
 10
2.45678
 20
8.10435
 10
2.45678
 20
8.09136
 10
2.45678
 20
8.07811
 10
2.45678
 20
8.06369
 10
2.45678
 20
8.04666
 10
2.45678
 20
8.03504
 10
2.45678
 20
8.02517
 10
2.45678
 20
8.00757
 10
2.45678
 20
8.00486
 10
2.45678
 20
7.99587
 10
2.45678
 20
7.97853
 10
2.45678
 20
7.96243
 10
2.45678
 20
7.94853
 10
2.45679
 20
7.93797
 10
2.45679
 20
7.92596
 10
2.45679
 20
7.913
 10
2.45679
 20
7.89959
 10
2.45679
 20
7.88616
 10
2.45679
 20
7.87308
 10
2.45679
 20
7.8586
 10
2.45679
 20
7.8417
 10
2.45679
 20
7.83013
 10
2.45679
 20
7.82023
 10
2.45679
 20
7.8031
 10
2.45679
 20
7.79407
 10
2.45679
 20
7.79085
 10
2.45679
 20
7.77352
 10
2.4568
 20
7.75758
 10
2.4568
 20
7.72161
 10
2.4568
 20
7.72102
 10
2.4568
 20
7.72054
 10
2.4568
 20
7.70798
 10
2.4568
 20
7.69457
 10
2.4568
 20
7.68113
 10
2.4568
 20
7.66805
 10
2.4568
 20
7.65357
 10
2.4568
 20
7.63682
 10
2.4568
 20
7.62527
 10
2.4568
 20
7.61546
 10
2.4568
 20
7.59817
 10
2.4568
 20
7.58905
 10
2.45681
 20
7.5775
 10
2.45681
 20
7.56862
 10
2.45681
 20
7.52334
 10
2.45681
 20
7.51994
 10
2.45681
 20
7.51576
 10
2.45681
 20
7.51082
 10
2.45681
 20
7.48943
 10
2.45681
 20
7.47645
 10
2.45681
 20
7.4632
 10
2.45681
 20
7.44878
 10
2.45681
 20
7.43175
 10
2.45681
 20
7.42012
 10
2.45681
 20
7.41026
 10
2.45681
 20
7.40137
 10
2.45682
 20
7.38993
 10
2.45682
 20
7.38081
 10
2.45682
 20
7.36348
 10
2.45682
 20
7.34754
 10
2.45682
 20
7.31152
 10
2.45682
 20
7.31098
 10
2.45682
 20
7.31054
 10
2.45682
 20
7.29794
 10
2.45682
 20
7.28453
 10
2.45682
 20
7.2711
 10
2.45682
 20
7.25802
 10
2.45682
 20
7.24368
 10
2.45682
 20
7.23194
 10
2.45683
 20
7.21539
 10
2.45683
 20
7.20542
 10
2.45683
 20
7.18813
 10
2.45683
 20
7.18491
 10
2.45683
 20
7.17901
 10
2.45683
 20
7.17588
 10
2.45683
 20
7.15874
 10
2.45683
 20
7.14265
 10
2.45683
 20
7.12861
 10
2.45683
 20
7.11801
 10
2.45683
 20
7.10588
 10
2.45683
 20
7.09292
 10
2.45683
 20
7.07951
 10
2.45683
 20
7.06608
 10
2.45684
 20
7.053
 10
2.45684
 20
7.03866
 10
2.45684
 20
7.02691
 10
2.45684
 20
7.01037
 10
2.45684
 20
7.00041
 10
2.45684
 20
6.9831
 10
2.45684
 20
6.97399
 10
2.45684
 20
6.97086
 10
2.45684
 20
6.95369
 10
2.45684
 20
6.93759
 10
2.45684
 20
6.92362
 10
2.45685
 20
6.91305
 10
2.45685
 20
6.90093
 10
2.45685
 20
6.8879
 10
2.45685
 20
6.87449
 10
2.45685
 20
6.86106
 10
2.45685
 20
6.84798
 10
2.45685
 20
6.83364
 10
2.45685
 20
6.8219
 10
2.45685
 20
6.80535
 10
2.45685
 20
6.79538
 10
2.45686
 20
6.77808
 10
2.45686
 20
6.77495
 10
2.45686
 20
6.75754
 10
2.45686
 20
6.74865
 10
2.45686
 20
6.70335
 10
2.45686
 20
6.69996
 10
2.45686
 20
6.69579
 10
2.45686
 20
6.69087
 10
2.45686
 20
6.66947
 10
2.45686
 20
6.65648
 10
2.45686
 20
6.64323
 10
2.45687
 20
6.62881
 10
2.45687
 20
6.61178
 10
2.45687
 20
6.60015
 10
2.45687
 20
6.59029
 10
2.45687
 20
6.57269
 10
2.45687
 20
6.56787
 10
2.45687
 20
6.56098
 10
2.45687
 20
6.54365
 10
2.45687
 20
6.52755
 10
2.45687
 20
6.51358
 10
2.45687
 20
6.50301
 10
2.45688
 20
6.49089
 10
2.45688
 20
6.47786
 10
2.45688
 20
6.46445
 10
2.45688
 20
6.45115
 10
2.45688
 20
6.43819
 10
2.45688
 20
6.42372
 10
2.45688
 20
6.40681
 10
2.45688
 20
6.39525
 10
2.45688
 20
6.38535
 10
2.45688
 20
6.36805
 10
2.45688
 20
6.36509
 10
2.45689
 20
6.35596
 10
2.45689
 20
6.33863
 10
2.45689
 20
6.32253
 10
2.45689
 20
6.30856
 10
2.45689
 20
6.298
 10
2.45689
 20
6.28587
 10
2.45689
 20
6.27284
 10
2.45689
 20
6.25943
 10
2.45689
 20
6.24613
 10
2.45689
 20
6.23317
 10
2.4569
 20
6.2187
 10
2.4569
 20
6.20179
 10
2.4569
 20
6.19023
 10
2.4569
 20
6.18033
 10
2.4569
 20
6.16303
 10
2.4569
 20
6.1601
 10
2.4569
 20
6.14268
 10
2.4569
 20
6.1338
 10
2.4569
 20
6.12397
 10
2.4569
 20
6.10727
 10
2.4569
 20
6.093
 10
2.45691
 20
6.08078
 10
2.45691
 20
6.06779
 10
2.45691
 20
6.05436
 10
2.45691
 20
6.04137
 10
2.45691
 20
6.02812
 10
2.45691
 20
6.0137
 10
2.45691
 20
5.99667
 10
2.45691
 20
5.98504
 10
2.45691
 20
5.97518
 10
2.45691
 20
5.95758
 10
2.45691
 20
5.95505
 10
2.45691
 20
5.95025
 10
2.45691
 20
5.94896
 10
2.45691
 20
5.94592
 10
2.45692
 20
5.92859
 10
2.45692
 20
5.91249
 10
2.45692
 20
5.89852
 10
2.45692
 20
5.88795
 10
2.45692
 20
5.87583
 10
2.45692
 20
5.86292
 10
2.45692
 20
5.84965
 10
2.45692
 20
5.83622
 10
2.45692
 20
5.82313
 10
2.45692
 20
5.80866
 10
2.45693
 20
5.79175
 10
2.45693
 20
5.78019
 10
2.45693
 20
5.77029
 10
2.45693
 20
5.75299
 10
2.45693
 20
5.74387
 10
2.45693
 20
5.73257
 10
2.45693
 20
5.72369
 10
2.45693
 20
5.67838
 10
2.45693
 20
5.67499
 10
2.45693
 20
5.67082
 10
2.45693
 20
5.6659
 10
2.45694
 20
5.6445
 10
2.45694
 20
5.63151
 10
2.45694
 20
5.61827
 10
2.45694
 20
5.60384
 10
2.45694
 20
5.58681
 10
2.45694
 20
5.57518
 10
2.45694
 20
5.56532
 10
2.45694
 20
5.54772
 10
2.45694
 20
5.54487
 10
2.45695
 20
5.52745
 10
2.45695
 20
5.51857
 10
2.45695
 20
5.47328
 10
2.45695
 20
5.46989
 10
2.45695
 20
5.46571
 10
2.45695
 20
5.46078
 10
2.45695
 20
5.43939
 10
2.45696
 20
5.4264
 10
2.45696
 20
5.41315
 10
2.45696
 20
5.39873
 10
2.45696
 20
5.3817
 10
2.45696
 20
5.37007
 10
2.45696
 20
5.36021
 10
2.45696
 20
5.34261
 10
2.45697
 20
5.34007
 10
2.45697
 20
5.32265
 10
2.45697
 20
5.31377
 10
2.45697
 20
5.26849
 10
2.45697
 20
5.26509
 10
2.45697
 20
5.26091
 10
2.45697
 20
5.25592
 10
2.45698
 20
5.23633
 10
2.45698
 20
5.22134
 10
2.45698
 20
5.2081
 10
2.45698
 20
5.17742
 10
1.95195
 20
5.17735
 10
1.9252
 20
5.1775
 10
1.9252
 20
5.186
 10
1.895
 20
5.186
 10
1.895
 20
5.3077
 10
1.904
 20
5.3078
 10
1.904
 20
8.0477
 10
1.895
 20
8.0477
 10
1.895
 20
8.268
 10
2.0334
 20
8.268
 10
2.0334
 20
8.286
 10
1.62012
 20
8.286
 10
1.59113
 20
8.31048
 10
1.58353
 20
8.31697
 10
1.5735
 20
8.32543
 10
1.56832
 20
8.3359
 10
1.56046
 20
8.35178
 10
1.57355
 20
8.37818
 10
1.59429
 20
8.39574
 10
1.60508
 20
8.40477
 10
1.62298
 20
8.42002
 10
1.63583
 20
8.43086
 10
1.64593
 20
8.45126
 10
1.64858
 20
8.45126
 10
1.6472
 20
8.45411
 10
1.6487
 20
8.45723
 10
1.64572
 20
8.45723
 10
1.63597
 20
8.47759
 10
1.59509
 20
8.51227
 10
1.5734
 20
8.53063
 10
1.56068
 20
8.55673
 10
1.5734
 20
8.58312
 10
1.59643
 20
8.6026
 10
1.64872
 20
8.60257
 10
1.64161
 20
8.61696
 10
1.63416
 20
8.63248
 10
1.64778
 20
8.66055
 10
1.64858
 20
8.66218
 10
1.59645
 20
8.66222
 10
1.59112
 20
8.66672
 10
1.58352
 20
8.6732
 10
1.5735
 20
8.68167
 10
1.56833
 20
8.69212
 10
1.56046
 20
8.70801
 10
1.57355
 20
8.73441
 10
1.59428
 20
8.75197
 10
1.60507
 20
8.761
 10
1.62298
 20
8.77625
 10
1.63583
 20
8.78709
 10
1.64593
 20
8.80749
 10
1.64858
 20
8.80749
 10
1.6472
 20
8.81035
 10
1.6487
 20
8.81346
 10
1.64572
 20
8.81346
 10
1.63597
 20
8.83383
 10
1.59509
 20
8.8685
 10
1.5734
 20
8.88686
 10
1.56068
 20
8.91296
 10
1.5734
 20
8.93936
 10
1.61179
 20
8.97183
 10
1.63587
 20
8.99224
 10
1.65002
 20
9.0214
 10
1.64161
 20
9.03843
 10
1.63586
 20
9.05041
 10
1.59118
 20
9.08813
 10
1.58356
 20
9.09464
 10
1.5735
 20
9.10313
 10
1.56831
 20
9.11362
 10
1.56046
 20
9.12948
 10
1.57355
 20
9.15588
 10
1.59429
 20
9.17344
 10
1.60507
 20
9.18247
 10
1.62298
 20
9.19772
 10
1.63583
 20
9.20856
 10
1.64593
 20
9.22896
 10
1.64858
 20
9.22896
 10
1.6472
 20
9.23181
 10
1.6487
 20
9.23493
 10
1.64572
 20
9.23493
 10
1.63597
 20
9.25529
 10
1.59509
 20
9.28997
 10
1.5734
 20
9.30833
 10
1.56068
 20
9.33442
 10
1.5734
 20
9.36082
 10
1.61179
 20
9.3933
 10
1.63587
 20
9.4137
 10
1.64778
 20
9.43825
 10
1.64858
 20
9.43988
 10
1.53755
 20
9.43996
 10
1.53761
 20
9.51896
 10
1.67091
 20
9.51896
 10
1.67091
 20
9.64406
 10
1.03869
 20
9.64406
 10
1.03869
 20
9.51896
 10
1.52561
 20
9.51896
 10
1.52556
 20
9.44296
 10
1.53156
 20
9.44296
 10
1.53154
 20
9.41377
 10
1.53152
 20
9.39335
 10
1.5315
 20
9.36085
 10
1.53149
 20
9.34171
 10
1.53148
 20
9.33447
 10
1.53148
 20
9.32727
 10
1.53147
 20
9.30835
 10
1.53145
 20
9.29001
 10
1.53143
 20
9.25536
 10
1.53142
 20
9.235
 10
1.53141
 20
9.22979
 10
1.53141
 20
9.22904
 10
1.53141
 20
9.22293
 10
1.5314
 20
9.20863
 10
1.53139
 20
9.19778
 10
1.53138
 20
9.18252
 10
1.53138
 20
9.17348
 10
1.53136
 20
9.15591
 10
1.53135
 20
9.13678
 10
1.53135
 20
9.12951
 10
1.53134
 20
9.12229
 10
1.53134
 20
9.11365
 10
1.53133
 20
9.10316
 10
1.53132
 20
9.09467
 10
1.53132
 20
9.08817
 10
1.53129
 20
9.05048
 10
1.53129
 20
9.0385
 10
1.53128
 20
9.02561
 10
1.53127
 20
9.01686
 10
1.53125
 20
8.9923
 10
1.53124
 20
8.97189
 10
1.53122
 20
8.93939
 10
1.53121
 20
8.92025
 10
1.5312
 20
8.913
 10
1.5312
 20
8.90581
 10
1.53118
 20
8.88689
 10
1.53117
 20
8.86854
 10
1.53115
 20
8.8339
 10
1.53113
 20
8.80922
 10
1.53113
 20
8.80768
 10
1.53113
 20
8.80147
 10
1.53112
 20
8.78716
 10
1.53111
 20
8.77631
 10
1.5311
 20
8.76105
 10
1.53109
 20
8.75201
 10
1.53108
 20
8.73444
 10
1.53107
 20
8.71531
 10
1.53107
 20
8.70805
 10
1.53106
 20
8.70083
 10
1.53105
 20
8.69215
 10
1.53105
 20
8.68169
 10
1.53104
 20
8.67324
 10
1.53104
 20
8.66676
 10
1.53101
 20
8.62901
 10
1.531
 20
8.61566
 10
1.53098
 20
8.58315
 10
1.53097
 20
8.56401
 10
1.53096
 20
8.55677
 10
1.53096
 20
8.54958
 10
1.53095
 20
8.53065
 10
1.53093
 20
8.51231
 10
1.53091
 20
8.47766
 10
1.5309
 20
8.45731
 10
1.5309
 20
8.45266
 10
1.53089
 20
8.45134
 10
1.53089
 20
8.44524
 10
1.53088
 20
8.43093
 10
1.53087
 20
8.42008
 10
1.53086
 20
8.40482
 10
1.53086
 20
8.39578
 10
1.53085
 20
8.37821
 10
1.53083
 20
8.35908
 10
1.53083
 20
8.35182
 10
1.53082
 20
8.34459
 10
1.53082
 20
8.33592
 10
1.53081
 20
8.32546
 10
1.5308
 20
8.317
 10
1.5308
 20
8.31052
 10
1.53078
 20
8.286
 10
0.277
 20
8.286
 10
0.277
 20
9.0681
 10
1.0391
 20
9.0681
 10
1.03913
 20
9.27708
 10
1.0391
 20
9.2861
 10
0.0684
 20
9.2861
 10
0.0684
 20
9.2773
 10
-0.51632
 20
9.27793
 10
-0.51629
 20
9.30812
 10
-0.51628
 20
9.30942
 10
-0.51627
 20
9.32291
 10
-0.51625
 20
9.3344
 10
-0.51622
 20
9.35954
 10
-0.51622
 20
9.36085
 10
-0.51622
 20
9.3623
 10
-0.51622
 20
9.364
 10
-0.51618
 20
9.39066
 10
-0.51615
 20
9.41345
 10
-0.51615
 20
9.41883
 10
-0.51612
 20
9.44283
 10
-0.51012
 20
9.44282
 10
-0.51002
 20
9.51896
 10
-0.02221
 20
9.51896
 10
-0.02221
 20
9.64406
 10
-0.65525
 20
9.64406
 10
-0.65525
 20
9.51896
 10
-0.52202
 20
9.51896
 10
-0.52212
 20
9.43983
 10
-0.63631
 20
9.43998
 10
-0.62622
 20
9.41897
 10
-0.62356
 20
9.41359
 10
-0.59631
 20
9.39076
 10
-0.5647
 20
9.36406
 10
-0.56096
 20
9.36091
 10
-0.54827
 20
9.33453
 10
-0.56088
 20
9.3082
 10
-0.58888
 20
9.28466
 10
-0.59247
 20
9.28159
 10
-0.61775
 20
9.26038
 10
-0.62346
 20
9.25555
 10
-0.63356
 20
9.23511
 10
-0.63632
 20
9.23512
 10
-0.63489
 20
9.23216
 10
-0.63637
 20
9.22909
 10
-0.63341
 20
9.22909
 10
-0.6261
 20
9.21394
 10
-0.62333
 20
9.20838
 10
-0.59605
 20
9.18533
 10
-0.56472
 20
9.15886
 10
-0.56101
 20
9.15572
 10
-0.54806
 20
9.1294
 10
-0.56124
 20
9.10319
 10
-0.58883
 20
9.07985
 10
-0.61279
 20
9.05949
 10
-0.61776
 20
9.05526
 10
-0.62349
 20
9.05041
 10
-0.63346
 20
9.02975
 10
-0.63766
 20
9.02133
 10
-0.62622
 20
8.9975
 10
-0.62356
 20
8.99213
 10
-0.59631
 20
8.9693
 10
-0.5647
 20
8.94259
 10
-0.56096
 20
8.93944
 10
-0.54827
 20
8.91307
 10
-0.56088
 20
8.88674
 10
-0.58888
 20
8.86319
 10
-0.59247
 20
8.86013
 10
-0.61775
 20
8.83891
 10
-0.62346
 20
8.83408
 10
-0.63356
 20
8.81365
 10
-0.63632
 20
8.81365
 10
-0.63489
 20
8.81069
 10
-0.63637
 20
8.80763
 10
-0.63341
 20
8.80762
 10
-0.6261
 20
8.79247
 10
-0.62333
 20
8.78691
 10
-0.5966
 20
8.76432
 10
-0.59605
 20
8.76386
 10
-0.56472
 20
8.73739
 10
-0.56101
 20
8.73425
 10
-0.54806
 20
8.70793
 10
-0.56124
 20
8.68173
 10
-0.5843
 20
8.66223
 10
-0.63631
 20
8.66228
 10
-0.62622
 20
8.64127
 10
-0.62183
 20
8.63239
 10
-0.63346
 20
8.60829
 10
-0.63425
 20
8.60671
  0
LWPOLYLINE
  5
34C
330
17
100
AcDbEntity
  8
CATI_DUVAR
100
AcDbPolyline
 90
114
 70
1
 38
10.7705
 10
-3.5842
 20
4.83116
 10
-3.27283
 20
4.83116
 10
-3.27283
 20
4.83047
 10
-3.01225
 20
4.8134
 10
-2.93124
 20
4.80809
 10
-2.93124
 20
4.63019
 10
-2.92618
 20
4.3511
 10
-2.345
 20
4.3511
 10
-2.34495
 20
4.3422
 10
-2.336
 20
4.3422
 10
-2.336
 20
3.816
 10
-0.264
 20
3.816
 10
-0.264
 20
4.15656
 10
-0.32425
 20
4.15656
 10
-0.32425
 20
4.14227
 10
-0.34442
 20
4.14227
 10
-0.34442
 20
4.15656
 10
-0.38981
 20
4.15656
 10
-0.40302
 20
4.16175
 10
-0.41334
 20
4.1658
 10
-0.61001
 20
4.1658
 10
-0.62323
 20
4.16061
 10
-0.63355
 20
4.15656
 10
-0.72348
 20
4.15656
 10
-0.73715
 20
4.16175
 10
-0.74785
 20
4.1658
 10
-0.94368
 20
4.1658
 10
-0.95736
 20
4.16061
 10
-0.96805
 20
4.15656
 10
-1.0832
 20
4.15656
 10
-1.0832
 20
4.19858
 10
-0.96805
 20
4.19858
 10
-0.95735
 20
4.19452
 10
-0.94368
 20
4.18934
 10
-0.74785
 20
4.18934
 10
-0.73715
 20
4.19339
 10
-0.72348
 20
4.19858
 10
-0.63355
 20
4.19858
 10
-0.62321
 20
4.19452
 10
-0.61001
 20
4.18934
 10
-0.41334
 20
4.18934
 10
-0.403
 20
4.19339
 10
-0.38981
 20
4.19858
 10
-0.34442
 20
4.19858
 10
-0.34442
 20
4.21707
 10
-0.32425
 20
4.21707
 10
-0.32425
 20
4.23724
 10
-0.22424
 20
4.23724
 10
-0.22424
 20
4.21707
 10
-0.20406
 20
4.21707
 10
-0.20406
 20
4.1774
 10
-0.1248
 20
4.1774
 10
-0.1248
 20
4.186
 10
-0.0949
 20
4.186
 10
-0.0949
 20
4.1774
 10
-0.0859
 20
4.1774
 10
-0.0859
 20
3.816
 10
0.0051
 20
3.816
 10
0.0051
 20
3.8073
 10
0.0139
 20
3.8073
 10
0.0139
 20
3.5474
 10
0.00643
 20
3.5474
 10
0.00572
 20
3.538
 10
-5.0015
 20
3.538
 10
-5.0015
 20
3.288
 10
-5.9925
 20
3.288
 10
-5.9925
 20
2.7816
 10
-5.9931
 20
2.7816
 10
-5.9931
 20
2.6399
 10
-6.0015
 20
2.6399
 10
-6.0015
 20
2.6311
 10
-6.0315
 20
2.6311
 10
-6.0315
 20
2.6309
 10
-6.1105
 20
2.6309
 10
-6.1105
 20
2.58989
 10
-6.1369
 20
2.58989
 10
-6.1369
 20
2.5848
 10
-6.14544
 20
2.5848
 10
-6.14544
 20
2.53987
 10
-6.17089
 20
2.53987
 10
-6.17089
 20
2.58989
 10
-6.23095
 20
2.58989
 10
-6.23095
 20
2.6309
 10
-6.2316
 20
2.6309
 10
-6.2316
 20
2.6397
 10
-6.241
 20
2.6397
 10
-6.241
 20
2.64034
 10
-6.29066
 20
2.64034
 10
-6.29066
 20
2.7196
 10
-6.241
 20
2.7196
 10
-6.241
 20
3.5274
 10
-6.2316
 20
3.5274
 10
-6.2316
 20
3.536
 10
-5.2409
 20
3.536
 10
-5.2409
 20
3.7772
 10
-2.5726
 20
3.7772
 10
-2.5726
 20
3.5859
 10
-2.3749
 20
3.5859
 10
-2.3749
 20
3.7772
 10
-0.2249
 20
3.7772
 10
-0.2249
 20
3.5859
 10
-0.12485
 20
3.5859
 10
-0.125
 20
3.7772
 10
-5.2405
 20
3.7772
 10
-5.2405
 20
4.1094
 10
-3.79264
 20
4.1094
 10
-3.79268
 20
4.15225
 10
-3.6184
 20
4.15245
 10
-3.6184
 20
4.15217
 10
-3.43487
 20
4.15217
 10
-3.01502
 20
4.152
 10
-3.0151
 20
4.3123
 10
-3.0252
 20
4.3123
 10
-3.0252
 20
4.35331
  0
LWPOLYLINE
  5
34D
330
17
100
AcDbEntity
  8
CATI_DUVAR
100
AcDbPolyline
 90
12
 70
1
 38
10.7705
 10
-2.3749
 20
8.268
 10
-2.3749
 20
8.0773
 10
-2.564
 20
8.0773
 10
-2.564
 20
8.268
 10
-0.0948
 20
8.268
 10
-0.0948
 20
8.0477
 10
-0.1038
 20
8.0477
 10
-0.1038
 20
8.0471
 10
-0.2159
 20
8.0471
 10
-0.2159
 20
8.0773
 10
-0.2249
 20
8.0773
 10
-0.2249
 20
8.268
  0
LWPOLYLINE
  5
34E
330
17
100
AcDbEntity
  8
CATI_DUVAR
100
AcDbPolyline
 90
24
 70
1
 38
10.7705
 10
1.92519
 20
0.468
 10
1.92519
 20
0.2861
 10
1.9252
 20
0.2861
 10
1.9252
 20
0.27724
 10
2.4569
 20
0.2772
 10
2.4569
 20
0.30154
 10
2.4569
 20
0.31453
 10
2.45691
 20
0.33592
 10
2.45691
 20
0.34086
 10
2.45691
 20
0.34304
 10
2.45691
 20
0.34586
 10
2.45691
 20
0.34704
 10
2.45691
 20
0.34844
 10
2.45691
 20
0.39372
 10
2.45691
 20
0.40261
 10
2.45691
 20
0.42003
 10
2.45691
 20
0.43129
 10
2.45691
 20
0.44018
 10
2.45692
 20
0.45004
 10
2.45692
 20
0.47835
 10
2.0427
 20
0.47843
 10
2.0427
 20
0.4774
 10
2.0334
 20
0.4774
 10
2.0334
 20
0.468
  0
LWPOLYLINE
  5
34F
330
17
100
AcDbEntity
  8
CATI_DUVAR
100
AcDbPolyline
 90
4
 70
1
 38
10.7705
 10
-0.32425
 20
5.03737
 10
-0.32425
 20
5.11302
 10
-0.34442
 20
5.11302
 10
-0.34442
 20
5.03737
  0
LWPOLYLINE
  5
350
330
17
100
AcDbEntity
  8
CATI_DUVAR
100
AcDbPolyline
 90
6
 70
1
 38
10.7705
 10
-0.2159
 20
5.3079
 10
-0.2159
 20
5.1774
 10
-0.1248
 20
5.1774
 10
-0.1248
 20
5.186
 10
-0.0948
 20
5.186
 10
-0.0948
 20
5.3079
  0
LWPOLYLINE
  5
351
330
17
100
AcDbEntity
  8
CATI_DUVAR
100
AcDbPolyline
 90
6
 70
1
 38
10.7705
 10
-2.573
 20
0.468
 10
-2.573
 20
0.2863
 10
-2.564
 20
0.2863
 10
-2.564
 20
0.27724
 10
-2.3749
 20
0.27724
 10
-2.3749
 20
0.468
  0
LWPOLYLINE
  5
352
330
17
100
AcDbEntity
  8
CATI_DUVAR
100
AcDbPolyline
 90
18
 70
1
 38
10.7705
 10
-6.2316
 20
0.5179
 10
-5.2409
 20
0.5179
 10
-5.2409
 20
-0.0549
 10
-3.84799
 20
-0.0549
 10
-3.84799
 20
-0.62193
 10
-3.81416
 20
-0.62313
 10
-3.81405
 20
-0.62126
 10
-3.7857
 20
-0.62126
 10
-3.78595
 20
-0.50792
 10
-3.78595
 20
-0.0549
 10
-3.01543
 20
-0.0549
 10
-3.01543
 20
-0.2626
 10
-3.0246
 20
-0.2626
 10
-3.0246
 20
-0.2927
 10
-3.0156
 20
-0.2927
 10
-3.01543
 20
-0.71277
 10
-3.01843
 20
-0.71277
 10
-3.28933
 20
-0.71277
  0
LWPOLYLINE
  5
353
330
17
100
AcDbEntity
  8
CATI_DUVAR
100
AcDbPolyline
 90
49
 70
1
 38
10.7705
 10
-6.2316
 20
0.5179
 10
-6.2316
 20
0.5273
 10
-6.241
 20
0.5273
 10
-6.241
 20
1.35968
 10
-6.29066
 20
1.35968
 10
-6.29066
 20
1.43998
 10
-6.2316
 20
1.44005
 10
-6.2316
 20
1.449
 10
-6.23095
 20
1.449
 10
-6.23095
 20
1.49042
 10
-6.17089
 20
1.49042
 10
-6.17089
 20
1.54024
 10
-6.14544
 20
1.54024
 10
-6.14544
 20
1.4949
 10
-6.1369
 20
1.4949
 10
-6.1369
 20
1.49042
 10
-6.1105
 20
1.49042
 10
-6.1105
 20
1.449
 10
-6.0316
 20
1.4491
 10
-6.0015
 20
1.4491
 10
-6.0015
 20
1.44
 10
-5.9925
 20
1.43999
 10
-5.9929
 20
1.02349
 10
-5.9931
 20
1.02349
 10
-5.9931
 20
0.7659
 10
-5.0015
 20
0.7659
 10
-5.0015
 20
0.5159
 10
-0.28307
 20
0.5159
 10
-0.28307
 20
0.52739
 10
-0.20827
 20
0.52739
 10
-0.20827
 20
0.5159
 10
-0.2066
 20
0.5159
 10
-0.2066
 20
0.50745
 10
-0.1881
 20
0.5073
 10
-0.1881
 20
0.24752
 10
-0.1969
 20
0.24752
 10
-0.1969
 20
0.2473
 10
-0.2066
 20
0.2473
 10
-0.2066
 20
0.2379
 10
-0.20827
 20
0.2379
 10
-0.20827
 20
0.22735
 10
-0.28307
 20
0.22735
 10
-0.28307
 20
0.2379
 10
-2.336
 20
0.2379
 10
-2.336
 20
-0.2927
 10
-2.34146
 20
-0.2927
 10
-2.34346
 20
-0.3019
 10
-2.92922
 20
-0.3019
 10
-2.92922
 20
-0.71277
  0
LWPOLYLINE
  5
354
330
17
100
AcDbEntity
  8
CATI_DUVAR
100
AcDbPolyline
 90
4
 70
1
 38
10.7705
 10
-6.223
 20
0.7119
 10
-6.223
 20
0.5359
 10
-6.0457
 20
0.5359
 10
-6.0457
 20
0.7119
  0
LWPOLYLINE
  5
355
330
17
100
AcDbEntity
  8
CATI_DUVAR
100
AcDbPolyline
 90
4
 70
1
 38
10.7705
 10
-6.223
 20
3.518
 10
-6.223
 20
3.33704
 10
-6.03151
 20
3.33704
 10
-6.03391
 20
3.518
  0
LWPOLYLINE
  5
356
330
17
100
AcDbEntity
  8
CATI_DUVAR
100
AcDbPolyline
 90
7
 70
1
 38
10.7705
 10
-3.79298
 20
4.19477
 10
-3.79273
 20
4.153
 10
-3.81367
 20
4.15252
 10
-3.8137
 20
4.15299
 10
-3.85503
 20
4.15299
 10
-3.85503
 20
4.74302
 10
-3.79298
 20
4.74264
  0
LWPOLYLINE
  5
357
330
17
100
AcDbEntity
  8
CATI_DUVAR
100
AcDbPolyline
 90
4
 70
1
 38
10.7705
 10
3.81839
 20
6.0523
 10
3.81839
 20
5.05228
 10
3.31838
 20
5.05228
 10
3.31838
 20
6.0523
  0
LWPOLYLINE
  5
358
330
17
100
AcDbEntity
  8
CATI_DUVAR
100
AcDbPolyline
 90
3
 70
1
 38
10.7705
 10
-3.01591
 20
8.96734
 10
-3.01501
 20
8.96709
 10
-3.01591
 20
8.96709
  0
LWPOLYLINE
  5
359
330
17
100
AcDbEntity
  8
CATI_DUVAR
100
AcDbPolyline
 90
3
 70
1
 38
10.7705
 10
-3.01591
 20
-4.76795
 10
-3.01501
 20
-4.76795
 10
-3.01591
 20
-4.7677
  0
LWPOLYLINE
  5
35A
330
17
100
AcDbEntity
  8
CATI_DUVAR
100
AcDbPolyline
 90
5
 70
1
 38
10.7705
 10
-3.01501
 20
8.90504
 10
-3.0137
 20
8.89946
 10
-3.0137
 20
8.84225
 10
-3.01591
 20
8.89943
 10
-3.01591
 20
8.90504
  0
LWPOLYLINE
  5
35B
330
17
100
AcDbEntity
  8
CATI_DUVAR
100
AcDbPolyline
 90
4
 70
1
 38
10.7705
 10
-3.01591
 20
-4.89279
 10
-3.0137
 20
-4.83557
 10
-3.01501
 20
-4.82999
 10
-3.01591
 20
-4.82999
  0
LWPOLYLINE
  5
35C
330
17
100
AcDbEntity
  8
CATI_DUVAR
100
AcDbPolyline
 90
7
 70
1
 38
10.7705
 10
-3.79298
 20
7.70822
 10
-3.79273
 20
7.70833
 10
-3.79273
 20
7.70822
 10
-3.79298
 20
7.64494
 10
-3.79298
 20
7.11841
 10
-3.85503
 20
7.11841
 10
-3.85503
 20
7.70822
  0
LWPOLYLINE
  5
35D
330
17
100
AcDbEntity
  8
CATI_DUVAR
100
AcDbPolyline
 90
8
 70
1
 38
10.7705
 10
-6.14544
 20
2.0447
 10
-6.1369
 20
2.0447
 10
-6.1369
 20
2.0348
 10
-6.14544
 20
2.0348
 10
-6.14544
 20
1.9897
 10
-6.17089
 20
1.9897
 10
-6.17089
 20
2.09041
 10
-6.14544
 20
2.09041
  0
HATCH
  5
361
330
17
100
AcDbEntity
  8
CATI_MOBILYA
 62
7
100
AcDbHatch
 10
0.0
 20
0.0
 30
10.7705
210
0.0
220
0.0
230
1.0
  2
ANSI31
 70
0
 71
0
 91
47
 92
3
 72
0
 73
1
 93
7
 10
-5.93524
 20
1.33531
 10
-5.92628
 20
1.32596
 10
-5.91055
 20
1.31235
 10
-5.90202
 20
1.30759
 10
-5.92483
 20
1.32741
 10
-5.93363
 20
1.33653
 10
-5.94637
 20
1.34974
 97
0
 92
3
 72
0
 73
1
 93
4
 10
-5.94879
 20
1.37275
 10
-5.94763
 20
1.37118
 10
-5.94952
 20
1.37097
 10
-5.94957
 20
1.37186
 97
0
 92
3
 72
0
 73
1
 93
3
 10
-5.94482
 20
1.51065
 10
-5.93021
 20
1.4936
 10
-5.92874
 20
1.49491
 97
0
 92
3
 72
0
 73
1
 93
5
 10
-5.92542
 20
1.72193
 10
-5.90629
 20
1.73794
 10
-5.90194
 20
1.74346
 10
-5.90774
 20
1.7394
 10
-5.92394
 20
1.72579
 97
0
 92
3
 72
0
 73
1
 93
3
 10
-5.91922
 20
1.81305
 10
-5.91687
 20
1.80831
 10
-5.91551
 20
1.80976
 97
0
 92
3
 72
0
 73
1
 93
3
 10
-5.91468
 20
1.89679
 10
-5.91075
 20
1.90012
 10
-5.9093
 20
1.89876
 97
0
 92
3
 72
0
 73
1
 93
4
 10
-5.94379
 20
1.99894
 10
-5.94034
 20
1.99645
 10
-5.94996
 20
2.01503
 10
-5.94598
 20
2.00323
 97
0
 92
3
 72
0
 73
1
 93
3
 10
-5.94996
 20
2.01503
 10
-5.952
 20
2.01503
 10
-5.94953
 20
2.01587
 97
0
 92
3
 72
0
 73
1
 93
3
 10
-5.94026
 20
2.03793
 10
-5.9387
 20
2.03677
 10
-5.94071
 20
2.03704
 97
0
 92
3
 72
0
 73
1
 93
6
 10
-5.90725
 20
2.12587
 10
-5.90082
 20
2.12158
 10
-5.9093
 20
2.13129
 10
-5.92032
 20
2.14061
 10
-5.91887
 20
2.13676
 10
-5.91075
 20
2.12984
 97
0
 92
3
 72
0
 73
1
 93
3
 10
-5.93825
 20
2.15728
 10
-5.93628
 20
2.1541
 10
-5.93773
 20
2.15284
 97
0
 92
3
 72
0
 73
1
 93
3
 10
-5.90774
 20
2.29065
 10
-5.89312
 20
2.27532
 10
-5.90629
 20
2.29201
 97
0
 92
3
 72
0
 73
1
 93
3
 10
-5.91997
 20
2.38247
 10
-5.91637
 20
2.38581
 10
-5.91862
 20
2.381
 97
0
 92
3
 72
0
 73
1
 93
3
 10
-5.93084
 20
2.47573
 10
-5.92106
 20
2.46498
 10
-5.9322
 20
2.47437
 97
0
 92
3
 72
0
 73
1
 93
4
 10
-5.92182
 20
2.54182
 10
-5.91396
 20
2.54883
 10
-5.92318
 20
2.54328
 10
-5.9379
 20
2.52615
 97
0
 92
3
 72
0
 73
1
 93
3
 10
-5.90066
 20
2.61345
 10
-5.89856
 20
2.60995
 10
-5.90221
 20
2.61219
 97
0
 92
3
 72
0
 73
1
 93
6
 10
-5.92628
 20
2.70409
 10
-5.92241
 20
2.70743
 10
-5.9168
 20
2.70962
 10
-5.92483
 20
2.70264
 10
-5.94324
 20
2.68356
 10
-5.92947
 20
2.70075
 97
0
 92
3
 72
0
 73
1
 93
21
 10
-1.67008
 20
-0.3683
 10
-1.66964
 20
-0.36919
 10
-1.66877
 20
-0.37091
 10
-1.66789
 20
-0.37135
 10
-1.66616
 20
-0.37222
 10
-1.46886
 20
-0.37222
 10
-1.36717
 20
-0.37222
 10
-1.36606
 20
-0.37177
 10
-1.36391
 20
-0.37091
 10
-1.36369
 20
-0.37002
 10
-1.36326
 20
-0.3683
 10
-1.36326
 20
-0.36011
 10
-1.36326
 20
-0.3559
 10
-1.36348
 20
-0.35501
 10
-1.36391
 20
-0.35328
 10
-1.36502
 20
-0.35284
 10
-1.36717
 20
-0.35198
 10
-1.56447
 20
-0.35198
 10
-1.66616
 20
-0.35198
 10
-1.66705
 20
-0.35242
 10
-1.67008
 20
-0.36408
 97
0
 92
3
 72
0
 73
1
 93
24
 10
-1.3502
 20
-0.36408
 10
-1.3502
 20
-0.3683
 10
-1.34976
 20
-0.36919
 10
-1.3489
 20
-0.37091
 10
-1.34801
 20
-0.37135
 10
-1.34628
 20
-0.37222
 10
-1.14899
 20
-0.37222
 10
-1.0473
 20
-0.37222
 10
-1.04619
 20
-0.37177
 10
-1.04403
 20
-0.37091
 10
-1.04359
 20
-0.37002
 10
-1.04273
 20
-0.3683
 10
-1.04273
 20
-0.36011
 10
-1.04273
 20
-0.3559
 10
-1.04317
 20
-0.35501
 10
-1.04403
 20
-0.35328
 10
-1.04514
 20
-0.35284
 10
-1.0473
 20
-0.35198
 10
-1.24459
 20
-0.35198
 10
-1.34628
 20
-0.35198
 10
-1.34717
 20
-0.35242
 10
-1.3489
 20
-0.35328
 10
-1.34934
 20
-0.35417
 10
-1.3502
 20
-0.3559
 97
0
 92
3
 72
0
 73
1
 93
21
 10
-1.03032
 20
-0.36408
 10
-1.03032
 20
-0.3683
 10
-1.02988
 20
-0.36919
 10
-1.02902
 20
-0.37091
 10
-1.02791
 20
-0.37135
 10
-1.02575
 20
-0.37222
 10
-0.82845
 20
-0.37222
 10
-0.72371
 20
-0.37002
 10
-0.72285
 20
-0.3683
 10
-0.72285
 20
-0.36011
 10
-0.72285
 20
-0.3559
 10
-0.72329
 20
-0.35501
 10
-0.72415
 20
-0.35328
 10
-0.72504
 20
-0.35284
 10
-0.72676
 20
-0.35198
 10
-0.92406
 20
-0.35198
 10
-1.02575
 20
-0.35198
 10
-1.02686
 20
-0.35242
 10
-1.02902
 20
-0.35328
 10
-1.02946
 20
-0.35417
 10
-1.03032
 20
-0.3559
 97
0
 92
3
 72
0
 73
1
 93
24
 10
-0.62624
 20
-0.10601
 10
-0.62593
 20
-0.10476
 10
-0.62682
 20
-0.10148
 10
-0.62713
 20
-0.10035
 10
-0.62952
 20
-0.09796
 10
-0.63035
 20
-0.09713
 10
-0.63392
 20
-0.09624
 10
-0.63517
 20
-0.09593
 10
-0.63844
 20
-0.09682
 10
-0.63958
 20
-0.09713
 10
-0.64197
 20
-0.09952
 10
-0.6428
 20
-0.10035
 10
-0.64369
 20
-0.10363
 10
-0.644
 20
-0.10476
 10
-0.64311
 20
-0.10834
 10
-0.6428
 20
-0.10958
 10
-0.64041
 20
-0.11197
 10
-0.63958
 20
-0.1128
 10
-0.6363
 20
-0.11369
 10
-0.63517
 20
-0.114
 10
-0.63159
 20
-0.11311
 10
-0.63035
 20
-0.1128
 10
-0.62796
 20
-0.11041
 10
-0.62713
 20
-0.10958
 97
0
 92
3
 72
0
 73
1
 93
24
 10
-0.34165
 20
-0.11311
 10
-0.34041
 20
-0.1128
 10
-0.33802
 20
-0.11041
 10
-0.3372
 20
-0.10958
 10
-0.3363
 20
-0.10601
 10
-0.33599
 20
-0.10476
 10
-0.33689
 20
-0.10148
 10
-0.3372
 20
-0.10035
 10
-0.33958
 20
-0.09796
 10
-0.34041
 20
-0.09713
 10
-0.34399
 20
-0.09624
 10
-0.34523
 20
-0.09593
 10
-0.34851
 20
-0.09682
 10
-0.34965
 20
-0.09713
 10
-0.35203
 20
-0.09952
 10
-0.35286
 20
-0.10035
 10
-0.35375
 20
-0.10363
 10
-0.35406
 20
-0.10476
 10
-0.35317
 20
-0.10834
 10
-0.35286
 20
-0.10958
 10
-0.35047
 20
-0.11197
 10
-0.34965
 20
-0.1128
 10
-0.34637
 20
-0.11369
 10
-0.34523
 20
-0.114
 97
0
 92
3
 72
0
 73
1
 93
61
 10
-1.68833
 20
-0.34959
 10
-1.68705
 20
-0.35002
 10
-1.67938
 20
-0.35002
 10
-1.6753
 20
-0.35002
 10
-1.67462
 20
-0.34979
 10
-1.67334
 20
-0.34937
 10
-1.67312
 20
-0.34846
 10
-1.67269
 20
-0.34676
 10
-1.67269
 20
0.00201
 10
-1.66943
 20
0.17223
 10
-1.04309
 20
0.17223
 10
-0.71044
 20
0.17223
 10
-0.70976
 20
0.17246
 10
-0.70783
 20
-0.16152
 10
-0.70783
 20
-0.34676
 10
-0.70738
 20
-0.34766
 10
-0.70653
 20
-0.34937
 10
-0.70585
 20
-0.34959
 10
-0.70457
 20
-0.35002
 10
-0.69689
 20
-0.35002
 10
-0.69282
 20
-0.35002
 10
-0.69214
 20
-0.34979
 10
-0.69086
 20
-0.34937
 10
-0.69063
 20
-0.34846
 10
-0.69021
 20
-0.34676
 10
-0.69021
 20
0.00201
 10
-0.69021
 20
0.18725
 10
-0.69043
 20
0.18792
 10
-0.69086
 20
0.1892
 10
-0.69154
 20
0.18943
 10
-0.69282
 20
0.18986
 10
-0.70049
 20
0.18986
 10
-0.70457
 20
0.18986
 10
-0.70525
 20
0.18963
 10
-0.70653
 20
0.1892
 10
-0.70698
 20
0.18852
 10
-0.70783
 20
0.18725
 10
-0.70806
 20
0.18792
 10
-0.70849
 20
0.1892
 10
-0.70916
 20
0.18943
 10
-0.71044
 20
0.18986
 10
-1.33678
 20
0.18986
 10
-1.66943
 20
0.18986
 10
-1.67011
 20
0.18963
 10
-1.67138
 20
0.1892
 10
-1.67184
 20
0.18852
 10
-1.67269
 20
0.18725
 10
-1.67292
 20
0.18792
 10
-1.67334
 20
0.1892
 10
-1.67402
 20
0.18943
 10
-1.6753
 20
0.18986
 10
-1.68298
 20
0.18986
 10
-1.68705
 20
0.18986
 10
-1.68773
 20
0.18963
 10
-1.68901
 20
0.1892
 10
-1.68946
 20
0.18852
 10
-1.69032
 20
0.18725
 10
-1.69032
 20
-0.16152
 10
-1.69032
 20
-0.34676
 10
-1.68986
 20
-0.34766
 10
-1.68901
 20
-0.34937
 97
0
 92
3
 72
0
 73
1
 93
24
 10
-0.64041
 20
0.13791
 10
-0.63958
 20
0.13698
 10
-0.6363
 20
0.13639
 10
-0.63517
 20
0.13618
 10
-0.63159
 20
0.13678
 10
-0.63035
 20
0.13698
 10
-0.62796
 20
0.13967
 10
-0.62713
 20
0.1406
 10
-0.62624
 20
0.14388
 10
-0.62593
 20
0.14502
 10
-0.62682
 20
0.1483
 10
-0.62713
 20
0.14943
 10
-0.62952
 20
0.15182
 10
-0.63035
 20
0.15265
 10
-0.63392
 20
0.15354
 10
-0.63517
 20
0.15385
 10
-0.63844
 20
0.15296
 10
-0.63958
 20
0.15265
 10
-0.64197
 20
0.15026
 10
-0.6428
 20
0.14943
 10
-0.64369
 20
0.14615
 10
-0.644
 20
0.14502
 10
-0.64311
 20
0.14174
 10
-0.6428
 20
0.1406
 97
0
 92
3
 72
0
 73
1
 93
24
 10
-0.35406
 20
0.14502
 10
-0.35375
 20
0.14615
 10
-0.35286
 20
0.14943
 10
-0.35203
 20
0.15026
 10
-0.34965
 20
0.15265
 10
-0.34851
 20
0.15296
 10
-0.34523
 20
0.15385
 10
-0.34399
 20
0.15354
 10
-0.34041
 20
0.15265
 10
-0.33958
 20
0.15182
 10
-0.3372
 20
0.14943
 10
-0.33689
 20
0.1483
 10
-0.33599
 20
0.14502
 10
-0.3363
 20
0.14388
 10
-0.3372
 20
0.1406
 10
-0.33802
 20
0.13967
 10
-0.34041
 20
0.13698
 10
-0.34165
 20
0.13678
 10
-0.34523
 20
0.13618
 10
-0.34637
 20
0.13639
 10
-0.34965
 20
0.13698
 10
-0.35047
 20
0.13791
 10
-0.35286
 20
0.1406
 10
-0.35317
 20
0.14174
 97
0
 92
3
 72
0
 73
1
 93
6
 10
-5.8964
 20
1.30083
 10
-5.89493
 20
1.29356
 10
-5.88804
 20
1.27996
 10
-5.88745
 20
1.28027
 10
-5.88675
 20
1.28063
 10
-5.8862
 20
1.28093
 97
0
 92
3
 72
0
 73
1
 93
3
 10
-5.8964
 20
1.30083
 10
-5.89969
 20
1.30296
 10
-5.89814
 20
1.30422
 97
0
 92
3
 72
0
 73
1
 93
3
 10
-5.88695
 20
1.60214
 10
-5.88668
 20
1.6012
 10
-5.88863
 20
1.60159
 97
0
 92
3
 72
0
 73
1
 93
3
 10
-5.89338
 20
1.7853
 10
-5.89163
 20
1.78628
 10
-5.89511
 20
1.78969
 97
0
 92
3
 72
0
 73
1
 93
3
 10
-5.89258
 20
1.94701
 10
-5.89173
 20
1.94612
 10
-5.88998
 20
1.9469
 97
0
 92
3
 72
0
 73
1
 93
28
 10
-0.81656
 20
6.95236
 10
-0.81655
 20
6.94325
 10
-0.81653
 20
6.92595
 10
-0.81655
 20
6.92502
 10
-0.81654
 20
6.92454
 10
-0.81678
 20
6.92454
 10
-0.817
 20
6.92407
 10
-0.81724
 20
6.92383
 10
-0.81744
 20
6.92405
 10
-0.81823
 20
6.92353
 10
-0.81835
 20
6.92305
 10
-0.82577
 20
6.92304
 10
-0.83992
 20
6.92314
 10
-0.84043
 20
6.92352
 10
-0.84082
 20
6.92379
 10
-0.84079
 20
6.92385
 10
-0.84079
 20
6.92409
 10
-0.84124
 20
6.92454
 10
-0.84138
 20
6.93426
 10
-0.84106
 20
6.95234
 10
-0.84093
 20
6.95249
 10
-0.8407
 20
6.95238
 10
-0.83954
 20
6.95314
 10
-0.83905
 20
6.95349
 10
-0.83211
 20
6.95363
 10
-0.81857
 20
6.95359
 10
-0.81795
 20
6.95312
 10
-0.81678
 20
6.95238
 97
0
 92
3
 72
0
 73
1
 93
3
 10
-0.82628
 20
7.08838
 10
-0.82307
 20
7.21169
 10
-0.8228
 20
6.95444
 97
0
 92
3
 72
0
 73
1
 93
167
 10
-0.83898
 20
6.48714
 10
-0.83211
 20
6.48714
 10
-0.8308
 20
6.48867
 10
-0.8308
 20
6.87807
 10
-0.8396
 20
6.88006
 10
-0.84019
 20
6.88018
 10
-0.84068
 20
6.88032
 10
-0.84078
 20
6.88026
 10
-0.84082
 20
6.88065
 10
-0.84139
 20
6.88157
 10
-0.84141
 20
6.89101
 10
-0.84104
 20
6.9087
 10
-0.84077
 20
6.9092
 10
-0.84021
 20
6.90975
 10
-0.8398
 20
6.9102
 10
-0.83945
 20
6.91023
 10
-0.83211
 20
6.91029
 10
-0.81834
 20
6.91033
 10
-0.81769
 20
6.90982
 10
-0.81712
 20
6.90919
 10
-0.81654
 20
6.90848
 10
-0.81657
 20
6.89942
 10
-0.81656
 20
6.8816
 10
-0.81672
 20
6.88088
 10
-0.81719
 20
6.88025
 10
-0.81724
 20
6.8803
 10
-0.81777
 20
6.88032
 10
-0.81821
 20
6.88012
 10
-0.81861
 20
6.87964
 10
-0.82005
 20
6.87882
 10
-0.81979
 20
6.87845
 10
-0.81935
 20
6.87752
 10
-0.81934
 20
6.7454
 10
-0.81938
 20
6.48924
 10
-0.81976
 20
6.48835
 10
-0.81979
 20
6.48812
 10
-0.81985
 20
6.48809
 10
-0.82009
 20
6.48785
 10
-0.81857
 20
6.48694
 10
-0.81795
 20
6.48646
 10
-0.81679
 20
6.48573
 10
-0.81657
 20
6.48571
 10
-0.8166
 20
6.47643
 10
-0.81598
 20
6.47057
 10
-0.81382
 20
6.47181
 10
-0.81309
 20
6.47218
 10
-0.63611
 20
6.47202
 10
-0.3199
 20
6.47432
 10
-0.31981
 20
6.94242
 10
-0.31981
 20
7.82604
 10
-0.48255
 20
7.82801
 10
-0.8135
 20
7.82791
 10
-0.81656
 20
7.81491
 10
-0.81672
 20
7.81419
 10
-0.81719
 20
7.81356
 10
-0.81724
 20
7.81361
 10
-0.8178
 20
7.81364
 10
-0.81796
 20
7.81357
 10
-0.81823
 20
7.81345
 10
-0.81861
 20
7.81295
 10
-0.82005
 20
7.81213
 10
-0.81979
 20
7.81176
 10
-0.81935
 20
7.81083
 10
-0.81934
 20
7.67871
 10
-0.81938
 20
7.42255
 10
-0.81976
 20
7.42166
 10
-0.81831
 20
7.41997
 10
-0.8177
 20
7.41965
 10
-0.81676
 20
7.4186
 10
-0.81652
 20
7.41835
 10
-0.81651
 20
7.40909
 10
-0.81651
 20
7.39172
 10
-0.81702
 20
7.39089
 10
-0.81728
 20
7.39051
 10
-0.81803
 20
7.38997
 10
-0.81835
 20
7.38971
 10
-0.82577
 20
7.3897
 10
-0.83943
 20
7.38971
 10
-0.83994
 20
7.3902
 10
-0.84043
 20
7.39018
 10
-0.84069
 20
7.3905
 10
-0.8408
 20
7.39046
 10
-0.84123
 20
7.39143
 10
-0.84136
 20
7.392
 10
-0.84137
 20
7.40091
 10
-0.84096
 20
7.41876
 10
-0.84075
 20
7.41927
 10
-0.84022
 20
7.41958
 10
-0.83976
 20
7.42011
 10
-0.83926
 20
7.42031
 10
-0.83233
 20
7.42032
 10
-0.8308
 20
7.42197
 10
-0.8308
 20
7.55424
 10
-0.83022
 20
7.81189
 10
-0.8308
 20
7.81138
 10
-0.83926
 20
7.81303
 10
-0.83965
 20
7.81347
 10
-0.84024
 20
7.81359
 10
-0.84068
 20
7.81363
 10
-0.84082
 20
7.81396
 10
-0.84139
 20
7.81488
 10
-0.84141
 20
7.82432
 10
-0.84104
 20
7.84201
 10
-0.84077
 20
7.84251
 10
-0.84021
 20
7.84306
 10
-0.8398
 20
7.84351
 10
-0.83945
 20
7.84354
 10
-0.83227
 20
7.84356
 10
-0.81849
 20
7.84359
 10
-0.81652
 20
7.84747
 10
-0.81601
 20
7.84816
 10
-0.81577
 20
7.84856
 10
-0.81398
 20
7.84931
 10
-0.81327
 20
7.84965
 10
-0.6353
 20
7.84967
 10
-0.3049
 20
7.84986
 10
-0.30396
 20
7.84887
 10
-0.30348
 20
7.84851
 10
-0.30256
 20
7.84764
 10
-0.30217
 20
7.84723
 10
-0.30206
 20
7.84141
 10
-0.30235
 20
7.83028
 10
-0.3027
 20
7.82994
 10
-0.30428
 20
7.82865
 10
-0.30499
 20
7.82801
 10
-0.30426
 20
7.82788
 10
-0.30345
 20
7.82737
 10
-0.3028
 20
7.82699
 10
-0.30216
 20
7.8261
 10
-0.30212
 20
7.35833
 10
-0.30212
 20
6.47448
 10
-0.30229
 20
6.47384
 10
-0.30275
 20
6.47285
 10
-0.30268
 20
6.47278
 10
-0.30375
 20
6.47232
 10
-0.3043
 20
6.47209
 10
-0.30478
 20
6.47175
 10
-0.3034
 20
6.47052
 10
-0.30272
 20
6.46993
 10
-0.30228
 20
6.46984
 10
-0.30231
 20
6.46392
 10
-0.30216
 20
6.4528
 10
-0.30371
 20
6.45125
 10
-0.30439
 20
6.45055
 10
-0.48257
 20
6.45034
 10
-0.81439
 20
6.45035
 10
-0.81492
 20
6.45063
 10
-0.81606
 20
6.45182
 10
-0.81646
 20
6.45228
 10
-0.81684
 20
6.45717
 10
-0.81704
 20
6.45698
 10
-0.81783
 20
6.45629
 10
-0.81829
 20
6.45619
 10
-0.8257
 20
6.45605
 10
-0.83911
 20
6.4558
 10
-0.84009
 20
6.45658
 10
-0.84033
 20
6.45674
 10
-0.84078
 20
6.45717
 10
-0.84117
 20
6.45758
 10
-0.84129
 20
6.45782
 10
-0.84131
 20
6.46718
 10
-0.8412
 20
6.48513
 10
-0.84092
 20
6.48547
 10
-0.84079
 20
6.48571
 10
-0.84071
 20
6.48572
 10
-0.83998
 20
6.48616
 10
-0.83954
 20
6.48665
 97
0
 92
3
 72
0
 73
1
 93
3
 10
-0.81686
 20
6.45815
 10
-0.81654
 20
6.4584
 10
-0.81665
 20
6.45773
 97
0
 92
3
 72
0
 73
1
 93
27
 10
-0.81736
 20
7.37621
 10
-0.81678
 20
7.3755
 10
-0.81654
 20
7.3751
 10
-0.81657
 20
7.36608
 10
-0.81656
 20
7.34825
 10
-0.81672
 20
7.34753
 10
-0.81719
 20
7.34691
 10
-0.81724
 20
7.34695
 10
-0.81779
 20
7.34699
 10
-0.81823
 20
7.3468
 10
-0.81861
 20
7.3463
 10
-0.8257
 20
7.34637
 10
-0.83961
 20
7.34673
 10
-0.84019
 20
7.34685
 10
-0.84068
 20
7.34697
 10
-0.84078
 20
7.34692
 10
-0.84082
 20
7.3473
 10
-0.84139
 20
7.34822
 10
-0.84141
 20
7.35767
 10
-0.84104
 20
7.37536
 10
-0.84077
 20
7.37585
 10
-0.84021
 20
7.37641
 10
-0.8398
 20
7.37686
 10
-0.83945
 20
7.37689
 10
-0.83227
 20
7.3769
 10
-0.81849
 20
7.37694
 10
-0.81801
 20
7.37671
 97
0
 92
3
 72
0
 73
1
 93
24
 10
0.8673
 20
-0.02864
 10
0.86875
 20
-0.02933
 10
0.86981
 20
-0.02982
 10
1.15278
 20
-0.02983
 10
1.54018
 20
-0.02981
 10
1.54159
 20
-0.0291
 10
1.54268
 20
-0.02856
 10
1.54371
 20
-0.02719
 10
1.54448
 20
-0.02612
 10
1.54473
 20
-0.02555
 10
1.54477
 20
-0.01239
 10
1.54464
 20
0.0057
 10
1.54424
 20
0.00662
 10
1.25722
 20
0.00983
 10
0.86932
 20
0.0097
 10
0.86839
 20
0.00925
 10
0.86695
 20
0.00815
 10
0.86631
 20
0.0076
 10
0.86564
 20
0.00618
 10
0.86526
 20
0.0052
 10
0.86525
 20
-0.00765
 10
0.86531
 20
-0.02569
 10
0.86549
 20
-0.0261
 10
0.86657
 20
-0.02761
 97
0
 92
3
 72
0
 73
1
 93
15
 10
-0.05373
 20
6.66395
 10
-0.05357
 20
6.32495
 10
-0.05354
 20
6.15632
 10
-0.05436
 20
6.15595
 10
-0.05614
 20
6.15518
 10
-0.05677
 20
6.15547
 10
-0.05855
 20
6.15648
 10
-0.05881
 20
6.15689
 10
-0.05888
 20
6.495
 10
-0.05893
 20
6.66291
 10
-0.0585
 20
6.66333
 10
-0.05667
 20
6.66477
 10
-0.05616
 20
6.66502
 10
-0.05614
 20
6.66498
 10
-0.05537
 20
6.66467
 97
0
 92
3
 72
0
 73
1
 93
87
 10
-0.06835
 20
7.12441
 10
-0.06744
 20
7.1203
 10
-0.06251
 20
7.12031
 10
-0.05566
 20
7.12047
 10
-0.0441
 20
7.12077
 10
-0.03634
 20
7.12115
 10
-0.02331
 20
7.12179
 10
-0.01697
 20
7.12226
 10
-0.00588
 20
7.12308
 10
0.00042
 20
7.12362
 10
0.01152
 20
7.12458
 10
0.02534
 20
7.12614
 10
0.03168
 20
7.12684
 10
0.03601
 20
7.12738
 10
0.04709
 20
7.12891
 10
0.0524
 20
7.12969
 10
0.06823
 20
7.13224
 10
0.07561
 20
7.13345
 10
0.08207
 20
7.13465
 10
0.09318
 20
7.13674
 10
0.10675
 20
7.13961
 10
0.11585
 20
7.14156
 10
0.12483
 20
7.14363
 10
0.13002
 20
7.14487
 10
0.14275
 20
7.14809
 10
0.14879
 20
7.14963
 10
0.15924
 20
7.15256
 10
0.16523
 20
7.15424
 10
0.17133
 20
7.15604
 10
0.18255
 20
7.15934
 10
0.19055
 20
7.16195
 10
0.20418
 20
7.1664
 10
0.21616
 20
7.1706
 10
0.22319
 20
7.17308
 10
0.22737
 20
7.17463
 10
0.23631
 20
7.17794
 10
0.24104
 20
7.1798
 10
0.24192
 20
7.18014
 10
0.24425
 20
7.18929
 10
0.24901
 20
7.18883
 10
0.25685
 20
7.18709
 10
0.25786
 20
7.18254
 10
0.25864
 20
7.17433
 10
0.25285
 20
7.17285
 10
0.24168
 20
7.17282
 10
0.24168
 20
7.17361
 10
0.23755
 20
7.172
 10
0.22276
 20
7.1666
 10
0.21583
 20
7.16407
 10
0.21074
 20
7.16231
 10
0.202
 20
7.15933
 10
0.18902
 20
7.15518
 10
0.18198
 20
7.15291
 10
0.17779
 20
7.15163
 10
0.16853
 20
7.14891
 10
0.16056
 20
7.14666
 10
0.15041
 20
7.14382
 10
0.14443
 20
7.14232
 10
0.13312
 20
7.13948
 10
0.12663
 20
7.13792
 10
0.11638
 20
7.13548
 10
0.10354
 20
7.13276
 10
0.09578
 20
7.13111
 10
0.08401
 20
7.12889
 10
0.07768
 20
7.12771
 10
0.06983
 20
7.12643
 10
0.05366
 20
7.12382
 10
0.04824
 20
7.12303
 10
0.03943
 20
7.12182
 10
0.0284
 20
7.12045
 10
0.02098
 20
7.11953
 10
0.01454
 20
7.1189
 10
0.00135
 20
7.11762
 10
-0.00384
 20
7.11719
 10
-0.01296
 20
7.11649
 10
-0.02049
 20
7.11602
 10
-0.03173
 20
7.11533
 10
-0.04292
 20
7.11492
 10
-0.04932
 20
7.11469
 10
-0.05571
 20
7.11453
 10
-0.06681
 20
7.11425
 10
-0.06656
 20
7.11166
 10
-0.07235
 20
7.11018
 10
-0.08353
 20
7.11015
 10
-0.08351
 20
7.11663
 10
-0.08095
 20
7.12661
 10
-0.07619
 20
7.12616
 97
0
 92
3
 72
0
 73
1
 93
75
 10
0.01902
 20
7.13347
 10
0.03139
 20
7.13488
 10
0.04204
 20
7.13635
 10
0.04835
 20
7.13722
 10
0.05921
 20
7.13888
 10
0.06521
 20
7.1398
 10
0.07282
 20
7.14115
 10
0.08657
 20
7.14362
 10
0.09995
 20
7.14633
 10
0.10781
 20
7.14793
 10
0.11774
 20
7.15023
 10
0.12407
 20
7.15171
 10
0.13504
 20
7.15439
 10
0.14089
 20
7.15583
 10
0.15137
 20
7.15866
 10
0.15721
 20
7.16025
 10
0.16819
 20
7.16341
 10
0.17426
 20
7.16515
 10
0.18215
 20
7.16765
 10
0.19546
 20
7.17188
 10
0.20768
 20
7.17606
 10
0.21462
 20
7.17845
 10
0.22316
 20
7.18164
 10
0.23799
 20
7.18719
 10
0.24899
 20
7.1916
 10
0.25505
 20
7.19405
 10
0.25419
 20
7.19608
 10
0.25268
 20
7.19964
 10
0.24713
 20
7.19737
 10
0.23706
 20
7.19327
 10
0.22564
 20
7.18895
 10
0.21865
 20
7.18631
 10
0.20229
 20
7.18062
 10
0.19448
 20
7.1779
 10
0.19051
 20
7.17658
 10
0.18151
 20
7.17372
 10
0.17379
 20
7.17135
 10
0.16435
 20
7.16848
 10
0.15907
 20
7.16704
 10
0.15594
 20
7.16618
 10
0.14917
 20
7.16424
 10
0.14507
 20
7.16307
 10
0.12756
 20
7.15875
 10
0.11787
 20
7.15636
 10
0.11067
 20
7.15477
 10
0.09814
 20
7.15202
 10
0.09189
 20
7.15081
 10
0.08093
 20
7.14869
 10
0.07495
 20
7.14762
 10
0.06445
 20
7.14575
 10
0.0515
 20
7.14377
 10
0.04409
 20
7.14263
 10
0.03603
 20
7.1416
 10
0.02213
 20
7.13981
 10
0.01131
 20
7.13872
 10
0.00517
 20
7.1381
 10
-0.00565
 20
7.13714
 10
-0.01183
 20
7.13659
 10
-0.02265
 20
7.1359
 10
-0.02884
 20
7.13551
 10
-0.03665
 20
7.13513
 10
-0.04165
 20
7.1349
 10
-0.05014
 20
7.13466
 10
-0.05444
 20
7.13454
 10
-0.05438
 20
7.13071
 10
-0.05434
 20
7.12852
 10
-0.0511
 20
7.12861
 10
-0.04562
 20
7.12875
 10
-0.04014
 20
7.12902
 10
-0.03344
 20
7.12931
 10
-0.02633
 20
7.12959
 10
-0.01664
 20
7.1303
 10
-0.00191
 20
7.13139
 10
0.00744
 20
7.13224
 10
0.01278
 20
7.13276
 97
0
 92
3
 72
0
 73
1
 93
84
 10
0.72908
 20
7.66707
 10
0.73163
 20
7.67706
 10
0.73639
 20
7.6766
 10
0.73711
 20
7.67644
 10
0.73765
 20
7.6778
 10
0.74079
 20
7.68608
 10
0.74282
 20
7.69155
 10
0.74689
 20
7.70301
 10
0.74955
 20
7.7106
 10
0.75274
 20
7.72001
 10
0.75402
 20
7.72392
 10
0.75804
 20
7.73689
 10
0.75995
 20
7.74303
 10
0.76251
 20
7.75211
 10
0.76699
 20
7.768
 10
0.76975
 20
7.77887
 10
0.7716
 20
7.78611
 10
0.7737
 20
7.79495
 10
0.77488
 20
7.80009
 10
0.77622
 20
7.80628
 10
0.77895
 20
7.81896
 10
0.78017
 20
7.82544
 10
0.78222
 20
7.83641
 10
0.78411
 20
7.84714
 10
0.78518
 20
7.85321
 10
0.78681
 20
7.86407
 10
0.78795
 20
7.87179
 10
0.78919
 20
7.88102
 10
0.78979
 20
7.88575
 10
0.79127
 20
7.89888
 10
0.79198
 20
7.90523
 10
0.79265
 20
7.9131
 10
0.7938
 20
7.92643
 10
0.79491
 20
7.94433
 10
0.79553
 20
7.95439
 10
0.7958
 20
7.96496
 10
0.79628
 20
7.9835
 10
0.79628
 20
7.98516
 10
0.79148
 20
7.98515
 10
0.79149
 20
7.99163
 10
0.79405
 20
8.00161
 10
0.79881
 20
8.00116
 10
0.80665
 20
7.99941
 10
0.80766
 20
7.99487
 10
0.80844
 20
7.98666
 10
0.80265
 20
7.98518
 10
0.80221
 20
7.98518
 10
0.80211
 20
7.97799
 10
0.802
 20
7.9698
 10
0.80172
 20
7.96208
 10
0.80123
 20
7.94837
 10
0.80074
 20
7.94046
 10
0.79988
 20
7.92674
 10
0.79895
 20
7.91592
 10
0.79837
 20
7.9092
 10
0.79658
 20
7.89295
 10
0.79574
 20
7.8853
 10
0.79507
 20
7.88004
 10
0.79385
 20
7.87082
 10
0.79221
 20
7.85974
 10
0.79111
 20
7.85232
 10
0.7886
 20
7.83804
 10
0.78715
 20
7.82979
 10
0.78455
 20
7.81673
 10
0.78306
 20
7.80928
 10
0.78131
 20
7.80156
 10
0.77821
 20
7.7879
 10
0.77472
 20
7.77409
 10
0.77276
 20
7.76632
 10
0.77049
 20
7.75823
 10
0.76638
 20
7.74371
 10
0.76234
 20
7.73057
 10
0.76011
 20
7.72331
 10
0.75832
 20
7.71785
 10
0.75423
 20
7.70557
 10
0.75297
 20
7.70195
 10
0.75035
 20
7.69482
 10
0.74501
 20
7.68022
 10
0.74302
 20
7.67513
 10
0.74423
 20
7.67486
 10
0.74524
 20
7.67031
 10
0.74602
 20
7.6621
 10
0.74023
 20
7.66062
 10
0.72906
 20
7.66059
 97
0
 92
3
 72
0
 73
1
 93
9
 10
0.33037
 20
7.8072
 10
0.33245
 20
7.81361
 10
0.32835
 20
7.81863
 10
0.32598
 20
7.81937
 10
0.31992
 20
7.81732
 10
0.3192
 20
7.81593
 10
0.31881
 20
7.80922
 10
0.32083
 20
7.80748
 10
0.32951
 20
7.80545
 97
0
 92
3
 72
0
 73
1
 93
78
 10
0.77264
 20
7.82881
 10
0.77381
 20
7.83493
 10
0.77572
 20
7.84565
 10
0.77683
 20
7.85188
 10
0.778
 20
7.85962
 10
0.78002
 20
7.87295
 10
0.78221
 20
7.89041
 10
0.78348
 20
7.90056
 10
0.78507
 20
7.91847
 10
0.78595
 20
7.92849
 10
0.78665
 20
7.93957
 10
0.78704
 20
7.94582
 10
0.78726
 20
7.95024
 10
0.78767
 20
7.95885
 10
0.7878
 20
7.96382
 10
0.78801
 20
7.97156
 10
0.78582
 20
7.9716
 10
0.78198
 20
7.97166
 10
0.78175
 20
7.96305
 10
0.7816
 20
7.95782
 10
0.78094
 20
7.94473
 10
0.78058
 20
7.93755
 10
0.77961
 20
7.92486
 10
0.77914
 20
7.91867
 10
0.77868
 20
7.91356
 10
0.7778
 20
7.90461
 10
0.77636
 20
7.8921
 10
0.77554
 20
7.88485
 10
0.77486
 20
7.87967
 10
0.77362
 20
7.87062
 10
0.77141
 20
7.85632
 10
0.76997
 20
7.84697
 10
0.76862
 20
7.83983
 10
0.76734
 20
7.83297
 10
0.7664
 20
7.82773
 10
0.76513
 20
7.82155
 10
0.76292
 20
7.81083
 10
0.76169
 20
7.80556
 10
0.761
 20
7.80261
 10
0.75983
 20
7.79727
 10
0.75896
 20
7.79332
 10
0.75754
 20
7.78757
 10
0.75555
 20
7.77986
 10
0.75273
 20
7.76913
 10
0.75102
 20
7.76286
 10
0.74833
 20
7.75311
 10
0.74448
 20
7.74043
 10
0.74208
 20
7.73257
 10
0.73756
 20
7.71891
 10
0.73523
 20
7.71187
 10
0.73205
 20
7.70308
 10
0.72666
 20
7.68819
 10
0.72353
 20
7.68023
 10
0.72158
 20
7.67525
 10
0.71868
 20
7.66808
 10
0.7172
 20
7.66443
 10
0.72069
 20
7.66299
 10
0.72269
 20
7.66217
 10
0.72398
 20
7.66525
 10
0.7261
 20
7.67032
 10
0.72977
 20
7.67974
 10
0.73243
 20
7.6866
 10
0.73576
 20
7.69558
 10
0.73758
 20
7.7006
 10
0.74152
 20
7.71194
 10
0.74415
 20
7.71964
 10
0.74669
 20
7.72731
 10
0.74804
 20
7.73163
 10
0.7521
 20
7.74501
 10
0.75429
 20
7.75236
 10
0.75692
 20
7.76153
 10
0.75802
 20
7.76555
 10
0.76138
 20
7.77853
 10
0.76317
 20
7.78545
 10
0.76542
 20
7.79481
 10
0.76667
 20
7.80011
 10
0.76799
 20
7.80615
 10
0.77056
 20
7.81794
 97
0
 92
3
 72
0
 73
1
 93
8
 10
0.08579
 20
7.81915
 10
0.09189
 20
7.82306
 10
0.09757
 20
7.83191
 10
0.09597
 20
7.83796
 10
0.08425
 20
7.84415
 10
0.0755
 20
7.84225
 10
0.07275
 20
7.82954
 10
0.077
 20
7.82148
 97
0
 92
3
 72
0
 73
1
 93
24
 10
0.88762
 20
7.8738
 10
0.89018
 20
7.87636
 10
0.89095
 20
7.87713
 10
0.89442
 20
7.87804
 10
0.89546
 20
7.87831
 10
0.89893
 20
7.8774
 10
0.89998
 20
7.87713
 10
0.90245
 20
7.87457
 10
0.9032
 20
7.8738
 10
0.90419
 20
7.87033
 10
0.90449
 20
7.86929
 10
0.9035
 20
7.86582
 10
0.9032
 20
7.86478
 10
0.90072
 20
7.8623
 10
0.89998
 20
7.86155
 10
0.89651
 20
7.86056
 10
0.89546
 20
7.86026
 10
0.892
 20
7.86125
 10
0.89095
 20
7.86155
 10
0.88839
 20
7.86403
 10
0.88762
 20
7.86478
 10
0.88671
 20
7.86824
 10
0.88644
 20
7.86929
 10
0.88735
 20
7.87275
 97
0
 92
3
 72
0
 73
1
 93
24
 10
1.11548
 20
7.87831
 10
1.11894
 20
7.8774
 10
1.11999
 20
7.87713
 10
1.12247
 20
7.87457
 10
1.12321
 20
7.8738
 10
1.1242
 20
7.87033
 10
1.1245
 20
7.86929
 10
1.12351
 20
7.86582
 10
1.12321
 20
7.86478
 10
1.12074
 20
7.8623
 10
1.11999
 20
7.86155
 10
1.11652
 20
7.86056
 10
1.11548
 20
7.86026
 10
1.11201
 20
7.86125
 10
1.11097
 20
7.86155
 10
1.10841
 20
7.86403
 10
1.10763
 20
7.86478
 10
1.10673
 20
7.86824
 10
1.10645
 20
7.86929
 10
1.10736
 20
7.87275
 10
1.10763
 20
7.8738
 10
1.11019
 20
7.87636
 10
1.11097
 20
7.87713
 10
1.11443
 20
7.87804
 97
0
 92
3
 72
0
 73
1
 93
24
 10
0.89893
 20
8.03737
 10
0.89998
 20
8.03709
 10
0.90245
 20
8.03453
 10
0.9032
 20
8.03376
 10
0.90419
 20
8.0303
 10
0.90449
 20
8.02925
 10
0.9035
 20
8.02578
 10
0.9032
 20
8.02474
 10
0.90072
 20
8.02226
 10
0.89998
 20
8.02151
 10
0.89651
 20
8.02052
 10
0.89546
 20
8.02023
 10
0.892
 20
8.02122
 10
0.89095
 20
8.02151
 10
0.88839
 20
8.02399
 10
0.88762
 20
8.02474
 10
0.88671
 20
8.0282
 10
0.88644
 20
8.02925
 10
0.88735
 20
8.03272
 10
0.88762
 20
8.03376
 10
0.89018
 20
8.03632
 10
0.89095
 20
8.03709
 10
0.89442
 20
8.038
 10
0.89546
 20
8.03827
 97
0
 92
3
 72
0
 73
1
 93
24
 10
1.11019
 20
8.03632
 10
1.11097
 20
8.03709
 10
1.11443
 20
8.038
 10
1.11548
 20
8.03827
 10
1.11894
 20
8.03737
 10
1.11999
 20
8.03709
 10
1.12247
 20
8.03453
 10
1.12321
 20
8.03376
 10
1.1242
 20
8.0303
 10
1.1245
 20
8.02925
 10
1.12351
 20
8.02578
 10
1.12321
 20
8.02474
 10
1.12074
 20
8.02226
 10
1.11999
 20
8.02151
 10
1.11652
 20
8.02052
 10
1.11548
 20
8.02023
 10
1.11201
 20
8.02122
 10
1.11097
 20
8.02151
 10
1.10841
 20
8.02399
 10
1.10763
 20
8.02474
 10
1.10673
 20
8.0282
 10
1.10645
 20
8.02925
 10
1.10736
 20
8.03272
 10
1.10763
 20
8.03376
 97
0
 75
1
 76
1
 52
90.0
 41
0.02
 77
0
 78
1
 53
135.0
 43
0.0
 44
0.0
 45
-0.0449012806
 46
-0.0449012806
 79
0
 98
0
  0
LWPOLYLINE
  5
362
330
17
100
AcDbEntity
  8
CATI_MOBILYA
100
AcDbPolyline
 90
7
 70
1
 38
10.7705
 10
-5.93524
 20
1.33531
 10
-5.92628
 20
1.32596
 10
-5.91055
 20
1.31235
 10
-5.90202
 20
1.30759
 10
-5.92483
 20
1.32741
 10
-5.93363
 20
1.33653
 10
-5.94637
 20
1.34974
  0
LWPOLYLINE
  5
363
330
17
100
AcDbEntity
  8
CATI_MOBILYA
100
AcDbPolyline
 90
4
 70
1
 38
10.7705
 10
-5.94879
 20
1.37275
 10
-5.94763
 20
1.37118
 10
-5.94952
 20
1.37097
 10
-5.94957
 20
1.37186
  0
LWPOLYLINE
  5
364
330
17
100
AcDbEntity
  8
CATI_MOBILYA
100
AcDbPolyline
 90
3
 70
1
 38
10.7705
 10
-5.94482
 20
1.51065
 10
-5.93021
 20
1.4936
 10
-5.92874
 20
1.49491
  0
LWPOLYLINE
  5
365
330
17
100
AcDbEntity
  8
CATI_MOBILYA
100
AcDbPolyline
 90
5
 70
1
 38
10.7705
 10
-5.92542
 20
1.72193
 10
-5.90629
 20
1.73794
 10
-5.90194
 20
1.74346
 10
-5.90774
 20
1.7394
 10
-5.92394
 20
1.72579
  0
LWPOLYLINE
  5
366
330
17
100
AcDbEntity
  8
CATI_MOBILYA
100
AcDbPolyline
 90
3
 70
1
 38
10.7705
 10
-5.91922
 20
1.81305
 10
-5.91687
 20
1.80831
 10
-5.91551
 20
1.80976
  0
LWPOLYLINE
  5
367
330
17
100
AcDbEntity
  8
CATI_MOBILYA
100
AcDbPolyline
 90
3
 70
1
 38
10.7705
 10
-5.91468
 20
1.89679
 10
-5.91075
 20
1.90012
 10
-5.9093
 20
1.89876
  0
LWPOLYLINE
  5
368
330
17
100
AcDbEntity
  8
CATI_MOBILYA
100
AcDbPolyline
 90
4
 70
1
 38
10.7705
 10
-5.94379
 20
1.99894
 10
-5.94034
 20
1.99645
 10
-5.94996
 20
2.01503
 10
-5.94598
 20
2.00323
  0
LWPOLYLINE
  5
369
330
17
100
AcDbEntity
  8
CATI_MOBILYA
100
AcDbPolyline
 90
3
 70
1
 38
10.7705
 10
-5.94996
 20
2.01503
 10
-5.952
 20
2.01503
 10
-5.94953
 20
2.01587
  0
LWPOLYLINE
  5
36A
330
17
100
AcDbEntity
  8
CATI_MOBILYA
100
AcDbPolyline
 90
3
 70
1
 38
10.7705
 10
-5.94026
 20
2.03793
 10
-5.9387
 20
2.03677
 10
-5.94071
 20
2.03704
  0
LWPOLYLINE
  5
36B
330
17
100
AcDbEntity
  8
CATI_MOBILYA
100
AcDbPolyline
 90
6
 70
1
 38
10.7705
 10
-5.90725
 20
2.12587
 10
-5.90082
 20
2.12158
 10
-5.9093
 20
2.13129
 10
-5.92032
 20
2.14061
 10
-5.91887
 20
2.13676
 10
-5.91075
 20
2.12984
  0
LWPOLYLINE
  5
36C
330
17
100
AcDbEntity
  8
CATI_MOBILYA
100
AcDbPolyline
 90
3
 70
1
 38
10.7705
 10
-5.93825
 20
2.15728
 10
-5.93628
 20
2.1541
 10
-5.93773
 20
2.15284
  0
LWPOLYLINE
  5
36D
330
17
100
AcDbEntity
  8
CATI_MOBILYA
100
AcDbPolyline
 90
3
 70
1
 38
10.7705
 10
-5.90774
 20
2.29065
 10
-5.89312
 20
2.27532
 10
-5.90629
 20
2.29201
  0
LWPOLYLINE
  5
36E
330
17
100
AcDbEntity
  8
CATI_MOBILYA
100
AcDbPolyline
 90
3
 70
1
 38
10.7705
 10
-5.91997
 20
2.38247
 10
-5.91637
 20
2.38581
 10
-5.91862
 20
2.381
  0
LWPOLYLINE
  5
36F
330
17
100
AcDbEntity
  8
CATI_MOBILYA
100
AcDbPolyline
 90
3
 70
1
 38
10.7705
 10
-5.93084
 20
2.47573
 10
-5.92106
 20
2.46498
 10
-5.9322
 20
2.47437
  0
LWPOLYLINE
  5
370
330
17
100
AcDbEntity
  8
CATI_MOBILYA
100
AcDbPolyline
 90
4
 70
1
 38
10.7705
 10
-5.92182
 20
2.54182
 10
-5.91396
 20
2.54883
 10
-5.92318
 20
2.54328
 10
-5.9379
 20
2.52615
  0
LWPOLYLINE
  5
371
330
17
100
AcDbEntity
  8
CATI_MOBILYA
100
AcDbPolyline
 90
3
 70
1
 38
10.7705
 10
-5.90066
 20
2.61345
 10
-5.89856
 20
2.60995
 10
-5.90221
 20
2.61219
  0
LWPOLYLINE
  5
372
330
17
100
AcDbEntity
  8
CATI_MOBILYA
100
AcDbPolyline
 90
6
 70
1
 38
10.7705
 10
-5.92628
 20
2.70409
 10
-5.92241
 20
2.70743
 10
-5.9168
 20
2.70962
 10
-5.92483
 20
2.70264
 10
-5.94324
 20
2.68356
 10
-5.92947
 20
2.70075
  0
LWPOLYLINE
  5
373
330
17
100
AcDbEntity
  8
CATI_MOBILYA
100
AcDbPolyline
 90
21
 70
1
 38
10.7705
 10
-1.67008
 20
-0.3683
 10
-1.66964
 20
-0.36919
 10
-1.66877
 20
-0.37091
 10
-1.66789
 20
-0.37135
 10
-1.66616
 20
-0.37222
 10
-1.46886
 20
-0.37222
 10
-1.36717
 20
-0.37222
 10
-1.36606
 20
-0.37177
 10
-1.36391
 20
-0.37091
 10
-1.36369
 20
-0.37002
 10
-1.36326
 20
-0.3683
 10
-1.36326
 20
-0.36011
 10
-1.36326
 20
-0.3559
 10
-1.36348
 20
-0.35501
 10
-1.36391
 20
-0.35328
 10
-1.36502
 20
-0.35284
 10
-1.36717
 20
-0.35198
 10
-1.56447
 20
-0.35198
 10
-1.66616
 20
-0.35198
 10
-1.66705
 20
-0.35242
 10
-1.67008
 20
-0.36408
  0
LWPOLYLINE
  5
374
330
17
100
AcDbEntity
  8
CATI_MOBILYA
100
AcDbPolyline
 90
24
 70
1
 38
10.7705
 10
-1.3502
 20
-0.36408
 10
-1.3502
 20
-0.3683
 10
-1.34976
 20
-0.36919
 10
-1.3489
 20
-0.37091
 10
-1.34801
 20
-0.37135
 10
-1.34628
 20
-0.37222
 10
-1.14899
 20
-0.37222
 10
-1.0473
 20
-0.37222
 10
-1.04619
 20
-0.37177
 10
-1.04403
 20
-0.37091
 10
-1.04359
 20
-0.37002
 10
-1.04273
 20
-0.3683
 10
-1.04273
 20
-0.36011
 10
-1.04273
 20
-0.3559
 10
-1.04317
 20
-0.35501
 10
-1.04403
 20
-0.35328
 10
-1.04514
 20
-0.35284
 10
-1.0473
 20
-0.35198
 10
-1.24459
 20
-0.35198
 10
-1.34628
 20
-0.35198
 10
-1.34717
 20
-0.35242
 10
-1.3489
 20
-0.35328
 10
-1.34934
 20
-0.35417
 10
-1.3502
 20
-0.3559
  0
LWPOLYLINE
  5
375
330
17
100
AcDbEntity
  8
CATI_MOBILYA
100
AcDbPolyline
 90
21
 70
1
 38
10.7705
 10
-1.03032
 20
-0.36408
 10
-1.03032
 20
-0.3683
 10
-1.02988
 20
-0.36919
 10
-1.02902
 20
-0.37091
 10
-1.02791
 20
-0.37135
 10
-1.02575
 20
-0.37222
 10
-0.82845
 20
-0.37222
 10
-0.72371
 20
-0.37002
 10
-0.72285
 20
-0.3683
 10
-0.72285
 20
-0.36011
 10
-0.72285
 20
-0.3559
 10
-0.72329
 20
-0.35501
 10
-0.72415
 20
-0.35328
 10
-0.72504
 20
-0.35284
 10
-0.72676
 20
-0.35198
 10
-0.92406
 20
-0.35198
 10
-1.02575
 20
-0.35198
 10
-1.02686
 20
-0.35242
 10
-1.02902
 20
-0.35328
 10
-1.02946
 20
-0.35417
 10
-1.03032
 20
-0.3559
  0
LWPOLYLINE
  5
376
330
17
100
AcDbEntity
  8
CATI_MOBILYA
100
AcDbPolyline
 90
24
 70
1
 38
10.7705
 10
-0.62624
 20
-0.10601
 10
-0.62593
 20
-0.10476
 10
-0.62682
 20
-0.10148
 10
-0.62713
 20
-0.10035
 10
-0.62952
 20
-0.09796
 10
-0.63035
 20
-0.09713
 10
-0.63392
 20
-0.09624
 10
-0.63517
 20
-0.09593
 10
-0.63844
 20
-0.09682
 10
-0.63958
 20
-0.09713
 10
-0.64197
 20
-0.09952
 10
-0.6428
 20
-0.10035
 10
-0.64369
 20
-0.10363
 10
-0.644
 20
-0.10476
 10
-0.64311
 20
-0.10834
 10
-0.6428
 20
-0.10958
 10
-0.64041
 20
-0.11197
 10
-0.63958
 20
-0.1128
 10
-0.6363
 20
-0.11369
 10
-0.63517
 20
-0.114
 10
-0.63159
 20
-0.11311
 10
-0.63035
 20
-0.1128
 10
-0.62796
 20
-0.11041
 10
-0.62713
 20
-0.10958
  0
LWPOLYLINE
  5
377
330
17
100
AcDbEntity
  8
CATI_MOBILYA
100
AcDbPolyline
 90
24
 70
1
 38
10.7705
 10
-0.34165
 20
-0.11311
 10
-0.34041
 20
-0.1128
 10
-0.33802
 20
-0.11041
 10
-0.3372
 20
-0.10958
 10
-0.3363
 20
-0.10601
 10
-0.33599
 20
-0.10476
 10
-0.33689
 20
-0.10148
 10
-0.3372
 20
-0.10035
 10
-0.33958
 20
-0.09796
 10
-0.34041
 20
-0.09713
 10
-0.34399
 20
-0.09624
 10
-0.34523
 20
-0.09593
 10
-0.34851
 20
-0.09682
 10
-0.34965
 20
-0.09713
 10
-0.35203
 20
-0.09952
 10
-0.35286
 20
-0.10035
 10
-0.35375
 20
-0.10363
 10
-0.35406
 20
-0.10476
 10
-0.35317
 20
-0.10834
 10
-0.35286
 20
-0.10958
 10
-0.35047
 20
-0.11197
 10
-0.34965
 20
-0.1128
 10
-0.34637
 20
-0.11369
 10
-0.34523
 20
-0.114
  0
LWPOLYLINE
  5
378
330
17
100
AcDbEntity
  8
CATI_MOBILYA
100
AcDbPolyline
 90
61
 70
1
 38
10.7705
 10
-1.68833
 20
-0.34959
 10
-1.68705
 20
-0.35002
 10
-1.67938
 20
-0.35002
 10
-1.6753
 20
-0.35002
 10
-1.67462
 20
-0.34979
 10
-1.67334
 20
-0.34937
 10
-1.67312
 20
-0.34846
 10
-1.67269
 20
-0.34676
 10
-1.67269
 20
0.00201
 10
-1.66943
 20
0.17223
 10
-1.04309
 20
0.17223
 10
-0.71044
 20
0.17223
 10
-0.70976
 20
0.17246
 10
-0.70783
 20
-0.16152
 10
-0.70783
 20
-0.34676
 10
-0.70738
 20
-0.34766
 10
-0.70653
 20
-0.34937
 10
-0.70585
 20
-0.34959
 10
-0.70457
 20
-0.35002
 10
-0.69689
 20
-0.35002
 10
-0.69282
 20
-0.35002
 10
-0.69214
 20
-0.34979
 10
-0.69086
 20
-0.34937
 10
-0.69063
 20
-0.34846
 10
-0.69021
 20
-0.34676
 10
-0.69021
 20
0.00201
 10
-0.69021
 20
0.18725
 10
-0.69043
 20
0.18792
 10
-0.69086
 20
0.1892
 10
-0.69154
 20
0.18943
 10
-0.69282
 20
0.18986
 10
-0.70049
 20
0.18986
 10
-0.70457
 20
0.18986
 10
-0.70525
 20
0.18963
 10
-0.70653
 20
0.1892
 10
-0.70698
 20
0.18852
 10
-0.70783
 20
0.18725
 10
-0.70806
 20
0.18792
 10
-0.70849
 20
0.1892
 10
-0.70916
 20
0.18943
 10
-0.71044
 20
0.18986
 10
-1.33678
 20
0.18986
 10
-1.66943
 20
0.18986
 10
-1.67011
 20
0.18963
 10
-1.67138
 20
0.1892
 10
-1.67184
 20
0.18852
 10
-1.67269
 20
0.18725
 10
-1.67292
 20
0.18792
 10
-1.67334
 20
0.1892
 10
-1.67402
 20
0.18943
 10
-1.6753
 20
0.18986
 10
-1.68298
 20
0.18986
 10
-1.68705
 20
0.18986
 10
-1.68773
 20
0.18963
 10
-1.68901
 20
0.1892
 10
-1.68946
 20
0.18852
 10
-1.69032
 20
0.18725
 10
-1.69032
 20
-0.16152
 10
-1.69032
 20
-0.34676
 10
-1.68986
 20
-0.34766
 10
-1.68901
 20
-0.34937
  0
LWPOLYLINE
  5
379
330
17
100
AcDbEntity
  8
CATI_MOBILYA
100
AcDbPolyline
 90
24
 70
1
 38
10.7705
 10
-0.64041
 20
0.13791
 10
-0.63958
 20
0.13698
 10
-0.6363
 20
0.13639
 10
-0.63517
 20
0.13618
 10
-0.63159
 20
0.13678
 10
-0.63035
 20
0.13698
 10
-0.62796
 20
0.13967
 10
-0.62713
 20
0.1406
 10
-0.62624
 20
0.14388
 10
-0.62593
 20
0.14502
 10
-0.62682
 20
0.1483
 10
-0.62713
 20
0.14943
 10
-0.62952
 20
0.15182
 10
-0.63035
 20
0.15265
 10
-0.63392
 20
0.15354
 10
-0.63517
 20
0.15385
 10
-0.63844
 20
0.15296
 10
-0.63958
 20
0.15265
 10
-0.64197
 20
0.15026
 10
-0.6428
 20
0.14943
 10
-0.64369
 20
0.14615
 10
-0.644
 20
0.14502
 10
-0.64311
 20
0.14174
 10
-0.6428
 20
0.1406
  0
LWPOLYLINE
  5
37A
330
17
100
AcDbEntity
  8
CATI_MOBILYA
100
AcDbPolyline
 90
24
 70
1
 38
10.7705
 10
-0.35406
 20
0.14502
 10
-0.35375
 20
0.14615
 10
-0.35286
 20
0.14943
 10
-0.35203
 20
0.15026
 10
-0.34965
 20
0.15265
 10
-0.34851
 20
0.15296
 10
-0.34523
 20
0.15385
 10
-0.34399
 20
0.15354
 10
-0.34041
 20
0.15265
 10
-0.33958
 20
0.15182
 10
-0.3372
 20
0.14943
 10
-0.33689
 20
0.1483
 10
-0.33599
 20
0.14502
 10
-0.3363
 20
0.14388
 10
-0.3372
 20
0.1406
 10
-0.33802
 20
0.13967
 10
-0.34041
 20
0.13698
 10
-0.34165
 20
0.13678
 10
-0.34523
 20
0.13618
 10
-0.34637
 20
0.13639
 10
-0.34965
 20
0.13698
 10
-0.35047
 20
0.13791
 10
-0.35286
 20
0.1406
 10
-0.35317
 20
0.14174
  0
LWPOLYLINE
  5
37B
330
17
100
AcDbEntity
  8
CATI_MOBILYA
100
AcDbPolyline
 90
6
 70
1
 38
10.7705
 10
-5.8964
 20
1.30083
 10
-5.89493
 20
1.29356
 10
-5.88804
 20
1.27996
 10
-5.88745
 20
1.28027
 10
-5.88675
 20
1.28063
 10
-5.8862
 20
1.28093
  0
LWPOLYLINE
  5
37C
330
17
100
AcDbEntity
  8
CATI_MOBILYA
100
AcDbPolyline
 90
3
 70
1
 38
10.7705
 10
-5.8964
 20
1.30083
 10
-5.89969
 20
1.30296
 10
-5.89814
 20
1.30422
  0
LWPOLYLINE
  5
37D
330
17
100
AcDbEntity
  8
CATI_MOBILYA
100
AcDbPolyline
 90
3
 70
1
 38
10.7705
 10
-5.88695
 20
1.60214
 10
-5.88668
 20
1.6012
 10
-5.88863
 20
1.60159
  0
LWPOLYLINE
  5
37E
330
17
100
AcDbEntity
  8
CATI_MOBILYA
100
AcDbPolyline
 90
3
 70
1
 38
10.7705
 10
-5.89338
 20
1.7853
 10
-5.89163
 20
1.78628
 10
-5.89511
 20
1.78969
  0
LWPOLYLINE
  5
37F
330
17
100
AcDbEntity
  8
CATI_MOBILYA
100
AcDbPolyline
 90
3
 70
1
 38
10.7705
 10
-5.89258
 20
1.94701
 10
-5.89173
 20
1.94612
 10
-5.88998
 20
1.9469
  0
LWPOLYLINE
  5
380
330
17
100
AcDbEntity
  8
CATI_MOBILYA
100
AcDbPolyline
 90
28
 70
1
 38
10.7705
 10
-0.81656
 20
6.95236
 10
-0.81655
 20
6.94325
 10
-0.81653
 20
6.92595
 10
-0.81655
 20
6.92502
 10
-0.81654
 20
6.92454
 10
-0.81678
 20
6.92454
 10
-0.817
 20
6.92407
 10
-0.81724
 20
6.92383
 10
-0.81744
 20
6.92405
 10
-0.81823
 20
6.92353
 10
-0.81835
 20
6.92305
 10
-0.82577
 20
6.92304
 10
-0.83992
 20
6.92314
 10
-0.84043
 20
6.92352
 10
-0.84082
 20
6.92379
 10
-0.84079
 20
6.92385
 10
-0.84079
 20
6.92409
 10
-0.84124
 20
6.92454
 10
-0.84138
 20
6.93426
 10
-0.84106
 20
6.95234
 10
-0.84093
 20
6.95249
 10
-0.8407
 20
6.95238
 10
-0.83954
 20
6.95314
 10
-0.83905
 20
6.95349
 10
-0.83211
 20
6.95363
 10
-0.81857
 20
6.95359
 10
-0.81795
 20
6.95312
 10
-0.81678
 20
6.95238
  0
LWPOLYLINE
  5
381
330
17
100
AcDbEntity
  8
CATI_MOBILYA
100
AcDbPolyline
 90
3
 70
1
 38
10.7705
 10
-0.82628
 20
7.08838
 10
-0.82307
 20
7.21169
 10
-0.8228
 20
6.95444
  0
LWPOLYLINE
  5
382
330
17
100
AcDbEntity
  8
CATI_MOBILYA
100
AcDbPolyline
 90
167
 70
1
 38
10.7705
 10
-0.83898
 20
6.48714
 10
-0.83211
 20
6.48714
 10
-0.8308
 20
6.48867
 10
-0.8308
 20
6.87807
 10
-0.8396
 20
6.88006
 10
-0.84019
 20
6.88018
 10
-0.84068
 20
6.88032
 10
-0.84078
 20
6.88026
 10
-0.84082
 20
6.88065
 10
-0.84139
 20
6.88157
 10
-0.84141
 20
6.89101
 10
-0.84104
 20
6.9087
 10
-0.84077
 20
6.9092
 10
-0.84021
 20
6.90975
 10
-0.8398
 20
6.9102
 10
-0.83945
 20
6.91023
 10
-0.83211
 20
6.91029
 10
-0.81834
 20
6.91033
 10
-0.81769
 20
6.90982
 10
-0.81712
 20
6.90919
 10
-0.81654
 20
6.90848
 10
-0.81657
 20
6.89942
 10
-0.81656
 20
6.8816
 10
-0.81672
 20
6.88088
 10
-0.81719
 20
6.88025
 10
-0.81724
 20
6.8803
 10
-0.81777
 20
6.88032
 10
-0.81821
 20
6.88012
 10
-0.81861
 20
6.87964
 10
-0.82005
 20
6.87882
 10
-0.81979
 20
6.87845
 10
-0.81935
 20
6.87752
 10
-0.81934
 20
6.7454
 10
-0.81938
 20
6.48924
 10
-0.81976
 20
6.48835
 10
-0.81979
 20
6.48812
 10
-0.81985
 20
6.48809
 10
-0.82009
 20
6.48785
 10
-0.81857
 20
6.48694
 10
-0.81795
 20
6.48646
 10
-0.81679
 20
6.48573
 10
-0.81657
 20
6.48571
 10
-0.8166
 20
6.47643
 10
-0.81598
 20
6.47057
 10
-0.81382
 20
6.47181
 10
-0.81309
 20
6.47218
 10
-0.63611
 20
6.47202
 10
-0.3199
 20
6.47432
 10
-0.31981
 20
6.94242
 10
-0.31981
 20
7.82604
 10
-0.48255
 20
7.82801
 10
-0.8135
 20
7.82791
 10
-0.81656
 20
7.81491
 10
-0.81672
 20
7.81419
 10
-0.81719
 20
7.81356
 10
-0.81724
 20
7.81361
 10
-0.8178
 20
7.81364
 10
-0.81796
 20
7.81357
 10
-0.81823
 20
7.81345
 10
-0.81861
 20
7.81295
 10
-0.82005
 20
7.81213
 10
-0.81979
 20
7.81176
 10
-0.81935
 20
7.81083
 10
-0.81934
 20
7.67871
 10
-0.81938
 20
7.42255
 10
-0.81976
 20
7.42166
 10
-0.81831
 20
7.41997
 10
-0.8177
 20
7.41965
 10
-0.81676
 20
7.4186
 10
-0.81652
 20
7.41835
 10
-0.81651
 20
7.40909
 10
-0.81651
 20
7.39172
 10
-0.81702
 20
7.39089
 10
-0.81728
 20
7.39051
 10
-0.81803
 20
7.38997
 10
-0.81835
 20
7.38971
 10
-0.82577
 20
7.3897
 10
-0.83943
 20
7.38971
 10
-0.83994
 20
7.3902
 10
-0.84043
 20
7.39018
 10
-0.84069
 20
7.3905
 10
-0.8408
 20
7.39046
 10
-0.84123
 20
7.39143
 10
-0.84136
 20
7.392
 10
-0.84137
 20
7.40091
 10
-0.84096
 20
7.41876
 10
-0.84075
 20
7.41927
 10
-0.84022
 20
7.41958
 10
-0.83976
 20
7.42011
 10
-0.83926
 20
7.42031
 10
-0.83233
 20
7.42032
 10
-0.8308
 20
7.42197
 10
-0.8308
 20
7.55424
 10
-0.83022
 20
7.81189
 10
-0.8308
 20
7.81138
 10
-0.83926
 20
7.81303
 10
-0.83965
 20
7.81347
 10
-0.84024
 20
7.81359
 10
-0.84068
 20
7.81363
 10
-0.84082
 20
7.81396
 10
-0.84139
 20
7.81488
 10
-0.84141
 20
7.82432
 10
-0.84104
 20
7.84201
 10
-0.84077
 20
7.84251
 10
-0.84021
 20
7.84306
 10
-0.8398
 20
7.84351
 10
-0.83945
 20
7.84354
 10
-0.83227
 20
7.84356
 10
-0.81849
 20
7.84359
 10
-0.81652
 20
7.84747
 10
-0.81601
 20
7.84816
 10
-0.81577
 20
7.84856
 10
-0.81398
 20
7.84931
 10
-0.81327
 20
7.84965
 10
-0.6353
 20
7.84967
 10
-0.3049
 20
7.84986
 10
-0.30396
 20
7.84887
 10
-0.30348
 20
7.84851
 10
-0.30256
 20
7.84764
 10
-0.30217
 20
7.84723
 10
-0.30206
 20
7.84141
 10
-0.30235
 20
7.83028
 10
-0.3027
 20
7.82994
 10
-0.30428
 20
7.82865
 10
-0.30499
 20
7.82801
 10
-0.30426
 20
7.82788
 10
-0.30345
 20
7.82737
 10
-0.3028
 20
7.82699
 10
-0.30216
 20
7.8261
 10
-0.30212
 20
7.35833
 10
-0.30212
 20
6.47448
 10
-0.30229
 20
6.47384
 10
-0.30275
 20
6.47285
 10
-0.30268
 20
6.47278
 10
-0.30375
 20
6.47232
 10
-0.3043
 20
6.47209
 10
-0.30478
 20
6.47175
 10
-0.3034
 20
6.47052
 10
-0.30272
 20
6.46993
 10
-0.30228
 20
6.46984
 10
-0.30231
 20
6.46392
 10
-0.30216
 20
6.4528
 10
-0.30371
 20
6.45125
 10
-0.30439
 20
6.45055
 10
-0.48257
 20
6.45034
 10
-0.81439
 20
6.45035
 10
-0.81492
 20
6.45063
 10
-0.81606
 20
6.45182
 10
-0.81646
 20
6.45228
 10
-0.81684
 20
6.45717
 10
-0.81704
 20
6.45698
 10
-0.81783
 20
6.45629
 10
-0.81829
 20
6.45619
 10
-0.8257
 20
6.45605
 10
-0.83911
 20
6.4558
 10
-0.84009
 20
6.45658
 10
-0.84033
 20
6.45674
 10
-0.84078
 20
6.45717
 10
-0.84117
 20
6.45758
 10
-0.84129
 20
6.45782
 10
-0.84131
 20
6.46718
 10
-0.8412
 20
6.48513
 10
-0.84092
 20
6.48547
 10
-0.84079
 20
6.48571
 10
-0.84071
 20
6.48572
 10
-0.83998
 20
6.48616
 10
-0.83954
 20
6.48665
  0
LWPOLYLINE
  5
383
330
17
100
AcDbEntity
  8
CATI_MOBILYA
100
AcDbPolyline
 90
3
 70
1
 38
10.7705
 10
-0.81686
 20
6.45815
 10
-0.81654
 20
6.4584
 10
-0.81665
 20
6.45773
  0
LWPOLYLINE
  5
384
330
17
100
AcDbEntity
  8
CATI_MOBILYA
100
AcDbPolyline
 90
27
 70
1
 38
10.7705
 10
-0.81736
 20
7.37621
 10
-0.81678
 20
7.3755
 10
-0.81654
 20
7.3751
 10
-0.81657
 20
7.36608
 10
-0.81656
 20
7.34825
 10
-0.81672
 20
7.34753
 10
-0.81719
 20
7.34691
 10
-0.81724
 20
7.34695
 10
-0.81779
 20
7.34699
 10
-0.81823
 20
7.3468
 10
-0.81861
 20
7.3463
 10
-0.8257
 20
7.34637
 10
-0.83961
 20
7.34673
 10
-0.84019
 20
7.34685
 10
-0.84068
 20
7.34697
 10
-0.84078
 20
7.34692
 10
-0.84082
 20
7.3473
 10
-0.84139
 20
7.34822
 10
-0.84141
 20
7.35767
 10
-0.84104
 20
7.37536
 10
-0.84077
 20
7.37585
 10
-0.84021
 20
7.37641
 10
-0.8398
 20
7.37686
 10
-0.83945
 20
7.37689
 10
-0.83227
 20
7.3769
 10
-0.81849
 20
7.37694
 10
-0.81801
 20
7.37671
  0
LWPOLYLINE
  5
385
330
17
100
AcDbEntity
  8
CATI_MOBILYA
100
AcDbPolyline
 90
24
 70
1
 38
10.7705
 10
0.8673
 20
-0.02864
 10
0.86875
 20
-0.02933
 10
0.86981
 20
-0.02982
 10
1.15278
 20
-0.02983
 10
1.54018
 20
-0.02981
 10
1.54159
 20
-0.0291
 10
1.54268
 20
-0.02856
 10
1.54371
 20
-0.02719
 10
1.54448
 20
-0.02612
 10
1.54473
 20
-0.02555
 10
1.54477
 20
-0.01239
 10
1.54464
 20
0.0057
 10
1.54424
 20
0.00662
 10
1.25722
 20
0.00983
 10
0.86932
 20
0.0097
 10
0.86839
 20
0.00925
 10
0.86695
 20
0.00815
 10
0.86631
 20
0.0076
 10
0.86564
 20
0.00618
 10
0.86526
 20
0.0052
 10
0.86525
 20
-0.00765
 10
0.86531
 20
-0.02569
 10
0.86549
 20
-0.0261
 10
0.86657
 20
-0.02761
  0
LWPOLYLINE
  5
386
330
17
100
AcDbEntity
  8
CATI_MOBILYA
100
AcDbPolyline
 90
15
 70
1
 38
10.7705
 10
-0.05373
 20
6.66395
 10
-0.05357
 20
6.32495
 10
-0.05354
 20
6.15632
 10
-0.05436
 20
6.15595
 10
-0.05614
 20
6.15518
 10
-0.05677
 20
6.15547
 10
-0.05855
 20
6.15648
 10
-0.05881
 20
6.15689
 10
-0.05888
 20
6.495
 10
-0.05893
 20
6.66291
 10
-0.0585
 20
6.66333
 10
-0.05667
 20
6.66477
 10
-0.05616
 20
6.66502
 10
-0.05614
 20
6.66498
 10
-0.05537
 20
6.66467
  0
LWPOLYLINE
  5
387
330
17
100
AcDbEntity
  8
CATI_MOBILYA
100
AcDbPolyline
 90
87
 70
1
 38
10.7705
 10
-0.06835
 20
7.12441
 10
-0.06744
 20
7.1203
 10
-0.06251
 20
7.12031
 10
-0.05566
 20
7.12047
 10
-0.0441
 20
7.12077
 10
-0.03634
 20
7.12115
 10
-0.02331
 20
7.12179
 10
-0.01697
 20
7.12226
 10
-0.00588
 20
7.12308
 10
0.00042
 20
7.12362
 10
0.01152
 20
7.12458
 10
0.02534
 20
7.12614
 10
0.03168
 20
7.12684
 10
0.03601
 20
7.12738
 10
0.04709
 20
7.12891
 10
0.0524
 20
7.12969
 10
0.06823
 20
7.13224
 10
0.07561
 20
7.13345
 10
0.08207
 20
7.13465
 10
0.09318
 20
7.13674
 10
0.10675
 20
7.13961
 10
0.11585
 20
7.14156
 10
0.12483
 20
7.14363
 10
0.13002
 20
7.14487
 10
0.14275
 20
7.14809
 10
0.14879
 20
7.14963
 10
0.15924
 20
7.15256
 10
0.16523
 20
7.15424
 10
0.17133
 20
7.15604
 10
0.18255
 20
7.15934
 10
0.19055
 20
7.16195
 10
0.20418
 20
7.1664
 10
0.21616
 20
7.1706
 10
0.22319
 20
7.17308
 10
0.22737
 20
7.17463
 10
0.23631
 20
7.17794
 10
0.24104
 20
7.1798
 10
0.24192
 20
7.18014
 10
0.24425
 20
7.18929
 10
0.24901
 20
7.18883
 10
0.25685
 20
7.18709
 10
0.25786
 20
7.18254
 10
0.25864
 20
7.17433
 10
0.25285
 20
7.17285
 10
0.24168
 20
7.17282
 10
0.24168
 20
7.17361
 10
0.23755
 20
7.172
 10
0.22276
 20
7.1666
 10
0.21583
 20
7.16407
 10
0.21074
 20
7.16231
 10
0.202
 20
7.15933
 10
0.18902
 20
7.15518
 10
0.18198
 20
7.15291
 10
0.17779
 20
7.15163
 10
0.16853
 20
7.14891
 10
0.16056
 20
7.14666
 10
0.15041
 20
7.14382
 10
0.14443
 20
7.14232
 10
0.13312
 20
7.13948
 10
0.12663
 20
7.13792
 10
0.11638
 20
7.13548
 10
0.10354
 20
7.13276
 10
0.09578
 20
7.13111
 10
0.08401
 20
7.12889
 10
0.07768
 20
7.12771
 10
0.06983
 20
7.12643
 10
0.05366
 20
7.12382
 10
0.04824
 20
7.12303
 10
0.03943
 20
7.12182
 10
0.0284
 20
7.12045
 10
0.02098
 20
7.11953
 10
0.01454
 20
7.1189
 10
0.00135
 20
7.11762
 10
-0.00384
 20
7.11719
 10
-0.01296
 20
7.11649
 10
-0.02049
 20
7.11602
 10
-0.03173
 20
7.11533
 10
-0.04292
 20
7.11492
 10
-0.04932
 20
7.11469
 10
-0.05571
 20
7.11453
 10
-0.06681
 20
7.11425
 10
-0.06656
 20
7.11166
 10
-0.07235
 20
7.11018
 10
-0.08353
 20
7.11015
 10
-0.08351
 20
7.11663
 10
-0.08095
 20
7.12661
 10
-0.07619
 20
7.12616
  0
LWPOLYLINE
  5
388
330
17
100
AcDbEntity
  8
CATI_MOBILYA
100
AcDbPolyline
 90
75
 70
1
 38
10.7705
 10
0.01902
 20
7.13347
 10
0.03139
 20
7.13488
 10
0.04204
 20
7.13635
 10
0.04835
 20
7.13722
 10
0.05921
 20
7.13888
 10
0.06521
 20
7.1398
 10
0.07282
 20
7.14115
 10
0.08657
 20
7.14362
 10
0.09995
 20
7.14633
 10
0.10781
 20
7.14793
 10
0.11774
 20
7.15023
 10
0.12407
 20
7.15171
 10
0.13504
 20
7.15439
 10
0.14089
 20
7.15583
 10
0.15137
 20
7.15866
 10
0.15721
 20
7.16025
 10
0.16819
 20
7.16341
 10
0.17426
 20
7.16515
 10
0.18215
 20
7.16765
 10
0.19546
 20
7.17188
 10
0.20768
 20
7.17606
 10
0.21462
 20
7.17845
 10
0.22316
 20
7.18164
 10
0.23799
 20
7.18719
 10
0.24899
 20
7.1916
 10
0.25505
 20
7.19405
 10
0.25419
 20
7.19608
 10
0.25268
 20
7.19964
 10
0.24713
 20
7.19737
 10
0.23706
 20
7.19327
 10
0.22564
 20
7.18895
 10
0.21865
 20
7.18631
 10
0.20229
 20
7.18062
 10
0.19448
 20
7.1779
 10
0.19051
 20
7.17658
 10
0.18151
 20
7.17372
 10
0.17379
 20
7.17135
 10
0.16435
 20
7.16848
 10
0.15907
 20
7.16704
 10
0.15594
 20
7.16618
 10
0.14917
 20
7.16424
 10
0.14507
 20
7.16307
 10
0.12756
 20
7.15875
 10
0.11787
 20
7.15636
 10
0.11067
 20
7.15477
 10
0.09814
 20
7.15202
 10
0.09189
 20
7.15081
 10
0.08093
 20
7.14869
 10
0.07495
 20
7.14762
 10
0.06445
 20
7.14575
 10
0.0515
 20
7.14377
 10
0.04409
 20
7.14263
 10
0.03603
 20
7.1416
 10
0.02213
 20
7.13981
 10
0.01131
 20
7.13872
 10
0.00517
 20
7.1381
 10
-0.00565
 20
7.13714
 10
-0.01183
 20
7.13659
 10
-0.02265
 20
7.1359
 10
-0.02884
 20
7.13551
 10
-0.03665
 20
7.13513
 10
-0.04165
 20
7.1349
 10
-0.05014
 20
7.13466
 10
-0.05444
 20
7.13454
 10
-0.05438
 20
7.13071
 10
-0.05434
 20
7.12852
 10
-0.0511
 20
7.12861
 10
-0.04562
 20
7.12875
 10
-0.04014
 20
7.12902
 10
-0.03344
 20
7.12931
 10
-0.02633
 20
7.12959
 10
-0.01664
 20
7.1303
 10
-0.00191
 20
7.13139
 10
0.00744
 20
7.13224
 10
0.01278
 20
7.13276
  0
LWPOLYLINE
  5
389
330
17
100
AcDbEntity
  8
CATI_MOBILYA
100
AcDbPolyline
 90
84
 70
1
 38
10.7705
 10
0.72908
 20
7.66707
 10
0.73163
 20
7.67706
 10
0.73639
 20
7.6766
 10
0.73711
 20
7.67644
 10
0.73765
 20
7.6778
 10
0.74079
 20
7.68608
 10
0.74282
 20
7.69155
 10
0.74689
 20
7.70301
 10
0.74955
 20
7.7106
 10
0.75274
 20
7.72001
 10
0.75402
 20
7.72392
 10
0.75804
 20
7.73689
 10
0.75995
 20
7.74303
 10
0.76251
 20
7.75211
 10
0.76699
 20
7.768
 10
0.76975
 20
7.77887
 10
0.7716
 20
7.78611
 10
0.7737
 20
7.79495
 10
0.77488
 20
7.80009
 10
0.77622
 20
7.80628
 10
0.77895
 20
7.81896
 10
0.78017
 20
7.82544
 10
0.78222
 20
7.83641
 10
0.78411
 20
7.84714
 10
0.78518
 20
7.85321
 10
0.78681
 20
7.86407
 10
0.78795
 20
7.87179
 10
0.78919
 20
7.88102
 10
0.78979
 20
7.88575
 10
0.79127
 20
7.89888
 10
0.79198
 20
7.90523
 10
0.79265
 20
7.9131
 10
0.7938
 20
7.92643
 10
0.79491
 20
7.94433
 10
0.79553
 20
7.95439
 10
0.7958
 20
7.96496
 10
0.79628
 20
7.9835
 10
0.79628
 20
7.98516
 10
0.79148
 20
7.98515
 10
0.79149
 20
7.99163
 10
0.79405
 20
8.00161
 10
0.79881
 20
8.00116
 10
0.80665
 20
7.99941
 10
0.80766
 20
7.99487
 10
0.80844
 20
7.98666
 10
0.80265
 20
7.98518
 10
0.80221
 20
7.98518
 10
0.80211
 20
7.97799
 10
0.802
 20
7.9698
 10
0.80172
 20
7.96208
 10
0.80123
 20
7.94837
 10
0.80074
 20
7.94046
 10
0.79988
 20
7.92674
 10
0.79895
 20
7.91592
 10
0.79837
 20
7.9092
 10
0.79658
 20
7.89295
 10
0.79574
 20
7.8853
 10
0.79507
 20
7.88004
 10
0.79385
 20
7.87082
 10
0.79221
 20
7.85974
 10
0.79111
 20
7.85232
 10
0.7886
 20
7.83804
 10
0.78715
 20
7.82979
 10
0.78455
 20
7.81673
 10
0.78306
 20
7.80928
 10
0.78131
 20
7.80156
 10
0.77821
 20
7.7879
 10
0.77472
 20
7.77409
 10
0.77276
 20
7.76632
 10
0.77049
 20
7.75823
 10
0.76638
 20
7.74371
 10
0.76234
 20
7.73057
 10
0.76011
 20
7.72331
 10
0.75832
 20
7.71785
 10
0.75423
 20
7.70557
 10
0.75297
 20
7.70195
 10
0.75035
 20
7.69482
 10
0.74501
 20
7.68022
 10
0.74302
 20
7.67513
 10
0.74423
 20
7.67486
 10
0.74524
 20
7.67031
 10
0.74602
 20
7.6621
 10
0.74023
 20
7.66062
 10
0.72906
 20
7.66059
  0
LWPOLYLINE
  5
38A
330
17
100
AcDbEntity
  8
CATI_MOBILYA
100
AcDbPolyline
 90
9
 70
1
 38
10.7705
 10
0.33037
 20
7.8072
 10
0.33245
 20
7.81361
 10
0.32835
 20
7.81863
 10
0.32598
 20
7.81937
 10
0.31992
 20
7.81732
 10
0.3192
 20
7.81593
 10
0.31881
 20
7.80922
 10
0.32083
 20
7.80748
 10
0.32951
 20
7.80545
  0
LWPOLYLINE
  5
38B
330
17
100
AcDbEntity
  8
CATI_MOBILYA
100
AcDbPolyline
 90
78
 70
1
 38
10.7705
 10
0.77264
 20
7.82881
 10
0.77381
 20
7.83493
 10
0.77572
 20
7.84565
 10
0.77683
 20
7.85188
 10
0.778
 20
7.85962
 10
0.78002
 20
7.87295
 10
0.78221
 20
7.89041
 10
0.78348
 20
7.90056
 10
0.78507
 20
7.91847
 10
0.78595
 20
7.92849
 10
0.78665
 20
7.93957
 10
0.78704
 20
7.94582
 10
0.78726
 20
7.95024
 10
0.78767
 20
7.95885
 10
0.7878
 20
7.96382
 10
0.78801
 20
7.97156
 10
0.78582
 20
7.9716
 10
0.78198
 20
7.97166
 10
0.78175
 20
7.96305
 10
0.7816
 20
7.95782
 10
0.78094
 20
7.94473
 10
0.78058
 20
7.93755
 10
0.77961
 20
7.92486
 10
0.77914
 20
7.91867
 10
0.77868
 20
7.91356
 10
0.7778
 20
7.90461
 10
0.77636
 20
7.8921
 10
0.77554
 20
7.88485
 10
0.77486
 20
7.87967
 10
0.77362
 20
7.87062
 10
0.77141
 20
7.85632
 10
0.76997
 20
7.84697
 10
0.76862
 20
7.83983
 10
0.76734
 20
7.83297
 10
0.7664
 20
7.82773
 10
0.76513
 20
7.82155
 10
0.76292
 20
7.81083
 10
0.76169
 20
7.80556
 10
0.761
 20
7.80261
 10
0.75983
 20
7.79727
 10
0.75896
 20
7.79332
 10
0.75754
 20
7.78757
 10
0.75555
 20
7.77986
 10
0.75273
 20
7.76913
 10
0.75102
 20
7.76286
 10
0.74833
 20
7.75311
 10
0.74448
 20
7.74043
 10
0.74208
 20
7.73257
 10
0.73756
 20
7.71891
 10
0.73523
 20
7.71187
 10
0.73205
 20
7.70308
 10
0.72666
 20
7.68819
 10
0.72353
 20
7.68023
 10
0.72158
 20
7.67525
 10
0.71868
 20
7.66808
 10
0.7172
 20
7.66443
 10
0.72069
 20
7.66299
 10
0.72269
 20
7.66217
 10
0.72398
 20
7.66525
 10
0.7261
 20
7.67032
 10
0.72977
 20
7.67974
 10
0.73243
 20
7.6866
 10
0.73576
 20
7.69558
 10
0.73758
 20
7.7006
 10
0.74152
 20
7.71194
 10
0.74415
 20
7.71964
 10
0.74669
 20
7.72731
 10
0.74804
 20
7.73163
 10
0.7521
 20
7.74501
 10
0.75429
 20
7.75236
 10
0.75692
 20
7.76153
 10
0.75802
 20
7.76555
 10
0.76138
 20
7.77853
 10
0.76317
 20
7.78545
 10
0.76542
 20
7.79481
 10
0.76667
 20
7.80011
 10
0.76799
 20
7.80615
 10
0.77056
 20
7.81794
  0
LWPOLYLINE
  5
38C
330
17
100
AcDbEntity
  8
CATI_MOBILYA
100
AcDbPolyline
 90
8
 70
1
 38
10.7705
 10
0.08579
 20
7.81915
 10
0.09189
 20
7.82306
 10
0.09757
 20
7.83191
 10
0.09597
 20
7.83796
 10
0.08425
 20
7.84415
 10
0.0755
 20
7.84225
 10
0.07275
 20
7.82954
 10
0.077
 20
7.82148
  0
LWPOLYLINE
  5
38D
330
17
100
AcDbEntity
  8
CATI_MOBILYA
100
AcDbPolyline
 90
24
 70
1
 38
10.7705
 10
0.88762
 20
7.8738
 10
0.89018
 20
7.87636
 10
0.89095
 20
7.87713
 10
0.89442
 20
7.87804
 10
0.89546
 20
7.87831
 10
0.89893
 20
7.8774
 10
0.89998
 20
7.87713
 10
0.90245
 20
7.87457
 10
0.9032
 20
7.8738
 10
0.90419
 20
7.87033
 10
0.90449
 20
7.86929
 10
0.9035
 20
7.86582
 10
0.9032
 20
7.86478
 10
0.90072
 20
7.8623
 10
0.89998
 20
7.86155
 10
0.89651
 20
7.86056
 10
0.89546
 20
7.86026
 10
0.892
 20
7.86125
 10
0.89095
 20
7.86155
 10
0.88839
 20
7.86403
 10
0.88762
 20
7.86478
 10
0.88671
 20
7.86824
 10
0.88644
 20
7.86929
 10
0.88735
 20
7.87275
  0
LWPOLYLINE
  5
38E
330
17
100
AcDbEntity
  8
CATI_MOBILYA
100
AcDbPolyline
 90
24
 70
1
 38
10.7705
 10
1.11548
 20
7.87831
 10
1.11894
 20
7.8774
 10
1.11999
 20
7.87713
 10
1.12247
 20
7.87457
 10
1.12321
 20
7.8738
 10
1.1242
 20
7.87033
 10
1.1245
 20
7.86929
 10
1.12351
 20
7.86582
 10
1.12321
 20
7.86478
 10
1.12074
 20
7.8623
 10
1.11999
 20
7.86155
 10
1.11652
 20
7.86056
 10
1.11548
 20
7.86026
 10
1.11201
 20
7.86125
 10
1.11097
 20
7.86155
 10
1.10841
 20
7.86403
 10
1.10763
 20
7.86478
 10
1.10673
 20
7.86824
 10
1.10645
 20
7.86929
 10
1.10736
 20
7.87275
 10
1.10763
 20
7.8738
 10
1.11019
 20
7.87636
 10
1.11097
 20
7.87713
 10
1.11443
 20
7.87804
  0
LWPOLYLINE
  5
38F
330
17
100
AcDbEntity
  8
CATI_MOBILYA
100
AcDbPolyline
 90
24
 70
1
 38
10.7705
 10
0.89893
 20
8.03737
 10
0.89998
 20
8.03709
 10
0.90245
 20
8.03453
 10
0.9032
 20
8.03376
 10
0.90419
 20
8.0303
 10
0.90449
 20
8.02925
 10
0.9035
 20
8.02578
 10
0.9032
 20
8.02474
 10
0.90072
 20
8.02226
 10
0.89998
 20
8.02151
 10
0.89651
 20
8.02052
 10
0.89546
 20
8.02023
 10
0.892
 20
8.02122
 10
0.89095
 20
8.02151
 10
0.88839
 20
8.02399
 10
0.88762
 20
8.02474
 10
0.88671
 20
8.0282
 10
0.88644
 20
8.02925
 10
0.88735
 20
8.03272
 10
0.88762
 20
8.03376
 10
0.89018
 20
8.03632
 10
0.89095
 20
8.03709
 10
0.89442
 20
8.038
 10
0.89546
 20
8.03827
  0
LWPOLYLINE
  5
390
330
17
100
AcDbEntity
  8
CATI_MOBILYA
100
AcDbPolyline
 90
24
 70
1
 38
10.7705
 10
1.11019
 20
8.03632
 10
1.11097
 20
8.03709
 10
1.11443
 20
8.038
 10
1.11548
 20
8.03827
 10
1.11894
 20
8.03737
 10
1.11999
 20
8.03709
 10
1.12247
 20
8.03453
 10
1.12321
 20
8.03376
 10
1.1242
 20
8.0303
 10
1.1245
 20
8.02925
 10
1.12351
 20
8.02578
 10
1.12321
 20
8.02474
 10
1.12074
 20
8.02226
 10
1.11999
 20
8.02151
 10
1.11652
 20
8.02052
 10
1.11548
 20
8.02023
 10
1.11201
 20
8.02122
 10
1.11097
 20
8.02151
 10
1.10841
 20
8.02399
 10
1.10763
 20
8.02474
 10
1.10673
 20
8.0282
 10
1.10645
 20
8.02925
 10
1.10736
 20
8.03272
 10
1.10763
 20
8.03376
  0
TEXT
  5
393
330
17
100
AcDbEntity
  8
CATI_NOT
100
AcDbText
 10
-12.0
 20
14.0
 30
10.7705
 40
0.35
  1
CATI - kesit kotu 10.7705 m
100
AcDbText
  0
ENDSEC
  0
SECTION
  2
OBJECTS
  0
DICTIONARY
  5
A
330
0
100
AcDbDictionary
281
1
  3
ACAD_COLOR
350
B
  3
ACAD_GROUP
350
C
  3
ACAD_LAYOUT
350
D
  3
ACAD_MATERIAL
350
E
  3
ACAD_MLEADERSTYLE
350
F
  3
ACAD_MLINESTYLE
350
10
  3
ACAD_PLOTSETTINGS
350
11
  3
ACAD_PLOTSTYLENAME
350
12
  3
ACAD_SCALELIST
350
14
  3
ACAD_TABLESTYLE
350
15
  3
ACAD_VISUALSTYLE
350
16
  3
EZDXF_META
350
2D
  0
DICTIONARY
  5
B
330
A
100
AcDbDictionary
281
1
  0
DICTIONARY
  5
C
330
A
100
AcDbDictionary
281
1
  0
DICTIONARY
  5
D
330
A
100
AcDbDictionary
281
1
  3
Model
350
1A
  3
Layout1
350
1E
  0
DICTIONARY
  5
E
330
A
100
AcDbDictionary
281
1
  3
ByBlock
350
1F
  3
ByLayer
350
20
  3
Global
350
21
  0
DICTIONARY
  5
F
330
A
100
AcDbDictionary
281
1
  3
Standard
350
2C
  0
DICTIONARY
  5
10
330
A
100
AcDbDictionary
281
1
  3
Standard
350
22
  0
DICTIONARY
  5
11
330
A
100
AcDbDictionary
281
1
  0
ACDBDICTIONARYWDFLT
  5
12
330
A
100
AcDbDictionary
281
1
  3
Normal
350
13
100
AcDbDictionaryWithDefault
340
13
  0
ACDBPLACEHOLDER
  5
13
330
12
  0
DICTIONARY
  5
14
330
A
100
AcDbDictionary
281
1
  0
DICTIONARY
  5
15
330
A
100
AcDbDictionary
281
1
  0
DICTIONARY
  5
16
330
A
100
AcDbDictionary
281
1
  3
2dWireframe
350
5A
  3
Basic
350
5B
  3
Brighten
350
5C
  3
ColorChange
350
5D
  3
Conceptual
350
5E
  3
Dim
350
5F
  3
EdgeColorOff
350
60
  3
Facepattern
350
61
  3
Flat
350
62
  3
FlatWithEdges
350
63
  3
Gouraud
350
64
  3
GouraudWithEdges
350
65
  3
Hidden
350
66
  3
JitterOff
350
67
  3
Linepattern
350
68
  3
Modeling
350
69
  3
OverhangOff
350
6A
  3
Realistic
350
6B
  3
Shaded
350
6C
  3
Shaded with edges
350
6D
  3
Shades of Gray
350
6E
  3
Sketchy
350
6F
  3
Thicken
350
70
  3
Wireframe
350
71
  3
X-Ray
350
72
  0
LAYOUT
  5
1A
330
D
100
AcDbPlotSettings
  1

  4
A3
  6

 40
7.5
 41
20.0
 42
7.5
 43
20.0
 44
420.0
 45
297.0
 46
0.0
 47
0.0
 48
0.0
 49
0.0
140
0.0
141
0.0
142
1.0
143
1.0
 70
1024
 72
1
 73
0
 74
5
  7

 75
16
 76
0
 77
2
 78
300
147
1.0
148
0.0
149
0.0
100
AcDbLayout
  1
Model
 70
1
 71
0
 10
0.0
 20
0.0
 11
420.0
 21
297.0
 12
0.0
 22
0.0
 32
0.0
 14
1e+20
 24
1e+20
 34
1e+20
 15
-1e+20
 25
-1e+20
 35
-1e+20
146
0.0
 13
0.0
 23
0.0
 33
0.0
 16
1.0
 26
0.0
 36
0.0
 17
0.0
 27
1.0
 37
0.0
 76
1
330
17
  0
LAYOUT
  5
1E
330
D
100
AcDbPlotSettings
  1

  4
A3
  6

 40
7.5
 41
20.0
 42
7.5
 43
20.0
 44
420.0
 45
297.0
 46
0.0
 47
0.0
 48
0.0
 49
0.0
140
0.0
141
0.0
142
1.0
143
1.0
 70
0
 72
1
 73
0
 74
5
  7

 75
16
 76
0
 77
2
 78
300
147
1.0
148
0.0
149
0.0
100
AcDbLayout
  1
Layout1
 70
1
 71
1
 10
0.0
 20
0.0
 11
420.0
 21
297.0
 12
0.0
 22
0.0
 32
0.0
 14
1e+20
 24
1e+20
 34
1e+20
 15
-1e+20
 25
-1e+20
 35
-1e+20
146
0.0
 13
0.0
 23
0.0
 33
0.0
 16
1.0
 26
0.0
 36
0.0
 17
0.0
 27
1.0
 37
0.0
 76
1
330
1B
  0
MATERIAL
  5
1F
102
{ACAD_REACTORS
330
E
102
}
330
E
100
AcDbMaterial
  1
ByBlock
  2

 70
0
 40
1.0
 71
1
 41
1.0
 91
-1023410177
 42
1.0
 72
1
  3

 73
1
 74
1
 75
1
 44
0.5
 73
0
 45
1.0
 46
1.0
 77
1
  4

 78
1
 79
1
170
1
 48
1.0
171
1
  6

172
1
173
1
174
1
140
1.0
141
1.0
175
1
  7

176
1
177
1
178
1
143
1.0
179
1
  8

270
1
271
1
272
1
145
1.0
146
1.0
273
1
  9

274
1
275
1
276
1
 42
1.0
 72
1
  3

 73
1
 74
1
 75
1
 94
63
  0
MATERIAL
  5
20
102
{ACAD_REACTORS
330
E
102
}
330
E
100
AcDbMaterial
  1
ByLayer
  2

 70
0
 40
1.0
 71
1
 41
1.0
 91
-1023410177
 42
1.0
 72
1
  3

 73
1
 74
1
 75
1
 44
0.5
 73
0
 45
1.0
 46
1.0
 77
1
  4

 78
1
 79
1
170
1
 48
1.0
171
1
  6

172
1
173
1
174
1
140
1.0
141
1.0
175
1
  7

176
1
177
1
178
1
143
1.0
179
1
  8

270
1
271
1
272
1
145
1.0
146
1.0
273
1
  9

274
1
275
1
276
1
 42
1.0
 72
1
  3

 73
1
 74
1
 75
1
 94
63
  0
MATERIAL
  5
21
102
{ACAD_REACTORS
330
E
102
}
330
E
100
AcDbMaterial
  1
Global
  2

 70
0
 40
1.0
 71
1
 41
1.0
 91
-1023410177
 42
1.0
 72
1
  3

 73
1
 74
1
 75
1
 44
0.5
 73
0
 45
1.0
 46
1.0
 77
1
  4

 78
1
 79
1
170
1
 48
1.0
171
1
  6

172
1
173
1
174
1
140
1.0
141
1.0
175
1
  7

176
1
177
1
178
1
143
1.0
179
1
  8

270
1
271
1
272
1
145
1.0
146
1.0
273
1
  9

274
1
275
1
276
1
 42
1.0
 72
1
  3

 73
1
 74
1
 75
1
 94
63
  0
MLINESTYLE
  5
22
102
{ACAD_REACTORS
330
10
102
}
330
10
100
AcDbMlineStyle
  2
Standard
 70
0
  3

 62
256
 51
90.0
 52
90.0
 71
2
 49
0.5
 62
256
  6
BYLAYER
 49
-0.5
 62
256
  6
BYLAYER
  0
MLEADERSTYLE
  5
2C
102
{ACAD_REACTORS
330
F
102
}
330
F
100
AcDbMLeaderStyle
179
2
170
2
171
1
172
0
 90
2
 40
0.0
 41
0.0
173
1
 91
-1056964608
 92
-2
290
1
 42
2.0
291
1
 43
8.0
  3
Standard
 44
4.0
300

342
29
174
1
175
1
176
0
178
1
 93
-1056964608
 45
4.0
292
0
297
0
 46
4.0
 94
-1056964608
 47
1.0
 49
1.0
140
1.0
294
1
141
0.0
177
0
142
1.0
295
0
296
0
143
3.75
271
0
272
9
273
9
  0
DICTIONARY
  5
2D
330
A
100
AcDbDictionary
280
1
281
1
  3
CREATED_BY_EZDXF
350
2E
  3
WRITTEN_BY_EZDXF
350
396
  0
DICTIONARYVAR
  5
2E
330
2D
100
DictionaryVariables
280
0
  1
1.4.4 @ 2026-10-01T13:45:14.271469+00:00
  0
VISUALSTYLE
  5
5A
102
{ACAD_REACTORS
330
16
102
}
330
16
100
AcDbVisualStyle
  2
2dWireframe
 70
4
177
3
291
0
 70
58
 90
2
176
1
 90
2
176
1
 90
0
176
1
 90
0
176
1
 40
0.6
176
1
 40
30.0
176
1
 62
7
420
16777215
176
1
 90
1
176
1
 90
4
176
1
 62
7
176
1
 62
257
176
1
 90
1
176
1
 90
1
176
1
 40
1.0
176
1
 90
8
176
1
 62
7
176
1
 40
1.0
176
1
 90
1
176
1
 90
6
176
1
 90
2
176
1
 62
7
176
1
 90
5
176
1
 90
0
176
1
 90
0
176
1
290
0
176
1
 90
1
176
1
 40
0.0
176
1
 90
0
176
1
290
1
176
1
290
1
176
1
290
0
176
1
290
0
176
1
290
0
176
1
290
0
176
1
290
0
176
1
290
0
176
1
290
0
176
1
 90
50
176
1
 40
0.0
176
1
 40
1.0
176
1
 90
0
176
1
 62
18
420
0
176
1
 90
50
176
1
 90
3
176
1
 62
5
420
255
176
1
290
0
176
1
 90
50
176
1
 90
50
176
1
 90
50
176
1
290
0
176
1
 90
50
176
1
 62
256
176
0
 40
1.0
176
0
 90
2
176
1
  1
strokes_ogs.tif
176
1
290
0
176
1
 40
1.0
176
1
 40
1.0
176
1
  0
VISUALSTYLE
  5
5B
102
{ACAD_REACTORS
330
16
102
}
330
16
100
AcDbVisualStyle
  2
Basic
 70
7
177
3
291
1
 70
58
 90
2
176
1
 90
2
176
1
 90
0
176
1
 90
1
176
1
 40
0.6
176
1
 40
30.0
176
1
 62
7
420
16777215
176
1
 90
1
176
1
 90
4
176
1
 62
7
176
1
 62
257
176
1
 90
1
176
1
 90
1
176
1
 40
1.0
176
1
 90
8
176
1
 62
7
176
1
 40
1.0
176
1
 90
1
176
1
 90
6
176
1
 90
2
176
1
 62
7
176
1
 90
5
176
1
 90
0
176
1
 90
0
176
1
290
0
176
1
 90
1
176
1
 40
0.0
176
1
 90
0
176
1
290
0
176
1
290
1
176
1
290
1
176
1
290
0
176
1
290
0
176
1
290
0
176
1
290
0
176
1
290
0
176
1
290
0
176
1
 90
50
176
1
 40
0.0
176
1
 40
1.0
176
1
 90
0
176
1
 62
18
420
0
176
1
 90
50
176
1
 90
3
176
1
 62
5
420
255
176
1
290
0
176
1
 90
50
176
1
 90
50
176
1
 90
50
176
1
290
0
176
1
 90
50
176
1
 62
256
176
0
 40
1.0
176
0
 90
2
176
1
  1
strokes_ogs.tif
176
1
290
0
176
1
 40
1.0
176
1
 40
1.0
176
1
  0
VISUALSTYLE
  5
5C
102
{ACAD_REACTORS
330
16
102
}
330
16
100
AcDbVisualStyle
  2
Brighten
 70
12
177
3
291
1
 70
58
 90
2
176
1
 90
2
176
1
 90
0
176
1
 90
2
176
1
 40
0.6
176
1
 40
30.0
176
1
 62
7
420
16777215
176
1
 90
1
176
1
 90
4
176
1
 62
7
176
1
 62
257
176
1
 90
1
176
1
 90
1
176
1
 40
1.0
176
1
 90
8
176
1
 62
7
176
1
 40
1.0
176
1
 90
1
176
1
 90
6
176
1
 90
2
176
1
 62
7
176
1
 90
5
176
1
 90
0
176
1
 90
0
176
1
290
0
176
1
 90
1
176
1
 40
0.0
176
1
 90
0
176
1
290
0
176
1
290
1
176
1
290
1
176
1
290
0
176
1
290
0
176
1
290
0
176
1
290
0
176
1
290
0
176
1
290
0
176
1
 90
50
176
1
 40
0.0
176
1
 40
1.0
176
1
 90
0
176
1
 62
18
420
0
176
1
 90
50
176
1
 90
3
176
1
 62
5
420
255
176
1
290
0
176
1
 90
50
176
1
 90
50
176
1
 90
50
176
1
290
0
176
1
 90
50
176
1
 62
256
176
0
 40
1.0
176
0
 90
2
176
1
  1
strokes_ogs.tif
176
1
290
0
176
1
 40
1.0
176
1
 40
1.0
176
1
  0
VISUALSTYLE
  5
5D
102
{ACAD_REACTORS
330
16
102
}
330
16
100
AcDbVisualStyle
  2
ColorChange
 70
16
177
3
291
1
 70
58
 90
2
176
1
 90
2
176
1
 90
0
176
1
 90
2
176
1
 40
0.6
176
1
 40
30.0
176
1
 62
7
420
16777215
176
1
 90
1
176
1
 90
4
176
1
 62
7
176
1
 62
257
176
1
 90
1
176
1
 90
1
176
1
 40
1.0
176
1
 90
8
176
1
 62
7
176
1
 40
1.0
176
1
 90
1
176
1
 90
6
176
1
 90
2
176
1
 62
7
176
1
 90
5
176
1
 90
0
176
1
 90
0
176
1
290
0
176
1
 90
1
176
1
 40
0.0
176
1
 90
0
176
1
290
0
176
1
290
1
176
1
290
1
176
1
290
0
176
1
290
0
176
1
290
0
176
1
290
0
176
1
290
0
176
1
290
0
176
1
 90
50
176
1
 40
0.0
176
1
 40
1.0
176
1
 90
0
176
1
 62
18
420
0
176
1
 90
50
176
1
 90
3
176
1
 62
5
420
255
176
1
290
0
176
1
 90
50
176
1
 90
50
176
1
 90
50
176
1
290
0
176
1
 90
50
176
1
 62
256
176
0
 40
1.0
176
0
 90
2
176
1
  1
strokes_ogs.tif
176
1
290
0
176
1
 40
1.0
176
1
 40
1.0
176
1
  0
VISUALSTYLE
  5
5E
102
{ACAD_REACTORS
330
16
102
}
330
16
100
AcDbVisualStyle
  2
Conceptual
 70
9
177
3
291
0
 70
58
 90
2
176
1
 90
2
176
1
 90
0
176
1
 90
3
176
1
 40
0.6
176
1
 40
30.0
176
1
 62
7
420
16777215
176
1
 90
1
176
1
 90
4
176
1
 62
7
176
1
 62
257
176
1
 90
1
176
1
 90
1
176
1
 40
1.0
176
1
 90
8
176
1
 62
7
176
1
 40
1.0
176
1
 90
1
176
1
 90
6
176
1
 90
2
176
1
 62
7
176
1
 90
5
176
1
 90
0
176
1
 90
0
176
1
290
0
176
1
 90
1
176
1
 40
0.0
176
1
 90
0
176
1
290
0
176
1
290
1
176
1
290
1
176
1
290
0
176
1
290
0
176
1
290
0
176
1
290
0
176
1
290
0
176
1
290
0
176
1
 90
50
176
1
 40
0.0
176
1
 40
1.0
176
1
 90
0
176
1
 62
18
420
0
176
1
 90
50
176
1
 90
3
176
1
 62
5
420
255
176
1
290
0
176
1
 90
50
176
1
 90
50
176
1
 90
50
176
1
290
0
176
1
 90
50
176
1
 62
256
176
0
 40
1.0
176
0
 90
2
176
1
  1
strokes_ogs.tif
176
1
290
0
176
1
 40
1.0
176
1
 40
1.0
176
1
  0
VISUALSTYLE
  5
5F
102
{ACAD_REACTORS
330
16
102
}
330
16
100
AcDbVisualStyle
  2
Dim
 70
11
177
3
291
1
 70
58
 90
2
176
1
 90
2
176
1
 90
0
176
1
 90
2
176
1
 40
0.6
176
1
 40
30.0
176
1
 62
7
420
16777215
176
1
 90
1
176
1
 90
4
176
1
 62
7
176
1
 62
257
176
1
 90
1
176
1
 90
1
176
1
 40
1.0
176
1
 90
8
176
1
 62
7
176
1
 40
1.0
176
1
 90
1
176
1
 90
6
176
1
 90
2
176
1
 62
7
176
1
 90
5
176
1
 90
0
176
1
 90
0
176
1
290
0
176
1
 90
1
176
1
 40
0.0
176
1
 90
0
176
1
290
0
176
1
290
1
176
1
290
1
176
1
290
0
176
1
290
0
176
1
290
0
176
1
290
0
176
1
290
0
176
1
290
0
176
1
 90
50
176
1
 40
0.0
176
1
 40
1.0
176
1
 90
0
176
1
 62
18
420
0
176
1
 90
50
176
1
 90
3
176
1
 62
5
420
255
176
1
290
0
176
1
 90
50
176
1
 90
50
176
1
 90
50
176
1
290
0
176
1
 90
50
176
1
 62
256
176
0
 40
1.0
176
0
 90
2
176
1
  1
strokes_ogs.tif
176
1
290
0
176
1
 40
1.0
176
1
 40
1.0
176
1
  0
VISUALSTYLE
  5
60
102
{ACAD_REACTORS
330
16
102
}
330
16
100
AcDbVisualStyle
  2
EdgeColorOff
 70
22
177
3
291
1
 70
58
 90
2
176
1
 90
2
176
1
 90
0
176
1
 90
2
176
1
 40
0.6
176
1
 40
30.0
176
1
 62
7
420
16777215
176
1
 90
1
176
1
 90
4
176
1
 62
7
176
1
 62
257
176
1
 90
1
176
1
 90
1
176
1
 40
1.0
176
1
 90
8
176
1
 62
7
176
1
 40
1.0
176
1
 90
1
176
1
 90
6
176
1
 90
2
176
1
 62
7
176
1
 90
5
176
1
 90
0
176
1
 90
0
176
1
290
0
176
1
 90
1
176
1
 40
0.0
176
1
 90
0
176
1
290
0
176
1
290
1
176
1
290
1
176
1
290
0
176
1
290
0
176
1
290
0
176
1
290
0
176
1
290
0
176
1
290
0
176
1
 90
50
176
1
 40
0.0
176
1
 40
1.0
176
1
 90
0
176
1
 62
18
420
0
176
1
 90
50
176
1
 90
3
176
1
 62
5
420
255
176
1
290
0
176
1
 90
50
176
1
 90
50
176
1
 90
50
176
1
290
0
176
1
 90
50
176
1
 62
256
176
0
 40
1.0
176
0
 90
2
176
1
  1
strokes_ogs.tif
176
1
290
0
176
1
 40
1.0
176
1
 40
1.0
176
1
  0
VISUALSTYLE
  5
61
102
{ACAD_REACTORS
330
16
102
}
330
16
100
AcDbVisualStyle
  2
Facepattern
 70
15
177
3
291
1
 70
58
 90
2
176
1
 90
2
176
1
 90
0
176
1
 90
2
176
1
 40
0.6
176
1
 40
30.0
176
1
 62
7
420
16777215
176
1
 90
1
176
1
 90
4
176
1
 62
7
176
1
 62
257
176
1
 90
1
176
1
 90
1
176
1
 40
1.0
176
1
 90
8
176
1
 62
7
176
1
 40
1.0
176
1
 90
1
176
1
 90
6
176
1
 90
2
176
1
 62
7
176
1
 90
5
176
1
 90
0
176
1
 90
0
176
1
290
0
176
1
 90
1
176
1
 40
0.0
176
1
 90
0
176
1
290
0
176
1
290
1
176
1
290
1
176
1
290
0
176
1
290
0
176
1
290
0
176
1
290
0
176
1
290
0
176
1
290
0
176
1
 90
50
176
1
 40
0.0
176
1
 40
1.0
176
1
 90
0
176
1
 62
18
420
0
176
1
 90
50
176
1
 90
3
176
1
 62
5
420
255
176
1
290
0
176
1
 90
50
176
1
 90
50
176
1
 90
50
176
1
290
0
176
1
 90
50
176
1
 62
256
176
0
 40
1.0
176
0
 90
2
176
1
  1
strokes_ogs.tif
176
1
290
0
176
1
 40
1.0
176
1
 40
1.0
176
1
  0
VISUALSTYLE
  5
62
102
{ACAD_REACTORS
330
16
102
}
330
16
100
AcDbVisualStyle
  2
Flat
 70
0
177
3
291
1
 70
58
 90
2
176
1
 90
2
176
1
 90
0
176
1
 90
2
176
1
 40
0.6
176
1
 40
30.0
176
1
 62
7
420
16777215
176
1
 90
1
176
1
 90
4
176
1
 62
7
176
1
 62
257
176
1
 90
1
176
1
 90
1
176
1
 40
1.0
176
1
 90
8
176
1
 62
7
176
1
 40
1.0
176
1
 90
1
176
1
 90
6
176
1
 90
2
176
1
 62
7
176
1
 90
5
176
1
 90
0
176
1
 90
0
176
1
290
0
176
1
 90
1
176
1
 40
0.0
176
1
 90
0
176
1
290
0
176
1
290
1
176
1
290
1
176
1
290
0
176
1
290
0
176
1
290
0
176
1
290
0
176
1
290
0
176
1
290
0
176
1
 90
50
176
1
 40
0.0
176
1
 40
1.0
176
1
 90
0
176
1
 62
18
420
0
176
1
 90
50
176
1
 90
3
176
1
 62
5
420
255
176
1
290
0
176
1
 90
50
176
1
 90
50
176
1
 90
50
176
1
290
0
176
1
 90
50
176
1
 62
256
176
0
 40
1.0
176
0
 90
2
176
1
  1
strokes_ogs.tif
176
1
290
0
176
1
 40
1.0
176
1
 40
1.0
176
1
  0
VISUALSTYLE
  5
63
102
{ACAD_REACTORS
330
16
102
}
330
16
100
AcDbVisualStyle
  2
FlatWithEdges
 70
1
177
3
291
1
 70
58
 90
2
176
1
 90
2
176
1
 90
0
176
1
 90
2
176
1
 40
0.6
176
1
 40
30.0
176
1
 62
7
420
16777215
176
1
 90
1
176
1
 90
4
176
1
 62
7
176
1
 62
257
176
1
 90
1
176
1
 90
1
176
1
 40
1.0
176
1
 90
8
176
1
 62
7
176
1
 40
1.0
176
1
 90
1
176
1
 90
6
176
1
 90
2
176
1
 62
7
176
1
 90
5
176
1
 90
0
176
1
 90
0
176
1
290
0
176
1
 90
1
176
1
 40
0.0
176
1
 90
0
176
1
290
0
176
1
290
1
176
1
290
1
176
1
290
0
176
1
290
0
176
1
290
0
176
1
290
0
176
1
290
0
176
1
290
0
176
1
 90
50
176
1
 40
0.0
176
1
 40
1.0
176
1
 90
0
176
1
 62
18
420
0
176
1
 90
50
176
1
 90
3
176
1
 62
5
420
255
176
1
290
0
176
1
 90
50
176
1
 90
50
176
1
 90
50
176
1
290
0
176
1
 90
50
176
1
 62
256
176
0
 40
1.0
176
0
 90
2
176
1
  1
strokes_ogs.tif
176
1
290
0
176
1
 40
1.0
176
1
 40
1.0
176
1
  0
VISUALSTYLE
  5
64
102
{ACAD_REACTORS
330
16
102
}
330
16
100
AcDbVisualStyle
  2
Gouraud
 70
2
177
3
291
1
 70
58
 90
2
176
1
 90
2
176
1
 90
0
176
1
 90
2
176
1
 40
0.6
176
1
 40
30.0
176
1
 62
7
420
16777215
176
1
 90
1
176
1
 90
4
176
1
 62
7
176
1
 62
257
176
1
 90
1
176
1
 90
1
176
1
 40
1.0
176
1
 90
8
176
1
 62
7
176
1
 40
1.0
176
1
 90
1
176
1
 90
6
176
1
 90
2
176
1
 62
7
176
1
 90
5
176
1
 90
0
176
1
 90
0
176
1
290
0
176
1
 90
1
176
1
 40
0.0
176
1
 90
0
176
1
290
0
176
1
290
1
176
1
290
1
176
1
290
0
176
1
290
0
176
1
290
0
176
1
290
0
176
1
290
0
176
1
290
0
176
1
 90
50
176
1
 40
0.0
176
1
 40
1.0
176
1
 90
0
176
1
 62
18
420
0
176
1
 90
50
176
1
 90
3
176
1
 62
5
420
255
176
1
290
0
176
1
 90
50
176
1
 90
50
176
1
 90
50
176
1
290
0
176
1
 90
50
176
1
 62
256
176
0
 40
1.0
176
0
 90
2
176
1
  1
strokes_ogs.tif
176
1
290
0
176
1
 40
1.0
176
1
 40
1.0
176
1
  0
VISUALSTYLE
  5
65
102
{ACAD_REACTORS
330
16
102
}
330
16
100
AcDbVisualStyle
  2
GouraudWithEdges
 70
3
177
3
291
1
 70
58
 90
2
176
1
 90
2
176
1
 90
0
176
1
 90
2
176
1
 40
0.6
176
1
 40
30.0
176
1
 62
7
420
16777215
176
1
 90
1
176
1
 90
4
176
1
 62
7
176
1
 62
257
176
1
 90
1
176
1
 90
1
176
1
 40
1.0
176
1
 90
8
176
1
 62
7
176
1
 40
1.0
176
1
 90
1
176
1
 90
6
176
1
 90
2
176
1
 62
7
176
1
 90
5
176
1
 90
0
176
1
 90
0
176
1
290
0
176
1
 90
1
176
1
 40
0.0
176
1
 90
0
176
1
290
0
176
1
290
1
176
1
290
1
176
1
290
0
176
1
290
0
176
1
290
0
176
1
290
0
176
1
290
0
176
1
290
0
176
1
 90
50
176
1
 40
0.0
176
1
 40
1.0
176
1
 90
0
176
1
 62
18
420
0
176
1
 90
50
176
1
 90
3
176
1
 62
5
420
255
176
1
290
0
176
1
 90
50
176
1
 90
50
176
1
 90
50
176
1
290
0
176
1
 90
50
176
1
 62
256
176
0
 40
1.0
176
0
 90
2
176
1
  1
strokes_ogs.tif
176
1
290
0
176
1
 40
1.0
176
1
 40
1.0
176
1
  0
VISUALSTYLE
  5
66
102
{ACAD_REACTORS
330
16
102
}
330
16
100
AcDbVisualStyle
  2
Hidden
 70
6
177
3
291
0
 70
58
 90
2
176
1
 90
2
176
1
 90
0
176
1
 90
1
176
1
 40
0.6
176
1
 40
30.0
176
1
 62
7
420
16777215
176
1
 90
1
176
1
 90
4
176
1
 62
7
176
1
 62
257
176
1
 90
1
176
1
 90
1
176
1
 40
1.0
176
1
 90
8
176
1
 62
7
176
1
 40
1.0
176
1
 90
1
176
1
 90
6
176
1
 90
2
176
1
 62
7
176
1
 90
5
176
1
 90
0
176
1
 90
0
176
1
290
0
176
1
 90
1
176
1
 40
0.0
176
1
 90
0
176
1
290
0
176
1
290
1
176
1
290
1
176
1
290
0
176
1
290
0
176
1
290
0
176
1
290
0
176
1
290
0
176
1
290
0
176
1
 90
50
176
1
 40
0.0
176
1
 40
1.0
176
1
 90
0
176
1
 62
18
420
0
176
1
 90
50
176
1
 90
3
176
1
 62
5
420
255
176
1
290
0
176
1
 90
50
176
1
 90
50
176
1
 90
50
176
1
290
0
176
1
 90
50
176
1
 62
256
176
0
 40
1.0
176
0
 90
2
176
1
  1
strokes_ogs.tif
176
1
290
0
176
1
 40
1.0
176
1
 40
1.0
176
1
  0
VISUALSTYLE
  5
67
102
{ACAD_REACTORS
330
16
102
}
330
16
100
AcDbVisualStyle
  2
JitterOff
 70
20
177
3
291
1
 70
58
 90
2
176
1
 90
2
176
1
 90
0
176
1
 90
2
176
1
 40
0.6
176
1
 40
30.0
176
1
 62
7
420
16777215
176
1
 90
1
176
1
 90
4
176
1
 62
7
176
1
 62
257
176
1
 90
1
176
1
 90
1
176
1
 40
1.0
176
1
 90
8
176
1
 62
7
176
1
 40
1.0
176
1
 90
1
176
1
 90
6
176
1
 90
2
176
1
 62
7
176
1
 90
5
176
1
 90
0
176
1
 90
0
176
1
290
0
176
1
 90
1
176
1
 40
0.0
176
1
 90
0
176
1
290
0
176
1
290
1
176
1
290
1
176
1
290
0
176
1
290
0
176
1
290
0
176
1
290
0
176
1
290
0
176
1
290
0
176
1
 90
50
176
1
 40
0.0
176
1
 40
1.0
176
1
 90
0
176
1
 62
18
420
0
176
1
 90
50
176
1
 90
3
176
1
 62
5
420
255
176
1
290
0
176
1
 90
50
176
1
 90
50
176
1
 90
50
176
1
290
0
176
1
 90
50
176
1
 62
256
176
0
 40
1.0
176
0
 90
2
176
1
  1
strokes_ogs.tif
176
1
290
0
176
1
 40
1.0
176
1
 40
1.0
176
1
  0
VISUALSTYLE
  5
68
102
{ACAD_REACTORS
330
16
102
}
330
16
100
AcDbVisualStyle
  2
Linepattern
 70
14
177
3
291
1
 70
58
 90
2
176
1
 90
2
176
1
 90
0
176
1
 90
2
176
1
 40
0.6
176
1
 40
30.0
176
1
 62
7
420
16777215
176
1
 90
1
176
1
 90
4
176
1
 62
7
176
1
 62
257
176
1
 90
1
176
1
 90
1
176
1
 40
1.0
176
1
 90
8
176
1
 62
7
176
1
 40
1.0
176
1
 90
1
176
1
 90
6
176
1
 90
2
176
1
 62
7
176
1
 90
5
176
1
 90
0
176
1
 90
0
176
1
290
0
176
1
 90
1
176
1
 40
0.0
176
1
 90
0
176
1
290
0
176
1
290
1
176
1
290
1
176
1
290
0
176
1
290
0
176
1
290
0
176
1
290
0
176
1
290
0
176
1
290
0
176
1
 90
50
176
1
 40
0.0
176
1
 40
1.0
176
1
 90
0
176
1
 62
18
420
0
176
1
 90
50
176
1
 90
3
176
1
 62
5
420
255
176
1
290
0
176
1
 90
50
176
1
 90
50
176
1
 90
50
176
1
290
0
176
1
 90
50
176
1
 62
256
176
0
 40
1.0
176
0
 90
2
176
1
  1
strokes_ogs.tif
176
1
290
0
176
1
 40
1.0
176
1
 40
1.0
176
1
  0
VISUALSTYLE
  5
69
102
{ACAD_REACTORS
330
16
102
}
330
16
100
AcDbVisualStyle
  2
Modeling
 70
10
177
3
291
0
 70
58
 90
2
176
1
 90
2
176
1
 90
0
176
1
 90
2
176
1
 40
0.6
176
1
 40
30.0
176
1
 62
7
420
16777215
176
1
 90
1
176
1
 90
4
176
1
 62
7
176
1
 62
257
176
1
 90
1
176
1
 90
1
176
1
 40
1.0
176
1
 90
8
176
1
 62
7
176
1
 40
1.0
176
1
 90
1
176
1
 90
6
176
1
 90
2
176
1
 62
7
176
1
 90
5
176
1
 90
0
176
1
 90
0
176
1
290
0
176
1
 90
1
176
1
 40
0.0
176
1
 90
0
176
1
290
0
176
1
290
1
176
1
290
1
176
1
290
0
176
1
290
0
176
1
290
0
176
1
290
0
176
1
290
0
176
1
290
0
176
1
 90
50
176
1
 40
0.0
176
1
 40
1.0
176
1
 90
0
176
1
 62
18
420
0
176
1
 90
50
176
1
 90
3
176
1
 62
5
420
255
176
1
290
0
176
1
 90
50
176
1
 90
50
176
1
 90
50
176
1
290
0
176
1
 90
50
176
1
 62
256
176
0
 40
1.0
176
0
 90
2
176
1
  1
strokes_ogs.tif
176
1
290
0
176
1
 40
1.0
176
1
 40
1.0
176
1
  0
VISUALSTYLE
  5
6A
102
{ACAD_REACTORS
330
16
102
}
330
16
100
AcDbVisualStyle
  2
OverhangOff
 70
21
177
3
291
1
 70
58
 90
2
176
1
 90
2
176
1
 90
0
176
1
 90
2
176
1
 40
0.6
176
1
 40
30.0
176
1
 62
7
420
16777215
176
1
 90
1
176
1
 90
4
176
1
 62
7
176
1
 62
257
176
1
 90
1
176
1
 90
1
176
1
 40
1.0
176
1
 90
8
176
1
 62
7
176
1
 40
1.0
176
1
 90
1
176
1
 90
6
176
1
 90
2
176
1
 62
7
176
1
 90
5
176
1
 90
0
176
1
 90
0
176
1
290
0
176
1
 90
1
176
1
 40
0.0
176
1
 90
0
176
1
290
0
176
1
290
1
176
1
290
1
176
1
290
0
176
1
290
0
176
1
290
0
176
1
290
0
176
1
290
0
176
1
290
0
176
1
 90
50
176
1
 40
0.0
176
1
 40
1.0
176
1
 90
0
176
1
 62
18
420
0
176
1
 90
50
176
1
 90
3
176
1
 62
5
420
255
176
1
290
0
176
1
 90
50
176
1
 90
50
176
1
 90
50
176
1
290
0
176
1
 90
50
176
1
 62
256
176
0
 40
1.0
176
0
 90
2
176
1
  1
strokes_ogs.tif
176
1
290
0
176
1
 40
1.0
176
1
 40
1.0
176
1
  0
VISUALSTYLE
  5
6B
102
{ACAD_REACTORS
330
16
102
}
330
16
100
AcDbVisualStyle
  2
Realistic
 70
8
177
3
291
0
 70
58
 90
2
176
1
 90
2
176
1
 90
0
176
1
 90
2
176
1
 40
0.6
176
1
 40
30.0
176
1
 62
7
420
16777215
176
1
 90
1
176
1
 90
4
176
1
 62
7
176
1
 62
257
176
1
 90
1
176
1
 90
1
176
1
 40
1.0
176
1
 90
8
176
1
 62
7
176
1
 40
1.0
176
1
 90
1
176
1
 90
6
176
1
 90
2
176
1
 62
7
176
1
 90
5
176
1
 90
0
176
1
 90
0
176
1
290
0
176
1
 90
1
176
1
 40
0.0
176
1
 90
0
176
1
290
0
176
1
290
1
176
1
290
1
176
1
290
0
176
1
290
0
176
1
290
0
176
1
290
0
176
1
290
0
176
1
290
0
176
1
 90
50
176
1
 40
0.0
176
1
 40
1.0
176
1
 90
0
176
1
 62
18
420
0
176
1
 90
50
176
1
 90
3
176
1
 62
5
420
255
176
1
290
0
176
1
 90
50
176
1
 90
50
176
1
 90
50
176
1
290
0
176
1
 90
50
176
1
 62
256
176
0
 40
1.0
176
0
 90
2
176
1
  1
strokes_ogs.tif
176
1
290
0
176
1
 40
1.0
176
1
 40
1.0
176
1
  0
VISUALSTYLE
  5
6C
102
{ACAD_REACTORS
330
16
102
}
330
16
100
AcDbVisualStyle
  2
Shaded
 70
27
177
3
291
0
 70
58
 90
2
176
1
 90
2
176
1
 90
0
176
1
 90
2
176
1
 40
0.6
176
1
 40
30.0
176
1
 62
7
420
16777215
176
1
 90
1
176
1
 90
4
176
1
 62
7
176
1
 62
257
176
1
 90
1
176
1
 90
1
176
1
 40
1.0
176
1
 90
8
176
1
 62
7
176
1
 40
1.0
176
1
 90
1
176
1
 90
6
176
1
 90
2
176
1
 62
7
176
1
 90
5
176
1
 90
0
176
1
 90
0
176
1
290
0
176
1
 90
1
176
1
 40
0.0
176
1
 90
0
176
1
290
0
176
1
290
1
176
1
290
1
176
1
290
0
176
1
290
0
176
1
290
0
176
1
290
0
176
1
290
0
176
1
290
0
176
1
 90
50
176
1
 40
0.0
176
1
 40
1.0
176
1
 90
0
176
1
 62
18
420
0
176
1
 90
50
176
1
 90
3
176
1
 62
5
420
255
176
1
290
0
176
1
 90
50
176
1
 90
50
176
1
 90
50
176
1
290
0
176
1
 90
50
176
1
 62
256
176
0
 40
1.0
176
0
 90
2
176
1
  1
strokes_ogs.tif
176
1
290
0
176
1
 40
1.0
176
1
 40
1.0
176
1
  0
VISUALSTYLE
  5
6D
102
{ACAD_REACTORS
330
16
102
}
330
16
100
AcDbVisualStyle
  2
Shaded with edges
 70
26
177
3
291
0
 70
58
 90
2
176
1
 90
2
176
1
 90
0
176
1
 90
2
176
1
 40
0.6
176
1
 40
30.0
176
1
 62
7
420
16777215
176
1
 90
1
176
1
 90
4
176
1
 62
7
176
1
 62
257
176
1
 90
1
176
1
 90
1
176
1
 40
1.0
176
1
 90
8
176
1
 62
7
176
1
 40
1.0
176
1
 90
1
176
1
 90
6
176
1
 90
2
176
1
 62
7
176
1
 90
5
176
1
 90
0
176
1
 90
0
176
1
290
0
176
1
 90
1
176
1
 40
0.0
176
1
 90
0
176
1
290
0
176
1
290
1
176
1
290
1
176
1
290
0
176
1
290
0
176
1
290
0
176
1
290
0
176
1
290
0
176
1
290
0
176
1
 90
50
176
1
 40
0.0
176
1
 40
1.0
176
1
 90
0
176
1
 62
18
420
0
176
1
 90
50
176
1
 90
3
176
1
 62
5
420
255
176
1
290
0
176
1
 90
50
176
1
 90
50
176
1
 90
50
176
1
290
0
176
1
 90
50
176
1
 62
256
176
0
 40
1.0
176
0
 90
2
176
1
  1
strokes_ogs.tif
176
1
290
0
176
1
 40
1.0
176
1
 40
1.0
176
1
  0
VISUALSTYLE
  5
6E
102
{ACAD_REACTORS
330
16
102
}
330
16
100
AcDbVisualStyle
  2
Shades of Gray
 70
23
177
3
291
0
 70
58
 90
2
176
1
 90
2
176
1
 90
0
176
1
 90
2
176
1
 40
0.6
176
1
 40
30.0
176
1
 62
7
420
16777215
176
1
 90
1
176
1
 90
4
176
1
 62
7
176
1
 62
257
176
1
 90
1
176
1
 90
1
176
1
 40
1.0
176
1
 90
8
176
1
 62
7
176
1
 40
1.0
176
1
 90
1
176
1
 90
6
176
1
 90
2
176
1
 62
7
176
1
 90
5
176
1
 90
0
176
1
 90
0
176
1
290
0
176
1
 90
1
176
1
 40
0.0
176
1
 90
0
176
1
290
0
176
1
290
1
176
1
290
1
176
1
290
0
176
1
290
0
176
1
290
0
176
1
290
0
176
1
290
0
176
1
290
0
176
1
 90
50
176
1
 40
0.0
176
1
 40
1.0
176
1
 90
0
176
1
 62
18
420
0
176
1
 90
50
176
1
 90
3
176
1
 62
5
420
255
176
1
290
0
176
1
 90
50
176
1
 90
50
176
1
 90
50
176
1
290
0
176
1
 90
50
176
1
 62
256
176
0
 40
1.0
176
0
 90
2
176
1
  1
strokes_ogs.tif
176
1
290
0
176
1
 40
1.0
176
1
 40
1.0
176
1
  0
VISUALSTYLE
  5
6F
102
{ACAD_REACTORS
330
16
102
}
330
16
100
AcDbVisualStyle
  2
Sketchy
 70
24
177
3
291
0
 70
58
 90
2
176
1
 90
2
176
1
 90
0
176
1
 90
1
176
1
 40
0.6
176
1
 40
30.0
176
1
 62
7
420
16777215
176
1
 90
1
176
1
 90
4
176
1
 62
7
176
1
 62
257
176
1
 90
1
176
1
 90
1
176
1
 40
1.0
176
1
 90
8
176
1
 62
7
176
1
 40
1.0
176
1
 90
1
176
1
 90
6
176
1
 90
2
176
1
 62
7
176
1
 90
5
176
1
 90
0
176
1
 90
0
176
1
290
0
176
1
 90
1
176
1
 40
0.0
176
1
 90
0
176
1
290
0
176
1
290
1
176
1
290
1
176
1
290
0
176
1
290
0
176
1
290
0
176
1
290
0
176
1
290
0
176
1
290
0
176
1
 90
50
176
1
 40
0.0
176
1
 40
1.0
176
1
 90
0
176
1
 62
18
420
0
176
1
 90
50
176
1
 90
3
176
1
 62
5
420
255
176
1
290
0
176
1
 90
50
176
1
 90
50
176
1
 90
50
176
1
290
0
176
1
 90
50
176
1
 62
256
176
0
 40
1.0
176
0
 90
2
176
1
  1
strokes_ogs.tif
176
1
290
0
176
1
 40
1.0
176
1
 40
1.0
176
1
  0
VISUALSTYLE
  5
70
102
{ACAD_REACTORS
330
16
102
}
330
16
100
AcDbVisualStyle
  2
Thicken
 70
13
177
3
291
1
 70
58
 90
2
176
1
 90
2
176
1
 90
0
176
1
 90
2
176
1
 40
0.6
176
1
 40
30.0
176
1
 62
7
420
16777215
176
1
 90
1
176
1
 90
4
176
1
 62
7
176
1
 62
257
176
1
 90
1
176
1
 90
1
176
1
 40
1.0
176
1
 90
8
176
1
 62
7
176
1
 40
1.0
176
1
 90
1
176
1
 90
6
176
1
 90
2
176
1
 62
7
176
1
 90
5
176
1
 90
0
176
1
 90
0
176
1
290
0
176
1
 90
1
176
1
 40
0.0
176
1
 90
0
176
1
290
0
176
1
290
1
176
1
290
1
176
1
290
0
176
1
290
0
176
1
290
0
176
1
290
0
176
1
290
0
176
1
290
0
176
1
 90
50
176
1
 40
0.0
176
1
 40
1.0
176
1
 90
0
176
1
 62
18
420
0
176
1
 90
50
176
1
 90
3
176
1
 62
5
420
255
176
1
290
0
176
1
 90
50
176
1
 90
50
176
1
 90
50
176
1
290
0
176
1
 90
50
176
1
 62
256
176
0
 40
1.0
176
0
 90
2
176
1
  1
strokes_ogs.tif
176
1
290
0
176
1
 40
1.0
176
1
 40
1.0
176
1
  0
VISUALSTYLE
  5
71
102
{ACAD_REACTORS
330
16
102
}
330
16
100
AcDbVisualStyle
  2
Wireframe
 70
5
177
3
291
0
 70
58
 90
2
176
1
 90
2
176
1
 90
0
176
1
 90
0
176
1
 40
0.6
176
1
 40
30.0
176
1
 62
7
420
16777215
176
1
 90
1
176
1
 90
4
176
1
 62
7
176
1
 62
257
176
1
 90
1
176
1
 90
1
176
1
 40
1.0
176
1
 90
8
176
1
 62
7
176
1
 40
1.0
176
1
 90
1
176
1
 90
6
176
1
 90
2
176
1
 62
7
176
1
 90
5
176
1
 90
0
176
1
 90
0
176
1
290
0
176
1
 90
1
176
1
 40
0.0
176
1
 90
0
176
1
290
0
176
1
290
1
176
1
290
1
176
1
290
0
176
1
290
0
176
1
290
0
176
1
290
0
176
1
290
0
176
1
290
0
176
1
 90
50
176
1
 40
0.0
176
1
 40
1.0
176
1
 90
0
176
1
 62
18
420
0
176
1
 90
50
176
1
 90
3
176
1
 62
5
420
255
176
1
290
0
176
1
 90
50
176
1
 90
50
176
1
 90
50
176
1
290
0
176
1
 90
50
176
1
 62
256
176
0
 40
1.0
176
0
 90
2
176
1
  1
strokes_ogs.tif
176
1
290
0
176
1
 40
1.0
176
1
 40
1.0
176
1
  0
VISUALSTYLE
  5
72
102
{ACAD_REACTORS
330
16
102
}
330
16
100
AcDbVisualStyle
  2
X-Ray
 70
25
177
3
291
0
 70
58
 90
2
176
1
 90
2
176
1
 90
0
176
1
 90
2
176
1
 40
0.5
176
1
 40
30.0
176
1
 62
7
420
16777215
176
1
 90
1
176
1
 90
4
176
1
 62
7
176
1
 62
257
176
1
 90
1
176
1
 90
1
176
1
 40
1.0
176
1
 90
8
176
1
 62
7
176
1
 40
1.0
176
1
 90
1
176
1
 90
6
176
1
 90
2
176
1
 62
7
176
1
 90
5
176
1
 90
0
176
1
 90
0
176
1
290
0
176
1
 90
1
176
1
 40
0.0
176
1
 90
0
176
1
290
0
176
1
290
1
176
1
290
1
176
1
290
0
176
1
290
0
176
1
290
0
176
1
290
0
176
1
290
0
176
1
290
0
176
1
 90
50
176
1
 40
0.0
176
1
 40
1.0
176
1
 90
0
176
1
 62
18
420
0
176
1
 90
50
176
1
 90
3
176
1
 62
5
420
255
176
1
290
0
176
1
 90
50
176
1
 90
50
176
1
 90
50
176
1
290
0
176
1
 90
50
176
1
 62
256
176
0
 40
1.0
176
0
 90
2
176
1
  1
strokes_ogs.tif
176
1
290
0
176
1
 40
1.0
176
1
 40
1.0
176
1
  0
DICTIONARYVAR
  5
396
330
2D
100
DictionaryVariables
280
0
  1
1.4.4 @ 2026-10-01T13:45:14.549015+00:00
  0
ENDSEC
  0
EOF
