00:01.969  blend            | Read blend: "C:\Users\yigit\angora-tur10\adim09\web-calisma\web-hazir.blend"
INFO Draco is available, use library at C:\Program Files\Blender Foundation\Blender 5.2\5.2\scripts\addons_core\io_scene_gltf2\bf_intern_draco_bridge.dll
INFO MeshOptimizer is available, use library at C:\Program Files\Blender Foundation\Blender 5.2\5.2\scripts\addons_core\io_scene_gltf2\bf_intern_meshopt_bridge.dll
00:29:53 | INFO: Starting glTF 2.0 export
00:29:53 | INFO: Extracting primitive: A04_F18_34_sarkit
00:29:53 | INFO: Primitives created: 1
00:29:53 | INFO: Extracting primitive: A04_F18_34_zincir_halka.059
00:29:53 | INFO: Primitives created: 1
00:29:53 | INFO: Extracting primitive: A04_F18_34_zincir_halka.060
00:29:53 | INFO: Primitives created: 1
00:29:53 | INFO: Extracting primitive: A04_F18_34_zincir_halka.061
00:29:53 | INFO: Primitives created: 1
00:29:53 | INFO: Extracting primitive: A04_F18_34_zincir_halka.062
00:29:53 | INFO: Primitives created: 1
00:29:53 | INFO: Extracting primitive: A04_F18_34_zincir_halka.063
00:29:53 | INFO: Primitives created: 1
00:29:53 | INFO: Extracting primitive: A04_F18_34_zincir_halka.064
00:29:53 | INFO: Primitives created: 1
00:29:53 | INFO: Extracting primitive: A04_F18_34_zincir_halka.065
00:29:53 | INFO: Primitives created: 1
00:29:53 | INFO: Extracting primitive: A04_F18_34_zincir_halka.066
00:29:53 | INFO: Primitives created: 1
00:29:53 | INFO: Extracting primitive: A04_F18_34_zincir_halka.067
00:29:53 | INFO: Primitives created: 1
00:29:53 | INFO: Extracting primitive: A04_F18_34_zincir_halka.068
00:29:53 | INFO: Primitives created: 1
00:29:53 | INFO: Extracting primitive: A04_F18_34_zincir_halka.069
00:29:53 | INFO: Primitives created: 1
00:29:53 | INFO: Extracting primitive: A04_F18_34_zincir_halka.070
00:29:53 | INFO: Primitives created: 1
00:29:53 | INFO: Extracting primitive: A04_F18_34_zincir_halka.071
00:29:53 | INFO: Primitives created: 1
00:29:53 | INFO: Extracting primitive: A04_F18_34_zincir_halka.072
00:29:53 | INFO: Primitives created: 1
00:29:53 | INFO: Extracting primitive: A04_F18_34_zincir_halka.073
00:29:53 | INFO: Primitives created: 1
00:29:53 | INFO: Extracting primitive: A04_F18_34_zincir_halka.074
00:29:53 | INFO: Primitives created: 1
00:29:53 | INFO: Extracting primitive: A04_F18_34_zincir_halka.075
00:29:53 | INFO: Primitives created: 1
00:29:53 | INFO: Extracting primitive: A04_F18_34_zincir_halka.076
00:29:53 | INFO: Primitives created: 1
00:29:53 | INFO: Extracting primitive: A04_F18_34_zincir_halka.077
00:29:53 | INFO: Primitives created: 1
00:29:53 | INFO: Extracting primitive: A04_F18_alt_aplik_cam
00:29:53 | INFO: Primitives created: 1
00:29:53 | INFO: Extracting primitive: A04_F18_alt_aplik_kol
00:29:53 | INFO: Primitives created: 1
00:29:53 | INFO: Extracting primitive: A04_F18_alt_aplik_rozet
00:29:53 | INFO: Primitives created: 1
00:29:53 | INFO: Extracting primitive: A04_F40_plafonyer_opal
00:29:53 | INFO: Primitives created: 1
00:29:53 | INFO: Extracting primitive: A04_F40_plafonyer_rozet
00:29:53 | INFO: Primitives created: 1
00:29:53 | INFO: Extracting primitive: A04_F40_plafonyer_topuz
00:29:53 | INFO: Primitives created: 1
00:29:53 | INFO: Extracting primitive: A04_K04_esik_kapagi
00:29:53 | INFO: Primitives created: 1
00:29:53 | INFO: Extracting primitive: A04_K05_esik_kapagi
00:29:53 | INFO: Primitives created: 1
00:29:53 | INFO: Extracting primitive: A04_K06_esik_kapagi
00:29:53 | INFO: Primitives created: 1
00:29:53 | INFO: Extracting primitive: A04_K07_esik_kapagi
00:29:53 | INFO: Primitives created: 1
00:29:53 | INFO: Extracting primitive: A04_K08_esik_kapagi
00:29:53 | INFO: Primitives created: 1
00:29:53 | INFO: Extracting primitive: A04_K09_esik_kapagi
00:29:53 | INFO: Primitives created: 1
00:29:53 | INFO: Extracting primitive: A04_K09_kasa_ic_kaplama
00:29:54 | INFO: Primitives created: 1
00:29:54 | INFO: Extracting primitive: A04_K09_kasa_ic_kaplama.001
00:29:54 | INFO: Primitives created: 1
00:29:54 | INFO: Extracting primitive: A04_K09_kasa_ust_kaplama
00:29:54 | INFO: Primitives created: 1
00:29:54 | INFO: Extracting primitive: A04_K10_esik_kapagi
00:29:54 | INFO: Primitives created: 1
00:29:54 | INFO: Extracting primitive: A04_K10_kasa_ic_kaplama
00:29:54 | INFO: Primitives created: 1
00:29:54 | INFO: Extracting primitive: A04_K10_kasa_ic_kaplama.001
00:29:54 | INFO: Primitives created: 1
00:29:54 | INFO: Extracting primitive: A04_K10_kasa_ust_kaplama
00:29:54 | INFO: Primitives created: 1
00:29:54 | INFO: Extracting primitive: A04_K11_esik_kapagi
00:29:54 | INFO: Primitives created: 1
00:29:54 | INFO: Extracting primitive: A04_K11_kasa_ic_kaplama
00:29:54 | INFO: Primitives created: 1
00:29:54 | INFO: Extracting primitive: A04_K11_kasa_ic_kaplama.001
00:29:54 | INFO: Primitives created: 1
00:29:54 | INFO: Extracting primitive: A04_K11_kasa_ust_kaplama
00:29:54 | INFO: Primitives created: 1
00:29:54 | INFO: Extracting primitive: A04_K12_esik_kapagi
00:29:54 | INFO: Primitives created: 1
00:29:54 | INFO: Extracting primitive: A04_K12_kasa_ic_kaplama
00:29:54 | INFO: Primitives created: 1
00:29:54 | INFO: Extracting primitive: A04_K12_kasa_ic_kaplama.001
00:29:54 | INFO: Primitives created: 1
00:29:54 | INFO: Extracting primitive: A04_K12_kasa_ust_kaplama
00:29:54 | INFO: Primitives created: 1
00:29:54 | INFO: Extracting primitive: A04_K13_esik_kapagi
00:29:54 | INFO: Primitives created: 1
00:29:54 | INFO: Extracting primitive: A04_K13_kasa_ic_kaplama
00:29:54 | INFO: Primitives created: 1
00:29:54 | INFO: Extracting primitive: A04_K13_kasa_ic_kaplama.001
00:29:54 | INFO: Primitives created: 1
00:29:54 | INFO: Extracting primitive: A04_K13_kasa_ust_kaplama
00:29:54 | INFO: Primitives created: 1
00:29:54 | INFO: Extracting primitive: A05_F42_yuvarlak_1
00:29:54 | INFO: Primitives created: 1
00:29:54 | INFO: Extracting primitive: A05_F42_yuvarlak_2
00:29:54 | INFO: Primitives created: 1
00:29:54 | INFO: Extracting primitive: A05_F42_yuvarlak_3
00:29:54 | INFO: Primitives created: 1
00:29:54 | INFO: Extracting primitive: A05_kartonpiyer_birlesik
00:29:54 | INFO: Primitives created: 1
00:29:54 | INFO: Extracting primitive: A08_Cift_kasa
00:29:54 | INFO: Primitives created: 1
00:29:54 | INFO: Extracting primitive: A08_Cift_kasa.001
00:29:54 | INFO: Primitives created: 1
00:29:54 | INFO: Extracting primitive: A08_Cift_pervaz
00:29:54 | INFO: Primitives created: 1
00:29:54 | INFO: Extracting primitive: A08_Cift_pervaz.001
00:29:54 | INFO: Primitives created: 1
00:29:54 | INFO: Extracting primitive: A08_Cift_pervaz.002
00:29:54 | INFO: Primitives created: 1
00:29:54 | INFO: Extracting primitive: A08_Cift_pervaz.003
00:29:54 | INFO: Primitives created: 1
00:29:54 | INFO: Extracting primitive: A08_Cift_sag_alt
00:29:54 | INFO: Primitives created: 1
00:29:54 | INFO: Extracting primitive: A08_Cift_sag_cam
00:29:54 | INFO: Primitives created: 1
00:29:54 | INFO: Extracting primitive: A08_Cift_sag_dikme
00:29:54 | INFO: Primitives created: 1
00:29:54 | INFO: Extracting primitive: A08_Cift_sag_dikme.001
00:29:54 | INFO: Primitives created: 1
00:29:54 | INFO: Extracting primitive: A08_Cift_sag_kol
00:29:54 | INFO: Primitives created: 1
00:29:54 | INFO: Extracting primitive: A08_Cift_sag_mentese
00:29:54 | INFO: Primitives created: 1
00:29:54 | INFO: Extracting primitive: A08_Cift_sag_mentese.001
00:29:54 | INFO: Primitives created: 1
00:29:54 | INFO: Extracting primitive: A08_Cift_sag_mentese.002
00:29:54 | INFO: Primitives created: 1
00:29:54 | INFO: Extracting primitive: A08_Cift_sag_ust
00:29:54 | INFO: Primitives created: 1
00:29:54 | INFO: Extracting primitive: A08_Cift_sol_alt
00:29:54 | INFO: Primitives created: 1
00:29:54 | INFO: Extracting primitive: A08_Cift_sol_cam
00:29:54 | INFO: Primitives created: 1
00:29:54 | INFO: Extracting primitive: A08_Cift_sol_dikme
00:29:54 | INFO: Primitives created: 1
00:29:54 | INFO: Extracting primitive: A08_Cift_sol_dikme.001
00:29:54 | INFO: Primitives created: 1
00:29:54 | INFO: Extracting primitive: A08_Cift_sol_kol
00:29:54 | INFO: Primitives created: 1
00:29:54 | INFO: Extracting primitive: A08_Cift_sol_mentese
00:29:54 | INFO: Primitives created: 1
00:29:54 | INFO: Extracting primitive: A08_Cift_sol_mentese.001
00:29:54 | INFO: Primitives created: 1
00:29:54 | INFO: Extracting primitive: A08_Cift_sol_mentese.002
00:29:54 | INFO: Primitives created: 1
00:29:54 | INFO: Extracting primitive: A08_Cift_sol_ust
00:29:54 | INFO: Primitives created: 1
00:29:54 | INFO: Extracting primitive: A08_Cift_ust_kasa
00:29:54 | INFO: Primitives created: 1
00:29:54 | INFO: Extracting primitive: A08_F02_dolu_merdiven_alti
00:29:54 | INFO: Primitives created: 1
00:29:54 | INFO: Extracting primitive: A09_F47_tek_duvar
00:29:54 | INFO: Primitives created: 1
00:29:54 | INFO: Extracting primitive: A09_galeri_0_ahsap_kupeste
00:29:55 | INFO: Primitives created: 1
00:29:55 | INFO: Extracting primitive: DWG_panel_kaynak_0.002
00:29:55 | INFO: Primitives created: 1
00:29:55 | INFO: Extracting primitive: DWG_panel_kaynak_150.002
00:29:55 | INFO: Primitives created: 1
00:29:55 | INFO: Extracting primitive: DWG_panel_kaynak_300.002
00:29:55 | INFO: Primitives created: 1
00:29:55 | INFO: Extracting primitive: DWG_panel_kaynak_450.002
00:29:55 | INFO: Primitives created: 1
00:29:55 | INFO: Extracting primitive: DWG_panel_kaynak_450.008
00:29:55 | INFO: Primitives created: 1
00:29:55 | INFO: Extracting primitive: A09_galeri_0_zemin_baglanti_0_0.001
00:29:55 | INFO: Primitives created: 1
00:29:55 | INFO: Extracting primitive: A09_galeri_0_zemin_baglanti_0_0.002
00:29:55 | INFO: Primitives created: 1
00:29:55 | INFO: Extracting primitive: A09_galeri_0_zemin_baglanti_1_0.001
00:29:55 | INFO: Primitives created: 1
00:29:55 | INFO: Extracting primitive: A09_galeri_0_zemin_baglanti_1_0.002
00:29:55 | INFO: Primitives created: 1
00:29:55 | INFO: Extracting primitive: A09_K0_0_ahsap_kupeste
00:29:55 | INFO: Primitives created: 1
00:29:55 | INFO: Extracting primitive: DWG_panel_kaynak_0.001
00:29:55 | INFO: Primitives created: 1
00:29:55 | INFO: Extracting primitive: DWG_panel_kaynak_150.001
00:29:55 | INFO: Primitives created: 1
00:29:55 | INFO: Extracting primitive: DWG_panel_kaynak_300.001
00:29:55 | INFO: Primitives created: 1
00:29:55 | INFO: Extracting primitive: DWG_panel_kaynak_450.001
00:29:55 | INFO: Primitives created: 1
00:29:55 | INFO: Extracting primitive: A09_K0_0_zemin_baglanti_0_0.001
00:29:55 | INFO: Primitives created: 1
00:29:55 | INFO: Extracting primitive: A09_K0_0_zemin_baglanti_0_0.002
00:29:55 | INFO: Primitives created: 1
00:29:55 | INFO: Extracting primitive: A09_K0_0_zemin_baglanti_1_0.001
00:29:55 | INFO: Primitives created: 1
00:29:55 | INFO: Extracting primitive: A09_K0_0_zemin_baglanti_1_0.002
00:29:55 | INFO: Primitives created: 1
00:29:55 | INFO: Extracting primitive: A09_K0_0_zemin_baglanti_2_0.001
00:29:55 | INFO: Primitives created: 1
00:29:55 | INFO: Extracting primitive: A09_K0_1_ahsap_kupeste
00:29:55 | INFO: Primitives created: 1
00:29:55 | INFO: Extracting primitive: DWG_panel_kaynak_0.003
00:29:55 | INFO: Primitives created: 1
00:29:55 | INFO: Extracting primitive: DWG_panel_kaynak_150.003
00:29:55 | INFO: Primitives created: 1
00:29:55 | INFO: Extracting primitive: DWG_panel_kaynak_300.003
00:29:55 | INFO: Primitives created: 1
00:29:55 | INFO: Extracting primitive: DWG_panel_kaynak_450.003
00:29:55 | INFO: Primitives created: 1
00:29:55 | INFO: Extracting primitive: A09_K0_1_zemin_baglanti_0_0.001
00:29:55 | INFO: Primitives created: 1
00:29:55 | INFO: Extracting primitive: A09_K0_1_zemin_baglanti_0_0.002
00:29:55 | INFO: Primitives created: 1
00:29:55 | INFO: Extracting primitive: A09_K0_1_zemin_baglanti_1_0.001
00:29:55 | INFO: Primitives created: 1
00:29:55 | INFO: Extracting primitive: A09_K0_1_zemin_baglanti_1_0.002
00:29:55 | INFO: Primitives created: 1
00:29:55 | INFO: Extracting primitive: A09_K0_1_zemin_baglanti_2_0.001
00:29:55 | INFO: Primitives created: 1
00:29:55 | INFO: Extracting primitive: A09_K1_0_ahsap_kupeste
00:29:55 | INFO: Primitives created: 1
00:29:55 | INFO: Extracting primitive: DWG_panel_kaynak_0.004
00:29:55 | INFO: Primitives created: 1
00:29:55 | INFO: Extracting primitive: DWG_panel_kaynak_150.004
00:29:55 | INFO: Primitives created: 1
00:29:55 | INFO: Extracting primitive: DWG_panel_kaynak_300.004
00:29:55 | INFO: Primitives created: 1
00:29:55 | INFO: Extracting primitive: DWG_panel_kaynak_450.004
00:29:55 | INFO: Primitives created: 1
00:29:55 | INFO: Extracting primitive: A09_K1_0_zemin_baglanti_0_0.001
00:29:55 | INFO: Primitives created: 1
00:29:55 | INFO: Extracting primitive: A09_K1_0_zemin_baglanti_0_0.002
00:29:55 | INFO: Primitives created: 1
00:29:55 | INFO: Extracting primitive: A09_K1_0_zemin_baglanti_1_0.001
00:29:55 | INFO: Primitives created: 1
00:29:55 | INFO: Extracting primitive: A09_K1_0_zemin_baglanti_1_0.002
00:29:55 | INFO: Primitives created: 1
00:29:55 | INFO: Extracting primitive: A09_K1_0_zemin_baglanti_2_0.001
00:29:55 | INFO: Primitives created: 1
00:29:55 | INFO: Extracting primitive: A09_K1_1_zemin_baglanti_0_0.001
00:29:55 | INFO: Primitives created: 1
00:29:55 | INFO: Extracting primitive: A09_K1_1_zemin_baglanti_0_0.002
00:29:55 | INFO: Primitives created: 1
00:29:55 | INFO: Extracting primitive: A09_K1_1_zemin_baglanti_1_0.001
00:29:55 | INFO: Primitives created: 1
00:29:55 | INFO: Extracting primitive: A09_K1_1_zemin_baglanti_1_0.002
00:29:55 | INFO: Primitives created: 1
00:29:55 | INFO: Extracting primitive: A09_K1_1_zemin_baglanti_2_0.001
00:29:55 | INFO: Primitives created: 1
00:29:55 | INFO: Extracting primitive: M1_supurgelik_001
00:29:55 | INFO: Primitives created: 1
00:29:55 | INFO: Extracting primitive: M1_supurgelik_002
00:29:55 | INFO: Primitives created: 1
00:29:55 | INFO: Extracting primitive: M1_supurgelik_003
00:29:55 | INFO: Primitives created: 1
00:29:55 | INFO: Extracting primitive: M1_supurgelik_004
00:29:55 | INFO: Primitives created: 1
00:29:55 | INFO: Extracting primitive: M1_supurgelik_005
00:29:55 | INFO: Primitives created: 1
00:29:55 | INFO: Extracting primitive: M1_supurgelik_006
00:29:55 | INFO: Primitives created: 1
00:29:55 | INFO: Extracting primitive: M1_supurgelik_007
00:29:55 | INFO: Primitives created: 1
00:29:55 | INFO: Extracting primitive: M1_supurgelik_008
00:29:55 | INFO: Primitives created: 1
00:29:55 | INFO: Extracting primitive: M1_supurgelik_009
00:29:55 | INFO: Primitives created: 1
00:29:55 | INFO: Extracting primitive: M1_supurgelik_010
00:29:55 | INFO: Primitives created: 1
00:29:55 | INFO: Extracting primitive: M1_supurgelik_011
00:29:55 | INFO: Primitives created: 1
00:29:55 | INFO: Extracting primitive: M1_supurgelik_012
00:29:55 | INFO: Primitives created: 1
00:29:55 | INFO: Extracting primitive: M1_supurgelik_013
00:29:55 | INFO: Primitives created: 1
00:29:55 | INFO: Extracting primitive: M1_supurgelik_014
00:29:55 | INFO: Primitives created: 1
00:29:55 | INFO: Extracting primitive: M1_supurgelik_015
00:29:55 | INFO: Primitives created: 1
00:29:55 | INFO: Extracting primitive: M1_supurgelik_016
00:29:55 | INFO: Primitives created: 1
00:29:55 | INFO: Extracting primitive: M1_supurgelik_017
00:29:55 | INFO: Primitives created: 1
00:29:55 | INFO: Extracting primitive: M1_supurgelik_018
00:29:55 | INFO: Primitives created: 1
00:29:55 | INFO: Extracting primitive: M1_supurgelik_019
00:29:55 | INFO: Primitives created: 1
00:29:55 | INFO: Extracting primitive: M1_supurgelik_020
00:29:55 | INFO: Primitives created: 1
00:29:55 | INFO: Extracting primitive: M1_supurgelik_021
00:29:55 | INFO: Primitives created: 1
00:29:55 | INFO: Extracting primitive: M1_supurgelik_022
00:29:55 | INFO: Primitives created: 1
00:29:55 | INFO: Extracting primitive: M1_supurgelik_023
00:29:55 | INFO: Primitives created: 1
00:29:55 | INFO: Extracting primitive: M1_supurgelik_024
00:29:55 | INFO: Primitives created: 1
00:29:55 | INFO: Extracting primitive: M1_supurgelik_025
00:29:55 | INFO: Primitives created: 1
00:29:55 | INFO: Extracting primitive: M1_supurgelik_026
00:29:55 | INFO: Primitives created: 1
00:29:55 | INFO: Extracting primitive: M1_supurgelik_027
00:29:55 | INFO: Primitives created: 1
00:29:55 | INFO: Extracting primitive: M1_supurgelik_028
00:29:55 | INFO: Primitives created: 1
00:29:55 | INFO: Extracting primitive: M1_supurgelik_029
00:29:55 | INFO: Primitives created: 1
00:29:55 | INFO: Extracting primitive: M1_supurgelik_030
00:29:55 | INFO: Primitives created: 1
00:29:55 | INFO: Extracting primitive: M1_supurgelik_031
00:29:55 | INFO: Primitives created: 1
00:29:55 | INFO: Extracting primitive: M1_supurgelik_032
00:29:55 | INFO: Primitives created: 1
00:29:55 | INFO: Extracting primitive: M1_supurgelik_033
00:29:55 | INFO: Primitives created: 1
00:29:55 | INFO: Extracting primitive: M1_supurgelik_034
00:29:55 | INFO: Primitives created: 1
00:29:55 | INFO: Extracting primitive: M1_supurgelik_035
00:29:55 | INFO: Primitives created: 1
00:29:55 | INFO: Extracting primitive: M1_supurgelik_036
00:29:55 | INFO: Primitives created: 1
00:29:55 | INFO: Extracting primitive: M1_supurgelik_037
00:29:55 | INFO: Primitives created: 1
00:29:55 | INFO: Extracting primitive: M1_supurgelik_038
00:29:55 | INFO: Primitives created: 1
00:29:55 | INFO: Extracting primitive: M1_supurgelik_039
00:29:55 | INFO: Primitives created: 1
00:29:55 | INFO: Extracting primitive: M1_supurgelik_040
00:29:55 | INFO: Primitives created: 1
00:29:55 | INFO: Extracting primitive: M1_supurgelik_041
00:29:55 | INFO: Primitives created: 1
00:29:55 | INFO: Extracting primitive: M1_supurgelik_042
00:29:55 | INFO: Primitives created: 1
00:29:55 | INFO: Extracting primitive: M1_supurgelik_043
00:29:55 | INFO: Primitives created: 1
00:29:55 | INFO: Extracting primitive: M1_supurgelik_044
00:29:55 | INFO: Primitives created: 1
00:29:55 | INFO: Extracting primitive: M1_supurgelik_045
00:29:55 | INFO: Primitives created: 1
00:29:55 | INFO: Extracting primitive: M1_supurgelik_046
00:29:55 | INFO: Primitives created: 1
00:29:55 | INFO: Extracting primitive: M1_supurgelik_047
00:29:55 | INFO: Primitives created: 1
00:29:55 | INFO: Extracting primitive: M1_supurgelik_048
00:29:55 | INFO: Primitives created: 1
00:29:55 | INFO: Extracting primitive: M1_supurgelik_049
00:29:55 | INFO: Primitives created: 1
00:29:55 | INFO: Extracting primitive: M1_supurgelik_050
00:29:55 | INFO: Primitives created: 1
00:29:55 | INFO: Extracting primitive: M1_supurgelik_051
00:29:55 | INFO: Primitives created: 1
00:29:55 | INFO: Extracting primitive: M1_supurgelik_052
00:29:55 | INFO: Primitives created: 1
00:29:55 | INFO: Extracting primitive: M1_supurgelik_053
00:29:55 | INFO: Primitives created: 1
00:29:55 | INFO: Extracting primitive: M1_supurgelik_054
00:29:55 | INFO: Primitives created: 1
00:29:55 | INFO: Extracting primitive: M1_supurgelik_055
00:29:55 | INFO: Primitives created: 1
00:29:55 | INFO: Extracting primitive: M1_supurgelik_056
00:29:55 | INFO: Primitives created: 1
00:29:55 | INFO: Extracting primitive: M1_supurgelik_057
00:29:55 | INFO: Primitives created: 1
00:29:55 | INFO: Extracting primitive: M1_supurgelik_058
00:29:55 | INFO: Primitives created: 1
00:29:55 | INFO: Extracting primitive: M1_supurgelik_059
00:29:55 | INFO: Primitives created: 1
00:29:55 | INFO: Extracting primitive: M1_supurgelik_060
00:29:55 | INFO: Primitives created: 1
00:29:55 | INFO: Extracting primitive: M1_supurgelik_061
00:29:55 | INFO: Primitives created: 1
00:29:55 | INFO: Extracting primitive: M1_supurgelik_062
00:29:55 | INFO: Primitives created: 1
00:29:55 | INFO: Extracting primitive: M1_supurgelik_063
00:29:55 | INFO: Primitives created: 1
00:29:55 | INFO: Extracting primitive: M1_supurgelik_064
00:29:55 | INFO: Primitives created: 1
00:29:55 | INFO: Extracting primitive: M1_supurgelik_065
00:29:55 | INFO: Primitives created: 1
00:29:55 | INFO: Extracting primitive: M1_supurgelik_066
00:29:55 | INFO: Primitives created: 1
00:29:55 | INFO: Extracting primitive: M1_supurgelik_067
00:29:55 | INFO: Primitives created: 1
00:29:55 | INFO: Extracting primitive: M1_supurgelik_068
00:29:55 | INFO: Primitives created: 1
00:29:55 | INFO: Extracting primitive: M1_supurgelik_069
00:29:55 | INFO: Primitives created: 1
00:29:55 | INFO: Extracting primitive: M1_supurgelik_070
00:29:55 | INFO: Primitives created: 1
00:29:55 | INFO: Extracting primitive: M1_supurgelik_071
00:29:55 | INFO: Primitives created: 1
00:29:55 | INFO: Extracting primitive: M1_supurgelik_072
00:29:55 | INFO: Primitives created: 1
00:29:55 | INFO: Extracting primitive: M1_supurgelik_073
00:29:55 | INFO: Primitives created: 1
00:29:55 | INFO: Extracting primitive: M1_supurgelik_074
00:29:55 | INFO: Primitives created: 1
00:29:55 | INFO: Extracting primitive: M1_supurgelik_075
00:29:55 | INFO: Primitives created: 1
00:29:55 | INFO: Extracting primitive: M1_supurgelik_076
00:29:55 | INFO: Primitives created: 1
00:29:55 | INFO: Extracting primitive: M1_supurgelik_077
00:29:55 | INFO: Primitives created: 1
00:29:55 | INFO: Extracting primitive: M1_supurgelik_078
00:29:55 | INFO: Primitives created: 1
00:29:55 | INFO: Extracting primitive: M1_supurgelik_079
00:29:55 | INFO: Primitives created: 1
00:29:55 | INFO: Extracting primitive: M1_supurgelik_080
00:29:55 | INFO: Primitives created: 1
00:29:55 | INFO: Extracting primitive: M1_supurgelik_081
00:29:55 | INFO: Primitives created: 1
00:29:55 | INFO: Extracting primitive: M1_supurgelik_082
00:29:55 | INFO: Primitives created: 1
00:29:55 | INFO: Extracting primitive: M1_supurgelik_083
00:29:55 | INFO: Primitives created: 1
00:29:55 | INFO: Extracting primitive: M1_supurgelik_084
00:29:55 | INFO: Primitives created: 1
00:29:55 | INFO: Extracting primitive: M1_supurgelik_085
00:29:55 | INFO: Primitives created: 1
00:29:55 | INFO: Extracting primitive: M1_supurgelik_086
00:29:55 | INFO: Primitives created: 1
00:29:55 | INFO: Extracting primitive: M1_supurgelik_087
00:29:55 | INFO: Primitives created: 1
00:29:55 | INFO: Extracting primitive: M1_supurgelik_088
00:29:55 | INFO: Primitives created: 1
00:29:55 | INFO: Extracting primitive: M1_supurgelik_089
00:29:55 | INFO: Primitives created: 1
00:29:55 | INFO: Extracting primitive: M1_supurgelik_090
00:29:55 | INFO: Primitives created: 1
00:29:55 | INFO: Extracting primitive: M1_supurgelik_091
00:29:55 | INFO: Primitives created: 1
00:29:55 | INFO: Extracting primitive: M1_supurgelik_092
00:29:55 | INFO: Primitives created: 1
00:29:55 | INFO: Extracting primitive: M1_supurgelik_093
00:29:55 | INFO: Primitives created: 1
00:29:55 | INFO: Extracting primitive: M1_supurgelik_094
00:29:55 | INFO: Primitives created: 1
00:29:55 | INFO: Extracting primitive: M1_supurgelik_095
00:29:55 | INFO: Primitives created: 1
00:29:55 | INFO: Extracting primitive: M1_supurgelik_096
00:29:55 | INFO: Primitives created: 1
00:29:55 | INFO: Extracting primitive: M1_supurgelik_097
00:29:55 | INFO: Primitives created: 1
00:29:55 | INFO: Extracting primitive: M1_supurgelik_098
00:29:55 | INFO: Primitives created: 1
00:29:55 | INFO: Extracting primitive: M1_supurgelik_099
00:29:55 | INFO: Primitives created: 1
00:29:55 | INFO: Extracting primitive: M1_supurgelik_100
00:29:55 | INFO: Primitives created: 1
00:29:55 | INFO: Extracting primitive: M1_supurgelik_101
00:29:55 | INFO: Primitives created: 1
00:29:55 | INFO: Extracting primitive: M1_supurgelik_102
00:29:55 | INFO: Primitives created: 1
00:29:55 | INFO: Extracting primitive: M1_supurgelik_103
00:29:55 | INFO: Primitives created: 1
00:29:55 | INFO: Extracting primitive: M1_supurgelik_104
00:29:55 | INFO: Primitives created: 1
00:29:55 | INFO: Extracting primitive: M1_supurgelik_105
00:29:55 | INFO: Primitives created: 1
00:29:55 | INFO: Extracting primitive: M1_supurgelik_106
00:29:55 | INFO: Primitives created: 1
00:29:55 | INFO: Extracting primitive: M1_supurgelik_107
00:29:55 | INFO: Primitives created: 1
00:29:55 | INFO: Extracting primitive: M1_supurgelik_108
00:29:55 | INFO: Primitives created: 1
00:29:55 | INFO: Extracting primitive: M1_supurgelik_109
00:29:55 | INFO: Primitives created: 1
00:29:55 | INFO: Extracting primitive: M1_supurgelik_110
00:29:55 | INFO: Primitives created: 1
00:29:55 | INFO: Extracting primitive: M1_supurgelik_111
00:29:55 | INFO: Primitives created: 1
00:29:55 | INFO: Extracting primitive: M1_supurgelik_112
00:29:55 | INFO: Primitives created: 1
00:29:55 | INFO: Extracting primitive: M1_supurgelik_113
00:29:55 | INFO: Primitives created: 1
00:29:55 | INFO: Extracting primitive: M1_supurgelik_114
00:29:55 | INFO: Primitives created: 1
00:29:55 | INFO: Extracting primitive: M1_supurgelik_115
00:29:55 | INFO: Primitives created: 1
00:29:55 | INFO: Extracting primitive: M1_supurgelik_116
00:29:55 | INFO: Primitives created: 1
00:29:55 | INFO: Extracting primitive: M1_supurgelik_117
00:29:55 | INFO: Primitives created: 1
00:29:55 | INFO: Extracting primitive: M1_supurgelik_118
00:29:55 | INFO: Primitives created: 1
00:29:55 | INFO: Extracting primitive: M1_supurgelik_284
00:29:55 | INFO: Primitives created: 1
00:29:55 | INFO: Extracting primitive: M1_supurgelik_285
00:29:55 | INFO: Primitives created: 1
00:29:55 | INFO: Extracting primitive: M1_supurgelik_286
00:29:55 | INFO: Primitives created: 1
00:29:55 | INFO: Extracting primitive: M1_supurgelik_287
00:29:55 | INFO: Primitives created: 1
00:29:55 | INFO: Extracting primitive: M1_supurgelik_288
00:29:55 | INFO: Primitives created: 1
00:29:55 | INFO: Extracting primitive: M1_supurgelik_289
00:29:55 | INFO: Primitives created: 1
00:29:55 | INFO: Extracting primitive: M1_supurgelik_290
00:29:55 | INFO: Primitives created: 1
00:29:55 | INFO: Extracting primitive: M1_supurgelik_291
00:29:55 | INFO: Primitives created: 1
00:29:55 | INFO: Extracting primitive: M1_supurgelik_292
00:29:55 | INFO: Primitives created: 1
00:29:55 | INFO: Extracting primitive: M1_supurgelik_293
00:29:55 | INFO: Primitives created: 1
00:29:55 | INFO: Extracting primitive: M1_supurgelik_294
00:29:55 | INFO: Primitives created: 1
00:29:55 | INFO: Extracting primitive: M2_K0_0_basamak
00:29:55 | INFO: Primitives created: 1
00:29:55 | INFO: Extracting primitive: M2_K0_0_basamak.001
00:29:55 | INFO: Primitives created: 1
00:29:55 | INFO: Extracting primitive: M2_K0_0_basamak.002
00:29:55 | INFO: Primitives created: 1
00:29:55 | INFO: Extracting primitive: M2_K0_0_basamak.003
00:29:55 | INFO: Primitives created: 1
00:29:55 | INFO: Extracting primitive: M2_K0_0_basamak.004
00:29:55 | INFO: Primitives created: 1
00:29:55 | INFO: Extracting primitive: M2_K0_0_basamak.005
00:29:55 | INFO: Primitives created: 1
00:29:55 | INFO: Extracting primitive: M2_K0_0_basamak.006
00:29:55 | INFO: Primitives created: 1
00:29:55 | INFO: Extracting primitive: M2_K0_0_basamak.007
00:29:55 | INFO: Primitives created: 1
00:29:55 | INFO: Extracting primitive: M2_K0_0_basamak.008
00:29:55 | INFO: Primitives created: 1
00:29:55 | INFO: Extracting primitive: M2_K0_0_beyaz_altyapi
00:29:55 | INFO: Primitives created: 1
00:29:55 | INFO: Extracting primitive: M2_K0_0_riht
00:29:55 | INFO: Primitives created: 1
00:29:55 | INFO: Extracting primitive: M2_K0_0_riht.001
00:29:55 | INFO: Primitives created: 1
00:29:55 | INFO: Extracting primitive: M2_K0_0_riht.002
00:29:55 | INFO: Primitives created: 1
00:29:55 | INFO: Extracting primitive: M2_K0_0_riht.003
00:29:55 | INFO: Primitives created: 1
00:29:55 | INFO: Extracting primitive: M2_K0_0_riht.004
00:29:55 | INFO: Primitives created: 1
00:29:55 | INFO: Extracting primitive: M2_K0_0_riht.005
00:29:55 | INFO: Primitives created: 1
00:29:55 | INFO: Extracting primitive: M2_K0_0_riht.006
00:29:55 | INFO: Primitives created: 1
00:29:55 | INFO: Extracting primitive: M2_K0_0_riht.007
00:29:55 | INFO: Primitives created: 1
00:29:55 | INFO: Extracting primitive: M2_K0_0_riht.008
00:29:55 | INFO: Primitives created: 1
00:29:55 | INFO: Extracting primitive: M2_K0_1_basamak
00:29:55 | INFO: Primitives created: 1
00:29:55 | INFO: Extracting primitive: M2_K0_1_basamak.001
00:29:55 | INFO: Primitives created: 1
00:29:55 | INFO: Extracting primitive: M2_K0_1_basamak.002
00:29:55 | INFO: Primitives created: 1
00:29:55 | INFO: Extracting primitive: M2_K0_1_basamak.003
00:29:55 | INFO: Primitives created: 1
00:29:55 | INFO: Extracting primitive: M2_K0_1_basamak.004
00:29:55 | INFO: Primitives created: 1
00:29:55 | INFO: Extracting primitive: M2_K0_1_basamak.005
00:29:55 | INFO: Primitives created: 1
00:29:55 | INFO: Extracting primitive: M2_K0_1_basamak.006
00:29:55 | INFO: Primitives created: 1
00:29:55 | INFO: Extracting primitive: M2_K0_1_basamak.007
00:29:55 | INFO: Primitives created: 1
00:29:55 | INFO: Extracting primitive: M2_K0_1_basamak.008
00:29:55 | INFO: Primitives created: 1
00:29:55 | INFO: Extracting primitive: M2_K0_1_beyaz_altyapi
00:29:55 | INFO: Primitives created: 1
00:29:55 | INFO: Extracting primitive: M2_K0_1_riht
00:29:55 | INFO: Primitives created: 1
00:29:55 | INFO: Extracting primitive: M2_K0_1_riht.001
00:29:55 | INFO: Primitives created: 1
00:29:55 | INFO: Extracting primitive: M2_K0_1_riht.002
00:29:55 | INFO: Primitives created: 1
00:29:55 | INFO: Extracting primitive: M2_K0_1_riht.003
00:29:55 | INFO: Primitives created: 1
00:29:55 | INFO: Extracting primitive: M2_K0_1_riht.004
00:29:55 | INFO: Primitives created: 1
00:29:55 | INFO: Extracting primitive: M2_K0_1_riht.005
00:29:55 | INFO: Primitives created: 1
00:29:55 | INFO: Extracting primitive: M2_K0_1_riht.006
00:29:55 | INFO: Primitives created: 1
00:29:55 | INFO: Extracting primitive: M2_K0_1_riht.007
00:29:55 | INFO: Primitives created: 1
00:29:55 | INFO: Extracting primitive: M2_K0_1_riht.008
00:29:55 | INFO: Primitives created: 1
00:29:55 | INFO: Extracting primitive: M2_K0_sahanlik
00:29:55 | INFO: Primitives created: 1
00:29:55 | INFO: Extracting primitive: M2_K0_sahanlik_alti
00:29:55 | INFO: Primitives created: 1
00:29:55 | INFO: Extracting primitive: M2_K1_0_basamak
00:29:55 | INFO: Primitives created: 1
00:29:55 | INFO: Extracting primitive: M2_K1_0_basamak.001
00:29:55 | INFO: Primitives created: 1
00:29:55 | INFO: Extracting primitive: M2_K1_0_basamak.002
00:29:55 | INFO: Primitives created: 1
00:29:55 | INFO: Extracting primitive: M2_K1_0_basamak.003
00:29:55 | INFO: Primitives created: 1
00:29:55 | INFO: Extracting primitive: M2_K1_0_basamak.004
00:29:55 | INFO: Primitives created: 1
00:29:55 | INFO: Extracting primitive: M2_K1_0_basamak.005
00:29:55 | INFO: Primitives created: 1
00:29:55 | INFO: Extracting primitive: M2_K1_0_basamak.006
00:29:55 | INFO: Primitives created: 1
00:29:55 | INFO: Extracting primitive: M2_K1_0_basamak.007
00:29:55 | INFO: Primitives created: 1
00:29:55 | INFO: Extracting primitive: M2_K1_0_basamak.008
00:29:55 | INFO: Primitives created: 1
00:29:55 | INFO: Extracting primitive: M2_K1_0_basamak.009
00:29:55 | INFO: Primitives created: 1
00:29:55 | INFO: Extracting primitive: M2_K1_0_beyaz_altyapi
00:29:55 | INFO: Primitives created: 1
00:29:55 | INFO: Extracting primitive: M2_K1_0_riht
00:29:55 | INFO: Primitives created: 1
00:29:55 | INFO: Extracting primitive: M2_K1_0_riht.001
00:29:55 | INFO: Primitives created: 1
00:29:55 | INFO: Extracting primitive: M2_K1_0_riht.002
00:29:55 | INFO: Primitives created: 1
00:29:55 | INFO: Extracting primitive: M2_K1_0_riht.003
00:29:55 | INFO: Primitives created: 1
00:29:55 | INFO: Extracting primitive: M2_K1_0_riht.004
00:29:55 | INFO: Primitives created: 1
00:29:55 | INFO: Extracting primitive: M2_K1_0_riht.005
00:29:55 | INFO: Primitives created: 1
00:29:55 | INFO: Extracting primitive: M2_K1_0_riht.006
00:29:55 | INFO: Primitives created: 1
00:29:55 | INFO: Extracting primitive: M2_K1_0_riht.007
00:29:55 | INFO: Primitives created: 1
00:29:55 | INFO: Extracting primitive: M2_K1_0_riht.008
00:29:55 | INFO: Primitives created: 1
00:29:55 | INFO: Extracting primitive: M2_K1_0_riht.009
00:29:55 | INFO: Primitives created: 1
00:29:55 | INFO: Extracting primitive: M2_K1_1_basamak
00:29:55 | INFO: Primitives created: 1
00:29:55 | INFO: Extracting primitive: M2_K1_1_basamak.001
00:29:55 | INFO: Primitives created: 1
00:29:55 | INFO: Extracting primitive: M2_K1_1_basamak.002
00:29:55 | INFO: Primitives created: 1
00:29:55 | INFO: Extracting primitive: M2_K1_1_basamak.003
00:29:55 | INFO: Primitives created: 1
00:29:55 | INFO: Extracting primitive: M2_K1_1_basamak.004
00:29:55 | INFO: Primitives created: 1
00:29:55 | INFO: Extracting primitive: M2_K1_1_basamak.005
00:29:55 | INFO: Primitives created: 1
00:29:55 | INFO: Extracting primitive: M2_K1_1_basamak.006
00:29:55 | INFO: Primitives created: 1
00:29:55 | INFO: Extracting primitive: M2_K1_1_basamak.007
00:29:55 | INFO: Primitives created: 1
00:29:55 | INFO: Extracting primitive: M2_K1_1_basamak.008
00:29:55 | INFO: Primitives created: 1
00:29:55 | INFO: Extracting primitive: M2_K1_1_beyaz_altyapi
00:29:55 | INFO: Primitives created: 1
00:29:55 | INFO: Extracting primitive: M2_K1_1_riht
00:29:55 | INFO: Primitives created: 1
00:29:55 | INFO: Extracting primitive: M2_K1_1_riht.001
00:29:55 | INFO: Primitives created: 1
00:29:55 | INFO: Extracting primitive: M2_K1_1_riht.002
00:29:55 | INFO: Primitives created: 1
00:29:55 | INFO: Extracting primitive: M2_K1_1_riht.003
00:29:55 | INFO: Primitives created: 1
00:29:55 | INFO: Extracting primitive: M2_K1_1_riht.004
00:29:55 | INFO: Primitives created: 1
00:29:55 | INFO: Extracting primitive: M2_K1_1_riht.005
00:29:55 | INFO: Primitives created: 1
00:29:55 | INFO: Extracting primitive: M2_K1_1_riht.006
00:29:55 | INFO: Primitives created: 1
00:29:55 | INFO: Extracting primitive: M2_K1_1_riht.007
00:29:55 | INFO: Primitives created: 1
00:29:55 | INFO: Extracting primitive: M2_K1_1_riht.008
00:29:55 | INFO: Primitives created: 1
00:29:55 | INFO: Extracting primitive: M2_K1_sahanlik
00:29:55 | INFO: Primitives created: 1
00:29:55 | INFO: Extracting primitive: M2_K1_sahanlik_alti
00:29:55 | INFO: Primitives created: 1
00:29:55 | INFO: Extracting primitive: M3_04_esik_doseme.001
00:29:55 | INFO: Primitives created: 1
00:29:55 | INFO: Extracting primitive: M3_05_esik_doseme.001
00:29:55 | INFO: Primitives created: 1
00:29:55 | INFO: Extracting primitive: M3_06_esik_doseme.001
00:29:55 | INFO: Primitives created: 1
00:29:55 | INFO: Extracting primitive: M3_07_esik_doseme.001
00:29:55 | INFO: Primitives created: 1
00:29:55 | INFO: Extracting primitive: M3_08_esik_doseme.001
00:29:55 | INFO: Primitives created: 1
00:29:55 | INFO: Extracting primitive: M3_09_dik_profil.024
00:29:55 | INFO: Primitives created: 1
00:29:55 | INFO: Extracting primitive: M3_09_dik_profil.025
00:29:55 | INFO: Primitives created: 1
00:29:55 | INFO: Extracting primitive: M3_09_dik_profil.026
00:29:55 | INFO: Primitives created: 1
00:29:55 | INFO: Extracting primitive: M3_09_dik_profil.027
00:29:55 | INFO: Primitives created: 1
00:29:55 | INFO: Extracting primitive: M3_09_dik_profil.028
00:29:55 | INFO: Primitives created: 1
00:29:55 | INFO: Extracting primitive: M3_09_dik_profil.029
00:29:55 | INFO: Primitives created: 1
00:29:55 | INFO: Extracting primitive: M3_09_dik_profil.030
00:29:55 | INFO: Primitives created: 1
00:29:55 | INFO: Extracting primitive: M3_09_dik_profil.031
00:29:55 | INFO: Primitives created: 1
00:29:55 | INFO: Extracting primitive: M3_09_dik_profil.032
00:29:55 | INFO: Primitives created: 1
00:29:55 | INFO: Extracting primitive: M3_09_dik_profil.033
00:29:55 | INFO: Primitives created: 1
00:29:55 | INFO: Extracting primitive: M3_09_dik_profil.034
00:29:55 | INFO: Primitives created: 1
00:29:55 | INFO: Extracting primitive: M3_09_dik_profil.035
00:29:55 | INFO: Primitives created: 1
00:29:55 | INFO: Extracting primitive: M3_09_dik_profil.036
00:29:55 | INFO: Primitives created: 1
00:29:55 | INFO: Extracting primitive: M3_09_dik_profil.037
00:29:55 | INFO: Primitives created: 1
00:29:55 | INFO: Extracting primitive: M3_09_dik_profil.038
00:29:55 | INFO: Primitives created: 1
00:29:55 | INFO: Extracting primitive: M3_09_dik_profil.039
00:29:55 | INFO: Primitives created: 1
00:29:55 | INFO: Extracting primitive: M3_09_dik_profil.040
00:29:55 | INFO: Primitives created: 1
00:29:55 | INFO: Extracting primitive: M3_09_dik_profil.041
00:29:55 | INFO: Primitives created: 1
00:29:55 | INFO: Extracting primitive: M3_09_dik_profil.042
00:29:55 | INFO: Primitives created: 1
00:29:55 | INFO: Extracting primitive: M3_09_dik_profil.043
00:29:55 | INFO: Primitives created: 1
00:29:55 | INFO: Extracting primitive: M3_09_dik_profil.044
00:29:55 | INFO: Primitives created: 1
00:29:55 | INFO: Extracting primitive: M3_09_dik_profil.045
00:29:55 | INFO: Primitives created: 1
00:29:55 | INFO: Extracting primitive: M3_09_dik_profil.046
00:29:55 | INFO: Primitives created: 1
00:29:55 | INFO: Extracting primitive: M3_09_dik_profil.047
00:29:55 | INFO: Primitives created: 1
00:29:55 | INFO: Extracting primitive: M3_09_esik_doseme.001
00:29:55 | INFO: Primitives created: 1
00:29:55 | INFO: Extracting primitive: M3_09_gobek.012
00:29:56 | INFO: Primitives created: 1
00:29:56 | INFO: Extracting primitive: M3_09_gobek.013
00:29:56 | INFO: Primitives created: 1
00:29:56 | INFO: Extracting primitive: M3_09_gobek.014
00:29:56 | INFO: Primitives created: 1
00:29:56 | INFO: Extracting primitive: M3_09_gobek.015
00:29:56 | INFO: Primitives created: 1
00:29:56 | INFO: Extracting primitive: M3_09_gobek.016
00:29:56 | INFO: Primitives created: 1
00:29:56 | INFO: Extracting primitive: M3_09_gobek.017
00:29:56 | INFO: Primitives created: 1
00:29:56 | INFO: Extracting primitive: M3_09_gobek.018
00:29:56 | INFO: Primitives created: 1
00:29:56 | INFO: Extracting primitive: M3_09_gobek.019
00:29:56 | INFO: Primitives created: 1
00:29:56 | INFO: Extracting primitive: M3_09_gobek.020
00:29:56 | INFO: Primitives created: 1
00:29:56 | INFO: Extracting primitive: M3_09_gobek.021
00:29:56 | INFO: Primitives created: 1
00:29:56 | INFO: Extracting primitive: M3_09_gobek.022
00:29:56 | INFO: Primitives created: 1
00:29:56 | INFO: Extracting primitive: M3_09_gobek.023
00:29:56 | INFO: Primitives created: 1
00:29:56 | INFO: Extracting primitive: M3_09_kanat.001
00:29:56 | INFO: Primitives created: 1
00:29:56 | INFO: Extracting primitive: M3_09_kasa.002
00:29:56 | INFO: Primitives created: 1
00:29:56 | INFO: Extracting primitive: M3_09_kasa.003
00:29:56 | INFO: Primitives created: 1
00:29:56 | INFO: Extracting primitive: M3_09_mentese
00:29:56 | INFO: Primitives created: 1
00:29:56 | INFO: Extracting primitive: M3_09_mentese.001
00:29:56 | INFO: Primitives created: 1
00:29:56 | INFO: Extracting primitive: M3_09_mentese.002
00:29:56 | INFO: Primitives created: 1
00:29:56 | INFO: Extracting primitive: M3_09_pervaz.004
00:29:56 | INFO: Primitives created: 1
00:29:56 | INFO: Extracting primitive: M3_09_pervaz.005
00:29:56 | INFO: Primitives created: 1
00:29:56 | INFO: Extracting primitive: M3_09_pervaz.006
00:29:56 | INFO: Primitives created: 1
00:29:56 | INFO: Extracting primitive: M3_09_pervaz.007
00:29:56 | INFO: Primitives created: 1
00:29:56 | INFO: Extracting primitive: Sphere.021
00:29:56 | INFO: Primitives created: 1
00:29:56 | INFO: Extracting primitive: Sphere.022
00:29:56 | INFO: Primitives created: 1
00:29:56 | INFO: Extracting primitive: M3_09_topuz_mili
00:29:56 | INFO: Primitives created: 1
00:29:56 | INFO: Extracting primitive: M3_09_topuz_mili.001
00:29:56 | INFO: Primitives created: 1
00:29:56 | INFO: Extracting primitive: M3_09_ust_kasa.001
00:29:56 | INFO: Primitives created: 1
00:29:56 | INFO: Extracting primitive: M3_09_ust_pervaz.002
00:29:56 | INFO: Primitives created: 1
00:29:56 | INFO: Extracting primitive: M3_09_ust_pervaz.003
00:29:56 | INFO: Primitives created: 1
00:29:56 | INFO: Extracting primitive: M3_09_yatay_profil.024
00:29:56 | INFO: Primitives created: 1
00:29:56 | INFO: Extracting primitive: M3_09_yatay_profil.025
00:29:56 | INFO: Primitives created: 1
00:29:56 | INFO: Extracting primitive: M3_09_yatay_profil.026
00:29:56 | INFO: Primitives created: 1
00:29:56 | INFO: Extracting primitive: M3_09_yatay_profil.027
00:29:56 | INFO: Primitives created: 1
00:29:56 | INFO: Extracting primitive: M3_09_yatay_profil.028
00:29:56 | INFO: Primitives created: 1
00:29:56 | INFO: Extracting primitive: M3_09_yatay_profil.029
00:29:56 | INFO: Primitives created: 1
00:29:56 | INFO: Extracting primitive: M3_09_yatay_profil.030
00:29:56 | INFO: Primitives created: 1
00:29:56 | INFO: Extracting primitive: M3_09_yatay_profil.031
00:29:56 | INFO: Primitives created: 1
00:29:56 | INFO: Extracting primitive: M3_09_yatay_profil.032
00:29:56 | INFO: Primitives created: 1
00:29:56 | INFO: Extracting primitive: M3_09_yatay_profil.033
00:29:56 | INFO: Primitives created: 1
00:29:56 | INFO: Extracting primitive: M3_09_yatay_profil.034
00:29:56 | INFO: Primitives created: 1
00:29:56 | INFO: Extracting primitive: M3_09_yatay_profil.035
00:29:56 | INFO: Primitives created: 1
00:29:56 | INFO: Extracting primitive: M3_09_yatay_profil.036
00:29:56 | INFO: Primitives created: 1
00:29:56 | INFO: Extracting primitive: M3_09_yatay_profil.037
00:29:56 | INFO: Primitives created: 1
00:29:56 | INFO: Extracting primitive: M3_09_yatay_profil.038
00:29:56 | INFO: Primitives created: 1
00:29:56 | INFO: Extracting primitive: M3_09_yatay_profil.039
00:29:56 | INFO: Primitives created: 1
00:29:56 | INFO: Extracting primitive: M3_09_yatay_profil.040
00:29:56 | INFO: Primitives created: 1
00:29:56 | INFO: Extracting primitive: M3_09_yatay_profil.041
00:29:56 | INFO: Primitives created: 1
00:29:56 | INFO: Extracting primitive: M3_09_yatay_profil.042
00:29:56 | INFO: Primitives created: 1
00:29:56 | INFO: Extracting primitive: M3_09_yatay_profil.043
00:29:56 | INFO: Primitives created: 1
00:29:56 | INFO: Extracting primitive: M3_09_yatay_profil.044
00:29:56 | INFO: Primitives created: 1
00:29:56 | INFO: Extracting primitive: M3_09_yatay_profil.045
00:29:56 | INFO: Primitives created: 1
00:29:56 | INFO: Extracting primitive: M3_09_yatay_profil.046
00:29:56 | INFO: Primitives created: 1
00:29:56 | INFO: Extracting primitive: M3_09_yatay_profil.047
00:29:56 | INFO: Primitives created: 1
00:29:56 | INFO: Extracting primitive: M3_10_dik_profil.024
00:29:56 | INFO: Primitives created: 1
00:29:56 | INFO: Extracting primitive: M3_10_dik_profil.025
00:29:56 | INFO: Primitives created: 1
00:29:56 | INFO: Extracting primitive: M3_10_dik_profil.026
00:29:56 | INFO: Primitives created: 1
00:29:56 | INFO: Extracting primitive: M3_10_dik_profil.027
00:29:56 | INFO: Primitives created: 1
00:29:56 | INFO: Extracting primitive: M3_10_dik_profil.028
00:29:56 | INFO: Primitives created: 1
00:29:56 | INFO: Extracting primitive: M3_10_dik_profil.029
00:29:56 | INFO: Primitives created: 1
00:29:56 | INFO: Extracting primitive: M3_10_dik_profil.030
00:29:56 | INFO: Primitives created: 1
00:29:56 | INFO: Extracting primitive: M3_10_dik_profil.031
00:29:56 | INFO: Primitives created: 1
00:29:56 | INFO: Extracting primitive: M3_10_dik_profil.032
00:29:56 | INFO: Primitives created: 1
00:29:56 | INFO: Extracting primitive: M3_10_dik_profil.033
00:29:56 | INFO: Primitives created: 1
00:29:56 | INFO: Extracting primitive: M3_10_dik_profil.034
00:29:56 | INFO: Primitives created: 1
00:29:56 | INFO: Extracting primitive: M3_10_dik_profil.035
00:29:56 | INFO: Primitives created: 1
00:29:56 | INFO: Extracting primitive: M3_10_dik_profil.036
00:29:56 | INFO: Primitives created: 1
00:29:56 | INFO: Extracting primitive: M3_10_dik_profil.037
00:29:56 | INFO: Primitives created: 1
00:29:56 | INFO: Extracting primitive: M3_10_dik_profil.038
00:29:56 | INFO: Primitives created: 1
00:29:56 | INFO: Extracting primitive: M3_10_dik_profil.039
00:29:56 | INFO: Primitives created: 1
00:29:56 | INFO: Extracting primitive: M3_10_dik_profil.040
00:29:56 | INFO: Primitives created: 1
00:29:56 | INFO: Extracting primitive: M3_10_dik_profil.041
00:29:56 | INFO: Primitives created: 1
00:29:56 | INFO: Extracting primitive: M3_10_dik_profil.042
00:29:56 | INFO: Primitives created: 1
00:29:56 | INFO: Extracting primitive: M3_10_dik_profil.043
00:29:56 | INFO: Primitives created: 1
00:29:56 | INFO: Extracting primitive: M3_10_dik_profil.044
00:29:56 | INFO: Primitives created: 1
00:29:56 | INFO: Extracting primitive: M3_10_dik_profil.045
00:29:56 | INFO: Primitives created: 1
00:29:56 | INFO: Extracting primitive: M3_10_dik_profil.046
00:29:56 | INFO: Primitives created: 1
00:29:56 | INFO: Extracting primitive: M3_10_dik_profil.047
00:29:56 | INFO: Primitives created: 1
00:29:56 | INFO: Extracting primitive: M3_10_doseme_boslugu.001
00:29:56 | INFO: Primitives created: 1
00:29:56 | INFO: Extracting primitive: M3_10_esik_doseme.001
00:29:56 | INFO: Primitives created: 1
00:29:56 | INFO: Extracting primitive: M3_10_gobek.012
00:29:56 | INFO: Primitives created: 1
00:29:56 | INFO: Extracting primitive: M3_10_gobek.013
00:29:56 | INFO: Primitives created: 1
00:29:56 | INFO: Extracting primitive: M3_10_gobek.014
00:29:56 | INFO: Primitives created: 1
00:29:56 | INFO: Extracting primitive: M3_10_gobek.015
00:29:56 | INFO: Primitives created: 1
00:29:56 | INFO: Extracting primitive: M3_10_gobek.016
00:29:56 | INFO: Primitives created: 1
00:29:56 | INFO: Extracting primitive: M3_10_gobek.017
00:29:56 | INFO: Primitives created: 1
00:29:56 | INFO: Extracting primitive: M3_10_gobek.018
00:29:56 | INFO: Primitives created: 1
00:29:56 | INFO: Extracting primitive: M3_10_gobek.019
00:29:56 | INFO: Primitives created: 1
00:29:56 | INFO: Extracting primitive: M3_10_gobek.020
00:29:56 | INFO: Primitives created: 1
00:29:56 | INFO: Extracting primitive: M3_10_gobek.021
00:29:56 | INFO: Primitives created: 1
00:29:56 | INFO: Extracting primitive: M3_10_gobek.022
00:29:56 | INFO: Primitives created: 1
00:29:56 | INFO: Extracting primitive: M3_10_gobek.023
00:29:56 | INFO: Primitives created: 1
00:29:56 | INFO: Extracting primitive: M3_10_kanat.001
00:29:56 | INFO: Primitives created: 1
00:29:56 | INFO: Extracting primitive: M3_10_kasa.002
00:29:56 | INFO: Primitives created: 1
00:29:56 | INFO: Extracting primitive: M3_10_kasa.003
00:29:56 | INFO: Primitives created: 1
00:29:56 | INFO: Extracting primitive: M3_10_mentese
00:29:56 | INFO: Primitives created: 1
00:29:56 | INFO: Extracting primitive: M3_10_mentese.001
00:29:56 | INFO: Primitives created: 1
00:29:56 | INFO: Extracting primitive: M3_10_mentese.002
00:29:56 | INFO: Primitives created: 1
00:29:56 | INFO: Extracting primitive: M3_10_pervaz.004
00:29:56 | INFO: Primitives created: 1
00:29:56 | INFO: Extracting primitive: M3_10_pervaz.005
00:29:56 | INFO: Primitives created: 1
00:29:56 | INFO: Extracting primitive: M3_10_pervaz.006
00:29:56 | INFO: Primitives created: 1
00:29:56 | INFO: Extracting primitive: M3_10_pervaz.007
00:29:56 | INFO: Primitives created: 1
00:29:56 | INFO: Extracting primitive: Sphere.023
00:29:56 | INFO: Primitives created: 1
00:29:56 | INFO: Extracting primitive: Sphere.024
00:29:56 | INFO: Primitives created: 1
00:29:56 | INFO: Extracting primitive: M3_10_topuz_mili
00:29:56 | INFO: Primitives created: 1
00:29:56 | INFO: Extracting primitive: M3_10_topuz_mili.001
00:29:56 | INFO: Primitives created: 1
00:29:56 | INFO: Extracting primitive: M3_10_ust_kasa.001
00:29:56 | INFO: Primitives created: 1
00:29:56 | INFO: Extracting primitive: M3_10_ust_pervaz.002
00:29:56 | INFO: Primitives created: 1
00:29:56 | INFO: Extracting primitive: M3_10_ust_pervaz.003
00:29:56 | INFO: Primitives created: 1
00:29:56 | INFO: Extracting primitive: M3_10_yatay_profil.024
00:29:56 | INFO: Primitives created: 1
00:29:56 | INFO: Extracting primitive: M3_10_yatay_profil.025
00:29:56 | INFO: Primitives created: 1
00:29:56 | INFO: Extracting primitive: M3_10_yatay_profil.026
00:29:56 | INFO: Primitives created: 1
00:29:56 | INFO: Extracting primitive: M3_10_yatay_profil.027
00:29:56 | INFO: Primitives created: 1
00:29:56 | INFO: Extracting primitive: M3_10_yatay_profil.028
00:29:56 | INFO: Primitives created: 1
00:29:56 | INFO: Extracting primitive: M3_10_yatay_profil.029
00:29:56 | INFO: Primitives created: 1
00:29:56 | INFO: Extracting primitive: M3_10_yatay_profil.030
00:29:56 | INFO: Primitives created: 1
00:29:56 | INFO: Extracting primitive: M3_10_yatay_profil.031
00:29:56 | INFO: Primitives created: 1
00:29:56 | INFO: Extracting primitive: M3_10_yatay_profil.032
00:29:56 | INFO: Primitives created: 1
00:29:56 | INFO: Extracting primitive: M3_10_yatay_profil.033
00:29:56 | INFO: Primitives created: 1
00:29:56 | INFO: Extracting primitive: M3_10_yatay_profil.034
00:29:56 | INFO: Primitives created: 1
00:29:56 | INFO: Extracting primitive: M3_10_yatay_profil.035
00:29:56 | INFO: Primitives created: 1
00:29:56 | INFO: Extracting primitive: M3_10_yatay_profil.036
00:29:56 | INFO: Primitives created: 1
00:29:56 | INFO: Extracting primitive: M3_10_yatay_profil.037
00:29:56 | INFO: Primitives created: 1
00:29:56 | INFO: Extracting primitive: M3_10_yatay_profil.038
00:29:56 | INFO: Primitives created: 1
00:29:56 | INFO: Extracting primitive: M3_10_yatay_profil.039
00:29:56 | INFO: Primitives created: 1
00:29:56 | INFO: Extracting primitive: M3_10_yatay_profil.040
00:29:56 | INFO: Primitives created: 1
00:29:56 | INFO: Extracting primitive: M3_10_yatay_profil.041
00:29:56 | INFO: Primitives created: 1
00:29:56 | INFO: Extracting primitive: M3_10_yatay_profil.042
00:29:56 | INFO: Primitives created: 1
00:29:56 | INFO: Extracting primitive: M3_10_yatay_profil.043
00:29:56 | INFO: Primitives created: 1
00:29:56 | INFO: Extracting primitive: M3_10_yatay_profil.044
00:29:56 | INFO: Primitives created: 1
00:29:56 | INFO: Extracting primitive: M3_10_yatay_profil.045
00:29:56 | INFO: Primitives created: 1
00:29:56 | INFO: Extracting primitive: M3_10_yatay_profil.046
00:29:56 | INFO: Primitives created: 1
00:29:56 | INFO: Extracting primitive: M3_10_yatay_profil.047
00:29:56 | INFO: Primitives created: 1
00:29:56 | INFO: Extracting primitive: M3_11_esik_doseme.001
00:29:56 | INFO: Primitives created: 1
00:29:56 | INFO: Extracting primitive: M3_11_kanat.001
00:29:56 | INFO: Primitives created: 1
00:29:56 | INFO: Extracting primitive: M3_11_kasa.002
00:29:56 | INFO: Primitives created: 1
00:29:56 | INFO: Extracting primitive: M3_11_kasa.003
00:29:56 | INFO: Primitives created: 1
00:29:56 | INFO: Extracting primitive: M3_11_kulp
00:29:56 | INFO: Primitives created: 1
00:29:56 | INFO: Extracting primitive: M3_11_kulp.001
00:29:56 | INFO: Primitives created: 1
00:29:56 | INFO: Extracting primitive: M3_11_mentese
00:29:56 | INFO: Primitives created: 1
00:29:56 | INFO: Extracting primitive: M3_11_mentese.001
00:29:56 | INFO: Primitives created: 1
00:29:56 | INFO: Extracting primitive: M3_11_mentese.002
00:29:56 | INFO: Primitives created: 1
00:29:56 | INFO: Extracting primitive: M3_11_pervaz.004
00:29:56 | INFO: Primitives created: 1
00:29:56 | INFO: Extracting primitive: M3_11_pervaz.005
00:29:56 | INFO: Primitives created: 1
00:29:56 | INFO: Extracting primitive: M3_11_pervaz.006
00:29:56 | INFO: Primitives created: 1
00:29:56 | INFO: Extracting primitive: M3_11_pervaz.007
00:29:56 | INFO: Primitives created: 1
00:29:56 | INFO: Extracting primitive: M3_11_ust_kasa.001
00:29:56 | INFO: Primitives created: 1
00:29:56 | INFO: Extracting primitive: M3_11_ust_pervaz.002
00:29:56 | INFO: Primitives created: 1
00:29:56 | INFO: Extracting primitive: M3_11_ust_pervaz.003
00:29:56 | INFO: Primitives created: 1
00:29:56 | INFO: Extracting primitive: M3_12_dik_profil.024
00:29:56 | INFO: Primitives created: 1
00:29:56 | INFO: Extracting primitive: M3_12_dik_profil.025
00:29:56 | INFO: Primitives created: 1
00:29:56 | INFO: Extracting primitive: M3_12_dik_profil.026
00:29:56 | INFO: Primitives created: 1
00:29:56 | INFO: Extracting primitive: M3_12_dik_profil.027
00:29:56 | INFO: Primitives created: 1
00:29:56 | INFO: Extracting primitive: M3_12_dik_profil.028
00:29:56 | INFO: Primitives created: 1
00:29:56 | INFO: Extracting primitive: M3_12_dik_profil.029
00:29:56 | INFO: Primitives created: 1
00:29:56 | INFO: Extracting primitive: M3_12_dik_profil.030
00:29:56 | INFO: Primitives created: 1
00:29:56 | INFO: Extracting primitive: M3_12_dik_profil.031
00:29:56 | INFO: Primitives created: 1
00:29:56 | INFO: Extracting primitive: M3_12_dik_profil.032
00:29:56 | INFO: Primitives created: 1
00:29:56 | INFO: Extracting primitive: M3_12_dik_profil.033
00:29:56 | INFO: Primitives created: 1
00:29:56 | INFO: Extracting primitive: M3_12_dik_profil.034
00:29:56 | INFO: Primitives created: 1
00:29:56 | INFO: Extracting primitive: M3_12_dik_profil.035
00:29:56 | INFO: Primitives created: 1
00:29:56 | INFO: Extracting primitive: M3_12_dik_profil.036
00:29:56 | INFO: Primitives created: 1
00:29:56 | INFO: Extracting primitive: M3_12_dik_profil.037
00:29:56 | INFO: Primitives created: 1
00:29:56 | INFO: Extracting primitive: M3_12_dik_profil.038
00:29:56 | INFO: Primitives created: 1
00:29:56 | INFO: Extracting primitive: M3_12_dik_profil.039
00:29:56 | INFO: Primitives created: 1
00:29:56 | INFO: Extracting primitive: M3_12_dik_profil.040
00:29:56 | INFO: Primitives created: 1
00:29:56 | INFO: Extracting primitive: M3_12_dik_profil.041
00:29:56 | INFO: Primitives created: 1
00:29:56 | INFO: Extracting primitive: M3_12_dik_profil.042
00:29:56 | INFO: Primitives created: 1
00:29:56 | INFO: Extracting primitive: M3_12_dik_profil.043
00:29:56 | INFO: Primitives created: 1
00:29:56 | INFO: Extracting primitive: M3_12_dik_profil.044
00:29:56 | INFO: Primitives created: 1
00:29:56 | INFO: Extracting primitive: M3_12_dik_profil.045
00:29:56 | INFO: Primitives created: 1
00:29:56 | INFO: Extracting primitive: M3_12_dik_profil.046
00:29:56 | INFO: Primitives created: 1
00:29:56 | INFO: Extracting primitive: M3_12_dik_profil.047
00:29:56 | INFO: Primitives created: 1
00:29:56 | INFO: Extracting primitive: M3_12_esik_doseme.001
00:29:56 | INFO: Primitives created: 1
00:29:56 | INFO: Extracting primitive: M3_12_gobek.012
00:29:56 | INFO: Primitives created: 1
00:29:56 | INFO: Extracting primitive: M3_12_gobek.013
00:29:56 | INFO: Primitives created: 1
00:29:56 | INFO: Extracting primitive: M3_12_gobek.014
00:29:56 | INFO: Primitives created: 1
00:29:56 | INFO: Extracting primitive: M3_12_gobek.015
00:29:56 | INFO: Primitives created: 1
00:29:56 | INFO: Extracting primitive: M3_12_gobek.016
00:29:56 | INFO: Primitives created: 1
00:29:56 | INFO: Extracting primitive: M3_12_gobek.017
00:29:56 | INFO: Primitives created: 1
00:29:56 | INFO: Extracting primitive: M3_12_gobek.018
00:29:56 | INFO: Primitives created: 1
00:29:56 | INFO: Extracting primitive: M3_12_gobek.019
00:29:56 | INFO: Primitives created: 1
00:29:56 | INFO: Extracting primitive: M3_12_gobek.020
00:29:56 | INFO: Primitives created: 1
00:29:56 | INFO: Extracting primitive: M3_12_gobek.021
00:29:56 | INFO: Primitives created: 1
00:29:56 | INFO: Extracting primitive: M3_12_gobek.022
00:29:56 | INFO: Primitives created: 1
00:29:56 | INFO: Extracting primitive: M3_12_gobek.023
00:29:56 | INFO: Primitives created: 1
00:29:56 | INFO: Extracting primitive: M3_12_kanat.001
00:29:56 | INFO: Primitives created: 1
00:29:56 | INFO: Extracting primitive: M3_12_kasa.002
00:29:56 | INFO: Primitives created: 1
00:29:56 | INFO: Extracting primitive: M3_12_kasa.003
00:29:56 | INFO: Primitives created: 1
00:29:56 | INFO: Extracting primitive: M3_12_mentese
00:29:56 | INFO: Primitives created: 1
00:29:56 | INFO: Extracting primitive: M3_12_mentese.001
00:29:56 | INFO: Primitives created: 1
00:29:56 | INFO: Extracting primitive: M3_12_mentese.002
00:29:56 | INFO: Primitives created: 1
00:29:56 | INFO: Extracting primitive: M3_12_pervaz.004
00:29:56 | INFO: Primitives created: 1
00:29:56 | INFO: Extracting primitive: M3_12_pervaz.005
00:29:56 | INFO: Primitives created: 1
00:29:56 | INFO: Extracting primitive: M3_12_pervaz.006
00:29:56 | INFO: Primitives created: 1
00:29:56 | INFO: Extracting primitive: M3_12_pervaz.007
00:29:56 | INFO: Primitives created: 1
00:29:56 | INFO: Extracting primitive: Sphere.025
00:29:56 | INFO: Primitives created: 1
00:29:56 | INFO: Extracting primitive: Sphere.026
00:29:56 | INFO: Primitives created: 1
00:29:56 | INFO: Extracting primitive: M3_12_topuz_mili
00:29:56 | INFO: Primitives created: 1
00:29:56 | INFO: Extracting primitive: M3_12_topuz_mili.001
00:29:56 | INFO: Primitives created: 1
00:29:56 | INFO: Extracting primitive: M3_12_ust_kasa.001
00:29:56 | INFO: Primitives created: 1
00:29:56 | INFO: Extracting primitive: M3_12_ust_pervaz.002
00:29:56 | INFO: Primitives created: 1
00:29:56 | INFO: Extracting primitive: M3_12_ust_pervaz.003
00:29:56 | INFO: Primitives created: 1
00:29:56 | INFO: Extracting primitive: M3_12_yatay_profil.024
00:29:56 | INFO: Primitives created: 1
00:29:56 | INFO: Extracting primitive: M3_12_yatay_profil.025
00:29:56 | INFO: Primitives created: 1
00:29:56 | INFO: Extracting primitive: M3_12_yatay_profil.026
00:29:56 | INFO: Primitives created: 1
00:29:56 | INFO: Extracting primitive: M3_12_yatay_profil.027
00:29:56 | INFO: Primitives created: 1
00:29:56 | INFO: Extracting primitive: M3_12_yatay_profil.028
00:29:56 | INFO: Primitives created: 1
00:29:56 | INFO: Extracting primitive: M3_12_yatay_profil.029
00:29:56 | INFO: Primitives created: 1
00:29:56 | INFO: Extracting primitive: M3_12_yatay_profil.030
00:29:56 | INFO: Primitives created: 1
00:29:56 | INFO: Extracting primitive: M3_12_yatay_profil.031
00:29:56 | INFO: Primitives created: 1
00:29:56 | INFO: Extracting primitive: M3_12_yatay_profil.032
00:29:56 | INFO: Primitives created: 1
00:29:56 | INFO: Extracting primitive: M3_12_yatay_profil.033
00:29:56 | INFO: Primitives created: 1
00:29:56 | INFO: Extracting primitive: M3_12_yatay_profil.034
00:29:56 | INFO: Primitives created: 1
00:29:56 | INFO: Extracting primitive: M3_12_yatay_profil.035
00:29:56 | INFO: Primitives created: 1
00:29:56 | INFO: Extracting primitive: M3_12_yatay_profil.036
00:29:56 | INFO: Primitives created: 1
00:29:56 | INFO: Extracting primitive: M3_12_yatay_profil.037
00:29:56 | INFO: Primitives created: 1
00:29:56 | INFO: Extracting primitive: M3_12_yatay_profil.038
00:29:56 | INFO: Primitives created: 1
00:29:56 | INFO: Extracting primitive: M3_12_yatay_profil.039
00:29:56 | INFO: Primitives created: 1
00:29:56 | INFO: Extracting primitive: M3_12_yatay_profil.040
00:29:56 | INFO: Primitives created: 1
00:29:56 | INFO: Extracting primitive: M3_12_yatay_profil.041
00:29:56 | INFO: Primitives created: 1
00:29:56 | INFO: Extracting primitive: M3_12_yatay_profil.042
00:29:56 | INFO: Primitives created: 1
00:29:56 | INFO: Extracting primitive: M3_12_yatay_profil.043
00:29:56 | INFO: Primitives created: 1
00:29:56 | INFO: Extracting primitive: M3_12_yatay_profil.044
00:29:56 | INFO: Primitives created: 1
00:29:56 | INFO: Extracting primitive: M3_12_yatay_profil.045
00:29:56 | INFO: Primitives created: 1
00:29:56 | INFO: Extracting primitive: M3_12_yatay_profil.046
00:29:56 | INFO: Primitives created: 1
00:29:56 | INFO: Extracting primitive: M3_12_yatay_profil.047
00:29:56 | INFO: Primitives created: 1
00:29:56 | INFO: Extracting primitive: M3_13_dik_profil.024
00:29:56 | INFO: Primitives created: 1
00:29:56 | INFO: Extracting primitive: M3_13_dik_profil.025
00:29:56 | INFO: Primitives created: 1
00:29:56 | INFO: Extracting primitive: M3_13_dik_profil.026
00:29:56 | INFO: Primitives created: 1
00:29:56 | INFO: Extracting primitive: M3_13_dik_profil.027
00:29:56 | INFO: Primitives created: 1
00:29:56 | INFO: Extracting primitive: M3_13_dik_profil.028
00:29:56 | INFO: Primitives created: 1
00:29:56 | INFO: Extracting primitive: M3_13_dik_profil.029
00:29:56 | INFO: Primitives created: 1
00:29:56 | INFO: Extracting primitive: M3_13_dik_profil.030
00:29:56 | INFO: Primitives created: 1
00:29:56 | INFO: Extracting primitive: M3_13_dik_profil.031
00:29:56 | INFO: Primitives created: 1
00:29:56 | INFO: Extracting primitive: M3_13_dik_profil.032
00:29:56 | INFO: Primitives created: 1
00:29:56 | INFO: Extracting primitive: M3_13_dik_profil.033
00:29:56 | INFO: Primitives created: 1
00:29:56 | INFO: Extracting primitive: M3_13_dik_profil.034
00:29:56 | INFO: Primitives created: 1
00:29:56 | INFO: Extracting primitive: M3_13_dik_profil.035
00:29:56 | INFO: Primitives created: 1
00:29:56 | INFO: Extracting primitive: M3_13_dik_profil.036
00:29:56 | INFO: Primitives created: 1
00:29:56 | INFO: Extracting primitive: M3_13_dik_profil.037
00:29:56 | INFO: Primitives created: 1
00:29:56 | INFO: Extracting primitive: M3_13_dik_profil.038
00:29:56 | INFO: Primitives created: 1
00:29:56 | INFO: Extracting primitive: M3_13_dik_profil.039
00:29:56 | INFO: Primitives created: 1
00:29:56 | INFO: Extracting primitive: M3_13_dik_profil.040
00:29:56 | INFO: Primitives created: 1
00:29:56 | INFO: Extracting primitive: M3_13_dik_profil.041
00:29:56 | INFO: Primitives created: 1
00:29:56 | INFO: Extracting primitive: M3_13_dik_profil.042
00:29:56 | INFO: Primitives created: 1
00:29:56 | INFO: Extracting primitive: M3_13_dik_profil.043
00:29:56 | INFO: Primitives created: 1
00:29:56 | INFO: Extracting primitive: M3_13_dik_profil.044
00:29:56 | INFO: Primitives created: 1
00:29:56 | INFO: Extracting primitive: M3_13_dik_profil.045
00:29:56 | INFO: Primitives created: 1
00:29:56 | INFO: Extracting primitive: M3_13_dik_profil.046
00:29:56 | INFO: Primitives created: 1
00:29:56 | INFO: Extracting primitive: M3_13_dik_profil.047
00:29:56 | INFO: Primitives created: 1
00:29:56 | INFO: Extracting primitive: M3_13_esik_doseme.001
00:29:56 | INFO: Primitives created: 1
00:29:56 | INFO: Extracting primitive: M3_13_gobek.012
00:29:56 | INFO: Primitives created: 1
00:29:56 | INFO: Extracting primitive: M3_13_gobek.013
00:29:56 | INFO: Primitives created: 1
00:29:56 | INFO: Extracting primitive: M3_13_gobek.014
00:29:56 | INFO: Primitives created: 1
00:29:56 | INFO: Extracting primitive: M3_13_gobek.015
00:29:56 | INFO: Primitives created: 1
00:29:56 | INFO: Extracting primitive: M3_13_gobek.016
00:29:56 | INFO: Primitives created: 1
00:29:56 | INFO: Extracting primitive: M3_13_gobek.017
00:29:56 | INFO: Primitives created: 1
00:29:56 | INFO: Extracting primitive: M3_13_gobek.018
00:29:56 | INFO: Primitives created: 1
00:29:56 | INFO: Extracting primitive: M3_13_gobek.019
00:29:56 | INFO: Primitives created: 1
00:29:56 | INFO: Extracting primitive: M3_13_gobek.020
00:29:56 | INFO: Primitives created: 1
00:29:56 | INFO: Extracting primitive: M3_13_gobek.021
00:29:56 | INFO: Primitives created: 1
00:29:56 | INFO: Extracting primitive: M3_13_gobek.022
00:29:56 | INFO: Primitives created: 1
00:29:56 | INFO: Extracting primitive: M3_13_gobek.023
00:29:56 | INFO: Primitives created: 1
00:29:56 | INFO: Extracting primitive: M3_13_kanat.001
00:29:56 | INFO: Primitives created: 1
00:29:56 | INFO: Extracting primitive: M3_13_kasa.002
00:29:56 | INFO: Primitives created: 1
00:29:56 | INFO: Extracting primitive: M3_13_kasa.003
00:29:56 | INFO: Primitives created: 1
00:29:56 | INFO: Extracting primitive: M3_13_kasa_bini
00:29:56 | INFO: Primitives created: 1
00:29:56 | INFO: Extracting primitive: M3_13_kasa_bini.001
00:29:56 | INFO: Primitives created: 1
00:29:56 | INFO: Extracting primitive: M3_13_kulp.002
00:29:56 | INFO: Primitives created: 1
00:29:56 | INFO: Extracting primitive: M3_13_kulp.003
00:29:56 | INFO: Primitives created: 1
00:29:56 | INFO: Extracting primitive: M3_13_mentese.003
00:29:56 | INFO: Primitives created: 1
00:29:56 | INFO: Extracting primitive: M3_13_mentese.004
00:29:56 | INFO: Primitives created: 1
00:29:56 | INFO: Extracting primitive: M3_13_mentese.005
00:29:56 | INFO: Primitives created: 1
00:29:56 | INFO: Extracting primitive: M3_13_pervaz.004
00:29:56 | INFO: Primitives created: 1
00:29:56 | INFO: Extracting primitive: M3_13_pervaz.005
00:29:56 | INFO: Primitives created: 1
00:29:56 | INFO: Extracting primitive: M3_13_pervaz.006
00:29:56 | INFO: Primitives created: 1
00:29:56 | INFO: Extracting primitive: M3_13_pervaz.007
00:29:56 | INFO: Primitives created: 1
00:29:56 | INFO: Extracting primitive: M3_13_ust_bini
00:29:56 | INFO: Primitives created: 1
00:29:56 | INFO: Extracting primitive: M3_13_ust_kasa.001
00:29:56 | INFO: Primitives created: 1
00:29:56 | INFO: Extracting primitive: M3_13_ust_pervaz.002
00:29:56 | INFO: Primitives created: 1
00:29:56 | INFO: Extracting primitive: M3_13_ust_pervaz.003
00:29:56 | INFO: Primitives created: 1
00:29:56 | INFO: Extracting primitive: M3_13_yatay_profil.024
00:29:56 | INFO: Primitives created: 1
00:29:56 | INFO: Extracting primitive: M3_13_yatay_profil.025
00:29:56 | INFO: Primitives created: 1
00:29:56 | INFO: Extracting primitive: M3_13_yatay_profil.026
00:29:56 | INFO: Primitives created: 1
00:29:56 | INFO: Extracting primitive: M3_13_yatay_profil.027
00:29:56 | INFO: Primitives created: 1
00:29:56 | INFO: Extracting primitive: M3_13_yatay_profil.028
00:29:56 | INFO: Primitives created: 1
00:29:56 | INFO: Extracting primitive: M3_13_yatay_profil.029
00:29:56 | INFO: Primitives created: 1
00:29:56 | INFO: Extracting primitive: M3_13_yatay_profil.030
00:29:56 | INFO: Primitives created: 1
00:29:56 | INFO: Extracting primitive: M3_13_yatay_profil.031
00:29:56 | INFO: Primitives created: 1
00:29:56 | INFO: Extracting primitive: M3_13_yatay_profil.032
00:29:56 | INFO: Primitives created: 1
00:29:56 | INFO: Extracting primitive: M3_13_yatay_profil.033
00:29:56 | INFO: Primitives created: 1
00:29:56 | INFO: Extracting primitive: M3_13_yatay_profil.034
00:29:56 | INFO: Primitives created: 1
00:29:56 | INFO: Extracting primitive: M3_13_yatay_profil.035
00:29:56 | INFO: Primitives created: 1
00:29:56 | INFO: Extracting primitive: M3_13_yatay_profil.036
00:29:56 | INFO: Primitives created: 1
00:29:56 | INFO: Extracting primitive: M3_13_yatay_profil.037
00:29:56 | INFO: Primitives created: 1
00:29:56 | INFO: Extracting primitive: M3_13_yatay_profil.038
00:29:56 | INFO: Primitives created: 1
00:29:56 | INFO: Extracting primitive: M3_13_yatay_profil.039
00:29:56 | INFO: Primitives created: 1
00:29:56 | INFO: Extracting primitive: M3_13_yatay_profil.040
00:29:56 | INFO: Primitives created: 1
00:29:56 | INFO: Extracting primitive: M3_13_yatay_profil.041
00:29:56 | INFO: Primitives created: 1
00:29:56 | INFO: Extracting primitive: M3_13_yatay_profil.042
00:29:56 | INFO: Primitives created: 1
00:29:56 | INFO: Extracting primitive: M3_13_yatay_profil.043
00:29:56 | INFO: Primitives created: 1
00:29:56 | INFO: Extracting primitive: M3_13_yatay_profil.044
00:29:56 | INFO: Primitives created: 1
00:29:56 | INFO: Extracting primitive: M3_13_yatay_profil.045
00:29:56 | INFO: Primitives created: 1
00:29:56 | INFO: Extracting primitive: M3_13_yatay_profil.046
00:29:56 | INFO: Primitives created: 1
00:29:56 | INFO: Extracting primitive: M3_13_yatay_profil.047
00:29:56 | INFO: Primitives created: 1
00:29:56 | INFO: Extracting primitive: M6_Antre_boru
00:29:56 | INFO: Primitives created: 1
00:29:56 | INFO: Extracting primitive: M6_Antre_boru.001
00:29:56 | INFO: Primitives created: 1
00:29:56 | INFO: Extracting primitive: M6_Antre_dilim_00
00:29:56 | INFO: Primitives created: 1
00:29:56 | INFO: Extracting primitive: M6_Antre_dilim_01
00:29:56 | INFO: Primitives created: 1
00:29:56 | INFO: Extracting primitive: M6_Antre_dilim_02
00:29:56 | INFO: Primitives created: 1
00:29:56 | INFO: Extracting primitive: M6_Antre_dilim_03
00:29:56 | INFO: Primitives created: 1
00:29:56 | INFO: Extracting primitive: M6_Antre_dilim_04
00:29:56 | INFO: Primitives created: 1
00:29:56 | INFO: Extracting primitive: M6_Antre_dilim_05
00:29:56 | INFO: Primitives created: 1
00:29:56 | INFO: Extracting primitive: M6_Antre_dilim_06
00:29:56 | INFO: Primitives created: 1
00:29:56 | INFO: Extracting primitive: M6_Antre_dilim_07
00:29:56 | INFO: Primitives created: 1
00:29:56 | INFO: Extracting primitive: M6_Antre_dilim_08
00:29:56 | INFO: Primitives created: 1
00:29:56 | INFO: Extracting primitive: M6_Antre_dilim_09
00:29:56 | INFO: Primitives created: 1
00:29:56 | INFO: Extracting primitive: M6_Antre_duvar_askisi
00:29:56 | INFO: Primitives created: 1
00:29:56 | INFO: Extracting primitive: M6_Antre_duvar_askisi.001
00:29:56 | INFO: Primitives created: 1
00:29:56 | INFO: Extracting primitive: M6_Antre_duvar_askisi.002
00:29:56 | INFO: Primitives created: 1
00:29:56 | INFO: Extracting primitive: M6_Antre_duvar_askisi.003
00:29:56 | INFO: Primitives created: 1
00:29:56 | INFO: Extracting primitive: M6_Antre_kollektor
00:29:56 | INFO: Primitives created: 1
00:29:56 | INFO: Extracting primitive: M6_Antre_kollektor.001
00:29:56 | INFO: Primitives created: 1
00:29:56 | INFO: Extracting primitive: M6_Antre_vana
00:29:56 | INFO: Primitives created: 1
00:29:56 | INFO: Extracting primitive: M6_Antre_vana.001
00:29:56 | INFO: Primitives created: 1
00:29:56 | INFO: Extracting primitive: Mesh_15183.103
00:29:56 | INFO: Primitives created: 1
00:29:56 | INFO: Extracting primitive: Mesh_15183.002
00:29:56 | INFO: Primitives created: 1
00:29:56 | INFO: Extracting primitive: WEB_MESH_ceiling [imported].001_bodrum
00:29:56 | INFO: Primitives created: 1
00:29:56 | INFO: Extracting primitive: WEB_MESH_ceiling [imported].001_giris
00:29:56 | INFO: Primitives created: 1
00:29:56 | INFO: Extracting primitive: WEB_MESH_Clay tile 6 [imported]_bodrum
00:29:57 | WARNING: More than one shader node tex image used for a texture. The resulting glTF sampler will behave like the first shader node tex image.
00:29:57 | INFO: Primitives created: 1
00:29:57 | INFO: Extracting primitive: WEB_MESH_Clay tile 6 [imported]_giris
00:29:57 | INFO: Primitives created: 1
00:29:57 | INFO: Extracting primitive: WEB_MESH_Cube_bodrum
00:29:57 | INFO: Primitives created: 2
00:29:57 | INFO: Extracting primitive: WEB_MESH_Cube_giris
00:29:57 | INFO: Primitives created: 1
00:29:57 | INFO: Extracting primitive: WEB_MESH_Cube.001_giris
00:29:58 | INFO: Primitives created: 2
00:29:58 | INFO: Extracting primitive: WEB_MESH_glass_bodrum
00:29:58 | INFO: Primitives created: 1
00:29:58 | INFO: Extracting primitive: WEB_MESH_glass_giris
00:29:58 | INFO: Primitives created: 1
00:29:58 | INFO: Extracting primitive: WEB_MESH_gravel [imported].001_giris
00:29:58 | WARNING: More than one shader node tex image used for a texture. The resulting glTF sampler will behave like the first shader node tex image.
00:29:58 | INFO: Primitives created: 1
00:29:58 | INFO: Extracting primitive: WEB_MESH_interior.002_bodrum
00:29:58 | WARNING: WEB_MESH_interior.002_bodrum: Could not calculate tangents. Please try to triangulate the mesh first.
00:29:58 | INFO: Primitives created: 1
00:29:58 | INFO: Extracting primitive: WEB_MESH_interior.002_giris
00:29:58 | WARNING: WEB_MESH_interior.002_giris: Could not calculate tangents. Please try to triangulate the mesh first.
00:29:58 | INFO: Primitives created: 1
00:29:58 | INFO: Extracting primitive: WEB_MESH_Lift brushed patterned stainless_bodrum
00:29:58 | INFO: Primitives created: 1
00:29:58 | INFO: Extracting primitive: WEB_MESH_Lift brushed patterned stainless_giris
00:29:58 | INFO: Primitives created: 1
00:29:58 | INFO: Extracting primitive: WEB_MESH_Lift | Photographed walnut door finish (4).001_bodrum
00:29:59 | INFO: Primitives created: 2
00:29:59 | INFO: Extracting primitive: WEB_MESH_Lift | Photographed walnut door finish (4).001_giris
00:29:59 | INFO: Primitives created: 1
00:29:59 | INFO: Extracting primitive: WEB_MESH_metal (5)_bodrum
00:29:59 | INFO: Primitives created: 1
00:29:59 | INFO: Extracting primitive: WEB_MESH_metal (5)_giris
00:29:59 | INFO: Primitives created: 1
00:29:59 | INFO: Extracting primitive: WEB_MESH_R31 | R33 entrance WC ochre tile_bodrum
00:29:59 | INFO: Primitives created: 1
00:29:59 | INFO: Extracting primitive: WEB_MESH_R31 | R33 entrance WC ochre tile_giris
00:29:59 | INFO: Primitives created: 1
00:29:59 | INFO: Extracting primitive: WEB_MESH_R31 | R33 ivory wall ceramic_giris
00:29:59 | INFO: Primitives created: 1
00:29:59 | INFO: Extracting primitive: WEB_MESH_roof.003_bodrum
00:29:59 | INFO: Primitives created: 1
00:29:59 | INFO: Extracting primitive: WEB_MESH_roof.003_giris
00:29:59 | INFO: Primitives created: 1
00:29:59 | INFO: Extracting primitive: WEB_MESH_stucco [imported]_bodrum
00:29:59 | INFO: Primitives created: 1
00:29:59 | INFO: Extracting primitive: WEB_MESH_stucco [imported]_giris
00:29:59 | INFO: Primitives created: 1
00:29:59 | INFO: Extracting primitive: WEB_MESH_terra_floor_bodrum
00:30:00 | INFO: Primitives created: 2
00:30:00 | INFO: Extracting primitive: WEB_MESH_terra_floor_giris
00:30:00 | INFO: Primitives created: 1
00:30:00 | INFO: Extracting primitive: WEB_MESH_wood_dark (4)_bodrum
00:30:01 | INFO: Primitives created: 3
00:30:01 | INFO: Extracting primitive: WEB_MESH_wood_dark (4)_giris
00:30:01 | INFO: Primitives created: 3
00:30:01 | INFO: Extracting primitive: WEB_MESH_wood_floor_giris
00:30:01 | INFO: Primitives created: 1
00:30:01 | INFO: Extracting primitive: WEB_MESH_wood_floor.001_bodrum
00:30:01 | INFO: Primitives created: 1
00:30:01 | INFO: Extracting primitive: WEB_MESH_wood_floor.001_giris
00:30:01 | INFO: Primitives created: 1
00:30:02 | INFO: Finished glTF 2.0 export in 9.158881425857544 s

Warning: WEB_MESH_interior.002_bodrum: Could not calculate tangents. Please try to triangulate the mesh first.
Warning: WEB_MESH_interior.002_giris: Could not calculate tangents. Please try to triangulate the mesh first.
[web] SPLIT BUILDING-opt-v6-alt.glb 81182068
00:30:02 | INFO: Starting glTF 2.0 export
00:30:02 | INFO: Extracting primitive: A04_F18_34_zincir_halka
00:30:02 | INFO: Primitives created: 1
00:30:02 | INFO: Extracting primitive: A04_F18_34_zincir_halka.001
00:30:02 | INFO: Primitives created: 1
00:30:02 | INFO: Extracting primitive: A04_F18_34_zincir_halka.002
00:30:02 | INFO: Primitives created: 1
00:30:02 | INFO: Extracting primitive: A04_F18_34_zincir_halka.003
00:30:02 | INFO: Primitives created: 1
00:30:02 | INFO: Extracting primitive: A04_F18_34_zincir_halka.004
00:30:02 | INFO: Primitives created: 1
00:30:02 | INFO: Extracting primitive: A04_F18_34_zincir_halka.005
00:30:02 | INFO: Primitives created: 1
00:30:02 | INFO: Extracting primitive: A04_F18_34_zincir_halka.006
00:30:02 | INFO: Primitives created: 1
00:30:02 | INFO: Extracting primitive: A04_F18_34_zincir_halka.007
00:30:02 | INFO: Primitives created: 1
00:30:02 | INFO: Extracting primitive: A04_F18_34_zincir_halka.008
00:30:02 | INFO: Primitives created: 1
00:30:02 | INFO: Extracting primitive: A04_F18_34_zincir_halka.009
00:30:02 | INFO: Primitives created: 1
00:30:02 | INFO: Extracting primitive: A04_F18_34_zincir_halka.010
00:30:02 | INFO: Primitives created: 1
00:30:02 | INFO: Extracting primitive: A04_F18_34_zincir_halka.011
00:30:02 | INFO: Primitives created: 1
00:30:02 | INFO: Extracting primitive: A04_F18_34_zincir_halka.012
00:30:02 | INFO: Primitives created: 1
00:30:02 | INFO: Extracting primitive: A04_F18_34_zincir_halka.013
00:30:02 | INFO: Primitives created: 1
00:30:02 | INFO: Extracting primitive: A04_F18_34_zincir_halka.014
00:30:02 | INFO: Primitives created: 1
00:30:02 | INFO: Extracting primitive: A04_F18_34_zincir_halka.015
00:30:02 | INFO: Primitives created: 1
00:30:02 | INFO: Extracting primitive: A04_F18_34_zincir_halka.016
00:30:02 | INFO: Primitives created: 1
00:30:02 | INFO: Extracting primitive: A04_F18_34_zincir_halka.017
00:30:02 | INFO: Primitives created: 1
00:30:02 | INFO: Extracting primitive: A04_F18_34_zincir_halka.018
00:30:02 | INFO: Primitives created: 1
00:30:02 | INFO: Extracting primitive: A04_F18_34_zincir_halka.019
00:30:02 | INFO: Primitives created: 1
00:30:02 | INFO: Extracting primitive: A04_F18_34_zincir_halka.020
00:30:02 | INFO: Primitives created: 1
00:30:02 | INFO: Extracting primitive: A04_F18_34_zincir_halka.021
00:30:02 | INFO: Primitives created: 1
00:30:02 | INFO: Extracting primitive: A04_F18_34_zincir_halka.022
00:30:02 | INFO: Primitives created: 1
00:30:02 | INFO: Extracting primitive: A04_F18_34_zincir_halka.023
00:30:02 | INFO: Primitives created: 1
00:30:02 | INFO: Extracting primitive: A04_F18_34_zincir_halka.024
00:30:02 | INFO: Primitives created: 1
00:30:02 | INFO: Extracting primitive: A04_F18_34_zincir_halka.025
00:30:02 | INFO: Primitives created: 1
00:30:02 | INFO: Extracting primitive: A04_F18_34_zincir_halka.026
00:30:02 | INFO: Primitives created: 1
00:30:02 | INFO: Extracting primitive: A04_F18_34_zincir_halka.027
00:30:02 | INFO: Primitives created: 1
00:30:02 | INFO: Extracting primitive: A04_F18_34_zincir_halka.028
00:30:02 | INFO: Primitives created: 1
00:30:02 | INFO: Extracting primitive: A04_F18_34_zincir_halka.029
00:30:02 | INFO: Primitives created: 1
00:30:02 | INFO: Extracting primitive: A04_F18_34_zincir_halka.030
00:30:02 | INFO: Primitives created: 1
00:30:02 | INFO: Extracting primitive: A04_F18_34_zincir_halka.031
00:30:02 | INFO: Primitives created: 1
00:30:02 | INFO: Extracting primitive: A04_F18_34_zincir_halka.032
00:30:02 | INFO: Primitives created: 1
00:30:02 | INFO: Extracting primitive: A04_F18_34_zincir_halka.033
00:30:02 | INFO: Primitives created: 1
00:30:02 | INFO: Extracting primitive: A04_F18_34_zincir_halka.034
00:30:02 | INFO: Primitives created: 1
00:30:02 | INFO: Extracting primitive: A04_F18_34_zincir_halka.035
00:30:02 | INFO: Primitives created: 1
00:30:02 | INFO: Extracting primitive: A04_F18_34_zincir_halka.036
00:30:02 | INFO: Primitives created: 1
00:30:02 | INFO: Extracting primitive: A04_F18_34_zincir_halka.037
00:30:02 | INFO: Primitives created: 1
00:30:02 | INFO: Extracting primitive: A04_F18_34_zincir_halka.038
00:30:02 | INFO: Primitives created: 1
00:30:02 | INFO: Extracting primitive: A04_F18_34_zincir_halka.039
00:30:02 | INFO: Primitives created: 1
00:30:02 | INFO: Extracting primitive: A04_F18_34_zincir_halka.040
00:30:02 | INFO: Primitives created: 1
00:30:02 | INFO: Extracting primitive: A04_F18_34_zincir_halka.041
00:30:02 | INFO: Primitives created: 1
00:30:02 | INFO: Extracting primitive: A04_F18_34_zincir_halka.042
00:30:02 | INFO: Primitives created: 1
00:30:02 | INFO: Extracting primitive: A04_F18_34_zincir_halka.043
00:30:02 | INFO: Primitives created: 1
00:30:02 | INFO: Extracting primitive: A04_F18_34_zincir_halka.044
00:30:02 | INFO: Primitives created: 1
00:30:02 | INFO: Extracting primitive: A04_F18_34_zincir_halka.045
00:30:02 | INFO: Primitives created: 1
00:30:02 | INFO: Extracting primitive: A04_F18_34_zincir_halka.046
00:30:02 | INFO: Primitives created: 1
00:30:02 | INFO: Extracting primitive: A04_F18_34_zincir_halka.047
00:30:02 | INFO: Primitives created: 1
00:30:02 | INFO: Extracting primitive: A04_F18_34_zincir_halka.048
00:30:02 | INFO: Primitives created: 1
00:30:02 | INFO: Extracting primitive: A04_F18_34_zincir_halka.049
00:30:02 | INFO: Primitives created: 1
00:30:02 | INFO: Extracting primitive: A04_F18_34_zincir_halka.050
00:30:02 | INFO: Primitives created: 1
00:30:02 | INFO: Extracting primitive: A04_F18_34_zincir_halka.051
00:30:02 | INFO: Primitives created: 1
00:30:02 | INFO: Extracting primitive: A04_F18_34_zincir_halka.052
00:30:02 | INFO: Primitives created: 1
00:30:02 | INFO: Extracting primitive: A04_F18_34_zincir_halka.053
00:30:02 | INFO: Primitives created: 1
00:30:02 | INFO: Extracting primitive: A04_F18_34_zincir_halka.054
00:30:02 | INFO: Primitives created: 1
00:30:02 | INFO: Extracting primitive: A04_F18_34_zincir_halka.055
00:30:02 | INFO: Primitives created: 1
00:30:02 | INFO: Extracting primitive: A04_F18_34_zincir_halka.056
00:30:02 | INFO: Primitives created: 1
00:30:02 | INFO: Extracting primitive: A04_F18_34_zincir_halka.057
00:30:02 | INFO: Primitives created: 1
00:30:02 | INFO: Extracting primitive: A04_F18_34_zincir_halka.058
00:30:02 | INFO: Primitives created: 1
00:30:02 | INFO: Extracting primitive: A04_F18_34_zincir_tavan
00:30:02 | INFO: Primitives created: 1
00:30:02 | INFO: Extracting primitive: A04_F18_plafonyer_opal
00:30:02 | INFO: Primitives created: 1
00:30:02 | INFO: Extracting primitive: A04_F18_plafonyer_rozet
00:30:02 | INFO: Primitives created: 1
00:30:02 | INFO: Extracting primitive: A04_F18_plafonyer_topuz
00:30:02 | INFO: Primitives created: 1
00:30:02 | INFO: Extracting primitive: A04_F18_ust_aplik_cam
00:30:02 | INFO: Primitives created: 1
00:30:02 | INFO: Extracting primitive: A04_F18_ust_aplik_kol
00:30:02 | INFO: Primitives created: 1
00:30:02 | INFO: Extracting primitive: A04_F18_ust_aplik_rozet
00:30:02 | INFO: Primitives created: 1
00:30:02 | INFO: Extracting primitive: A04_F29_sol_kiris
00:30:02 | INFO: Primitives created: 1
00:30:02 | INFO: Extracting primitive: A04_F29_spot_0
00:30:02 | INFO: Primitives created: 1
00:30:02 | INFO: Extracting primitive: A04_F29_spot_1
00:30:02 | INFO: Primitives created: 1
00:30:02 | INFO: Extracting primitive: A04_K01_esik_kapagi
00:30:02 | INFO: Primitives created: 1
00:30:02 | INFO: Extracting primitive: A04_K01_kasa_ic_kaplama
00:30:02 | INFO: Primitives created: 1
00:30:02 | INFO: Extracting primitive: A04_K01_kasa_ic_kaplama.001
00:30:02 | INFO: Primitives created: 1
00:30:02 | INFO: Extracting primitive: A04_K01_kasa_ust_kaplama
00:30:02 | INFO: Primitives created: 1
00:30:02 | INFO: Extracting primitive: A04_K02_esik_kapagi
00:30:02 | INFO: Primitives created: 1
00:30:02 | INFO: Extracting primitive: A04_K02_kasa_ic_kaplama
00:30:02 | INFO: Primitives created: 1
00:30:02 | INFO: Extracting primitive: A04_K02_kasa_ic_kaplama.001
00:30:02 | INFO: Primitives created: 1
00:30:02 | INFO: Extracting primitive: A04_K02_kasa_ust_kaplama
00:30:02 | INFO: Primitives created: 1
00:30:02 | INFO: Extracting primitive: A04_K03_esik_kapagi
00:30:02 | INFO: Primitives created: 1
00:30:02 | INFO: Extracting primitive: A04_K03_kasa_ic_kaplama
00:30:02 | INFO: Primitives created: 1
00:30:02 | INFO: Extracting primitive: A04_K03_kasa_ic_kaplama.001
00:30:02 | INFO: Primitives created: 1
00:30:02 | INFO: Extracting primitive: A04_K03_kasa_ust_kaplama
00:30:02 | INFO: Primitives created: 1
00:30:02 | INFO: Extracting primitive: A04_K04_kasa_ic_kaplama
00:30:02 | INFO: Primitives created: 1
00:30:02 | INFO: Extracting primitive: A04_K04_kasa_ic_kaplama.001
00:30:02 | INFO: Primitives created: 1
00:30:02 | INFO: Extracting primitive: A04_K04_kasa_ust_kaplama
00:30:02 | INFO: Primitives created: 1
00:30:02 | INFO: Extracting primitive: A04_K05_kasa_ic_kaplama
00:30:02 | INFO: Primitives created: 1
00:30:02 | INFO: Extracting primitive: A04_K05_kasa_ic_kaplama.001
00:30:02 | INFO: Primitives created: 1
00:30:02 | INFO: Extracting primitive: A04_K05_kasa_ust_kaplama
00:30:02 | INFO: Primitives created: 1
00:30:02 | INFO: Extracting primitive: A04_K06_kasa_ic_kaplama
00:30:02 | INFO: Primitives created: 1
00:30:02 | INFO: Extracting primitive: A04_K06_kasa_ic_kaplama.001
00:30:02 | INFO: Primitives created: 1
00:30:02 | INFO: Extracting primitive: A04_K06_kasa_ust_kaplama
00:30:02 | INFO: Primitives created: 1
00:30:02 | INFO: Extracting primitive: A04_K07_kasa_ic_kaplama
00:30:02 | INFO: Primitives created: 1
00:30:02 | INFO: Extracting primitive: A04_K07_kasa_ic_kaplama.001
00:30:02 | INFO: Primitives created: 1
00:30:02 | INFO: Extracting primitive: A04_K07_kasa_ust_kaplama
00:30:02 | INFO: Primitives created: 1
00:30:02 | INFO: Extracting primitive: A04_K08_kasa_ic_kaplama
00:30:02 | INFO: Primitives created: 1
00:30:02 | INFO: Extracting primitive: A04_K08_kasa_ic_kaplama.001
00:30:02 | INFO: Primitives created: 1
00:30:02 | INFO: Extracting primitive: A04_K08_kasa_ust_kaplama
00:30:02 | INFO: Primitives created: 1
00:30:02 | INFO: Extracting primitive: A08_D16_X0_ayna.001
00:30:03 | INFO: Primitives created: 1
00:30:03 | INFO: Extracting primitive: A08_D16_X0_dikme.002
00:30:03 | INFO: Primitives created: 1
00:30:03 | INFO: Extracting primitive: A08_D16_X0_dikme.003
00:30:03 | INFO: Primitives created: 1
00:30:03 | INFO: Extracting primitive: A08_D16_X0_ray.002
00:30:03 | INFO: Primitives created: 1
00:30:03 | INFO: Extracting primitive: A08_D16_X0_ray.003
00:30:03 | INFO: Primitives created: 1
00:30:03 | INFO: Extracting primitive: A08_D16_X1_ayna.001
00:30:03 | INFO: Primitives created: 1
00:30:03 | INFO: Extracting primitive: A08_D16_X1_dikme.002
00:30:03 | INFO: Primitives created: 1
00:30:03 | INFO: Extracting primitive: A08_D16_X1_dikme.003
00:30:03 | INFO: Primitives created: 1
00:30:03 | INFO: Extracting primitive: A08_D16_X1_ray.002
00:30:03 | INFO: Primitives created: 1
00:30:03 | INFO: Extracting primitive: A08_D16_X1_ray.003
00:30:03 | INFO: Primitives created: 1
00:30:03 | INFO: Extracting primitive: A08_D16_Y0_ayna.001
00:30:03 | INFO: Primitives created: 1
00:30:03 | INFO: Extracting primitive: A08_D16_Y0_dikme.002
00:30:03 | INFO: Primitives created: 1
00:30:03 | INFO: Extracting primitive: A08_D16_Y0_dikme.003
00:30:03 | INFO: Primitives created: 1
00:30:03 | INFO: Extracting primitive: A08_D16_Y0_ray.002
00:30:03 | INFO: Primitives created: 1
00:30:03 | INFO: Extracting primitive: A08_D16_Y0_ray.003
00:30:03 | INFO: Primitives created: 1
00:30:03 | INFO: Extracting primitive: A08_D16_Y1_ayna.001
00:30:03 | INFO: Primitives created: 1
00:30:03 | INFO: Extracting primitive: A08_D16_Y1_dikme.002
00:30:03 | INFO: Primitives created: 1
00:30:03 | INFO: Extracting primitive: A08_D16_Y1_dikme.003
00:30:03 | INFO: Primitives created: 1
00:30:03 | INFO: Extracting primitive: A08_D16_Y1_ray.002
00:30:03 | INFO: Primitives created: 1
00:30:03 | INFO: Extracting primitive: A08_D16_Y1_ray.003
00:30:03 | INFO: Primitives created: 1
00:30:03 | INFO: Extracting primitive: A08_F06_aplik_kol
00:30:03 | INFO: Primitives created: 1
00:30:03 | INFO: Extracting primitive: A08_F06_aplik_rozet
00:30:03 | INFO: Primitives created: 1
00:30:03 | INFO: Extracting primitive: A08_F06_opal
00:30:03 | INFO: Primitives created: 1
00:30:03 | INFO: Extracting primitive: A08_F13_17_ampul
00:30:03 | INFO: Primitives created: 1
00:30:03 | INFO: Extracting primitive: A08_F13_17_ampul.001
00:30:03 | INFO: Primitives created: 1
00:30:03 | INFO: Extracting primitive: A08_F13_17_ampul.002
00:30:03 | INFO: Primitives created: 1
00:30:03 | INFO: Extracting primitive: A08_F13_17_kol
00:30:03 | INFO: Primitives created: 1
00:30:03 | INFO: Extracting primitive: A08_F13_17_kol.001
00:30:03 | INFO: Primitives created: 1
00:30:03 | INFO: Extracting primitive: A08_F13_17_kol.002
00:30:03 | INFO: Primitives created: 1
00:30:03 | INFO: Extracting primitive: A08_F13_17_rozet
00:30:03 | INFO: Primitives created: 1
00:30:03 | INFO: Extracting primitive: A08_F13_17_spot
00:30:03 | INFO: Primitives created: 1
00:30:03 | INFO: Extracting primitive: A08_F13_17_spot.001
00:30:03 | INFO: Primitives created: 1
00:30:03 | INFO: Extracting primitive: A08_F13_17_spot.002
00:30:03 | INFO: Primitives created: 1
00:30:03 | INFO: Extracting primitive: A09_F32_bordur_arka
00:30:03 | INFO: Primitives created: 1
00:30:03 | INFO: Extracting primitive: A09_F32_bordur_sol
00:30:03 | INFO: Primitives created: 1
00:30:03 | INFO: Extracting primitive: A09_galeri_1_ahsap_kupeste
00:30:03 | INFO: Primitives created: 1
00:30:03 | INFO: Extracting primitive: DWG_panel_kaynak_0.002
00:30:03 | INFO: Primitives created: 1
00:30:03 | INFO: Extracting primitive: DWG_panel_kaynak_150.002
00:30:03 | INFO: Primitives created: 1
00:30:03 | INFO: Extracting primitive: DWG_panel_kaynak_300.002
00:30:03 | INFO: Primitives created: 1
00:30:03 | INFO: Extracting primitive: DWG_panel_kaynak_450.002
00:30:03 | INFO: Primitives created: 1
00:30:03 | INFO: Extracting primitive: DWG_panel_kaynak_0.009
00:30:03 | INFO: Primitives created: 1
00:30:03 | INFO: Extracting primitive: DWG_panel_kaynak_150.009
00:30:03 | INFO: Primitives created: 1
00:30:03 | INFO: Extracting primitive: DWG_panel_kaynak_300.009
00:30:03 | INFO: Primitives created: 1
00:30:03 | INFO: Extracting primitive: DWG_panel_kaynak_450.009
00:30:03 | INFO: Primitives created: 1
00:30:03 | INFO: Extracting primitive: A09_galeri_1_zemin_baglanti_0_0.001
00:30:03 | INFO: Primitives created: 1
00:30:03 | INFO: Extracting primitive: A09_galeri_1_zemin_baglanti_0_0.002
00:30:03 | INFO: Primitives created: 1
00:30:03 | INFO: Extracting primitive: A09_galeri_1_zemin_baglanti_1_0.001
00:30:03 | INFO: Primitives created: 1
00:30:03 | INFO: Extracting primitive: A09_galeri_2_ahsap_kupeste
00:30:03 | INFO: Primitives created: 1
00:30:03 | INFO: Extracting primitive: DWG_panel_kaynak_0.010
00:30:03 | INFO: Primitives created: 1
00:30:03 | INFO: Extracting primitive: DWG_panel_kaynak_150.010
00:30:03 | INFO: Primitives created: 1
00:30:03 | INFO: Extracting primitive: DWG_panel_kaynak_300.010
00:30:03 | INFO: Primitives created: 1
00:30:03 | INFO: Extracting primitive: DWG_panel_kaynak_450.010
00:30:03 | INFO: Primitives created: 1
00:30:03 | INFO: Extracting primitive: A09_galeri_2_zemin_baglanti_0_0.001
00:30:03 | INFO: Primitives created: 1
00:30:03 | INFO: Extracting primitive: A09_galeri_2_zemin_baglanti_0_0.002
00:30:03 | INFO: Primitives created: 1
00:30:03 | INFO: Extracting primitive: A09_galeri_2_zemin_baglanti_1_0.001
00:30:03 | INFO: Primitives created: 1
00:30:03 | INFO: Extracting primitive: A09_galeri_3_ahsap_kupeste
00:30:03 | INFO: Primitives created: 1
00:30:03 | INFO: Extracting primitive: DWG_panel_kaynak_0.022
00:30:03 | INFO: Primitives created: 1
00:30:03 | INFO: Extracting primitive: DWG_panel_kaynak_300.022
00:30:03 | INFO: Primitives created: 1
00:30:03 | INFO: Extracting primitive: DWG_panel_kaynak_450.022
00:30:03 | INFO: Primitives created: 1
00:30:03 | INFO: Extracting primitive: A09_galeri_3_zemin_baglanti_0_0.001
00:30:03 | INFO: Primitives created: 1
00:30:03 | INFO: Extracting primitive: A09_galeri_3_zemin_baglanti_0_0.002
00:30:03 | INFO: Primitives created: 1
00:30:03 | INFO: Extracting primitive: A09_galeri_3_zemin_baglanti_1_0.001
00:30:03 | INFO: Primitives created: 1
00:30:03 | INFO: Extracting primitive: A09_K1_1_ahsap_kupeste
00:30:03 | INFO: Primitives created: 1
00:30:03 | INFO: Extracting primitive: DWG_panel_kaynak_0.005
00:30:03 | INFO: Primitives created: 1
00:30:03 | INFO: Extracting primitive: DWG_panel_kaynak_150.005
00:30:03 | INFO: Primitives created: 1
00:30:03 | INFO: Extracting primitive: DWG_panel_kaynak_300.005
00:30:03 | INFO: Primitives created: 1
00:30:03 | INFO: Extracting primitive: DWG_panel_kaynak_450.005
00:30:03 | INFO: Primitives created: 1
00:30:03 | INFO: Extracting primitive: A09_K2_0_ahsap_kupeste
00:30:03 | INFO: Primitives created: 1
00:30:03 | INFO: Extracting primitive: DWG_panel_kaynak_0.006
00:30:03 | INFO: Primitives created: 1
00:30:03 | INFO: Extracting primitive: DWG_panel_kaynak_150.006
00:30:03 | INFO: Primitives created: 1
00:30:03 | INFO: Extracting primitive: DWG_panel_kaynak_300.006
00:30:03 | INFO: Primitives created: 1
00:30:03 | INFO: Extracting primitive: DWG_panel_kaynak_450.006
00:30:03 | INFO: Primitives created: 1
00:30:03 | INFO: Extracting primitive: A09_K2_0_zemin_baglanti_0_0.001
00:30:03 | INFO: Primitives created: 1
00:30:03 | INFO: Extracting primitive: A09_K2_0_zemin_baglanti_0_0.002
00:30:03 | INFO: Primitives created: 1
00:30:03 | INFO: Extracting primitive: A09_K2_0_zemin_baglanti_1_0.001
00:30:03 | INFO: Primitives created: 1
00:30:03 | INFO: Extracting primitive: A09_K2_0_zemin_baglanti_1_0.002
00:30:03 | INFO: Primitives created: 1
00:30:03 | INFO: Extracting primitive: A09_K2_0_zemin_baglanti_2_0.001
00:30:03 | INFO: Primitives created: 1
00:30:03 | INFO: Extracting primitive: A09_K2_1_ahsap_kupeste
00:30:03 | INFO: Primitives created: 1
00:30:03 | INFO: Extracting primitive: DWG_panel_kaynak_450.007
00:30:03 | INFO: Primitives created: 1
00:30:03 | INFO: Extracting primitive: A09_K2_1_zemin_baglanti_0_0.001
00:30:03 | INFO: Primitives created: 1
00:30:03 | INFO: Extracting primitive: A09_K2_1_zemin_baglanti_0_0.002
00:30:03 | INFO: Primitives created: 1
00:30:03 | INFO: Extracting primitive: A09_K2_1_zemin_baglanti_1_0.001
00:30:03 | INFO: Primitives created: 1
00:30:03 | INFO: Extracting primitive: A09_K2_1_zemin_baglanti_1_0.002
00:30:03 | INFO: Primitives created: 1
00:30:03 | INFO: Extracting primitive: M1_supurgelik_119
00:30:03 | INFO: Primitives created: 1
00:30:03 | INFO: Extracting primitive: M1_supurgelik_120
00:30:03 | INFO: Primitives created: 1
00:30:03 | INFO: Extracting primitive: M1_supurgelik_121
00:30:03 | INFO: Primitives created: 1
00:30:03 | INFO: Extracting primitive: M1_supurgelik_122
00:30:03 | INFO: Primitives created: 1
00:30:03 | INFO: Extracting primitive: M1_supurgelik_123
00:30:03 | INFO: Primitives created: 1
00:30:03 | INFO: Extracting primitive: M1_supurgelik_124
00:30:03 | INFO: Primitives created: 1
00:30:03 | INFO: Extracting primitive: M1_supurgelik_125
00:30:03 | INFO: Primitives created: 1
00:30:03 | INFO: Extracting primitive: M1_supurgelik_126
00:30:03 | INFO: Primitives created: 1
00:30:03 | INFO: Extracting primitive: M1_supurgelik_127
00:30:03 | INFO: Primitives created: 1
00:30:03 | INFO: Extracting primitive: M1_supurgelik_128
00:30:03 | INFO: Primitives created: 1
00:30:03 | INFO: Extracting primitive: M1_supurgelik_129
00:30:03 | INFO: Primitives created: 1
00:30:03 | INFO: Extracting primitive: M1_supurgelik_130
00:30:03 | INFO: Primitives created: 1
00:30:03 | INFO: Extracting primitive: M1_supurgelik_131
00:30:03 | INFO: Primitives created: 1
00:30:03 | INFO: Extracting primitive: M1_supurgelik_132
00:30:03 | INFO: Primitives created: 1
00:30:03 | INFO: Extracting primitive: M1_supurgelik_133
00:30:03 | INFO: Primitives created: 1
00:30:03 | INFO: Extracting primitive: M1_supurgelik_134
00:30:03 | INFO: Primitives created: 1
00:30:03 | INFO: Extracting primitive: M1_supurgelik_135
00:30:03 | INFO: Primitives created: 1
00:30:03 | INFO: Extracting primitive: M1_supurgelik_136
00:30:03 | INFO: Primitives created: 1
00:30:03 | INFO: Extracting primitive: M1_supurgelik_137
00:30:03 | INFO: Primitives created: 1
00:30:03 | INFO: Extracting primitive: M1_supurgelik_138
00:30:03 | INFO: Primitives created: 1
00:30:03 | INFO: Extracting primitive: M1_supurgelik_139
00:30:03 | INFO: Primitives created: 1
00:30:03 | INFO: Extracting primitive: M1_supurgelik_140
00:30:03 | INFO: Primitives created: 1
00:30:03 | INFO: Extracting primitive: M1_supurgelik_141
00:30:03 | INFO: Primitives created: 1
00:30:03 | INFO: Extracting primitive: M1_supurgelik_142
00:30:03 | INFO: Primitives created: 1
00:30:03 | INFO: Extracting primitive: M1_supurgelik_143
00:30:03 | INFO: Primitives created: 1
00:30:03 | INFO: Extracting primitive: M1_supurgelik_144
00:30:03 | INFO: Primitives created: 1
00:30:03 | INFO: Extracting primitive: M1_supurgelik_145
00:30:03 | INFO: Primitives created: 1
00:30:03 | INFO: Extracting primitive: M1_supurgelik_146
00:30:03 | INFO: Primitives created: 1
00:30:03 | INFO: Extracting primitive: M1_supurgelik_147
00:30:03 | INFO: Primitives created: 1
00:30:03 | INFO: Extracting primitive: M1_supurgelik_148
00:30:03 | INFO: Primitives created: 1
00:30:03 | INFO: Extracting primitive: M1_supurgelik_149
00:30:03 | INFO: Primitives created: 1
00:30:03 | INFO: Extracting primitive: M1_supurgelik_150
00:30:03 | INFO: Primitives created: 1
00:30:03 | INFO: Extracting primitive: M1_supurgelik_151
00:30:03 | INFO: Primitives created: 1
00:30:03 | INFO: Extracting primitive: M1_supurgelik_152
00:30:03 | INFO: Primitives created: 1
00:30:03 | INFO: Extracting primitive: M1_supurgelik_153
00:30:03 | INFO: Primitives created: 1
00:30:03 | INFO: Extracting primitive: M1_supurgelik_154
00:30:03 | INFO: Primitives created: 1
00:30:03 | INFO: Extracting primitive: M1_supurgelik_155
00:30:03 | INFO: Primitives created: 1
00:30:03 | INFO: Extracting primitive: M1_supurgelik_156
00:30:03 | INFO: Primitives created: 1
00:30:03 | INFO: Extracting primitive: M1_supurgelik_157
00:30:03 | INFO: Primitives created: 1
00:30:03 | INFO: Extracting primitive: M1_supurgelik_158
00:30:03 | INFO: Primitives created: 1
00:30:03 | INFO: Extracting primitive: M1_supurgelik_159
00:30:03 | INFO: Primitives created: 1
00:30:03 | INFO: Extracting primitive: M1_supurgelik_160
00:30:03 | INFO: Primitives created: 1
00:30:03 | INFO: Extracting primitive: M1_supurgelik_161
00:30:03 | INFO: Primitives created: 1
00:30:03 | INFO: Extracting primitive: M1_supurgelik_162
00:30:03 | INFO: Primitives created: 1
00:30:03 | INFO: Extracting primitive: M1_supurgelik_163
00:30:03 | INFO: Primitives created: 1
00:30:03 | INFO: Extracting primitive: M1_supurgelik_164
00:30:03 | INFO: Primitives created: 1
00:30:03 | INFO: Extracting primitive: M1_supurgelik_165
00:30:03 | INFO: Primitives created: 1
00:30:03 | INFO: Extracting primitive: M1_supurgelik_166
00:30:03 | INFO: Primitives created: 1
00:30:03 | INFO: Extracting primitive: M1_supurgelik_167
00:30:03 | INFO: Primitives created: 1
00:30:03 | INFO: Extracting primitive: M1_supurgelik_168
00:30:03 | INFO: Primitives created: 1
00:30:03 | INFO: Extracting primitive: M1_supurgelik_169
00:30:03 | INFO: Primitives created: 1
00:30:03 | INFO: Extracting primitive: M1_supurgelik_170
00:30:03 | INFO: Primitives created: 1
00:30:03 | INFO: Extracting primitive: M1_supurgelik_171
00:30:03 | INFO: Primitives created: 1
00:30:03 | INFO: Extracting primitive: M1_supurgelik_172
00:30:03 | INFO: Primitives created: 1
00:30:03 | INFO: Extracting primitive: M1_supurgelik_173
00:30:03 | INFO: Primitives created: 1
00:30:03 | INFO: Extracting primitive: M1_supurgelik_174
00:30:03 | INFO: Primitives created: 1
00:30:03 | INFO: Extracting primitive: M1_supurgelik_175
00:30:03 | INFO: Primitives created: 1
00:30:03 | INFO: Extracting primitive: M1_supurgelik_176
00:30:03 | INFO: Primitives created: 1
00:30:03 | INFO: Extracting primitive: M1_supurgelik_177
00:30:03 | INFO: Primitives created: 1
00:30:03 | INFO: Extracting primitive: M1_supurgelik_178
00:30:03 | INFO: Primitives created: 1
00:30:03 | INFO: Extracting primitive: M1_supurgelik_179
00:30:03 | INFO: Primitives created: 1
00:30:03 | INFO: Extracting primitive: M1_supurgelik_180
00:30:03 | INFO: Primitives created: 1
00:30:03 | INFO: Extracting primitive: M1_supurgelik_181
00:30:03 | INFO: Primitives created: 1
00:30:03 | INFO: Extracting primitive: M1_supurgelik_182
00:30:03 | INFO: Primitives created: 1
00:30:03 | INFO: Extracting primitive: M1_supurgelik_183
00:30:03 | INFO: Primitives created: 1
00:30:03 | INFO: Extracting primitive: M1_supurgelik_184
00:30:03 | INFO: Primitives created: 1
00:30:03 | INFO: Extracting primitive: M1_supurgelik_185
00:30:03 | INFO: Primitives created: 1
00:30:03 | INFO: Extracting primitive: M1_supurgelik_186
00:30:03 | INFO: Primitives created: 1
00:30:03 | INFO: Extracting primitive: M1_supurgelik_187
00:30:03 | INFO: Primitives created: 1
00:30:03 | INFO: Extracting primitive: M1_supurgelik_188
00:30:03 | INFO: Primitives created: 1
00:30:03 | INFO: Extracting primitive: M1_supurgelik_189
00:30:03 | INFO: Primitives created: 1
00:30:03 | INFO: Extracting primitive: M1_supurgelik_190
00:30:03 | INFO: Primitives created: 1
00:30:03 | INFO: Extracting primitive: M1_supurgelik_191
00:30:03 | INFO: Primitives created: 1
00:30:03 | INFO: Extracting primitive: M1_supurgelik_192
00:30:03 | INFO: Primitives created: 1
00:30:03 | INFO: Extracting primitive: M1_supurgelik_193
00:30:03 | INFO: Primitives created: 1
00:30:03 | INFO: Extracting primitive: M1_supurgelik_194
00:30:03 | INFO: Primitives created: 1
00:30:03 | INFO: Extracting primitive: M1_supurgelik_195
00:30:03 | INFO: Primitives created: 1
00:30:03 | INFO: Extracting primitive: M1_supurgelik_196
00:30:03 | INFO: Primitives created: 1
00:30:03 | INFO: Extracting primitive: M1_supurgelik_197
00:30:03 | INFO: Primitives created: 1
00:30:03 | INFO: Extracting primitive: M1_supurgelik_198
00:30:03 | INFO: Primitives created: 1
00:30:03 | INFO: Extracting primitive: M1_supurgelik_199
00:30:03 | INFO: Primitives created: 1
00:30:03 | INFO: Extracting primitive: M1_supurgelik_200
00:30:03 | INFO: Primitives created: 1
00:30:03 | INFO: Extracting primitive: M1_supurgelik_201
00:30:03 | INFO: Primitives created: 1
00:30:03 | INFO: Extracting primitive: M1_supurgelik_202
00:30:03 | INFO: Primitives created: 1
00:30:03 | INFO: Extracting primitive: M1_supurgelik_203
00:30:03 | INFO: Primitives created: 1
00:30:03 | INFO: Extracting primitive: M1_supurgelik_204
00:30:03 | INFO: Primitives created: 1
00:30:03 | INFO: Extracting primitive: M1_supurgelik_205
00:30:03 | INFO: Primitives created: 1
00:30:03 | INFO: Extracting primitive: M1_supurgelik_206
00:30:03 | INFO: Primitives created: 1
00:30:03 | INFO: Extracting primitive: M1_supurgelik_207
00:30:03 | INFO: Primitives created: 1
00:30:03 | INFO: Extracting primitive: M1_supurgelik_208
00:30:03 | INFO: Primitives created: 1
00:30:03 | INFO: Extracting primitive: M1_supurgelik_209
00:30:03 | INFO: Primitives created: 1
00:30:03 | INFO: Extracting primitive: M1_supurgelik_210
00:30:03 | INFO: Primitives created: 1
00:30:03 | INFO: Extracting primitive: M1_supurgelik_211
00:30:03 | INFO: Primitives created: 1
00:30:03 | INFO: Extracting primitive: M1_supurgelik_212
00:30:03 | INFO: Primitives created: 1
00:30:03 | INFO: Extracting primitive: M1_supurgelik_213
00:30:03 | INFO: Primitives created: 1
00:30:03 | INFO: Extracting primitive: M1_supurgelik_214
00:30:03 | INFO: Primitives created: 1
00:30:03 | INFO: Extracting primitive: M1_supurgelik_215
00:30:03 | INFO: Primitives created: 1
00:30:03 | INFO: Extracting primitive: M1_supurgelik_216
00:30:03 | INFO: Primitives created: 1
00:30:03 | INFO: Extracting primitive: M1_supurgelik_217
00:30:03 | INFO: Primitives created: 1
00:30:03 | INFO: Extracting primitive: M1_supurgelik_218
00:30:03 | INFO: Primitives created: 1
00:30:03 | INFO: Extracting primitive: M1_supurgelik_219
00:30:03 | INFO: Primitives created: 1
00:30:03 | INFO: Extracting primitive: M1_supurgelik_220
00:30:03 | INFO: Primitives created: 1
00:30:03 | INFO: Extracting primitive: M1_supurgelik_221
00:30:03 | INFO: Primitives created: 1
00:30:03 | INFO: Extracting primitive: M1_supurgelik_222
00:30:03 | INFO: Primitives created: 1
00:30:03 | INFO: Extracting primitive: M1_supurgelik_223
00:30:03 | INFO: Primitives created: 1
00:30:03 | INFO: Extracting primitive: M1_supurgelik_224
00:30:03 | INFO: Primitives created: 1
00:30:03 | INFO: Extracting primitive: M1_supurgelik_225
00:30:03 | INFO: Primitives created: 1
00:30:03 | INFO: Extracting primitive: M1_supurgelik_226
00:30:03 | INFO: Primitives created: 1
00:30:03 | INFO: Extracting primitive: M1_supurgelik_227
00:30:03 | INFO: Primitives created: 1
00:30:03 | INFO: Extracting primitive: M1_supurgelik_228
00:30:03 | INFO: Primitives created: 1
00:30:03 | INFO: Extracting primitive: M1_supurgelik_229
00:30:03 | INFO: Primitives created: 1
00:30:03 | INFO: Extracting primitive: M1_supurgelik_230
00:30:03 | INFO: Primitives created: 1
00:30:03 | INFO: Extracting primitive: M1_supurgelik_231
00:30:03 | INFO: Primitives created: 1
00:30:03 | INFO: Extracting primitive: M1_supurgelik_232
00:30:03 | INFO: Primitives created: 1
00:30:03 | INFO: Extracting primitive: M1_supurgelik_233
00:30:03 | INFO: Primitives created: 1
00:30:03 | INFO: Extracting primitive: M1_supurgelik_234
00:30:03 | INFO: Primitives created: 1
00:30:03 | INFO: Extracting primitive: M1_supurgelik_235
00:30:03 | INFO: Primitives created: 1
00:30:03 | INFO: Extracting primitive: M1_supurgelik_236
00:30:03 | INFO: Primitives created: 1
00:30:03 | INFO: Extracting primitive: M1_supurgelik_237
00:30:03 | INFO: Primitives created: 1
00:30:03 | INFO: Extracting primitive: M1_supurgelik_238
00:30:03 | INFO: Primitives created: 1
00:30:03 | INFO: Extracting primitive: M1_supurgelik_239
00:30:03 | INFO: Primitives created: 1
00:30:03 | INFO: Extracting primitive: M1_supurgelik_240
00:30:03 | INFO: Primitives created: 1
00:30:03 | INFO: Extracting primitive: M1_supurgelik_241
00:30:03 | INFO: Primitives created: 1
00:30:03 | INFO: Extracting primitive: M1_supurgelik_242
00:30:03 | INFO: Primitives created: 1
00:30:03 | INFO: Extracting primitive: M1_supurgelik_243
00:30:03 | INFO: Primitives created: 1
00:30:03 | INFO: Extracting primitive: M1_supurgelik_244
00:30:03 | INFO: Primitives created: 1
00:30:03 | INFO: Extracting primitive: M1_supurgelik_245
00:30:03 | INFO: Primitives created: 1
00:30:03 | INFO: Extracting primitive: M1_supurgelik_246
00:30:03 | INFO: Primitives created: 1
00:30:03 | INFO: Extracting primitive: M1_supurgelik_247
00:30:03 | INFO: Primitives created: 1
00:30:03 | INFO: Extracting primitive: M1_supurgelik_248
00:30:03 | INFO: Primitives created: 1
00:30:03 | INFO: Extracting primitive: M1_supurgelik_249
00:30:03 | INFO: Primitives created: 1
00:30:03 | INFO: Extracting primitive: M1_supurgelik_250
00:30:03 | INFO: Primitives created: 1
00:30:03 | INFO: Extracting primitive: M1_supurgelik_251
00:30:03 | INFO: Primitives created: 1
00:30:03 | INFO: Extracting primitive: M1_supurgelik_252
00:30:03 | INFO: Primitives created: 1
00:30:03 | INFO: Extracting primitive: M1_supurgelik_253
00:30:03 | INFO: Primitives created: 1
00:30:03 | INFO: Extracting primitive: M1_supurgelik_254
00:30:03 | INFO: Primitives created: 1
00:30:03 | INFO: Extracting primitive: M1_supurgelik_255
00:30:03 | INFO: Primitives created: 1
00:30:03 | INFO: Extracting primitive: M1_supurgelik_256
00:30:03 | INFO: Primitives created: 1
00:30:03 | INFO: Extracting primitive: M1_supurgelik_257
00:30:03 | INFO: Primitives created: 1
00:30:03 | INFO: Extracting primitive: M1_supurgelik_258
00:30:03 | INFO: Primitives created: 1
00:30:03 | INFO: Extracting primitive: M1_supurgelik_259
00:30:03 | INFO: Primitives created: 1
00:30:03 | INFO: Extracting primitive: M1_supurgelik_260
00:30:03 | INFO: Primitives created: 1
00:30:03 | INFO: Extracting primitive: M1_supurgelik_261
00:30:03 | INFO: Primitives created: 1
00:30:03 | INFO: Extracting primitive: M1_supurgelik_262
00:30:03 | INFO: Primitives created: 1
00:30:03 | INFO: Extracting primitive: M1_supurgelik_263
00:30:03 | INFO: Primitives created: 1
00:30:03 | INFO: Extracting primitive: M1_supurgelik_264
00:30:03 | INFO: Primitives created: 1
00:30:03 | INFO: Extracting primitive: M1_supurgelik_265
00:30:03 | INFO: Primitives created: 1
00:30:03 | INFO: Extracting primitive: M1_supurgelik_266
00:30:03 | INFO: Primitives created: 1
00:30:03 | INFO: Extracting primitive: M1_supurgelik_267
00:30:03 | INFO: Primitives created: 1
00:30:03 | INFO: Extracting primitive: M1_supurgelik_268
00:30:03 | INFO: Primitives created: 1
00:30:03 | INFO: Extracting primitive: M1_supurgelik_269
00:30:03 | INFO: Primitives created: 1
00:30:03 | INFO: Extracting primitive: M1_supurgelik_270
00:30:03 | INFO: Primitives created: 1
00:30:03 | INFO: Extracting primitive: M1_supurgelik_271
00:30:03 | INFO: Primitives created: 1
00:30:03 | INFO: Extracting primitive: M1_supurgelik_272
00:30:03 | INFO: Primitives created: 1
00:30:03 | INFO: Extracting primitive: M1_supurgelik_273
00:30:03 | INFO: Primitives created: 1
00:30:03 | INFO: Extracting primitive: M1_supurgelik_274
00:30:03 | INFO: Primitives created: 1
00:30:03 | INFO: Extracting primitive: M1_supurgelik_275
00:30:03 | INFO: Primitives created: 1
00:30:03 | INFO: Extracting primitive: M1_supurgelik_276
00:30:03 | INFO: Primitives created: 1
00:30:03 | INFO: Extracting primitive: M1_supurgelik_277
00:30:03 | INFO: Primitives created: 1
00:30:03 | INFO: Extracting primitive: M1_supurgelik_278
00:30:03 | INFO: Primitives created: 1
00:30:03 | INFO: Extracting primitive: M1_supurgelik_279
00:30:03 | INFO: Primitives created: 1
00:30:03 | INFO: Extracting primitive: M1_supurgelik_280
00:30:03 | INFO: Primitives created: 1
00:30:03 | INFO: Extracting primitive: M1_supurgelik_281
00:30:03 | INFO: Primitives created: 1
00:30:03 | INFO: Extracting primitive: M1_supurgelik_282
00:30:03 | INFO: Primitives created: 1
00:30:03 | INFO: Extracting primitive: M1_supurgelik_283
00:30:03 | INFO: Primitives created: 1
00:30:03 | INFO: Extracting primitive: M2_K2_0_basamak
00:30:03 | INFO: Primitives created: 1
00:30:03 | INFO: Extracting primitive: M2_K2_0_basamak.001
00:30:03 | INFO: Primitives created: 1
00:30:03 | INFO: Extracting primitive: M2_K2_0_basamak.002
00:30:03 | INFO: Primitives created: 1
00:30:03 | INFO: Extracting primitive: M2_K2_0_basamak.003
00:30:03 | INFO: Primitives created: 1
00:30:03 | INFO: Extracting primitive: M2_K2_0_basamak.004
00:30:03 | INFO: Primitives created: 1
00:30:03 | INFO: Extracting primitive: M2_K2_0_basamak.005
00:30:03 | INFO: Primitives created: 1
00:30:03 | INFO: Extracting primitive: M2_K2_0_basamak.006
00:30:03 | INFO: Primitives created: 1
00:30:03 | INFO: Extracting primitive: M2_K2_0_basamak.007
00:30:03 | INFO: Primitives created: 1
00:30:03 | INFO: Extracting primitive: M2_K2_0_basamak.008
00:30:03 | INFO: Primitives created: 1
00:30:03 | INFO: Extracting primitive: M2_K2_0_beyaz_altyapi
00:30:04 | INFO: Primitives created: 1
00:30:04 | INFO: Extracting primitive: M2_K2_0_riht
00:30:04 | INFO: Primitives created: 1
00:30:04 | INFO: Extracting primitive: M2_K2_0_riht.001
00:30:04 | INFO: Primitives created: 1
00:30:04 | INFO: Extracting primitive: M2_K2_0_riht.002
00:30:04 | INFO: Primitives created: 1
00:30:04 | INFO: Extracting primitive: M2_K2_0_riht.003
00:30:04 | INFO: Primitives created: 1
00:30:04 | INFO: Extracting primitive: M2_K2_0_riht.004
00:30:04 | INFO: Primitives created: 1
00:30:04 | INFO: Extracting primitive: M2_K2_0_riht.005
00:30:04 | INFO: Primitives created: 1
00:30:04 | INFO: Extracting primitive: M2_K2_0_riht.006
00:30:04 | INFO: Primitives created: 1
00:30:04 | INFO: Extracting primitive: M2_K2_0_riht.007
00:30:04 | INFO: Primitives created: 1
00:30:04 | INFO: Extracting primitive: M2_K2_0_riht.008
00:30:04 | INFO: Primitives created: 1
00:30:04 | INFO: Extracting primitive: M2_K2_1_basamak
00:30:04 | INFO: Primitives created: 1
00:30:04 | INFO: Extracting primitive: M2_K2_1_basamak.001
00:30:04 | INFO: Primitives created: 1
00:30:04 | INFO: Extracting primitive: M2_K2_1_basamak.002
00:30:04 | INFO: Primitives created: 1
00:30:04 | INFO: Extracting primitive: M2_K2_1_basamak.003
00:30:04 | INFO: Primitives created: 1
00:30:04 | INFO: Extracting primitive: M2_K2_1_basamak.004
00:30:04 | INFO: Primitives created: 1
00:30:04 | INFO: Extracting primitive: M2_K2_1_basamak.005
00:30:04 | INFO: Primitives created: 1
00:30:04 | INFO: Extracting primitive: M2_K2_1_basamak.006
00:30:04 | INFO: Primitives created: 1
00:30:04 | INFO: Extracting primitive: M2_K2_1_basamak.007
00:30:04 | INFO: Primitives created: 1
00:30:04 | INFO: Extracting primitive: M2_K2_1_basamak.008
00:30:04 | INFO: Primitives created: 1
00:30:04 | INFO: Extracting primitive: M2_K2_1_beyaz_altyapi
00:30:04 | INFO: Primitives created: 1
00:30:04 | INFO: Extracting primitive: M2_K2_1_riht
00:30:04 | INFO: Primitives created: 1
00:30:04 | INFO: Extracting primitive: M2_K2_1_riht.001
00:30:04 | INFO: Primitives created: 1
00:30:04 | INFO: Extracting primitive: M2_K2_1_riht.002
00:30:04 | INFO: Primitives created: 1
00:30:04 | INFO: Extracting primitive: M2_K2_1_riht.003
00:30:04 | INFO: Primitives created: 1
00:30:04 | INFO: Extracting primitive: M2_K2_1_riht.004
00:30:04 | INFO: Primitives created: 1
00:30:04 | INFO: Extracting primitive: M2_K2_1_riht.005
00:30:04 | INFO: Primitives created: 1
00:30:04 | INFO: Extracting primitive: M2_K2_1_riht.006
00:30:04 | INFO: Primitives created: 1
00:30:04 | INFO: Extracting primitive: M2_K2_1_riht.007
00:30:04 | INFO: Primitives created: 1
00:30:04 | INFO: Extracting primitive: M2_K2_1_riht.008
00:30:04 | INFO: Primitives created: 1
00:30:04 | INFO: Extracting primitive: M2_K2_sahanlik
00:30:04 | INFO: Primitives created: 1
00:30:04 | INFO: Extracting primitive: M2_K2_sahanlik_alti
00:30:04 | INFO: Primitives created: 1
00:30:04 | INFO: Extracting primitive: M3_01_dik_profil.012
00:30:04 | INFO: Primitives created: 1
00:30:04 | INFO: Extracting primitive: M3_01_dik_profil.013
00:30:04 | INFO: Primitives created: 1
00:30:04 | INFO: Extracting primitive: M3_01_dik_profil.014
00:30:04 | INFO: Primitives created: 1
00:30:04 | INFO: Extracting primitive: M3_01_dik_profil.015
00:30:04 | INFO: Primitives created: 1
00:30:04 | INFO: Extracting primitive: M3_01_dik_profil.016
00:30:04 | INFO: Primitives created: 1
00:30:04 | INFO: Extracting primitive: M3_01_dik_profil.017
00:30:04 | INFO: Primitives created: 1
00:30:04 | INFO: Extracting primitive: M3_01_dik_profil.018
00:30:04 | INFO: Primitives created: 1
00:30:04 | INFO: Extracting primitive: M3_01_dik_profil.019
00:30:04 | INFO: Primitives created: 1
00:30:04 | INFO: Extracting primitive: M3_01_dik_profil.020
00:30:04 | INFO: Primitives created: 1
00:30:04 | INFO: Extracting primitive: M3_01_dik_profil.021
00:30:04 | INFO: Primitives created: 1
00:30:04 | INFO: Extracting primitive: M3_01_dik_profil.022
00:30:04 | INFO: Primitives created: 1
00:30:04 | INFO: Extracting primitive: M3_01_dik_profil.023
00:30:04 | INFO: Primitives created: 1
00:30:04 | INFO: Extracting primitive: M3_01_esik_doseme.001
00:30:04 | INFO: Primitives created: 1
00:30:04 | INFO: Extracting primitive: M3_01_gobek.006
00:30:04 | INFO: Primitives created: 1
00:30:04 | INFO: Extracting primitive: M3_01_gobek.007
00:30:04 | INFO: Primitives created: 1
00:30:04 | INFO: Extracting primitive: M3_01_gobek.008
00:30:04 | INFO: Primitives created: 1
00:30:04 | INFO: Extracting primitive: M3_01_gobek.009
00:30:04 | INFO: Primitives created: 1
00:30:04 | INFO: Extracting primitive: M3_01_gobek.010
00:30:04 | INFO: Primitives created: 1
00:30:04 | INFO: Extracting primitive: M3_01_gobek.011
00:30:04 | INFO: Primitives created: 1
00:30:04 | INFO: Extracting primitive: M3_01_kanat.001
00:30:04 | INFO: Primitives created: 1
00:30:04 | INFO: Extracting primitive: M3_01_kasa.002
00:30:04 | INFO: Primitives created: 1
00:30:04 | INFO: Extracting primitive: M3_01_kasa.003
00:30:04 | INFO: Primitives created: 1
00:30:04 | INFO: Extracting primitive: M3_01_kulp
00:30:04 | INFO: Primitives created: 1
00:30:04 | INFO: Extracting primitive: M3_01_kulp.001
00:30:04 | INFO: Primitives created: 1
00:30:04 | INFO: Extracting primitive: M3_01_mentese
00:30:04 | INFO: Primitives created: 1
00:30:04 | INFO: Extracting primitive: M3_01_mentese.001
00:30:04 | INFO: Primitives created: 1
00:30:04 | INFO: Extracting primitive: M3_01_mentese.002
00:30:04 | INFO: Primitives created: 1
00:30:04 | INFO: Extracting primitive: M3_01_pervaz.004
00:30:04 | INFO: Primitives created: 1
00:30:04 | INFO: Extracting primitive: M3_01_pervaz.005
00:30:04 | INFO: Primitives created: 1
00:30:04 | INFO: Extracting primitive: M3_01_pervaz.006
00:30:04 | INFO: Primitives created: 1
00:30:04 | INFO: Extracting primitive: M3_01_pervaz.007
00:30:04 | INFO: Primitives created: 1
00:30:04 | INFO: Extracting primitive: M3_01_ust_kasa.001
00:30:04 | INFO: Primitives created: 1
00:30:04 | INFO: Extracting primitive: M3_01_ust_pervaz.002
00:30:04 | INFO: Primitives created: 1
00:30:04 | INFO: Extracting primitive: M3_01_ust_pervaz.003
00:30:04 | INFO: Primitives created: 1
00:30:04 | INFO: Extracting primitive: M3_01_yatay_profil.012
00:30:04 | INFO: Primitives created: 1
00:30:04 | INFO: Extracting primitive: M3_01_yatay_profil.013
00:30:04 | INFO: Primitives created: 1
00:30:04 | INFO: Extracting primitive: M3_01_yatay_profil.014
00:30:04 | INFO: Primitives created: 1
00:30:04 | INFO: Extracting primitive: M3_01_yatay_profil.015
00:30:04 | INFO: Primitives created: 1
00:30:04 | INFO: Extracting primitive: M3_01_yatay_profil.016
00:30:04 | INFO: Primitives created: 1
00:30:04 | INFO: Extracting primitive: M3_01_yatay_profil.017
00:30:04 | INFO: Primitives created: 1
00:30:04 | INFO: Extracting primitive: M3_01_yatay_profil.018
00:30:04 | INFO: Primitives created: 1
00:30:04 | INFO: Extracting primitive: M3_01_yatay_profil.019
00:30:04 | INFO: Primitives created: 1
00:30:04 | INFO: Extracting primitive: M3_01_yatay_profil.020
00:30:04 | INFO: Primitives created: 1
00:30:04 | INFO: Extracting primitive: M3_01_yatay_profil.021
00:30:04 | INFO: Primitives created: 1
00:30:04 | INFO: Extracting primitive: M3_01_yatay_profil.022
00:30:04 | INFO: Primitives created: 1
00:30:04 | INFO: Extracting primitive: M3_01_yatay_profil.023
00:30:04 | INFO: Primitives created: 1
00:30:04 | INFO: Extracting primitive: M3_02_dik_profil.024
00:30:04 | INFO: Primitives created: 1
00:30:04 | INFO: Extracting primitive: M3_02_dik_profil.025
00:30:04 | INFO: Primitives created: 1
00:30:04 | INFO: Extracting primitive: M3_02_dik_profil.026
00:30:04 | INFO: Primitives created: 1
00:30:04 | INFO: Extracting primitive: M3_02_dik_profil.027
00:30:04 | INFO: Primitives created: 1
00:30:04 | INFO: Extracting primitive: M3_02_dik_profil.028
00:30:04 | INFO: Primitives created: 1
00:30:04 | INFO: Extracting primitive: M3_02_dik_profil.029
00:30:04 | INFO: Primitives created: 1
00:30:04 | INFO: Extracting primitive: M3_02_dik_profil.030
00:30:04 | INFO: Primitives created: 1
00:30:04 | INFO: Extracting primitive: M3_02_dik_profil.031
00:30:04 | INFO: Primitives created: 1
00:30:04 | INFO: Extracting primitive: M3_02_dik_profil.032
00:30:04 | INFO: Primitives created: 1
00:30:04 | INFO: Extracting primitive: M3_02_dik_profil.033
00:30:04 | INFO: Primitives created: 1
00:30:04 | INFO: Extracting primitive: M3_02_dik_profil.034
00:30:04 | INFO: Primitives created: 1
00:30:04 | INFO: Extracting primitive: M3_02_dik_profil.035
00:30:04 | INFO: Primitives created: 1
00:30:04 | INFO: Extracting primitive: M3_02_dik_profil.036
00:30:04 | INFO: Primitives created: 1
00:30:04 | INFO: Extracting primitive: M3_02_dik_profil.037
00:30:04 | INFO: Primitives created: 1
00:30:04 | INFO: Extracting primitive: M3_02_dik_profil.038
00:30:04 | INFO: Primitives created: 1
00:30:04 | INFO: Extracting primitive: M3_02_dik_profil.039
00:30:04 | INFO: Primitives created: 1
00:30:04 | INFO: Extracting primitive: M3_02_dik_profil.040
00:30:04 | INFO: Primitives created: 1
00:30:04 | INFO: Extracting primitive: M3_02_dik_profil.041
00:30:04 | INFO: Primitives created: 1
00:30:04 | INFO: Extracting primitive: M3_02_dik_profil.042
00:30:04 | INFO: Primitives created: 1
00:30:04 | INFO: Extracting primitive: M3_02_dik_profil.043
00:30:04 | INFO: Primitives created: 1
00:30:04 | INFO: Extracting primitive: M3_02_dik_profil.044
00:30:04 | INFO: Primitives created: 1
00:30:04 | INFO: Extracting primitive: M3_02_dik_profil.045
00:30:04 | INFO: Primitives created: 1
00:30:04 | INFO: Extracting primitive: M3_02_dik_profil.046
00:30:04 | INFO: Primitives created: 1
00:30:04 | INFO: Extracting primitive: M3_02_dik_profil.047
00:30:04 | INFO: Primitives created: 1
00:30:04 | INFO: Extracting primitive: M3_02_esik_doseme.001
00:30:04 | INFO: Primitives created: 1
00:30:04 | INFO: Extracting primitive: M3_02_gobek.012
00:30:04 | INFO: Primitives created: 1
00:30:04 | INFO: Extracting primitive: M3_02_gobek.013
00:30:04 | INFO: Primitives created: 1
00:30:04 | INFO: Extracting primitive: M3_02_gobek.014
00:30:04 | INFO: Primitives created: 1
00:30:04 | INFO: Extracting primitive: M3_02_gobek.015
00:30:04 | INFO: Primitives created: 1
00:30:04 | INFO: Extracting primitive: M3_02_gobek.016
00:30:04 | INFO: Primitives created: 1
00:30:04 | INFO: Extracting primitive: M3_02_gobek.017
00:30:04 | INFO: Primitives created: 1
00:30:04 | INFO: Extracting primitive: M3_02_gobek.018
00:30:04 | INFO: Primitives created: 1
00:30:04 | INFO: Extracting primitive: M3_02_gobek.019
00:30:04 | INFO: Primitives created: 1
00:30:04 | INFO: Extracting primitive: M3_02_gobek.020
00:30:04 | INFO: Primitives created: 1
00:30:04 | INFO: Extracting primitive: M3_02_gobek.021
00:30:04 | INFO: Primitives created: 1
00:30:04 | INFO: Extracting primitive: M3_02_gobek.022
00:30:04 | INFO: Primitives created: 1
00:30:04 | INFO: Extracting primitive: M3_02_gobek.023
00:30:04 | INFO: Primitives created: 1
00:30:04 | INFO: Extracting primitive: M3_02_kanat.001
00:30:04 | INFO: Primitives created: 1
00:30:04 | INFO: Extracting primitive: M3_02_kasa.002
00:30:04 | INFO: Primitives created: 1
00:30:04 | INFO: Extracting primitive: M3_02_kasa.003
00:30:04 | INFO: Primitives created: 1
00:30:04 | INFO: Extracting primitive: M3_02_mentese
00:30:04 | INFO: Primitives created: 1
00:30:04 | INFO: Extracting primitive: M3_02_mentese.001
00:30:04 | INFO: Primitives created: 1
00:30:04 | INFO: Extracting primitive: M3_02_mentese.002
00:30:04 | INFO: Primitives created: 1
00:30:04 | INFO: Extracting primitive: M3_02_pervaz.004
00:30:04 | INFO: Primitives created: 1
00:30:04 | INFO: Extracting primitive: M3_02_pervaz.005
00:30:04 | INFO: Primitives created: 1
00:30:04 | INFO: Extracting primitive: M3_02_pervaz.006
00:30:04 | INFO: Primitives created: 1
00:30:04 | INFO: Extracting primitive: M3_02_pervaz.007
00:30:04 | INFO: Primitives created: 1
00:30:04 | INFO: Extracting primitive: Sphere.009
00:30:04 | INFO: Primitives created: 1
00:30:04 | INFO: Extracting primitive: Sphere.010
00:30:04 | INFO: Primitives created: 1
00:30:04 | INFO: Extracting primitive: M3_02_topuz_mili
00:30:04 | INFO: Primitives created: 1
00:30:04 | INFO: Extracting primitive: M3_02_topuz_mili.001
00:30:04 | INFO: Primitives created: 1
00:30:04 | INFO: Extracting primitive: M3_02_ust_kasa.001
00:30:04 | INFO: Primitives created: 1
00:30:04 | INFO: Extracting primitive: M3_02_ust_pervaz.002
00:30:04 | INFO: Primitives created: 1
00:30:04 | INFO: Extracting primitive: M3_02_ust_pervaz.003
00:30:04 | INFO: Primitives created: 1
00:30:04 | INFO: Extracting primitive: M3_02_yatay_profil.024
00:30:04 | INFO: Primitives created: 1
00:30:04 | INFO: Extracting primitive: M3_02_yatay_profil.025
00:30:04 | INFO: Primitives created: 1
00:30:04 | INFO: Extracting primitive: M3_02_yatay_profil.026
00:30:04 | INFO: Primitives created: 1
00:30:04 | INFO: Extracting primitive: M3_02_yatay_profil.027
00:30:04 | INFO: Primitives created: 1
00:30:04 | INFO: Extracting primitive: M3_02_yatay_profil.028
00:30:04 | INFO: Primitives created: 1
00:30:04 | INFO: Extracting primitive: M3_02_yatay_profil.029
00:30:04 | INFO: Primitives created: 1
00:30:04 | INFO: Extracting primitive: M3_02_yatay_profil.030
00:30:04 | INFO: Primitives created: 1
00:30:04 | INFO: Extracting primitive: M3_02_yatay_profil.031
00:30:04 | INFO: Primitives created: 1
00:30:04 | INFO: Extracting primitive: M3_02_yatay_profil.032
00:30:04 | INFO: Primitives created: 1
00:30:04 | INFO: Extracting primitive: M3_02_yatay_profil.033
00:30:04 | INFO: Primitives created: 1
00:30:04 | INFO: Extracting primitive: M3_02_yatay_profil.034
00:30:04 | INFO: Primitives created: 1
00:30:04 | INFO: Extracting primitive: M3_02_yatay_profil.035
00:30:04 | INFO: Primitives created: 1
00:30:04 | INFO: Extracting primitive: M3_02_yatay_profil.036
00:30:04 | INFO: Primitives created: 1
00:30:04 | INFO: Extracting primitive: M3_02_yatay_profil.037
00:30:04 | INFO: Primitives created: 1
00:30:04 | INFO: Extracting primitive: M3_02_yatay_profil.038
00:30:04 | INFO: Primitives created: 1
00:30:04 | INFO: Extracting primitive: M3_02_yatay_profil.039
00:30:04 | INFO: Primitives created: 1
00:30:04 | INFO: Extracting primitive: M3_02_yatay_profil.040
00:30:04 | INFO: Primitives created: 1
00:30:04 | INFO: Extracting primitive: M3_02_yatay_profil.041
00:30:04 | INFO: Primitives created: 1
00:30:04 | INFO: Extracting primitive: M3_02_yatay_profil.042
00:30:04 | INFO: Primitives created: 1
00:30:04 | INFO: Extracting primitive: M3_02_yatay_profil.043
00:30:04 | INFO: Primitives created: 1
00:30:04 | INFO: Extracting primitive: M3_02_yatay_profil.044
00:30:04 | INFO: Primitives created: 1
00:30:04 | INFO: Extracting primitive: M3_02_yatay_profil.045
00:30:04 | INFO: Primitives created: 1
00:30:04 | INFO: Extracting primitive: M3_02_yatay_profil.046
00:30:04 | INFO: Primitives created: 1
00:30:04 | INFO: Extracting primitive: M3_02_yatay_profil.047
00:30:04 | INFO: Primitives created: 1
00:30:04 | INFO: Extracting primitive: M3_03_dik_profil.024
00:30:04 | INFO: Primitives created: 1
00:30:04 | INFO: Extracting primitive: M3_03_dik_profil.025
00:30:04 | INFO: Primitives created: 1
00:30:04 | INFO: Extracting primitive: M3_03_dik_profil.026
00:30:04 | INFO: Primitives created: 1
00:30:04 | INFO: Extracting primitive: M3_03_dik_profil.027
00:30:04 | INFO: Primitives created: 1
00:30:04 | INFO: Extracting primitive: M3_03_dik_profil.028
00:30:04 | INFO: Primitives created: 1
00:30:04 | INFO: Extracting primitive: M3_03_dik_profil.029
00:30:04 | INFO: Primitives created: 1
00:30:04 | INFO: Extracting primitive: M3_03_dik_profil.030
00:30:04 | INFO: Primitives created: 1
00:30:04 | INFO: Extracting primitive: M3_03_dik_profil.031
00:30:04 | INFO: Primitives created: 1
00:30:04 | INFO: Extracting primitive: M3_03_dik_profil.032
00:30:04 | INFO: Primitives created: 1
00:30:04 | INFO: Extracting primitive: M3_03_dik_profil.033
00:30:04 | INFO: Primitives created: 1
00:30:04 | INFO: Extracting primitive: M3_03_dik_profil.034
00:30:04 | INFO: Primitives created: 1
00:30:04 | INFO: Extracting primitive: M3_03_dik_profil.035
00:30:04 | INFO: Primitives created: 1
00:30:04 | INFO: Extracting primitive: M3_03_dik_profil.036
00:30:04 | INFO: Primitives created: 1
00:30:04 | INFO: Extracting primitive: M3_03_dik_profil.037
00:30:04 | INFO: Primitives created: 1
00:30:04 | INFO: Extracting primitive: M3_03_dik_profil.038
00:30:04 | INFO: Primitives created: 1
00:30:04 | INFO: Extracting primitive: M3_03_dik_profil.039
00:30:04 | INFO: Primitives created: 1
00:30:04 | INFO: Extracting primitive: M3_03_dik_profil.040
00:30:04 | INFO: Primitives created: 1
00:30:04 | INFO: Extracting primitive: M3_03_dik_profil.041
00:30:04 | INFO: Primitives created: 1
00:30:04 | INFO: Extracting primitive: M3_03_dik_profil.042
00:30:04 | INFO: Primitives created: 1
00:30:04 | INFO: Extracting primitive: M3_03_dik_profil.043
00:30:04 | INFO: Primitives created: 1
00:30:04 | INFO: Extracting primitive: M3_03_dik_profil.044
00:30:04 | INFO: Primitives created: 1
00:30:04 | INFO: Extracting primitive: M3_03_dik_profil.045
00:30:04 | INFO: Primitives created: 1
00:30:04 | INFO: Extracting primitive: M3_03_dik_profil.046
00:30:04 | INFO: Primitives created: 1
00:30:04 | INFO: Extracting primitive: M3_03_dik_profil.047
00:30:04 | INFO: Primitives created: 1
00:30:04 | INFO: Extracting primitive: M3_03_esik_doseme.001
00:30:04 | INFO: Primitives created: 1
00:30:04 | INFO: Extracting primitive: M3_03_gobek.012
00:30:04 | INFO: Primitives created: 1
00:30:04 | INFO: Extracting primitive: M3_03_gobek.013
00:30:04 | INFO: Primitives created: 1
00:30:04 | INFO: Extracting primitive: M3_03_gobek.014
00:30:04 | INFO: Primitives created: 1
00:30:04 | INFO: Extracting primitive: M3_03_gobek.015
00:30:04 | INFO: Primitives created: 1
00:30:04 | INFO: Extracting primitive: M3_03_gobek.016
00:30:04 | INFO: Primitives created: 1
00:30:04 | INFO: Extracting primitive: M3_03_gobek.017
00:30:04 | INFO: Primitives created: 1
00:30:04 | INFO: Extracting primitive: M3_03_gobek.018
00:30:04 | INFO: Primitives created: 1
00:30:04 | INFO: Extracting primitive: M3_03_gobek.019
00:30:04 | INFO: Primitives created: 1
00:30:04 | INFO: Extracting primitive: M3_03_gobek.020
00:30:04 | INFO: Primitives created: 1
00:30:04 | INFO: Extracting primitive: M3_03_gobek.021
00:30:04 | INFO: Primitives created: 1
00:30:04 | INFO: Extracting primitive: M3_03_gobek.022
00:30:04 | INFO: Primitives created: 1
00:30:04 | INFO: Extracting primitive: M3_03_gobek.023
00:30:04 | INFO: Primitives created: 1
00:30:04 | INFO: Extracting primitive: M3_03_kanat.001
00:30:04 | INFO: Primitives created: 1
00:30:04 | INFO: Extracting primitive: M3_03_kasa.002
00:30:04 | INFO: Primitives created: 1
00:30:04 | INFO: Extracting primitive: M3_03_kasa.003
00:30:04 | INFO: Primitives created: 1
00:30:04 | INFO: Extracting primitive: M3_03_mentese
00:30:04 | INFO: Primitives created: 1
00:30:04 | INFO: Extracting primitive: M3_03_mentese.001
00:30:04 | INFO: Primitives created: 1
00:30:04 | INFO: Extracting primitive: M3_03_mentese.002
00:30:04 | INFO: Primitives created: 1
00:30:04 | INFO: Extracting primitive: M3_03_pervaz.004
00:30:04 | INFO: Primitives created: 1
00:30:04 | INFO: Extracting primitive: M3_03_pervaz.005
00:30:04 | INFO: Primitives created: 1
00:30:04 | INFO: Extracting primitive: M3_03_pervaz.006
00:30:04 | INFO: Primitives created: 1
00:30:04 | INFO: Extracting primitive: M3_03_pervaz.007
00:30:04 | INFO: Primitives created: 1
00:30:04 | INFO: Extracting primitive: Sphere.011
00:30:04 | INFO: Primitives created: 1
00:30:04 | INFO: Extracting primitive: Sphere.012
00:30:04 | INFO: Primitives created: 1
00:30:04 | INFO: Extracting primitive: M3_03_topuz_mili
00:30:04 | INFO: Primitives created: 1
00:30:04 | INFO: Extracting primitive: M3_03_topuz_mili.001
00:30:04 | INFO: Primitives created: 1
00:30:04 | INFO: Extracting primitive: M3_03_ust_kasa.001
00:30:04 | INFO: Primitives created: 1
00:30:04 | INFO: Extracting primitive: M3_03_ust_pervaz.002
00:30:04 | INFO: Primitives created: 1
00:30:04 | INFO: Extracting primitive: M3_03_ust_pervaz.003
00:30:04 | INFO: Primitives created: 1
00:30:04 | INFO: Extracting primitive: M3_03_yatay_profil.024
00:30:04 | INFO: Primitives created: 1
00:30:04 | INFO: Extracting primitive: M3_03_yatay_profil.025
00:30:04 | INFO: Primitives created: 1
00:30:04 | INFO: Extracting primitive: M3_03_yatay_profil.026
00:30:04 | INFO: Primitives created: 1
00:30:04 | INFO: Extracting primitive: M3_03_yatay_profil.027
00:30:04 | INFO: Primitives created: 1
00:30:04 | INFO: Extracting primitive: M3_03_yatay_profil.028
00:30:04 | INFO: Primitives created: 1
00:30:04 | INFO: Extracting primitive: M3_03_yatay_profil.029
00:30:04 | INFO: Primitives created: 1
00:30:04 | INFO: Extracting primitive: M3_03_yatay_profil.030
00:30:04 | INFO: Primitives created: 1
00:30:04 | INFO: Extracting primitive: M3_03_yatay_profil.031
00:30:04 | INFO: Primitives created: 1
00:30:04 | INFO: Extracting primitive: M3_03_yatay_profil.032
00:30:04 | INFO: Primitives created: 1
00:30:04 | INFO: Extracting primitive: M3_03_yatay_profil.033
00:30:04 | INFO: Primitives created: 1
00:30:04 | INFO: Extracting primitive: M3_03_yatay_profil.034
00:30:04 | INFO: Primitives created: 1
00:30:04 | INFO: Extracting primitive: M3_03_yatay_profil.035
00:30:04 | INFO: Primitives created: 1
00:30:04 | INFO: Extracting primitive: M3_03_yatay_profil.036
00:30:04 | INFO: Primitives created: 1
00:30:04 | INFO: Extracting primitive: M3_03_yatay_profil.037
00:30:04 | INFO: Primitives created: 1
00:30:04 | INFO: Extracting primitive: M3_03_yatay_profil.038
00:30:04 | INFO: Primitives created: 1
00:30:04 | INFO: Extracting primitive: M3_03_yatay_profil.039
00:30:04 | INFO: Primitives created: 1
00:30:04 | INFO: Extracting primitive: M3_03_yatay_profil.040
00:30:04 | INFO: Primitives created: 1
00:30:04 | INFO: Extracting primitive: M3_03_yatay_profil.041
00:30:04 | INFO: Primitives created: 1
00:30:04 | INFO: Extracting primitive: M3_03_yatay_profil.042
00:30:04 | INFO: Primitives created: 1
00:30:04 | INFO: Extracting primitive: M3_03_yatay_profil.043
00:30:04 | INFO: Primitives created: 1
00:30:04 | INFO: Extracting primitive: M3_03_yatay_profil.044
00:30:04 | INFO: Primitives created: 1
00:30:04 | INFO: Extracting primitive: M3_03_yatay_profil.045
00:30:04 | INFO: Primitives created: 1
00:30:04 | INFO: Extracting primitive: M3_03_yatay_profil.046
00:30:04 | INFO: Primitives created: 1
00:30:04 | INFO: Extracting primitive: M3_03_yatay_profil.047
00:30:04 | INFO: Primitives created: 1
00:30:04 | INFO: Extracting primitive: M3_04_dik_profil.024
00:30:04 | INFO: Primitives created: 1
00:30:04 | INFO: Extracting primitive: M3_04_dik_profil.025
00:30:04 | INFO: Primitives created: 1
00:30:04 | INFO: Extracting primitive: M3_04_dik_profil.026
00:30:04 | INFO: Primitives created: 1
00:30:04 | INFO: Extracting primitive: M3_04_dik_profil.027
00:30:04 | INFO: Primitives created: 1
00:30:04 | INFO: Extracting primitive: M3_04_dik_profil.028
00:30:04 | INFO: Primitives created: 1
00:30:04 | INFO: Extracting primitive: M3_04_dik_profil.029
00:30:04 | INFO: Primitives created: 1
00:30:04 | INFO: Extracting primitive: M3_04_dik_profil.030
00:30:04 | INFO: Primitives created: 1
00:30:04 | INFO: Extracting primitive: M3_04_dik_profil.031
00:30:04 | INFO: Primitives created: 1
00:30:04 | INFO: Extracting primitive: M3_04_dik_profil.032
00:30:04 | INFO: Primitives created: 1
00:30:04 | INFO: Extracting primitive: M3_04_dik_profil.033
00:30:04 | INFO: Primitives created: 1
00:30:04 | INFO: Extracting primitive: M3_04_dik_profil.034
00:30:04 | INFO: Primitives created: 1
00:30:04 | INFO: Extracting primitive: M3_04_dik_profil.035
00:30:04 | INFO: Primitives created: 1
00:30:04 | INFO: Extracting primitive: M3_04_dik_profil.036
00:30:04 | INFO: Primitives created: 1
00:30:04 | INFO: Extracting primitive: M3_04_dik_profil.037
00:30:04 | INFO: Primitives created: 1
00:30:04 | INFO: Extracting primitive: M3_04_dik_profil.038
00:30:04 | INFO: Primitives created: 1
00:30:04 | INFO: Extracting primitive: M3_04_dik_profil.039
00:30:04 | INFO: Primitives created: 1
00:30:04 | INFO: Extracting primitive: M3_04_dik_profil.040
00:30:04 | INFO: Primitives created: 1
00:30:04 | INFO: Extracting primitive: M3_04_dik_profil.041
00:30:04 | INFO: Primitives created: 1
00:30:04 | INFO: Extracting primitive: M3_04_dik_profil.042
00:30:04 | INFO: Primitives created: 1
00:30:04 | INFO: Extracting primitive: M3_04_dik_profil.043
00:30:04 | INFO: Primitives created: 1
00:30:04 | INFO: Extracting primitive: M3_04_dik_profil.044
00:30:04 | INFO: Primitives created: 1
00:30:04 | INFO: Extracting primitive: M3_04_dik_profil.045
00:30:04 | INFO: Primitives created: 1
00:30:04 | INFO: Extracting primitive: M3_04_dik_profil.046
00:30:04 | INFO: Primitives created: 1
00:30:04 | INFO: Extracting primitive: M3_04_dik_profil.047
00:30:04 | INFO: Primitives created: 1
00:30:04 | INFO: Extracting primitive: M3_04_gobek.012
00:30:04 | INFO: Primitives created: 1
00:30:04 | INFO: Extracting primitive: M3_04_gobek.013
00:30:04 | INFO: Primitives created: 1
00:30:04 | INFO: Extracting primitive: M3_04_gobek.014
00:30:04 | INFO: Primitives created: 1
00:30:04 | INFO: Extracting primitive: M3_04_gobek.015
00:30:04 | INFO: Primitives created: 1
00:30:04 | INFO: Extracting primitive: M3_04_gobek.016
00:30:04 | INFO: Primitives created: 1
00:30:04 | INFO: Extracting primitive: M3_04_gobek.017
00:30:04 | INFO: Primitives created: 1
00:30:04 | INFO: Extracting primitive: M3_04_gobek.018
00:30:04 | INFO: Primitives created: 1
00:30:04 | INFO: Extracting primitive: M3_04_gobek.019
00:30:04 | INFO: Primitives created: 1
00:30:04 | INFO: Extracting primitive: M3_04_gobek.020
00:30:04 | INFO: Primitives created: 1
00:30:04 | INFO: Extracting primitive: M3_04_gobek.021
00:30:04 | INFO: Primitives created: 1
00:30:04 | INFO: Extracting primitive: M3_04_gobek.022
00:30:04 | INFO: Primitives created: 1
00:30:04 | INFO: Extracting primitive: M3_04_gobek.023
00:30:04 | INFO: Primitives created: 1
00:30:04 | INFO: Extracting primitive: M3_04_kanat.001
00:30:04 | INFO: Primitives created: 1
00:30:04 | INFO: Extracting primitive: M3_04_kasa.002
00:30:04 | INFO: Primitives created: 1
00:30:04 | INFO: Extracting primitive: M3_04_kasa.003
00:30:04 | INFO: Primitives created: 1
00:30:04 | INFO: Extracting primitive: M3_04_mentese
00:30:04 | INFO: Primitives created: 1
00:30:04 | INFO: Extracting primitive: M3_04_mentese.001
00:30:04 | INFO: Primitives created: 1
00:30:04 | INFO: Extracting primitive: M3_04_mentese.002
00:30:04 | INFO: Primitives created: 1
00:30:04 | INFO: Extracting primitive: M3_04_pervaz.004
00:30:04 | INFO: Primitives created: 1
00:30:04 | INFO: Extracting primitive: M3_04_pervaz.005
00:30:04 | INFO: Primitives created: 1
00:30:04 | INFO: Extracting primitive: M3_04_pervaz.006
00:30:04 | INFO: Primitives created: 1
00:30:04 | INFO: Extracting primitive: M3_04_pervaz.007
00:30:04 | INFO: Primitives created: 1
00:30:04 | INFO: Extracting primitive: Sphere.013
00:30:04 | INFO: Primitives created: 1
00:30:04 | INFO: Extracting primitive: Sphere.014
00:30:04 | INFO: Primitives created: 1
00:30:04 | INFO: Extracting primitive: M3_04_topuz_mili
00:30:04 | INFO: Primitives created: 1
00:30:04 | INFO: Extracting primitive: M3_04_topuz_mili.001
00:30:04 | INFO: Primitives created: 1
00:30:04 | INFO: Extracting primitive: M3_04_ust_kasa.001
00:30:04 | INFO: Primitives created: 1
00:30:04 | INFO: Extracting primitive: M3_04_ust_pervaz.002
00:30:04 | INFO: Primitives created: 1
00:30:04 | INFO: Extracting primitive: M3_04_ust_pervaz.003
00:30:04 | INFO: Primitives created: 1
00:30:04 | INFO: Extracting primitive: M3_04_yatay_profil.024
00:30:04 | INFO: Primitives created: 1
00:30:04 | INFO: Extracting primitive: M3_04_yatay_profil.025
00:30:04 | INFO: Primitives created: 1
00:30:04 | INFO: Extracting primitive: M3_04_yatay_profil.026
00:30:04 | INFO: Primitives created: 1
00:30:04 | INFO: Extracting primitive: M3_04_yatay_profil.027
00:30:04 | INFO: Primitives created: 1
00:30:04 | INFO: Extracting primitive: M3_04_yatay_profil.028
00:30:04 | INFO: Primitives created: 1
00:30:04 | INFO: Extracting primitive: M3_04_yatay_profil.029
00:30:04 | INFO: Primitives created: 1
00:30:04 | INFO: Extracting primitive: M3_04_yatay_profil.030
00:30:04 | INFO: Primitives created: 1
00:30:04 | INFO: Extracting primitive: M3_04_yatay_profil.031
00:30:04 | INFO: Primitives created: 1
00:30:04 | INFO: Extracting primitive: M3_04_yatay_profil.032
00:30:04 | INFO: Primitives created: 1
00:30:04 | INFO: Extracting primitive: M3_04_yatay_profil.033
00:30:04 | INFO: Primitives created: 1
00:30:04 | INFO: Extracting primitive: M3_04_yatay_profil.034
00:30:04 | INFO: Primitives created: 1
00:30:04 | INFO: Extracting primitive: M3_04_yatay_profil.035
00:30:04 | INFO: Primitives created: 1
00:30:04 | INFO: Extracting primitive: M3_04_yatay_profil.036
00:30:04 | INFO: Primitives created: 1
00:30:04 | INFO: Extracting primitive: M3_04_yatay_profil.037
00:30:04 | INFO: Primitives created: 1
00:30:04 | INFO: Extracting primitive: M3_04_yatay_profil.038
00:30:04 | INFO: Primitives created: 1
00:30:04 | INFO: Extracting primitive: M3_04_yatay_profil.039
00:30:04 | INFO: Primitives created: 1
00:30:04 | INFO: Extracting primitive: M3_04_yatay_profil.040
00:30:04 | INFO: Primitives created: 1
00:30:04 | INFO: Extracting primitive: M3_04_yatay_profil.041
00:30:04 | INFO: Primitives created: 1
00:30:04 | INFO: Extracting primitive: M3_04_yatay_profil.042
00:30:04 | INFO: Primitives created: 1
00:30:04 | INFO: Extracting primitive: M3_04_yatay_profil.043
00:30:04 | INFO: Primitives created: 1
00:30:04 | INFO: Extracting primitive: M3_04_yatay_profil.044
00:30:04 | INFO: Primitives created: 1
00:30:04 | INFO: Extracting primitive: M3_04_yatay_profil.045
00:30:04 | INFO: Primitives created: 1
00:30:04 | INFO: Extracting primitive: M3_04_yatay_profil.046
00:30:04 | INFO: Primitives created: 1
00:30:04 | INFO: Extracting primitive: M3_04_yatay_profil.047
00:30:04 | INFO: Primitives created: 1
00:30:04 | INFO: Extracting primitive: M3_05_dik_profil.024
00:30:04 | INFO: Primitives created: 1
00:30:04 | INFO: Extracting primitive: M3_05_dik_profil.025
00:30:04 | INFO: Primitives created: 1
00:30:04 | INFO: Extracting primitive: M3_05_dik_profil.026
00:30:04 | INFO: Primitives created: 1
00:30:04 | INFO: Extracting primitive: M3_05_dik_profil.027
00:30:04 | INFO: Primitives created: 1
00:30:04 | INFO: Extracting primitive: M3_05_dik_profil.028
00:30:04 | INFO: Primitives created: 1
00:30:04 | INFO: Extracting primitive: M3_05_dik_profil.029
00:30:04 | INFO: Primitives created: 1
00:30:04 | INFO: Extracting primitive: M3_05_dik_profil.030
00:30:04 | INFO: Primitives created: 1
00:30:04 | INFO: Extracting primitive: M3_05_dik_profil.031
00:30:04 | INFO: Primitives created: 1
00:30:04 | INFO: Extracting primitive: M3_05_dik_profil.032
00:30:04 | INFO: Primitives created: 1
00:30:04 | INFO: Extracting primitive: M3_05_dik_profil.033
00:30:04 | INFO: Primitives created: 1
00:30:04 | INFO: Extracting primitive: M3_05_dik_profil.034
00:30:04 | INFO: Primitives created: 1
00:30:04 | INFO: Extracting primitive: M3_05_dik_profil.035
00:30:04 | INFO: Primitives created: 1
00:30:04 | INFO: Extracting primitive: M3_05_dik_profil.036
00:30:04 | INFO: Primitives created: 1
00:30:04 | INFO: Extracting primitive: M3_05_dik_profil.037
00:30:04 | INFO: Primitives created: 1
00:30:04 | INFO: Extracting primitive: M3_05_dik_profil.038
00:30:04 | INFO: Primitives created: 1
00:30:04 | INFO: Extracting primitive: M3_05_dik_profil.039
00:30:04 | INFO: Primitives created: 1
00:30:04 | INFO: Extracting primitive: M3_05_dik_profil.040
00:30:04 | INFO: Primitives created: 1
00:30:04 | INFO: Extracting primitive: M3_05_dik_profil.041
00:30:04 | INFO: Primitives created: 1
00:30:04 | INFO: Extracting primitive: M3_05_dik_profil.042
00:30:04 | INFO: Primitives created: 1
00:30:04 | INFO: Extracting primitive: M3_05_dik_profil.043
00:30:04 | INFO: Primitives created: 1
00:30:04 | INFO: Extracting primitive: M3_05_dik_profil.044
00:30:04 | INFO: Primitives created: 1
00:30:04 | INFO: Extracting primitive: M3_05_dik_profil.045
00:30:04 | INFO: Primitives created: 1
00:30:04 | INFO: Extracting primitive: M3_05_dik_profil.046
00:30:04 | INFO: Primitives created: 1
00:30:04 | INFO: Extracting primitive: M3_05_dik_profil.047
00:30:04 | INFO: Primitives created: 1
00:30:04 | INFO: Extracting primitive: M3_05_gobek.012
00:30:04 | INFO: Primitives created: 1
00:30:04 | INFO: Extracting primitive: M3_05_gobek.013
00:30:04 | INFO: Primitives created: 1
00:30:04 | INFO: Extracting primitive: M3_05_gobek.014
00:30:04 | INFO: Primitives created: 1
00:30:04 | INFO: Extracting primitive: M3_05_gobek.015
00:30:04 | INFO: Primitives created: 1
00:30:04 | INFO: Extracting primitive: M3_05_gobek.016
00:30:04 | INFO: Primitives created: 1
00:30:04 | INFO: Extracting primitive: M3_05_gobek.017
00:30:04 | INFO: Primitives created: 1
00:30:04 | INFO: Extracting primitive: M3_05_gobek.018
00:30:04 | INFO: Primitives created: 1
00:30:04 | INFO: Extracting primitive: M3_05_gobek.019
00:30:04 | INFO: Primitives created: 1
00:30:04 | INFO: Extracting primitive: M3_05_gobek.020
00:30:04 | INFO: Primitives created: 1
00:30:04 | INFO: Extracting primitive: M3_05_gobek.021
00:30:04 | INFO: Primitives created: 1
00:30:04 | INFO: Extracting primitive: M3_05_gobek.022
00:30:04 | INFO: Primitives created: 1
00:30:04 | INFO: Extracting primitive: M3_05_gobek.023
00:30:04 | INFO: Primitives created: 1
00:30:04 | INFO: Extracting primitive: M3_05_kanat.001
00:30:04 | INFO: Primitives created: 1
00:30:04 | INFO: Extracting primitive: M3_05_kasa.002
00:30:04 | INFO: Primitives created: 1
00:30:04 | INFO: Extracting primitive: M3_05_kasa.003
00:30:04 | INFO: Primitives created: 1
00:30:04 | INFO: Extracting primitive: M3_05_kulp
00:30:04 | INFO: Primitives created: 1
00:30:04 | INFO: Extracting primitive: M3_05_kulp.001
00:30:04 | INFO: Primitives created: 1
00:30:04 | INFO: Extracting primitive: M3_05_mentese
00:30:04 | INFO: Primitives created: 1
00:30:04 | INFO: Extracting primitive: M3_05_mentese.001
00:30:04 | INFO: Primitives created: 1
00:30:04 | INFO: Extracting primitive: M3_05_mentese.002
00:30:04 | INFO: Primitives created: 1
00:30:04 | INFO: Extracting primitive: M3_05_pervaz.004
00:30:04 | INFO: Primitives created: 1
00:30:04 | INFO: Extracting primitive: M3_05_pervaz.005
00:30:04 | INFO: Primitives created: 1
00:30:04 | INFO: Extracting primitive: M3_05_pervaz.006
00:30:04 | INFO: Primitives created: 1
00:30:04 | INFO: Extracting primitive: M3_05_pervaz.007
00:30:04 | INFO: Primitives created: 1
00:30:04 | INFO: Extracting primitive: M3_05_ust_kasa.001
00:30:04 | INFO: Primitives created: 1
00:30:04 | INFO: Extracting primitive: M3_05_ust_pervaz.002
00:30:04 | INFO: Primitives created: 1
00:30:04 | INFO: Extracting primitive: M3_05_ust_pervaz.003
00:30:04 | INFO: Primitives created: 1
00:30:04 | INFO: Extracting primitive: M3_05_yatay_profil.024
00:30:04 | INFO: Primitives created: 1
00:30:04 | INFO: Extracting primitive: M3_05_yatay_profil.025
00:30:04 | INFO: Primitives created: 1
00:30:04 | INFO: Extracting primitive: M3_05_yatay_profil.026
00:30:04 | INFO: Primitives created: 1
00:30:04 | INFO: Extracting primitive: M3_05_yatay_profil.027
00:30:04 | INFO: Primitives created: 1
00:30:04 | INFO: Extracting primitive: M3_05_yatay_profil.028
00:30:04 | INFO: Primitives created: 1
00:30:04 | INFO: Extracting primitive: M3_05_yatay_profil.029
00:30:04 | INFO: Primitives created: 1
00:30:04 | INFO: Extracting primitive: M3_05_yatay_profil.030
00:30:04 | INFO: Primitives created: 1
00:30:04 | INFO: Extracting primitive: M3_05_yatay_profil.031
00:30:04 | INFO: Primitives created: 1
00:30:04 | INFO: Extracting primitive: M3_05_yatay_profil.032
00:30:04 | INFO: Primitives created: 1
00:30:04 | INFO: Extracting primitive: M3_05_yatay_profil.033
00:30:04 | INFO: Primitives created: 1
00:30:04 | INFO: Extracting primitive: M3_05_yatay_profil.034
00:30:04 | INFO: Primitives created: 1
00:30:04 | INFO: Extracting primitive: M3_05_yatay_profil.035
00:30:04 | INFO: Primitives created: 1
00:30:04 | INFO: Extracting primitive: M3_05_yatay_profil.036
00:30:04 | INFO: Primitives created: 1
00:30:04 | INFO: Extracting primitive: M3_05_yatay_profil.037
00:30:04 | INFO: Primitives created: 1
00:30:04 | INFO: Extracting primitive: M3_05_yatay_profil.038
00:30:04 | INFO: Primitives created: 1
00:30:04 | INFO: Extracting primitive: M3_05_yatay_profil.039
00:30:04 | INFO: Primitives created: 1
00:30:04 | INFO: Extracting primitive: M3_05_yatay_profil.040
00:30:04 | INFO: Primitives created: 1
00:30:04 | INFO: Extracting primitive: M3_05_yatay_profil.041
00:30:04 | INFO: Primitives created: 1
00:30:04 | INFO: Extracting primitive: M3_05_yatay_profil.042
00:30:04 | INFO: Primitives created: 1
00:30:04 | INFO: Extracting primitive: M3_05_yatay_profil.043
00:30:04 | INFO: Primitives created: 1
00:30:04 | INFO: Extracting primitive: M3_05_yatay_profil.044
00:30:04 | INFO: Primitives created: 1
00:30:04 | INFO: Extracting primitive: M3_05_yatay_profil.045
00:30:04 | INFO: Primitives created: 1
00:30:04 | INFO: Extracting primitive: M3_05_yatay_profil.046
00:30:04 | INFO: Primitives created: 1
00:30:04 | INFO: Extracting primitive: M3_05_yatay_profil.047
00:30:04 | INFO: Primitives created: 1
00:30:04 | INFO: Extracting primitive: M3_06_dik_profil.024
00:30:04 | INFO: Primitives created: 1
00:30:04 | INFO: Extracting primitive: M3_06_dik_profil.025
00:30:04 | INFO: Primitives created: 1
00:30:04 | INFO: Extracting primitive: M3_06_dik_profil.026
00:30:04 | INFO: Primitives created: 1
00:30:04 | INFO: Extracting primitive: M3_06_dik_profil.027
00:30:04 | INFO: Primitives created: 1
00:30:04 | INFO: Extracting primitive: M3_06_dik_profil.028
00:30:04 | INFO: Primitives created: 1
00:30:04 | INFO: Extracting primitive: M3_06_dik_profil.029
00:30:04 | INFO: Primitives created: 1
00:30:04 | INFO: Extracting primitive: M3_06_dik_profil.030
00:30:04 | INFO: Primitives created: 1
00:30:04 | INFO: Extracting primitive: M3_06_dik_profil.031
00:30:04 | INFO: Primitives created: 1
00:30:04 | INFO: Extracting primitive: M3_06_dik_profil.032
00:30:04 | INFO: Primitives created: 1
00:30:04 | INFO: Extracting primitive: M3_06_dik_profil.033
00:30:04 | INFO: Primitives created: 1
00:30:04 | INFO: Extracting primitive: M3_06_dik_profil.034
00:30:04 | INFO: Primitives created: 1
00:30:04 | INFO: Extracting primitive: M3_06_dik_profil.035
00:30:04 | INFO: Primitives created: 1
00:30:04 | INFO: Extracting primitive: M3_06_dik_profil.036
00:30:04 | INFO: Primitives created: 1
00:30:04 | INFO: Extracting primitive: M3_06_dik_profil.037
00:30:04 | INFO: Primitives created: 1
00:30:04 | INFO: Extracting primitive: M3_06_dik_profil.038
00:30:04 | INFO: Primitives created: 1
00:30:04 | INFO: Extracting primitive: M3_06_dik_profil.039
00:30:04 | INFO: Primitives created: 1
00:30:04 | INFO: Extracting primitive: M3_06_dik_profil.040
00:30:04 | INFO: Primitives created: 1
00:30:04 | INFO: Extracting primitive: M3_06_dik_profil.041
00:30:04 | INFO: Primitives created: 1
00:30:04 | INFO: Extracting primitive: M3_06_dik_profil.042
00:30:04 | INFO: Primitives created: 1
00:30:04 | INFO: Extracting primitive: M3_06_dik_profil.043
00:30:04 | INFO: Primitives created: 1
00:30:04 | INFO: Extracting primitive: M3_06_dik_profil.044
00:30:04 | INFO: Primitives created: 1
00:30:04 | INFO: Extracting primitive: M3_06_dik_profil.045
00:30:04 | INFO: Primitives created: 1
00:30:04 | INFO: Extracting primitive: M3_06_dik_profil.046
00:30:04 | INFO: Primitives created: 1
00:30:04 | INFO: Extracting primitive: M3_06_dik_profil.047
00:30:04 | INFO: Primitives created: 1
00:30:04 | INFO: Extracting primitive: M3_06_gobek.012
00:30:04 | INFO: Primitives created: 1
00:30:04 | INFO: Extracting primitive: M3_06_gobek.013
00:30:04 | INFO: Primitives created: 1
00:30:04 | INFO: Extracting primitive: M3_06_gobek.014
00:30:04 | INFO: Primitives created: 1
00:30:04 | INFO: Extracting primitive: M3_06_gobek.015
00:30:04 | INFO: Primitives created: 1
00:30:04 | INFO: Extracting primitive: M3_06_gobek.016
00:30:04 | INFO: Primitives created: 1
00:30:04 | INFO: Extracting primitive: M3_06_gobek.017
00:30:04 | INFO: Primitives created: 1
00:30:04 | INFO: Extracting primitive: M3_06_gobek.018
00:30:04 | INFO: Primitives created: 1
00:30:04 | INFO: Extracting primitive: M3_06_gobek.019
00:30:04 | INFO: Primitives created: 1
00:30:04 | INFO: Extracting primitive: M3_06_gobek.020
00:30:04 | INFO: Primitives created: 1
00:30:04 | INFO: Extracting primitive: M3_06_gobek.021
00:30:04 | INFO: Primitives created: 1
00:30:04 | INFO: Extracting primitive: M3_06_gobek.022
00:30:04 | INFO: Primitives created: 1
00:30:04 | INFO: Extracting primitive: M3_06_gobek.023
00:30:04 | INFO: Primitives created: 1
00:30:04 | INFO: Extracting primitive: M3_06_kanat.001
00:30:04 | INFO: Primitives created: 1
00:30:04 | INFO: Extracting primitive: M3_06_kasa.002
00:30:04 | INFO: Primitives created: 1
00:30:04 | INFO: Extracting primitive: M3_06_kasa.003
00:30:04 | INFO: Primitives created: 1
00:30:04 | INFO: Extracting primitive: M3_06_mentese
00:30:04 | INFO: Primitives created: 1
00:30:04 | INFO: Extracting primitive: M3_06_mentese.001
00:30:04 | INFO: Primitives created: 1
00:30:04 | INFO: Extracting primitive: M3_06_mentese.002
00:30:04 | INFO: Primitives created: 1
00:30:04 | INFO: Extracting primitive: M3_06_pervaz.004
00:30:04 | INFO: Primitives created: 1
00:30:04 | INFO: Extracting primitive: M3_06_pervaz.005
00:30:04 | INFO: Primitives created: 1
00:30:04 | INFO: Extracting primitive: M3_06_pervaz.006
00:30:04 | INFO: Primitives created: 1
00:30:04 | INFO: Extracting primitive: M3_06_pervaz.007
00:30:04 | INFO: Primitives created: 1
00:30:04 | INFO: Extracting primitive: Sphere.015
00:30:04 | INFO: Primitives created: 1
00:30:04 | INFO: Extracting primitive: Sphere.016
00:30:04 | INFO: Primitives created: 1
00:30:04 | INFO: Extracting primitive: M3_06_topuz_mili
00:30:04 | INFO: Primitives created: 1
00:30:04 | INFO: Extracting primitive: M3_06_topuz_mili.001
00:30:04 | INFO: Primitives created: 1
00:30:04 | INFO: Extracting primitive: M3_06_ust_kasa.001
00:30:04 | INFO: Primitives created: 1
00:30:04 | INFO: Extracting primitive: M3_06_ust_pervaz.002
00:30:04 | INFO: Primitives created: 1
00:30:04 | INFO: Extracting primitive: M3_06_ust_pervaz.003
00:30:04 | INFO: Primitives created: 1
00:30:04 | INFO: Extracting primitive: M3_06_yatay_profil.024
00:30:04 | INFO: Primitives created: 1
00:30:04 | INFO: Extracting primitive: M3_06_yatay_profil.025
00:30:04 | INFO: Primitives created: 1
00:30:04 | INFO: Extracting primitive: M3_06_yatay_profil.026
00:30:04 | INFO: Primitives created: 1
00:30:04 | INFO: Extracting primitive: M3_06_yatay_profil.027
00:30:04 | INFO: Primitives created: 1
00:30:04 | INFO: Extracting primitive: M3_06_yatay_profil.028
00:30:04 | INFO: Primitives created: 1
00:30:04 | INFO: Extracting primitive: M3_06_yatay_profil.029
00:30:04 | INFO: Primitives created: 1
00:30:04 | INFO: Extracting primitive: M3_06_yatay_profil.030
00:30:04 | INFO: Primitives created: 1
00:30:04 | INFO: Extracting primitive: M3_06_yatay_profil.031
00:30:04 | INFO: Primitives created: 1
00:30:04 | INFO: Extracting primitive: M3_06_yatay_profil.032
00:30:04 | INFO: Primitives created: 1
00:30:04 | INFO: Extracting primitive: M3_06_yatay_profil.033
00:30:04 | INFO: Primitives created: 1
00:30:04 | INFO: Extracting primitive: M3_06_yatay_profil.034
00:30:04 | INFO: Primitives created: 1
00:30:04 | INFO: Extracting primitive: M3_06_yatay_profil.035
00:30:04 | INFO: Primitives created: 1
00:30:04 | INFO: Extracting primitive: M3_06_yatay_profil.036
00:30:04 | INFO: Primitives created: 1
00:30:04 | INFO: Extracting primitive: M3_06_yatay_profil.037
00:30:04 | INFO: Primitives created: 1
00:30:04 | INFO: Extracting primitive: M3_06_yatay_profil.038
00:30:04 | INFO: Primitives created: 1
00:30:04 | INFO: Extracting primitive: M3_06_yatay_profil.039
00:30:04 | INFO: Primitives created: 1
00:30:04 | INFO: Extracting primitive: M3_06_yatay_profil.040
00:30:04 | INFO: Primitives created: 1
00:30:04 | INFO: Extracting primitive: M3_06_yatay_profil.041
00:30:04 | INFO: Primitives created: 1
00:30:04 | INFO: Extracting primitive: M3_06_yatay_profil.042
00:30:04 | INFO: Primitives created: 1
00:30:04 | INFO: Extracting primitive: M3_06_yatay_profil.043
00:30:04 | INFO: Primitives created: 1
00:30:04 | INFO: Extracting primitive: M3_06_yatay_profil.044
00:30:04 | INFO: Primitives created: 1
00:30:04 | INFO: Extracting primitive: M3_06_yatay_profil.045
00:30:04 | INFO: Primitives created: 1
00:30:04 | INFO: Extracting primitive: M3_06_yatay_profil.046
00:30:04 | INFO: Primitives created: 1
00:30:04 | INFO: Extracting primitive: M3_06_yatay_profil.047
00:30:04 | INFO: Primitives created: 1
00:30:04 | INFO: Extracting primitive: M3_07_dik_profil.024
00:30:04 | INFO: Primitives created: 1
00:30:04 | INFO: Extracting primitive: M3_07_dik_profil.025
00:30:04 | INFO: Primitives created: 1
00:30:04 | INFO: Extracting primitive: M3_07_dik_profil.026
00:30:04 | INFO: Primitives created: 1
00:30:04 | INFO: Extracting primitive: M3_07_dik_profil.027
00:30:04 | INFO: Primitives created: 1
00:30:04 | INFO: Extracting primitive: M3_07_dik_profil.028
00:30:04 | INFO: Primitives created: 1
00:30:04 | INFO: Extracting primitive: M3_07_dik_profil.029
00:30:04 | INFO: Primitives created: 1
00:30:04 | INFO: Extracting primitive: M3_07_dik_profil.030
00:30:04 | INFO: Primitives created: 1
00:30:04 | INFO: Extracting primitive: M3_07_dik_profil.031
00:30:04 | INFO: Primitives created: 1
00:30:04 | INFO: Extracting primitive: M3_07_dik_profil.032
00:30:04 | INFO: Primitives created: 1
00:30:04 | INFO: Extracting primitive: M3_07_dik_profil.033
00:30:04 | INFO: Primitives created: 1
00:30:04 | INFO: Extracting primitive: M3_07_dik_profil.034
00:30:04 | INFO: Primitives created: 1
00:30:04 | INFO: Extracting primitive: M3_07_dik_profil.035
00:30:04 | INFO: Primitives created: 1
00:30:04 | INFO: Extracting primitive: M3_07_dik_profil.036
00:30:04 | INFO: Primitives created: 1
00:30:04 | INFO: Extracting primitive: M3_07_dik_profil.037
00:30:04 | INFO: Primitives created: 1
00:30:04 | INFO: Extracting primitive: M3_07_dik_profil.038
00:30:04 | INFO: Primitives created: 1
00:30:04 | INFO: Extracting primitive: M3_07_dik_profil.039
00:30:04 | INFO: Primitives created: 1
00:30:04 | INFO: Extracting primitive: M3_07_dik_profil.040
00:30:04 | INFO: Primitives created: 1
00:30:04 | INFO: Extracting primitive: M3_07_dik_profil.041
00:30:04 | INFO: Primitives created: 1
00:30:04 | INFO: Extracting primitive: M3_07_dik_profil.042
00:30:04 | INFO: Primitives created: 1
00:30:04 | INFO: Extracting primitive: M3_07_dik_profil.043
00:30:04 | INFO: Primitives created: 1
00:30:04 | INFO: Extracting primitive: M3_07_dik_profil.044
00:30:04 | INFO: Primitives created: 1
00:30:04 | INFO: Extracting primitive: M3_07_dik_profil.045
00:30:04 | INFO: Primitives created: 1
00:30:04 | INFO: Extracting primitive: M3_07_dik_profil.046
00:30:04 | INFO: Primitives created: 1
00:30:04 | INFO: Extracting primitive: M3_07_dik_profil.047
00:30:04 | INFO: Primitives created: 1
00:30:04 | INFO: Extracting primitive: M3_07_gobek.012
00:30:04 | INFO: Primitives created: 1
00:30:04 | INFO: Extracting primitive: M3_07_gobek.013
00:30:04 | INFO: Primitives created: 1
00:30:04 | INFO: Extracting primitive: M3_07_gobek.014
00:30:04 | INFO: Primitives created: 1
00:30:04 | INFO: Extracting primitive: M3_07_gobek.015
00:30:04 | INFO: Primitives created: 1
00:30:04 | INFO: Extracting primitive: M3_07_gobek.016
00:30:04 | INFO: Primitives created: 1
00:30:04 | INFO: Extracting primitive: M3_07_gobek.017
00:30:04 | INFO: Primitives created: 1
00:30:04 | INFO: Extracting primitive: M3_07_gobek.018
00:30:04 | INFO: Primitives created: 1
00:30:04 | INFO: Extracting primitive: M3_07_gobek.019
00:30:04 | INFO: Primitives created: 1
00:30:04 | INFO: Extracting primitive: M3_07_gobek.020
00:30:04 | INFO: Primitives created: 1
00:30:04 | INFO: Extracting primitive: M3_07_gobek.021
00:30:04 | INFO: Primitives created: 1
00:30:04 | INFO: Extracting primitive: M3_07_gobek.022
00:30:04 | INFO: Primitives created: 1
00:30:04 | INFO: Extracting primitive: M3_07_gobek.023
00:30:04 | INFO: Primitives created: 1
00:30:04 | INFO: Extracting primitive: M3_07_kanat.001
00:30:04 | INFO: Primitives created: 1
00:30:04 | INFO: Extracting primitive: M3_07_kasa.002
00:30:04 | INFO: Primitives created: 1
00:30:04 | INFO: Extracting primitive: M3_07_kasa.003
00:30:04 | INFO: Primitives created: 1
00:30:04 | INFO: Extracting primitive: M3_07_mentese
00:30:04 | INFO: Primitives created: 1
00:30:04 | INFO: Extracting primitive: M3_07_mentese.001
00:30:04 | INFO: Primitives created: 1
00:30:04 | INFO: Extracting primitive: M3_07_mentese.002
00:30:04 | INFO: Primitives created: 1
00:30:04 | INFO: Extracting primitive: M3_07_pervaz.004
00:30:04 | INFO: Primitives created: 1
00:30:04 | INFO: Extracting primitive: M3_07_pervaz.005
00:30:04 | INFO: Primitives created: 1
00:30:04 | INFO: Extracting primitive: M3_07_pervaz.006
00:30:04 | INFO: Primitives created: 1
00:30:04 | INFO: Extracting primitive: M3_07_pervaz.007
00:30:04 | INFO: Primitives created: 1
00:30:04 | INFO: Extracting primitive: Sphere.017
00:30:04 | INFO: Primitives created: 1
00:30:04 | INFO: Extracting primitive: Sphere.018
00:30:04 | INFO: Primitives created: 1
00:30:04 | INFO: Extracting primitive: M3_07_topuz_mili
00:30:04 | INFO: Primitives created: 1
00:30:04 | INFO: Extracting primitive: M3_07_topuz_mili.001
00:30:04 | INFO: Primitives created: 1
00:30:04 | INFO: Extracting primitive: M3_07_ust_kasa.001
00:30:04 | INFO: Primitives created: 1
00:30:04 | INFO: Extracting primitive: M3_07_ust_pervaz.002
00:30:04 | INFO: Primitives created: 1
00:30:04 | INFO: Extracting primitive: M3_07_ust_pervaz.003
00:30:04 | INFO: Primitives created: 1
00:30:04 | INFO: Extracting primitive: M3_07_yatay_profil.024
00:30:04 | INFO: Primitives created: 1
00:30:04 | INFO: Extracting primitive: M3_07_yatay_profil.025
00:30:04 | INFO: Primitives created: 1
00:30:04 | INFO: Extracting primitive: M3_07_yatay_profil.026
00:30:04 | INFO: Primitives created: 1
00:30:04 | INFO: Extracting primitive: M3_07_yatay_profil.027
00:30:04 | INFO: Primitives created: 1
00:30:04 | INFO: Extracting primitive: M3_07_yatay_profil.028
00:30:04 | INFO: Primitives created: 1
00:30:04 | INFO: Extracting primitive: M3_07_yatay_profil.029
00:30:04 | INFO: Primitives created: 1
00:30:04 | INFO: Extracting primitive: M3_07_yatay_profil.030
00:30:04 | INFO: Primitives created: 1
00:30:04 | INFO: Extracting primitive: M3_07_yatay_profil.031
00:30:04 | INFO: Primitives created: 1
00:30:04 | INFO: Extracting primitive: M3_07_yatay_profil.032
00:30:04 | INFO: Primitives created: 1
00:30:04 | INFO: Extracting primitive: M3_07_yatay_profil.033
00:30:04 | INFO: Primitives created: 1
00:30:04 | INFO: Extracting primitive: M3_07_yatay_profil.034
00:30:04 | INFO: Primitives created: 1
00:30:04 | INFO: Extracting primitive: M3_07_yatay_profil.035
00:30:04 | INFO: Primitives created: 1
00:30:04 | INFO: Extracting primitive: M3_07_yatay_profil.036
00:30:04 | INFO: Primitives created: 1
00:30:04 | INFO: Extracting primitive: M3_07_yatay_profil.037
00:30:04 | INFO: Primitives created: 1
00:30:04 | INFO: Extracting primitive: M3_07_yatay_profil.038
00:30:04 | INFO: Primitives created: 1
00:30:04 | INFO: Extracting primitive: M3_07_yatay_profil.039
00:30:04 | INFO: Primitives created: 1
00:30:04 | INFO: Extracting primitive: M3_07_yatay_profil.040
00:30:04 | INFO: Primitives created: 1
00:30:04 | INFO: Extracting primitive: M3_07_yatay_profil.041
00:30:04 | INFO: Primitives created: 1
00:30:04 | INFO: Extracting primitive: M3_07_yatay_profil.042
00:30:04 | INFO: Primitives created: 1
00:30:04 | INFO: Extracting primitive: M3_07_yatay_profil.043
00:30:04 | INFO: Primitives created: 1
00:30:04 | INFO: Extracting primitive: M3_07_yatay_profil.044
00:30:04 | INFO: Primitives created: 1
00:30:04 | INFO: Extracting primitive: M3_07_yatay_profil.045
00:30:04 | INFO: Primitives created: 1
00:30:04 | INFO: Extracting primitive: M3_07_yatay_profil.046
00:30:04 | INFO: Primitives created: 1
00:30:04 | INFO: Extracting primitive: M3_07_yatay_profil.047
00:30:04 | INFO: Primitives created: 1
00:30:04 | INFO: Extracting primitive: M3_08_dik_profil.024
00:30:04 | INFO: Primitives created: 1
00:30:04 | INFO: Extracting primitive: M3_08_dik_profil.025
00:30:04 | INFO: Primitives created: 1
00:30:04 | INFO: Extracting primitive: M3_08_dik_profil.026
00:30:04 | INFO: Primitives created: 1
00:30:04 | INFO: Extracting primitive: M3_08_dik_profil.027
00:30:04 | INFO: Primitives created: 1
00:30:04 | INFO: Extracting primitive: M3_08_dik_profil.028
00:30:04 | INFO: Primitives created: 1
00:30:04 | INFO: Extracting primitive: M3_08_dik_profil.029
00:30:04 | INFO: Primitives created: 1
00:30:04 | INFO: Extracting primitive: M3_08_dik_profil.030
00:30:04 | INFO: Primitives created: 1
00:30:04 | INFO: Extracting primitive: M3_08_dik_profil.031
00:30:04 | INFO: Primitives created: 1
00:30:04 | INFO: Extracting primitive: M3_08_dik_profil.032
00:30:04 | INFO: Primitives created: 1
00:30:04 | INFO: Extracting primitive: M3_08_dik_profil.033
00:30:04 | INFO: Primitives created: 1
00:30:04 | INFO: Extracting primitive: M3_08_dik_profil.034
00:30:04 | INFO: Primitives created: 1
00:30:04 | INFO: Extracting primitive: M3_08_dik_profil.035
00:30:04 | INFO: Primitives created: 1
00:30:04 | INFO: Extracting primitive: M3_08_dik_profil.036
00:30:04 | INFO: Primitives created: 1
00:30:04 | INFO: Extracting primitive: M3_08_dik_profil.037
00:30:04 | INFO: Primitives created: 1
00:30:04 | INFO: Extracting primitive: M3_08_dik_profil.038
00:30:04 | INFO: Primitives created: 1
00:30:04 | INFO: Extracting primitive: M3_08_dik_profil.039
00:30:04 | INFO: Primitives created: 1
00:30:04 | INFO: Extracting primitive: M3_08_dik_profil.040
00:30:04 | INFO: Primitives created: 1
00:30:04 | INFO: Extracting primitive: M3_08_dik_profil.041
00:30:04 | INFO: Primitives created: 1
00:30:04 | INFO: Extracting primitive: M3_08_dik_profil.042
00:30:04 | INFO: Primitives created: 1
00:30:04 | INFO: Extracting primitive: M3_08_dik_profil.043
00:30:04 | INFO: Primitives created: 1
00:30:04 | INFO: Extracting primitive: M3_08_dik_profil.044
00:30:04 | INFO: Primitives created: 1
00:30:04 | INFO: Extracting primitive: M3_08_dik_profil.045
00:30:04 | INFO: Primitives created: 1
00:30:04 | INFO: Extracting primitive: M3_08_dik_profil.046
00:30:04 | INFO: Primitives created: 1
00:30:04 | INFO: Extracting primitive: M3_08_dik_profil.047
00:30:04 | INFO: Primitives created: 1
00:30:04 | INFO: Extracting primitive: M3_08_gobek.012
00:30:04 | INFO: Primitives created: 1
00:30:04 | INFO: Extracting primitive: M3_08_gobek.013
00:30:04 | INFO: Primitives created: 1
00:30:04 | INFO: Extracting primitive: M3_08_gobek.014
00:30:04 | INFO: Primitives created: 1
00:30:04 | INFO: Extracting primitive: M3_08_gobek.015
00:30:04 | INFO: Primitives created: 1
00:30:04 | INFO: Extracting primitive: M3_08_gobek.016
00:30:04 | INFO: Primitives created: 1
00:30:04 | INFO: Extracting primitive: M3_08_gobek.017
00:30:04 | INFO: Primitives created: 1
00:30:04 | INFO: Extracting primitive: M3_08_gobek.018
00:30:04 | INFO: Primitives created: 1
00:30:04 | INFO: Extracting primitive: M3_08_gobek.019
00:30:04 | INFO: Primitives created: 1
00:30:04 | INFO: Extracting primitive: M3_08_gobek.020
00:30:04 | INFO: Primitives created: 1
00:30:04 | INFO: Extracting primitive: M3_08_gobek.021
00:30:04 | INFO: Primitives created: 1
00:30:04 | INFO: Extracting primitive: M3_08_gobek.022
00:30:04 | INFO: Primitives created: 1
00:30:04 | INFO: Extracting primitive: M3_08_gobek.023
00:30:04 | INFO: Primitives created: 1
00:30:04 | INFO: Extracting primitive: M3_08_kanat.001
00:30:04 | INFO: Primitives created: 1
00:30:04 | INFO: Extracting primitive: M3_08_kasa.002
00:30:04 | INFO: Primitives created: 1
00:30:04 | INFO: Extracting primitive: M3_08_kasa.003
00:30:04 | INFO: Primitives created: 1
00:30:04 | INFO: Extracting primitive: M3_08_mentese
00:30:04 | INFO: Primitives created: 1
00:30:04 | INFO: Extracting primitive: M3_08_mentese.001
00:30:04 | INFO: Primitives created: 1
00:30:04 | INFO: Extracting primitive: M3_08_mentese.002
00:30:04 | INFO: Primitives created: 1
00:30:04 | INFO: Extracting primitive: M3_08_pervaz.004
00:30:04 | INFO: Primitives created: 1
00:30:04 | INFO: Extracting primitive: M3_08_pervaz.005
00:30:04 | INFO: Primitives created: 1
00:30:04 | INFO: Extracting primitive: M3_08_pervaz.006
00:30:04 | INFO: Primitives created: 1
00:30:04 | INFO: Extracting primitive: M3_08_pervaz.007
00:30:04 | INFO: Primitives created: 1
00:30:04 | INFO: Extracting primitive: Sphere.019
00:30:04 | INFO: Primitives created: 1
00:30:04 | INFO: Extracting primitive: Sphere.020
00:30:04 | INFO: Primitives created: 1
00:30:04 | INFO: Extracting primitive: M3_08_topuz_mili
00:30:04 | INFO: Primitives created: 1
00:30:04 | INFO: Extracting primitive: M3_08_topuz_mili.001
00:30:04 | INFO: Primitives created: 1
00:30:04 | INFO: Extracting primitive: M3_08_ust_kasa.001
00:30:04 | INFO: Primitives created: 1
00:30:04 | INFO: Extracting primitive: M3_08_ust_pervaz.002
00:30:04 | INFO: Primitives created: 1
00:30:04 | INFO: Extracting primitive: M3_08_ust_pervaz.003
00:30:04 | INFO: Primitives created: 1
00:30:04 | INFO: Extracting primitive: M3_08_yatay_profil.024
00:30:04 | INFO: Primitives created: 1
00:30:04 | INFO: Extracting primitive: M3_08_yatay_profil.025
00:30:04 | INFO: Primitives created: 1
00:30:04 | INFO: Extracting primitive: M3_08_yatay_profil.026
00:30:04 | INFO: Primitives created: 1
00:30:04 | INFO: Extracting primitive: M3_08_yatay_profil.027
00:30:04 | INFO: Primitives created: 1
00:30:04 | INFO: Extracting primitive: M3_08_yatay_profil.028
00:30:04 | INFO: Primitives created: 1
00:30:04 | INFO: Extracting primitive: M3_08_yatay_profil.029
00:30:04 | INFO: Primitives created: 1
00:30:04 | INFO: Extracting primitive: M3_08_yatay_profil.030
00:30:04 | INFO: Primitives created: 1
00:30:04 | INFO: Extracting primitive: M3_08_yatay_profil.031
00:30:04 | INFO: Primitives created: 1
00:30:04 | INFO: Extracting primitive: M3_08_yatay_profil.032
00:30:04 | INFO: Primitives created: 1
00:30:04 | INFO: Extracting primitive: M3_08_yatay_profil.033
00:30:04 | INFO: Primitives created: 1
00:30:04 | INFO: Extracting primitive: M3_08_yatay_profil.034
00:30:04 | INFO: Primitives created: 1
00:30:04 | INFO: Extracting primitive: M3_08_yatay_profil.035
00:30:04 | INFO: Primitives created: 1
00:30:04 | INFO: Extracting primitive: M3_08_yatay_profil.036
00:30:04 | INFO: Primitives created: 1
00:30:04 | INFO: Extracting primitive: M3_08_yatay_profil.037
00:30:04 | INFO: Primitives created: 1
00:30:04 | INFO: Extracting primitive: M3_08_yatay_profil.038
00:30:04 | INFO: Primitives created: 1
00:30:04 | INFO: Extracting primitive: M3_08_yatay_profil.039
00:30:04 | INFO: Primitives created: 1
00:30:04 | INFO: Extracting primitive: M3_08_yatay_profil.040
00:30:04 | INFO: Primitives created: 1
00:30:04 | INFO: Extracting primitive: M3_08_yatay_profil.041
00:30:04 | INFO: Primitives created: 1
00:30:04 | INFO: Extracting primitive: M3_08_yatay_profil.042
00:30:04 | INFO: Primitives created: 1
00:30:04 | INFO: Extracting primitive: M3_08_yatay_profil.043
00:30:04 | INFO: Primitives created: 1
00:30:04 | INFO: Extracting primitive: M3_08_yatay_profil.044
00:30:04 | INFO: Primitives created: 1
00:30:04 | INFO: Extracting primitive: M3_08_yatay_profil.045
00:30:04 | INFO: Primitives created: 1
00:30:04 | INFO: Extracting primitive: M3_08_yatay_profil.046
00:30:04 | INFO: Primitives created: 1
00:30:04 | INFO: Extracting primitive: M3_08_yatay_profil.047
00:30:04 | INFO: Primitives created: 1
00:30:04 | INFO: Extracting primitive: M3C_kapi_ustu
00:30:04 | INFO: Primitives created: 1
00:30:04 | INFO: Extracting primitive: M3C_sag_yan
00:30:04 | INFO: Primitives created: 1
00:30:04 | INFO: Extracting primitive: M3C_sol_yan
00:30:04 | INFO: Primitives created: 1
00:30:04 | INFO: Extracting primitive: Mesh_15183.100
00:30:04 | INFO: Primitives created: 1
00:30:04 | INFO: Extracting primitive: Mesh_15183.108
00:30:04 | INFO: Primitives created: 1
00:30:04 | INFO: Extracting primitive: Mesh_15183.109
00:30:05 | INFO: Primitives created: 1
00:30:05 | INFO: Extracting primitive: Mesh_97
00:30:05 | INFO: Primitives created: 2
00:30:05 | INFO: Extracting primitive: WEB_MESH_ceiling [imported].001_cati
00:30:05 | INFO: Primitives created: 1
00:30:05 | INFO: Extracting primitive: WEB_MESH_ceiling [imported].001_kat1
00:30:05 | INFO: Primitives created: 1
00:30:05 | INFO: Extracting primitive: WEB_MESH_Clay tile 6 [imported]_cati
00:30:05 | WARNING: More than one shader node tex image used for a texture. The resulting glTF sampler will behave like the first shader node tex image.
00:30:05 | INFO: Primitives created: 1
00:30:05 | INFO: Extracting primitive: WEB_MESH_Clay tile 6 [imported]_kat1
00:30:05 | INFO: Primitives created: 1
00:30:05 | INFO: Extracting primitive: WEB_MESH_Cube_cati
00:30:05 | INFO: Primitives created: 1
00:30:05 | INFO: Extracting primitive: WEB_MESH_Cube_kat1
00:30:05 | INFO: Primitives created: 1
00:30:05 | INFO: Extracting primitive: WEB_MESH_Cube.001_cati
00:30:06 | INFO: Primitives created: 2
00:30:06 | INFO: Extracting primitive: WEB_MESH_Cube.001_kat1
00:30:06 | INFO: Primitives created: 1
00:30:06 | INFO: Extracting primitive: WEB_MESH_glass_cati
00:30:06 | INFO: Primitives created: 1
00:30:06 | INFO: Extracting primitive: WEB_MESH_glass_kat1
00:30:06 | INFO: Primitives created: 1
00:30:06 | INFO: Extracting primitive: WEB_MESH_gravel [imported].001_cati
00:30:06 | WARNING: More than one shader node tex image used for a texture. The resulting glTF sampler will behave like the first shader node tex image.
00:30:06 | INFO: Primitives created: 1
00:30:06 | INFO: Extracting primitive: WEB_MESH_interior.002_cati
00:30:06 | WARNING: WEB_MESH_interior.002_cati: Could not calculate tangents. Please try to triangulate the mesh first.
00:30:06 | INFO: Primitives created: 1
00:30:06 | INFO: Extracting primitive: WEB_MESH_interior.002_kat1
00:30:06 | WARNING: WEB_MESH_interior.002_kat1: Could not calculate tangents. Please try to triangulate the mesh first.
00:30:06 | INFO: Primitives created: 1
00:30:06 | INFO: Extracting primitive: WEB_MESH_Lift brushed patterned stainless_kat1
00:30:06 | INFO: Primitives created: 1
00:30:06 | INFO: Extracting primitive: WEB_MESH_Lift | Photographed walnut door finish (4).001_kat1
00:30:06 | INFO: Primitives created: 1
00:30:06 | INFO: Extracting primitive: WEB_MESH_metal (5)_cati
00:30:06 | INFO: Primitives created: 1
00:30:06 | INFO: Extracting primitive: WEB_MESH_metal (5)_kat1
00:30:07 | INFO: Primitives created: 1
00:30:07 | INFO: Extracting primitive: WEB_MESH_R31 | R33 attic cream tile_cati
00:30:07 | INFO: Primitives created: 1
00:30:07 | INFO: Extracting primitive: WEB_MESH_R31 | R33 attic cream tile_kat1
00:30:07 | INFO: Primitives created: 1
00:30:07 | INFO: Extracting primitive: WEB_MESH_R31 | R33 ivory wall ceramic_cati
00:30:07 | INFO: Primitives created: 1
00:30:07 | INFO: Extracting primitive: WEB_MESH_roof.003_cati
00:30:07 | INFO: Primitives created: 1
00:30:07 | INFO: Extracting primitive: WEB_MESH_roof.003_kat1
00:30:07 | INFO: Primitives created: 1
00:30:07 | INFO: Extracting primitive: WEB_MESH_stucco [imported]_cati
00:30:07 | INFO: Primitives created: 1
00:30:07 | INFO: Extracting primitive: WEB_MESH_stucco [imported]_kat1
00:30:07 | INFO: Primitives created: 1
00:30:07 | INFO: Extracting primitive: WEB_MESH_wood_dark (4)_cati
00:30:08 | INFO: Primitives created: 2
00:30:08 | INFO: Extracting primitive: WEB_MESH_wood_dark (4)_kat1
00:30:08 | INFO: Primitives created: 2
00:30:08 | INFO: Extracting primitive: WEB_MESH_wood_floor_cati
00:30:08 | INFO: Primitives created: 1
00:30:08 | INFO: Extracting primitive: WEB_MESH_wood_floor_kat1
00:30:08 | INFO: Primitives created: 2
00:30:08 | INFO: Extracting primitive: WEB_MESH_wood_floor.001_cati
00:30:08 | INFO: Primitives created: 2
00:30:08 | INFO: Extracting primitive: WEB_MESH_wood_floor.001_kat1
00:30:08 | INFO: Primitives created: 2
00:30:09 | INFO: Finished glTF 2.0 export in 7.409057378768921 s

Warning: WEB_MESH_interior.002_cati: Could not calculate tangents. Please try to triangulate the mesh first.
Warning: WEB_MESH_interior.002_kat1: Could not calculate tangents. Please try to triangulate the mesh first.
[web] SPLIT BUILDING-opt-v6-ust.glb 85475732
Blender 5.2.1 LTS (hash 9e2066aef7ef built 2026-08-25 02:38:20)

Blender quit
